sid,tid,tix,bid,bix,study_task,current_task,study_phase,key_assignment,prime_identity,prime_part_of_speech,prime_valence,prime_color,target_identity,target_part_of_speech,target_valence,target_color,target_onset,response,response_time,error,response_window_start,response_window_end,n_target
113,1,1,1,1,part_of_speech_classification,part_of_speech_classification,acquisition,noun_left,XVVX,,,black,einfall,noun,positive,black,0.9169,noun,2.2755,0,0.41,0.54,41
113,2,2,1,1,part_of_speech_classification,part_of_speech_classification,acquisition,noun_left,XVVX,,,black,spaß,noun,positive,black,0.8804,noun,3.1075,0,0.41,0.54,41
113,3,3,1,1,part_of_speech_classification,part_of_speech_classification,acquisition,noun_left,MQQM,,,black,gütig,adjective,positive,black,0.8804,adjective,1.021,0,0.41,0.54,41
113,4,4,1,1,part_of_speech_classification,part_of_speech_classification,acquisition,noun_left,MQQM,,,black,ehrlich,adjective,positive,black,0.8805,adjective,1.1905,0,0.41,0.54,41
113,5,5,1,1,part_of_speech_classification,part_of_speech_classification,acquisition,noun_left,ZYYZ,,,black,schleim,noun,negative,black,0.8804,noun,0.959,0,0.41,0.54,41
113,6,6,1,1,part_of_speech_classification,part_of_speech_classification,acquisition,noun_left,ZYYZ,,,black,leiche,noun,negative,black,0.8804,adjective,0.7374,1,0.41,0.54,41
113,7,7,1,1,part_of_speech_classification,part_of_speech_classification,acquisition,noun_left,MQQM,,,black,gütig,adjective,positive,black,0.8805,adjective,1.7205,0,0.41,0.54,41
113,8,8,1,1,part_of_speech_classification,part_of_speech_classification,acquisition,noun_left,MQQM,,,black,lustig,adjective,positive,black,0.8807,adjective,0.8479,0,0.41,0.54,41
113,9,9,1,1,part_of_speech_classification,part_of_speech_classification,acquisition,noun_left,MQQM,,,black,ehrlich,adjective,positive,black,0.8805,adjective,0.8411,0,0.41,0.54,41
113,10,10,1,1,part_of_speech_classification,part_of_speech_classification,acquisition,noun_left,WJJW,,,black,eitel,adjective,negative,black,0.8804,adjective,0.8068,0,0.41,0.54,41
113,11,11,1,1,part_of_speech_classification,part_of_speech_classification,acquisition,noun_left,WJJW,,,black,schlecht,adjective,negative,black,0.8804,adjective,0.6084,0,0.41,0.54,41
113,12,12,1,1,part_of_speech_classification,part_of_speech_classification,acquisition,noun_left,ZYYZ,,,black,gift,noun,negative,black,0.8804,noun,0.952,0,0.41,0.54,41
113,13,13,1,1,part_of_speech_classification,part_of_speech_classification,acquisition,noun_left,XVVX,,,black,liebe,noun,positive,black,0.8804,noun,1.1024,0,0.41,0.54,41
113,14,14,1,1,part_of_speech_classification,part_of_speech_classification,acquisition,noun_left,XVVX,,,black,glück,noun,positive,black,0.8805,noun,0.7076,0,0.41,0.54,41
113,15,15,1,1,part_of_speech_classification,part_of_speech_classification,acquisition,noun_left,WJJW,,,black,gierig,adjective,negative,black,0.8804,adjective,0.7694,0,0.41,0.54,41
113,16,16,1,1,part_of_speech_classification,part_of_speech_classification,acquisition,noun_left,WJJW,,,black,gierig,adjective,negative,black,0.8805,adjective,0.9449,0,0.41,0.54,41
113,17,17,1,1,part_of_speech_classification,part_of_speech_classification,acquisition,noun_left,ZYYZ,,,black,gift,noun,negative,black,0.8805,noun,0.8966,0,0.41,0.54,41
113,18,18,1,1,part_of_speech_classification,part_of_speech_classification,acquisition,noun_left,WJJW,,,black,launisch,adjective,negative,black,0.8804,adjective,0.9203,0,0.41,0.54,41
113,19,19,1,1,part_of_speech_classification,part_of_speech_classification,acquisition,noun_left,XVVX,,,black,glück,noun,positive,black,0.8805,noun,0.7616,0,0.41,0.54,41
113,20,20,1,1,part_of_speech_classification,part_of_speech_classification,acquisition,noun_left,MQQM,,,black,schön,adjective,positive,black,0.8805,adjective,0.7353,0,0.41,0.54,41
113,21,21,1,1,part_of_speech_classification,part_of_speech_classification,acquisition,noun_left,ZYYZ,,,black,entführung,noun,negative,black,0.8804,noun,1.4415,0,0.41,0.54,41
113,22,22,1,1,part_of_speech_classification,part_of_speech_classification,acquisition,noun_left,ZYYZ,,,black,entführung,noun,negative,black,0.8804,noun,0.6647,0,0.41,0.54,41
113,23,23,1,1,part_of_speech_classification,part_of_speech_classification,acquisition,noun_left,XVVX,,,black,einfall,noun,positive,black,0.8804,noun,0.6814,0,0.41,0.54,41
113,24,24,1,1,part_of_speech_classification,part_of_speech_classification,acquisition,noun_left,WJJW,,,black,eitel,adjective,negative,black,0.8804,adjective,1.2648,0,0.41,0.54,41
113,25,1,2,2,part_of_speech_classification,part_of_speech_classification,acquisition,noun_left,MQQM,,,black,gütig,adjective,positive,black,0.883,adjective,1.1738,0,0.41,0.54,41
113,26,2,2,2,part_of_speech_classification,part_of_speech_classification,acquisition,noun_left,MQQM,,,black,gütig,adjective,positive,black,0.8804,adjective,0.4641,0,0.41,0.54,41
113,27,3,2,2,part_of_speech_classification,part_of_speech_classification,acquisition,noun_left,XVVX,,,black,glück,noun,positive,black,0.8805,noun,0.5734,0,0.41,0.54,41
113,28,4,2,2,part_of_speech_classification,part_of_speech_classification,acquisition,noun_left,XVVX,,,black,spaß,noun,positive,black,0.8805,noun,0.6311,0,0.41,0.54,41
113,29,5,2,2,part_of_speech_classification,part_of_speech_classification,acquisition,noun_left,WJJW,,,black,launisch,adjective,negative,black,0.8804,adjective,0.5677,0,0.41,0.54,41
113,30,6,2,2,part_of_speech_classification,part_of_speech_classification,acquisition,noun_left,XVVX,,,black,glück,noun,positive,black,0.8805,noun,0.4152,0,0.41,0.54,41
113,31,7,2,2,part_of_speech_classification,part_of_speech_classification,acquisition,noun_left,ZYYZ,,,black,gift,noun,negative,black,0.8804,noun,0.5533,0,0.41,0.54,41
113,32,8,2,2,part_of_speech_classification,part_of_speech_classification,acquisition,noun_left,XVVX,,,black,einfall,noun,positive,black,0.8806,adjective,0.3837,1,0.41,0.54,41
113,33,9,2,2,part_of_speech_classification,part_of_speech_classification,acquisition,noun_left,WJJW,,,black,gierig,adjective,negative,black,0.8804,adjective,0.5358,0,0.41,0.54,41
113,34,10,2,2,part_of_speech_classification,part_of_speech_classification,acquisition,noun_left,MQQM,,,black,ehrlich,adjective,positive,black,0.8805,adjective,0.4332,0,0.41,0.54,41
113,35,11,2,2,part_of_speech_classification,part_of_speech_classification,acquisition,noun_left,ZYYZ,,,black,gift,noun,negative,black,0.8804,noun,0.3495,0,0.41,0.54,41
113,36,12,2,2,part_of_speech_classification,part_of_speech_classification,acquisition,noun_left,WJJW,,,black,eitel,adjective,negative,black,0.8804,adjective,0.8046,0,0.41,0.54,41
113,37,13,2,2,part_of_speech_classification,part_of_speech_classification,acquisition,noun_left,WJJW,,,black,schlecht,adjective,negative,black,0.8805,noun,7.1556,1,0.41,0.54,41
113,38,14,2,2,part_of_speech_classification,part_of_speech_classification,acquisition,noun_left,MQQM,,,black,lustig,adjective,positive,black,0.8804,adjective,0.6019,0,0.41,0.54,41
113,39,15,2,2,part_of_speech_classification,part_of_speech_classification,acquisition,noun_left,MQQM,,,black,schön,adjective,positive,black,0.8804,noun,0.5384,1,0.41,0.54,41
113,40,16,2,2,part_of_speech_classification,part_of_speech_classification,acquisition,noun_left,MQQM,,,black,ehrlich,adjective,positive,black,0.8804,adjective,0.5454,0,0.41,0.54,41
113,41,17,2,2,part_of_speech_classification,part_of_speech_classification,acquisition,noun_left,ZYYZ,,,black,entführung,noun,negative,black,0.8805,noun,0.3344,0,0.41,0.54,41
113,42,18,2,2,part_of_speech_classification,part_of_speech_classification,acquisition,noun_left,WJJW,,,black,eitel,adjective,negative,black,0.8804,adjective,0.7217,0,0.41,0.54,41
113,43,19,2,2,part_of_speech_classification,part_of_speech_classification,acquisition,noun_left,WJJW,,,black,gierig,adjective,negative,black,0.8804,adjective,0.6726,0,0.41,0.54,41
113,44,20,2,2,part_of_speech_classification,part_of_speech_classification,acquisition,noun_left,XVVX,,,black,liebe,noun,positive,black,0.8805,noun,0.4455,0,0.41,0.54,41
113,45,21,2,2,part_of_speech_classification,part_of_speech_classification,acquisition,noun_left,ZYYZ,,,black,schleim,noun,negative,black,0.8808,adjective,0.5888,1,0.41,0.54,41
113,46,22,2,2,part_of_speech_classification,part_of_speech_classification,acquisition,noun_left,ZYYZ,,,black,leiche,noun,negative,black,0.8804,noun,0.4705,0,0.41,0.54,41
113,47,23,2,2,part_of_speech_classification,part_of_speech_classification,acquisition,noun_left,XVVX,,,black,einfall,noun,positive,black,0.8805,noun,0.4654,0,0.41,0.54,41
113,48,24,2,2,part_of_speech_classification,part_of_speech_classification,acquisition,noun_left,ZYYZ,,,black,entführung,noun,negative,black,0.8805,noun,0.4868,0,0.41,0.54,41
113,49,1,3,3,part_of_speech_classification,part_of_speech_classification,acquisition,noun_left,ZYYZ,,,black,leiche,noun,negative,black,0.8805,noun,0.4273,0,0.39,0.52,39
113,50,2,3,3,part_of_speech_classification,part_of_speech_classification,acquisition,noun_left,ZYYZ,,,black,entführung,noun,negative,black,0.8804,noun,0.4031,0,0.39,0.52,39
113,51,3,3,3,part_of_speech_classification,part_of_speech_classification,acquisition,noun_left,XVVX,,,black,liebe,noun,positive,black,0.8804,noun,0.4183,0,0.39,0.52,39
113,52,4,3,3,part_of_speech_classification,part_of_speech_classification,acquisition,noun_left,WJJW,,,black,launisch,adjective,negative,black,0.8805,adjective,0.4732,0,0.39,0.52,39
113,53,5,3,3,part_of_speech_classification,part_of_speech_classification,acquisition,noun_left,WJJW,,,black,launisch,adjective,negative,black,0.8805,adjective,0.4053,0,0.39,0.52,39
113,54,6,3,3,part_of_speech_classification,part_of_speech_classification,acquisition,noun_left,WJJW,,,black,schlecht,adjective,negative,black,0.8805,adjective,0.3352,0,0.39,0.52,39
113,54,6,3,3,part_of_speech_classification,part_of_speech_classification,acquisition,noun_left,WJJW,,,black,schlecht,adjective,negative,black,0.8805,adjective,0.4076,0,0.39,0.52,39
113,55,7,3,3,part_of_speech_classification,part_of_speech_classification,acquisition,noun_left,MQQM,,,black,lustig,adjective,positive,black,0.8804,adjective,0.4301,0,0.39,0.52,39
113,56,8,3,3,part_of_speech_classification,part_of_speech_classification,acquisition,noun_left,XVVX,,,black,einfall,noun,positive,black,0.8806,adjective,0.3876,1,0.39,0.52,39
113,57,9,3,3,part_of_speech_classification,part_of_speech_classification,acquisition,noun_left,ZYYZ,,,black,leiche,noun,negative,black,0.8804,noun,0.4255,0,0.39,0.52,39
113,58,10,3,3,part_of_speech_classification,part_of_speech_classification,acquisition,noun_left,ZYYZ,,,black,schleim,noun,negative,black,0.8809,adjective,0.4256,1,0.39,0.52,39
113,59,11,3,3,part_of_speech_classification,part_of_speech_classification,acquisition,noun_left,XVVX,,,black,einfall,noun,positive,black,0.8805,noun,0.3556,0,0.39,0.52,39
113,60,12,3,3,part_of_speech_classification,part_of_speech_classification,acquisition,noun_left,XVVX,,,black,liebe,noun,positive,black,0.8807,noun,0.4358,0,0.39,0.52,39
113,61,13,3,3,part_of_speech_classification,part_of_speech_classification,acquisition,noun_left,XVVX,,,black,glück,noun,positive,black,0.8805,noun,0.5265,0,0.39,0.52,39
113,62,14,3,3,part_of_speech_classification,part_of_speech_classification,acquisition,noun_left,WJJW,,,black,schlecht,adjective,negative,black,0.881,adjective,0.4062,0,0.39,0.52,39
113,63,15,3,3,part_of_speech_classification,part_of_speech_classification,acquisition,noun_left,XVVX,,,black,spaß,noun,positive,black,0.8805,adjective,0.3978,1,0.39,0.52,39
113,64,16,3,3,part_of_speech_classification,part_of_speech_classification,acquisition,noun_left,WJJW,,,black,eitel,adjective,negative,black,0.8805,noun,0.4395,1,0.39,0.52,39
113,65,17,3,3,part_of_speech_classification,part_of_speech_classification,acquisition,noun_left,XVVX,,,black,spaß,noun,positive,black,0.8804,adjective,0.5314,1,0.39,0.52,39
113,66,18,3,3,part_of_speech_classification,part_of_speech_classification,acquisition,noun_left,MQQM,,,black,schön,adjective,positive,black,0.8804,adjective,0.7022,0,0.39,0.52,39
113,67,19,3,3,part_of_speech_classification,part_of_speech_classification,acquisition,noun_left,WJJW,,,black,gierig,adjective,negative,black,0.8805,adjective,0.4357,0,0.39,0.52,39
113,68,20,3,3,part_of_speech_classification,part_of_speech_classification,acquisition,noun_left,WJJW,,,black,schlecht,adjective,negative,black,0.8805,adjective,0.4155,0,0.39,0.52,39
113,69,21,3,3,part_of_speech_classification,part_of_speech_classification,acquisition,noun_left,ZYYZ,,,black,gift,noun,negative,black,0.8804,noun,0.4558,0,0.39,0.52,39
113,70,22,3,3,part_of_speech_classification,part_of_speech_classification,acquisition,noun_left,XVVX,,,black,glück,noun,positive,black,0.8805,noun,0.4662,0,0.39,0.52,39
113,71,23,3,3,part_of_speech_classification,part_of_speech_classification,acquisition,noun_left,WJJW,,,black,eitel,adjective,negative,black,0.8804,noun,0.2796,1,0.39,0.52,39
113,72,24,3,3,part_of_speech_classification,part_of_speech_classification,acquisition,noun_left,XVVX,,,black,liebe,noun,positive,black,0.8805,noun,0.4971,0,0.39,0.52,39
113,73,25,3,3,part_of_speech_classification,part_of_speech_classification,acquisition,noun_left,MQQM,,,black,ehrlich,adjective,positive,black,0.8805,noun,0.4184,1,0.39,0.52,39
113,74,26,3,3,part_of_speech_classification,part_of_speech_classification,acquisition,noun_left,MQQM,,,black,ehrlich,adjective,positive,black,0.8804,noun,0.4659,1,0.39,0.52,39
113,75,27,3,3,part_of_speech_classification,part_of_speech_classification,acquisition,noun_left,MQQM,,,black,ehrlich,adjective,positive,black,0.8804,adjective,0.5004,0,0.39,0.52,39
113,76,28,3,3,part_of_speech_classification,part_of_speech_classification,acquisition,noun_left,WJJW,,,black,gierig,adjective,negative,black,0.8805,adjective,0.4972,0,0.39,0.52,39
113,77,29,3,3,part_of_speech_classification,part_of_speech_classification,acquisition,noun_left,MQQM,,,black,lustig,adjective,positive,black,0.8807,noun,0.4263,1,0.39,0.52,39
113,78,30,3,3,part_of_speech_classification,part_of_speech_classification,acquisition,noun_left,ZYYZ,,,black,schleim,noun,negative,black,0.8804,noun,0.5633,0,0.39,0.52,39
113,79,31,3,3,part_of_speech_classification,part_of_speech_classification,acquisition,noun_left,ZYYZ,,,black,leiche,noun,negative,black,0.8805,noun,0.4801,0,0.39,0.52,39
113,80,32,3,3,part_of_speech_classification,part_of_speech_classification,acquisition,noun_left,ZYYZ,,,black,entführung,noun,negative,black,0.8804,noun,0.46,0,0.39,0.52,39
113,81,33,3,3,part_of_speech_classification,part_of_speech_classification,acquisition,noun_left,MQQM,,,black,schön,adjective,positive,black,0.8804,adjective,0.5058,0,0.39,0.52,39
113,82,34,3,3,part_of_speech_classification,part_of_speech_classification,acquisition,noun_left,MQQM,,,black,gütig,adjective,positive,black,0.8804,adjective,0.3056,0,0.39,0.52,39
113,83,35,3,3,part_of_speech_classification,part_of_speech_classification,acquisition,noun_left,MQQM,,,black,gütig,adjective,positive,black,0.881,adjective,0.6557,0,0.39,0.52,39
113,84,36,3,3,part_of_speech_classification,part_of_speech_classification,acquisition,noun_left,ZYYZ,,,black,schleim,noun,negative,black,0.8804,noun,0.5834,0,0.39,0.52,39
113,85,37,3,3,part_of_speech_classification,part_of_speech_classification,acquisition,noun_left,WJJW,,,black,gierig,adjective,negative,black,0.8804,noun,0.3654,1,0.39,0.52,39
113,86,38,3,3,part_of_speech_classification,part_of_speech_classification,acquisition,noun_left,ZYYZ,,,black,entführung,noun,negative,black,0.8805,noun,0.48,0,0.39,0.52,39
113,87,39,3,3,part_of_speech_classification,part_of_speech_classification,acquisition,noun_left,XVVX,,,black,einfall,noun,positive,black,0.8805,noun,0.4858,0,0.39,0.52,39
113,88,40,3,3,part_of_speech_classification,part_of_speech_classification,acquisition,noun_left,MQQM,,,black,gütig,adjective,positive,black,0.8804,adjective,0.3956,0,0.39,0.52,39
113,89,41,3,3,part_of_speech_classification,part_of_speech_classification,acquisition,noun_left,WJJW,,,black,launisch,adjective,negative,black,0.8805,adjective,0.2953,0,0.39,0.52,39
113,90,42,3,3,part_of_speech_classification,part_of_speech_classification,acquisition,noun_left,XVVX,,,black,spaß,noun,positive,black,0.8804,noun,0.6718,0,0.39,0.52,39
113,91,43,3,3,part_of_speech_classification,part_of_speech_classification,acquisition,noun_left,MQQM,,,black,lustig,adjective,positive,black,0.8804,adjective,0.4054,0,0.39,0.52,39
113,92,44,3,3,part_of_speech_classification,part_of_speech_classification,acquisition,noun_left,XVVX,,,black,glück,noun,positive,black,0.8804,noun,0.645,0,0.39,0.52,39
113,93,45,3,3,part_of_speech_classification,part_of_speech_classification,acquisition,noun_left,WJJW,,,black,eitel,adjective,negative,black,0.8804,noun,0.4332,1,0.39,0.52,39
113,93,45,3,3,part_of_speech_classification,part_of_speech_classification,acquisition,noun_left,WJJW,,,black,eitel,adjective,negative,black,0.8804,adjective,0.5874,0,0.39,0.52,39
113,94,46,3,3,part_of_speech_classification,part_of_speech_classification,acquisition,noun_left,MQQM,,,black,schön,adjective,positive,black,0.8804,adjective,0.4331,0,0.39,0.52,39
113,95,47,3,3,part_of_speech_classification,part_of_speech_classification,acquisition,noun_left,ZYYZ,,,black,gift,noun,negative,black,0.8804,noun,0.5964,0,0.39,0.52,39
113,96,48,3,3,part_of_speech_classification,part_of_speech_classification,acquisition,noun_left,ZYYZ,,,black,gift,noun,negative,black,0.8804,noun,0.4153,0,0.39,0.52,39
113,97,1,4,4,part_of_speech_classification,part_of_speech_classification,acquisition,noun_left,XVVX,,,black,liebe,noun,positive,black,0.883,noun,0.6768,0,0.34,0.47,34
113,98,2,4,4,part_of_speech_classification,part_of_speech_classification,acquisition,noun_left,ZYYZ,,,black,schleim,noun,negative,black,0.8805,adjective,0.4331,1,0.34,0.47,34
113,99,3,4,4,part_of_speech_classification,part_of_speech_classification,acquisition,noun_left,WJJW,,,black,launisch,adjective,negative,black,0.8804,adjective,0.5163,0,0.34,0.47,34
113,100,4,4,4,part_of_speech_classification,part_of_speech_classification,acquisition,noun_left,XVVX,,,black,einfall,noun,positive,black,0.8804,noun,0.59,0,0.34,0.47,34
113,101,5,4,4,part_of_speech_classification,part_of_speech_classification,acquisition,noun_left,MQQM,,,black,lustig,adjective,positive,black,0.8804,noun,0.3571,1,0.34,0.47,34
113,101,5,4,4,part_of_speech_classification,part_of_speech_classification,acquisition,noun_left,MQQM,,,black,lustig,adjective,positive,black,0.8804,adjective,0.4713,0,0.34,0.47,34
113,102,6,4,4,part_of_speech_classification,part_of_speech_classification,acquisition,noun_left,XVVX,,,black,spaß,noun,positive,black,0.8804,adjective,0.5212,1,0.34,0.47,34
113,103,7,4,4,part_of_speech_classification,part_of_speech_classification,acquisition,noun_left,WJJW,,,black,gierig,adjective,negative,black,0.8804,adjective,0.4431,0,0.34,0.47,34
113,104,8,4,4,part_of_speech_classification,part_of_speech_classification,acquisition,noun_left,MQQM,,,black,lustig,adjective,positive,black,0.8805,noun,0.3533,1,0.34,0.47,34
113,105,9,4,4,part_of_speech_classification,part_of_speech_classification,acquisition,noun_left,XVVX,,,black,einfall,noun,positive,black,0.8804,adjective,0.2966,1,0.34,0.47,34
113,106,10,4,4,part_of_speech_classification,part_of_speech_classification,acquisition,noun_left,MQQM,,,black,schön,adjective,positive,black,0.8804,adjective,0.4405,0,0.34,0.47,34
113,107,11,4,4,part_of_speech_classification,part_of_speech_classification,acquisition,noun_left,ZYYZ,,,black,leiche,noun,negative,black,0.8805,noun,0.4728,0,0.34,0.47,34
113,108,12,4,4,part_of_speech_classification,part_of_speech_classification,acquisition,noun_left,ZYYZ,,,black,gift,noun,negative,black,0.8805,noun,0.4817,0,0.34,0.47,34
113,109,13,4,4,part_of_speech_classification,part_of_speech_classification,acquisition,noun_left,MQQM,,,black,lustig,adjective,positive,black,0.8804,adjective,0.363,0,0.34,0.47,34
113,110,14,4,4,part_of_speech_classification,part_of_speech_classification,acquisition,noun_left,XVVX,,,black,liebe,noun,positive,black,0.8816,noun,0.4003,0,0.34,0.47,34
113,111,15,4,4,part_of_speech_classification,part_of_speech_classification,acquisition,noun_left,MQQM,,,black,gütig,adjective,positive,black,0.8804,noun,0.367,1,0.34,0.47,34
113,111,15,4,4,part_of_speech_classification,part_of_speech_classification,acquisition,noun_left,MQQM,,,black,gütig,adjective,positive,black,0.8804,adjective,0.5225,0,0.34,0.47,34
113,112,16,4,4,part_of_speech_classification,part_of_speech_classification,acquisition,noun_left,XVVX,,,black,spaß,noun,positive,black,0.8804,noun,0.4656,0,0.34,0.47,34
113,113,17,4,4,part_of_speech_classification,part_of_speech_classification,acquisition,noun_left,ZYYZ,,,black,leiche,noun,negative,black,0.8805,noun,0.4066,0,0.34,0.47,34
113,114,18,4,4,part_of_speech_classification,part_of_speech_classification,acquisition,noun_left,MQQM,,,black,gütig,adjective,positive,black,0.8804,adjective,0.5242,0,0.34,0.47,34
113,115,19,4,4,part_of_speech_classification,part_of_speech_classification,acquisition,noun_left,MQQM,,,black,gütig,adjective,positive,black,0.8805,noun,0.3531,1,0.34,0.47,34
113,115,19,4,4,part_of_speech_classification,part_of_speech_classification,acquisition,noun_left,MQQM,,,black,gütig,adjective,positive,black,0.8805,adjective,0.4996,0,0.34,0.47,34
113,116,20,4,4,part_of_speech_classification,part_of_speech_classification,acquisition,noun_left,XVVX,,,black,glück,noun,positive,black,0.8804,noun,0.5708,0,0.34,0.47,34
113,117,21,4,4,part_of_speech_classification,part_of_speech_classification,acquisition,noun_left,WJJW,,,black,schlecht,adjective,negative,black,0.8805,adjective,0.4905,0,0.34,0.47,34
113,118,22,4,4,part_of_speech_classification,part_of_speech_classification,acquisition,noun_left,WJJW,,,black,eitel,adjective,negative,black,0.8805,adjective,0.2831,0,0.34,0.47,34
113,119,23,4,4,part_of_speech_classification,part_of_speech_classification,acquisition,noun_left,MQQM,,,black,ehrlich,adjective,positive,black,0.8804,adjective,0.4061,0,0.34,0.47,34
113,120,24,4,4,part_of_speech_classification,part_of_speech_classification,acquisition,noun_left,ZYYZ,,,black,gift,noun,negative,black,0.8804,adjective,0.3291,1,0.34,0.47,34
113,121,25,4,4,part_of_speech_classification,part_of_speech_classification,acquisition,noun_left,XVVX,,,black,spaß,noun,positive,black,0.8804,adjective,0.4656,1,0.34,0.47,34
113,122,26,4,4,part_of_speech_classification,part_of_speech_classification,acquisition,noun_left,XVVX,,,black,glück,noun,positive,black,0.8805,noun,0.2629,0,0.34,0.47,34
113,123,27,4,4,part_of_speech_classification,part_of_speech_classification,acquisition,noun_left,WJJW,,,black,launisch,adjective,negative,black,0.8804,adjective,0.4688,0,0.34,0.47,34
113,124,28,4,4,part_of_speech_classification,part_of_speech_classification,acquisition,noun_left,ZYYZ,,,black,entführung,noun,negative,black,0.8804,noun,0.4634,0,0.34,0.47,34
113,125,29,4,4,part_of_speech_classification,part_of_speech_classification,acquisition,noun_left,WJJW,,,black,gierig,adjective,negative,black,0.8804,adjective,0.4368,0,0.34,0.47,34
113,126,30,4,4,part_of_speech_classification,part_of_speech_classification,acquisition,noun_left,XVVX,,,black,einfall,noun,positive,black,0.8805,noun,0.6195,0,0.34,0.47,34
113,127,31,4,4,part_of_speech_classification,part_of_speech_classification,acquisition,noun_left,MQQM,,,black,ehrlich,adjective,positive,black,0.8806,noun,0.3966,1,0.34,0.47,34
113,128,32,4,4,part_of_speech_classification,part_of_speech_classification,acquisition,noun_left,MQQM,,,black,schön,adjective,positive,black,0.8804,adjective,0.5919,0,0.34,0.47,34
113,129,33,4,4,part_of_speech_classification,part_of_speech_classification,acquisition,noun_left,ZYYZ,,,black,gift,noun,negative,black,0.8804,noun,0.5393,0,0.34,0.47,34
113,130,34,4,4,part_of_speech_classification,part_of_speech_classification,acquisition,noun_left,ZYYZ,,,black,entführung,noun,negative,black,0.8804,adjective,0.3658,1,0.34,0.47,34
113,130,34,4,4,part_of_speech_classification,part_of_speech_classification,acquisition,noun_left,ZYYZ,,,black,entführung,noun,negative,black,0.8804,noun,0.5652,0,0.34,0.47,34
113,131,35,4,4,part_of_speech_classification,part_of_speech_classification,acquisition,noun_left,XVVX,,,black,glück,noun,positive,black,0.8809,adjective,0.4596,1,0.34,0.47,34
113,132,36,4,4,part_of_speech_classification,part_of_speech_classification,acquisition,noun_left,XVVX,,,black,liebe,noun,positive,black,0.8804,noun,0.313,0,0.34,0.47,34
113,133,37,4,4,part_of_speech_classification,part_of_speech_classification,acquisition,noun_left,WJJW,,,black,gierig,adjective,negative,black,0.8804,adjective,0.4374,0,0.34,0.47,34
113,134,38,4,4,part_of_speech_classification,part_of_speech_classification,acquisition,noun_left,MQQM,,,black,ehrlich,adjective,positive,black,0.8804,noun,0.2952,1,0.34,0.47,34
113,135,39,4,4,part_of_speech_classification,part_of_speech_classification,acquisition,noun_left,ZYYZ,,,black,entführung,noun,negative,black,0.8804,noun,0.5045,0,0.34,0.47,34
113,136,40,4,4,part_of_speech_classification,part_of_speech_classification,acquisition,noun_left,WJJW,,,black,schlecht,adjective,negative,black,0.8804,adjective,0.4331,0,0.34,0.47,34
113,137,41,4,4,part_of_speech_classification,part_of_speech_classification,acquisition,noun_left,ZYYZ,,,black,schleim,noun,negative,black,0.8805,adjective,0.4752,1,0.34,0.47,34
113,138,42,4,4,part_of_speech_classification,part_of_speech_classification,acquisition,noun_left,WJJW,,,black,launisch,adjective,negative,black,0.8804,adjective,0.5129,0,0.34,0.47,34
113,139,43,4,4,part_of_speech_classification,part_of_speech_classification,acquisition,noun_left,WJJW,,,black,eitel,adjective,negative,black,0.8804,noun,0.3172,1,0.34,0.47,34
113,140,44,4,4,part_of_speech_classification,part_of_speech_classification,acquisition,noun_left,ZYYZ,,,black,schleim,noun,negative,black,0.8804,noun,0.5862,0,0.34,0.47,34
113,141,45,4,4,part_of_speech_classification,part_of_speech_classification,acquisition,noun_left,MQQM,,,black,schön,adjective,positive,black,0.8804,noun,0.288,1,0.34,0.47,34
113,142,46,4,4,part_of_speech_classification,part_of_speech_classification,acquisition,noun_left,ZYYZ,,,black,leiche,noun,negative,black,0.8805,noun,0.4332,0,0.34,0.47,34
113,143,47,4,4,part_of_speech_classification,part_of_speech_classification,acquisition,noun_left,WJJW,,,black,schlecht,adjective,negative,black,0.8804,adjective,0.4332,0,0.34,0.47,34
113,144,48,4,4,part_of_speech_classification,part_of_speech_classification,acquisition,noun_left,WJJW,,,black,eitel,adjective,negative,black,0.8804,adjective,0.5557,0,0.34,0.47,34
113,145,1,5,5,part_of_speech_classification,part_of_speech_classification,acquisition,noun_left,MQQM,,,black,gütig,adjective,positive,black,0.8833,adjective,0.4931,0,0.34,0.47,34
113,146,2,5,5,part_of_speech_classification,part_of_speech_classification,acquisition,noun_left,ZYYZ,,,black,entführung,noun,negative,black,0.8805,noun,0.2781,0,0.34,0.47,34
113,147,3,5,5,part_of_speech_classification,part_of_speech_classification,acquisition,noun_left,WJJW,,,black,gierig,adjective,negative,black,0.8804,adjective,0.3603,0,0.34,0.47,34
113,148,4,5,5,part_of_speech_classification,part_of_speech_classification,acquisition,noun_left,ZYYZ,,,black,leiche,noun,negative,black,0.8804,noun,0.4363,0,0.34,0.47,34
113,149,5,5,5,part_of_speech_classification,part_of_speech_classification,acquisition,noun_left,MQQM,,,black,lustig,adjective,positive,black,0.8804,adjective,0.5531,0,0.34,0.47,34
113,150,6,5,5,part_of_speech_classification,part_of_speech_classification,acquisition,noun_left,XVVX,,,black,einfall,noun,positive,black,0.8805,noun,0.2787,0,0.34,0.47,34
113,151,7,5,5,part_of_speech_classification,part_of_speech_classification,acquisition,noun_left,XVVX,,,black,glück,noun,positive,black,0.8804,noun,0.6261,0,0.34,0.47,34
113,152,8,5,5,part_of_speech_classification,part_of_speech_classification,acquisition,noun_left,WJJW,,,black,eitel,adjective,negative,black,0.8805,noun,0.4595,1,0.34,0.47,34
113,153,9,5,5,part_of_speech_classification,part_of_speech_classification,acquisition,noun_left,MQQM,,,black,ehrlich,adjective,positive,black,0.8805,adjective,0.5167,0,0.34,0.47,34
113,154,10,5,5,part_of_speech_classification,part_of_speech_classification,acquisition,noun_left,ZYYZ,,,black,gift,noun,negative,black,0.8804,noun,0.2933,0,0.34,0.47,34
113,155,11,5,5,part_of_speech_classification,part_of_speech_classification,acquisition,noun_left,XVVX,,,black,liebe,noun,positive,black,0.8804,noun,0.5203,0,0.34,0.47,34
113,156,12,5,5,part_of_speech_classification,part_of_speech_classification,acquisition,noun_left,XVVX,,,black,liebe,noun,positive,black,0.8805,noun,0.383,0,0.34,0.47,34
113,157,13,5,5,part_of_speech_classification,part_of_speech_classification,acquisition,noun_left,WJJW,,,black,launisch,adjective,negative,black,0.8805,adjective,0.3602,0,0.34,0.47,34
113,158,14,5,5,part_of_speech_classification,part_of_speech_classification,acquisition,noun_left,MQQM,,,black,lustig,adjective,positive,black,0.8805,adjective,0.416,0,0.34,0.47,34
113,159,15,5,5,part_of_speech_classification,part_of_speech_classification,acquisition,noun_left,XVVX,,,black,einfall,noun,positive,black,0.8805,noun,0.4497,0,0.34,0.47,34
113,160,16,5,5,part_of_speech_classification,part_of_speech_classification,acquisition,noun_left,MQQM,,,black,ehrlich,adjective,positive,black,0.8805,adjective,0.326,0,0.34,0.47,34
113,161,17,5,5,part_of_speech_classification,part_of_speech_classification,acquisition,noun_left,XVVX,,,black,spaß,noun,positive,black,0.8805,noun,0.4331,0,0.34,0.47,34
113,162,18,5,5,part_of_speech_classification,part_of_speech_classification,acquisition,noun_left,MQQM,,,black,ehrlich,adjective,positive,black,0.8805,adjective,0.5372,0,0.34,0.47,34
113,163,19,5,5,part_of_speech_classification,part_of_speech_classification,acquisition,noun_left,MQQM,,,black,schön,adjective,positive,black,0.8804,adjective,0.4033,0,0.34,0.47,34
113,164,20,5,5,part_of_speech_classification,part_of_speech_classification,acquisition,noun_left,ZYYZ,,,black,gift,noun,negative,black,0.8805,noun,0.4786,0,0.34,0.47,34
113,165,21,5,5,part_of_speech_classification,part_of_speech_classification,acquisition,noun_left,MQQM,,,black,gütig,adjective,positive,black,0.8809,adjective,0.5041,0,0.34,0.47,34
113,166,22,5,5,part_of_speech_classification,part_of_speech_classification,acquisition,noun_left,ZYYZ,,,black,leiche,noun,negative,black,0.8804,noun,0.4366,0,0.34,0.47,34
113,167,23,5,5,part_of_speech_classification,part_of_speech_classification,acquisition,noun_left,MQQM,,,black,gütig,adjective,positive,black,0.8805,adjective,0.3574,0,0.34,0.47,34
113,168,24,5,5,part_of_speech_classification,part_of_speech_classification,acquisition,noun_left,WJJW,,,black,schlecht,adjective,negative,black,0.8804,adjective,0.4678,0,0.34,0.47,34
113,169,25,5,5,part_of_speech_classification,part_of_speech_classification,acquisition,noun_left,ZYYZ,,,black,entführung,noun,negative,black,0.8804,noun,0.5452,0,0.34,0.47,34
113,170,26,5,5,part_of_speech_classification,part_of_speech_classification,acquisition,noun_left,MQQM,,,black,schön,adjective,positive,black,0.8805,noun,0.32,1,0.34,0.47,34
113,171,27,5,5,part_of_speech_classification,part_of_speech_classification,acquisition,noun_left,ZYYZ,,,black,schleim,noun,negative,black,0.8805,noun,2.9692,0,0.34,0.47,34
113,172,28,5,5,part_of_speech_classification,part_of_speech_classification,acquisition,noun_left,XVVX,,,black,glück,noun,positive,black,0.8804,noun,0.5009,0,0.34,0.47,34
113,173,29,5,5,part_of_speech_classification,part_of_speech_classification,acquisition,noun_left,WJJW,,,black,eitel,adjective,negative,black,0.8804,adjective,0.3486,0,0.34,0.47,34
113,174,30,5,5,part_of_speech_classification,part_of_speech_classification,acquisition,noun_left,WJJW,,,black,gierig,adjective,negative,black,0.8805,adjective,0.4289,0,0.34,0.47,34
113,175,31,5,5,part_of_speech_classification,part_of_speech_classification,acquisition,noun_left,WJJW,,,black,schlecht,adjective,negative,black,0.881,adjective,0.4727,0,0.34,0.47,34
113,176,32,5,5,part_of_speech_classification,part_of_speech_classification,acquisition,noun_left,XVVX,,,black,spaß,noun,positive,black,0.8804,noun,0.2872,0,0.34,0.47,34
113,177,33,5,5,part_of_speech_classification,part_of_speech_classification,acquisition,noun_left,ZYYZ,,,black,entführung,noun,negative,black,0.8805,noun,0.5772,0,0.34,0.47,34
113,178,34,5,5,part_of_speech_classification,part_of_speech_classification,acquisition,noun_left,XVVX,,,black,glück,noun,positive,black,0.8804,noun,0.4241,0,0.34,0.47,34
113,179,35,5,5,part_of_speech_classification,part_of_speech_classification,acquisition,noun_left,WJJW,,,black,launisch,adjective,negative,black,0.8804,adjective,0.4785,0,0.34,0.47,34
113,180,36,5,5,part_of_speech_classification,part_of_speech_classification,acquisition,noun_left,MQQM,,,black,lustig,adjective,positive,black,0.8804,noun,0.3353,1,0.34,0.47,34
113,181,37,5,5,part_of_speech_classification,part_of_speech_classification,acquisition,noun_left,XVVX,,,black,spaß,noun,positive,black,0.8804,noun,2.0752,0,0.34,0.47,34
113,182,38,5,5,part_of_speech_classification,part_of_speech_classification,acquisition,noun_left,WJJW,,,black,eitel,adjective,negative,black,0.8805,adjective,0.4262,0,0.34,0.47,34
113,183,39,5,5,part_of_speech_classification,part_of_speech_classification,acquisition,noun_left,MQQM,,,black,schön,adjective,positive,black,0.8804,noun,0.2864,1,0.34,0.47,34
113,184,40,5,5,part_of_speech_classification,part_of_speech_classification,acquisition,noun_left,WJJW,,,black,gierig,adjective,negative,black,0.8805,adjective,0.3297,0,0.34,0.47,34
113,185,41,5,5,part_of_speech_classification,part_of_speech_classification,acquisition,noun_left,ZYYZ,,,black,gift,noun,negative,black,0.8804,adjective,0.3059,1,0.34,0.47,34
113,186,42,5,5,part_of_speech_classification,part_of_speech_classification,acquisition,noun_left,WJJW,,,black,schlecht,adjective,negative,black,0.8805,adjective,0.5086,0,0.34,0.47,34
113,187,43,5,5,part_of_speech_classification,part_of_speech_classification,acquisition,noun_left,XVVX,,,black,liebe,noun,positive,black,0.8805,adjective,0.3243,1,0.34,0.47,34
113,188,44,5,5,part_of_speech_classification,part_of_speech_classification,acquisition,noun_left,ZYYZ,,,black,leiche,noun,negative,black,0.8804,noun,0.5607,0,0.34,0.47,34
113,189,45,5,5,part_of_speech_classification,part_of_speech_classification,acquisition,noun_left,WJJW,,,black,launisch,adjective,negative,black,0.8804,adjective,0.4873,0,0.34,0.47,34
113,190,46,5,5,part_of_speech_classification,part_of_speech_classification,acquisition,noun_left,ZYYZ,,,black,schleim,noun,negative,black,0.8805,noun,0.2861,0,0.34,0.47,34
113,191,47,5,5,part_of_speech_classification,part_of_speech_classification,acquisition,noun_left,ZYYZ,,,black,schleim,noun,negative,black,0.8804,noun,3.0347,0,0.34,0.47,34
113,192,48,5,5,part_of_speech_classification,part_of_speech_classification,acquisition,noun_left,XVVX,,,black,einfall,noun,positive,black,0.8804,noun,0.4602,0,0.34,0.47,34
113,193,1,6,1,part_of_speech_classification,valence_classification,classification_1,positive_left,MQQM,,,black,gütig,adjective,positive,black,0.8834,positive,0.8209,0,0.34,0.47,34
113,194,2,6,1,part_of_speech_classification,valence_classification,classification_1,positive_left,ZYYZ,,,black,gift,noun,negative,black,0.8805,negative,0.8104,0,0.34,0.47,34
113,195,3,6,1,part_of_speech_classification,valence_classification,classification_1,positive_left,XVVX,,,black,spaß,noun,positive,black,0.8805,positive,0.831,0,0.34,0.47,34
113,196,4,6,1,part_of_speech_classification,valence_classification,classification_1,positive_left,MQQM,,,black,gierig,adjective,negative,black,0.8804,negative,0.5669,0,0.34,0.47,34
113,197,5,6,1,part_of_speech_classification,valence_classification,classification_1,positive_left,WJJW,,,black,schön,adjective,positive,black,0.8804,positive,0.5506,0,0.34,0.47,34
113,198,6,6,1,part_of_speech_classification,valence_classification,classification_1,positive_left,XVVX,,,black,glück,noun,positive,black,0.8805,positive,1.3761,0,0.34,0.47,34
113,199,7,6,1,part_of_speech_classification,valence_classification,classification_1,positive_left,MQQM,,,black,eitel,adjective,negative,black,0.8804,negative,0.8004,0,0.34,0.47,34
113,200,8,6,1,part_of_speech_classification,valence_classification,classification_1,positive_left,WJJW,,,black,eitel,adjective,negative,black,0.8805,negative,0.8403,0,0.34,0.47,34
113,201,9,6,1,part_of_speech_classification,valence_classification,classification_1,positive_left,XVVX,,,black,leiche,noun,negative,black,0.8804,positive,0.8329,1,0.34,0.47,34
113,202,10,6,1,part_of_speech_classification,valence_classification,classification_1,positive_left,WJJW,,,black,gütig,adjective,positive,black,0.8805,positive,1.0327,0,0.34,0.47,34
113,203,11,6,1,part_of_speech_classification,valence_classification,classification_1,positive_left,WJJW,,,black,ehrlich,adjective,positive,black,0.8804,positive,0.873,0,0.34,0.47,34
113,204,12,6,1,part_of_speech_classification,valence_classification,classification_1,positive_left,ZYYZ,,,black,entführung,noun,negative,black,0.8804,negative,0.9278,0,0.34,0.47,34
113,205,13,6,1,part_of_speech_classification,valence_classification,classification_1,positive_left,ZYYZ,,,black,gift,noun,negative,black,0.8804,negative,0.7774,0,0.34,0.47,34
113,206,14,6,1,part_of_speech_classification,valence_classification,classification_1,positive_left,WJJW,,,black,gierig,adjective,negative,black,0.8805,positive,1.6334,1,0.34,0.47,34
113,207,15,6,1,part_of_speech_classification,valence_classification,classification_1,positive_left,XVVX,,,black,entführung,noun,negative,black,0.8804,negative,0.7609,0,0.34,0.47,34
113,208,16,6,1,part_of_speech_classification,valence_classification,classification_1,positive_left,XVVX,,,black,schleim,noun,negative,black,0.8805,negative,2.0806,0,0.34,0.47,34
113,209,17,6,1,part_of_speech_classification,valence_classification,classification_1,positive_left,MQQM,,,black,launisch,adjective,negative,black,0.8804,negative,0.9687,0,0.34,0.47,34
113,210,18,6,1,part_of_speech_classification,valence_classification,classification_1,positive_left,MQQM,,,black,ehrlich,adjective,positive,black,0.8804,positive,0.8008,0,0.34,0.47,34
113,211,19,6,1,part_of_speech_classification,valence_classification,classification_1,positive_left,WJJW,,,black,schlecht,adjective,negative,black,0.8805,negative,0.649,0,0.34,0.47,34
113,212,20,6,1,part_of_speech_classification,valence_classification,classification_1,positive_left,ZYYZ,,,black,glück,noun,positive,black,0.8805,positive,1.0169,0,0.34,0.47,34
113,213,21,6,1,part_of_speech_classification,valence_classification,classification_1,positive_left,MQQM,,,black,lustig,adjective,positive,black,0.8805,positive,0.7926,0,0.34,0.47,34
113,214,22,6,1,part_of_speech_classification,valence_classification,classification_1,positive_left,XVVX,,,black,liebe,noun,positive,black,0.8804,positive,0.552,0,0.34,0.47,34
113,215,23,6,1,part_of_speech_classification,valence_classification,classification_1,positive_left,ZYYZ,,,black,einfall,noun,positive,black,0.8805,positive,2.2007,0,0.34,0.47,34
113,216,24,6,1,part_of_speech_classification,valence_classification,classification_1,positive_left,ZYYZ,,,black,einfall,noun,positive,black,0.8804,positive,0.897,0,0.34,0.47,34
113,217,1,7,2,part_of_speech_classification,valence_classification,classification_1,positive_left,XVVX,,,black,einfall,noun,positive,black,0.8831,positive,0.7597,0,0.34,0.47,34
113,218,2,7,2,part_of_speech_classification,valence_classification,classification_1,positive_left,WJJW,,,black,launisch,adjective,negative,black,0.8804,negative,0.5209,0,0.34,0.47,34
113,219,3,7,2,part_of_speech_classification,valence_classification,classification_1,positive_left,MQQM,,,black,gierig,adjective,negative,black,0.8804,negative,0.5184,0,0.34,0.47,34
113,220,4,7,2,part_of_speech_classification,valence_classification,classification_1,positive_left,MQQM,,,black,eitel,adjective,negative,black,0.8805,positive,0.2937,1,0.34,0.47,34
113,221,5,7,2,part_of_speech_classification,valence_classification,classification_1,positive_left,MQQM,,,black,schön,adjective,positive,black,0.8804,positive,0.7211,0,0.34,0.47,34
113,222,6,7,2,part_of_speech_classification,valence_classification,classification_1,positive_left,WJJW,,,black,eitel,adjective,negative,black,0.8804,negative,0.3359,0,0.34,0.47,34
113,222,6,7,2,part_of_speech_classification,valence_classification,classification_1,positive_left,WJJW,,,black,eitel,adjective,negative,black,0.8804,positive,0.5283,1,0.34,0.47,34
113,223,7,7,2,part_of_speech_classification,valence_classification,classification_1,positive_left,XVVX,,,black,leiche,noun,negative,black,0.8805,negative,0.4643,0,0.34,0.47,34
113,224,8,7,2,part_of_speech_classification,valence_classification,classification_1,positive_left,WJJW,,,black,gierig,adjective,negative,black,0.8805,negative,0.393,0,0.34,0.47,34
113,225,9,7,2,part_of_speech_classification,valence_classification,classification_1,positive_left,MQQM,,,black,schlecht,adjective,negative,black,0.8808,negative,0.343,0,0.34,0.47,34
113,226,10,7,2,part_of_speech_classification,valence_classification,classification_1,positive_left,ZYYZ,,,black,entführung,noun,negative,black,0.8805,positive,0.3481,1,0.34,0.47,34
113,227,11,7,2,part_of_speech_classification,valence_classification,classification_1,positive_left,WJJW,,,black,ehrlich,adjective,positive,black,0.8804,positive,0.4812,0,0.34,0.47,34
113,228,12,7,2,part_of_speech_classification,valence_classification,classification_1,positive_left,XVVX,,,black,schleim,noun,negative,black,0.8805,negative,0.2874,0,0.34,0.47,34
113,229,13,7,2,part_of_speech_classification,valence_classification,classification_1,positive_left,ZYYZ,,,black,spaß,noun,positive,black,0.8804,positive,0.4561,0,0.34,0.47,34
113,230,14,7,2,part_of_speech_classification,valence_classification,classification_1,positive_left,ZYYZ,,,black,glück,noun,positive,black,0.8805,negative,0.3779,1,0.34,0.47,34
113,231,15,7,2,part_of_speech_classification,valence_classification,classification_1,positive_left,WJJW,,,black,gütig,adjective,positive,black,0.8805,positive,0.3247,0,0.34,0.47,34
113,232,16,7,2,part_of_speech_classification,valence_classification,classification_1,positive_left,ZYYZ,,,black,gift,noun,negative,black,0.8805,negative,0.4734,0,0.34,0.47,34
113,233,17,7,2,part_of_speech_classification,valence_classification,classification_1,positive_left,ZYYZ,,,black,glück,noun,positive,black,0.8805,negative,0.4649,1,0.34,0.47,34
113,234,18,7,2,part_of_speech_classification,valence_classification,classification_1,positive_left,MQQM,,,black,gütig,adjective,positive,black,0.8809,positive,0.4705,0,0.34,0.47,34
113,235,19,7,2,part_of_speech_classification,valence_classification,classification_1,positive_left,ZYYZ,,,black,entführung,noun,negative,black,0.8805,negative,0.3192,0,0.34,0.47,34
113,236,20,7,2,part_of_speech_classification,valence_classification,classification_1,positive_left,WJJW,,,black,lustig,adjective,positive,black,0.8804,positive,0.5883,0,0.34,0.47,34
113,237,21,7,2,part_of_speech_classification,valence_classification,classification_1,positive_left,XVVX,,,black,einfall,noun,positive,black,0.8804,positive,0.6054,0,0.34,0.47,34
113,238,22,7,2,part_of_speech_classification,valence_classification,classification_1,positive_left,XVVX,,,black,liebe,noun,positive,black,0.8804,positive,0.4579,0,0.34,0.47,34
113,239,23,7,2,part_of_speech_classification,valence_classification,classification_1,positive_left,MQQM,,,black,ehrlich,adjective,positive,black,0.8804,positive,0.3285,0,0.34,0.47,34
113,240,24,7,2,part_of_speech_classification,valence_classification,classification_1,positive_left,XVVX,,,black,gift,noun,negative,black,0.8805,negative,0.3692,0,0.34,0.47,34
113,241,1,8,3,part_of_speech_classification,valence_classification,classification_1,positive_left,ZYYZ,,,black,leiche,noun,negative,black,0.8805,negative,0.6058,0,0.34,0.47,34
113,242,2,8,3,part_of_speech_classification,valence_classification,classification_1,positive_left,WJJW,,,black,ehrlich,adjective,positive,black,0.8804,negative,0.3173,1,0.34,0.47,34
113,243,3,8,3,part_of_speech_classification,valence_classification,classification_1,positive_left,ZYYZ,,,black,schleim,noun,negative,black,0.8804,negative,0.4153,0,0.34,0.47,34
113,244,4,8,3,part_of_speech_classification,valence_classification,classification_1,positive_left,MQQM,,,black,eitel,adjective,negative,black,0.8804,positive,0.3085,1,0.34,0.47,34
113,245,5,8,3,part_of_speech_classification,valence_classification,classification_1,positive_left,WJJW,,,black,eitel,adjective,negative,black,0.8805,positive,0.4961,1,0.34,0.47,34
113,246,6,8,3,part_of_speech_classification,valence_classification,classification_1,positive_left,MQQM,,,black,schlecht,adjective,negative,black,0.8804,negative,0.46,0,0.34,0.47,34
113,247,7,8,3,part_of_speech_classification,valence_classification,classification_1,positive_left,XVVX,,,black,einfall,noun,positive,black,0.8809,positive,0.4981,0,0.34,0.47,34
113,248,8,8,3,part_of_speech_classification,valence_classification,classification_1,positive_left,MQQM,,,black,gierig,adjective,negative,black,0.8804,negative,0.5021,0,0.34,0.47,34
113,249,9,8,3,part_of_speech_classification,valence_classification,classification_1,positive_left,MQQM,,,black,ehrlich,adjective,positive,black,0.8805,positive,0.487,0,0.34,0.47,34
113,250,10,8,3,part_of_speech_classification,valence_classification,classification_1,positive_left,WJJW,,,black,schlecht,adjective,negative,black,0.8804,negative,0.303,0,0.34,0.47,34
113,251,11,8,3,part_of_speech_classification,valence_classification,classification_1,positive_left,XVVX,,,black,entführung,noun,negative,black,0.8804,positive,0.4279,1,0.34,0.47,34
113,252,12,8,3,part_of_speech_classification,valence_classification,classification_1,positive_left,MQQM,,,black,launisch,adjective,negative,black,0.8805,negative,0.4494,0,0.34,0.47,34
113,253,13,8,3,part_of_speech_classification,valence_classification,classification_1,positive_left,WJJW,,,black,ehrlich,adjective,positive,black,0.8804,positive,0.5195,0,0.34,0.47,34
113,254,14,8,3,part_of_speech_classification,valence_classification,classification_1,positive_left,WJJW,,,black,lustig,adjective,positive,black,0.8804,negative,0.408,1,0.34,0.47,34
113,255,15,8,3,part_of_speech_classification,valence_classification,classification_1,positive_left,WJJW,,,black,gierig,adjective,negative,black,0.8804,negative,0.4632,0,0.34,0.47,34
113,256,16,8,3,part_of_speech_classification,valence_classification,classification_1,positive_left,ZYYZ,,,black,entführung,noun,negative,black,0.8804,positive,0.3738,1,0.34,0.47,34
113,256,16,8,3,part_of_speech_classification,valence_classification,classification_1,positive_left,ZYYZ,,,black,entführung,noun,negative,black,0.8804,negative,0.5593,0,0.34,0.47,34
113,257,17,8,3,part_of_speech_classification,valence_classification,classification_1,positive_left,ZYYZ,,,black,glück,noun,positive,black,0.8804,positive,0.4933,0,0.34,0.47,34
113,258,18,8,3,part_of_speech_classification,valence_classification,classification_1,positive_left,XVVX,,,black,entführung,noun,negative,black,0.8805,negative,0.3029,0,0.34,0.47,34
113,259,19,8,3,part_of_speech_classification,valence_classification,classification_1,positive_left,ZYYZ,,,black,leiche,noun,negative,black,0.8805,negative,0.4969,0,0.34,0.47,34
113,260,20,8,3,part_of_speech_classification,valence_classification,classification_1,positive_left,WJJW,,,black,lustig,adjective,positive,black,0.8804,positive,0.4729,0,0.34,0.47,34
113,261,21,8,3,part_of_speech_classification,valence_classification,classification_1,positive_left,ZYYZ,,,black,einfall,noun,positive,black,0.8808,positive,0.313,0,0.34,0.47,34
113,262,22,8,3,part_of_speech_classification,valence_classification,classification_1,positive_left,WJJW,,,black,eitel,adjective,negative,black,0.8804,positive,0.3983,1,0.34,0.47,34
113,263,23,8,3,part_of_speech_classification,valence_classification,classification_1,positive_left,MQQM,,,black,lustig,adjective,positive,black,0.8804,positive,0.4942,0,0.34,0.47,34
113,264,24,8,3,part_of_speech_classification,valence_classification,classification_1,positive_left,ZYYZ,,,black,liebe,noun,positive,black,0.8805,positive,0.365,0,0.34,0.47,34
113,265,25,8,3,part_of_speech_classification,valence_classification,classification_1,positive_left,WJJW,,,black,launisch,adjective,negative,black,0.8804,positive,0.3666,1,0.34,0.47,34
113,266,26,8,3,part_of_speech_classification,valence_classification,classification_1,positive_left,XVVX,,,black,schleim,noun,negative,black,0.8804,negative,0.43,0,0.34,0.47,34
113,267,27,8,3,part_of_speech_classification,valence_classification,classification_1,positive_left,XVVX,,,black,gift,noun,negative,black,0.8804,negative,0.3875,0,0.34,0.47,34
113,268,28,8,3,part_of_speech_classification,valence_classification,classification_1,positive_left,XVVX,,,black,gift,noun,negative,black,0.8805,negative,0.3589,0,0.34,0.47,34
113,269,29,8,3,part_of_speech_classification,valence_classification,classification_1,positive_left,XVVX,,,black,einfall,noun,positive,black,0.8804,positive,0.4433,0,0.34,0.47,34
113,270,30,8,3,part_of_speech_classification,valence_classification,classification_1,positive_left,XVVX,,,black,liebe,noun,positive,black,0.8805,negative,0.287,1,0.34,0.47,34
113,271,31,8,3,part_of_speech_classification,valence_classification,classification_1,positive_left,ZYYZ,,,black,leiche,noun,negative,black,0.8805,positive,0.4173,1,0.34,0.47,34
113,272,32,8,3,part_of_speech_classification,valence_classification,classification_1,positive_left,XVVX,,,black,glück,noun,positive,black,0.8804,positive,0.4179,0,0.34,0.47,34
113,273,33,8,3,part_of_speech_classification,valence_classification,classification_1,positive_left,MQQM,,,black,gütig,adjective,positive,black,0.8805,positive,0.4855,0,0.34,0.47,34
113,274,34,8,3,part_of_speech_classification,valence_classification,classification_1,positive_left,MQQM,,,black,gütig,adjective,positive,black,0.8804,positive,0.4206,0,0.34,0.47,34
113,275,35,8,3,part_of_speech_classification,valence_classification,classification_1,positive_left,ZYYZ,,,black,glück,noun,positive,black,0.8804,negative,0.5557,1,0.34,0.47,34
113,275,35,8,3,part_of_speech_classification,valence_classification,classification_1,positive_left,ZYYZ,,,black,glück,noun,positive,black,0.8804,positive,0.5986,0,0.34,0.47,34
113,276,36,8,3,part_of_speech_classification,valence_classification,classification_1,positive_left,WJJW,,,black,gütig,adjective,positive,black,0.8805,positive,0.4302,0,0.34,0.47,34
113,277,37,8,3,part_of_speech_classification,valence_classification,classification_1,positive_left,XVVX,,,black,liebe,noun,positive,black,0.8805,positive,0.3263,0,0.34,0.47,34
113,278,38,8,3,part_of_speech_classification,valence_classification,classification_1,positive_left,MQQM,,,black,gierig,adjective,negative,black,0.8808,positive,0.3229,1,0.34,0.47,34
113,279,39,8,3,part_of_speech_classification,valence_classification,classification_1,positive_left,ZYYZ,,,black,spaß,noun,positive,black,0.8804,positive,0.5342,0,0.34,0.47,34
113,280,40,8,3,part_of_speech_classification,valence_classification,classification_1,positive_left,ZYYZ,,,black,spaß,noun,positive,black,0.8804,positive,0.3587,0,0.34,0.47,34
113,281,41,8,3,part_of_speech_classification,valence_classification,classification_1,positive_left,MQQM,,,black,schön,adjective,positive,black,0.8805,positive,0.3499,0,0.34,0.47,34
113,282,42,8,3,part_of_speech_classification,valence_classification,classification_1,positive_left,WJJW,,,black,schön,adjective,positive,black,0.8804,positive,0.3868,0,0.34,0.47,34
113,283,43,8,3,part_of_speech_classification,valence_classification,classification_1,positive_left,MQQM,,,black,schön,adjective,positive,black,0.8805,positive,0.3668,0,0.34,0.47,34
113,284,44,8,3,part_of_speech_classification,valence_classification,classification_1,positive_left,XVVX,,,black,spaß,noun,positive,black,0.8805,positive,0.363,0,0.34,0.47,34
113,285,45,8,3,part_of_speech_classification,valence_classification,classification_1,positive_left,XVVX,,,black,schleim,noun,negative,black,0.8805,negative,0.5115,0,0.34,0.47,34
113,286,46,8,3,part_of_speech_classification,valence_classification,classification_1,positive_left,ZYYZ,,,black,gift,noun,negative,black,0.8805,negative,0.2896,0,0.34,0.47,34
113,287,47,8,3,part_of_speech_classification,valence_classification,classification_1,positive_left,WJJW,,,black,schlecht,adjective,negative,black,0.8805,negative,0.4031,0,0.34,0.47,34
113,288,48,8,3,part_of_speech_classification,valence_classification,classification_1,positive_left,MQQM,,,black,launisch,adjective,negative,black,0.8804,negative,0.516,0,0.34,0.47,34
113,289,1,9,4,part_of_speech_classification,valence_classification,classification_1,positive_left,MQQM,,,black,launisch,adjective,negative,black,0.8842,positive,0.3779,1,0.34,0.47,34
113,290,2,9,4,part_of_speech_classification,valence_classification,classification_1,positive_left,WJJW,,,black,lustig,adjective,positive,black,0.8805,positive,0.4827,0,0.34,0.47,34
113,291,3,9,4,part_of_speech_classification,valence_classification,classification_1,positive_left,MQQM,,,black,schlecht,adjective,negative,black,0.8805,positive,0.3972,1,0.34,0.47,34
113,292,4,9,4,part_of_speech_classification,valence_classification,classification_1,positive_left,MQQM,,,black,ehrlich,adjective,positive,black,0.8804,positive,0.5775,0,0.34,0.47,34
113,293,5,9,4,part_of_speech_classification,valence_classification,classification_1,positive_left,ZYYZ,,,black,leiche,noun,negative,black,0.8804,negative,0.2529,0,0.34,0.47,34
113,294,6,9,4,part_of_speech_classification,valence_classification,classification_1,positive_left,XVVX,,,black,gift,noun,negative,black,0.8805,negative,0.3651,0,0.34,0.47,34
113,295,7,9,4,part_of_speech_classification,valence_classification,classification_1,positive_left,WJJW,,,black,schlecht,adjective,negative,black,0.8805,negative,0.3885,0,0.34,0.47,34
113,296,8,9,4,part_of_speech_classification,valence_classification,classification_1,positive_left,XVVX,,,black,glück,noun,positive,black,0.8804,positive,0.5053,0,0.34,0.47,34
113,297,9,9,4,part_of_speech_classification,valence_classification,classification_1,positive_left,WJJW,,,black,schön,adjective,positive,black,0.8805,positive,0.5138,0,0.34,0.47,34
113,298,10,9,4,part_of_speech_classification,valence_classification,classification_1,positive_left,XVVX,,,black,schleim,noun,negative,black,0.8804,negative,0.4675,0,0.34,0.47,34
113,299,11,9,4,part_of_speech_classification,valence_classification,classification_1,positive_left,ZYYZ,,,black,spaß,noun,positive,black,0.8804,positive,0.3903,0,0.34,0.47,34
113,300,12,9,4,part_of_speech_classification,valence_classification,classification_1,positive_left,ZYYZ,,,black,schleim,noun,negative,black,0.8804,positive,0.5277,1,0.34,0.47,34
113,301,13,9,4,part_of_speech_classification,valence_classification,classification_1,positive_left,XVVX,,,black,spaß,noun,positive,black,0.8805,positive,0.3931,0,0.34,0.47,34
113,302,14,9,4,part_of_speech_classification,valence_classification,classification_1,positive_left,XVVX,,,black,entführung,noun,negative,black,0.8805,negative,0.3469,0,0.34,0.47,34
113,303,15,9,4,part_of_speech_classification,valence_classification,classification_1,positive_left,ZYYZ,,,black,glück,noun,positive,black,0.8805,positive,0.2937,0,0.34,0.47,34
113,304,16,9,4,part_of_speech_classification,valence_classification,classification_1,positive_left,XVVX,,,black,schleim,noun,negative,black,0.8805,negative,0.3631,0,0.34,0.47,34
113,305,17,9,4,part_of_speech_classification,valence_classification,classification_1,positive_left,WJJW,,,black,ehrlich,adjective,positive,black,0.8805,positive,0.427,0,0.34,0.47,34
113,306,18,9,4,part_of_speech_classification,valence_classification,classification_1,positive_left,ZYYZ,,,black,gift,noun,negative,black,0.8804,positive,0.3185,1,0.34,0.47,34
113,307,19,9,4,part_of_speech_classification,valence_classification,classification_1,positive_left,WJJW,,,black,gütig,adjective,positive,black,0.8804,positive,0.5073,0,0.34,0.47,34
113,308,20,9,4,part_of_speech_classification,valence_classification,classification_1,positive_left,MQQM,,,black,gütig,adjective,positive,black,0.8804,negative,0.306,1,0.34,0.47,34
113,309,21,9,4,part_of_speech_classification,valence_classification,classification_1,positive_left,MQQM,,,black,eitel,adjective,negative,black,0.8804,positive,0.4231,1,0.34,0.47,34
113,310,22,9,4,part_of_speech_classification,valence_classification,classification_1,positive_left,ZYYZ,,,black,einfall,noun,positive,black,0.8805,positive,0.5227,0,0.34,0.47,34
113,311,23,9,4,part_of_speech_classification,valence_classification,classification_1,positive_left,MQQM,,,black,schön,adjective,positive,black,0.8804,negative,0.3481,1,0.34,0.47,34
113,312,24,9,4,part_of_speech_classification,valence_classification,classification_1,positive_left,ZYYZ,,,black,liebe,noun,positive,black,0.8804,positive,0.3973,0,0.34,0.47,34
113,313,25,9,4,part_of_speech_classification,valence_classification,classification_1,positive_left,WJJW,,,black,gierig,adjective,negative,black,0.8804,positive,0.3467,1,0.34,0.47,34
113,314,26,9,4,part_of_speech_classification,valence_classification,classification_1,positive_left,ZYYZ,,,black,glück,noun,positive,black,0.8804,negative,0.4358,1,0.34,0.47,34
113,315,27,9,4,part_of_speech_classification,valence_classification,classification_1,positive_left,MQQM,,,black,gierig,adjective,negative,black,0.8804,positive,0.3378,1,0.34,0.47,34
113,316,28,9,4,part_of_speech_classification,valence_classification,classification_1,positive_left,MQQM,,,black,eitel,adjective,negative,black,0.8804,negative,0.377,0,0.34,0.47,34
113,317,29,9,4,part_of_speech_classification,valence_classification,classification_1,positive_left,WJJW,,,black,lustig,adjective,positive,black,0.8804,positive,0.4165,0,0.34,0.47,34
113,318,30,9,4,part_of_speech_classification,valence_classification,classification_1,positive_left,WJJW,,,black,launisch,adjective,negative,black,0.8804,negative,0.2702,0,0.34,0.47,34
113,319,31,9,4,part_of_speech_classification,valence_classification,classification_1,positive_left,XVVX,,,black,liebe,noun,positive,black,0.8804,positive,0.4031,0,0.34,0.47,34
113,320,32,9,4,part_of_speech_classification,valence_classification,classification_1,positive_left,ZYYZ,,,black,einfall,noun,positive,black,0.8804,negative,0.2929,1,0.34,0.47,34
113,321,33,9,4,part_of_speech_classification,valence_classification,classification_1,positive_left,XVVX,,,black,entführung,noun,negative,black,0.8805,negative,0.5387,0,0.34,0.47,34
113,322,34,9,4,part_of_speech_classification,valence_classification,classification_1,positive_left,XVVX,,,black,einfall,noun,positive,black,0.8804,negative,0.2854,1,0.34,0.47,34
113,323,35,9,4,part_of_speech_classification,valence_classification,classification_1,positive_left,WJJW,,,black,eitel,adjective,negative,black,0.8804,positive,0.3769,1,0.34,0.47,34
113,324,36,9,4,part_of_speech_classification,valence_classification,classification_1,positive_left,MQQM,,,black,schön,adjective,positive,black,0.8808,positive,0.4592,0,0.34,0.47,34
113,325,37,9,4,part_of_speech_classification,valence_classification,classification_1,positive_left,ZYYZ,,,black,leiche,noun,negative,black,0.8805,positive,0.3687,1,0.34,0.47,34
113,326,38,9,4,part_of_speech_classification,valence_classification,classification_1,positive_left,WJJW,,,black,lustig,adjective,positive,black,0.8805,negative,0.4233,1,0.34,0.47,34
113,327,39,9,4,part_of_speech_classification,valence_classification,classification_1,positive_left,XVVX,,,black,spaß,noun,positive,black,0.8806,positive,0.4331,0,0.34,0.47,34
113,328,40,9,4,part_of_speech_classification,valence_classification,classification_1,positive_left,XVVX,,,black,entführung,noun,negative,black,0.8806,negative,0.4631,0,0.34,0.47,34
113,329,41,9,4,part_of_speech_classification,valence_classification,classification_1,positive_left,WJJW,,,black,launisch,adjective,negative,black,0.8804,negative,0.4685,0,0.34,0.47,34
113,330,42,9,4,part_of_speech_classification,valence_classification,classification_1,positive_left,MQQM,,,black,gütig,adjective,positive,black,0.8804,positive,0.3358,0,0.34,0.47,34
113,331,43,9,4,part_of_speech_classification,valence_classification,classification_1,positive_left,XVVX,,,black,liebe,noun,positive,black,0.8804,positive,0.4493,0,0.34,0.47,34
113,332,44,9,4,part_of_speech_classification,valence_classification,classification_1,positive_left,ZYYZ,,,black,gift,noun,negative,black,0.8804,negative,0.3156,0,0.34,0.47,34
113,333,45,9,4,part_of_speech_classification,valence_classification,classification_1,positive_left,WJJW,,,black,gierig,adjective,negative,black,0.8804,positive,0.3767,1,0.34,0.47,34
113,334,46,9,4,part_of_speech_classification,valence_classification,classification_1,positive_left,MQQM,,,black,schlecht,adjective,negative,black,0.8804,negative,0.3399,0,0.34,0.47,34
113,335,47,9,4,part_of_speech_classification,valence_classification,classification_1,positive_left,ZYYZ,,,black,leiche,noun,negative,black,0.8804,negative,0.3294,0,0.34,0.47,34
113,336,48,9,4,part_of_speech_classification,valence_classification,classification_1,positive_left,MQQM,,,black,ehrlich,adjective,positive,black,0.8805,positive,0.329,0,0.34,0.47,34
113,337,1,10,5,part_of_speech_classification,valence_classification,classification_1,positive_left,XVVX,,,black,leiche,noun,negative,black,0.8813,negative,0.5033,0,0.34,0.47,34
113,338,2,10,5,part_of_speech_classification,valence_classification,classification_1,positive_left,ZYYZ,,,black,leiche,noun,negative,black,0.8805,positive,0.2886,1,0.34,0.47,34
113,339,3,10,5,part_of_speech_classification,valence_classification,classification_1,positive_left,ZYYZ,,,black,spaß,noun,positive,black,0.8805,negative,0.3993,1,0.34,0.47,34
113,339,3,10,5,part_of_speech_classification,valence_classification,classification_1,positive_left,ZYYZ,,,black,spaß,noun,positive,black,0.8805,positive,0.4605,0,0.34,0.47,34
113,340,4,10,5,part_of_speech_classification,valence_classification,classification_1,positive_left,WJJW,,,black,launisch,adjective,negative,black,0.8805,negative,0.4633,0,0.34,0.47,34
113,341,5,10,5,part_of_speech_classification,valence_classification,classification_1,positive_left,WJJW,,,black,schön,adjective,positive,black,0.8804,positive,0.3146,0,0.34,0.47,34
113,342,6,10,5,part_of_speech_classification,valence_classification,classification_1,positive_left,MQQM,,,black,gierig,adjective,negative,black,0.8804,negative,0.5359,0,0.34,0.47,34
113,343,7,10,5,part_of_speech_classification,valence_classification,classification_1,positive_left,MQQM,,,black,schön,adjective,positive,black,0.8805,positive,0.3171,0,0.34,0.47,34
113,343,7,10,5,part_of_speech_classification,valence_classification,classification_1,positive_left,MQQM,,,black,schön,adjective,positive,black,0.8805,negative,0.4397,1,0.34,0.47,34
113,344,8,10,5,part_of_speech_classification,valence_classification,classification_1,positive_left,WJJW,,,black,launisch,adjective,negative,black,0.8805,negative,0.4031,0,0.34,0.47,34
113,345,9,10,5,part_of_speech_classification,valence_classification,classification_1,positive_left,WJJW,,,black,gütig,adjective,positive,black,0.8804,positive,0.3177,0,0.34,0.47,34
113,346,10,10,5,part_of_speech_classification,valence_classification,classification_1,positive_left,ZYYZ,,,black,glück,noun,positive,black,0.8804,positive,0.4402,0,0.34,0.47,34
113,347,11,10,5,part_of_speech_classification,valence_classification,classification_1,positive_left,MQQM,,,black,gierig,adjective,negative,black,0.8805,positive,0.3032,1,0.34,0.47,34
113,348,12,10,5,part_of_speech_classification,valence_classification,classification_1,positive_left,WJJW,,,black,schön,adjective,positive,black,0.8805,positive,0.4802,0,0.34,0.47,34
113,349,13,10,5,part_of_speech_classification,valence_classification,classification_1,positive_left,WJJW,,,black,lustig,adjective,positive,black,0.8805,negative,0.3038,1,0.34,0.47,34
113,350,14,10,5,part_of_speech_classification,valence_classification,classification_1,positive_left,XVVX,,,black,spaß,noun,positive,black,0.8804,positive,0.416,0,0.34,0.47,34
113,351,15,10,5,part_of_speech_classification,valence_classification,classification_1,positive_left,MQQM,,,black,ehrlich,adjective,positive,black,0.8805,positive,0.5068,0,0.34,0.47,34
113,352,16,10,5,part_of_speech_classification,valence_classification,classification_1,positive_left,ZYYZ,,,black,gift,noun,negative,black,0.8805,negative,0.3132,0,0.34,0.47,34
113,353,17,10,5,part_of_speech_classification,valence_classification,classification_1,positive_left,MQQM,,,black,ehrlich,adjective,positive,black,0.8805,positive,0.3575,0,0.34,0.47,34
113,354,18,10,5,part_of_speech_classification,valence_classification,classification_1,positive_left,XVVX,,,black,gift,noun,negative,black,0.8804,negative,0.4131,0,0.34,0.47,34
113,355,19,10,5,part_of_speech_classification,valence_classification,classification_1,positive_left,WJJW,,,black,gütig,adjective,positive,black,0.8804,positive,0.4454,0,0.34,0.47,34
113,356,20,10,5,part_of_speech_classification,valence_classification,classification_1,positive_left,MQQM,,,black,lustig,adjective,positive,black,0.8804,positive,0.5553,0,0.34,0.47,34
113,357,21,10,5,part_of_speech_classification,valence_classification,classification_1,positive_left,MQQM,,,black,lustig,adjective,positive,black,0.8805,positive,0.36,0,0.34,0.47,34
113,358,22,10,5,part_of_speech_classification,valence_classification,classification_1,positive_left,XVVX,,,black,einfall,noun,positive,black,0.8804,positive,0.3553,0,0.34,0.47,34
113,359,23,10,5,part_of_speech_classification,valence_classification,classification_1,positive_left,ZYYZ,,,black,schleim,noun,negative,black,0.8805,positive,0.4054,1,0.34,0.47,34
113,359,23,10,5,part_of_speech_classification,valence_classification,classification_1,positive_left,ZYYZ,,,black,schleim,noun,negative,black,0.8805,negative,0.5984,0,0.34,0.47,34
113,360,24,10,5,part_of_speech_classification,valence_classification,classification_1,positive_left,ZYYZ,,,black,liebe,noun,positive,black,0.8805,positive,0.3998,0,0.34,0.47,34
113,361,25,10,5,part_of_speech_classification,valence_classification,classification_1,positive_left,ZYYZ,,,black,schleim,noun,negative,black,0.8804,negative,0.423,0,0.34,0.47,34
113,362,26,10,5,part_of_speech_classification,valence_classification,classification_1,positive_left,XVVX,,,black,einfall,noun,positive,black,0.8805,positive,0.4131,0,0.34,0.47,34
113,363,27,10,5,part_of_speech_classification,valence_classification,classification_1,positive_left,WJJW,,,black,eitel,adjective,negative,black,0.8805,negative,0.572,0,0.34,0.47,34
113,364,28,10,5,part_of_speech_classification,valence_classification,classification_1,positive_left,MQQM,,,black,launisch,adjective,negative,black,0.8805,negative,0.5004,0,0.34,0.47,34
113,365,29,10,5,part_of_speech_classification,valence_classification,classification_1,positive_left,MQQM,,,black,ehrlich,adjective,positive,black,0.8804,positive,0.3178,0,0.34,0.47,34
113,366,30,10,5,part_of_speech_classification,valence_classification,classification_1,positive_left,WJJW,,,black,gierig,adjective,negative,black,0.8804,negative,0.4173,0,0.34,0.47,34
113,367,31,10,5,part_of_speech_classification,valence_classification,classification_1,positive_left,XVVX,,,black,glück,noun,positive,black,0.8805,negative,0.3931,1,0.34,0.47,34
113,368,32,10,5,part_of_speech_classification,valence_classification,classification_1,positive_left,MQQM,,,black,eitel,adjective,negative,black,0.8806,positive,0.4059,1,0.34,0.47,34
113,369,33,10,5,part_of_speech_classification,valence_classification,classification_1,positive_left,ZYYZ,,,black,glück,noun,positive,black,0.8804,positive,0.5932,0,0.34,0.47,34
113,370,34,10,5,part_of_speech_classification,valence_classification,classification_1,positive_left,WJJW,,,black,schlecht,adjective,negative,black,0.8804,negative,0.3753,0,0.34,0.47,34
113,371,35,10,5,part_of_speech_classification,valence_classification,classification_1,positive_left,XVVX,,,black,entführung,noun,negative,black,0.8805,negative,0.5128,0,0.34,0.47,34
113,372,36,10,5,part_of_speech_classification,valence_classification,classification_1,positive_left,ZYYZ,,,black,entführung,noun,negative,black,0.8805,negative,0.3853,0,0.34,0.47,34
113,373,37,10,5,part_of_speech_classification,valence_classification,classification_1,positive_left,XVVX,,,black,leiche,noun,negative,black,0.8804,positive,0.4654,1,0.34,0.47,34
113,374,38,10,5,part_of_speech_classification,valence_classification,classification_1,positive_left,XVVX,,,black,schleim,noun,negative,black,0.8805,negative,0.4558,0,0.34,0.47,34
113,375,39,10,5,part_of_speech_classification,valence_classification,classification_1,positive_left,ZYYZ,,,black,spaß,noun,positive,black,0.8804,positive,0.3055,0,0.34,0.47,34
113,376,40,10,5,part_of_speech_classification,valence_classification,classification_1,positive_left,ZYYZ,,,black,einfall,noun,positive,black,0.8804,positive,0.4397,0,0.34,0.47,34
113,377,41,10,5,part_of_speech_classification,valence_classification,classification_1,positive_left,MQQM,,,black,schlecht,adjective,negative,black,0.8804,positive,0.3403,1,0.34,0.47,34
113,378,42,10,5,part_of_speech_classification,valence_classification,classification_1,positive_left,ZYYZ,,,black,entführung,noun,negative,black,0.8805,negative,0.4031,0,0.34,0.47,34
113,379,43,10,5,part_of_speech_classification,valence_classification,classification_1,positive_left,WJJW,,,black,eitel,adjective,negative,black,0.8804,negative,0.4457,0,0.34,0.47,34
113,380,44,10,5,part_of_speech_classification,valence_classification,classification_1,positive_left,XVVX,,,black,liebe,noun,positive,black,0.8805,negative,0.2829,1,0.34,0.47,34
113,381,45,10,5,part_of_speech_classification,valence_classification,classification_1,positive_left,MQQM,,,black,schlecht,adjective,negative,black,0.8804,positive,0.3491,1,0.34,0.47,34
113,382,46,10,5,part_of_speech_classification,valence_classification,classification_1,positive_left,XVVX,,,black,liebe,noun,positive,black,0.8804,negative,0.3457,1,0.34,0.47,34
113,383,47,10,5,part_of_speech_classification,valence_classification,classification_1,positive_left,XVVX,,,black,gift,noun,negative,black,0.8804,negative,0.4055,0,0.34,0.47,34
113,384,48,10,5,part_of_speech_classification,valence_classification,classification_1,positive_left,WJJW,,,black,gütig,adjective,positive,black,0.8804,negative,0.3271,1,0.34,0.47,34
113,385,1,14,4,part_of_speech_classification,part_of_speech_classification,classification_2,noun_left,MQQM,,,black,gütig,adjective,positive,black,0.8827,adjective,0.5822,0,0.34,0.47,34
113,386,2,14,4,part_of_speech_classification,part_of_speech_classification,classification_2,noun_left,WJJW,,,black,leiche,noun,negative,black,0.8805,adjective,0.4431,1,0.34,0.47,34
113,387,3,14,4,part_of_speech_classification,part_of_speech_classification,classification_2,noun_left,ZYYZ,,,black,gift,noun,negative,black,0.8804,noun,0.4477,0,0.34,0.47,34
113,388,4,14,4,part_of_speech_classification,part_of_speech_classification,classification_2,noun_left,MQQM,,,black,lustig,adjective,positive,black,0.8805,adjective,0.6119,0,0.34,0.47,34
113,389,5,14,4,part_of_speech_classification,part_of_speech_classification,classification_2,noun_left,XVVX,,,black,liebe,noun,positive,black,0.8805,adjective,0.3648,1,0.34,0.47,34
113,390,6,14,4,part_of_speech_classification,part_of_speech_classification,classification_2,noun_left,XVVX,,,black,glück,noun,positive,black,0.8804,adjective,0.3579,1,0.34,0.47,34
113,391,7,14,4,part_of_speech_classification,part_of_speech_classification,classification_2,noun_left,WJJW,,,black,gift,noun,negative,black,0.8804,noun,0.5881,0,0.34,0.47,34
113,392,8,14,4,part_of_speech_classification,part_of_speech_classification,classification_2,noun_left,ZYYZ,,,black,entführung,noun,negative,black,0.8804,noun,0.5203,0,0.34,0.47,34
113,393,9,14,4,part_of_speech_classification,part_of_speech_classification,classification_2,noun_left,XVVX,,,black,ehrlich,adjective,positive,black,0.8805,adjective,0.4951,0,0.34,0.47,34
113,394,10,14,4,part_of_speech_classification,part_of_speech_classification,classification_2,noun_left,XVVX,,,black,lustig,adjective,positive,black,0.8804,noun,0.4869,1,0.34,0.47,34
113,395,11,14,4,part_of_speech_classification,part_of_speech_classification,classification_2,noun_left,WJJW,,,black,entführung,noun,negative,black,0.8804,noun,0.4818,0,0.34,0.47,34
113,395,11,14,4,part_of_speech_classification,part_of_speech_classification,classification_2,noun_left,WJJW,,,black,entführung,noun,negative,black,0.8804,adjective,0.6593,1,0.34,0.47,34
113,396,12,14,4,part_of_speech_classification,part_of_speech_classification,classification_2,noun_left,ZYYZ,,,black,schlecht,adjective,negative,black,0.8805,adjective,0.4667,0,0.34,0.47,34
113,397,13,14,4,part_of_speech_classification,part_of_speech_classification,classification_2,noun_left,ZYYZ,,,black,launisch,adjective,negative,black,0.8804,noun,0.5112,1,0.34,0.47,34
113,397,13,14,4,part_of_speech_classification,part_of_speech_classification,classification_2,noun_left,ZYYZ,,,black,launisch,adjective,negative,black,0.8804,adjective,0.6836,0,0.34,0.47,34
113,398,14,14,4,part_of_speech_classification,part_of_speech_classification,classification_2,noun_left,XVVX,,,black,lustig,adjective,positive,black,0.8805,noun,0.4557,1,0.34,0.47,34
113,399,15,14,4,part_of_speech_classification,part_of_speech_classification,classification_2,noun_left,XVVX,,,black,schön,adjective,positive,black,0.8805,noun,0.4898,1,0.34,0.47,34
113,400,16,14,4,part_of_speech_classification,part_of_speech_classification,classification_2,noun_left,ZYYZ,,,black,launisch,adjective,negative,black,0.8804,adjective,0.4269,0,0.34,0.47,34
113,401,17,14,4,part_of_speech_classification,part_of_speech_classification,classification_2,noun_left,MQQM,,,black,spaß,noun,positive,black,0.8805,adjective,0.3831,1,0.34,0.47,34
113,401,17,14,4,part_of_speech_classification,part_of_speech_classification,classification_2,noun_left,MQQM,,,black,spaß,noun,positive,black,0.8805,noun,0.5658,0,0.34,0.47,34
113,402,18,14,4,part_of_speech_classification,part_of_speech_classification,classification_2,noun_left,WJJW,,,black,eitel,adjective,negative,black,0.8805,adjective,0.5278,0,0.34,0.47,34
113,403,19,14,4,part_of_speech_classification,part_of_speech_classification,classification_2,noun_left,MQQM,,,black,gütig,adjective,positive,black,0.8808,noun,0.3565,1,0.34,0.47,34
113,404,20,14,4,part_of_speech_classification,part_of_speech_classification,classification_2,noun_left,XVVX,,,black,liebe,noun,positive,black,0.8808,adjective,0.5374,1,0.34,0.47,34
113,405,21,14,4,part_of_speech_classification,part_of_speech_classification,classification_2,noun_left,MQQM,,,black,glück,noun,positive,black,0.8804,adjective,0.4432,1,0.34,0.47,34
113,406,22,14,4,part_of_speech_classification,part_of_speech_classification,classification_2,noun_left,ZYYZ,,,black,gift,noun,negative,black,0.8804,noun,0.5067,0,0.34,0.47,34
113,407,23,14,4,part_of_speech_classification,part_of_speech_classification,classification_2,noun_left,MQQM,,,black,einfall,noun,positive,black,0.8804,noun,0.5424,0,0.34,0.47,34
113,408,24,14,4,part_of_speech_classification,part_of_speech_classification,classification_2,noun_left,WJJW,,,black,eitel,adjective,negative,black,0.8804,noun,0.3453,1,0.34,0.47,34
113,408,24,14,4,part_of_speech_classification,part_of_speech_classification,classification_2,noun_left,WJJW,,,black,eitel,adjective,negative,black,0.8804,adjective,0.4989,0,0.34,0.47,34
113,409,25,14,4,part_of_speech_classification,part_of_speech_classification,classification_2,noun_left,XVVX,,,black,ehrlich,adjective,positive,black,0.8804,noun,0.4703,1,0.34,0.47,34
113,410,26,14,4,part_of_speech_classification,part_of_speech_classification,classification_2,noun_left,XVVX,,,black,spaß,noun,positive,black,0.8805,noun,0.7078,0,0.34,0.47,34
113,411,27,14,4,part_of_speech_classification,part_of_speech_classification,classification_2,noun_left,WJJW,,,black,schlecht,adjective,negative,black,0.8805,adjective,0.2953,0,0.34,0.47,34
113,412,28,14,4,part_of_speech_classification,part_of_speech_classification,classification_2,noun_left,XVVX,,,black,einfall,noun,positive,black,0.8804,noun,0.3672,0,0.34,0.47,34
113,413,29,14,4,part_of_speech_classification,part_of_speech_classification,classification_2,noun_left,WJJW,,,black,schleim,noun,negative,black,0.8805,adjective,0.3952,1,0.34,0.47,34
113,414,30,14,4,part_of_speech_classification,part_of_speech_classification,classification_2,noun_left,ZYYZ,,,black,schleim,noun,negative,black,0.8805,adjective,0.4162,1,0.34,0.47,34
113,415,31,14,4,part_of_speech_classification,part_of_speech_classification,classification_2,noun_left,ZYYZ,,,black,schleim,noun,negative,black,0.8804,noun,0.5999,0,0.34,0.47,34
113,416,32,14,4,part_of_speech_classification,part_of_speech_classification,classification_2,noun_left,MQQM,,,black,gütig,adjective,positive,black,0.8804,adjective,0.4056,0,0.34,0.47,34
113,417,33,14,4,part_of_speech_classification,part_of_speech_classification,classification_2,noun_left,XVVX,,,black,ehrlich,adjective,positive,black,0.8805,noun,0.4387,1,0.34,0.47,34
113,418,34,14,4,part_of_speech_classification,part_of_speech_classification,classification_2,noun_left,ZYYZ,,,black,leiche,noun,negative,black,0.8804,noun,0.4454,0,0.34,0.47,34
113,419,35,14,4,part_of_speech_classification,part_of_speech_classification,classification_2,noun_left,ZYYZ,,,black,schlecht,adjective,negative,black,0.8807,adjective,0.3377,0,0.34,0.47,34
113,420,36,14,4,part_of_speech_classification,part_of_speech_classification,classification_2,noun_left,WJJW,,,black,gierig,adjective,negative,black,0.8805,adjective,0.4748,0,0.34,0.47,34
113,421,37,14,4,part_of_speech_classification,part_of_speech_classification,classification_2,noun_left,MQQM,,,black,schön,adjective,positive,black,0.8805,noun,0.3055,1,0.34,0.47,34
113,421,37,14,4,part_of_speech_classification,part_of_speech_classification,classification_2,noun_left,MQQM,,,black,schön,adjective,positive,black,0.8805,adjective,0.4779,0,0.34,0.47,34
113,422,38,14,4,part_of_speech_classification,part_of_speech_classification,classification_2,noun_left,ZYYZ,,,black,launisch,adjective,negative,black,0.8804,adjective,2.1293,0,0.34,0.47,34
113,423,39,14,4,part_of_speech_classification,part_of_speech_classification,classification_2,noun_left,XVVX,,,black,glück,noun,positive,black,0.8805,noun,0.5569,0,0.34,0.47,34
113,424,40,14,4,part_of_speech_classification,part_of_speech_classification,classification_2,noun_left,WJJW,,,black,entführung,noun,negative,black,0.8805,adjective,0.2869,1,0.34,0.47,34
113,425,41,14,4,part_of_speech_classification,part_of_speech_classification,classification_2,noun_left,WJJW,,,black,eitel,adjective,negative,black,0.8805,adjective,0.5857,0,0.34,0.47,34
113,426,42,14,4,part_of_speech_classification,part_of_speech_classification,classification_2,noun_left,ZYYZ,,,black,gierig,adjective,negative,black,0.8804,adjective,0.5357,0,0.34,0.47,34
113,427,43,14,4,part_of_speech_classification,part_of_speech_classification,classification_2,noun_left,MQQM,,,black,liebe,noun,positive,black,0.8804,adjective,0.3346,1,0.34,0.47,34
113,428,44,14,4,part_of_speech_classification,part_of_speech_classification,classification_2,noun_left,WJJW,,,black,gierig,adjective,negative,black,0.8807,adjective,0.4496,0,0.34,0.47,34
113,429,45,14,4,part_of_speech_classification,part_of_speech_classification,classification_2,noun_left,MQQM,,,black,spaß,noun,positive,black,0.8804,noun,0.4066,0,0.34,0.47,34
113,430,46,14,4,part_of_speech_classification,part_of_speech_classification,classification_2,noun_left,MQQM,,,black,einfall,noun,positive,black,0.8804,noun,0.4592,0,0.34,0.47,34
113,431,47,14,4,part_of_speech_classification,part_of_speech_classification,classification_2,noun_left,MQQM,,,black,schön,adjective,positive,black,0.8804,adjective,0.418,0,0.34,0.47,34
113,432,48,14,4,part_of_speech_classification,part_of_speech_classification,classification_2,noun_left,WJJW,,,black,leiche,noun,negative,black,0.8804,noun,0.3353,0,0.34,0.47,34
113,433,1,15,5,part_of_speech_classification,part_of_speech_classification,classification_2,noun_left,ZYYZ,,,black,launisch,adjective,negative,black,0.8808,adjective,0.3733,0,0.34,0.47,34
113,434,2,15,5,part_of_speech_classification,part_of_speech_classification,classification_2,noun_left,XVVX,,,black,spaß,noun,positive,black,0.8805,noun,0.2969,0,0.34,0.47,34
113,435,3,15,5,part_of_speech_classification,part_of_speech_classification,classification_2,noun_left,MQQM,,,black,gütig,adjective,positive,black,0.8804,adjective,0.4071,0,0.34,0.47,34
113,436,4,15,5,part_of_speech_classification,part_of_speech_classification,classification_2,noun_left,WJJW,,,black,gift,noun,negative,black,0.8805,noun,0.2964,0,0.34,0.47,34
113,437,5,15,5,part_of_speech_classification,part_of_speech_classification,classification_2,noun_left,MQQM,,,black,schön,adjective,positive,black,0.8804,adjective,0.328,0,0.34,0.47,34
113,438,6,15,5,part_of_speech_classification,part_of_speech_classification,classification_2,noun_left,MQQM,,,black,einfall,noun,positive,black,0.8804,noun,0.3361,0,0.34,0.47,34
113,439,7,15,5,part_of_speech_classification,part_of_speech_classification,classification_2,noun_left,WJJW,,,black,entführung,noun,negative,black,0.8805,adjective,0.3038,1,0.34,0.47,34
113,440,8,15,5,part_of_speech_classification,part_of_speech_classification,classification_2,noun_left,WJJW,,,black,leiche,noun,negative,black,0.8805,noun,0.4431,0,0.34,0.47,34
113,441,9,15,5,part_of_speech_classification,part_of_speech_classification,classification_2,noun_left,WJJW,,,black,eitel,adjective,negative,black,0.8804,adjective,0.4632,0,0.34,0.47,34
113,442,10,15,5,part_of_speech_classification,part_of_speech_classification,classification_2,noun_left,XVVX,,,black,lustig,adjective,positive,black,0.8804,noun,0.293,1,0.34,0.47,34
113,443,11,15,5,part_of_speech_classification,part_of_speech_classification,classification_2,noun_left,XVVX,,,black,schön,adjective,positive,black,0.8805,adjective,0.4331,0,0.34,0.47,34
113,444,12,15,5,part_of_speech_classification,part_of_speech_classification,classification_2,noun_left,MQQM,,,black,gütig,adjective,positive,black,0.8804,adjective,0.4927,0,0.34,0.47,34
113,445,13,15,5,part_of_speech_classification,part_of_speech_classification,classification_2,noun_left,WJJW,,,black,schleim,noun,negative,black,0.8804,adjective,0.2856,1,0.34,0.47,34
113,446,14,15,5,part_of_speech_classification,part_of_speech_classification,classification_2,noun_left,XVVX,,,black,lustig,adjective,positive,black,0.8804,noun,0.2897,1,0.34,0.47,34
113,447,15,15,5,part_of_speech_classification,part_of_speech_classification,classification_2,noun_left,ZYYZ,,,black,schlecht,adjective,negative,black,0.8807,adjective,0.513,0,0.34,0.47,34
113,448,16,15,5,part_of_speech_classification,part_of_speech_classification,classification_2,noun_left,ZYYZ,,,black,eitel,adjective,negative,black,0.8804,noun,0.2866,1,0.34,0.47,34
113,449,17,15,5,part_of_speech_classification,part_of_speech_classification,classification_2,noun_left,MQQM,,,black,gütig,adjective,positive,black,0.8805,adjective,0.3848,0,0.34,0.47,34
113,450,18,15,5,part_of_speech_classification,part_of_speech_classification,classification_2,noun_left,WJJW,,,black,schlecht,adjective,negative,black,0.8805,adjective,0.4194,0,0.34,0.47,34
113,451,19,15,5,part_of_speech_classification,part_of_speech_classification,classification_2,noun_left,WJJW,,,black,gift,noun,negative,black,0.8805,noun,0.3067,0,0.34,0.47,34
113,452,20,15,5,part_of_speech_classification,part_of_speech_classification,classification_2,noun_left,ZYYZ,,,black,schleim,noun,negative,black,0.8804,adjective,0.3689,1,0.34,0.47,34
113,453,21,15,5,part_of_speech_classification,part_of_speech_classification,classification_2,noun_left,ZYYZ,,,black,gierig,adjective,negative,black,0.8804,adjective,0.4432,0,0.34,0.47,34
113,454,22,15,5,part_of_speech_classification,part_of_speech_classification,classification_2,noun_left,MQQM,,,black,liebe,noun,positive,black,0.8804,noun,0.383,0,0.34,0.47,34
113,455,23,15,5,part_of_speech_classification,part_of_speech_classification,classification_2,noun_left,MQQM,,,black,spaß,noun,positive,black,0.8805,noun,0.5206,0,0.34,0.47,34
113,456,24,15,5,part_of_speech_classification,part_of_speech_classification,classification_2,noun_left,ZYYZ,,,black,schleim,noun,negative,black,0.8804,noun,0.5217,0,0.34,0.47,34
113,457,25,15,5,part_of_speech_classification,part_of_speech_classification,classification_2,noun_left,MQQM,,,black,liebe,noun,positive,black,0.8804,noun,0.4458,0,0.34,0.47,34
113,458,26,15,5,part_of_speech_classification,part_of_speech_classification,classification_2,noun_left,XVVX,,,black,einfall,noun,positive,black,0.8804,noun,0.4254,0,0.34,0.47,34
113,459,27,15,5,part_of_speech_classification,part_of_speech_classification,classification_2,noun_left,WJJW,,,black,schlecht,adjective,negative,black,0.8804,adjective,0.4232,0,0.34,0.47,34
113,460,28,15,5,part_of_speech_classification,part_of_speech_classification,classification_2,noun_left,XVVX,,,black,einfall,noun,positive,black,0.8805,noun,0.3953,0,0.34,0.47,34
113,461,29,15,5,part_of_speech_classification,part_of_speech_classification,classification_2,noun_left,ZYYZ,,,black,gift,noun,negative,black,0.8805,noun,0.3532,0,0.34,0.47,34
113,462,30,15,5,part_of_speech_classification,part_of_speech_classification,classification_2,noun_left,XVVX,,,black,glück,noun,positive,black,0.8805,noun,0.3285,0,0.34,0.47,34
113,463,31,15,5,part_of_speech_classification,part_of_speech_classification,classification_2,noun_left,MQQM,,,black,schön,adjective,positive,black,0.8805,noun,0.3154,1,0.34,0.47,34
113,464,32,15,5,part_of_speech_classification,part_of_speech_classification,classification_2,noun_left,XVVX,,,black,ehrlich,adjective,positive,black,0.8805,adjective,0.2956,0,0.34,0.47,34
113,465,33,15,5,part_of_speech_classification,part_of_speech_classification,classification_2,noun_left,XVVX,,,black,liebe,noun,positive,black,0.8804,noun,0.3679,0,0.34,0.47,34
113,466,34,15,5,part_of_speech_classification,part_of_speech_classification,classification_2,noun_left,WJJW,,,black,eitel,adjective,negative,black,0.8805,adjective,0.2865,0,0.34,0.47,34
113,467,35,15,5,part_of_speech_classification,part_of_speech_classification,classification_2,noun_left,XVVX,,,black,ehrlich,adjective,positive,black,0.8804,adjective,0.4846,0,0.34,0.47,34
113,468,36,15,5,part_of_speech_classification,part_of_speech_classification,classification_2,noun_left,ZYYZ,,,black,launisch,adjective,negative,black,0.8804,adjective,0.3266,0,0.34,0.47,34
113,469,37,15,5,part_of_speech_classification,part_of_speech_classification,classification_2,noun_left,MQQM,,,black,spaß,noun,positive,black,0.8805,adjective,0.3531,1,0.34,0.47,34
113,470,38,15,5,part_of_speech_classification,part_of_speech_classification,classification_2,noun_left,ZYYZ,,,black,gierig,adjective,negative,black,0.8805,noun,0.3387,1,0.34,0.47,34
113,471,39,15,5,part_of_speech_classification,part_of_speech_classification,classification_2,noun_left,ZYYZ,,,black,leiche,noun,negative,black,0.8805,noun,0.4031,0,0.34,0.47,34
113,472,40,15,5,part_of_speech_classification,part_of_speech_classification,classification_2,noun_left,XVVX,,,black,glück,noun,positive,black,0.8804,adjective,0.3704,1,0.34,0.47,34
113,473,41,15,5,part_of_speech_classification,part_of_speech_classification,classification_2,noun_left,WJJW,,,black,leiche,noun,negative,black,0.8804,noun,0.4632,0,0.34,0.47,34
113,474,42,15,5,part_of_speech_classification,part_of_speech_classification,classification_2,noun_left,WJJW,,,black,launisch,adjective,negative,black,0.8804,adjective,0.4057,0,0.34,0.47,34
113,475,43,15,5,part_of_speech_classification,part_of_speech_classification,classification_2,noun_left,ZYYZ,,,black,entführung,noun,negative,black,0.8805,adjective,0.4304,1,0.34,0.47,34
113,476,44,15,5,part_of_speech_classification,part_of_speech_classification,classification_2,noun_left,XVVX,,,black,ehrlich,adjective,positive,black,0.8804,adjective,0.3985,0,0.34,0.47,34
113,477,45,15,5,part_of_speech_classification,part_of_speech_classification,classification_2,noun_left,WJJW,,,black,gierig,adjective,negative,black,0.8805,adjective,0.4136,0,0.34,0.47,34
113,478,46,15,5,part_of_speech_classification,part_of_speech_classification,classification_2,noun_left,MQQM,,,black,glück,noun,positive,black,0.8805,adjective,0.4401,1,0.34,0.47,34
113,478,46,15,5,part_of_speech_classification,part_of_speech_classification,classification_2,noun_left,MQQM,,,black,glück,noun,positive,black,0.8805,noun,0.5027,0,0.34,0.47,34
113,479,47,15,5,part_of_speech_classification,part_of_speech_classification,classification_2,noun_left,MQQM,,,black,lustig,adjective,positive,black,0.8804,adjective,0.3731,0,0.34,0.47,34
113,480,48,15,5,part_of_speech_classification,part_of_speech_classification,classification_2,noun_left,ZYYZ,,,black,entführung,noun,negative,black,0.8804,noun,0.3959,0,0.34,0.47,34
113,485,1,17,1,part_of_speech_classification,prime_discrimination,prime_discrimination,none,WJJW,,,black,schlecht,adjective,negative,black,0.9325,,,,0.34,0.47,34
113,485,1,17,1,part_of_speech_classification,prime_discrimination,prime_discrimination,none,WJJW,,,black,schlecht,adjective,negative,black,,stim2,2764.876800007187,,,,34
113,486,2,17,1,part_of_speech_classification,prime_discrimination,prime_discrimination,none,ZYYZ,,,black,liebe,noun,positive,black,0.9305,,,,0.34,0.47,34
113,486,2,17,1,part_of_speech_classification,prime_discrimination,prime_discrimination,none,ZYYZ,,,black,liebe,noun,positive,black,,stim1;ZYYZ,1020.8378999959677,,,,34
113,487,3,17,1,part_of_speech_classification,prime_discrimination,prime_discrimination,none,MQQM,,,black,gütig,adjective,positive,black,0.9306,,,,0.34,0.47,34
113,487,3,17,1,part_of_speech_classification,prime_discrimination,prime_discrimination,none,MQQM,,,black,gütig,adjective,positive,black,,stim0,3726.271799998358,,,,34
113,488,4,17,1,part_of_speech_classification,prime_discrimination,prime_discrimination,none,XVVX,,,black,glück,noun,positive,black,0.932,,,,0.34,0.47,34
113,488,4,17,1,part_of_speech_classification,prime_discrimination,prime_discrimination,none,XVVX,,,black,glück,noun,positive,black,,stim0,2433.4251999971457,,,,34
113,489,5,17,1,part_of_speech_classification,prime_discrimination,prime_discrimination,none,XVVX,,,black,einfall,noun,positive,black,0.9305,,,,0.34,0.47,34
113,489,5,17,1,part_of_speech_classification,prime_discrimination,prime_discrimination,none,XVVX,,,black,einfall,noun,positive,black,,stim2;WJJW,2964.114200003678,,,,34
113,490,6,17,1,part_of_speech_classification,prime_discrimination,prime_discrimination,none,ZYYZ,,,black,gierig,adjective,negative,black,0.9305,,,,0.34,0.47,34
113,490,6,17,1,part_of_speech_classification,prime_discrimination,prime_discrimination,none,ZYYZ,,,black,gierig,adjective,negative,black,,stim2;WJJW,3720.7177999953274,,,,34
113,491,7,17,1,part_of_speech_classification,prime_discrimination,prime_discrimination,none,WJJW,,,black,spaß,noun,positive,black,0.9305,,,,0.34,0.47,34
113,491,7,17,1,part_of_speech_classification,prime_discrimination,prime_discrimination,none,WJJW,,,black,spaß,noun,positive,black,,stim3,3314.644700003555,,,,34
113,492,8,17,1,part_of_speech_classification,prime_discrimination,prime_discrimination,none,XVVX,,,black,launisch,adjective,negative,black,0.9305,,,,0.34,0.47,34
113,492,8,17,1,part_of_speech_classification,prime_discrimination,prime_discrimination,none,XVVX,,,black,launisch,adjective,negative,black,,stim0;XVVX,1282.915799994953,,,,34
113,493,9,17,1,part_of_speech_classification,prime_discrimination,prime_discrimination,none,ZYYZ,,,black,lustig,adjective,positive,black,0.9305,,,,0.34,0.47,34
113,493,9,17,1,part_of_speech_classification,prime_discrimination,prime_discrimination,none,ZYYZ,,,black,lustig,adjective,positive,black,,stim2,2436.70399999246,,,,34
113,494,10,17,1,part_of_speech_classification,prime_discrimination,prime_discrimination,none,MQQM,,,black,schön,adjective,positive,black,0.9305,,,,0.34,0.47,34
113,494,10,17,1,part_of_speech_classification,prime_discrimination,prime_discrimination,none,MQQM,,,black,schön,adjective,positive,black,,stim0,2641.324199998053,,,,34
113,495,11,17,1,part_of_speech_classification,prime_discrimination,prime_discrimination,none,MQQM,,,black,ehrlich,adjective,positive,black,0.9305,,,,0.34,0.47,34
113,495,11,17,1,part_of_speech_classification,prime_discrimination,prime_discrimination,none,MQQM,,,black,ehrlich,adjective,positive,black,,stim3;MQQM,1892.1680999919772,,,,34
113,496,12,17,1,part_of_speech_classification,prime_discrimination,prime_discrimination,none,WJJW,,,black,eitel,adjective,negative,black,0.9305,,,,0.34,0.47,34
113,496,12,17,1,part_of_speech_classification,prime_discrimination,prime_discrimination,none,WJJW,,,black,eitel,adjective,negative,black,,stim0,1834.7071000025608,,,,34
113,497,1,18,2,part_of_speech_classification,prime_discrimination,prime_discrimination,none,XVVX,,,black,schleim,noun,negative,black,0.8828,,,,0.34,0.47,34
113,497,1,18,2,part_of_speech_classification,prime_discrimination,prime_discrimination,none,XVVX,,,black,schleim,noun,negative,black,,stim2;WJJW,4233.719099982409,,,,34
113,498,2,18,2,part_of_speech_classification,prime_discrimination,prime_discrimination,none,XVVX,,,black,gift,noun,negative,black,0.9105,,,,0.34,0.47,34
113,498,2,18,2,part_of_speech_classification,prime_discrimination,prime_discrimination,none,XVVX,,,black,gift,noun,negative,black,,stim1,1530.936399998609,,,,34
113,499,3,18,2,part_of_speech_classification,prime_discrimination,prime_discrimination,none,MQQM,,,black,gierig,adjective,negative,black,0.8806,,,,0.34,0.47,34
113,499,3,18,2,part_of_speech_classification,prime_discrimination,prime_discrimination,none,MQQM,,,black,gierig,adjective,negative,black,,stim0;XVVX,1808.3526999980677,,,,34
113,500,4,18,2,part_of_speech_classification,prime_discrimination,prime_discrimination,none,ZYYZ,,,black,entführung,noun,negative,black,0.8805,,,,0.34,0.47,34
113,500,4,18,2,part_of_speech_classification,prime_discrimination,prime_discrimination,none,ZYYZ,,,black,entführung,noun,negative,black,,stim3,1189.9765999987721,,,,34
113,501,5,18,2,part_of_speech_classification,prime_discrimination,prime_discrimination,none,ZYYZ,,,black,launisch,adjective,negative,black,0.8804,,,,0.34,0.47,34
113,501,5,18,2,part_of_speech_classification,prime_discrimination,prime_discrimination,none,ZYYZ,,,black,launisch,adjective,negative,black,,stim1,2724.7304000193253,,,,34
113,502,6,18,2,part_of_speech_classification,prime_discrimination,prime_discrimination,none,ZYYZ,,,black,gütig,adjective,positive,black,0.8805,,,,0.34,0.47,34
113,502,6,18,2,part_of_speech_classification,prime_discrimination,prime_discrimination,none,ZYYZ,,,black,gütig,adjective,positive,black,,stim3,1981.3435999967624,,,,34
113,503,7,18,2,part_of_speech_classification,prime_discrimination,prime_discrimination,none,WJJW,,,black,schleim,noun,negative,black,0.8804,,,,0.34,0.47,34
113,503,7,18,2,part_of_speech_classification,prime_discrimination,prime_discrimination,none,WJJW,,,black,schleim,noun,negative,black,,stim0,2147.796900011599,,,,34
113,504,8,18,2,part_of_speech_classification,prime_discrimination,prime_discrimination,none,XVVX,,,black,gütig,adjective,positive,black,0.8804,,,,0.34,0.47,34
113,504,8,18,2,part_of_speech_classification,prime_discrimination,prime_discrimination,none,XVVX,,,black,gütig,adjective,positive,black,,stim3;MQQM,1836.88620000612,,,,34
113,505,9,18,2,part_of_speech_classification,prime_discrimination,prime_discrimination,none,MQQM,,,black,einfall,noun,positive,black,0.8804,,,,0.34,0.47,34
113,505,9,18,2,part_of_speech_classification,prime_discrimination,prime_discrimination,none,MQQM,,,black,einfall,noun,positive,black,,stim1;ZYYZ,2581.95490000071,,,,34
113,506,10,18,2,part_of_speech_classification,prime_discrimination,prime_discrimination,none,WJJW,,,black,lustig,adjective,positive,black,0.8804,,,,0.34,0.47,34
113,506,10,18,2,part_of_speech_classification,prime_discrimination,prime_discrimination,none,WJJW,,,black,lustig,adjective,positive,black,,stim0,2430.288000003202,,,,34
113,507,11,18,2,part_of_speech_classification,prime_discrimination,prime_discrimination,none,WJJW,,,black,ehrlich,adjective,positive,black,0.8804,,,,0.34,0.47,34
113,507,11,18,2,part_of_speech_classification,prime_discrimination,prime_discrimination,none,WJJW,,,black,ehrlich,adjective,positive,black,,stim0,2347.991999995429,,,,34
113,508,12,18,2,part_of_speech_classification,prime_discrimination,prime_discrimination,none,ZYYZ,,,black,spaß,noun,positive,black,0.8804,,,,0.34,0.47,34
113,508,12,18,2,part_of_speech_classification,prime_discrimination,prime_discrimination,none,ZYYZ,,,black,spaß,noun,positive,black,,stim3,1427.5434000010137,,,,34
113,509,13,18,2,part_of_speech_classification,prime_discrimination,prime_discrimination,none,XVVX,,,black,gütig,adjective,positive,black,0.8804,,,,0.34,0.47,34
113,509,13,18,2,part_of_speech_classification,prime_discrimination,prime_discrimination,none,XVVX,,,black,gütig,adjective,positive,black,,stim0,1522.3846999870148,,,,34
113,510,14,18,2,part_of_speech_classification,prime_discrimination,prime_discrimination,none,MQQM,,,black,spaß,noun,positive,black,0.8805,,,,0.34,0.47,34
113,510,14,18,2,part_of_speech_classification,prime_discrimination,prime_discrimination,none,MQQM,,,black,spaß,noun,positive,black,,stim2,1051.5665000129957,,,,34
113,511,15,18,2,part_of_speech_classification,prime_discrimination,prime_discrimination,none,MQQM,,,black,schlecht,adjective,negative,black,0.8804,,,,0.34,0.47,34
113,511,15,18,2,part_of_speech_classification,prime_discrimination,prime_discrimination,none,MQQM,,,black,schlecht,adjective,negative,black,,stim3,2278.054800000973,,,,34
113,512,16,18,2,part_of_speech_classification,prime_discrimination,prime_discrimination,none,XVVX,,,black,schön,adjective,positive,black,0.8807,,,,0.34,0.47,34
113,512,16,18,2,part_of_speech_classification,prime_discrimination,prime_discrimination,none,XVVX,,,black,schön,adjective,positive,black,,stim0,1344.8175999801606,,,,34
113,513,17,18,2,part_of_speech_classification,prime_discrimination,prime_discrimination,none,WJJW,,,black,ehrlich,adjective,positive,black,0.8805,,,,0.34,0.47,34
113,513,17,18,2,part_of_speech_classification,prime_discrimination,prime_discrimination,none,WJJW,,,black,ehrlich,adjective,positive,black,,stim0,1380.899900017539,,,,34
113,514,18,18,2,part_of_speech_classification,prime_discrimination,prime_discrimination,none,ZYYZ,,,black,leiche,noun,negative,black,0.8805,,,,0.34,0.47,34
113,514,18,18,2,part_of_speech_classification,prime_discrimination,prime_discrimination,none,ZYYZ,,,black,leiche,noun,negative,black,,stim1;ZYYZ,1611.2606000097003,,,,34
113,515,19,18,2,part_of_speech_classification,prime_discrimination,prime_discrimination,none,MQQM,,,black,liebe,noun,positive,black,0.8805,,,,0.34,0.47,34
113,515,19,18,2,part_of_speech_classification,prime_discrimination,prime_discrimination,none,MQQM,,,black,liebe,noun,positive,black,,stim3;MQQM,1890.9704000107013,,,,34
113,516,20,18,2,part_of_speech_classification,prime_discrimination,prime_discrimination,none,WJJW,,,black,schlecht,adjective,negative,black,0.8805,,,,0.34,0.47,34
113,516,20,18,2,part_of_speech_classification,prime_discrimination,prime_discrimination,none,WJJW,,,black,schlecht,adjective,negative,black,,stim1,2255.5201000068337,,,,34
113,517,21,18,2,part_of_speech_classification,prime_discrimination,prime_discrimination,none,ZYYZ,,,black,liebe,noun,positive,black,0.8805,,,,0.34,0.47,34
113,517,21,18,2,part_of_speech_classification,prime_discrimination,prime_discrimination,none,ZYYZ,,,black,liebe,noun,positive,black,,stim3,1359.8166999872774,,,,34
113,518,22,18,2,part_of_speech_classification,prime_discrimination,prime_discrimination,none,MQQM,,,black,schön,adjective,positive,black,0.8805,,,,0.34,0.47,34
113,518,22,18,2,part_of_speech_classification,prime_discrimination,prime_discrimination,none,MQQM,,,black,schön,adjective,positive,black,,stim1;ZYYZ,1475.5238000070676,,,,34
113,519,23,18,2,part_of_speech_classification,prime_discrimination,prime_discrimination,none,MQQM,,,black,eitel,adjective,negative,black,0.8805,,,,0.34,0.47,34
113,519,23,18,2,part_of_speech_classification,prime_discrimination,prime_discrimination,none,MQQM,,,black,eitel,adjective,negative,black,,stim3;MQQM,2151.4660000102594,,,,34
113,520,24,18,2,part_of_speech_classification,prime_discrimination,prime_discrimination,none,XVVX,,,black,ehrlich,adjective,positive,black,0.8804,,,,0.34,0.47,34
113,520,24,18,2,part_of_speech_classification,prime_discrimination,prime_discrimination,none,XVVX,,,black,ehrlich,adjective,positive,black,,stim0,1115.664699987974,,,,34
113,521,25,18,2,part_of_speech_classification,prime_discrimination,prime_discrimination,none,XVVX,,,black,launisch,adjective,negative,black,0.9104,,,,0.34,0.47,34
113,521,25,18,2,part_of_speech_classification,prime_discrimination,prime_discrimination,none,XVVX,,,black,launisch,adjective,negative,black,,stim3,971.8684999970719,,,,34
113,522,26,18,2,part_of_speech_classification,prime_discrimination,prime_discrimination,none,XVVX,,,black,gierig,adjective,negative,black,0.8805,,,,0.34,0.47,34
113,522,26,18,2,part_of_speech_classification,prime_discrimination,prime_discrimination,none,XVVX,,,black,gierig,adjective,negative,black,,stim2,2156.5684000088368,,,,34
113,523,27,18,2,part_of_speech_classification,prime_discrimination,prime_discrimination,none,ZYYZ,,,black,schön,adjective,positive,black,0.8814,,,,0.34,0.47,34
113,523,27,18,2,part_of_speech_classification,prime_discrimination,prime_discrimination,none,ZYYZ,,,black,schön,adjective,positive,black,,stim0,1283.5882999934256,,,,34
113,524,28,18,2,part_of_speech_classification,prime_discrimination,prime_discrimination,none,WJJW,,,black,einfall,noun,positive,black,0.8805,,,,0.34,0.47,34
113,524,28,18,2,part_of_speech_classification,prime_discrimination,prime_discrimination,none,WJJW,,,black,einfall,noun,positive,black,,stim3,1517.8898999874946,,,,34
113,525,29,18,2,part_of_speech_classification,prime_discrimination,prime_discrimination,none,MQQM,,,black,glück,noun,positive,black,0.8804,,,,0.34,0.47,34
113,525,29,18,2,part_of_speech_classification,prime_discrimination,prime_discrimination,none,MQQM,,,black,glück,noun,positive,black,,stim0,2427.1280999819282,,,,34
113,526,30,18,2,part_of_speech_classification,prime_discrimination,prime_discrimination,none,ZYYZ,,,black,leiche,noun,negative,black,0.881,,,,0.34,0.47,34
113,526,30,18,2,part_of_speech_classification,prime_discrimination,prime_discrimination,none,ZYYZ,,,black,leiche,noun,negative,black,,stim3;MQQM,1509.0483000094537,,,,34
113,527,31,18,2,part_of_speech_classification,prime_discrimination,prime_discrimination,none,MQQM,,,black,gift,noun,negative,black,0.8805,,,,0.34,0.47,34
113,527,31,18,2,part_of_speech_classification,prime_discrimination,prime_discrimination,none,MQQM,,,black,gift,noun,negative,black,,stim1;ZYYZ,1149.1725000087172,,,,34
113,528,32,18,2,part_of_speech_classification,prime_discrimination,prime_discrimination,none,ZYYZ,,,black,eitel,adjective,negative,black,0.8804,,,,0.34,0.47,34
113,528,32,18,2,part_of_speech_classification,prime_discrimination,prime_discrimination,none,ZYYZ,,,black,eitel,adjective,negative,black,,stim0,1414.2185000237077,,,,34
113,529,33,18,2,part_of_speech_classification,prime_discrimination,prime_discrimination,none,XVVX,,,black,lustig,adjective,positive,black,0.8804,,,,0.34,0.47,34
113,529,33,18,2,part_of_speech_classification,prime_discrimination,prime_discrimination,none,XVVX,,,black,lustig,adjective,positive,black,,stim2;WJJW,1372.714500001166,,,,34
113,530,34,18,2,part_of_speech_classification,prime_discrimination,prime_discrimination,none,WJJW,,,black,launisch,adjective,negative,black,0.8805,,,,0.34,0.47,34
113,530,34,18,2,part_of_speech_classification,prime_discrimination,prime_discrimination,none,WJJW,,,black,launisch,adjective,negative,black,,stim3,1012.4302000040188,,,,34
113,531,35,18,2,part_of_speech_classification,prime_discrimination,prime_discrimination,none,ZYYZ,,,black,lustig,adjective,positive,black,0.8804,,,,0.34,0.47,34
113,531,35,18,2,part_of_speech_classification,prime_discrimination,prime_discrimination,none,ZYYZ,,,black,lustig,adjective,positive,black,,stim0,673.2835000148043,,,,34
113,532,36,18,2,part_of_speech_classification,prime_discrimination,prime_discrimination,none,WJJW,,,black,spaß,noun,positive,black,0.8804,,,,0.34,0.47,34
113,532,36,18,2,part_of_speech_classification,prime_discrimination,prime_discrimination,none,WJJW,,,black,spaß,noun,positive,black,,stim1;ZYYZ,3036.0029000148643,,,,34
113,533,37,18,2,part_of_speech_classification,prime_discrimination,prime_discrimination,none,WJJW,,,black,glück,noun,positive,black,0.8805,,,,0.34,0.47,34
113,533,37,18,2,part_of_speech_classification,prime_discrimination,prime_discrimination,none,WJJW,,,black,glück,noun,positive,black,,stim1,1686.558999994304,,,,34
113,534,38,18,2,part_of_speech_classification,prime_discrimination,prime_discrimination,none,XVVX,,,black,eitel,adjective,negative,black,0.8804,,,,0.34,0.47,34
113,534,38,18,2,part_of_speech_classification,prime_discrimination,prime_discrimination,none,XVVX,,,black,eitel,adjective,negative,black,,stim0,1858.091100002639,,,,34
113,535,39,18,2,part_of_speech_classification,prime_discrimination,prime_discrimination,none,ZYYZ,,,black,gift,noun,negative,black,0.9105,,,,0.34,0.47,34
113,535,39,18,2,part_of_speech_classification,prime_discrimination,prime_discrimination,none,ZYYZ,,,black,gift,noun,negative,black,,stim2,901.1807999922894,,,,34
113,536,40,18,2,part_of_speech_classification,prime_discrimination,prime_discrimination,none,WJJW,,,black,gierig,adjective,negative,black,0.8804,,,,0.34,0.47,34
113,536,40,18,2,part_of_speech_classification,prime_discrimination,prime_discrimination,none,WJJW,,,black,gierig,adjective,negative,black,,stim3,1188.36889998056,,,,34
113,537,41,18,2,part_of_speech_classification,prime_discrimination,prime_discrimination,none,WJJW,,,black,schön,adjective,positive,black,0.8809,,,,0.34,0.47,34
113,537,41,18,2,part_of_speech_classification,prime_discrimination,prime_discrimination,none,WJJW,,,black,schön,adjective,positive,black,,stim0,1264.8715000250377,,,,34
113,538,42,18,2,part_of_speech_classification,prime_discrimination,prime_discrimination,none,XVVX,,,black,entführung,noun,negative,black,0.8804,,,,0.34,0.47,34
113,538,42,18,2,part_of_speech_classification,prime_discrimination,prime_discrimination,none,XVVX,,,black,entführung,noun,negative,black,,stim0,703.1501999881584,,,,34
113,539,43,18,2,part_of_speech_classification,prime_discrimination,prime_discrimination,none,WJJW,,,black,lustig,adjective,positive,black,0.8805,,,,0.34,0.47,34
113,539,43,18,2,part_of_speech_classification,prime_discrimination,prime_discrimination,none,WJJW,,,black,lustig,adjective,positive,black,,stim1,822.1637999813538,,,,34
113,540,44,18,2,part_of_speech_classification,prime_discrimination,prime_discrimination,none,XVVX,,,black,einfall,noun,positive,black,0.8806,,,,0.34,0.47,34
113,540,44,18,2,part_of_speech_classification,prime_discrimination,prime_discrimination,none,XVVX,,,black,einfall,noun,positive,black,,stim2;WJJW,1093.9355999871623,,,,34
113,541,45,18,2,part_of_speech_classification,prime_discrimination,prime_discrimination,none,MQQM,,,black,liebe,noun,positive,black,0.8805,,,,0.34,0.47,34
113,541,45,18,2,part_of_speech_classification,prime_discrimination,prime_discrimination,none,MQQM,,,black,liebe,noun,positive,black,,stim3;MQQM,1086.085200018715,,,,34
113,542,46,18,2,part_of_speech_classification,prime_discrimination,prime_discrimination,none,MQQM,,,black,ehrlich,adjective,positive,black,0.8805,,,,0.34,0.47,34
113,542,46,18,2,part_of_speech_classification,prime_discrimination,prime_discrimination,none,MQQM,,,black,ehrlich,adjective,positive,black,,stim0,709.1058999940287,,,,34
113,543,47,18,2,part_of_speech_classification,prime_discrimination,prime_discrimination,none,ZYYZ,,,black,entführung,noun,negative,black,0.8806,,,,0.34,0.47,34
113,543,47,18,2,part_of_speech_classification,prime_discrimination,prime_discrimination,none,ZYYZ,,,black,entführung,noun,negative,black,,stim0,1151.1297000106424,,,,34
113,544,48,18,2,part_of_speech_classification,prime_discrimination,prime_discrimination,none,MQQM,,,black,schlecht,adjective,negative,black,0.9105,,,,0.34,0.47,34
113,544,48,18,2,part_of_speech_classification,prime_discrimination,prime_discrimination,none,MQQM,,,black,schlecht,adjective,negative,black,,stim1,1326.571400015382,,,,34
113,545,49,18,2,part_of_speech_classification,prime_discrimination,prime_discrimination,none,XVVX,,,black,glück,noun,positive,black,0.8807,,,,0.34,0.47,34
113,545,49,18,2,part_of_speech_classification,prime_discrimination,prime_discrimination,none,XVVX,,,black,glück,noun,positive,black,,stim0,610.5494000075851,,,,34
113,546,50,18,2,part_of_speech_classification,prime_discrimination,prime_discrimination,none,MQQM,,,black,leiche,noun,negative,black,0.8805,,,,0.34,0.47,34
113,546,50,18,2,part_of_speech_classification,prime_discrimination,prime_discrimination,none,MQQM,,,black,leiche,noun,negative,black,,stim0;XVVX,1250.941000005696,,,,34
113,547,51,18,2,part_of_speech_classification,prime_discrimination,prime_discrimination,none,ZYYZ,,,black,schleim,noun,negative,black,0.8804,,,,0.34,0.47,34
113,547,51,18,2,part_of_speech_classification,prime_discrimination,prime_discrimination,none,ZYYZ,,,black,schleim,noun,negative,black,,stim3,1746.3701000087894,,,,34
113,548,52,18,2,part_of_speech_classification,prime_discrimination,prime_discrimination,none,WJJW,,,black,gütig,adjective,positive,black,0.8805,,,,0.34,0.47,34
113,548,52,18,2,part_of_speech_classification,prime_discrimination,prime_discrimination,none,WJJW,,,black,gütig,adjective,positive,black,,stim2,1078.5055999876931,,,,34
113,549,1,19,3,part_of_speech_classification,prime_discrimination,prime_discrimination,none,MQQM,,,black,schlecht,adjective,negative,black,0.881,,,,0.34,0.47,34
113,549,1,19,3,part_of_speech_classification,prime_discrimination,prime_discrimination,none,MQQM,,,black,schlecht,adjective,negative,black,,stim0;XVVX,935.2784999937285,,,,34
113,550,2,19,3,part_of_speech_classification,prime_discrimination,prime_discrimination,none,ZYYZ,,,black,leiche,noun,negative,black,0.8805,,,,0.34,0.47,34
113,550,2,19,3,part_of_speech_classification,prime_discrimination,prime_discrimination,none,ZYYZ,,,black,leiche,noun,negative,black,,stim3;MQQM,610.3874999971595,,,,34
113,551,3,19,3,part_of_speech_classification,prime_discrimination,prime_discrimination,none,WJJW,,,black,schleim,noun,negative,black,0.9105,,,,0.34,0.47,34
113,551,3,19,3,part_of_speech_classification,prime_discrimination,prime_discrimination,none,WJJW,,,black,schleim,noun,negative,black,,stim0;XVVX,731.3531000108924,,,,34
113,552,4,19,3,part_of_speech_classification,prime_discrimination,prime_discrimination,none,ZYYZ,,,black,launisch,adjective,negative,black,0.8804,,,,0.34,0.47,34
113,552,4,19,3,part_of_speech_classification,prime_discrimination,prime_discrimination,none,ZYYZ,,,black,launisch,adjective,negative,black,,stim1,1409.8311999987345,,,,34
113,553,5,19,3,part_of_speech_classification,prime_discrimination,prime_discrimination,none,MQQM,,,black,gütig,adjective,positive,black,0.8804,,,,0.34,0.47,34
113,553,5,19,3,part_of_speech_classification,prime_discrimination,prime_discrimination,none,MQQM,,,black,gütig,adjective,positive,black,,stim2,2399.1782999946736,,,,34
113,554,6,19,3,part_of_speech_classification,prime_discrimination,prime_discrimination,none,MQQM,,,black,ehrlich,adjective,positive,black,0.8804,,,,0.34,0.47,34
113,554,6,19,3,part_of_speech_classification,prime_discrimination,prime_discrimination,none,MQQM,,,black,ehrlich,adjective,positive,black,,stim0,1116.6866999992635,,,,34
113,555,7,19,3,part_of_speech_classification,prime_discrimination,prime_discrimination,none,WJJW,,,black,gütig,adjective,positive,black,0.8805,,,,0.34,0.47,34
113,555,7,19,3,part_of_speech_classification,prime_discrimination,prime_discrimination,none,WJJW,,,black,gütig,adjective,positive,black,,stim1,1101.832899992587,,,,34
113,556,8,19,3,part_of_speech_classification,prime_discrimination,prime_discrimination,none,WJJW,,,black,gütig,adjective,positive,black,0.8804,,,,0.34,0.47,34
113,556,8,19,3,part_of_speech_classification,prime_discrimination,prime_discrimination,none,WJJW,,,black,gütig,adjective,positive,black,,stim2,2390.5513000208884,,,,34
113,557,9,19,3,part_of_speech_classification,prime_discrimination,prime_discrimination,none,WJJW,,,black,spaß,noun,positive,black,0.8805,,,,0.34,0.47,34
113,557,9,19,3,part_of_speech_classification,prime_discrimination,prime_discrimination,none,WJJW,,,black,spaß,noun,positive,black,,stim3,661.6802999924403,,,,34
113,558,10,19,3,part_of_speech_classification,prime_discrimination,prime_discrimination,none,MQQM,,,black,glück,noun,positive,black,0.8805,,,,0.34,0.47,34
113,558,10,19,3,part_of_speech_classification,prime_discrimination,prime_discrimination,none,MQQM,,,black,glück,noun,positive,black,,stim0;XVVX,732.4909000017215,,,,34
113,559,11,19,3,part_of_speech_classification,prime_discrimination,prime_discrimination,none,XVVX,,,black,spaß,noun,positive,black,0.8806,,,,0.34,0.47,34
113,559,11,19,3,part_of_speech_classification,prime_discrimination,prime_discrimination,none,XVVX,,,black,spaß,noun,positive,black,,stim3;MQQM,917.0881000172812,,,,34
113,560,12,19,3,part_of_speech_classification,prime_discrimination,prime_discrimination,none,MQQM,,,black,spaß,noun,positive,black,0.8804,,,,0.34,0.47,34
113,560,12,19,3,part_of_speech_classification,prime_discrimination,prime_discrimination,none,MQQM,,,black,spaß,noun,positive,black,,stim1,772.6881999988109,,,,34
113,561,13,19,3,part_of_speech_classification,prime_discrimination,prime_discrimination,none,MQQM,,,black,entführung,noun,negative,black,0.8804,,,,0.34,0.47,34
113,561,13,19,3,part_of_speech_classification,prime_discrimination,prime_discrimination,none,MQQM,,,black,entführung,noun,negative,black,,stim0;XVVX,1661.5106000099331,,,,34
113,562,14,19,3,part_of_speech_classification,prime_discrimination,prime_discrimination,none,WJJW,,,black,gift,noun,negative,black,0.9104,,,,0.34,0.47,34
113,562,14,19,3,part_of_speech_classification,prime_discrimination,prime_discrimination,none,WJJW,,,black,gift,noun,negative,black,,stim3,1341.7882999929134,,,,34
113,563,15,19,3,part_of_speech_classification,prime_discrimination,prime_discrimination,none,XVVX,,,black,gift,noun,negative,black,0.8804,,,,0.34,0.47,34
113,563,15,19,3,part_of_speech_classification,prime_discrimination,prime_discrimination,none,XVVX,,,black,gift,noun,negative,black,,stim0;XVVX,775.2248000178952,,,,34
113,564,16,19,3,part_of_speech_classification,prime_discrimination,prime_discrimination,none,XVVX,,,black,einfall,noun,positive,black,0.8804,,,,0.34,0.47,34
113,564,16,19,3,part_of_speech_classification,prime_discrimination,prime_discrimination,none,XVVX,,,black,einfall,noun,positive,black,,stim2;WJJW,907.8787000034936,,,,34
113,565,17,19,3,part_of_speech_classification,prime_discrimination,prime_discrimination,none,XVVX,,,black,ehrlich,adjective,positive,black,0.8805,,,,0.34,0.47,34
113,565,17,19,3,part_of_speech_classification,prime_discrimination,prime_discrimination,none,XVVX,,,black,ehrlich,adjective,positive,black,,stim3,1210.26379999239,,,,34
113,566,18,19,3,part_of_speech_classification,prime_discrimination,prime_discrimination,none,XVVX,,,black,liebe,noun,positive,black,0.8804,,,,0.34,0.47,34
113,566,18,19,3,part_of_speech_classification,prime_discrimination,prime_discrimination,none,XVVX,,,black,liebe,noun,positive,black,,stim3,1632.6803999836557,,,,34
113,567,19,19,3,part_of_speech_classification,prime_discrimination,prime_discrimination,none,ZYYZ,,,black,gift,noun,negative,black,0.8805,,,,0.34,0.47,34
113,567,19,19,3,part_of_speech_classification,prime_discrimination,prime_discrimination,none,ZYYZ,,,black,gift,noun,negative,black,,stim1;ZYYZ,819.3019000173081,,,,34
113,568,20,19,3,part_of_speech_classification,prime_discrimination,prime_discrimination,none,XVVX,,,black,schleim,noun,negative,black,0.8805,,,,0.34,0.47,34
113,568,20,19,3,part_of_speech_classification,prime_discrimination,prime_discrimination,none,XVVX,,,black,schleim,noun,negative,black,,stim0,1030.3180000046268,,,,34
113,569,21,19,3,part_of_speech_classification,prime_discrimination,prime_discrimination,none,MQQM,,,black,leiche,noun,negative,black,0.8805,,,,0.34,0.47,34
113,569,21,19,3,part_of_speech_classification,prime_discrimination,prime_discrimination,none,MQQM,,,black,leiche,noun,negative,black,,stim0;XVVX,915.4942000168376,,,,34
113,570,22,19,3,part_of_speech_classification,prime_discrimination,prime_discrimination,none,WJJW,,,black,eitel,adjective,negative,black,0.8805,,,,0.34,0.47,34
113,570,22,19,3,part_of_speech_classification,prime_discrimination,prime_discrimination,none,WJJW,,,black,eitel,adjective,negative,black,,stim2;WJJW,2140.6527000071947,,,,34
113,571,23,19,3,part_of_speech_classification,prime_discrimination,prime_discrimination,none,XVVX,,,black,lustig,adjective,positive,black,0.8804,,,,0.34,0.47,34
113,571,23,19,3,part_of_speech_classification,prime_discrimination,prime_discrimination,none,XVVX,,,black,lustig,adjective,positive,black,,stim3;MQQM,1071.8355000135489,,,,34
113,572,24,19,3,part_of_speech_classification,prime_discrimination,prime_discrimination,none,XVVX,,,black,schleim,noun,negative,black,0.8805,,,,0.34,0.47,34
113,572,24,19,3,part_of_speech_classification,prime_discrimination,prime_discrimination,none,XVVX,,,black,schleim,noun,negative,black,,stim0,715.0105999899097,,,,34
113,573,25,19,3,part_of_speech_classification,prime_discrimination,prime_discrimination,none,WJJW,,,black,schlecht,adjective,negative,black,0.8804,,,,0.34,0.47,34
113,573,25,19,3,part_of_speech_classification,prime_discrimination,prime_discrimination,none,WJJW,,,black,schlecht,adjective,negative,black,,stim2;WJJW,1388.314999989234,,,,34
113,574,26,19,3,part_of_speech_classification,prime_discrimination,prime_discrimination,none,XVVX,,,black,liebe,noun,positive,black,0.8804,,,,0.34,0.47,34
113,574,26,19,3,part_of_speech_classification,prime_discrimination,prime_discrimination,none,XVVX,,,black,liebe,noun,positive,black,,stim3;MQQM,653.6801000183914,,,,34
113,575,27,19,3,part_of_speech_classification,prime_discrimination,prime_discrimination,none,XVVX,,,black,gütig,adjective,positive,black,0.8804,,,,0.34,0.47,34
113,575,27,19,3,part_of_speech_classification,prime_discrimination,prime_discrimination,none,XVVX,,,black,gütig,adjective,positive,black,,stim0,566.3163000135683,,,,34
113,576,28,19,3,part_of_speech_classification,prime_discrimination,prime_discrimination,none,WJJW,,,black,gierig,adjective,negative,black,0.8805,,,,0.34,0.47,34
113,576,28,19,3,part_of_speech_classification,prime_discrimination,prime_discrimination,none,WJJW,,,black,gierig,adjective,negative,black,,stim3,1069.609300000593,,,,34
113,577,29,19,3,part_of_speech_classification,prime_discrimination,prime_discrimination,none,MQQM,,,black,eitel,adjective,negative,black,0.8804,,,,0.34,0.47,34
113,577,29,19,3,part_of_speech_classification,prime_discrimination,prime_discrimination,none,MQQM,,,black,eitel,adjective,negative,black,,stim0,789.2977000155952,,,,34
113,578,30,19,3,part_of_speech_classification,prime_discrimination,prime_discrimination,none,XVVX,,,black,schön,adjective,positive,black,0.8804,,,,0.34,0.47,34
113,578,30,19,3,part_of_speech_classification,prime_discrimination,prime_discrimination,none,XVVX,,,black,schön,adjective,positive,black,,stim0,1154.7237999911886,,,,34
113,579,31,19,3,part_of_speech_classification,prime_discrimination,prime_discrimination,none,ZYYZ,,,black,schön,adjective,positive,black,0.8805,,,,0.34,0.47,34
113,579,31,19,3,part_of_speech_classification,prime_discrimination,prime_discrimination,none,ZYYZ,,,black,schön,adjective,positive,black,,stim3,790.924000000814,,,,34
113,580,32,19,3,part_of_speech_classification,prime_discrimination,prime_discrimination,none,WJJW,,,black,schön,adjective,positive,black,0.8805,,,,0.34,0.47,34
113,580,32,19,3,part_of_speech_classification,prime_discrimination,prime_discrimination,none,WJJW,,,black,schön,adjective,positive,black,,stim0,886.5950999897905,,,,34
113,581,33,19,3,part_of_speech_classification,prime_discrimination,prime_discrimination,none,WJJW,,,black,lustig,adjective,positive,black,0.8805,,,,0.34,0.47,34
113,581,33,19,3,part_of_speech_classification,prime_discrimination,prime_discrimination,none,WJJW,,,black,lustig,adjective,positive,black,,stim0;XVVX,693.9980999741238,,,,34
113,582,34,19,3,part_of_speech_classification,prime_discrimination,prime_discrimination,none,ZYYZ,,,black,leiche,noun,negative,black,0.8805,,,,0.34,0.47,34
113,582,34,19,3,part_of_speech_classification,prime_discrimination,prime_discrimination,none,ZYYZ,,,black,leiche,noun,negative,black,,stim2;WJJW,810.7149999996182,,,,34
113,583,35,19,3,part_of_speech_classification,prime_discrimination,prime_discrimination,none,ZYYZ,,,black,launisch,adjective,negative,black,0.8804,,,,0.34,0.47,34
113,583,35,19,3,part_of_speech_classification,prime_discrimination,prime_discrimination,none,ZYYZ,,,black,launisch,adjective,negative,black,,stim2,1383.357500017155,,,,34
113,584,36,19,3,part_of_speech_classification,prime_discrimination,prime_discrimination,none,MQQM,,,black,eitel,adjective,negative,black,0.8805,,,,0.34,0.47,34
113,584,36,19,3,part_of_speech_classification,prime_discrimination,prime_discrimination,none,MQQM,,,black,eitel,adjective,negative,black,,stim2,1072.5443999981508,,,,34
113,585,37,19,3,part_of_speech_classification,prime_discrimination,prime_discrimination,none,ZYYZ,,,black,entführung,noun,negative,black,0.9105,,,,0.34,0.47,34
113,585,37,19,3,part_of_speech_classification,prime_discrimination,prime_discrimination,none,ZYYZ,,,black,entführung,noun,negative,black,,stim3,1291.6626000078395,,,,34
113,586,38,19,3,part_of_speech_classification,prime_discrimination,prime_discrimination,none,ZYYZ,,,black,einfall,noun,positive,black,0.8805,,,,0.34,0.47,34
113,586,38,19,3,part_of_speech_classification,prime_discrimination,prime_discrimination,none,ZYYZ,,,black,einfall,noun,positive,black,,stim0;XVVX,826.2562000018079,,,,34
113,587,39,19,3,part_of_speech_classification,prime_discrimination,prime_discrimination,none,MQQM,,,black,launisch,adjective,negative,black,0.8804,,,,0.34,0.47,34
113,587,39,19,3,part_of_speech_classification,prime_discrimination,prime_discrimination,none,MQQM,,,black,launisch,adjective,negative,black,,stim0;XVVX,1481.6777000087313,,,,34
113,588,40,19,3,part_of_speech_classification,prime_discrimination,prime_discrimination,none,WJJW,,,black,lustig,adjective,positive,black,0.8804,,,,0.34,0.47,34
113,588,40,19,3,part_of_speech_classification,prime_discrimination,prime_discrimination,none,WJJW,,,black,lustig,adjective,positive,black,,stim1;ZYYZ,1059.7598000022117,,,,34
113,589,41,19,3,part_of_speech_classification,prime_discrimination,prime_discrimination,none,MQQM,,,black,lustig,adjective,positive,black,0.8805,,,,0.34,0.47,34
113,589,41,19,3,part_of_speech_classification,prime_discrimination,prime_discrimination,none,MQQM,,,black,lustig,adjective,positive,black,,stim3;MQQM,642.5996000180021,,,,34
113,590,42,19,3,part_of_speech_classification,prime_discrimination,prime_discrimination,none,XVVX,,,black,gierig,adjective,negative,black,0.9106,,,,0.34,0.47,34
113,590,42,19,3,part_of_speech_classification,prime_discrimination,prime_discrimination,none,XVVX,,,black,gierig,adjective,negative,black,,stim0,531.6884999920148,,,,34
113,591,43,19,3,part_of_speech_classification,prime_discrimination,prime_discrimination,none,ZYYZ,,,black,glück,noun,positive,black,0.8806,,,,0.34,0.47,34
113,591,43,19,3,part_of_speech_classification,prime_discrimination,prime_discrimination,none,ZYYZ,,,black,glück,noun,positive,black,,stim0,3129.940200014971,,,,34
113,592,44,19,3,part_of_speech_classification,prime_discrimination,prime_discrimination,none,XVVX,,,black,gierig,adjective,negative,black,0.8805,,,,0.34,0.47,34
113,592,44,19,3,part_of_speech_classification,prime_discrimination,prime_discrimination,none,XVVX,,,black,gierig,adjective,negative,black,,stim1;ZYYZ,404.6442999970168,,,,34
113,593,45,19,3,part_of_speech_classification,prime_discrimination,prime_discrimination,none,MQQM,,,black,einfall,noun,positive,black,0.8805,,,,0.34,0.47,34
113,593,45,19,3,part_of_speech_classification,prime_discrimination,prime_discrimination,none,MQQM,,,black,einfall,noun,positive,black,,stim1,1587.6529999950435,,,,34
113,594,46,19,3,part_of_speech_classification,prime_discrimination,prime_discrimination,none,WJJW,,,black,ehrlich,adjective,positive,black,0.8805,,,,0.34,0.47,34
113,594,46,19,3,part_of_speech_classification,prime_discrimination,prime_discrimination,none,WJJW,,,black,ehrlich,adjective,positive,black,,stim1,605.7387000182644,,,,34
113,595,47,19,3,part_of_speech_classification,prime_discrimination,prime_discrimination,none,ZYYZ,,,black,schön,adjective,positive,black,0.8805,,,,0.34,0.47,34
113,595,47,19,3,part_of_speech_classification,prime_discrimination,prime_discrimination,none,ZYYZ,,,black,schön,adjective,positive,black,,stim0,1743.1532999908086,,,,34
113,596,48,19,3,part_of_speech_classification,prime_discrimination,prime_discrimination,none,ZYYZ,,,black,glück,noun,positive,black,0.8804,,,,0.34,0.47,34
113,596,48,19,3,part_of_speech_classification,prime_discrimination,prime_discrimination,none,ZYYZ,,,black,glück,noun,positive,black,,stim1,1172.9690000065602,,,,34
113,597,49,19,3,part_of_speech_classification,prime_discrimination,prime_discrimination,none,ZYYZ,,,black,ehrlich,adjective,positive,black,0.8805,,,,0.34,0.47,34
113,597,49,19,3,part_of_speech_classification,prime_discrimination,prime_discrimination,none,ZYYZ,,,black,ehrlich,adjective,positive,black,,stim1;ZYYZ,1284.17040000204,,,,34
113,598,50,19,3,part_of_speech_classification,prime_discrimination,prime_discrimination,none,MQQM,,,black,entführung,noun,negative,black,0.8805,,,,0.34,0.47,34
113,598,50,19,3,part_of_speech_classification,prime_discrimination,prime_discrimination,none,MQQM,,,black,entführung,noun,negative,black,,stim0;XVVX,1659.396500006551,,,,34
113,599,51,19,3,part_of_speech_classification,prime_discrimination,prime_discrimination,none,ZYYZ,,,black,liebe,noun,positive,black,0.8805,,,,0.34,0.47,34
113,599,51,19,3,part_of_speech_classification,prime_discrimination,prime_discrimination,none,ZYYZ,,,black,liebe,noun,positive,black,,stim3,648.6675000051036,,,,34
113,600,52,19,3,part_of_speech_classification,prime_discrimination,prime_discrimination,none,WJJW,,,black,schlecht,adjective,negative,black,0.8806,,,,0.34,0.47,34
113,600,52,19,3,part_of_speech_classification,prime_discrimination,prime_discrimination,none,WJJW,,,black,schlecht,adjective,negative,black,,stim1,940.5287000117823,,,,34
113,601,1,20,1,part_of_speech_classification,color_matching,matching,match_right,WJJW,adjective,negative,brown,✲✲✲liebe✲✲✲✲,noun,positive,brown,0.5394,match,2.2109,0,0.4671,0.6028,65.39199293522232
113,602,2,20,1,part_of_speech_classification,color_matching,matching,match_right,ZYYZ,noun,negative,blue,✲entführung✲,noun,negative,brown,0.4932,match,0.8984,1,0.4671,0.6028,65.39199293522232
113,603,3,20,1,part_of_speech_classification,color_matching,matching,match_right,MQQM,adjective,positive,blue,✲✲✲schön✲✲✲✲,adjective,positive,brown,0.4932,match,3.0855,1,0.4671,0.6028,65.39199293522232
113,604,4,20,1,part_of_speech_classification,color_matching,matching,match_right,MQQM,adjective,positive,brown,✲✲✲gütig✲✲✲✲,adjective,positive,brown,0.4932,match,9.9906,0,0.4671,0.6028,65.39199293522232
113,605,5,20,1,part_of_speech_classification,color_matching,matching,match_right,ZYYZ,noun,negative,brown,✲✲✲✲spaß✲✲✲✲,noun,positive,blue,0.4932,match,4.8044,1,0.4671,0.6028,65.39199293522232
113,606,6,20,1,part_of_speech_classification,color_matching,matching,match_right,ZYYZ,noun,negative,blue,✲✲✲glück✲✲✲✲,noun,positive,brown,0.4932,match,0.7585,1,0.4671,0.6028,65.39199293522232
113,607,7,20,1,part_of_speech_classification,color_matching,matching,match_right,XVVX,noun,positive,brown,✲✲✲glück✲✲✲✲,noun,positive,blue,0.4932,match,3.6946,1,0.4671,0.6028,65.39199293522232
113,608,8,20,1,part_of_speech_classification,color_matching,matching,match_right,WJJW,adjective,negative,brown,✲entführung✲,noun,negative,brown,0.4932,nonmatch,0.8711,1,0.4671,0.6028,65.39199293522232
113,609,9,20,1,part_of_speech_classification,color_matching,matching,match_right,XVVX,noun,positive,blue,✲✲✲✲spaß✲✲✲✲,noun,positive,blue,0.4932,match,3.4002,0,0.4671,0.6028,65.39199293522232
113,610,10,20,1,part_of_speech_classification,color_matching,matching,match_right,MQQM,adjective,positive,blue,✲✲✲gierig✲✲✲,adjective,negative,blue,0.4932,match,1.4073,0,0.4671,0.6028,65.39199293522232
113,611,11,20,1,part_of_speech_classification,color_matching,matching,match_right,ZYYZ,noun,negative,blue,✲✲ehrlich✲✲✲,adjective,positive,blue,0.4932,match,0.8952,0,0.4671,0.6028,65.39199293522232
113,612,12,20,1,part_of_speech_classification,color_matching,matching,match_right,WJJW,adjective,negative,brown,✲✲✲eitel✲✲✲✲,adjective,negative,brown,0.4932,nonmatch,0.639,1,0.4671,0.6028,65.39199293522232
113,613,13,20,1,part_of_speech_classification,color_matching,matching,match_right,WJJW,adjective,negative,blue,✲✲✲glück✲✲✲✲,noun,positive,brown,0.4932,match,0.8716,1,0.4671,0.6028,65.39199293522232
113,614,14,20,1,part_of_speech_classification,color_matching,matching,match_right,WJJW,adjective,negative,blue,✲✲launisch✲✲,adjective,negative,blue,0.4933,nonmatch,1.3122,1,0.4671,0.6028,65.39199293522232
113,615,15,20,1,part_of_speech_classification,color_matching,matching,match_right,MQQM,adjective,positive,blue,✲✲✲✲spaß✲✲✲✲,noun,positive,blue,0.4932,match,2.9203,0,0.4671,0.6028,65.39199293522232
113,616,16,20,1,part_of_speech_classification,color_matching,matching,match_right,XVVX,noun,positive,blue,✲✲✲liebe✲✲✲✲,noun,positive,brown,0.4934,nonmatch,1.2225,0,0.4671,0.6028,65.39199293522232
113,617,17,20,1,part_of_speech_classification,color_matching,matching,match_right,XVVX,noun,positive,blue,✲✲✲schön✲✲✲✲,adjective,positive,blue,0.4932,match,1.4698,0,0.4671,0.6028,65.39199293522232
113,618,18,20,1,part_of_speech_classification,color_matching,matching,match_right,MQQM,adjective,positive,brown,✲✲schlecht✲✲,adjective,negative,brown,0.4932,nonmatch,0.4533,1,0.4671,0.6028,65.39199293522232
113,619,19,20,1,part_of_speech_classification,color_matching,matching,match_right,MQQM,adjective,positive,brown,✲✲einfall✲✲✲,noun,positive,brown,0.4932,nonmatch,4.5018,1,0.4671,0.6028,65.39199293522232
113,620,20,20,1,part_of_speech_classification,color_matching,matching,match_right,XVVX,noun,positive,blue,✲entführung✲,noun,negative,blue,0.4933,nonmatch,3.934,1,0.4671,0.6028,65.39199293522232
113,621,21,20,1,part_of_speech_classification,color_matching,matching,match_right,WJJW,adjective,negative,brown,✲✲✲gierig✲✲✲,adjective,negative,blue,0.4932,match,1.1266,1,0.4671,0.6028,65.39199293522232
113,622,22,20,1,part_of_speech_classification,color_matching,matching,match_right,WJJW,adjective,negative,blue,✲✲schlecht✲✲,adjective,negative,brown,0.4932,nonmatch,3.5593,0,0.4671,0.6028,65.39199293522232
113,623,23,20,1,part_of_speech_classification,color_matching,matching,match_right,ZYYZ,noun,negative,brown,✲✲✲gierig✲✲✲,adjective,negative,brown,0.4932,nonmatch,1.7218,1,0.4671,0.6028,65.39199293522232
113,624,24,20,1,part_of_speech_classification,color_matching,matching,match_right,XVVX,noun,positive,brown,✲✲✲gütig✲✲✲✲,adjective,positive,brown,0.4932,match,1.5516,0,0.4671,0.6028,65.39199293522232
113,625,25,20,1,part_of_speech_classification,color_matching,matching,match_right,XVVX,noun,positive,brown,✲✲schleim✲✲✲,noun,negative,brown,0.4932,match,0.8781,0,0.4671,0.6028,65.39199293522232
113,626,26,20,1,part_of_speech_classification,color_matching,matching,match_right,ZYYZ,noun,negative,brown,✲✲✲eitel✲✲✲✲,adjective,negative,blue,0.4932,nonmatch,0.7111,0,0.4671,0.6028,65.39199293522232
113,627,27,20,1,part_of_speech_classification,color_matching,matching,match_right,MQQM,adjective,positive,brown,✲✲✲✲gift✲✲✲✲,noun,negative,brown,0.494,nonmatch,1.9499,1,0.4671,0.6028,65.39199293522232
113,628,28,20,1,part_of_speech_classification,color_matching,matching,match_right,MQQM,adjective,positive,blue,✲✲✲lustig✲✲✲,adjective,positive,blue,0.4932,match,1.4328,0,0.4671,0.6028,65.39199293522232
113,629,29,20,1,part_of_speech_classification,color_matching,matching,match_right,ZYYZ,noun,negative,blue,✲✲✲gütig✲✲✲✲,adjective,positive,brown,0.4932,nonmatch,1.9514,0,0.4671,0.6028,65.39199293522232
113,630,30,20,1,part_of_speech_classification,color_matching,matching,match_right,ZYYZ,noun,negative,brown,✲✲schleim✲✲✲,noun,negative,blue,0.4932,nonmatch,1.8947,0,0.4671,0.6028,65.39199293522232
113,631,31,20,1,part_of_speech_classification,color_matching,matching,match_right,MQQM,adjective,positive,blue,✲✲schleim✲✲✲,noun,negative,brown,0.4964,match,1.8759,1,0.4671,0.6028,65.39199293522232
113,632,32,20,1,part_of_speech_classification,color_matching,matching,match_right,ZYYZ,noun,negative,blue,✲✲schlecht✲✲,adjective,negative,brown,0.4932,nonmatch,2.5126,0,0.4671,0.6028,65.39199293522232
113,633,33,20,1,part_of_speech_classification,color_matching,matching,match_right,WJJW,adjective,negative,brown,✲✲einfall✲✲✲,noun,positive,blue,0.5648,match,2.0754,1,0.4671,0.6028,65.39199293522232
113,634,34,20,1,part_of_speech_classification,color_matching,matching,match_right,XVVX,noun,positive,brown,✲✲✲✲gift✲✲✲✲,noun,negative,blue,0.4932,match,1.6678,1,0.5319,0.6676,74.4638331198342
113,635,35,20,1,part_of_speech_classification,color_matching,matching,match_right,ZYYZ,noun,negative,brown,✲✲✲schön✲✲✲✲,adjective,positive,blue,0.4932,match,0.874,1,0.5816,0.7173,81.42320476705582
113,636,36,20,1,part_of_speech_classification,color_matching,matching,match_right,WJJW,adjective,negative,blue,✲✲ehrlich✲✲✲,adjective,positive,blue,0.4932,match,0.8594,0,0.6254,0.7611,87.55230695236448
113,637,37,20,1,part_of_speech_classification,color_matching,matching,match_right,ZYYZ,noun,negative,blue,✲✲✲✲gift✲✲✲✲,noun,negative,blue,0.4932,nonmatch,0.9721,1,0.6127,0.7484,85.78104565511572
113,638,38,20,1,part_of_speech_classification,color_matching,matching,match_right,MQQM,adjective,positive,blue,✲✲✲glück✲✲✲✲,noun,positive,brown,0.4933,nonmatch,0.7412,0,0.6489,0.7846,90.84125192105998
113,639,39,20,1,part_of_speech_classification,color_matching,matching,match_right,XVVX,noun,positive,brown,✲✲✲gierig✲✲✲,adjective,negative,brown,0.4932,match,0.7051,0,0.6377,0.7734,89.2711876848084
113,640,40,20,1,part_of_speech_classification,color_matching,matching,match_right,MQQM,adjective,positive,brown,✲✲✲eitel✲✲✲✲,adjective,negative,blue,0.4932,match,1.0258,1,0.6276,0.7633,87.85902862588185
113,641,41,20,1,part_of_speech_classification,color_matching,matching,match_right,ZYYZ,noun,negative,brown,✲✲einfall✲✲✲,noun,positive,brown,0.4932,nonmatch,0.4321,1,0.6577,0.7935,92.08452712115567
113,642,42,20,1,part_of_speech_classification,color_matching,matching,match_right,MQQM,adjective,positive,brown,✲✲ehrlich✲✲✲,adjective,positive,blue,0.4933,nonmatch,0.5893,0,0.6879,0.8236,96.30365044857616
113,643,43,20,1,part_of_speech_classification,color_matching,matching,match_right,XVVX,noun,positive,blue,✲✲schlecht✲✲,adjective,negative,blue,0.4932,match,0.6189,0,0.678,0.8137,94.91461568420308
113,644,44,20,1,part_of_speech_classification,color_matching,matching,match_right,WJJW,adjective,negative,brown,✲✲✲schön✲✲✲✲,adjective,positive,brown,0.4969,match,1.7894,0,0.669,0.8047,93.65614120355761
113,645,45,20,1,part_of_speech_classification,color_matching,matching,match_right,MQQM,adjective,positive,brown,✲✲✲liebe✲✲✲✲,noun,positive,blue,0.4933,match,0.8705,1,0.6609,0.7966,92.52546255845074
113,646,46,20,1,part_of_speech_classification,color_matching,matching,match_right,WJJW,adjective,negative,brown,✲✲✲gütig✲✲✲✲,adjective,positive,blue,0.4967,match,1.0406,1,0.6849,0.8206,95.8854836099659
113,647,47,20,1,part_of_speech_classification,color_matching,matching,match_right,MQQM,adjective,positive,brown,✲✲✲leiche✲✲✲,noun,negative,blue,0.4932,match,0.4503,1,0.7098,0.8455,99.37669711523611
113,648,48,20,1,part_of_speech_classification,color_matching,matching,match_right,WJJW,adjective,negative,blue,✲✲✲✲gift✲✲✲✲,noun,negative,brown,0.4932,nonmatch,0.5995,0,0.7375,0.8732,103.2517815837109
113,649,49,20,1,part_of_speech_classification,color_matching,matching,match_right,ZYYZ,noun,negative,blue,✲✲launisch✲✲,adjective,negative,blue,0.4934,match,0.7721,0,0.7284,0.8641,101.97496607612094
113,650,50,20,1,part_of_speech_classification,color_matching,matching,match_right,ZYYZ,noun,negative,blue,✲✲✲liebe✲✲✲✲,noun,positive,blue,0.4932,match,0.5212,0,0.7201,0.8558,100.81556346700309
113,651,51,20,1,part_of_speech_classification,color_matching,matching,match_right,ZYYZ,noun,negative,brown,✲✲✲leiche✲✲✲,noun,negative,brown,0.4932,nonmatch,0.535,1,0.7126,0.8483,99.75908201327876
113,652,52,20,1,part_of_speech_classification,color_matching,matching,match_right,WJJW,adjective,negative,blue,✲✲✲lustig✲✲✲,adjective,positive,brown,0.4932,nonmatch,1.0295,0,0.7341,0.8698,102.77609320665961
113,653,53,20,1,part_of_speech_classification,color_matching,matching,match_right,WJJW,adjective,negative,blue,✲✲✲✲spaß✲✲✲✲,noun,positive,blue,0.496,match,0.97,0,0.7266,0.8624,101.7298343436467
113,654,54,20,1,part_of_speech_classification,color_matching,matching,match_right,XVVX,noun,positive,brown,✲✲✲eitel✲✲✲✲,adjective,negative,blue,0.4932,nonmatch,0.7759,0,0.7198,0.8555,100.7757321628616
113,655,55,20,1,part_of_speech_classification,color_matching,matching,match_right,XVVX,noun,positive,brown,✲✲✲lustig✲✲✲,adjective,positive,blue,0.4932,nonmatch,0.6323,0,0.7136,0.8493,99.90242848329557
113,656,56,20,1,part_of_speech_classification,color_matching,matching,match_right,XVVX,noun,positive,blue,✲✲ehrlich✲✲✲,adjective,positive,brown,0.4932,nonmatch,0.9105,0,0.7078,0.8436,99.09845580839934
113,657,57,20,1,part_of_speech_classification,color_matching,matching,match_right,XVVX,noun,positive,blue,✲✲launisch✲✲,adjective,negative,brown,0.4936,nonmatch,0.5463,0,0.7025,0.8382,98.35065030095608
113,658,58,20,1,part_of_speech_classification,color_matching,matching,match_right,XVVX,noun,positive,blue,✲✲✲leiche✲✲✲,noun,negative,brown,0.4932,nonmatch,0.8482,0,0.6976,0.8333,97.66418776584592
113,659,59,20,1,part_of_speech_classification,color_matching,matching,match_right,MQQM,adjective,positive,blue,✲✲launisch✲✲,adjective,negative,brown,0.4932,match,0.6479,1,0.6931,0.8288,97.03069327561174
113,660,60,20,1,part_of_speech_classification,color_matching,matching,match_right,ZYYZ,noun,negative,brown,✲✲✲lustig✲✲✲,adjective,positive,brown,0.4932,match,0.5535,0,0.7069,0.8426,98.9668640703334
113,661,61,20,1,part_of_speech_classification,color_matching,matching,match_right,WJJW,adjective,negative,brown,✲✲✲leiche✲✲✲,noun,negative,blue,0.4932,nonmatch,0.4533,0,0.7023,0.838,98.3171692535364
113,662,62,20,1,part_of_speech_classification,color_matching,matching,match_right,WJJW,adjective,negative,blue,✲✲schleim✲✲✲,noun,negative,blue,0.4932,nonmatch,0.9314,1,0.698,0.8337,97.71508631953722
113,663,63,20,1,part_of_speech_classification,color_matching,matching,match_right,MQQM,adjective,positive,blue,✲entführung✲,noun,negative,blue,0.4932,nonmatch,1.0076,1,0.7103,0.846,99.44102343561747
113,664,64,20,1,part_of_speech_classification,color_matching,matching,match_right,XVVX,noun,positive,brown,✲✲einfall✲✲✲,noun,positive,brown,0.4932,nonmatch,0.9318,1,0.724,0.8597,101.36474282371795
113,665,1,21,2,part_of_speech_classification,color_matching,matching,match_right,MQQM,adjective,positive,brown,✲✲einfall✲✲✲,noun,positive,brown,0.4932,match,1.2871,0,0.7392,0.8749,103.49103980356021
113,666,2,21,2,part_of_speech_classification,color_matching,matching,match_right,ZYYZ,noun,negative,brown,✲✲✲✲gift✲✲✲✲,noun,negative,blue,0.4932,nonmatch,0.5122,0,0.734,0.8697,102.758181591077
113,667,3,21,2,part_of_speech_classification,color_matching,matching,match_right,XVVX,noun,positive,blue,✲✲✲leiche✲✲✲,noun,negative,blue,0.4932,match,0.8942,0,0.7291,0.8649,102.07973506954862
113,668,4,21,2,part_of_speech_classification,color_matching,matching,match_right,WJJW,adjective,negative,blue,✲✲✲gütig✲✲✲✲,adjective,positive,brown,0.4932,match,0.4645,1,0.7246,0.8603,101.43913363972956
113,669,5,21,2,part_of_speech_classification,color_matching,matching,match_right,MQQM,adjective,positive,blue,✲✲launisch✲✲,adjective,negative,brown,0.4932,match,2.3852,1,0.7378,0.8735,103.29091584709401
113,670,6,21,2,part_of_speech_classification,color_matching,matching,match_right,XVVX,noun,positive,brown,✲✲schleim✲✲✲,noun,negative,blue,0.4932,nonmatch,0.8784,0,0.7526,0.8883,105.35943940658262
113,671,7,21,2,part_of_speech_classification,color_matching,matching,match_right,MQQM,adjective,positive,brown,✲✲✲eitel✲✲✲✲,adjective,negative,blue,0.4938,match,1.0104,1,0.7474,0.8831,104.63943713622729
113,672,8,21,2,part_of_speech_classification,color_matching,matching,match_right,ZYYZ,noun,negative,brown,✲✲✲gierig✲✲✲,adjective,negative,blue,0.4932,match,0.7901,1,0.7622,0.8979,106.70571585433764
113,673,9,21,2,part_of_speech_classification,color_matching,matching,match_right,MQQM,adjective,positive,blue,✲✲✲✲gift✲✲✲✲,noun,negative,brown,0.4932,nonmatch,0.7679,0,0.7787,0.9144,109.01638207284826
113,674,10,21,2,part_of_speech_classification,color_matching,matching,match_right,XVVX,noun,positive,blue,✲✲✲eitel✲✲✲✲,adjective,negative,blue,0.4932,match,1.0148,0,0.7729,0.9087,108.21104279485935
113,675,11,21,2,part_of_speech_classification,color_matching,matching,match_right,MQQM,adjective,positive,blue,✲✲schleim✲✲✲,noun,negative,blue,0.4932,match,0.9956,0,0.7676,0.9033,107.4644540766146
113,676,12,21,2,part_of_speech_classification,color_matching,matching,match_right,WJJW,adjective,negative,blue,✲✲✲liebe✲✲✲✲,noun,positive,brown,0.4932,nonmatch,0.9671,0,0.7626,0.8983,106.76829227647426
113,677,13,21,2,part_of_speech_classification,color_matching,matching,match_right,XVVX,noun,positive,blue,✲✲einfall✲✲✲,noun,positive,blue,0.4933,nonmatch,0.8187,1,0.7581,0.8938,106.1376238862569
113,678,14,21,2,part_of_speech_classification,color_matching,matching,match_right,MQQM,adjective,positive,brown,✲✲✲✲spaß✲✲✲✲,noun,positive,blue,0.4932,nonmatch,0.6897,0,0.7709,0.9066,107.92791655289354
113,679,15,21,2,part_of_speech_classification,color_matching,matching,match_right,XVVX,noun,positive,brown,✲✲✲gierig✲✲✲,adjective,negative,blue,0.4932,nonmatch,0.9602,0,0.7663,0.902,107.28116198430355
113,680,16,21,2,part_of_speech_classification,color_matching,matching,match_right,ZYYZ,noun,negative,brown,✲✲✲gütig✲✲✲✲,adjective,positive,blue,0.4932,nonmatch,0.9884,0,0.7619,0.8976,106.66371968757643
113,681,17,21,2,part_of_speech_classification,color_matching,matching,match_right,ZYYZ,noun,negative,blue,✲✲✲leiche✲✲✲,noun,negative,blue,0.4932,match,0.9919,0,0.7579,0.8936,106.108433093459
113,682,18,21,2,part_of_speech_classification,color_matching,matching,match_right,ZYYZ,noun,negative,brown,✲✲✲✲spaß✲✲✲✲,noun,positive,blue,0.4932,match,0.8071,1,0.7541,0.8898,105.57137386787912
113,683,19,21,2,part_of_speech_classification,color_matching,matching,match_right,XVVX,noun,positive,blue,✲✲launisch✲✲,adjective,negative,brown,0.4932,nonmatch,0.9967,0,0.7652,0.901,107.13317511917488
113,684,20,21,2,part_of_speech_classification,color_matching,matching,match_right,WJJW,adjective,negative,blue,✲entführung✲,noun,negative,blue,0.4932,match,0.9873,0,0.7613,0.897,106.5844961872248
113,685,21,21,2,part_of_speech_classification,color_matching,matching,match_right,XVVX,noun,positive,blue,✲✲ehrlich✲✲✲,adjective,positive,brown,0.4932,nonmatch,0.7999,0,0.7577,0.8934,106.08250927927752
113,686,22,21,2,part_of_speech_classification,color_matching,matching,match_right,WJJW,adjective,negative,brown,✲✲schleim✲✲✲,noun,negative,blue,0.4932,match,0.9135,1,0.7542,0.89,105.59431960439139
113,687,23,21,2,part_of_speech_classification,color_matching,matching,match_right,MQQM,adjective,positive,blue,✲✲ehrlich✲✲✲,adjective,positive,brown,0.4932,match,0.7687,1,0.7643,0.9,107.00672214176618
113,688,24,21,2,part_of_speech_classification,color_matching,matching,match_right,XVVX,noun,positive,blue,✲✲✲✲spaß✲✲✲✲,noun,positive,brown,0.4932,match,0.9804,1,0.775,0.9107,108.49644736352998
113,689,25,21,2,part_of_speech_classification,color_matching,matching,match_right,MQQM,adjective,positive,brown,✲entführung✲,noun,negative,brown,0.4933,match,0.9905,0,0.7872,0.9229,110.20534968669955
113,690,26,21,2,part_of_speech_classification,color_matching,matching,match_right,WJJW,adjective,negative,brown,✲✲✲glück✲✲✲✲,noun,positive,blue,0.4932,nonmatch,0.5495,0,0.783,0.9187,109.6181162145521
113,691,27,21,2,part_of_speech_classification,color_matching,matching,match_right,ZYYZ,noun,negative,blue,✲✲einfall✲✲✲,noun,positive,brown,0.4932,match,0.9618,1,0.779,0.9148,109.06549496645336
113,692,28,21,2,part_of_speech_classification,color_matching,matching,match_right,MQQM,adjective,positive,brown,✲✲schlecht✲✲,adjective,negative,brown,0.4932,match,0.956,0,0.7903,0.9261,110.64710072388947
113,693,29,21,2,part_of_speech_classification,color_matching,matching,match_right,WJJW,adjective,negative,blue,✲✲✲gierig✲✲✲,adjective,negative,brown,0.4932,match,0.6186,1,0.7863,0.922,110.07669432985017
113,694,30,21,2,part_of_speech_classification,color_matching,matching,match_right,XVVX,noun,positive,brown,✲✲✲✲gift✲✲✲✲,noun,negative,brown,0.4933,match,0.5829,0,0.7979,0.9336,111.71002666661764
113,695,31,21,2,part_of_speech_classification,color_matching,matching,match_right,WJJW,adjective,negative,blue,✲✲✲lustig✲✲✲,adjective,positive,blue,0.4932,nonmatch,0.8329,1,0.7937,0.9294,111.121897798797
113,696,32,21,2,part_of_speech_classification,color_matching,matching,match_right,ZYYZ,noun,negative,brown,✲✲schleim✲✲✲,noun,negative,brown,0.4932,match,1.0214,0,0.8058,0.9415,112.80666095982039
113,697,33,21,2,part_of_speech_classification,color_matching,matching,match_right,WJJW,adjective,negative,brown,✲✲ehrlich✲✲✲,adjective,positive,blue,0.4932,match,0.6638,1,0.8014,0.9372,112.20112479267002
113,698,34,21,2,part_of_speech_classification,color_matching,matching,match_right,XVVX,noun,positive,brown,✲✲✲glück✲✲✲✲,noun,positive,brown,0.4932,nonmatch,0.4127,1,0.8138,0.9495,113.93637494964342
113,699,35,21,2,part_of_speech_classification,color_matching,matching,match_right,WJJW,adjective,negative,brown,✲✲✲✲gift✲✲✲✲,noun,negative,brown,0.4932,nonmatch,0.8022,1,0.8279,0.9637,115.91230902996637
113,700,36,21,2,part_of_speech_classification,color_matching,matching,match_right,ZYYZ,noun,negative,brown,✲✲ehrlich✲✲✲,adjective,positive,brown,0.4932,nonmatch,0.9495,1,0.8428,0.9785,117.98758045035954
113,701,37,21,2,part_of_speech_classification,color_matching,matching,match_right,MQQM,adjective,positive,brown,✲✲✲lustig✲✲✲,adjective,positive,brown,0.4933,nonmatch,1.0969,1,0.8596,0.9953,120.3394164735862
113,702,38,21,2,part_of_speech_classification,color_matching,matching,match_right,ZYYZ,noun,negative,blue,✲✲✲lustig✲✲✲,adjective,positive,blue,0.4932,match,1.1213,0,0.8783,1.0141,122.9679427046639
113,703,39,21,2,part_of_speech_classification,color_matching,matching,match_right,ZYYZ,noun,negative,brown,✲✲✲liebe✲✲✲✲,noun,positive,brown,0.4932,nonmatch,1.0907,1,0.8718,1.0075,122.05178482531844
113,704,40,21,2,part_of_speech_classification,color_matching,matching,match_right,ZYYZ,noun,negative,brown,✲✲launisch✲✲,adjective,negative,brown,0.4932,match,0.8323,0,0.8903,1.026,124.64557492065393
113,705,41,21,2,part_of_speech_classification,color_matching,matching,match_right,WJJW,adjective,negative,blue,✲✲einfall✲✲✲,noun,positive,blue,0.4932,nonmatch,0.8124,1,0.8836,1.0193,123.70691567780017
113,706,42,21,2,part_of_speech_classification,color_matching,matching,match_right,XVVX,noun,positive,brown,✲✲schlecht✲✲,adjective,negative,brown,0.4932,match,1.144,0,0.9033,1.039,126.45988480192247
113,707,43,21,2,part_of_speech_classification,color_matching,matching,match_right,XVVX,noun,positive,blue,✲✲✲schön✲✲✲✲,adjective,positive,blue,0.4932,nonmatch,1.13,1,0.8966,1.0323,125.52179255524874
113,708,44,21,2,part_of_speech_classification,color_matching,matching,match_right,WJJW,adjective,negative,brown,✲✲launisch✲✲,adjective,negative,brown,0.4932,match,1.1236,0,0.9159,1.0516,128.23066408108446
113,709,45,21,2,part_of_speech_classification,color_matching,matching,match_right,XVVX,noun,positive,blue,✲entführung✲,noun,negative,brown,0.4933,match,1.1208,1,0.9091,1.0448,127.27610021377457
113,710,46,21,2,part_of_speech_classification,color_matching,matching,match_right,WJJW,adjective,negative,brown,✲✲✲✲spaß✲✲✲✲,noun,positive,brown,0.4932,match,1.1555,0,0.9296,1.0653,130.13878166164798
113,711,47,21,2,part_of_speech_classification,color_matching,matching,match_right,ZYYZ,noun,negative,blue,✲✲schlecht✲✲,adjective,negative,brown,0.4932,match,1.1522,1,0.9226,1.0584,129.17036897255878
113,712,48,21,2,part_of_speech_classification,color_matching,matching,match_right,ZYYZ,noun,negative,blue,✲✲✲glück✲✲✲✲,noun,positive,blue,0.4932,nonmatch,0.94,1,0.9426,1.0784,131.9704668972828
113,713,49,21,2,part_of_speech_classification,color_matching,matching,match_right,XVVX,noun,positive,brown,✲✲✲gütig✲✲✲✲,adjective,positive,brown,0.4933,match,0.7107,0,0.9641,1.0998,134.97784503272945
113,714,50,21,2,part_of_speech_classification,color_matching,matching,match_right,MQQM,adjective,positive,blue,✲✲✲liebe✲✲✲✲,noun,positive,brown,0.4932,match,0.4831,1,0.9566,1.0923,133.92469108673853
113,715,51,21,2,part_of_speech_classification,color_matching,matching,match_right,MQQM,adjective,positive,blue,✲✲✲glück✲✲✲✲,noun,positive,blue,0.4932,match,1.0475,0,0.9788,1.1146,137.03867482794794
113,716,52,21,2,part_of_speech_classification,color_matching,matching,match_right,WJJW,adjective,negative,blue,✲✲✲leiche✲✲✲,noun,negative,brown,0.4933,match,1.2702,1,0.9714,1.1071,135.99804722810788
113,717,53,21,2,part_of_speech_classification,color_matching,matching,match_right,MQQM,adjective,positive,brown,✲✲✲schön✲✲✲✲,adjective,positive,blue,0.4932,nonmatch,0.8824,0,0.9929,1.1286,139.00132850953818
113,718,54,21,2,part_of_speech_classification,color_matching,matching,match_right,XVVX,noun,positive,brown,✲✲✲liebe✲✲✲✲,noun,positive,blue,0.4932,nonmatch,1.203,0,0.9854,1.1211,137.95571402968196
113,719,55,21,2,part_of_speech_classification,color_matching,matching,match_right,ZYYZ,noun,negative,blue,✲✲✲schön✲✲✲✲,adjective,positive,brown,0.4932,match,1.1996,1,0.9784,1.1141,136.97145182497312
113,720,56,21,2,part_of_speech_classification,color_matching,matching,match_right,MQQM,adjective,positive,brown,✲✲✲leiche✲✲✲,noun,negative,blue,0.4932,nonmatch,1.2393,0,0.9987,1.1344,139.8188575671348
113,721,57,21,2,part_of_speech_classification,color_matching,matching,match_right,ZYYZ,noun,negative,blue,✲✲✲eitel✲✲✲✲,adjective,negative,blue,0.4932,match,1.237,0,0.9918,1.1275,138.8532752697928
113,722,58,21,2,part_of_speech_classification,color_matching,matching,match_right,ZYYZ,noun,negative,blue,✲entführung✲,noun,negative,brown,0.4932,match,1.2351,1,0.9853,1.121,137.94297303581683
113,723,59,21,2,part_of_speech_classification,color_matching,matching,match_right,WJJW,adjective,negative,brown,✲✲✲schön✲✲✲✲,adjective,positive,brown,0.4932,match,1.2476,0,1.0048,1.1405,140.67134660794173
113,724,60,21,2,part_of_speech_classification,color_matching,matching,match_right,WJJW,adjective,negative,brown,✲✲✲eitel✲✲✲✲,adjective,negative,blue,0.4932,nonmatch,1.2253,0,0.9982,1.1339,139.74247340643726
113,725,61,21,2,part_of_speech_classification,color_matching,matching,match_right,MQQM,adjective,positive,blue,✲✲✲gierig✲✲✲,adjective,negative,blue,0.4932,match,1.2217,0,0.9921,1.1278,138.8966309940508
113,726,62,21,2,part_of_speech_classification,color_matching,matching,match_right,MQQM,adjective,positive,blue,✲✲✲gütig✲✲✲✲,adjective,positive,blue,0.4932,nonmatch,1.1502,1,0.9864,1.1221,138.08956873130748
113,727,63,21,2,part_of_speech_classification,color_matching,matching,match_right,WJJW,adjective,negative,blue,✲✲schlecht✲✲,adjective,negative,blue,0.4932,match,1.1773,0,1.0035,1.1392,140.48469151430496
113,728,64,21,2,part_of_speech_classification,color_matching,matching,match_right,XVVX,noun,positive,brown,✲✲✲lustig✲✲✲,adjective,positive,blue,0.4966,match,1.1487,1,0.9976,1.1333,139.66066325528865
113,729,1,22,3,part_of_speech_classification,color_matching,matching,match_right,MQQM,adjective,positive,brown,✲✲✲eitel✲✲✲✲,adjective,negative,blue,0.5483,match,1.2453,1,1.0147,1.1504,142.05552949304706
113,730,2,22,3,part_of_speech_classification,color_matching,matching,match_right,XVVX,noun,positive,blue,✲✲✲eitel✲✲✲✲,adjective,negative,brown,0.4965,match,1.3076,1,1.0335,1.1692,144.68697279072154
113,731,3,22,3,part_of_speech_classification,color_matching,matching,match_right,ZYYZ,noun,negative,brown,✲✲✲glück✲✲✲✲,noun,positive,blue,0.4933,nonmatch,1.26,0,1.0525,1.1882,147.34767500661826
113,732,4,22,3,part_of_speech_classification,color_matching,matching,match_right,ZYYZ,noun,negative,blue,✲✲✲liebe✲✲✲✲,noun,positive,blue,0.4932,match,1.3335,0,1.0457,1.1815,146.40317698412306
113,733,5,22,3,part_of_speech_classification,color_matching,matching,match_right,ZYYZ,noun,negative,blue,✲✲launisch✲✲,adjective,negative,blue,0.4932,nonmatch,1.2963,1,1.0393,1.175,145.50397255953806
113,734,6,22,3,part_of_speech_classification,color_matching,matching,match_right,ZYYZ,noun,negative,blue,✲entführung✲,noun,negative,brown,0.4932,match,1.2278,1,1.0578,1.1935,148.095378735297
113,735,7,22,3,part_of_speech_classification,color_matching,matching,match_right,MQQM,adjective,positive,blue,✲✲✲lustig✲✲✲,adjective,positive,blue,0.4968,nonmatch,1.1165,1,1.0601,1.1958,148.4131591025766
113,736,8,22,3,part_of_speech_classification,color_matching,matching,match_right,WJJW,adjective,negative,brown,✲✲✲leiche✲✲✲,noun,negative,brown,0.4932,nonmatch,1.2961,1,1.0601,1.1958,148.4131591025766
113,737,9,22,3,part_of_speech_classification,color_matching,matching,match_right,XVVX,noun,positive,brown,✲entführung✲,noun,negative,blue,0.4961,match,0.9781,1,1.0601,1.1958,148.4131591025766
113,738,10,22,3,part_of_speech_classification,color_matching,matching,match_right,ZYYZ,noun,negative,brown,✲✲✲gierig✲✲✲,adjective,negative,blue,0.4932,nonmatch,0.9911,0,1.0601,1.1958,148.4131591025766
113,739,11,22,3,part_of_speech_classification,color_matching,matching,match_right,XVVX,noun,positive,brown,✲✲✲✲spaß✲✲✲✲,noun,positive,brown,0.4932,match,1.2964,0,1.0601,1.1958,148.4131591025766
113,740,12,22,3,part_of_speech_classification,color_matching,matching,match_right,XVVX,noun,positive,brown,✲✲✲leiche✲✲✲,noun,negative,brown,0.4932,nonmatch,1.3041,1,1.0601,1.1958,148.4131591025766
113,741,13,22,3,part_of_speech_classification,color_matching,matching,match_right,WJJW,adjective,negative,brown,✲✲✲gierig✲✲✲,adjective,negative,blue,0.4933,match,1.3053,1,1.0601,1.1958,148.4131591025766
113,742,14,22,3,part_of_speech_classification,color_matching,matching,match_right,ZYYZ,noun,negative,brown,✲✲ehrlich✲✲✲,adjective,positive,blue,0.4933,nonmatch,1.3634,0,1.0601,1.1958,148.4131591025766
113,743,15,22,3,part_of_speech_classification,color_matching,matching,match_right,MQQM,adjective,positive,blue,✲✲✲gierig✲✲✲,adjective,negative,brown,0.4932,nonmatch,1.291,0,1.0601,1.1958,148.4131591025766
113,744,16,22,3,part_of_speech_classification,color_matching,matching,match_right,ZYYZ,noun,negative,blue,✲✲✲gütig✲✲✲✲,adjective,positive,brown,0.4932,nonmatch,0.8489,0,1.0601,1.1958,148.4131591025766
113,745,17,22,3,part_of_speech_classification,color_matching,matching,match_right,MQQM,adjective,positive,brown,✲✲✲gütig✲✲✲✲,adjective,positive,blue,0.4933,match,1.2856,1,1.0601,1.1958,148.4131591025766
113,746,18,22,3,part_of_speech_classification,color_matching,matching,match_right,MQQM,adjective,positive,brown,✲✲✲✲gift✲✲✲✲,noun,negative,blue,0.4932,match,0.7972,1,1.0601,1.1958,148.4131591025766
113,747,19,22,3,part_of_speech_classification,color_matching,matching,match_right,ZYYZ,noun,negative,blue,✲✲✲eitel✲✲✲✲,adjective,negative,brown,0.4932,nonmatch,1.3186,0,1.0601,1.1958,148.4131591025766
113,748,20,22,3,part_of_speech_classification,color_matching,matching,match_right,XVVX,noun,positive,blue,✲✲einfall✲✲✲,noun,positive,blue,0.4933,match,1.0349,0,1.0601,1.1958,148.4131591025766
113,749,21,22,3,part_of_speech_classification,color_matching,matching,match_right,ZYYZ,noun,negative,brown,✲✲einfall✲✲✲,noun,positive,brown,0.4962,match,1.3096,0,1.0601,1.1958,148.4131591025766
113,750,22,22,3,part_of_speech_classification,color_matching,matching,match_right,ZYYZ,noun,negative,brown,✲✲schlecht✲✲,adjective,negative,brown,0.4932,nonmatch,1.1627,1,1.0601,1.1958,148.4131591025766
113,751,23,22,3,part_of_speech_classification,color_matching,matching,match_right,WJJW,adjective,negative,blue,✲✲✲✲gift✲✲✲✲,noun,negative,brown,0.4932,nonmatch,1.1504,0,1.0601,1.1958,148.4131591025766
113,752,24,22,3,part_of_speech_classification,color_matching,matching,match_right,XVVX,noun,positive,blue,✲✲✲✲gift✲✲✲✲,noun,negative,blue,0.4932,nonmatch,1.1871,1,1.0601,1.1958,148.4131591025766
113,753,25,22,3,part_of_speech_classification,color_matching,matching,match_right,ZYYZ,noun,negative,brown,✲✲schleim✲✲✲,noun,negative,blue,0.4932,match,1.2912,1,1.0601,1.1958,148.4131591025766
113,754,26,22,3,part_of_speech_classification,color_matching,matching,match_right,XVVX,noun,positive,blue,✲✲launisch✲✲,adjective,negative,blue,0.4933,nonmatch,1.3075,1,1.0601,1.1958,148.4131591025766
113,755,27,22,3,part_of_speech_classification,color_matching,matching,match_right,XVVX,noun,positive,brown,✲✲✲gierig✲✲✲,adjective,negative,blue,0.4932,nonmatch,0.8347,0,1.0601,1.1958,148.4131591025766
113,756,28,22,3,part_of_speech_classification,color_matching,matching,match_right,WJJW,adjective,negative,blue,✲✲✲eitel✲✲✲✲,adjective,negative,blue,0.4932,nonmatch,2.9706,1,1.0601,1.1958,148.4131591025766
113,757,29,22,3,part_of_speech_classification,color_matching,matching,match_right,WJJW,adjective,negative,blue,✲entführung✲,noun,negative,blue,0.4932,nonmatch,1.3754,1,1.0601,1.1958,148.4131591025766
113,758,30,22,3,part_of_speech_classification,color_matching,matching,match_right,MQQM,adjective,positive,blue,✲✲ehrlich✲✲✲,adjective,positive,brown,0.4932,nonmatch,1.1862,0,1.0601,1.1958,148.4131591025766
113,759,31,22,3,part_of_speech_classification,color_matching,matching,match_right,WJJW,adjective,negative,brown,✲✲✲glück✲✲✲✲,noun,positive,brown,0.4932,nonmatch,1.2781,1,1.0601,1.1958,148.4131591025766
113,760,32,22,3,part_of_speech_classification,color_matching,matching,match_right,MQQM,adjective,positive,brown,✲✲✲glück✲✲✲✲,noun,positive,brown,0.4932,match,1.0776,0,1.0601,1.1958,148.4131591025766
113,761,33,22,3,part_of_speech_classification,color_matching,matching,match_right,WJJW,adjective,negative,blue,✲✲launisch✲✲,adjective,negative,brown,0.4932,match,1.2963,1,1.0601,1.1958,148.4131591025766
113,762,34,22,3,part_of_speech_classification,color_matching,matching,match_right,MQQM,adjective,positive,blue,✲✲✲✲spaß✲✲✲✲,noun,positive,brown,0.4934,nonmatch,1.2872,0,1.0601,1.1958,148.4131591025766
113,763,35,22,3,part_of_speech_classification,color_matching,matching,match_right,ZYYZ,noun,negative,blue,✲✲✲leiche✲✲✲,noun,negative,blue,0.4932,nonmatch,1.2543,1,1.0601,1.1958,148.4131591025766
113,764,36,22,3,part_of_speech_classification,color_matching,matching,match_right,MQQM,adjective,positive,blue,✲entführung✲,noun,negative,brown,0.4933,match,1.2738,1,1.0601,1.1958,148.4131591025766
113,765,37,22,3,part_of_speech_classification,color_matching,matching,match_right,MQQM,adjective,positive,blue,✲✲✲leiche✲✲✲,noun,negative,blue,0.4932,nonmatch,1.2485,1,1.0601,1.1958,148.4131591025766
113,766,38,22,3,part_of_speech_classification,color_matching,matching,match_right,XVVX,noun,positive,blue,✲✲schleim✲✲✲,noun,negative,brown,0.4932,match,1.2893,1,1.0601,1.1958,148.4131591025766
113,767,39,22,3,part_of_speech_classification,color_matching,matching,match_right,MQQM,adjective,positive,brown,✲✲✲schön✲✲✲✲,adjective,positive,brown,0.4932,match,1.2938,0,1.0601,1.1958,148.4131591025766
113,767,39,22,3,part_of_speech_classification,color_matching,matching,match_right,MQQM,adjective,positive,brown,✲✲✲schön✲✲✲✲,adjective,positive,brown,0.4932,match,1.4077,0,1.0601,1.1958,148.4131591025766
113,768,40,22,3,part_of_speech_classification,color_matching,matching,match_right,MQQM,adjective,positive,brown,✲✲✲liebe✲✲✲✲,noun,positive,blue,0.4932,match,1.3051,1,1.0601,1.1958,148.4131591025766
113,769,41,22,3,part_of_speech_classification,color_matching,matching,match_right,WJJW,adjective,negative,brown,✲✲✲gütig✲✲✲✲,adjective,positive,brown,0.4932,nonmatch,1.2977,1,1.0601,1.1958,148.4131591025766
113,770,42,22,3,part_of_speech_classification,color_matching,matching,match_right,MQQM,adjective,positive,blue,✲✲schlecht✲✲,adjective,negative,blue,0.4932,nonmatch,1.2734,1,1.0601,1.1958,148.4131591025766
113,771,43,22,3,part_of_speech_classification,color_matching,matching,match_right,ZYYZ,noun,negative,blue,✲✲✲schön✲✲✲✲,adjective,positive,blue,0.4932,nonmatch,1.2881,1,1.0601,1.1958,148.4131591025766
113,772,44,22,3,part_of_speech_classification,color_matching,matching,match_right,XVVX,noun,positive,brown,✲✲✲schön✲✲✲✲,adjective,positive,blue,0.4932,nonmatch,1.2929,0,1.0601,1.1958,148.4131591025766
113,773,45,22,3,part_of_speech_classification,color_matching,matching,match_right,XVVX,noun,positive,brown,✲✲✲gütig✲✲✲✲,adjective,positive,brown,0.4932,nonmatch,1.2044,1,1.0601,1.1958,148.4131591025766
113,774,46,22,3,part_of_speech_classification,color_matching,matching,match_right,WJJW,adjective,negative,blue,✲✲✲lustig✲✲✲,adjective,positive,brown,0.4932,nonmatch,1.0191,0,1.0601,1.1958,148.4131591025766
113,775,47,22,3,part_of_speech_classification,color_matching,matching,match_right,WJJW,adjective,negative,blue,✲✲einfall✲✲✲,noun,positive,brown,0.4933,nonmatch,1.1335,0,1.0601,1.1958,148.4131591025766
113,776,48,22,3,part_of_speech_classification,color_matching,matching,match_right,WJJW,adjective,negative,brown,✲✲✲✲spaß✲✲✲✲,noun,positive,blue,0.4932,match,1.2504,1,1.0601,1.1958,148.4131591025766
113,777,49,22,3,part_of_speech_classification,color_matching,matching,match_right,WJJW,adjective,negative,brown,✲✲schleim✲✲✲,noun,negative,blue,0.4937,match,1.3114,1,1.0601,1.1958,148.4131591025766
113,778,50,22,3,part_of_speech_classification,color_matching,matching,match_right,XVVX,noun,positive,brown,✲✲✲liebe✲✲✲✲,noun,positive,blue,0.4936,match,1.2316,1,1.0601,1.1958,148.4131591025766
113,779,51,22,3,part_of_speech_classification,color_matching,matching,match_right,MQQM,adjective,positive,blue,✲✲einfall✲✲✲,noun,positive,blue,0.4932,match,0.7419,0,1.0601,1.1958,148.4131591025766
113,780,52,22,3,part_of_speech_classification,color_matching,matching,match_right,WJJW,adjective,negative,brown,✲✲ehrlich✲✲✲,adjective,positive,blue,0.4932,match,1.2879,1,1.0601,1.1958,148.4131591025766
113,781,53,22,3,part_of_speech_classification,color_matching,matching,match_right,ZYYZ,noun,negative,blue,✲✲✲✲spaß✲✲✲✲,noun,positive,brown,0.4932,match,1.2193,1,1.0601,1.1958,148.4131591025766
113,782,54,22,3,part_of_speech_classification,color_matching,matching,match_right,WJJW,adjective,negative,blue,✲✲✲schön✲✲✲✲,adjective,positive,blue,0.4932,nonmatch,1.4086,1,1.0601,1.1958,148.4131591025766
113,783,55,22,3,part_of_speech_classification,color_matching,matching,match_right,XVVX,noun,positive,brown,✲✲schlecht✲✲,adjective,negative,brown,0.4932,match,1.2348,0,1.0601,1.1958,148.4131591025766
113,784,56,22,3,part_of_speech_classification,color_matching,matching,match_right,WJJW,adjective,negative,brown,✲✲schlecht✲✲,adjective,negative,brown,0.4932,match,0.9826,0,1.0601,1.1958,148.4131591025766
113,785,57,22,3,part_of_speech_classification,color_matching,matching,match_right,XVVX,noun,positive,blue,✲✲✲glück✲✲✲✲,noun,positive,brown,0.4932,nonmatch,1.2215,0,1.0601,1.1958,148.4131591025766
113,786,58,22,3,part_of_speech_classification,color_matching,matching,match_right,WJJW,adjective,negative,blue,✲✲✲liebe✲✲✲✲,noun,positive,blue,0.4935,nonmatch,1.305,1,1.0601,1.1958,148.4131591025766
113,787,59,22,3,part_of_speech_classification,color_matching,matching,match_right,XVVX,noun,positive,blue,✲✲ehrlich✲✲✲,adjective,positive,blue,0.4932,match,1.1762,0,1.0601,1.1958,148.4131591025766
113,788,60,22,3,part_of_speech_classification,color_matching,matching,match_right,MQQM,adjective,positive,brown,✲✲schleim✲✲✲,noun,negative,brown,0.4932,match,1.0492,0,1.0601,1.1958,148.4131591025766
113,789,61,22,3,part_of_speech_classification,color_matching,matching,match_right,XVVX,noun,positive,blue,✲✲✲lustig✲✲✲,adjective,positive,brown,0.4932,match,0.9112,1,1.0601,1.1958,148.4131591025766
113,790,62,22,3,part_of_speech_classification,color_matching,matching,match_right,MQQM,adjective,positive,brown,✲✲launisch✲✲,adjective,negative,brown,0.4932,match,0.7967,0,1.0601,1.1958,148.4131591025766
113,791,63,22,3,part_of_speech_classification,color_matching,matching,match_right,ZYYZ,noun,negative,brown,✲✲✲lustig✲✲✲,adjective,positive,brown,0.4932,match,1.3134,0,1.0601,1.1958,148.4131591025766
113,792,64,22,3,part_of_speech_classification,color_matching,matching,match_right,ZYYZ,noun,negative,brown,✲✲✲✲gift✲✲✲✲,noun,negative,brown,0.4932,match,1.0795,0,1.0601,1.1958,148.4131591025766
113,793,1,23,4,part_of_speech_classification,color_matching,matching,match_right,MQQM,adjective,positive,brown,✲✲✲schön✲✲✲✲,adjective,positive,blue,0.4932,match,1.5831,1,1.0601,1.1958,148.4131591025766
113,794,2,23,4,part_of_speech_classification,color_matching,matching,match_right,MQQM,adjective,positive,brown,✲✲launisch✲✲,adjective,negative,brown,0.4932,nonmatch,1.2999,1,1.0601,1.1958,148.4131591025766
113,795,3,23,4,part_of_speech_classification,color_matching,matching,match_right,XVVX,noun,positive,blue,✲entführung✲,noun,negative,brown,0.4932,match,1.2899,1,1.0601,1.1958,148.4131591025766
113,796,4,23,4,part_of_speech_classification,color_matching,matching,match_right,MQQM,adjective,positive,blue,✲✲✲✲gift✲✲✲✲,noun,negative,blue,0.4932,match,1.3047,0,1.0601,1.1958,148.4131591025766
113,797,5,23,4,part_of_speech_classification,color_matching,matching,match_right,WJJW,adjective,negative,blue,✲✲✲✲spaß✲✲✲✲,noun,positive,blue,0.4932,match,1.2828,0,1.0601,1.1958,148.4131591025766
113,798,6,23,4,part_of_speech_classification,color_matching,matching,match_right,XVVX,noun,positive,blue,✲✲launisch✲✲,adjective,negative,brown,0.4932,nonmatch,1.0976,0,1.0601,1.1958,148.4131591025766
113,798,6,23,4,part_of_speech_classification,color_matching,matching,match_right,XVVX,noun,positive,blue,✲✲launisch✲✲,adjective,negative,brown,0.4932,nonmatch,1.2166,0,1.0601,1.1958,148.4131591025766
113,799,7,23,4,part_of_speech_classification,color_matching,matching,match_right,MQQM,adjective,positive,blue,✲✲✲gierig✲✲✲,adjective,negative,brown,0.4933,match,1.2728,1,1.0601,1.1958,148.4131591025766
113,800,8,23,4,part_of_speech_classification,color_matching,matching,match_right,ZYYZ,noun,negative,blue,✲✲schleim✲✲✲,noun,negative,brown,0.4932,match,1.24,1,1.0601,1.1958,148.4131591025766
113,801,9,23,4,part_of_speech_classification,color_matching,matching,match_right,MQQM,adjective,positive,blue,✲✲✲gütig✲✲✲✲,adjective,positive,brown,0.4932,match,0.8968,1,1.0601,1.1958,148.4131591025766
113,802,10,23,4,part_of_speech_classification,color_matching,matching,match_right,XVVX,noun,positive,brown,✲✲schleim✲✲✲,noun,negative,blue,0.4932,nonmatch,1.2778,0,1.0601,1.1958,148.4131591025766
113,803,11,23,4,part_of_speech_classification,color_matching,matching,match_right,MQQM,adjective,positive,brown,✲✲✲liebe✲✲✲✲,noun,positive,brown,0.4932,match,1.0576,0,1.0601,1.1958,148.4131591025766
113,804,12,23,4,part_of_speech_classification,color_matching,matching,match_right,XVVX,noun,positive,blue,✲✲✲liebe✲✲✲✲,noun,positive,brown,0.4932,match,1.2658,1,1.0601,1.1958,148.4131591025766
113,805,13,23,4,part_of_speech_classification,color_matching,matching,match_right,XVVX,noun,positive,brown,✲✲✲glück✲✲✲✲,noun,positive,brown,0.4932,match,1.2672,0,1.0601,1.1958,148.4131591025766
113,806,14,23,4,part_of_speech_classification,color_matching,matching,match_right,ZYYZ,noun,negative,blue,✲✲einfall✲✲✲,noun,positive,blue,0.4932,nonmatch,1.2955,1,1.0601,1.1958,148.4131591025766
113,807,15,23,4,part_of_speech_classification,color_matching,matching,match_right,ZYYZ,noun,negative,blue,✲✲✲lustig✲✲✲,adjective,positive,brown,0.4932,nonmatch,1.312,0,1.0601,1.1958,148.4131591025766
113,808,16,23,4,part_of_speech_classification,color_matching,matching,match_right,ZYYZ,noun,negative,brown,✲✲launisch✲✲,adjective,negative,brown,0.4932,nonmatch,1.3114,1,1.0601,1.1958,148.4131591025766
113,809,17,23,4,part_of_speech_classification,color_matching,matching,match_right,XVVX,noun,positive,brown,✲✲✲schön✲✲✲✲,adjective,positive,blue,0.4932,match,0.7279,1,1.0601,1.1958,148.4131591025766
113,810,18,23,4,part_of_speech_classification,color_matching,matching,match_right,ZYYZ,noun,negative,blue,✲✲✲liebe✲✲✲✲,noun,positive,brown,0.4932,nonmatch,1.2958,0,1.0601,1.1958,148.4131591025766
113,811,19,23,4,part_of_speech_classification,color_matching,matching,match_right,XVVX,noun,positive,brown,✲✲schlecht✲✲,adjective,negative,blue,0.4932,match,0.9279,1,1.0601,1.1958,148.4131591025766
113,812,20,23,4,part_of_speech_classification,color_matching,matching,match_right,ZYYZ,noun,negative,brown,✲✲✲glück✲✲✲✲,noun,positive,blue,0.4932,match,1.3205,1,1.0601,1.1958,148.4131591025766
113,813,21,23,4,part_of_speech_classification,color_matching,matching,match_right,WJJW,adjective,negative,brown,✲✲✲gierig✲✲✲,adjective,negative,brown,0.4932,nonmatch,1.2691,1,1.0601,1.1958,148.4131591025766
113,814,22,23,4,part_of_speech_classification,color_matching,matching,match_right,MQQM,adjective,positive,blue,✲✲schlecht✲✲,adjective,negative,blue,0.4933,nonmatch,0.7322,1,1.0601,1.1958,148.4131591025766
113,815,23,23,4,part_of_speech_classification,color_matching,matching,match_right,MQQM,adjective,positive,brown,✲entführung✲,noun,negative,brown,0.4932,nonmatch,0.006,1,1.0601,1.1958,148.4131591025766
113,815,23,23,4,part_of_speech_classification,color_matching,matching,match_right,MQQM,adjective,positive,brown,✲entführung✲,noun,negative,brown,0.4932,nonmatch,0.2163,1,1.0601,1.1958,148.4131591025766
113,816,24,23,4,part_of_speech_classification,color_matching,matching,match_right,WJJW,adjective,negative,brown,✲✲✲✲gift✲✲✲✲,noun,negative,blue,0.4932,nonmatch,0.1347,0,1.0601,1.1958,148.4131591025766
113,816,24,23,4,part_of_speech_classification,color_matching,matching,match_right,WJJW,adjective,negative,brown,✲✲✲✲gift✲✲✲✲,noun,negative,blue,0.4932,nonmatch,0.395,0,1.0601,1.1958,148.4131591025766
113,817,25,23,4,part_of_speech_classification,color_matching,matching,match_right,WJJW,adjective,negative,brown,✲✲ehrlich✲✲✲,adjective,positive,blue,0.4932,nonmatch,0.153,0,1.0601,1.1958,148.4131591025766
113,817,25,23,4,part_of_speech_classification,color_matching,matching,match_right,WJJW,adjective,negative,brown,✲✲ehrlich✲✲✲,adjective,positive,blue,0.4932,nonmatch,0.3397,0,1.0601,1.1958,148.4131591025766
113,818,26,23,4,part_of_speech_classification,color_matching,matching,match_right,WJJW,adjective,negative,blue,✲entführung✲,noun,negative,brown,0.4932,nonmatch,0.2316,0,1.0601,1.1958,148.4131591025766
113,818,26,23,4,part_of_speech_classification,color_matching,matching,match_right,WJJW,adjective,negative,blue,✲entführung✲,noun,negative,brown,0.4932,nonmatch,0.4286,0,1.0601,1.1958,148.4131591025766
113,819,27,23,4,part_of_speech_classification,color_matching,matching,match_right,ZYYZ,noun,negative,brown,✲✲✲✲spaß✲✲✲✲,noun,positive,brown,0.4936,match,1.627,0,1.0601,1.1958,148.4131591025766
113,820,28,23,4,part_of_speech_classification,color_matching,matching,match_right,ZYYZ,noun,negative,brown,✲✲schlecht✲✲,adjective,negative,blue,0.4932,nonmatch,0.1144,0,1.0601,1.1958,148.4131591025766
113,820,28,23,4,part_of_speech_classification,color_matching,matching,match_right,ZYYZ,noun,negative,brown,✲✲schlecht✲✲,adjective,negative,blue,0.4932,nonmatch,0.3033,0,1.0601,1.1958,148.4131591025766
113,821,29,23,4,part_of_speech_classification,color_matching,matching,match_right,MQQM,adjective,positive,brown,✲✲schleim✲✲✲,noun,negative,blue,0.4934,nonmatch,0.1499,0,1.0601,1.1958,148.4131591025766
113,821,29,23,4,part_of_speech_classification,color_matching,matching,match_right,MQQM,adjective,positive,brown,✲✲schleim✲✲✲,noun,negative,blue,0.4934,nonmatch,0.3245,0,1.0601,1.1958,148.4131591025766
113,822,30,23,4,part_of_speech_classification,color_matching,matching,match_right,XVVX,noun,positive,blue,✲✲einfall✲✲✲,noun,positive,blue,0.4932,nonmatch,0.0387,1,1.0601,1.1958,148.4131591025766
113,822,30,23,4,part_of_speech_classification,color_matching,matching,match_right,XVVX,noun,positive,blue,✲✲einfall✲✲✲,noun,positive,blue,0.4932,nonmatch,0.2108,1,1.0601,1.1958,148.4131591025766
113,823,31,23,4,part_of_speech_classification,color_matching,matching,match_right,XVVX,noun,positive,blue,✲✲✲lustig✲✲✲,adjective,positive,brown,0.4932,nonmatch,0.0249,0,1.0601,1.1958,148.4131591025766
113,823,31,23,4,part_of_speech_classification,color_matching,matching,match_right,XVVX,noun,positive,blue,✲✲✲lustig✲✲✲,adjective,positive,brown,0.4932,nonmatch,0.1852,0,1.0601,1.1958,148.4131591025766
113,824,32,23,4,part_of_speech_classification,color_matching,matching,match_right,XVVX,noun,positive,blue,✲✲✲✲gift✲✲✲✲,noun,negative,blue,0.4932,nonmatch,0.1349,1,1.0601,1.1958,148.4131591025766
113,824,32,23,4,part_of_speech_classification,color_matching,matching,match_right,XVVX,noun,positive,blue,✲✲✲✲gift✲✲✲✲,noun,negative,blue,0.4932,nonmatch,0.3309,1,1.0601,1.1958,148.4131591025766
113,825,33,23,4,part_of_speech_classification,color_matching,matching,match_right,ZYYZ,noun,negative,brown,✲✲ehrlich✲✲✲,adjective,positive,blue,0.4966,match,1.4595,1,1.0601,1.1958,148.4131591025766
113,826,34,23,4,part_of_speech_classification,color_matching,matching,match_right,MQQM,adjective,positive,brown,✲✲✲eitel✲✲✲✲,adjective,negative,blue,0.4932,match,1.1127,1,1.0601,1.1958,148.4131591025766
113,827,35,23,4,part_of_speech_classification,color_matching,matching,match_right,ZYYZ,noun,negative,brown,✲✲✲gütig✲✲✲✲,adjective,positive,brown,0.4932,match,1.3116,0,1.0601,1.1958,148.4131591025766
113,828,36,23,4,part_of_speech_classification,color_matching,matching,match_right,ZYYZ,noun,negative,brown,✲entführung✲,noun,negative,blue,0.4932,nonmatch,1.2756,0,1.0601,1.1958,148.4131591025766
113,829,37,23,4,part_of_speech_classification,color_matching,matching,match_right,MQQM,adjective,positive,blue,✲✲ehrlich✲✲✲,adjective,positive,blue,0.4932,nonmatch,1.3177,1,1.0601,1.1958,148.4131591025766
113,830,38,23,4,part_of_speech_classification,color_matching,matching,match_right,ZYYZ,noun,negative,blue,✲✲✲gierig✲✲✲,adjective,negative,brown,0.4932,match,1.2694,1,1.0601,1.1958,148.4131591025766
113,831,39,23,4,part_of_speech_classification,color_matching,matching,match_right,XVVX,noun,positive,brown,✲✲✲✲spaß✲✲✲✲,noun,positive,blue,0.4932,match,1.3567,1,1.0601,1.1958,148.4131591025766
113,832,40,23,4,part_of_speech_classification,color_matching,matching,match_right,MQQM,adjective,positive,brown,✲✲✲lustig✲✲✲,adjective,positive,brown,0.4933,match,1.0506,0,1.0601,1.1958,148.4131591025766
113,833,41,23,4,part_of_speech_classification,color_matching,matching,match_right,XVVX,noun,positive,brown,✲✲✲eitel✲✲✲✲,adjective,negative,brown,0.4932,nonmatch,1.4728,1,1.0601,1.1958,148.4131591025766
113,834,42,23,4,part_of_speech_classification,color_matching,matching,match_right,ZYYZ,noun,negative,blue,✲✲✲schön✲✲✲✲,adjective,positive,blue,0.4934,nonmatch,1.2626,1,1.0601,1.1958,148.4131591025766
113,835,43,23,4,part_of_speech_classification,color_matching,matching,match_right,XVVX,noun,positive,brown,✲✲✲gütig✲✲✲✲,adjective,positive,brown,0.4932,match,1.3031,0,1.0601,1.1958,148.4131591025766
113,836,44,23,4,part_of_speech_classification,color_matching,matching,match_right,WJJW,adjective,negative,blue,✲✲✲liebe✲✲✲✲,noun,positive,brown,0.4932,nonmatch,1.259,0,1.0601,1.1958,148.4131591025766
113,837,45,23,4,part_of_speech_classification,color_matching,matching,match_right,MQQM,adjective,positive,brown,✲✲✲✲spaß✲✲✲✲,noun,positive,blue,0.4932,nonmatch,1.3051,0,1.0601,1.1958,148.4131591025766
113,838,46,23,4,part_of_speech_classification,color_matching,matching,match_right,MQQM,adjective,positive,blue,✲✲✲leiche✲✲✲,noun,negative,brown,0.4932,nonmatch,0.2835,0,1.0601,1.1958,148.4131591025766
113,839,47,23,4,part_of_speech_classification,color_matching,matching,match_right,ZYYZ,noun,negative,blue,✲✲✲✲gift✲✲✲✲,noun,negative,blue,0.4966,match,0.8914,0,1.0601,1.1958,148.4131591025766
113,840,48,23,4,part_of_speech_classification,color_matching,matching,match_right,WJJW,adjective,negative,brown,✲✲schleim✲✲✲,noun,negative,brown,0.4932,nonmatch,1.1584,1,1.0601,1.1958,148.4131591025766
113,841,49,23,4,part_of_speech_classification,color_matching,matching,match_right,WJJW,adjective,negative,blue,✲✲✲schön✲✲✲✲,adjective,positive,brown,0.4932,match,4.6243,1,1.0601,1.1958,148.4131591025766
113,842,50,23,4,part_of_speech_classification,color_matching,matching,match_right,MQQM,adjective,positive,blue,✲✲✲glück✲✲✲✲,noun,positive,blue,0.4932,nonmatch,1.1333,1,1.0601,1.1958,148.4131591025766
113,843,51,23,4,part_of_speech_classification,color_matching,matching,match_right,WJJW,adjective,negative,brown,✲✲✲glück✲✲✲✲,noun,positive,brown,0.4932,match,0.6982,0,1.0601,1.1958,148.4131591025766
113,844,52,23,4,part_of_speech_classification,color_matching,matching,match_right,XVVX,noun,positive,blue,✲✲ehrlich✲✲✲,adjective,positive,blue,0.4933,nonmatch,1.2874,1,1.0601,1.1958,148.4131591025766
113,845,53,23,4,part_of_speech_classification,color_matching,matching,match_right,WJJW,adjective,negative,brown,✲✲schlecht✲✲,adjective,negative,blue,0.4932,nonmatch,0.7347,0,1.0601,1.1958,148.4131591025766
113,846,54,23,4,part_of_speech_classification,color_matching,matching,match_right,MQQM,adjective,positive,blue,✲✲einfall✲✲✲,noun,positive,brown,0.4932,match,1.2255,1,1.0601,1.1958,148.4131591025766
113,847,55,23,4,part_of_speech_classification,color_matching,matching,match_right,WJJW,adjective,negative,brown,✲✲✲gütig✲✲✲✲,adjective,positive,brown,0.4936,nonmatch,1.3371,1,1.0601,1.1958,148.4131591025766
113,848,56,23,4,part_of_speech_classification,color_matching,matching,match_right,WJJW,adjective,negative,blue,✲✲✲eitel✲✲✲✲,adjective,negative,blue,0.4932,match,1.2013,0,1.0601,1.1958,148.4131591025766
113,849,57,23,4,part_of_speech_classification,color_matching,matching,match_right,ZYYZ,noun,negative,blue,✲✲✲eitel✲✲✲✲,adjective,negative,blue,0.4933,nonmatch,0.9151,1,1.0601,1.1958,148.4131591025766
113,850,58,23,4,part_of_speech_classification,color_matching,matching,match_right,WJJW,adjective,negative,blue,✲✲✲lustig✲✲✲,adjective,positive,blue,0.4966,nonmatch,1.2999,1,1.0601,1.1958,148.4131591025766
113,851,59,23,4,part_of_speech_classification,color_matching,matching,match_right,XVVX,noun,positive,brown,✲✲✲leiche✲✲✲,noun,negative,brown,0.4932,match,0.9396,0,1.0601,1.1958,148.4131591025766
113,852,60,23,4,part_of_speech_classification,color_matching,matching,match_right,WJJW,adjective,negative,brown,✲✲einfall✲✲✲,noun,positive,blue,0.4932,nonmatch,0.9254,0,1.0601,1.1958,148.4131591025766
113,853,61,23,4,part_of_speech_classification,color_matching,matching,match_right,WJJW,adjective,negative,blue,✲✲launisch✲✲,adjective,negative,brown,0.4932,match,1.2674,1,1.0601,1.1958,148.4131591025766
113,854,62,23,4,part_of_speech_classification,color_matching,matching,match_right,XVVX,noun,positive,blue,✲✲✲gierig✲✲✲,adjective,negative,blue,0.4932,nonmatch,1.3057,1,1.0601,1.1958,148.4131591025766
113,855,63,23,4,part_of_speech_classification,color_matching,matching,match_right,ZYYZ,noun,negative,brown,✲✲✲leiche✲✲✲,noun,negative,brown,0.4933,match,1.316,0,1.0601,1.1958,148.4131591025766
113,855,63,23,4,part_of_speech_classification,color_matching,matching,match_right,ZYYZ,noun,negative,brown,✲✲✲leiche✲✲✲,noun,negative,brown,0.4933,match,1.4118,0,1.0601,1.1958,148.4131591025766
113,856,64,23,4,part_of_speech_classification,color_matching,matching,match_right,WJJW,adjective,negative,blue,✲✲✲leiche✲✲✲,noun,negative,blue,0.4932,nonmatch,1.264,1,1.0601,1.1958,148.4131591025766
113,857,1,24,5,part_of_speech_classification,color_matching,matching,match_right,XVVX,noun,positive,brown,✲entführung✲,noun,negative,brown,0.54,match,3.9684,0,1.0601,1.1958,148.4131591025766
113,858,2,24,5,part_of_speech_classification,color_matching,matching,match_right,MQQM,adjective,positive,brown,✲✲✲glück✲✲✲✲,noun,positive,blue,0.4933,nonmatch,0.9977,0,1.0601,1.1958,148.4131591025766
113,859,3,24,5,part_of_speech_classification,color_matching,matching,match_right,WJJW,adjective,negative,blue,✲✲einfall✲✲✲,noun,positive,blue,0.4932,match,0.7331,0,1.0601,1.1958,148.4131591025766
113,860,4,24,5,part_of_speech_classification,color_matching,matching,match_right,MQQM,adjective,positive,blue,✲✲✲liebe✲✲✲✲,noun,positive,brown,0.4932,nonmatch,1.2469,0,1.0601,1.1958,148.4131591025766
113,861,5,24,5,part_of_speech_classification,color_matching,matching,match_right,ZYYZ,noun,negative,blue,✲✲schleim✲✲✲,noun,negative,blue,0.4932,match,1.2754,0,1.0601,1.1958,148.4131591025766
113,862,6,24,5,part_of_speech_classification,color_matching,matching,match_right,WJJW,adjective,negative,blue,✲✲✲lustig✲✲✲,adjective,positive,brown,0.4932,nonmatch,1.2811,0,1.0601,1.1958,148.4131591025766
113,863,7,24,5,part_of_speech_classification,color_matching,matching,match_right,WJJW,adjective,negative,brown,✲✲✲eitel✲✲✲✲,adjective,negative,blue,0.4932,match,0.7786,1,1.0601,1.1958,148.4131591025766
113,864,8,24,5,part_of_speech_classification,color_matching,matching,match_right,MQQM,adjective,positive,blue,✲✲✲✲spaß✲✲✲✲,noun,positive,blue,0.4932,match,1.2631,0,1.0601,1.1958,148.4131591025766
113,865,9,24,5,part_of_speech_classification,color_matching,matching,match_right,WJJW,adjective,negative,blue,✲✲✲gierig✲✲✲,adjective,negative,brown,0.4932,nonmatch,0.9182,0,1.0601,1.1958,148.4131591025766
113,866,10,24,5,part_of_speech_classification,color_matching,matching,match_right,MQQM,adjective,positive,brown,✲✲ehrlich✲✲✲,adjective,positive,brown,0.4932,nonmatch,1.2741,1,1.0601,1.1958,148.4131591025766
113,867,11,24,5,part_of_speech_classification,color_matching,matching,match_right,ZYYZ,noun,negative,brown,✲entführung✲,noun,negative,blue,0.4932,nonmatch,0.6002,0,1.0601,1.1958,148.4131591025766
113,868,12,24,5,part_of_speech_classification,color_matching,matching,match_right,XVVX,noun,positive,blue,✲✲✲gütig✲✲✲✲,adjective,positive,blue,0.4966,nonmatch,1.2764,1,1.0601,1.1958,148.4131591025766
113,868,12,24,5,part_of_speech_classification,color_matching,matching,match_right,XVVX,noun,positive,blue,✲✲✲gütig✲✲✲✲,adjective,positive,blue,0.4966,nonmatch,1.4688,1,1.0601,1.1958,148.4131591025766
113,869,13,24,5,part_of_speech_classification,color_matching,matching,match_right,WJJW,adjective,negative,brown,✲✲✲✲spaß✲✲✲✲,noun,positive,brown,0.5028,nonmatch,0.0027,1,1.0601,1.1958,148.4131591025766
113,869,13,24,5,part_of_speech_classification,color_matching,matching,match_right,WJJW,adjective,negative,brown,✲✲✲✲spaß✲✲✲✲,noun,positive,brown,0.5028,nonmatch,0.1708,1,1.0601,1.1958,148.4131591025766
113,870,14,24,5,part_of_speech_classification,color_matching,matching,match_right,WJJW,adjective,negative,brown,✲✲✲liebe✲✲✲✲,noun,positive,blue,0.4976,nonmatch,0.0672,0,1.0601,1.1958,148.4131591025766
113,870,14,24,5,part_of_speech_classification,color_matching,matching,match_right,WJJW,adjective,negative,brown,✲✲✲liebe✲✲✲✲,noun,positive,blue,0.4976,nonmatch,0.2355,0,1.0601,1.1958,148.4131591025766
113,871,15,24,5,part_of_speech_classification,color_matching,matching,match_right,XVVX,noun,positive,brown,✲✲einfall✲✲✲,noun,positive,blue,0.4934,nonmatch,0.1,0,1.0601,1.1958,148.4131591025766
113,871,15,24,5,part_of_speech_classification,color_matching,matching,match_right,XVVX,noun,positive,brown,✲✲einfall✲✲✲,noun,positive,blue,0.4934,nonmatch,0.2746,0,1.0601,1.1958,148.4131591025766
113,872,16,24,5,part_of_speech_classification,color_matching,matching,match_right,ZYYZ,noun,negative,brown,✲✲launisch✲✲,adjective,negative,blue,0.4934,nonmatch,0.0957,0,1.0601,1.1958,148.4131591025766
113,872,16,24,5,part_of_speech_classification,color_matching,matching,match_right,ZYYZ,noun,negative,brown,✲✲launisch✲✲,adjective,negative,blue,0.4934,nonmatch,0.2911,0,1.0601,1.1958,148.4131591025766
113,873,17,24,5,part_of_speech_classification,color_matching,matching,match_right,MQQM,adjective,positive,brown,✲✲✲leiche✲✲✲,noun,negative,brown,0.4932,nonmatch,0.1752,1,1.0601,1.1958,148.4131591025766
113,873,17,24,5,part_of_speech_classification,color_matching,matching,match_right,MQQM,adjective,positive,brown,✲✲✲leiche✲✲✲,noun,negative,brown,0.4932,nonmatch,0.3682,1,1.0601,1.1958,148.4131591025766
113,874,18,24,5,part_of_speech_classification,color_matching,matching,match_right,ZYYZ,noun,negative,blue,✲✲✲schön✲✲✲✲,adjective,positive,brown,0.4932,nonmatch,0.1244,0,1.0601,1.1958,148.4131591025766
113,874,18,24,5,part_of_speech_classification,color_matching,matching,match_right,ZYYZ,noun,negative,blue,✲✲✲schön✲✲✲✲,adjective,positive,brown,0.4932,nonmatch,0.3068,0,1.0601,1.1958,148.4131591025766
113,875,19,24,5,part_of_speech_classification,color_matching,matching,match_right,ZYYZ,noun,negative,blue,✲✲✲✲spaß✲✲✲✲,noun,positive,brown,0.4934,nonmatch,0.2274,0,1.0601,1.1958,148.4131591025766
113,875,19,24,5,part_of_speech_classification,color_matching,matching,match_right,ZYYZ,noun,negative,blue,✲✲✲✲spaß✲✲✲✲,noun,positive,brown,0.4934,nonmatch,0.4449,0,1.0601,1.1958,148.4131591025766
113,876,20,24,5,part_of_speech_classification,color_matching,matching,match_right,MQQM,adjective,positive,brown,✲✲einfall✲✲✲,noun,positive,brown,0.4934,nonmatch,0.1189,1,1.0601,1.1958,148.4131591025766
113,876,20,24,5,part_of_speech_classification,color_matching,matching,match_right,MQQM,adjective,positive,brown,✲✲einfall✲✲✲,noun,positive,brown,0.4934,nonmatch,0.2822,1,1.0601,1.1958,148.4131591025766
113,877,21,24,5,part_of_speech_classification,color_matching,matching,match_right,MQQM,adjective,positive,blue,✲✲✲gierig✲✲✲,adjective,negative,blue,0.4932,nonmatch,0.0384,1,1.0601,1.1958,148.4131591025766
113,877,21,24,5,part_of_speech_classification,color_matching,matching,match_right,MQQM,adjective,positive,blue,✲✲✲gierig✲✲✲,adjective,negative,blue,0.4932,nonmatch,0.2494,1,1.0601,1.1958,148.4131591025766
113,878,22,24,5,part_of_speech_classification,color_matching,matching,match_right,ZYYZ,noun,negative,brown,✲✲✲glück✲✲✲✲,noun,positive,brown,0.4932,nonmatch,0.0042,1,1.0601,1.1958,148.4131591025766
113,878,22,24,5,part_of_speech_classification,color_matching,matching,match_right,ZYYZ,noun,negative,brown,✲✲✲glück✲✲✲✲,noun,positive,brown,0.4932,nonmatch,0.2076,1,1.0601,1.1958,148.4131591025766
113,879,23,24,5,part_of_speech_classification,color_matching,matching,match_right,MQQM,adjective,positive,brown,✲✲schlecht✲✲,adjective,negative,blue,0.4935,nonmatch,0.0313,0,1.0601,1.1958,148.4131591025766
113,879,23,24,5,part_of_speech_classification,color_matching,matching,match_right,MQQM,adjective,positive,brown,✲✲schlecht✲✲,adjective,negative,blue,0.4935,nonmatch,0.2424,0,1.0601,1.1958,148.4131591025766
113,880,24,24,5,part_of_speech_classification,color_matching,matching,match_right,XVVX,noun,positive,blue,✲✲✲glück✲✲✲✲,noun,positive,brown,0.4932,nonmatch,0.1334,0,1.0601,1.1958,148.4131591025766
113,880,24,24,5,part_of_speech_classification,color_matching,matching,match_right,XVVX,noun,positive,blue,✲✲✲glück✲✲✲✲,noun,positive,brown,0.4932,nonmatch,0.3508,0,1.0601,1.1958,148.4131591025766
113,881,25,24,5,part_of_speech_classification,color_matching,matching,match_right,XVVX,noun,positive,brown,✲✲schlecht✲✲,adjective,negative,blue,0.4938,nonmatch,0.2144,0,1.0601,1.1958,148.4131591025766
113,881,25,24,5,part_of_speech_classification,color_matching,matching,match_right,XVVX,noun,positive,brown,✲✲schlecht✲✲,adjective,negative,blue,0.4938,nonmatch,0.3961,0,1.0601,1.1958,148.4131591025766
113,882,26,24,5,part_of_speech_classification,color_matching,matching,match_right,ZYYZ,noun,negative,brown,✲✲schlecht✲✲,adjective,negative,brown,0.4932,nonmatch,0.1602,1,1.0601,1.1958,148.4131591025766
113,882,26,24,5,part_of_speech_classification,color_matching,matching,match_right,ZYYZ,noun,negative,brown,✲✲schlecht✲✲,adjective,negative,brown,0.4932,nonmatch,0.3712,1,1.0601,1.1958,148.4131591025766
113,883,27,24,5,part_of_speech_classification,color_matching,matching,match_right,ZYYZ,noun,negative,blue,✲✲✲liebe✲✲✲✲,noun,positive,blue,0.4932,nonmatch,0.0127,1,1.0601,1.1958,148.4131591025766
113,883,27,24,5,part_of_speech_classification,color_matching,matching,match_right,ZYYZ,noun,negative,blue,✲✲✲liebe✲✲✲✲,noun,positive,blue,0.4932,nonmatch,0.2516,1,1.0601,1.1958,148.4131591025766
113,884,28,24,5,part_of_speech_classification,color_matching,matching,match_right,XVVX,noun,positive,blue,✲✲✲✲spaß✲✲✲✲,noun,positive,blue,0.4932,nonmatch,0.0548,1,1.0601,1.1958,148.4131591025766
113,884,28,24,5,part_of_speech_classification,color_matching,matching,match_right,XVVX,noun,positive,blue,✲✲✲✲spaß✲✲✲✲,noun,positive,blue,0.4932,nonmatch,0.2829,1,1.0601,1.1958,148.4131591025766
113,885,29,24,5,part_of_speech_classification,color_matching,matching,match_right,MQQM,adjective,positive,blue,✲entführung✲,noun,negative,blue,0.4932,nonmatch,0.0457,1,1.0601,1.1958,148.4131591025766
113,885,29,24,5,part_of_speech_classification,color_matching,matching,match_right,MQQM,adjective,positive,blue,✲entführung✲,noun,negative,blue,0.4932,nonmatch,0.2856,1,1.0601,1.1958,148.4131591025766
113,886,30,24,5,part_of_speech_classification,color_matching,matching,match_right,XVVX,noun,positive,blue,✲✲launisch✲✲,adjective,negative,brown,0.4932,nonmatch,0.0456,0,1.0601,1.1958,148.4131591025766
113,886,30,24,5,part_of_speech_classification,color_matching,matching,match_right,XVVX,noun,positive,blue,✲✲launisch✲✲,adjective,negative,brown,0.4932,nonmatch,0.2642,0,1.0601,1.1958,148.4131591025766
113,887,31,24,5,part_of_speech_classification,color_matching,matching,match_right,XVVX,noun,positive,brown,✲✲ehrlich✲✲✲,adjective,positive,brown,0.4933,nonmatch,0.1815,1,1.0601,1.1958,148.4131591025766
113,887,31,24,5,part_of_speech_classification,color_matching,matching,match_right,XVVX,noun,positive,brown,✲✲ehrlich✲✲✲,adjective,positive,brown,0.4933,nonmatch,0.371,1,1.0601,1.1958,148.4131591025766
113,888,32,24,5,part_of_speech_classification,color_matching,matching,match_right,WJJW,adjective,negative,blue,✲✲✲glück✲✲✲✲,noun,positive,brown,0.4932,nonmatch,0.1256,0,1.0601,1.1958,148.4131591025766
113,888,32,24,5,part_of_speech_classification,color_matching,matching,match_right,WJJW,adjective,negative,blue,✲✲✲glück✲✲✲✲,noun,positive,brown,0.4932,nonmatch,0.3037,0,1.0601,1.1958,148.4131591025766
113,889,33,24,5,part_of_speech_classification,color_matching,matching,match_right,XVVX,noun,positive,blue,✲✲✲lustig✲✲✲,adjective,positive,brown,0.4932,match,1.3092,1,1.0601,1.1958,148.4131591025766
113,890,34,24,5,part_of_speech_classification,color_matching,matching,match_right,XVVX,noun,positive,blue,✲✲✲eitel✲✲✲✲,adjective,negative,blue,0.4932,match,1.0691,0,1.0601,1.1958,148.4131591025766
113,891,35,24,5,part_of_speech_classification,color_matching,matching,match_right,XVVX,noun,positive,brown,✲✲✲gierig✲✲✲,adjective,negative,brown,0.4933,nonmatch,1.2738,1,1.0601,1.1958,148.4131591025766
113,892,36,24,5,part_of_speech_classification,color_matching,matching,match_right,MQQM,adjective,positive,blue,✲✲✲lustig✲✲✲,adjective,positive,blue,0.4932,match,1.2739,0,1.0601,1.1958,148.4131591025766
113,893,37,24,5,part_of_speech_classification,color_matching,matching,match_right,ZYYZ,noun,negative,brown,✲✲✲lustig✲✲✲,adjective,positive,brown,0.4932,nonmatch,1.0939,1,1.0601,1.1958,148.4131591025766
113,894,38,24,5,part_of_speech_classification,color_matching,matching,match_right,XVVX,noun,positive,blue,✲✲✲leiche✲✲✲,noun,negative,brown,0.4932,nonmatch,0.9118,0,1.0601,1.1958,148.4131591025766
113,895,39,24,5,part_of_speech_classification,color_matching,matching,match_right,ZYYZ,noun,negative,blue,✲✲✲eitel✲✲✲✲,adjective,negative,brown,0.4932,match,0.9506,1,1.0601,1.1958,148.4131591025766
113,896,40,24,5,part_of_speech_classification,color_matching,matching,match_right,MQQM,adjective,positive,blue,✲✲✲schön✲✲✲✲,adjective,positive,brown,0.4932,nonmatch,1.2289,0,1.0601,1.1958,148.4131591025766
113,897,41,24,5,part_of_speech_classification,color_matching,matching,match_right,WJJW,adjective,negative,brown,✲✲✲gütig✲✲✲✲,adjective,positive,brown,0.4932,nonmatch,1.3036,1,1.0601,1.1958,148.4131591025766
113,898,42,24,5,part_of_speech_classification,color_matching,matching,match_right,WJJW,adjective,negative,blue,✲✲✲schön✲✲✲✲,adjective,positive,blue,0.4932,match,1.2734,0,1.0601,1.1958,148.4131591025766
113,899,43,24,5,part_of_speech_classification,color_matching,matching,match_right,MQQM,adjective,positive,blue,✲✲✲eitel✲✲✲✲,adjective,negative,brown,0.4932,nonmatch,0.7257,0,1.0601,1.1958,148.4131591025766
113,900,44,24,5,part_of_speech_classification,color_matching,matching,match_right,XVVX,noun,positive,blue,✲✲✲✲gift✲✲✲✲,noun,negative,blue,0.4932,match,2.68,0,1.0601,1.1958,148.4131591025766
113,901,45,24,5,part_of_speech_classification,color_matching,matching,match_right,MQQM,adjective,positive,brown,✲✲✲✲gift✲✲✲✲,noun,negative,blue,0.4932,match,1.3187,1,1.0601,1.1958,148.4131591025766
113,902,46,24,5,part_of_speech_classification,color_matching,matching,match_right,MQQM,adjective,positive,blue,✲✲schleim✲✲✲,noun,negative,brown,0.4932,nonmatch,1.2899,0,1.0601,1.1958,148.4131591025766
113,903,47,24,5,part_of_speech_classification,color_matching,matching,match_right,XVVX,noun,positive,brown,✲✲schleim✲✲✲,noun,negative,blue,0.4932,nonmatch,1.2568,0,1.0601,1.1958,148.4131591025766
113,904,48,24,5,part_of_speech_classification,color_matching,matching,match_right,ZYYZ,noun,negative,brown,✲✲✲leiche✲✲✲,noun,negative,brown,0.4932,match,1.2411,0,1.0601,1.1958,148.4131591025766
113,905,49,24,5,part_of_speech_classification,color_matching,matching,match_right,MQQM,adjective,positive,brown,✲✲✲gütig✲✲✲✲,adjective,positive,blue,0.4932,match,1.2698,1,1.0601,1.1958,148.4131591025766
113,906,50,24,5,part_of_speech_classification,color_matching,matching,match_right,XVVX,noun,positive,brown,✲✲✲schön✲✲✲✲,adjective,positive,blue,0.4933,nonmatch,1.2847,0,1.0601,1.1958,148.4131591025766
113,907,51,24,5,part_of_speech_classification,color_matching,matching,match_right,ZYYZ,noun,negative,blue,✲✲✲✲gift✲✲✲✲,noun,negative,brown,0.4932,nonmatch,0.9624,0,1.0601,1.1958,148.4131591025766
113,908,52,24,5,part_of_speech_classification,color_matching,matching,match_right,WJJW,adjective,negative,blue,✲✲✲✲gift✲✲✲✲,noun,negative,blue,0.4932,nonmatch,1.453,1,1.0601,1.1958,148.4131591025766
113,909,53,24,5,part_of_speech_classification,color_matching,matching,match_right,WJJW,adjective,negative,brown,✲✲schleim✲✲✲,noun,negative,blue,0.4932,nonmatch,1.0542,0,1.0601,1.1958,148.4131591025766
113,910,54,24,5,part_of_speech_classification,color_matching,matching,match_right,ZYYZ,noun,negative,brown,✲✲✲gütig✲✲✲✲,adjective,positive,blue,0.4932,nonmatch,1.3077,0,1.0601,1.1958,148.4131591025766
113,911,55,24,5,part_of_speech_classification,color_matching,matching,match_right,ZYYZ,noun,negative,brown,✲✲einfall✲✲✲,noun,positive,blue,0.4957,nonmatch,1.2583,0,1.0601,1.1958,148.4131591025766
113,912,56,24,5,part_of_speech_classification,color_matching,matching,match_right,ZYYZ,noun,negative,blue,✲✲ehrlich✲✲✲,adjective,positive,blue,0.4934,match,1.1763,0,1.0601,1.1958,148.4131591025766
113,913,57,24,5,part_of_speech_classification,color_matching,matching,match_right,WJJW,adjective,negative,blue,✲✲launisch✲✲,adjective,negative,blue,0.4932,match,0.9757,0,1.0601,1.1958,148.4131591025766
113,914,58,24,5,part_of_speech_classification,color_matching,matching,match_right,MQQM,adjective,positive,brown,✲✲launisch✲✲,adjective,negative,brown,0.4966,nonmatch,1.4557,1,1.0601,1.1958,148.4131591025766
113,915,59,24,5,part_of_speech_classification,color_matching,matching,match_right,WJJW,adjective,negative,brown,✲entführung✲,noun,negative,brown,0.4932,nonmatch,1.106,1,1.0601,1.1958,148.4131591025766
113,916,60,24,5,part_of_speech_classification,color_matching,matching,match_right,XVVX,noun,positive,brown,✲✲✲liebe✲✲✲✲,noun,positive,brown,0.4933,nonmatch,1.3263,1,1.0601,1.1958,148.4131591025766
113,917,61,24,5,part_of_speech_classification,color_matching,matching,match_right,WJJW,adjective,negative,brown,✲✲schlecht✲✲,adjective,negative,brown,0.4932,nonmatch,1.2141,1,1.0601,1.1958,148.4131591025766
113,918,62,24,5,part_of_speech_classification,color_matching,matching,match_right,WJJW,adjective,negative,brown,✲✲ehrlich✲✲✲,adjective,positive,blue,0.4933,match,1.2489,1,1.0601,1.1958,148.4131591025766
113,919,63,24,5,part_of_speech_classification,color_matching,matching,match_right,ZYYZ,noun,negative,blue,✲✲✲gierig✲✲✲,adjective,negative,blue,0.4932,match,1.2696,0,1.0601,1.1958,148.4131591025766
113,920,64,24,5,part_of_speech_classification,color_matching,matching,match_right,WJJW,adjective,negative,blue,✲✲✲leiche✲✲✲,noun,negative,brown,0.4932,nonmatch,1.281,0,1.0601,1.1958,148.4131591025766
113,921,1,25,6,part_of_speech_classification,color_matching,matching,match_right,XVVX,noun,positive,brown,✲entführung✲,noun,negative,brown,0.4932,match,1.3494,0,1.0601,1.1958,148.4131591025766
113,922,2,25,6,part_of_speech_classification,color_matching,matching,match_right,MQQM,adjective,positive,brown,✲✲ehrlich✲✲✲,adjective,positive,blue,0.4932,nonmatch,0.9933,0,1.0601,1.1958,148.4131591025766
113,923,3,25,6,part_of_speech_classification,color_matching,matching,match_right,XVVX,noun,positive,blue,✲✲✲lustig✲✲✲,adjective,positive,blue,0.4932,nonmatch,1.3047,1,1.0601,1.1958,148.4131591025766
113,924,4,25,6,part_of_speech_classification,color_matching,matching,match_right,WJJW,adjective,negative,blue,✲✲✲✲gift✲✲✲✲,noun,negative,brown,0.4962,match,1.2525,1,1.0601,1.1958,148.4131591025766
113,925,5,25,6,part_of_speech_classification,color_matching,matching,match_right,XVVX,noun,positive,brown,✲✲✲gütig✲✲✲✲,adjective,positive,blue,0.4932,nonmatch,1.0364,0,1.0601,1.1958,148.4131591025766
113,926,6,25,6,part_of_speech_classification,color_matching,matching,match_right,XVVX,noun,positive,blue,✲✲✲✲gift✲✲✲✲,noun,negative,brown,0.4932,match,1.2819,1,1.0601,1.1958,148.4131591025766
113,927,7,25,6,part_of_speech_classification,color_matching,matching,match_right,ZYYZ,noun,negative,brown,✲✲✲leiche✲✲✲,noun,negative,brown,0.4932,match,1.2317,0,1.0601,1.1958,148.4131591025766
113,928,8,25,6,part_of_speech_classification,color_matching,matching,match_right,MQQM,adjective,positive,blue,✲✲✲leiche✲✲✲,noun,negative,blue,0.4932,nonmatch,1.221,1,1.0601,1.1958,148.4131591025766
113,929,9,25,6,part_of_speech_classification,color_matching,matching,match_right,MQQM,adjective,positive,brown,✲entführung✲,noun,negative,blue,0.4932,match,1.2385,1,1.0601,1.1958,148.4131591025766
113,930,10,25,6,part_of_speech_classification,color_matching,matching,match_right,MQQM,adjective,positive,blue,✲✲schleim✲✲✲,noun,negative,brown,0.4932,nonmatch,1.2807,0,1.0601,1.1958,148.4131591025766
113,931,11,25,6,part_of_speech_classification,color_matching,matching,match_right,XVVX,noun,positive,brown,✲✲schleim✲✲✲,noun,negative,blue,0.4932,nonmatch,1.2325,0,1.0601,1.1958,148.4131591025766
113,932,12,25,6,part_of_speech_classification,color_matching,matching,match_right,ZYYZ,noun,negative,blue,✲✲✲glück✲✲✲✲,noun,positive,brown,0.4932,match,0.8348,1,1.0601,1.1958,148.4131591025766
113,933,13,25,6,part_of_speech_classification,color_matching,matching,match_right,MQQM,adjective,positive,brown,✲✲✲✲gift✲✲✲✲,noun,negative,brown,0.4932,nonmatch,1.3001,1,1.0601,1.1958,148.4131591025766
113,934,14,25,6,part_of_speech_classification,color_matching,matching,match_right,ZYYZ,noun,negative,blue,✲✲launisch✲✲,adjective,negative,blue,0.4932,match,1.2613,0,1.0601,1.1958,148.4131591025766
113,935,15,25,6,part_of_speech_classification,color_matching,matching,match_right,WJJW,adjective,negative,blue,✲✲✲✲spaß✲✲✲✲,noun,positive,blue,0.4932,nonmatch,1.3107,1,1.0601,1.1958,148.4131591025766
113,936,16,25,6,part_of_speech_classification,color_matching,matching,match_right,XVVX,noun,positive,brown,✲✲✲glück✲✲✲✲,noun,positive,brown,0.4932,match,1.2636,0,1.0601,1.1958,148.4131591025766
113,937,17,25,6,part_of_speech_classification,color_matching,matching,match_right,ZYYZ,noun,negative,brown,✲✲✲✲gift✲✲✲✲,noun,negative,blue,0.4959,nonmatch,1.2833,0,1.0601,1.1958,148.4131591025766
113,938,18,25,6,part_of_speech_classification,color_matching,matching,match_right,ZYYZ,noun,negative,blue,✲entführung✲,noun,negative,blue,0.4932,match,1.3016,0,1.0601,1.1958,148.4131591025766
113,939,19,25,6,part_of_speech_classification,color_matching,matching,match_right,ZYYZ,noun,negative,blue,✲✲✲lustig✲✲✲,adjective,positive,blue,0.4932,nonmatch,1.3015,1,1.0601,1.1958,148.4131591025766
113,940,20,25,6,part_of_speech_classification,color_matching,matching,match_right,WJJW,adjective,negative,brown,✲✲✲glück✲✲✲✲,noun,positive,brown,0.4932,match,1.2046,0,1.0601,1.1958,148.4131591025766
113,941,21,25,6,part_of_speech_classification,color_matching,matching,match_right,ZYYZ,noun,negative,brown,✲✲✲eitel✲✲✲✲,adjective,negative,blue,0.4932,nonmatch,1.1698,0,1.0601,1.1958,148.4131591025766
113,941,21,25,6,part_of_speech_classification,color_matching,matching,match_right,ZYYZ,noun,negative,brown,✲✲✲eitel✲✲✲✲,adjective,negative,blue,0.4932,nonmatch,1.2589,0,1.0601,1.1958,148.4131591025766
113,942,22,25,6,part_of_speech_classification,color_matching,matching,match_right,WJJW,adjective,negative,blue,✲✲✲schön✲✲✲✲,adjective,positive,blue,0.4932,nonmatch,1.2932,1,1.0601,1.1958,148.4131591025766
113,943,23,25,6,part_of_speech_classification,color_matching,matching,match_right,XVVX,noun,positive,blue,✲✲✲✲spaß✲✲✲✲,noun,positive,brown,0.4932,match,1.3535,1,1.0601,1.1958,148.4131591025766
113,944,24,25,6,part_of_speech_classification,color_matching,matching,match_right,XVVX,noun,positive,blue,✲✲✲gierig✲✲✲,adjective,negative,blue,0.4932,nonmatch,1.1771,1,1.0601,1.1958,148.4131591025766
113,945,25,25,6,part_of_speech_classification,color_matching,matching,match_right,WJJW,adjective,negative,blue,✲✲✲leiche✲✲✲,noun,negative,blue,0.4932,match,1.2877,0,1.0601,1.1958,148.4131591025766
113,946,26,25,6,part_of_speech_classification,color_matching,matching,match_right,XVVX,noun,positive,blue,✲✲✲leiche✲✲✲,noun,negative,blue,0.4932,match,1.2982,0,1.0601,1.1958,148.4131591025766
113,947,27,25,6,part_of_speech_classification,color_matching,matching,match_right,MQQM,adjective,positive,blue,✲✲einfall✲✲✲,noun,positive,blue,0.4932,match,1.2353,0,1.0601,1.1958,148.4131591025766
113,948,28,25,6,part_of_speech_classification,color_matching,matching,match_right,ZYYZ,noun,negative,brown,✲✲✲schön✲✲✲✲,adjective,positive,blue,0.4932,match,1.2992,1,1.0601,1.1958,148.4131591025766
113,949,29,25,6,part_of_speech_classification,color_matching,matching,match_right,WJJW,adjective,negative,blue,✲✲✲gierig✲✲✲,adjective,negative,blue,0.4932,match,1.2765,0,1.0601,1.1958,148.4131591025766
113,950,30,25,6,part_of_speech_classification,color_matching,matching,match_right,MQQM,adjective,positive,blue,✲✲✲lustig✲✲✲,adjective,positive,brown,0.4932,nonmatch,1.1119,0,1.0601,1.1958,148.4131591025766
113,951,31,25,6,part_of_speech_classification,color_matching,matching,match_right,XVVX,noun,positive,brown,✲✲launisch✲✲,adjective,negative,brown,0.4932,match,1.2748,0,1.0601,1.1958,148.4131591025766
113,952,32,25,6,part_of_speech_classification,color_matching,matching,match_right,XVVX,noun,positive,blue,✲✲ehrlich✲✲✲,adjective,positive,brown,0.4932,nonmatch,1.3522,0,1.0601,1.1958,148.4131591025766
113,953,33,25,6,part_of_speech_classification,color_matching,matching,match_right,ZYYZ,noun,negative,blue,✲✲schlecht✲✲,adjective,negative,brown,0.5424,match,0.7537,1,1.0601,1.1958,148.4131591025766
113,954,34,25,6,part_of_speech_classification,color_matching,matching,match_right,ZYYZ,noun,negative,blue,✲✲schleim✲✲✲,noun,negative,brown,0.4932,match,1.2847,1,1.0601,1.1958,148.4131591025766
113,955,35,25,6,part_of_speech_classification,color_matching,matching,match_right,XVVX,noun,positive,brown,✲✲einfall✲✲✲,noun,positive,blue,0.4932,nonmatch,1.2597,0,1.0601,1.1958,148.4131591025766
113,956,36,25,6,part_of_speech_classification,color_matching,matching,match_right,MQQM,adjective,positive,blue,✲✲✲liebe✲✲✲✲,noun,positive,brown,0.4932,match,1.1066,1,1.0601,1.1958,148.4131591025766
113,957,37,25,6,part_of_speech_classification,color_matching,matching,match_right,XVVX,noun,positive,brown,✲✲✲schön✲✲✲✲,adjective,positive,brown,0.4932,match,1.27,0,1.0601,1.1958,148.4131591025766
113,958,38,25,6,part_of_speech_classification,color_matching,matching,match_right,XVVX,noun,positive,blue,✲✲✲liebe✲✲✲✲,noun,positive,blue,0.4933,nonmatch,1.1125,1,1.0601,1.1958,148.4131591025766
113,959,39,25,6,part_of_speech_classification,color_matching,matching,match_right,ZYYZ,noun,negative,brown,✲✲✲liebe✲✲✲✲,noun,positive,blue,0.4932,match,1.2623,1,1.0601,1.1958,148.4131591025766
113,960,40,25,6,part_of_speech_classification,color_matching,matching,match_right,MQQM,adjective,positive,brown,✲✲launisch✲✲,adjective,negative,blue,0.4932,nonmatch,1.3322,0,1.0601,1.1958,148.4131591025766
113,961,41,25,6,part_of_speech_classification,color_matching,matching,match_right,ZYYZ,noun,negative,blue,✲✲✲gütig✲✲✲✲,adjective,positive,brown,0.4932,match,1.2281,1,1.0601,1.1958,148.4131591025766
113,962,42,25,6,part_of_speech_classification,color_matching,matching,match_right,ZYYZ,noun,negative,blue,✲✲einfall✲✲✲,noun,positive,blue,0.4932,nonmatch,1.1721,1,1.0601,1.1958,148.4131591025766
113,963,43,25,6,part_of_speech_classification,color_matching,matching,match_right,MQQM,adjective,positive,brown,✲✲✲glück✲✲✲✲,noun,positive,brown,0.4932,match,1.3145,0,1.0601,1.1958,148.4131591025766
113,964,44,25,6,part_of_speech_classification,color_matching,matching,match_right,MQQM,adjective,positive,blue,✲✲schlecht✲✲,adjective,negative,brown,0.4933,match,1.3571,1,1.0601,1.1958,148.4131591025766
113,965,45,25,6,part_of_speech_classification,color_matching,matching,match_right,WJJW,adjective,negative,blue,✲✲✲liebe✲✲✲✲,noun,positive,brown,0.4933,match,1.0792,1,1.0601,1.1958,148.4131591025766
113,966,46,25,6,part_of_speech_classification,color_matching,matching,match_right,MQQM,adjective,positive,brown,✲✲✲✲spaß✲✲✲✲,noun,positive,blue,0.4932,nonmatch,1.1621,0,1.0601,1.1958,148.4131591025766
113,967,47,25,6,part_of_speech_classification,color_matching,matching,match_right,WJJW,adjective,negative,brown,✲✲schleim✲✲✲,noun,negative,blue,0.4932,match,1.1776,1,1.0601,1.1958,148.4131591025766
113,968,48,25,6,part_of_speech_classification,color_matching,matching,match_right,WJJW,adjective,negative,brown,✲✲einfall✲✲✲,noun,positive,blue,0.4932,match,1.1275,1,1.0601,1.1958,148.4131591025766
113,969,49,25,6,part_of_speech_classification,color_matching,matching,match_right,WJJW,adjective,negative,brown,✲✲✲gütig✲✲✲✲,adjective,positive,brown,0.4934,nonmatch,1.2863,1,1.0601,1.1958,148.4131591025766
113,970,50,25,6,part_of_speech_classification,color_matching,matching,match_right,ZYYZ,noun,negative,brown,✲✲✲✲spaß✲✲✲✲,noun,positive,brown,0.4932,match,1.1333,0,1.0601,1.1958,148.4131591025766
113,971,51,25,6,part_of_speech_classification,color_matching,matching,match_right,MQQM,adjective,positive,blue,✲✲✲schön✲✲✲✲,adjective,positive,blue,0.4963,nonmatch,0.9044,1,1.0601,1.1958,148.4131591025766
113,972,52,25,6,part_of_speech_classification,color_matching,matching,match_right,WJJW,adjective,negative,brown,✲✲launisch✲✲,adjective,negative,brown,0.4932,match,1.3074,0,1.0601,1.1958,148.4131591025766
113,973,53,25,6,part_of_speech_classification,color_matching,matching,match_right,WJJW,adjective,negative,brown,✲entführung✲,noun,negative,brown,0.4932,match,1.0977,0,1.0601,1.1958,148.4131591025766
113,974,54,25,6,part_of_speech_classification,color_matching,matching,match_right,XVVX,noun,positive,brown,✲✲schlecht✲✲,adjective,negative,blue,0.4932,nonmatch,1.2809,0,1.0601,1.1958,148.4131591025766
113,975,55,25,6,part_of_speech_classification,color_matching,matching,match_right,WJJW,adjective,negative,brown,✲✲✲lustig✲✲✲,adjective,positive,blue,0.4933,nonmatch,1.3234,0,1.0601,1.1958,148.4131591025766
113,976,56,25,6,part_of_speech_classification,color_matching,matching,match_right,MQQM,adjective,positive,brown,✲✲✲gütig✲✲✲✲,adjective,positive,brown,0.4932,match,1.2899,0,1.0601,1.1958,148.4131591025766
113,977,57,25,6,part_of_speech_classification,color_matching,matching,match_right,MQQM,adjective,positive,blue,✲✲✲gierig✲✲✲,adjective,negative,blue,0.4934,nonmatch,1.2667,1,1.0601,1.1958,148.4131591025766
113,978,58,25,6,part_of_speech_classification,color_matching,matching,match_right,ZYYZ,noun,negative,brown,✲✲ehrlich✲✲✲,adjective,positive,brown,0.4932,match,1.2452,0,1.0601,1.1958,148.4131591025766
113,979,59,25,6,part_of_speech_classification,color_matching,matching,match_right,WJJW,adjective,negative,brown,✲✲schlecht✲✲,adjective,negative,blue,0.4932,nonmatch,1.2626,0,1.0601,1.1958,148.4131591025766
113,980,60,25,6,part_of_speech_classification,color_matching,matching,match_right,MQQM,adjective,positive,brown,✲✲✲eitel✲✲✲✲,adjective,negative,brown,0.4933,match,1.2979,0,1.0601,1.1958,148.4131591025766
113,981,61,25,6,part_of_speech_classification,color_matching,matching,match_right,XVVX,noun,positive,blue,✲✲✲eitel✲✲✲✲,adjective,negative,brown,0.4932,match,1.1708,1,1.0601,1.1958,148.4131591025766
113,982,62,25,6,part_of_speech_classification,color_matching,matching,match_right,ZYYZ,noun,negative,brown,✲✲✲gierig✲✲✲,adjective,negative,brown,0.4932,match,1.2869,0,1.0601,1.1958,148.4131591025766
113,983,63,25,6,part_of_speech_classification,color_matching,matching,match_right,WJJW,adjective,negative,blue,✲✲✲eitel✲✲✲✲,adjective,negative,brown,0.4932,match,1.2837,1,1.0601,1.1958,148.4131591025766
113,984,64,25,6,part_of_speech_classification,color_matching,matching,match_right,WJJW,adjective,negative,blue,✲✲ehrlich✲✲✲,adjective,positive,brown,0.4978,match,1.2515,1,1.0601,1.1958,148.4131591025766
113,985,1,26,7,part_of_speech_classification,color_matching,matching,match_right,XVVX,noun,positive,brown,✲✲✲glück✲✲✲✲,noun,positive,brown,0.4966,match,1.3289,0,1.0601,1.1958,148.4131591025766
113,986,2,26,7,part_of_speech_classification,color_matching,matching,match_right,ZYYZ,noun,negative,blue,✲✲✲✲spaß✲✲✲✲,noun,positive,blue,0.4932,nonmatch,1.0327,1,1.0601,1.1958,148.4131591025766
113,987,3,26,7,part_of_speech_classification,color_matching,matching,match_right,MQQM,adjective,positive,blue,✲✲✲✲gift✲✲✲✲,noun,negative,blue,0.4932,nonmatch,1.2913,1,1.0601,1.1958,148.4131591025766
113,988,4,26,7,part_of_speech_classification,color_matching,matching,match_right,ZYYZ,noun,negative,blue,✲✲✲glück✲✲✲✲,noun,positive,brown,0.4932,match,1.2422,1,1.0601,1.1958,148.4131591025766
113,989,5,26,7,part_of_speech_classification,color_matching,matching,match_right,ZYYZ,noun,negative,brown,✲entführung✲,noun,negative,blue,0.4932,nonmatch,1.2701,0,1.0601,1.1958,148.4131591025766
113,990,6,26,7,part_of_speech_classification,color_matching,matching,match_right,ZYYZ,noun,negative,blue,✲✲ehrlich✲✲✲,adjective,positive,blue,0.4932,match,1.3381,0,1.0601,1.1958,148.4131591025766
113,991,7,26,7,part_of_speech_classification,color_matching,matching,match_right,MQQM,adjective,positive,brown,✲✲ehrlich✲✲✲,adjective,positive,blue,0.4932,nonmatch,1.26,0,1.0601,1.1958,148.4131591025766
113,992,8,26,7,part_of_speech_classification,color_matching,matching,match_right,MQQM,adjective,positive,blue,✲✲✲✲spaß✲✲✲✲,noun,positive,blue,0.4932,nonmatch,1.0637,1,1.0601,1.1958,148.4131591025766
113,993,9,26,7,part_of_speech_classification,color_matching,matching,match_right,WJJW,adjective,negative,blue,✲✲ehrlich✲✲✲,adjective,positive,blue,0.4932,nonmatch,1.281,1,1.0601,1.1958,148.4131591025766
113,994,10,26,7,part_of_speech_classification,color_matching,matching,match_right,WJJW,adjective,negative,blue,✲✲✲✲spaß✲✲✲✲,noun,positive,brown,0.4932,match,1.2661,1,1.0601,1.1958,148.4131591025766
113,995,11,26,7,part_of_speech_classification,color_matching,matching,match_right,ZYYZ,noun,negative,blue,✲✲✲leiche✲✲✲,noun,negative,blue,0.4932,nonmatch,1.373,1,1.0601,1.1958,148.4131591025766
113,996,12,26,7,part_of_speech_classification,color_matching,matching,match_right,ZYYZ,noun,negative,brown,✲✲✲schön✲✲✲✲,adjective,positive,brown,0.4932,nonmatch,1.1938,1,1.0601,1.1958,148.4131591025766
113,997,13,26,7,part_of_speech_classification,color_matching,matching,match_right,WJJW,adjective,negative,blue,✲✲✲glück✲✲✲✲,noun,positive,blue,0.4932,match,1.2584,0,1.0601,1.1958,148.4131591025766
113,998,14,26,7,part_of_speech_classification,color_matching,matching,match_right,MQQM,adjective,positive,blue,✲✲✲leiche✲✲✲,noun,negative,brown,0.4932,nonmatch,1.1574,0,1.0601,1.1958,148.4131591025766
113,999,15,26,7,part_of_speech_classification,color_matching,matching,match_right,MQQM,adjective,positive,brown,✲✲✲gierig✲✲✲,adjective,negative,brown,0.4932,match,1.2746,0,1.0601,1.1958,148.4131591025766
113,1000,16,26,7,part_of_speech_classification,color_matching,matching,match_right,WJJW,adjective,negative,brown,✲✲schleim✲✲✲,noun,negative,brown,0.4965,match,1.2411,0,1.0601,1.1958,148.4131591025766
113,1001,17,26,7,part_of_speech_classification,color_matching,matching,match_right,WJJW,adjective,negative,brown,✲entführung✲,noun,negative,blue,0.4932,nonmatch,1.3114,0,1.0601,1.1958,148.4131591025766
113,1002,18,26,7,part_of_speech_classification,color_matching,matching,match_right,XVVX,noun,positive,brown,✲✲einfall✲✲✲,noun,positive,blue,0.4932,nonmatch,1.1859,0,1.0601,1.1958,148.4131591025766
113,1003,19,26,7,part_of_speech_classification,color_matching,matching,match_right,MQQM,adjective,positive,brown,✲✲✲eitel✲✲✲✲,adjective,negative,blue,0.4932,match,1.1372,1,1.0601,1.1958,148.4131591025766
113,1004,20,26,7,part_of_speech_classification,color_matching,matching,match_right,MQQM,adjective,positive,brown,✲✲schleim✲✲✲,noun,negative,blue,0.4932,match,1.2701,1,1.0601,1.1958,148.4131591025766
113,1005,21,26,7,part_of_speech_classification,color_matching,matching,match_right,MQQM,adjective,positive,blue,✲✲✲liebe✲✲✲✲,noun,positive,brown,0.4932,nonmatch,1.1296,0,1.0601,1.1958,148.4131591025766
113,1006,22,26,7,part_of_speech_classification,color_matching,matching,match_right,XVVX,noun,positive,blue,✲✲✲✲spaß✲✲✲✲,noun,positive,brown,0.4932,match,1.0191,1,1.0601,1.1958,148.4131591025766
113,1007,23,26,7,part_of_speech_classification,color_matching,matching,match_right,WJJW,adjective,negative,blue,✲✲✲leiche✲✲✲,noun,negative,brown,0.4932,match,1.0226,1,1.0601,1.1958,148.4131591025766
113,1008,24,26,7,part_of_speech_classification,color_matching,matching,match_right,XVVX,noun,positive,blue,✲✲launisch✲✲,adjective,negative,brown,0.4932,match,1.2504,1,1.0601,1.1958,148.4131591025766
113,1009,25,26,7,part_of_speech_classification,color_matching,matching,match_right,MQQM,adjective,positive,brown,✲✲einfall✲✲✲,noun,positive,brown,0.4932,match,1.0183,0,1.0601,1.1958,148.4131591025766
113,1010,26,26,7,part_of_speech_classification,color_matching,matching,match_right,XVVX,noun,positive,blue,✲✲ehrlich✲✲✲,adjective,positive,brown,0.4932,match,1.2505,1,1.0601,1.1958,148.4131591025766
113,1011,27,26,7,part_of_speech_classification,color_matching,matching,match_right,WJJW,adjective,negative,brown,✲✲einfall✲✲✲,noun,positive,brown,0.4933,match,1.1119,0,1.0601,1.1958,148.4131591025766
113,1012,28,26,7,part_of_speech_classification,color_matching,matching,match_right,WJJW,adjective,negative,blue,✲✲✲lustig✲✲✲,adjective,positive,brown,0.4932,match,1.1368,1,1.0601,1.1958,148.4131591025766
113,1013,29,26,7,part_of_speech_classification,color_matching,matching,match_right,ZYYZ,noun,negative,brown,✲✲schleim✲✲✲,noun,negative,brown,0.4932,match,1.2873,0,1.0601,1.1958,148.4131591025766
113,1014,30,26,7,part_of_speech_classification,color_matching,matching,match_right,XVVX,noun,positive,blue,✲✲✲gütig✲✲✲✲,adjective,positive,blue,0.4932,nonmatch,1.2968,1,1.0601,1.1958,148.4131591025766
113,1015,31,26,7,part_of_speech_classification,color_matching,matching,match_right,XVVX,noun,positive,brown,✲entführung✲,noun,negative,brown,0.4932,match,1.2914,0,1.0601,1.1958,148.4131591025766
113,1016,32,26,7,part_of_speech_classification,color_matching,matching,match_right,MQQM,adjective,positive,brown,✲entführung✲,noun,negative,brown,0.4932,match,1.0976,0,1.0601,1.1958,148.4131591025766
113,1017,33,26,7,part_of_speech_classification,color_matching,matching,match_right,WJJW,adjective,negative,blue,✲✲✲✲gift✲✲✲✲,noun,negative,blue,0.4932,match,1.4391,0,1.0601,1.1958,148.4131591025766
113,1018,34,26,7,part_of_speech_classification,color_matching,matching,match_right,WJJW,adjective,negative,brown,✲✲✲gierig✲✲✲,adjective,negative,brown,0.4932,nonmatch,0.9648,1,1.0601,1.1958,148.4131591025766
113,1019,35,26,7,part_of_speech_classification,color_matching,matching,match_right,WJJW,adjective,negative,brown,✲✲✲eitel✲✲✲✲,adjective,negative,blue,0.4932,nonmatch,1.319,0,1.0601,1.1958,148.4131591025766
113,1020,36,26,7,part_of_speech_classification,color_matching,matching,match_right,MQQM,adjective,positive,blue,✲✲launisch✲✲,adjective,negative,brown,0.4932,match,1.0618,1,1.0601,1.1958,148.4131591025766
113,1021,37,26,7,part_of_speech_classification,color_matching,matching,match_right,WJJW,adjective,negative,brown,✲✲✲schön✲✲✲✲,adjective,positive,blue,0.4932,nonmatch,1.0549,0,1.0601,1.1958,148.4131591025766
113,1022,38,26,7,part_of_speech_classification,color_matching,matching,match_right,XVVX,noun,positive,blue,✲✲✲✲gift✲✲✲✲,noun,negative,blue,0.4932,nonmatch,1.3646,1,1.0601,1.1958,148.4131591025766
113,1023,39,26,7,part_of_speech_classification,color_matching,matching,match_right,MQQM,adjective,positive,blue,✲✲✲gütig✲✲✲✲,adjective,positive,brown,0.4932,match,0.9284,1,1.0601,1.1958,148.4131591025766
113,1024,40,26,7,part_of_speech_classification,color_matching,matching,match_right,ZYYZ,noun,negative,brown,✲✲einfall✲✲✲,noun,positive,blue,0.4932,nonmatch,1.3288,0,1.0601,1.1958,148.4131591025766
113,1025,41,26,7,part_of_speech_classification,color_matching,matching,match_right,MQQM,adjective,positive,blue,✲✲✲schön✲✲✲✲,adjective,positive,blue,0.4932,nonmatch,0.8058,1,1.0601,1.1958,148.4131591025766
113,1026,42,26,7,part_of_speech_classification,color_matching,matching,match_right,ZYYZ,noun,negative,brown,✲✲launisch✲✲,adjective,negative,blue,0.4932,nonmatch,1.2339,0,1.0601,1.1958,148.4131591025766
113,1027,43,26,7,part_of_speech_classification,color_matching,matching,match_right,WJJW,adjective,negative,brown,✲✲✲liebe✲✲✲✲,noun,positive,blue,0.4932,nonmatch,1.2697,0,1.0601,1.1958,148.4131591025766
113,1028,44,26,7,part_of_speech_classification,color_matching,matching,match_right,XVVX,noun,positive,blue,✲✲✲leiche✲✲✲,noun,negative,brown,0.4932,match,0.9866,1,1.0601,1.1958,148.4131591025766
113,1028,44,26,7,part_of_speech_classification,color_matching,matching,match_right,XVVX,noun,positive,blue,✲✲✲leiche✲✲✲,noun,negative,brown,0.4932,nonmatch,1.2685,0,1.0601,1.1958,148.4131591025766
113,1029,45,26,7,part_of_speech_classification,color_matching,matching,match_right,XVVX,noun,positive,brown,✲✲✲lustig✲✲✲,adjective,positive,brown,0.4932,match,1.2475,0,1.0601,1.1958,148.4131591025766
113,1030,46,26,7,part_of_speech_classification,color_matching,matching,match_right,XVVX,noun,positive,brown,✲✲✲schön✲✲✲✲,adjective,positive,blue,0.4932,nonmatch,0.557,0,1.0601,1.1958,148.4131591025766
113,1031,47,26,7,part_of_speech_classification,color_matching,matching,match_right,XVVX,noun,positive,brown,✲✲✲gierig✲✲✲,adjective,negative,brown,0.4933,match,5.9049,0,1.0601,1.1958,148.4131591025766
113,1032,48,26,7,part_of_speech_classification,color_matching,matching,match_right,MQQM,adjective,positive,brown,✲✲✲lustig✲✲✲,adjective,positive,brown,0.4932,match,1.2668,0,1.0601,1.1958,148.4131591025766
113,1033,49,26,7,part_of_speech_classification,color_matching,matching,match_right,XVVX,noun,positive,brown,✲✲schleim✲✲✲,noun,negative,blue,0.4932,nonmatch,0.906,0,1.0601,1.1958,148.4131591025766
113,1034,50,26,7,part_of_speech_classification,color_matching,matching,match_right,WJJW,adjective,negative,brown,✲✲✲gütig✲✲✲✲,adjective,positive,brown,0.4932,match,1.2825,0,1.0601,1.1958,148.4131591025766
113,1035,51,26,7,part_of_speech_classification,color_matching,matching,match_right,ZYYZ,noun,negative,brown,✲✲✲gütig✲✲✲✲,adjective,positive,blue,0.4932,nonmatch,1.2873,0,1.0601,1.1958,148.4131591025766
113,1036,52,26,7,part_of_speech_classification,color_matching,matching,match_right,WJJW,adjective,negative,blue,✲✲launisch✲✲,adjective,negative,blue,0.4932,nonmatch,1.1844,1,1.0601,1.1958,148.4131591025766
113,1037,53,26,7,part_of_speech_classification,color_matching,matching,match_right,MQQM,adjective,positive,brown,✲✲✲glück✲✲✲✲,noun,positive,blue,0.4932,nonmatch,1.2927,0,1.0601,1.1958,148.4131591025766
113,1038,54,26,7,part_of_speech_classification,color_matching,matching,match_right,ZYYZ,noun,negative,blue,✲✲✲gierig✲✲✲,adjective,negative,blue,0.4932,nonmatch,1.0114,1,1.0601,1.1958,148.4131591025766
113,1039,55,26,7,part_of_speech_classification,color_matching,matching,match_right,ZYYZ,noun,negative,blue,✲✲schlecht✲✲,adjective,negative,brown,0.4932,nonmatch,1.3797,0,1.0601,1.1958,148.4131591025766
113,1040,56,26,7,part_of_speech_classification,color_matching,matching,match_right,ZYYZ,noun,negative,blue,✲✲✲lustig✲✲✲,adjective,positive,brown,0.4932,match,1.1214,1,1.0601,1.1958,148.4131591025766
113,1041,57,26,7,part_of_speech_classification,color_matching,matching,match_right,ZYYZ,noun,negative,brown,✲✲✲eitel✲✲✲✲,adjective,negative,brown,0.4932,match,0.99,0,1.0601,1.1958,148.4131591025766
113,1042,58,26,7,part_of_speech_classification,color_matching,matching,match_right,ZYYZ,noun,negative,blue,✲✲✲✲gift✲✲✲✲,noun,negative,brown,0.4932,match,1.2582,1,1.0601,1.1958,148.4131591025766
113,1043,59,26,7,part_of_speech_classification,color_matching,matching,match_right,MQQM,adjective,positive,blue,✲✲schlecht✲✲,adjective,negative,blue,0.4932,nonmatch,1.2817,1,1.0601,1.1958,148.4131591025766
113,1044,60,26,7,part_of_speech_classification,color_matching,matching,match_right,XVVX,noun,positive,blue,✲✲schlecht✲✲,adjective,negative,blue,0.4932,nonmatch,1.3111,1,1.0601,1.1958,148.4131591025766
113,1045,61,26,7,part_of_speech_classification,color_matching,matching,match_right,ZYYZ,noun,negative,brown,✲✲✲liebe✲✲✲✲,noun,positive,brown,0.4932,match,1.2965,0,1.0601,1.1958,148.4131591025766
113,1046,62,26,7,part_of_speech_classification,color_matching,matching,match_right,WJJW,adjective,negative,blue,✲✲schlecht✲✲,adjective,negative,brown,0.4933,match,0.9282,1,1.0601,1.1958,148.4131591025766
113,1047,63,26,7,part_of_speech_classification,color_matching,matching,match_right,XVVX,noun,positive,brown,✲✲✲eitel✲✲✲✲,adjective,negative,blue,0.4936,nonmatch,1.2877,0,1.0601,1.1958,148.4131591025766
113,1048,64,26,7,part_of_speech_classification,color_matching,matching,match_right,XVVX,noun,positive,blue,✲✲✲liebe✲✲✲✲,noun,positive,blue,0.4932,nonmatch,1.305,1,1.0601,1.1958,148.4131591025766
113,1049,1,27,8,part_of_speech_classification,color_matching,matching,match_right,ZYYZ,noun,negative,blue,✲✲✲glück✲✲✲✲,noun,positive,brown,0.4932,match,1.632,1,1.0601,1.1958,148.4131591025766
113,1050,2,27,8,part_of_speech_classification,color_matching,matching,match_right,ZYYZ,noun,negative,brown,✲✲ehrlich✲✲✲,adjective,positive,blue,0.4932,nonmatch,1.0266,0,1.0601,1.1958,148.4131591025766
113,1051,3,27,8,part_of_speech_classification,color_matching,matching,match_right,XVVX,noun,positive,brown,✲✲✲gütig✲✲✲✲,adjective,positive,brown,0.4932,match,1.5322,0,1.0601,1.1958,148.4131591025766
113,1052,4,27,8,part_of_speech_classification,color_matching,matching,match_right,MQQM,adjective,positive,blue,✲✲schlecht✲✲,adjective,negative,brown,0.4932,match,1.3621,1,1.0601,1.1958,148.4131591025766
113,1053,5,27,8,part_of_speech_classification,color_matching,matching,match_right,MQQM,adjective,positive,brown,✲✲✲schön✲✲✲✲,adjective,positive,blue,0.4933,nonmatch,1.0628,0,1.0601,1.1958,148.4131591025766
113,1054,6,27,8,part_of_speech_classification,color_matching,matching,match_right,WJJW,adjective,negative,blue,✲✲✲eitel✲✲✲✲,adjective,negative,blue,0.4963,nonmatch,1.1703,1,1.0601,1.1958,148.4131591025766
113,1055,7,27,8,part_of_speech_classification,color_matching,matching,match_right,WJJW,adjective,negative,blue,✲✲✲glück✲✲✲✲,noun,positive,brown,0.4932,nonmatch,0.7831,0,1.0601,1.1958,148.4131591025766
113,1056,8,27,8,part_of_speech_classification,color_matching,matching,match_right,MQQM,adjective,positive,brown,✲entführung✲,noun,negative,blue,0.4932,nonmatch,1.3353,0,1.0601,1.1958,148.4131591025766
113,1057,9,27,8,part_of_speech_classification,color_matching,matching,match_right,ZYYZ,noun,negative,brown,✲✲✲lustig✲✲✲,adjective,positive,brown,0.4932,match,1.4606,0,1.0601,1.1958,148.4131591025766
113,1058,10,27,8,part_of_speech_classification,color_matching,matching,match_right,XVVX,noun,positive,brown,✲entführung✲,noun,negative,blue,0.4932,nonmatch,0.7152,0,1.0601,1.1958,148.4131591025766
113,1059,11,27,8,part_of_speech_classification,color_matching,matching,match_right,XVVX,noun,positive,brown,✲✲ehrlich✲✲✲,adjective,positive,blue,0.4932,nonmatch,1.3096,0,1.0601,1.1958,148.4131591025766
113,1060,12,27,8,part_of_speech_classification,color_matching,matching,match_right,WJJW,adjective,negative,brown,✲✲✲schön✲✲✲✲,adjective,positive,blue,0.4932,nonmatch,0.9146,0,1.0601,1.1958,148.4131591025766
113,1061,13,27,8,part_of_speech_classification,color_matching,matching,match_right,WJJW,adjective,negative,blue,✲✲schleim✲✲✲,noun,negative,blue,0.4932,nonmatch,1.1047,1,1.0601,1.1958,148.4131591025766
113,1062,14,27,8,part_of_speech_classification,color_matching,matching,match_right,XVVX,noun,positive,blue,✲✲schlecht✲✲,adjective,negative,blue,0.4932,nonmatch,1.0341,1,1.0601,1.1958,148.4131591025766
113,1063,15,27,8,part_of_speech_classification,color_matching,matching,match_right,MQQM,adjective,positive,brown,✲✲✲gütig✲✲✲✲,adjective,positive,brown,0.4932,nonmatch,1.3582,1,1.0601,1.1958,148.4131591025766
113,1064,16,27,8,part_of_speech_classification,color_matching,matching,match_right,WJJW,adjective,negative,blue,✲✲schlecht✲✲,adjective,negative,brown,0.4932,match,1.5748,1,1.0601,1.1958,148.4131591025766
113,1065,17,27,8,part_of_speech_classification,color_matching,matching,match_right,WJJW,adjective,negative,blue,✲✲✲✲gift✲✲✲✲,noun,negative,brown,0.4932,match,1.2592,1,1.0601,1.1958,148.4131591025766
113,1066,18,27,8,part_of_speech_classification,color_matching,matching,match_right,WJJW,adjective,negative,brown,✲✲launisch✲✲,adjective,negative,brown,0.4932,match,0.7612,0,1.0601,1.1958,148.4131591025766
113,1067,19,27,8,part_of_speech_classification,color_matching,matching,match_right,MQQM,adjective,positive,blue,✲✲schleim✲✲✲,noun,negative,brown,0.4932,match,1.119,1,1.0601,1.1958,148.4131591025766
113,1068,20,27,8,part_of_speech_classification,color_matching,matching,match_right,XVVX,noun,positive,blue,✲✲schleim✲✲✲,noun,negative,brown,0.4932,match,1.2463,1,1.0601,1.1958,148.4131591025766
113,1069,21,27,8,part_of_speech_classification,color_matching,matching,match_right,MQQM,adjective,positive,blue,✲✲ehrlich✲✲✲,adjective,positive,brown,0.4932,match,1.2733,1,1.0601,1.1958,148.4131591025766
113,1070,22,27,8,part_of_speech_classification,color_matching,matching,match_right,ZYYZ,noun,negative,brown,✲✲✲leiche✲✲✲,noun,negative,brown,0.4932,match,1.2804,0,1.0601,1.1958,148.4131591025766
113,1071,23,27,8,part_of_speech_classification,color_matching,matching,match_right,XVVX,noun,positive,blue,✲✲✲liebe✲✲✲✲,noun,positive,blue,0.4932,nonmatch,1.2209,1,1.0601,1.1958,148.4131591025766
113,1072,24,27,8,part_of_speech_classification,color_matching,matching,match_right,MQQM,adjective,positive,brown,✲✲✲eitel✲✲✲✲,adjective,negative,brown,0.4932,nonmatch,1.3359,1,1.0601,1.1958,148.4131591025766
113,1073,25,27,8,part_of_speech_classification,color_matching,matching,match_right,ZYYZ,noun,negative,brown,✲✲einfall✲✲✲,noun,positive,brown,0.4932,match,1.2596,0,1.0601,1.1958,148.4131591025766
113,1074,26,27,8,part_of_speech_classification,color_matching,matching,match_right,MQQM,adjective,positive,brown,✲✲✲glück✲✲✲✲,noun,positive,brown,0.4932,match,1.2639,0,1.0601,1.1958,148.4131591025766
113,1075,27,27,8,part_of_speech_classification,color_matching,matching,match_right,MQQM,adjective,positive,brown,✲✲✲leiche✲✲✲,noun,negative,brown,0.4932,match,1.1406,0,1.0601,1.1958,148.4131591025766
113,1076,28,27,8,part_of_speech_classification,color_matching,matching,match_right,ZYYZ,noun,negative,blue,✲✲✲schön✲✲✲✲,adjective,positive,blue,0.4932,nonmatch,1.2706,1,1.0601,1.1958,148.4131591025766
113,1077,29,27,8,part_of_speech_classification,color_matching,matching,match_right,MQQM,adjective,positive,blue,✲✲launisch✲✲,adjective,negative,blue,0.4932,match,1.2951,0,1.0601,1.1958,148.4131591025766
113,1078,30,27,8,part_of_speech_classification,color_matching,matching,match_right,WJJW,adjective,negative,brown,✲✲✲leiche✲✲✲,noun,negative,brown,0.4932,nonmatch,1.2859,1,1.0601,1.1958,148.4131591025766
113,1079,31,27,8,part_of_speech_classification,color_matching,matching,match_right,ZYYZ,noun,negative,blue,✲✲✲gütig✲✲✲✲,adjective,positive,brown,0.4932,nonmatch,1.3553,0,1.0601,1.1958,148.4131591025766
113,1080,32,27,8,part_of_speech_classification,color_matching,matching,match_right,XVVX,noun,positive,brown,✲✲einfall✲✲✲,noun,positive,blue,0.4934,match,1.2898,1,1.0601,1.1958,148.4131591025766
113,1081,33,27,8,part_of_speech_classification,color_matching,matching,match_right,ZYYZ,noun,negative,blue,✲✲schlecht✲✲,adjective,negative,brown,0.4933,match,1.5149,1,1.0601,1.1958,148.4131591025766
113,1082,34,27,8,part_of_speech_classification,color_matching,matching,match_right,WJJW,adjective,negative,brown,✲✲ehrlich✲✲✲,adjective,positive,brown,0.4932,match,1.2564,0,1.0601,1.1958,148.4131591025766
113,1083,35,27,8,part_of_speech_classification,color_matching,matching,match_right,WJJW,adjective,negative,blue,✲✲✲✲spaß✲✲✲✲,noun,positive,blue,0.4932,nonmatch,1.2271,1,1.0601,1.1958,148.4131591025766
113,1084,36,27,8,part_of_speech_classification,color_matching,matching,match_right,XVVX,noun,positive,brown,✲✲✲gierig✲✲✲,adjective,negative,blue,0.4932,match,1.1228,1,1.0601,1.1958,148.4131591025766
113,1085,37,27,8,part_of_speech_classification,color_matching,matching,match_right,XVVX,noun,positive,blue,✲✲✲leiche✲✲✲,noun,negative,blue,0.4932,match,1.2464,0,1.0601,1.1958,148.4131591025766
113,1086,38,27,8,part_of_speech_classification,color_matching,matching,match_right,WJJW,adjective,negative,blue,✲✲✲gütig✲✲✲✲,adjective,positive,brown,0.4932,nonmatch,0.8982,0,1.0601,1.1958,148.4131591025766
113,1087,39,27,8,part_of_speech_classification,color_matching,matching,match_right,MQQM,adjective,positive,brown,✲✲✲liebe✲✲✲✲,noun,positive,blue,0.4932,match,1.2705,1,1.0601,1.1958,148.4131591025766
113,1088,40,27,8,part_of_speech_classification,color_matching,matching,match_right,ZYYZ,noun,negative,blue,✲✲✲✲gift✲✲✲✲,noun,negative,brown,0.4932,nonmatch,1.2941,0,1.0601,1.1958,148.4131591025766
113,1089,41,27,8,part_of_speech_classification,color_matching,matching,match_right,MQQM,adjective,positive,blue,✲✲✲✲spaß✲✲✲✲,noun,positive,blue,0.4932,nonmatch,1.099,1,1.0601,1.1958,148.4131591025766
113,1090,42,27,8,part_of_speech_classification,color_matching,matching,match_right,MQQM,adjective,positive,brown,✲✲✲gierig✲✲✲,adjective,negative,blue,0.4932,nonmatch,1.4082,0,1.0601,1.1958,148.4131591025766
113,1091,43,27,8,part_of_speech_classification,color_matching,matching,match_right,XVVX,noun,positive,blue,✲✲✲lustig✲✲✲,adjective,positive,blue,0.4932,match,1.1407,0,1.0601,1.1958,148.4131591025766
113,1092,44,27,8,part_of_speech_classification,color_matching,matching,match_right,WJJW,adjective,negative,brown,✲entführung✲,noun,negative,blue,0.4932,match,1.2568,1,1.0601,1.1958,148.4131591025766
113,1093,45,27,8,part_of_speech_classification,color_matching,matching,match_right,ZYYZ,noun,negative,blue,✲entführung✲,noun,negative,blue,0.4932,match,1.274,0,1.0601,1.1958,148.4131591025766
113,1094,46,27,8,part_of_speech_classification,color_matching,matching,match_right,ZYYZ,noun,negative,blue,✲✲✲liebe✲✲✲✲,noun,positive,blue,0.4933,match,1.2698,0,1.0601,1.1958,148.4131591025766
113,1095,47,27,8,part_of_speech_classification,color_matching,matching,match_right,WJJW,adjective,negative,brown,✲✲einfall✲✲✲,noun,positive,brown,0.4932,nonmatch,1.2218,1,1.0601,1.1958,148.4131591025766
113,1096,48,27,8,part_of_speech_classification,color_matching,matching,match_right,ZYYZ,noun,negative,brown,✲✲schleim✲✲✲,noun,negative,blue,0.4932,match,1.1773,1,1.0601,1.1958,148.4131591025766
113,1097,49,27,8,part_of_speech_classification,color_matching,matching,match_right,XVVX,noun,positive,brown,✲✲✲eitel✲✲✲✲,adjective,negative,brown,0.4932,nonmatch,0.9471,1,1.0601,1.1958,148.4131591025766
113,1098,50,27,8,part_of_speech_classification,color_matching,matching,match_right,XVVX,noun,positive,blue,✲✲✲✲spaß✲✲✲✲,noun,positive,brown,0.4933,match,1.1128,1,1.0601,1.1958,148.4131591025766
113,1099,51,27,8,part_of_speech_classification,color_matching,matching,match_right,MQQM,adjective,positive,blue,✲✲einfall✲✲✲,noun,positive,brown,0.4932,match,1.2515,1,1.0601,1.1958,148.4131591025766
113,1100,52,27,8,part_of_speech_classification,color_matching,matching,match_right,XVVX,noun,positive,blue,✲✲launisch✲✲,adjective,negative,brown,0.4932,match,0.9606,1,1.0601,1.1958,148.4131591025766
113,1101,53,27,8,part_of_speech_classification,color_matching,matching,match_right,ZYYZ,noun,negative,brown,✲✲✲eitel✲✲✲✲,adjective,negative,blue,0.4932,nonmatch,1.093,0,1.0601,1.1958,148.4131591025766
113,1102,54,27,8,part_of_speech_classification,color_matching,matching,match_right,ZYYZ,noun,negative,brown,✲✲✲✲spaß✲✲✲✲,noun,positive,blue,0.4936,match,1.3303,1,1.0601,1.1958,148.4131591025766
113,1103,55,27,8,part_of_speech_classification,color_matching,matching,match_right,XVVX,noun,positive,brown,✲✲✲✲gift✲✲✲✲,noun,negative,brown,0.4932,nonmatch,1.2143,1,1.0601,1.1958,148.4131591025766
113,1104,56,27,8,part_of_speech_classification,color_matching,matching,match_right,XVVX,noun,positive,blue,✲✲✲schön✲✲✲✲,adjective,positive,brown,0.4932,match,1.2994,1,1.0601,1.1958,148.4131591025766
113,1105,57,27,8,part_of_speech_classification,color_matching,matching,match_right,MQQM,adjective,positive,blue,✲✲✲lustig✲✲✲,adjective,positive,blue,0.4933,match,1.327,0,1.0601,1.1958,148.4131591025766
113,1106,58,27,8,part_of_speech_classification,color_matching,matching,match_right,MQQM,adjective,positive,blue,✲✲✲✲gift✲✲✲✲,noun,negative,blue,0.4932,match,1.2838,0,1.0601,1.1958,148.4131591025766
113,1107,59,27,8,part_of_speech_classification,color_matching,matching,match_right,XVVX,noun,positive,brown,✲✲✲glück✲✲✲✲,noun,positive,brown,0.4932,nonmatch,1.2558,1,1.0601,1.1958,148.4131591025766
113,1108,60,27,8,part_of_speech_classification,color_matching,matching,match_right,WJJW,adjective,negative,brown,✲✲✲gierig✲✲✲,adjective,negative,blue,0.4932,match,1.2678,1,1.0601,1.1958,148.4131591025766
113,1109,61,27,8,part_of_speech_classification,color_matching,matching,match_right,WJJW,adjective,negative,brown,✲✲✲liebe✲✲✲✲,noun,positive,blue,0.4932,match,1.2746,1,1.0601,1.1958,148.4131591025766
113,1110,62,27,8,part_of_speech_classification,color_matching,matching,match_right,ZYYZ,noun,negative,blue,✲✲✲gierig✲✲✲,adjective,negative,blue,0.4932,match,1.2801,0,1.0601,1.1958,148.4131591025766
113,1111,63,27,8,part_of_speech_classification,color_matching,matching,match_right,WJJW,adjective,negative,blue,✲✲✲lustig✲✲✲,adjective,positive,blue,0.4932,match,1.4262,0,1.0601,1.1958,148.4131591025766
113,1112,64,27,8,part_of_speech_classification,color_matching,matching,match_right,ZYYZ,noun,negative,brown,✲✲launisch✲✲,adjective,negative,brown,0.4932,nonmatch,1.0057,1,1.0601,1.1958,148.4131591025766
113,1113,1,28,9,part_of_speech_classification,color_matching,matching,match_right,launisch,adjective,negative,blue,✲✲✲eitel✲✲✲✲,adjective,negative,brown,0.5196,match,0.622,1,1.0601,1.1958,148.4131591025766
113,1114,2,28,9,part_of_speech_classification,color_matching,matching,match_right,einfall,noun,positive,brown,✲✲schlecht✲✲,adjective,negative,brown,0.4932,match,0.6693,0,1.0601,1.1958,148.4131591025766
113,1115,3,28,9,part_of_speech_classification,color_matching,matching,match_right,gierig,adjective,negative,blue,✲✲einfall✲✲✲,noun,positive,brown,0.4933,match,1.436,1,1.0601,1.1958,148.4131591025766
113,1116,4,28,9,part_of_speech_classification,color_matching,matching,match_right,entführung,noun,negative,blue,✲✲✲eitel✲✲✲✲,adjective,negative,blue,0.4932,nonmatch,0.8644,1,1.0601,1.1958,148.4131591025766
113,1117,5,28,9,part_of_speech_classification,color_matching,matching,match_right,liebe,noun,positive,brown,✲✲✲lustig✲✲✲,adjective,positive,blue,0.4932,match,1.3604,1,1.0601,1.1958,148.4131591025766
113,1118,6,28,9,part_of_speech_classification,color_matching,matching,match_right,schlecht,adjective,negative,blue,✲✲✲schön✲✲✲✲,adjective,positive,blue,0.4932,nonmatch,1.2508,1,1.0601,1.1958,148.4131591025766
113,1119,7,28,9,part_of_speech_classification,color_matching,matching,match_right,gift,noun,negative,blue,✲✲schleim✲✲✲,noun,negative,blue,0.4933,match,0.6908,0,1.0601,1.1958,148.4131591025766
113,1120,8,28,9,part_of_speech_classification,color_matching,matching,match_right,lustig,adjective,positive,blue,✲✲schleim✲✲✲,noun,negative,brown,0.4932,nonmatch,1.1048,0,1.0601,1.1958,148.4131591025766
113,1121,9,28,9,part_of_speech_classification,color_matching,matching,match_right,launisch,adjective,negative,brown,✲✲✲glück✲✲✲✲,noun,positive,blue,0.4932,match,1.3832,1,1.0601,1.1958,148.4131591025766
113,1122,10,28,9,part_of_speech_classification,color_matching,matching,match_right,spaß,noun,positive,blue,✲✲✲gierig✲✲✲,adjective,negative,brown,0.4933,nonmatch,0.8395,0,1.0601,1.1958,148.4131591025766
113,1123,11,28,9,part_of_speech_classification,color_matching,matching,match_right,leiche,noun,negative,blue,✲✲✲glück✲✲✲✲,noun,positive,blue,0.4933,match,1.3201,0,1.0601,1.1958,148.4131591025766
113,1124,12,28,9,part_of_speech_classification,color_matching,matching,match_right,glück,noun,positive,blue,✲✲ehrlich✲✲✲,adjective,positive,blue,0.4933,match,1.26,0,1.0601,1.1958,148.4131591025766
113,1125,13,28,9,part_of_speech_classification,color_matching,matching,match_right,entführung,noun,negative,brown,✲✲✲leiche✲✲✲,noun,negative,brown,0.4933,nonmatch,0.9791,1,1.0601,1.1958,148.4131591025766
113,1126,14,28,9,part_of_speech_classification,color_matching,matching,match_right,gierig,adjective,negative,blue,✲✲✲✲gift✲✲✲✲,noun,negative,blue,0.4932,nonmatch,3.2813,1,1.0601,1.1958,148.4131591025766
113,1127,15,28,9,part_of_speech_classification,color_matching,matching,match_right,spaß,noun,positive,blue,✲entführung✲,noun,negative,brown,0.4933,match,1.3022,1,1.0601,1.1958,148.4131591025766
113,1128,16,28,9,part_of_speech_classification,color_matching,matching,match_right,gütig,adjective,positive,blue,✲✲✲eitel✲✲✲✲,adjective,negative,blue,0.4932,nonmatch,1.1055,1,1.0601,1.1958,148.4131591025766
113,1129,17,28,9,part_of_speech_classification,color_matching,matching,match_right,gift,noun,negative,blue,✲✲✲gütig✲✲✲✲,adjective,positive,brown,0.4932,match,1.2759,1,1.0601,1.1958,148.4131591025766
113,1130,18,28,9,part_of_speech_classification,color_matching,matching,match_right,glück,noun,positive,blue,✲✲✲liebe✲✲✲✲,noun,positive,brown,0.4932,match,1.2803,1,1.0601,1.1958,148.4131591025766
113,1131,19,28,9,part_of_speech_classification,color_matching,matching,match_right,spaß,noun,positive,brown,✲✲einfall✲✲✲,noun,positive,blue,0.4932,nonmatch,1.0575,0,1.0601,1.1958,148.4131591025766
113,1132,20,28,9,part_of_speech_classification,color_matching,matching,match_right,leiche,noun,negative,brown,✲✲✲gierig✲✲✲,adjective,negative,brown,0.4932,match,1.303,0,1.0601,1.1958,148.4131591025766
113,1133,21,28,9,part_of_speech_classification,color_matching,matching,match_right,glück,noun,positive,brown,✲✲schleim✲✲✲,noun,negative,blue,0.4932,nonmatch,1.2695,0,1.0601,1.1958,148.4131591025766
113,1134,22,28,9,part_of_speech_classification,color_matching,matching,match_right,leiche,noun,negative,brown,✲✲✲lustig✲✲✲,adjective,positive,brown,0.4932,match,1.2807,0,1.0601,1.1958,148.4131591025766
113,1135,23,28,9,part_of_speech_classification,color_matching,matching,match_right,schön,adjective,positive,brown,✲✲✲leiche✲✲✲,noun,negative,blue,0.4932,nonmatch,1.3125,0,1.0601,1.1958,148.4131591025766
113,1136,24,28,9,part_of_speech_classification,color_matching,matching,match_right,spaß,noun,positive,blue,✲✲✲schön✲✲✲✲,adjective,positive,brown,0.4932,match,2.9158,1,1.0601,1.1958,148.4131591025766
113,1137,25,28,9,part_of_speech_classification,color_matching,matching,match_right,eitel,adjective,negative,brown,✲✲✲leiche✲✲✲,noun,negative,blue,0.4932,nonmatch,1.2983,0,1.0601,1.1958,148.4131591025766
113,1138,26,28,9,part_of_speech_classification,color_matching,matching,match_right,leiche,noun,negative,blue,✲entführung✲,noun,negative,brown,0.4964,match,1.3526,1,1.0601,1.1958,148.4131591025766
113,1139,27,28,9,part_of_speech_classification,color_matching,matching,match_right,liebe,noun,positive,blue,✲✲✲✲spaß✲✲✲✲,noun,positive,blue,0.4932,nonmatch,0.8836,1,1.0601,1.1958,148.4131591025766
113,1140,28,28,9,part_of_speech_classification,color_matching,matching,match_right,ehrlich,adjective,positive,brown,✲✲✲schön✲✲✲✲,adjective,positive,blue,0.4932,nonmatch,1.2599,0,1.0601,1.1958,148.4131591025766
113,1141,29,28,9,part_of_speech_classification,color_matching,matching,match_right,glück,noun,positive,brown,✲✲✲eitel✲✲✲✲,adjective,negative,blue,0.4932,match,1.2768,1,1.0601,1.1958,148.4131591025766
113,1142,30,28,9,part_of_speech_classification,color_matching,matching,match_right,schlecht,adjective,negative,brown,✲✲✲✲spaß✲✲✲✲,noun,positive,brown,0.4932,nonmatch,1.1261,1,1.0601,1.1958,148.4131591025766
113,1143,31,28,9,part_of_speech_classification,color_matching,matching,match_right,eitel,adjective,negative,brown,✲✲✲gütig✲✲✲✲,adjective,positive,brown,0.4933,nonmatch,3.1252,1,1.0601,1.1958,148.4131591025766
113,1144,32,28,9,part_of_speech_classification,color_matching,matching,match_right,schleim,noun,negative,blue,✲✲schlecht✲✲,adjective,negative,brown,0.4932,match,0.8109,1,1.0601,1.1958,148.4131591025766
113,1145,33,28,9,part_of_speech_classification,color_matching,matching,match_right,lustig,adjective,positive,brown,✲✲✲gütig✲✲✲✲,adjective,positive,brown,0.4932,match,0.9254,0,1.0601,1.1958,148.4131591025766
113,1146,34,28,9,part_of_speech_classification,color_matching,matching,match_right,ehrlich,adjective,positive,brown,✲✲✲✲gift✲✲✲✲,noun,negative,brown,0.4932,match,1.2848,0,1.0601,1.1958,148.4131591025766
113,1147,35,28,9,part_of_speech_classification,color_matching,matching,match_right,ehrlich,adjective,positive,brown,✲✲schlecht✲✲,adjective,negative,blue,0.4932,nonmatch,1.322,0,1.0601,1.1958,148.4131591025766
113,1148,36,28,9,part_of_speech_classification,color_matching,matching,match_right,schön,adjective,positive,blue,✲✲✲lustig✲✲✲,adjective,positive,blue,0.4932,match,1.394,0,1.0601,1.1958,148.4131591025766
113,1149,37,28,9,part_of_speech_classification,color_matching,matching,match_right,launisch,adjective,negative,brown,✲entführung✲,noun,negative,brown,0.4932,match,1.0255,0,1.0601,1.1958,148.4131591025766
113,1150,38,28,9,part_of_speech_classification,color_matching,matching,match_right,entführung,noun,negative,brown,✲✲✲liebe✲✲✲✲,noun,positive,brown,0.4932,match,1.285,0,1.0601,1.1958,148.4131591025766
113,1151,39,28,9,part_of_speech_classification,color_matching,matching,match_right,einfall,noun,positive,brown,✲✲✲glück✲✲✲✲,noun,positive,brown,0.495,match,1.4319,0,1.0601,1.1958,148.4131591025766
113,1152,40,28,9,part_of_speech_classification,color_matching,matching,match_right,lustig,adjective,positive,blue,✲✲✲glück✲✲✲✲,noun,positive,blue,0.4932,nonmatch,0.8832,1,1.0601,1.1958,148.4131591025766
113,1153,41,28,9,part_of_speech_classification,color_matching,matching,match_right,gift,noun,negative,brown,✲✲launisch✲✲,adjective,negative,blue,0.4933,nonmatch,1.2867,0,1.0601,1.1958,148.4131591025766
113,1154,42,28,9,part_of_speech_classification,color_matching,matching,match_right,gierig,adjective,negative,blue,✲✲✲lustig✲✲✲,adjective,positive,brown,0.4933,match,1.309,1,1.0601,1.1958,148.4131591025766
113,1155,43,28,9,part_of_speech_classification,color_matching,matching,match_right,einfall,noun,positive,blue,✲✲✲✲gift✲✲✲✲,noun,negative,blue,0.4932,nonmatch,1.5944,1,1.0601,1.1958,148.4131591025766
113,1156,44,28,9,part_of_speech_classification,color_matching,matching,match_right,schön,adjective,positive,brown,✲✲launisch✲✲,adjective,negative,brown,0.4932,match,1.1691,0,1.0601,1.1958,148.4131591025766
113,1157,45,28,9,part_of_speech_classification,color_matching,matching,match_right,gift,noun,negative,brown,✲✲einfall✲✲✲,noun,positive,blue,0.4932,nonmatch,1.2755,0,1.0601,1.1958,148.4131591025766
113,1158,46,28,9,part_of_speech_classification,color_matching,matching,match_right,einfall,noun,positive,brown,✲✲✲gütig✲✲✲✲,adjective,positive,brown,0.4932,match,1.3463,0,1.0601,1.1958,148.4131591025766
113,1159,47,28,9,part_of_speech_classification,color_matching,matching,match_right,entführung,noun,negative,brown,✲✲✲schön✲✲✲✲,adjective,positive,blue,0.4932,nonmatch,1.1062,0,1.0601,1.1958,148.4131591025766
113,1160,48,28,9,part_of_speech_classification,color_matching,matching,match_right,eitel,adjective,negative,blue,✲✲✲gierig✲✲✲,adjective,negative,blue,0.4932,nonmatch,1.2964,1,1.0601,1.1958,148.4131591025766
113,1161,49,28,9,part_of_speech_classification,color_matching,matching,match_right,liebe,noun,positive,blue,✲✲launisch✲✲,adjective,negative,blue,0.4932,nonmatch,1.3174,1,1.0601,1.1958,148.4131591025766
113,1162,50,28,9,part_of_speech_classification,color_matching,matching,match_right,gierig,adjective,negative,brown,✲✲schlecht✲✲,adjective,negative,brown,0.4932,match,1.3322,0,1.0601,1.1958,148.4131591025766
113,1163,51,28,9,part_of_speech_classification,color_matching,matching,match_right,gütig,adjective,positive,blue,✲entführung✲,noun,negative,blue,0.4932,match,3.8032,0,1.0601,1.1958,148.4131591025766
113,1164,52,28,9,part_of_speech_classification,color_matching,matching,match_right,schlecht,adjective,negative,blue,✲✲schleim✲✲✲,noun,negative,brown,0.4932,match,2.1459,1,1.0601,1.1958,148.4131591025766
113,1165,53,28,9,part_of_speech_classification,color_matching,matching,match_right,ehrlich,adjective,positive,brown,✲✲✲liebe✲✲✲✲,noun,positive,blue,0.4932,nonmatch,1.3047,0,1.0601,1.1958,148.4131591025766
113,1166,54,28,9,part_of_speech_classification,color_matching,matching,match_right,schleim,noun,negative,brown,✲✲✲✲gift✲✲✲✲,noun,negative,blue,0.4932,match,2.0857,1,1.0601,1.1958,148.4131591025766
113,1167,55,28,9,part_of_speech_classification,color_matching,matching,match_right,eitel,adjective,negative,blue,✲✲✲liebe✲✲✲✲,noun,positive,blue,0.4932,match,1.3377,0,1.0601,1.1958,148.4131591025766
113,1168,56,28,9,part_of_speech_classification,color_matching,matching,match_right,schön,adjective,positive,blue,✲✲✲✲spaß✲✲✲✲,noun,positive,brown,0.4932,nonmatch,1.3692,0,1.0601,1.1958,148.4131591025766
113,1169,57,28,9,part_of_speech_classification,color_matching,matching,match_right,launisch,adjective,negative,brown,✲✲ehrlich✲✲✲,adjective,positive,blue,0.4932,nonmatch,1.5721,0,1.0601,1.1958,148.4131591025766
113,1170,58,28,9,part_of_speech_classification,color_matching,matching,match_right,lustig,adjective,positive,blue,✲✲✲gierig✲✲✲,adjective,negative,brown,0.4932,match,1.1058,1,1.0601,1.1958,148.4131591025766
113,1171,59,28,9,part_of_speech_classification,color_matching,matching,match_right,schleim,noun,negative,blue,✲✲ehrlich✲✲✲,adjective,positive,blue,0.4932,nonmatch,1.2712,1,1.0601,1.1958,148.4131591025766
113,1172,60,28,9,part_of_speech_classification,color_matching,matching,match_right,schlecht,adjective,negative,brown,✲✲launisch✲✲,adjective,negative,blue,0.4933,nonmatch,1.3702,0,1.0601,1.1958,148.4131591025766
113,1173,61,28,9,part_of_speech_classification,color_matching,matching,match_right,liebe,noun,positive,brown,✲✲✲leiche✲✲✲,noun,negative,brown,0.4932,nonmatch,1.3734,1,1.0601,1.1958,148.4131591025766
113,1174,62,28,9,part_of_speech_classification,color_matching,matching,match_right,gütig,adjective,positive,blue,✲✲ehrlich✲✲✲,adjective,positive,brown,0.4932,match,1.2945,1,1.0601,1.1958,148.4131591025766
113,1175,63,28,9,part_of_speech_classification,color_matching,matching,match_right,schleim,noun,negative,blue,✲✲✲✲spaß✲✲✲✲,noun,positive,brown,0.4932,match,1.2131,1,1.0601,1.1958,148.4131591025766
113,1176,64,28,9,part_of_speech_classification,color_matching,matching,match_right,gütig,adjective,positive,brown,✲✲einfall✲✲✲,noun,positive,brown,0.4932,match,1.2601,0,1.0601,1.1958,148.4131591025766
113,1177,1,29,10,part_of_speech_classification,color_matching,matching,match_right,leiche,noun,negative,blue,✲✲✲eitel✲✲✲✲,adjective,negative,brown,0.4936,match,0.8469,1,1.0601,1.1958,148.4131591025766
113,1178,2,29,10,part_of_speech_classification,color_matching,matching,match_right,gierig,adjective,negative,brown,✲✲schlecht✲✲,adjective,negative,brown,0.4932,match,1.757,0,1.0601,1.1958,148.4131591025766
113,1179,3,29,10,part_of_speech_classification,color_matching,matching,match_right,schleim,noun,negative,brown,✲✲ehrlich✲✲✲,adjective,positive,blue,0.4932,nonmatch,1.3047,0,1.0601,1.1958,148.4131591025766
113,1180,4,29,10,part_of_speech_classification,color_matching,matching,match_right,einfall,noun,positive,blue,✲✲✲✲gift✲✲✲✲,noun,negative,blue,0.4932,match,1.3924,0,1.0601,1.1958,148.4131591025766
113,1181,5,29,10,part_of_speech_classification,color_matching,matching,match_right,leiche,noun,negative,blue,✲✲✲liebe✲✲✲✲,noun,positive,blue,0.4932,nonmatch,1.1836,1,1.0601,1.1958,148.4131591025766
113,1182,6,29,10,part_of_speech_classification,color_matching,matching,match_right,lustig,adjective,positive,brown,✲✲✲eitel✲✲✲✲,adjective,negative,brown,0.4932,match,1.0833,0,1.0601,1.1958,148.4131591025766
113,1183,7,29,10,part_of_speech_classification,color_matching,matching,match_right,liebe,noun,positive,blue,✲✲✲leiche✲✲✲,noun,negative,brown,0.4932,match,1.2172,1,1.0601,1.1958,148.4131591025766
113,1184,8,29,10,part_of_speech_classification,color_matching,matching,match_right,leiche,noun,negative,blue,✲✲✲schön✲✲✲✲,adjective,positive,brown,0.4932,match,1.2849,1,1.0601,1.1958,148.4131591025766
113,1185,9,29,10,part_of_speech_classification,color_matching,matching,match_right,gütig,adjective,positive,blue,✲✲✲lustig✲✲✲,adjective,positive,brown,0.4932,match,1.0842,1,1.0601,1.1958,148.4131591025766
113,1186,10,29,10,part_of_speech_classification,color_matching,matching,match_right,einfall,noun,positive,blue,✲✲✲gütig✲✲✲✲,adjective,positive,blue,0.4932,nonmatch,1.2813,1,1.0601,1.1958,148.4131591025766
113,1187,11,29,10,part_of_speech_classification,color_matching,matching,match_right,gift,noun,negative,blue,✲✲schleim✲✲✲,noun,negative,brown,0.4932,match,1.34,1,1.0601,1.1958,148.4131591025766
113,1188,12,29,10,part_of_speech_classification,color_matching,matching,match_right,lustig,adjective,positive,brown,✲✲✲✲spaß✲✲✲✲,noun,positive,brown,0.4932,match,1.2573,0,1.0601,1.1958,148.4131591025766
113,1189,13,29,10,part_of_speech_classification,color_matching,matching,match_right,lustig,adjective,positive,brown,✲✲schleim✲✲✲,noun,negative,blue,0.4932,nonmatch,1.318,0,1.0601,1.1958,148.4131591025766
113,1190,14,29,10,part_of_speech_classification,color_matching,matching,match_right,schlecht,adjective,negative,brown,✲✲✲✲spaß✲✲✲✲,noun,positive,brown,0.4932,match,1.2627,0,1.0601,1.1958,148.4131591025766
113,1191,15,29,10,part_of_speech_classification,color_matching,matching,match_right,lustig,adjective,positive,brown,✲✲ehrlich✲✲✲,adjective,positive,blue,0.4932,nonmatch,1.27,0,1.0601,1.1958,148.4131591025766
113,1192,16,29,10,part_of_speech_classification,color_matching,matching,match_right,liebe,noun,positive,blue,✲✲✲glück✲✲✲✲,noun,positive,blue,0.4932,match,1.2698,0,1.0601,1.1958,148.4131591025766
113,1193,17,29,10,part_of_speech_classification,color_matching,matching,match_right,spaß,noun,positive,brown,✲✲einfall✲✲✲,noun,positive,brown,0.4932,nonmatch,1.051,1,1.0601,1.1958,148.4131591025766
113,1194,18,29,10,part_of_speech_classification,color_matching,matching,match_right,leiche,noun,negative,brown,✲entführung✲,noun,negative,brown,0.4932,match,1.2334,0,1.0601,1.1958,148.4131591025766
113,1195,19,29,10,part_of_speech_classification,color_matching,matching,match_right,launisch,adjective,negative,blue,✲entführung✲,noun,negative,blue,0.4932,nonmatch,1.3093,1,1.0601,1.1958,148.4131591025766
113,1196,20,29,10,part_of_speech_classification,color_matching,matching,match_right,einfall,noun,positive,brown,✲✲✲liebe✲✲✲✲,noun,positive,blue,0.4932,match,1.0721,1,1.0601,1.1958,148.4131591025766
113,1197,21,29,10,part_of_speech_classification,color_matching,matching,match_right,gütig,adjective,positive,brown,✲✲✲leiche✲✲✲,noun,negative,brown,0.4932,match,1.3196,0,1.0601,1.1958,148.4131591025766
113,1198,22,29,10,part_of_speech_classification,color_matching,matching,match_right,einfall,noun,positive,brown,✲✲launisch✲✲,adjective,negative,brown,0.4965,match,1.2781,0,1.0601,1.1958,148.4131591025766
113,1199,23,29,10,part_of_speech_classification,color_matching,matching,match_right,schön,adjective,positive,blue,✲✲schlecht✲✲,adjective,negative,brown,0.4932,match,1.3148,1,1.0601,1.1958,148.4131591025766
113,1200,24,29,10,part_of_speech_classification,color_matching,matching,match_right,gütig,adjective,positive,brown,✲✲✲liebe✲✲✲✲,noun,positive,blue,0.4932,match,1.2963,1,1.0601,1.1958,148.4131591025766
113,1201,25,29,10,part_of_speech_classification,color_matching,matching,match_right,eitel,adjective,negative,blue,✲✲einfall✲✲✲,noun,positive,brown,0.4932,match,1.2811,1,1.0601,1.1958,148.4131591025766
113,1202,26,29,10,part_of_speech_classification,color_matching,matching,match_right,schlecht,adjective,negative,brown,✲✲launisch✲✲,adjective,negative,blue,0.4932,nonmatch,1.2319,0,1.0601,1.1958,148.4131591025766
113,1203,27,29,10,part_of_speech_classification,color_matching,matching,match_right,entführung,noun,negative,brown,✲✲schlecht✲✲,adjective,negative,blue,0.4932,match,1.2564,1,1.0601,1.1958,148.4131591025766
113,1204,28,29,10,part_of_speech_classification,color_matching,matching,match_right,gift,noun,negative,brown,✲✲✲✲spaß✲✲✲✲,noun,positive,blue,0.4932,match,1.4661,1,1.0601,1.1958,148.4131591025766
113,1205,29,29,10,part_of_speech_classification,color_matching,matching,match_right,glück,noun,positive,brown,✲✲ehrlich✲✲✲,adjective,positive,brown,0.4933,nonmatch,1.2102,1,1.0601,1.1958,148.4131591025766
113,1206,30,29,10,part_of_speech_classification,color_matching,matching,match_right,entführung,noun,negative,brown,✲✲✲✲gift✲✲✲✲,noun,negative,blue,0.4932,match,1.2973,1,1.0601,1.1958,148.4131591025766
113,1207,31,29,10,part_of_speech_classification,color_matching,matching,match_right,launisch,adjective,negative,blue,✲✲✲gütig✲✲✲✲,adjective,positive,brown,0.4933,nonmatch,1.3421,0,1.0601,1.1958,148.4131591025766
113,1208,32,29,10,part_of_speech_classification,color_matching,matching,match_right,glück,noun,positive,brown,✲entführung✲,noun,negative,brown,0.4932,match,1.2338,0,1.0601,1.1958,148.4131591025766
113,1209,33,29,10,part_of_speech_classification,color_matching,matching,match_right,gift,noun,negative,blue,✲✲launisch✲✲,adjective,negative,blue,0.4938,match,0.8771,0,1.0601,1.1958,148.4131591025766
113,1210,34,29,10,part_of_speech_classification,color_matching,matching,match_right,schlecht,adjective,negative,brown,✲✲✲leiche✲✲✲,noun,negative,brown,0.4932,nonmatch,1.3845,1,1.0601,1.1958,148.4131591025766
113,1211,35,29,10,part_of_speech_classification,color_matching,matching,match_right,spaß,noun,positive,brown,✲✲✲schön✲✲✲✲,adjective,positive,blue,0.4932,nonmatch,0.9003,0,1.0601,1.1958,148.4131591025766
113,1212,36,29,10,part_of_speech_classification,color_matching,matching,match_right,ehrlich,adjective,positive,blue,✲✲✲schön✲✲✲✲,adjective,positive,blue,0.4932,match,1.3028,0,1.0601,1.1958,148.4131591025766
113,1213,37,29,10,part_of_speech_classification,color_matching,matching,match_right,spaß,noun,positive,brown,✲✲✲eitel✲✲✲✲,adjective,negative,blue,0.4932,nonmatch,1.3088,0,1.0601,1.1958,148.4131591025766
113,1214,38,29,10,part_of_speech_classification,color_matching,matching,match_right,launisch,adjective,negative,blue,✲✲✲eitel✲✲✲✲,adjective,negative,brown,0.4932,nonmatch,1.0624,0,1.0601,1.1958,148.4131591025766
113,1215,39,29,10,part_of_speech_classification,color_matching,matching,match_right,schleim,noun,negative,blue,✲✲✲leiche✲✲✲,noun,negative,blue,0.4932,nonmatch,1.3141,1,1.0601,1.1958,148.4131591025766
113,1216,40,29,10,part_of_speech_classification,color_matching,matching,match_right,eitel,adjective,negative,brown,✲✲ehrlich✲✲✲,adjective,positive,brown,0.4932,match,1.2149,0,1.0601,1.1958,148.4131591025766
113,1217,41,29,10,part_of_speech_classification,color_matching,matching,match_right,gift,noun,negative,blue,✲✲✲gütig✲✲✲✲,adjective,positive,blue,0.4932,nonmatch,1.0845,1,1.0601,1.1958,148.4131591025766
113,1218,42,29,10,part_of_speech_classification,color_matching,matching,match_right,ehrlich,adjective,positive,blue,✲entführung✲,noun,negative,blue,0.4932,nonmatch,1.3082,1,1.0601,1.1958,148.4131591025766
113,1219,43,29,10,part_of_speech_classification,color_matching,matching,match_right,glück,noun,positive,blue,✲✲schlecht✲✲,adjective,negative,brown,0.4932,nonmatch,1.366,0,1.0601,1.1958,148.4131591025766
113,1220,44,29,10,part_of_speech_classification,color_matching,matching,match_right,schlecht,adjective,negative,blue,✲✲✲lustig✲✲✲,adjective,positive,blue,0.4932,match,1.703,0,1.0601,1.1958,148.4131591025766
113,1221,45,29,10,part_of_speech_classification,color_matching,matching,match_right,gierig,adjective,negative,brown,✲✲✲schön✲✲✲✲,adjective,positive,blue,0.4932,match,1.2739,1,1.0601,1.1958,148.4131591025766
113,1222,46,29,10,part_of_speech_classification,color_matching,matching,match_right,liebe,noun,positive,blue,✲✲✲gierig✲✲✲,adjective,negative,blue,0.4932,nonmatch,1.3388,1,1.0601,1.1958,148.4131591025766
113,1223,47,29,10,part_of_speech_classification,color_matching,matching,match_right,entführung,noun,negative,brown,✲✲✲lustig✲✲✲,adjective,positive,brown,0.4932,match,1.632,0,1.0601,1.1958,148.4131591025766
113,1224,48,29,10,part_of_speech_classification,color_matching,matching,match_right,schleim,noun,negative,brown,✲✲✲glück✲✲✲✲,noun,positive,brown,0.4932,match,1.3156,0,1.0601,1.1958,148.4131591025766
113,1225,49,29,10,part_of_speech_classification,color_matching,matching,match_right,ehrlich,adjective,positive,blue,✲✲✲glück✲✲✲✲,noun,positive,brown,0.4933,match,1.2757,1,1.0601,1.1958,148.4131591025766
113,1226,50,29,10,part_of_speech_classification,color_matching,matching,match_right,gütig,adjective,positive,brown,✲✲✲gierig✲✲✲,adjective,negative,blue,0.4932,nonmatch,1.2713,0,1.0601,1.1958,148.4131591025766
113,1227,51,29,10,part_of_speech_classification,color_matching,matching,match_right,schön,adjective,positive,blue,✲✲✲✲gift✲✲✲✲,noun,negative,brown,0.4932,match,1.3499,1,1.0601,1.1958,148.4131591025766
113,1228,52,29,10,part_of_speech_classification,color_matching,matching,match_right,launisch,adjective,negative,blue,✲✲✲liebe✲✲✲✲,noun,positive,blue,0.4937,match,1.45,0,1.0601,1.1958,148.4131591025766
113,1229,53,29,10,part_of_speech_classification,color_matching,matching,match_right,glück,noun,positive,blue,✲✲✲✲spaß✲✲✲✲,noun,positive,brown,0.4932,nonmatch,1.094,0,1.0601,1.1958,148.4131591025766
113,1230,54,29,10,part_of_speech_classification,color_matching,matching,match_right,gierig,adjective,negative,brown,✲✲✲glück✲✲✲✲,noun,positive,blue,0.4965,match,0.9799,1,1.0601,1.1958,148.4131591025766
113,1231,55,29,10,part_of_speech_classification,color_matching,matching,match_right,schön,adjective,positive,brown,✲✲✲gütig✲✲✲✲,adjective,positive,brown,0.495,nonmatch,1.3831,1,1.0601,1.1958,148.4131591025766
113,1232,56,29,10,part_of_speech_classification,color_matching,matching,match_right,schleim,noun,negative,brown,✲✲✲gierig✲✲✲,adjective,negative,brown,0.4932,match,1.2277,0,1.0601,1.1958,148.4131591025766
113,1233,57,29,10,part_of_speech_classification,color_matching,matching,match_right,entführung,noun,negative,blue,✲✲einfall✲✲✲,noun,positive,brown,0.4932,nonmatch,1.3262,0,1.0601,1.1958,148.4131591025766
113,1234,58,29,10,part_of_speech_classification,color_matching,matching,match_right,ehrlich,adjective,positive,blue,✲✲launisch✲✲,adjective,negative,blue,0.4959,nonmatch,1.351,1,1.0601,1.1958,148.4131591025766
113,1235,59,29,10,part_of_speech_classification,color_matching,matching,match_right,schön,adjective,positive,blue,✲✲einfall✲✲✲,noun,positive,blue,0.4932,match,1.1619,0,1.0601,1.1958,148.4131591025766
113,1236,60,29,10,part_of_speech_classification,color_matching,matching,match_right,spaß,noun,positive,brown,✲✲schleim✲✲✲,noun,negative,blue,0.4932,match,1.2935,1,1.0601,1.1958,148.4131591025766
113,1237,61,29,10,part_of_speech_classification,color_matching,matching,match_right,gierig,adjective,negative,blue,✲✲schleim✲✲✲,noun,negative,brown,0.4932,match,1.3094,1,1.0601,1.1958,148.4131591025766
113,1238,62,29,10,part_of_speech_classification,color_matching,matching,match_right,liebe,noun,positive,blue,✲✲✲lustig✲✲✲,adjective,positive,brown,0.4932,nonmatch,1.4535,0,1.0601,1.1958,148.4131591025766
113,1239,63,29,10,part_of_speech_classification,color_matching,matching,match_right,eitel,adjective,negative,blue,✲✲✲gierig✲✲✲,adjective,negative,blue,0.4932,match,1.2663,0,1.0601,1.1958,148.4131591025766
113,1240,64,29,10,part_of_speech_classification,color_matching,matching,match_right,eitel,adjective,negative,brown,✲✲✲✲gift✲✲✲✲,noun,negative,blue,0.4932,nonmatch,1.0634,0,1.0601,1.1958,148.4131591025766
113,1241,1,30,11,part_of_speech_classification,color_matching,matching,match_right,spaß,noun,positive,brown,✲entführung✲,noun,negative,brown,0.4932,match,0.9111,0,1.0601,1.1958,148.4131591025766
113,1242,2,30,11,part_of_speech_classification,color_matching,matching,match_right,schleim,noun,negative,blue,✲✲✲schön✲✲✲✲,adjective,positive,brown,0.4932,match,1.2311,1,1.0601,1.1958,148.4131591025766
113,1243,3,30,11,part_of_speech_classification,color_matching,matching,match_right,gift,noun,negative,blue,✲✲✲gierig✲✲✲,adjective,negative,blue,0.4932,nonmatch,1.2967,1,1.0601,1.1958,148.4131591025766
113,1244,4,30,11,part_of_speech_classification,color_matching,matching,match_right,schleim,noun,negative,brown,✲✲✲glück✲✲✲✲,noun,positive,brown,0.4961,nonmatch,1.2692,1,1.0601,1.1958,148.4131591025766
113,1245,5,30,11,part_of_speech_classification,color_matching,matching,match_right,glück,noun,positive,blue,✲✲✲eitel✲✲✲✲,adjective,negative,brown,0.4932,match,1.2791,1,1.0601,1.1958,148.4131591025766
113,1246,6,30,11,part_of_speech_classification,color_matching,matching,match_right,schön,adjective,positive,brown,✲✲✲leiche✲✲✲,noun,negative,blue,0.4932,nonmatch,1.1982,0,1.0601,1.1958,148.4131591025766
113,1247,7,30,11,part_of_speech_classification,color_matching,matching,match_right,ehrlich,adjective,positive,blue,✲✲✲✲spaß✲✲✲✲,noun,positive,blue,0.4932,nonmatch,1.3316,1,1.0601,1.1958,148.4131591025766
113,1248,8,30,11,part_of_speech_classification,color_matching,matching,match_right,glück,noun,positive,brown,✲✲✲lustig✲✲✲,adjective,positive,blue,0.4932,nonmatch,1.288,0,1.0601,1.1958,148.4131591025766
113,1249,9,30,11,part_of_speech_classification,color_matching,matching,match_right,schlecht,adjective,negative,brown,✲✲✲lustig✲✲✲,adjective,positive,brown,0.4933,match,0.7128,0,1.0601,1.1958,148.4131591025766
113,1250,10,30,11,part_of_speech_classification,color_matching,matching,match_right,gütig,adjective,positive,brown,✲✲einfall✲✲✲,noun,positive,brown,0.4932,nonmatch,1.4276,1,1.0601,1.1958,148.4131591025766
113,1251,11,30,11,part_of_speech_classification,color_matching,matching,match_right,schleim,noun,negative,blue,✲✲✲leiche✲✲✲,noun,negative,blue,0.4932,match,0.9705,0,1.0601,1.1958,148.4131591025766
113,1252,12,30,11,part_of_speech_classification,color_matching,matching,match_right,eitel,adjective,negative,blue,✲✲einfall✲✲✲,noun,positive,brown,0.4932,nonmatch,1.1833,0,1.0601,1.1958,148.4131591025766
113,1253,13,30,11,part_of_speech_classification,color_matching,matching,match_right,glück,noun,positive,brown,✲✲✲✲spaß✲✲✲✲,noun,positive,blue,0.4932,nonmatch,1.4226,0,1.0601,1.1958,148.4131591025766
113,1254,14,30,11,part_of_speech_classification,color_matching,matching,match_right,schön,adjective,positive,brown,✲✲✲liebe✲✲✲✲,noun,positive,blue,0.4932,nonmatch,0.985,0,1.0601,1.1958,148.4131591025766
113,1255,15,30,11,part_of_speech_classification,color_matching,matching,match_right,eitel,adjective,negative,blue,✲✲ehrlich✲✲✲,adjective,positive,brown,0.4932,match,1.2972,1,1.0601,1.1958,148.4131591025766
113,1256,16,30,11,part_of_speech_classification,color_matching,matching,match_right,spaß,noun,positive,blue,✲✲✲gütig✲✲✲✲,adjective,positive,brown,0.4932,nonmatch,1.2778,0,1.0601,1.1958,148.4131591025766
113,1257,17,30,11,part_of_speech_classification,color_matching,matching,match_right,spaß,noun,positive,blue,✲✲✲gierig✲✲✲,adjective,negative,blue,0.4932,match,1.3699,0,1.0601,1.1958,148.4131591025766
113,1258,18,30,11,part_of_speech_classification,color_matching,matching,match_right,eitel,adjective,negative,brown,✲✲launisch✲✲,adjective,negative,blue,0.4932,nonmatch,1.151,0,1.0601,1.1958,148.4131591025766
113,1259,19,30,11,part_of_speech_classification,color_matching,matching,match_right,gierig,adjective,negative,blue,✲✲✲leiche✲✲✲,noun,negative,brown,0.4932,match,1.0646,1,1.0601,1.1958,148.4131591025766
113,1260,20,30,11,part_of_speech_classification,color_matching,matching,match_right,schlecht,adjective,negative,brown,✲✲schleim✲✲✲,noun,negative,brown,0.4932,nonmatch,1.2712,1,1.0601,1.1958,148.4131591025766
113,1261,21,30,11,part_of_speech_classification,color_matching,matching,match_right,spaß,noun,positive,brown,✲✲einfall✲✲✲,noun,positive,brown,0.4932,match,1.8091,0,1.0601,1.1958,148.4131591025766
113,1262,22,30,11,part_of_speech_classification,color_matching,matching,match_right,launisch,adjective,negative,blue,✲✲✲gierig✲✲✲,adjective,negative,brown,0.4932,match,1.2654,1,1.0601,1.1958,148.4131591025766
113,1263,23,30,11,part_of_speech_classification,color_matching,matching,match_right,einfall,noun,positive,brown,✲✲ehrlich✲✲✲,adjective,positive,brown,0.4933,match,1.2493,0,1.0601,1.1958,148.4131591025766
113,1264,24,30,11,part_of_speech_classification,color_matching,matching,match_right,einfall,noun,positive,blue,✲✲✲liebe✲✲✲✲,noun,positive,blue,0.4932,match,1.3198,0,1.0601,1.1958,148.4131591025766
113,1265,25,30,11,part_of_speech_classification,color_matching,matching,match_right,ehrlich,adjective,positive,blue,✲✲✲schön✲✲✲✲,adjective,positive,brown,0.4937,match,1.3386,1,1.0601,1.1958,148.4131591025766
113,1266,26,30,11,part_of_speech_classification,color_matching,matching,match_right,entführung,noun,negative,blue,✲✲✲gütig✲✲✲✲,adjective,positive,blue,0.4969,nonmatch,0.9573,1,1.0601,1.1958,148.4131591025766
113,1267,27,30,11,part_of_speech_classification,color_matching,matching,match_right,einfall,noun,positive,blue,✲✲✲leiche✲✲✲,noun,negative,brown,0.4932,match,1.5512,1,1.0601,1.1958,148.4131591025766
113,1268,28,30,11,part_of_speech_classification,color_matching,matching,match_right,lustig,adjective,positive,blue,✲✲✲✲gift✲✲✲✲,noun,negative,brown,0.4932,match,1.4133,1,1.0601,1.1958,148.4131591025766
113,1269,29,30,11,part_of_speech_classification,color_matching,matching,match_right,launisch,adjective,negative,brown,✲✲✲glück✲✲✲✲,noun,positive,blue,0.4932,match,0.9471,1,1.0601,1.1958,148.4131591025766
113,1270,30,30,11,part_of_speech_classification,color_matching,matching,match_right,schlecht,adjective,negative,blue,✲✲✲✲spaß✲✲✲✲,noun,positive,blue,0.4932,match,1.2403,0,1.0601,1.1958,148.4131591025766
113,1271,31,30,11,part_of_speech_classification,color_matching,matching,match_right,liebe,noun,positive,blue,✲✲✲schön✲✲✲✲,adjective,positive,blue,0.4932,match,1.1361,0,1.0601,1.1958,148.4131591025766
113,1272,32,30,11,part_of_speech_classification,color_matching,matching,match_right,lustig,adjective,positive,brown,✲✲✲gütig✲✲✲✲,adjective,positive,brown,0.4932,nonmatch,1.3072,1,1.0601,1.1958,148.4131591025766
113,1273,33,30,11,part_of_speech_classification,color_matching,matching,match_right,gütig,adjective,positive,blue,✲✲✲eitel✲✲✲✲,adjective,negative,blue,0.4932,match,0.8538,0,1.0601,1.1958,148.4131591025766
113,1274,34,30,11,part_of_speech_classification,color_matching,matching,match_right,eitel,adjective,negative,blue,✲✲✲✲gift✲✲✲✲,noun,negative,blue,0.4932,match,1.2986,0,1.0601,1.1958,148.4131591025766
113,1275,35,30,11,part_of_speech_classification,color_matching,matching,match_right,launisch,adjective,negative,brown,✲✲✲gütig✲✲✲✲,adjective,positive,blue,0.4932,match,1.3106,1,1.0601,1.1958,148.4131591025766
113,1276,36,30,11,part_of_speech_classification,color_matching,matching,match_right,leiche,noun,negative,brown,✲✲✲✲spaß✲✲✲✲,noun,positive,blue,0.496,match,0.8824,1,1.0601,1.1958,148.4131591025766
113,1277,37,30,11,part_of_speech_classification,color_matching,matching,match_right,schleim,noun,negative,brown,✲✲launisch✲✲,adjective,negative,blue,0.4932,nonmatch,0.9428,0,1.0601,1.1958,148.4131591025766
113,1278,38,30,11,part_of_speech_classification,color_matching,matching,match_right,liebe,noun,positive,brown,✲✲launisch✲✲,adjective,negative,blue,0.4933,match,1.0066,1,1.0601,1.1958,148.4131591025766
113,1279,39,30,11,part_of_speech_classification,color_matching,matching,match_right,einfall,noun,positive,brown,✲✲schlecht✲✲,adjective,negative,brown,0.4932,nonmatch,1.2947,1,1.0601,1.1958,148.4131591025766
113,1280,40,30,11,part_of_speech_classification,color_matching,matching,match_right,liebe,noun,positive,brown,✲✲schleim✲✲✲,noun,negative,blue,0.4932,match,1.3567,1,1.0601,1.1958,148.4131591025766
113,1281,41,30,11,part_of_speech_classification,color_matching,matching,match_right,ehrlich,adjective,positive,brown,✲✲schlecht✲✲,adjective,negative,blue,0.4932,match,1.1476,1,1.0601,1.1958,148.4131591025766
113,1282,42,30,11,part_of_speech_classification,color_matching,matching,match_right,entführung,noun,negative,brown,✲✲schlecht✲✲,adjective,negative,brown,0.4932,nonmatch,1.3137,1,1.0601,1.1958,148.4131591025766
113,1283,43,30,11,part_of_speech_classification,color_matching,matching,match_right,gierig,adjective,negative,brown,✲✲✲liebe✲✲✲✲,noun,positive,brown,0.4932,match,1.298,0,1.0601,1.1958,148.4131591025766
113,1284,44,30,11,part_of_speech_classification,color_matching,matching,match_right,entführung,noun,negative,blue,✲✲einfall✲✲✲,noun,positive,brown,0.4932,match,1.0432,1,1.0601,1.1958,148.4131591025766
113,1285,45,30,11,part_of_speech_classification,color_matching,matching,match_right,leiche,noun,negative,blue,✲✲✲eitel✲✲✲✲,adjective,negative,brown,0.4933,nonmatch,1.063,0,1.0601,1.1958,148.4131591025766
113,1286,46,30,11,part_of_speech_classification,color_matching,matching,match_right,gift,noun,negative,brown,✲✲schleim✲✲✲,noun,negative,blue,0.4932,match,1.2004,1,1.0601,1.1958,148.4131591025766
113,1287,47,30,11,part_of_speech_classification,color_matching,matching,match_right,gütig,adjective,positive,brown,✲✲ehrlich✲✲✲,adjective,positive,blue,0.4932,nonmatch,1.1479,0,1.0601,1.1958,148.4131591025766
113,1288,48,30,11,part_of_speech_classification,color_matching,matching,match_right,gierig,adjective,negative,blue,✲✲✲schön✲✲✲✲,adjective,positive,blue,0.4932,match,1.2579,0,1.0601,1.1958,148.4131591025766
113,1289,49,30,11,part_of_speech_classification,color_matching,matching,match_right,gift,noun,negative,blue,✲✲✲liebe✲✲✲✲,noun,positive,blue,0.4933,match,1.2083,0,1.0601,1.1958,148.4131591025766
113,1290,50,30,11,part_of_speech_classification,color_matching,matching,match_right,leiche,noun,negative,blue,✲entführung✲,noun,negative,brown,0.4932,nonmatch,1.3717,0,1.0601,1.1958,148.4131591025766
113,1291,51,30,11,part_of_speech_classification,color_matching,matching,match_right,gütig,adjective,positive,brown,✲✲schleim✲✲✲,noun,negative,brown,0.4963,match,1.3774,0,1.0601,1.1958,148.4131591025766
113,1292,52,30,11,part_of_speech_classification,color_matching,matching,match_right,leiche,noun,negative,brown,✲✲ehrlich✲✲✲,adjective,positive,blue,0.4962,nonmatch,1.2037,0,1.0601,1.1958,148.4131591025766
113,1293,53,30,11,part_of_speech_classification,color_matching,matching,match_right,gierig,adjective,negative,blue,✲✲schlecht✲✲,adjective,negative,blue,0.4932,match,1.0136,0,1.0601,1.1958,148.4131591025766
113,1294,54,30,11,part_of_speech_classification,color_matching,matching,match_right,entführung,noun,negative,brown,✲✲✲✲gift✲✲✲✲,noun,negative,brown,0.4932,nonmatch,0.9611,1,1.0601,1.1958,148.4131591025766
113,1295,55,30,11,part_of_speech_classification,color_matching,matching,match_right,gift,noun,negative,brown,✲✲✲lustig✲✲✲,adjective,positive,brown,0.4932,match,1.246,0,1.0601,1.1958,148.4131591025766
113,1296,56,30,11,part_of_speech_classification,color_matching,matching,match_right,glück,noun,positive,blue,✲✲✲✲gift✲✲✲✲,noun,negative,blue,0.4932,nonmatch,1.3952,1,1.0601,1.1958,148.4131591025766
113,1297,57,30,11,part_of_speech_classification,color_matching,matching,match_right,liebe,noun,positive,blue,✲✲✲glück✲✲✲✲,noun,positive,brown,0.4932,match,1.2831,1,1.0601,1.1958,148.4131591025766
113,1298,58,30,11,part_of_speech_classification,color_matching,matching,match_right,schlecht,adjective,negative,brown,✲✲✲eitel✲✲✲✲,adjective,negative,brown,0.4932,nonmatch,1.0618,1,1.0601,1.1958,148.4131591025766
113,1299,59,30,11,part_of_speech_classification,color_matching,matching,match_right,ehrlich,adjective,positive,blue,✲entführung✲,noun,negative,blue,0.4932,match,1.3498,0,1.0601,1.1958,148.4131591025766
113,1300,60,30,11,part_of_speech_classification,color_matching,matching,match_right,schön,adjective,positive,brown,✲✲launisch✲✲,adjective,negative,brown,0.4932,nonmatch,1.2742,1,1.0601,1.1958,148.4131591025766
113,1301,61,30,11,part_of_speech_classification,color_matching,matching,match_right,lustig,adjective,positive,blue,✲✲✲glück✲✲✲✲,noun,positive,brown,0.4932,match,0.9328,1,1.0601,1.1958,148.4131591025766
113,1302,62,30,11,part_of_speech_classification,color_matching,matching,match_right,launisch,adjective,negative,brown,✲entführung✲,noun,negative,blue,0.4932,nonmatch,1.24,0,1.0601,1.1958,148.4131591025766
113,1303,63,30,11,part_of_speech_classification,color_matching,matching,match_right,lustig,adjective,positive,blue,✲✲✲gierig✲✲✲,adjective,negative,brown,0.4932,nonmatch,1.3787,0,1.0601,1.1958,148.4131591025766
113,1304,64,30,11,part_of_speech_classification,color_matching,matching,match_right,schön,adjective,positive,blue,✲✲✲lustig✲✲✲,adjective,positive,blue,0.4932,match,1.3034,0,1.0601,1.1958,148.4131591025766
113,1305,1,31,12,part_of_speech_classification,color_matching,matching,match_right,einfall,noun,positive,brown,✲✲✲✲gift✲✲✲✲,noun,negative,blue,0.4932,match,1.5665,1,1.0601,1.1958,148.4131591025766
113,1306,2,31,12,part_of_speech_classification,color_matching,matching,match_right,lustig,adjective,positive,blue,✲✲einfall✲✲✲,noun,positive,brown,0.4932,nonmatch,1.2201,0,1.0601,1.1958,148.4131591025766
113,1307,3,31,12,part_of_speech_classification,color_matching,matching,match_right,spaß,noun,positive,blue,✲✲✲schön✲✲✲✲,adjective,positive,blue,0.4933,nonmatch,0.7705,1,1.0601,1.1958,148.4131591025766
113,1308,4,31,12,part_of_speech_classification,color_matching,matching,match_right,eitel,adjective,negative,brown,✲✲launisch✲✲,adjective,negative,brown,0.4932,nonmatch,1.0512,1,1.0601,1.1958,148.4131591025766
113,1309,5,31,12,part_of_speech_classification,color_matching,matching,match_right,entführung,noun,negative,brown,✲✲✲schön✲✲✲✲,adjective,positive,blue,0.4932,nonmatch,1.4074,0,1.0601,1.1958,148.4131591025766
113,1310,6,31,12,part_of_speech_classification,color_matching,matching,match_right,gift,noun,negative,brown,✲✲✲liebe✲✲✲✲,noun,positive,brown,0.4932,match,1.3247,0,1.0601,1.1958,148.4131591025766
113,1311,7,31,12,part_of_speech_classification,color_matching,matching,match_right,spaß,noun,positive,brown,✲✲einfall✲✲✲,noun,positive,brown,0.4932,nonmatch,0.7966,1,1.0601,1.1958,148.4131591025766
113,1312,8,31,12,part_of_speech_classification,color_matching,matching,match_right,glück,noun,positive,brown,✲✲✲gütig✲✲✲✲,adjective,positive,blue,0.4933,match,1.2788,1,1.0601,1.1958,148.4131591025766
113,1313,9,31,12,part_of_speech_classification,color_matching,matching,match_right,ehrlich,adjective,positive,brown,✲✲✲liebe✲✲✲✲,noun,positive,brown,0.4932,match,1.2065,0,1.0601,1.1958,148.4131591025766
113,1314,10,31,12,part_of_speech_classification,color_matching,matching,match_right,schön,adjective,positive,brown,✲✲✲gütig✲✲✲✲,adjective,positive,brown,0.4932,match,1.1935,0,1.0601,1.1958,148.4131591025766
113,1315,11,31,12,part_of_speech_classification,color_matching,matching,match_right,gierig,adjective,negative,blue,✲✲schlecht✲✲,adjective,negative,blue,0.4932,nonmatch,1.1693,1,1.0601,1.1958,148.4131591025766
113,1316,12,31,12,part_of_speech_classification,color_matching,matching,match_right,launisch,adjective,negative,blue,✲✲einfall✲✲✲,noun,positive,brown,0.4932,match,1.303,1,1.0601,1.1958,148.4131591025766
113,1317,13,31,12,part_of_speech_classification,color_matching,matching,match_right,ehrlich,adjective,positive,brown,✲✲✲leiche✲✲✲,noun,negative,brown,0.4932,nonmatch,1.4438,1,1.0601,1.1958,148.4131591025766
113,1318,14,31,12,part_of_speech_classification,color_matching,matching,match_right,leiche,noun,negative,blue,✲entführung✲,noun,negative,brown,0.4932,match,1.2601,1,1.0601,1.1958,148.4131591025766
113,1319,15,31,12,part_of_speech_classification,color_matching,matching,match_right,leiche,noun,negative,brown,✲✲✲gütig✲✲✲✲,adjective,positive,brown,0.4932,match,1.1552,0,1.0601,1.1958,148.4131591025766
113,1320,16,31,12,part_of_speech_classification,color_matching,matching,match_right,schleim,noun,negative,blue,✲✲einfall✲✲✲,noun,positive,blue,0.4932,nonmatch,1.2568,1,1.0601,1.1958,148.4131591025766
113,1321,17,31,12,part_of_speech_classification,color_matching,matching,match_right,gütig,adjective,positive,blue,✲✲✲✲spaß✲✲✲✲,noun,positive,blue,0.4932,nonmatch,1.1692,1,1.0601,1.1958,148.4131591025766
113,1322,18,31,12,part_of_speech_classification,color_matching,matching,match_right,gift,noun,negative,brown,✲✲launisch✲✲,adjective,negative,blue,0.4932,nonmatch,1.2462,0,1.0601,1.1958,148.4131591025766
113,1323,19,31,12,part_of_speech_classification,color_matching,matching,match_right,einfall,noun,positive,brown,✲✲✲gierig✲✲✲,adjective,negative,brown,0.4932,match,1.3643,0,1.0601,1.1958,148.4131591025766
113,1324,20,31,12,part_of_speech_classification,color_matching,matching,match_right,leiche,noun,negative,blue,✲✲schlecht✲✲,adjective,negative,brown,0.4941,match,1.1558,1,1.0601,1.1958,148.4131591025766
113,1324,20,31,12,part_of_speech_classification,color_matching,matching,match_right,leiche,noun,negative,blue,✲✲schlecht✲✲,adjective,negative,brown,0.4941,match,1.2521,1,1.0601,1.1958,148.4131591025766
113,1325,21,31,12,part_of_speech_classification,color_matching,matching,match_right,gütig,adjective,positive,brown,✲✲schleim✲✲✲,noun,negative,blue,0.4932,nonmatch,1.3033,0,1.0601,1.1958,148.4131591025766
113,1326,22,31,12,part_of_speech_classification,color_matching,matching,match_right,schlecht,adjective,negative,brown,✲✲✲liebe✲✲✲✲,noun,positive,brown,0.4932,nonmatch,1.2934,1,1.0601,1.1958,148.4131591025766
113,1327,23,31,12,part_of_speech_classification,color_matching,matching,match_right,glück,noun,positive,blue,✲✲✲liebe✲✲✲✲,noun,positive,blue,0.4932,nonmatch,1.3323,1,1.0601,1.1958,148.4131591025766
113,1328,24,31,12,part_of_speech_classification,color_matching,matching,match_right,entführung,noun,negative,brown,✲✲✲gierig✲✲✲,adjective,negative,brown,0.4932,nonmatch,1.236,1,1.0601,1.1958,148.4131591025766
113,1329,25,31,12,part_of_speech_classification,color_matching,matching,match_right,lustig,adjective,positive,blue,✲✲✲schön✲✲✲✲,adjective,positive,brown,0.4932,match,1.3633,1,1.0601,1.1958,148.4131591025766
113,1330,26,31,12,part_of_speech_classification,color_matching,matching,match_right,entführung,noun,negative,brown,✲✲✲✲spaß✲✲✲✲,noun,positive,blue,0.4966,nonmatch,1.1203,0,1.0601,1.1958,148.4131591025766
113,1331,27,31,12,part_of_speech_classification,color_matching,matching,match_right,gütig,adjective,positive,brown,✲✲ehrlich✲✲✲,adjective,positive,blue,0.4932,nonmatch,1.1663,0,1.0601,1.1958,148.4131591025766
113,1332,28,31,12,part_of_speech_classification,color_matching,matching,match_right,gütig,adjective,positive,blue,✲✲✲gierig✲✲✲,adjective,negative,blue,0.4932,nonmatch,0.9332,1,1.0601,1.1958,148.4131591025766
113,1333,29,31,12,part_of_speech_classification,color_matching,matching,match_right,schlecht,adjective,negative,blue,✲✲✲leiche✲✲✲,noun,negative,blue,0.4932,nonmatch,0.9826,1,1.0601,1.1958,148.4131591025766
113,1334,30,31,12,part_of_speech_classification,color_matching,matching,match_right,einfall,noun,positive,blue,✲✲ehrlich✲✲✲,adjective,positive,brown,0.4932,nonmatch,1.448,0,1.0601,1.1958,148.4131591025766
113,1335,31,31,12,part_of_speech_classification,color_matching,matching,match_right,eitel,adjective,negative,brown,✲✲ehrlich✲✲✲,adjective,positive,brown,0.4966,match,1.2735,0,1.0601,1.1958,148.4131591025766
113,1336,32,31,12,part_of_speech_classification,color_matching,matching,match_right,liebe,noun,positive,brown,✲✲✲✲spaß✲✲✲✲,noun,positive,blue,0.4932,nonmatch,1.2839,0,1.0601,1.1958,148.4131591025766
113,1337,33,31,12,part_of_speech_classification,color_matching,matching,match_right,gierig,adjective,negative,blue,✲✲✲✲spaß✲✲✲✲,noun,positive,blue,0.4932,match,1.3243,0,1.0601,1.1958,148.4131591025766
113,1338,34,31,12,part_of_speech_classification,color_matching,matching,match_right,schlecht,adjective,negative,blue,✲✲✲gütig✲✲✲✲,adjective,positive,blue,0.4932,match,1.2865,0,1.0601,1.1958,148.4131591025766
113,1339,35,31,12,part_of_speech_classification,color_matching,matching,match_right,schleim,noun,negative,blue,✲✲✲eitel✲✲✲✲,adjective,negative,blue,0.4932,match,1.2102,0,1.0601,1.1958,148.4131591025766
113,1340,36,31,12,part_of_speech_classification,color_matching,matching,match_right,spaß,noun,positive,blue,✲✲✲eitel✲✲✲✲,adjective,negative,blue,0.4932,match,1.267,0,1.0601,1.1958,148.4131591025766
113,1341,37,31,12,part_of_speech_classification,color_matching,matching,match_right,liebe,noun,positive,blue,✲✲schlecht✲✲,adjective,negative,brown,0.4932,nonmatch,1.247,0,1.0601,1.1958,148.4131591025766
113,1342,38,31,12,part_of_speech_classification,color_matching,matching,match_right,schön,adjective,positive,brown,✲✲launisch✲✲,adjective,negative,brown,0.4932,match,1.2861,0,1.0601,1.1958,148.4131591025766
113,1343,39,31,12,part_of_speech_classification,color_matching,matching,match_right,eitel,adjective,negative,brown,✲✲✲glück✲✲✲✲,noun,positive,blue,0.4932,nonmatch,1.3592,0,1.0601,1.1958,148.4131591025766
113,1344,40,31,12,part_of_speech_classification,color_matching,matching,match_right,ehrlich,adjective,positive,blue,✲✲✲lustig✲✲✲,adjective,positive,blue,0.4932,match,1.2288,0,1.0601,1.1958,148.4131591025766
113,1345,41,31,12,part_of_speech_classification,color_matching,matching,match_right,einfall,noun,positive,blue,✲✲✲glück✲✲✲✲,noun,positive,brown,0.4932,nonmatch,1.2593,0,1.0601,1.1958,148.4131591025766
113,1346,42,31,12,part_of_speech_classification,color_matching,matching,match_right,launisch,adjective,negative,brown,✲entführung✲,noun,negative,blue,0.4932,match,1.0365,1,1.0601,1.1958,148.4131591025766
113,1347,43,31,12,part_of_speech_classification,color_matching,matching,match_right,schön,adjective,positive,blue,✲✲✲✲gift✲✲✲✲,noun,negative,blue,0.4933,match,1.2626,0,1.0601,1.1958,148.4131591025766
113,1348,44,31,12,part_of_speech_classification,color_matching,matching,match_right,launisch,adjective,negative,blue,✲✲✲schön✲✲✲✲,adjective,positive,brown,0.4933,nonmatch,1.3117,0,1.0601,1.1958,148.4131591025766
113,1349,45,31,12,part_of_speech_classification,color_matching,matching,match_right,gift,noun,negative,blue,✲✲ehrlich✲✲✲,adjective,positive,brown,0.4932,nonmatch,1.309,0,1.0601,1.1958,148.4131591025766
113,1350,46,31,12,part_of_speech_classification,color_matching,matching,match_right,glück,noun,positive,brown,✲✲launisch✲✲,adjective,negative,blue,0.4932,nonmatch,1.1764,0,1.0601,1.1958,148.4131591025766
113,1351,47,31,12,part_of_speech_classification,color_matching,matching,match_right,schleim,noun,negative,brown,✲✲✲leiche✲✲✲,noun,negative,brown,0.4932,nonmatch,1.2864,1,1.0601,1.1958,148.4131591025766
113,1352,48,31,12,part_of_speech_classification,color_matching,matching,match_right,lustig,adjective,positive,blue,✲entführung✲,noun,negative,brown,0.4932,match,1.2887,1,1.0601,1.1958,148.4131591025766
113,1353,49,31,12,part_of_speech_classification,color_matching,matching,match_right,spaß,noun,positive,blue,✲entführung✲,noun,negative,blue,0.4932,nonmatch,1.299,1,1.0601,1.1958,148.4131591025766
113,1354,50,31,12,part_of_speech_classification,color_matching,matching,match_right,lustig,adjective,positive,blue,✲✲✲eitel✲✲✲✲,adjective,negative,brown,0.4933,match,1.2466,1,1.0601,1.1958,148.4131591025766
113,1355,51,31,12,part_of_speech_classification,color_matching,matching,match_right,entführung,noun,negative,blue,✲✲✲✲gift✲✲✲✲,noun,negative,blue,0.4932,nonmatch,1.1621,1,1.0601,1.1958,148.4131591025766
113,1356,52,31,12,part_of_speech_classification,color_matching,matching,match_right,schleim,noun,negative,blue,✲✲✲lustig✲✲✲,adjective,positive,blue,0.4932,nonmatch,1.1344,1,1.0601,1.1958,148.4131591025766
113,1357,53,31,12,part_of_speech_classification,color_matching,matching,match_right,ehrlich,adjective,positive,brown,✲✲schlecht✲✲,adjective,negative,blue,0.4932,nonmatch,1.2831,0,1.0601,1.1958,148.4131591025766
113,1358,54,31,12,part_of_speech_classification,color_matching,matching,match_right,gift,noun,negative,brown,✲✲schleim✲✲✲,noun,negative,blue,0.4932,nonmatch,1.2596,0,1.0601,1.1958,148.4131591025766
113,1359,55,31,12,part_of_speech_classification,color_matching,matching,match_right,gierig,adjective,negative,brown,✲✲schleim✲✲✲,noun,negative,brown,0.4932,match,1.2755,0,1.0601,1.1958,148.4131591025766
113,1360,56,31,12,part_of_speech_classification,color_matching,matching,match_right,liebe,noun,positive,brown,✲✲✲lustig✲✲✲,adjective,positive,brown,0.4933,match,1.2755,0,1.0601,1.1958,148.4131591025766
113,1361,57,31,12,part_of_speech_classification,color_matching,matching,match_right,schön,adjective,positive,brown,✲✲✲glück✲✲✲✲,noun,positive,blue,0.4932,nonmatch,1.2181,0,1.0601,1.1958,148.4131591025766
113,1362,58,31,12,part_of_speech_classification,color_matching,matching,match_right,gierig,adjective,negative,brown,✲✲✲lustig✲✲✲,adjective,positive,blue,0.4932,nonmatch,1.1906,0,1.0601,1.1958,148.4131591025766
113,1363,59,31,12,part_of_speech_classification,color_matching,matching,match_right,schlecht,adjective,negative,blue,✲✲✲eitel✲✲✲✲,adjective,negative,brown,0.4932,nonmatch,1.3075,0,1.0601,1.1958,148.4131591025766
113,1364,60,31,12,part_of_speech_classification,color_matching,matching,match_right,launisch,adjective,negative,brown,✲✲✲gierig✲✲✲,adjective,negative,blue,0.4933,nonmatch,1.3082,0,1.0601,1.1958,148.4131591025766
113,1365,61,31,12,part_of_speech_classification,color_matching,matching,match_right,glück,noun,positive,brown,✲✲schleim✲✲✲,noun,negative,brown,0.5148,match,1.5481,0,1.0601,1.1958,148.4131591025766
113,1366,62,31,12,part_of_speech_classification,color_matching,matching,match_right,eitel,adjective,negative,blue,✲✲✲✲gift✲✲✲✲,noun,negative,brown,0.4966,match,1.2544,1,1.0601,1.1958,148.4131591025766
113,1367,63,31,12,part_of_speech_classification,color_matching,matching,match_right,leiche,noun,negative,blue,✲✲✲glück✲✲✲✲,noun,positive,brown,0.4932,match,1.2669,1,1.0601,1.1958,148.4131591025766
113,1368,64,31,12,part_of_speech_classification,color_matching,matching,match_right,liebe,noun,positive,blue,✲✲✲leiche✲✲✲,noun,negative,brown,0.4932,match,1.3084,1,1.0601,1.1958,148.4131591025766
