sid,tid,tix,bid,bix,study_task,current_task,study_phase,key_assignment,prime_identity,prime_part_of_speech,prime_valence,prime_color,target_identity,target_part_of_speech,target_valence,target_color,target_onset,response,response_time,error,response_window_start,response_window_end,n_target
162,1,1,1,1,part_of_speech_classification,part_of_speech_classification,acquisition,noun_left,ZYYZ,,,black,leiche,noun,negative,black,0.901,noun,1.6627,0,0.41,0.54,41
162,2,2,1,1,part_of_speech_classification,part_of_speech_classification,acquisition,noun_left,WJJW,,,black,eitel,adjective,negative,black,0.8804,adjective,1.1419,0,0.41,0.54,41
162,3,3,1,1,part_of_speech_classification,part_of_speech_classification,acquisition,noun_left,MQQM,,,black,spaß,noun,positive,black,0.8804,noun,0.9184,0,0.41,0.54,41
162,4,4,1,1,part_of_speech_classification,part_of_speech_classification,acquisition,noun_left,XVVX,,,black,schön,adjective,positive,black,0.8805,adjective,1.0431,0,0.41,0.54,41
162,5,5,1,1,part_of_speech_classification,part_of_speech_classification,acquisition,noun_left,WJJW,,,black,schlecht,adjective,negative,black,0.8805,adjective,0.7104,0,0.41,0.54,41
162,6,6,1,1,part_of_speech_classification,part_of_speech_classification,acquisition,noun_left,WJJW,,,black,eitel,adjective,negative,black,0.8804,adjective,0.6051,0,0.41,0.54,41
162,7,7,1,1,part_of_speech_classification,part_of_speech_classification,acquisition,noun_left,ZYYZ,,,black,gift,noun,negative,black,0.8804,noun,0.9968,0,0.41,0.54,41
162,8,8,1,1,part_of_speech_classification,part_of_speech_classification,acquisition,noun_left,MQQM,,,black,glück,noun,positive,black,0.8805,noun,0.9634,0,0.41,0.54,41
162,9,9,1,1,part_of_speech_classification,part_of_speech_classification,acquisition,noun_left,ZYYZ,,,black,entführung,noun,negative,black,0.8804,noun,1.5457,0,0.41,0.54,41
162,10,10,1,1,part_of_speech_classification,part_of_speech_classification,acquisition,noun_left,ZYYZ,,,black,entführung,noun,negative,black,0.8804,noun,0.6165,0,0.41,0.54,41
162,11,11,1,1,part_of_speech_classification,part_of_speech_classification,acquisition,noun_left,MQQM,,,black,einfall,noun,positive,black,0.8805,noun,0.6058,0,0.41,0.54,41
162,12,12,1,1,part_of_speech_classification,part_of_speech_classification,acquisition,noun_left,XVVX,,,black,gütig,adjective,positive,black,0.8804,adjective,1.2011,0,0.41,0.54,41
162,13,13,1,1,part_of_speech_classification,part_of_speech_classification,acquisition,noun_left,ZYYZ,,,black,schleim,noun,negative,black,0.8805,noun,0.6626,0,0.41,0.54,41
162,14,14,1,1,part_of_speech_classification,part_of_speech_classification,acquisition,noun_left,XVVX,,,black,lustig,adjective,positive,black,0.8804,adjective,0.5917,0,0.41,0.54,41
162,15,15,1,1,part_of_speech_classification,part_of_speech_classification,acquisition,noun_left,MQQM,,,black,glück,noun,positive,black,0.8804,noun,0.5604,0,0.41,0.54,41
162,16,16,1,1,part_of_speech_classification,part_of_speech_classification,acquisition,noun_left,WJJW,,,black,gierig,adjective,negative,black,0.8804,adjective,0.6279,0,0.41,0.54,41
162,17,17,1,1,part_of_speech_classification,part_of_speech_classification,acquisition,noun_left,XVVX,,,black,gütig,adjective,positive,black,0.8804,adjective,0.602,0,0.41,0.54,41
162,18,18,1,1,part_of_speech_classification,part_of_speech_classification,acquisition,noun_left,MQQM,,,black,einfall,noun,positive,black,0.8804,noun,0.6612,0,0.41,0.54,41
162,19,19,1,1,part_of_speech_classification,part_of_speech_classification,acquisition,noun_left,XVVX,,,black,ehrlich,adjective,positive,black,0.8805,adjective,0.6243,0,0.41,0.54,41
162,20,20,1,1,part_of_speech_classification,part_of_speech_classification,acquisition,noun_left,WJJW,,,black,launisch,adjective,negative,black,0.8805,adjective,1.7824,0,0.41,0.54,41
162,21,21,1,1,part_of_speech_classification,part_of_speech_classification,acquisition,noun_left,WJJW,,,black,gierig,adjective,negative,black,0.8804,adjective,0.764,0,0.41,0.54,41
162,22,22,1,1,part_of_speech_classification,part_of_speech_classification,acquisition,noun_left,MQQM,,,black,liebe,noun,positive,black,0.8805,noun,0.6447,0,0.41,0.54,41
162,23,23,1,1,part_of_speech_classification,part_of_speech_classification,acquisition,noun_left,ZYYZ,,,black,gift,noun,negative,black,0.8805,noun,0.8372,0,0.41,0.54,41
162,24,24,1,1,part_of_speech_classification,part_of_speech_classification,acquisition,noun_left,XVVX,,,black,ehrlich,adjective,positive,black,0.8805,adjective,0.9513,0,0.41,0.54,41
162,25,1,2,2,part_of_speech_classification,part_of_speech_classification,acquisition,noun_left,XVVX,,,black,gütig,adjective,positive,black,0.8808,adjective,1.8255,0,0.41,0.54,41
162,26,2,2,2,part_of_speech_classification,part_of_speech_classification,acquisition,noun_left,MQQM,,,black,einfall,noun,positive,black,0.8804,noun,0.4655,0,0.41,0.54,41
162,27,3,2,2,part_of_speech_classification,part_of_speech_classification,acquisition,noun_left,MQQM,,,black,glück,noun,positive,black,0.8804,noun,1.6061,0,0.41,0.54,41
162,28,4,2,2,part_of_speech_classification,part_of_speech_classification,acquisition,noun_left,WJJW,,,black,schlecht,adjective,negative,black,0.8804,adjective,0.5427,0,0.41,0.54,41
162,29,5,2,2,part_of_speech_classification,part_of_speech_classification,acquisition,noun_left,MQQM,,,black,einfall,noun,positive,black,0.8805,noun,0.7733,0,0.41,0.54,41
162,30,6,2,2,part_of_speech_classification,part_of_speech_classification,acquisition,noun_left,ZYYZ,,,black,schleim,noun,negative,black,0.8805,noun,0.3629,0,0.41,0.54,41
162,30,6,2,2,part_of_speech_classification,part_of_speech_classification,acquisition,noun_left,ZYYZ,,,black,schleim,noun,negative,black,0.8805,adjective,0.4959,1,0.41,0.54,41
162,31,7,2,2,part_of_speech_classification,part_of_speech_classification,acquisition,noun_left,MQQM,,,black,spaß,noun,positive,black,0.8805,noun,0.5287,0,0.41,0.54,41
162,32,8,2,2,part_of_speech_classification,part_of_speech_classification,acquisition,noun_left,ZYYZ,,,black,gift,noun,negative,black,0.8804,noun,0.4594,0,0.41,0.54,41
162,33,9,2,2,part_of_speech_classification,part_of_speech_classification,acquisition,noun_left,ZYYZ,,,black,entführung,noun,negative,black,0.8804,noun,0.5331,0,0.41,0.54,41
162,34,10,2,2,part_of_speech_classification,part_of_speech_classification,acquisition,noun_left,XVVX,,,black,schön,adjective,positive,black,0.8805,noun,0.3949,1,0.41,0.54,41
162,34,10,2,2,part_of_speech_classification,part_of_speech_classification,acquisition,noun_left,XVVX,,,black,schön,adjective,positive,black,0.8805,adjective,0.4778,0,0.41,0.54,41
162,35,11,2,2,part_of_speech_classification,part_of_speech_classification,acquisition,noun_left,XVVX,,,black,ehrlich,adjective,positive,black,0.8804,adjective,0.443,0,0.41,0.54,41
162,36,12,2,2,part_of_speech_classification,part_of_speech_classification,acquisition,noun_left,MQQM,,,black,liebe,noun,positive,black,0.8805,noun,0.5083,0,0.41,0.54,41
162,37,13,2,2,part_of_speech_classification,part_of_speech_classification,acquisition,noun_left,WJJW,,,black,eitel,adjective,negative,black,0.8804,noun,0.3892,1,0.41,0.54,41
162,37,13,2,2,part_of_speech_classification,part_of_speech_classification,acquisition,noun_left,WJJW,,,black,eitel,adjective,negative,black,0.8804,adjective,0.502,0,0.41,0.54,41
162,38,14,2,2,part_of_speech_classification,part_of_speech_classification,acquisition,noun_left,XVVX,,,black,gütig,adjective,positive,black,0.8804,adjective,0.4904,0,0.41,0.54,41
162,39,15,2,2,part_of_speech_classification,part_of_speech_classification,acquisition,noun_left,ZYYZ,,,black,gift,noun,negative,black,0.8805,adjective,0.4282,1,0.41,0.54,41
162,40,16,2,2,part_of_speech_classification,part_of_speech_classification,acquisition,noun_left,WJJW,,,black,gierig,adjective,negative,black,0.8804,noun,4.5984,1,0.41,0.54,41
162,41,17,2,2,part_of_speech_classification,part_of_speech_classification,acquisition,noun_left,XVVX,,,black,lustig,adjective,positive,black,0.8805,adjective,0.8,0,0.41,0.54,41
162,42,18,2,2,part_of_speech_classification,part_of_speech_classification,acquisition,noun_left,ZYYZ,,,black,entführung,noun,negative,black,0.8804,noun,0.7378,0,0.41,0.54,41
162,43,19,2,2,part_of_speech_classification,part_of_speech_classification,acquisition,noun_left,WJJW,,,black,launisch,adjective,negative,black,0.8804,adjective,0.4532,0,0.41,0.54,41
162,44,20,2,2,part_of_speech_classification,part_of_speech_classification,acquisition,noun_left,XVVX,,,black,ehrlich,adjective,positive,black,0.8804,adjective,0.5131,0,0.41,0.54,41
162,45,21,2,2,part_of_speech_classification,part_of_speech_classification,acquisition,noun_left,WJJW,,,black,gierig,adjective,negative,black,0.8805,adjective,0.4591,0,0.41,0.54,41
162,46,22,2,2,part_of_speech_classification,part_of_speech_classification,acquisition,noun_left,ZYYZ,,,black,leiche,noun,negative,black,0.8804,noun,0.4772,0,0.41,0.54,41
162,47,23,2,2,part_of_speech_classification,part_of_speech_classification,acquisition,noun_left,WJJW,,,black,eitel,adjective,negative,black,0.8804,adjective,0.4454,0,0.41,0.54,41
162,48,24,2,2,part_of_speech_classification,part_of_speech_classification,acquisition,noun_left,MQQM,,,black,glück,noun,positive,black,0.8804,noun,0.4955,0,0.41,0.54,41
162,49,1,3,3,part_of_speech_classification,part_of_speech_classification,acquisition,noun_left,ZYYZ,,,black,entführung,noun,negative,black,0.8805,noun,0.5988,0,0.39,0.52,39
162,50,2,3,3,part_of_speech_classification,part_of_speech_classification,acquisition,noun_left,XVVX,,,black,lustig,adjective,positive,black,0.8805,adjective,0.443,0,0.39,0.52,39
162,51,3,3,3,part_of_speech_classification,part_of_speech_classification,acquisition,noun_left,ZYYZ,,,black,schleim,noun,negative,black,0.8804,noun,0.5287,0,0.39,0.52,39
162,52,4,3,3,part_of_speech_classification,part_of_speech_classification,acquisition,noun_left,XVVX,,,black,gütig,adjective,positive,black,0.8805,adjective,0.507,0,0.39,0.52,39
162,53,5,3,3,part_of_speech_classification,part_of_speech_classification,acquisition,noun_left,WJJW,,,black,gierig,adjective,negative,black,0.8804,adjective,0.4853,0,0.39,0.52,39
162,54,6,3,3,part_of_speech_classification,part_of_speech_classification,acquisition,noun_left,MQQM,,,black,liebe,noun,positive,black,0.8804,noun,0.5153,0,0.39,0.52,39
162,55,7,3,3,part_of_speech_classification,part_of_speech_classification,acquisition,noun_left,ZYYZ,,,black,gift,noun,negative,black,0.8805,noun,0.5572,0,0.39,0.52,39
162,56,8,3,3,part_of_speech_classification,part_of_speech_classification,acquisition,noun_left,MQQM,,,black,spaß,noun,positive,black,0.8804,noun,0.6878,0,0.39,0.52,39
162,57,9,3,3,part_of_speech_classification,part_of_speech_classification,acquisition,noun_left,XVVX,,,black,gütig,adjective,positive,black,0.8805,adjective,0.4452,0,0.39,0.52,39
162,58,10,3,3,part_of_speech_classification,part_of_speech_classification,acquisition,noun_left,XVVX,,,black,ehrlich,adjective,positive,black,0.8804,adjective,0.4331,0,0.39,0.52,39
162,59,11,3,3,part_of_speech_classification,part_of_speech_classification,acquisition,noun_left,MQQM,,,black,einfall,noun,positive,black,0.8805,noun,0.493,0,0.39,0.52,39
162,60,12,3,3,part_of_speech_classification,part_of_speech_classification,acquisition,noun_left,XVVX,,,black,schön,adjective,positive,black,0.8805,adjective,0.4683,0,0.39,0.52,39
162,61,13,3,3,part_of_speech_classification,part_of_speech_classification,acquisition,noun_left,XVVX,,,black,ehrlich,adjective,positive,black,0.8804,adjective,0.3733,0,0.39,0.52,39
162,62,14,3,3,part_of_speech_classification,part_of_speech_classification,acquisition,noun_left,WJJW,,,black,schlecht,adjective,negative,black,0.8804,adjective,0.4095,0,0.39,0.52,39
162,63,15,3,3,part_of_speech_classification,part_of_speech_classification,acquisition,noun_left,WJJW,,,black,schlecht,adjective,negative,black,0.8804,adjective,0.3787,0,0.39,0.52,39
162,64,16,3,3,part_of_speech_classification,part_of_speech_classification,acquisition,noun_left,ZYYZ,,,black,entführung,noun,negative,black,0.8804,noun,0.4457,0,0.39,0.52,39
162,65,17,3,3,part_of_speech_classification,part_of_speech_classification,acquisition,noun_left,ZYYZ,,,black,gift,noun,negative,black,0.8804,noun,0.4193,0,0.39,0.52,39
162,66,18,3,3,part_of_speech_classification,part_of_speech_classification,acquisition,noun_left,WJJW,,,black,launisch,adjective,negative,black,0.8804,adjective,0.518,0,0.39,0.52,39
162,67,19,3,3,part_of_speech_classification,part_of_speech_classification,acquisition,noun_left,XVVX,,,black,lustig,adjective,positive,black,0.8804,adjective,0.4679,0,0.39,0.52,39
162,68,20,3,3,part_of_speech_classification,part_of_speech_classification,acquisition,noun_left,MQQM,,,black,glück,noun,positive,black,0.8805,adjective,0.3851,1,0.39,0.52,39
162,68,20,3,3,part_of_speech_classification,part_of_speech_classification,acquisition,noun_left,MQQM,,,black,glück,noun,positive,black,0.8805,noun,0.508,0,0.39,0.52,39
162,69,21,3,3,part_of_speech_classification,part_of_speech_classification,acquisition,noun_left,WJJW,,,black,launisch,adjective,negative,black,0.8805,adjective,1.4711,0,0.39,0.52,39
162,70,22,3,3,part_of_speech_classification,part_of_speech_classification,acquisition,noun_left,WJJW,,,black,gierig,adjective,negative,black,0.8804,adjective,0.4795,0,0.39,0.52,39
162,71,23,3,3,part_of_speech_classification,part_of_speech_classification,acquisition,noun_left,MQQM,,,black,liebe,noun,positive,black,0.8804,noun,0.4938,0,0.39,0.52,39
162,72,24,3,3,part_of_speech_classification,part_of_speech_classification,acquisition,noun_left,ZYYZ,,,black,leiche,noun,negative,black,0.8804,noun,0.5824,0,0.39,0.52,39
162,73,25,3,3,part_of_speech_classification,part_of_speech_classification,acquisition,noun_left,MQQM,,,black,glück,noun,positive,black,0.8804,noun,0.4005,0,0.39,0.52,39
162,74,26,3,3,part_of_speech_classification,part_of_speech_classification,acquisition,noun_left,MQQM,,,black,spaß,noun,positive,black,0.8805,noun,0.3999,0,0.39,0.52,39
162,75,27,3,3,part_of_speech_classification,part_of_speech_classification,acquisition,noun_left,XVVX,,,black,lustig,adjective,positive,black,0.8804,adjective,0.478,0,0.39,0.52,39
162,76,28,3,3,part_of_speech_classification,part_of_speech_classification,acquisition,noun_left,WJJW,,,black,launisch,adjective,negative,black,0.8804,adjective,0.3829,0,0.39,0.52,39
162,77,29,3,3,part_of_speech_classification,part_of_speech_classification,acquisition,noun_left,ZYYZ,,,black,leiche,noun,negative,black,0.8804,noun,0.5032,0,0.39,0.52,39
162,78,30,3,3,part_of_speech_classification,part_of_speech_classification,acquisition,noun_left,ZYYZ,,,black,entführung,noun,negative,black,0.8805,noun,0.4438,0,0.39,0.52,39
162,79,31,3,3,part_of_speech_classification,part_of_speech_classification,acquisition,noun_left,MQQM,,,black,spaß,noun,positive,black,0.8804,noun,0.4252,0,0.39,0.52,39
162,80,32,3,3,part_of_speech_classification,part_of_speech_classification,acquisition,noun_left,XVVX,,,black,schön,adjective,positive,black,0.8804,adjective,0.487,0,0.39,0.52,39
162,81,33,3,3,part_of_speech_classification,part_of_speech_classification,acquisition,noun_left,WJJW,,,black,eitel,adjective,negative,black,0.8804,adjective,0.4366,0,0.39,0.52,39
162,82,34,3,3,part_of_speech_classification,part_of_speech_classification,acquisition,noun_left,WJJW,,,black,eitel,adjective,negative,black,0.8804,adjective,0.4454,0,0.39,0.52,39
162,83,35,3,3,part_of_speech_classification,part_of_speech_classification,acquisition,noun_left,XVVX,,,black,gütig,adjective,positive,black,0.8804,adjective,0.4953,0,0.39,0.52,39
162,84,36,3,3,part_of_speech_classification,part_of_speech_classification,acquisition,noun_left,ZYYZ,,,black,schleim,noun,negative,black,0.8805,noun,0.4052,0,0.39,0.52,39
162,85,37,3,3,part_of_speech_classification,part_of_speech_classification,acquisition,noun_left,WJJW,,,black,gierig,adjective,negative,black,0.8805,adjective,0.5192,0,0.39,0.52,39
162,86,38,3,3,part_of_speech_classification,part_of_speech_classification,acquisition,noun_left,WJJW,,,black,schlecht,adjective,negative,black,0.8804,adjective,0.433,0,0.39,0.52,39
162,87,39,3,3,part_of_speech_classification,part_of_speech_classification,acquisition,noun_left,MQQM,,,black,liebe,noun,positive,black,0.8804,noun,0.4595,0,0.39,0.52,39
162,88,40,3,3,part_of_speech_classification,part_of_speech_classification,acquisition,noun_left,ZYYZ,,,black,leiche,noun,negative,black,0.8805,noun,0.5093,0,0.39,0.52,39
162,89,41,3,3,part_of_speech_classification,part_of_speech_classification,acquisition,noun_left,MQQM,,,black,glück,noun,positive,black,0.8804,noun,0.4968,0,0.39,0.52,39
162,90,42,3,3,part_of_speech_classification,part_of_speech_classification,acquisition,noun_left,XVVX,,,black,schön,adjective,positive,black,0.8804,adjective,0.417,0,0.39,0.52,39
162,91,43,3,3,part_of_speech_classification,part_of_speech_classification,acquisition,noun_left,XVVX,,,black,ehrlich,adjective,positive,black,0.8809,noun,0.4679,1,0.39,0.52,39
162,92,44,3,3,part_of_speech_classification,part_of_speech_classification,acquisition,noun_left,ZYYZ,,,black,gift,noun,negative,black,0.8805,noun,0.5441,0,0.39,0.52,39
162,93,45,3,3,part_of_speech_classification,part_of_speech_classification,acquisition,noun_left,WJJW,,,black,eitel,adjective,negative,black,0.8804,adjective,0.5206,0,0.39,0.52,39
162,94,46,3,3,part_of_speech_classification,part_of_speech_classification,acquisition,noun_left,ZYYZ,,,black,schleim,noun,negative,black,0.8805,noun,0.5156,0,0.39,0.52,39
162,95,47,3,3,part_of_speech_classification,part_of_speech_classification,acquisition,noun_left,MQQM,,,black,einfall,noun,positive,black,0.8804,noun,0.4599,0,0.39,0.52,39
162,96,48,3,3,part_of_speech_classification,part_of_speech_classification,acquisition,noun_left,MQQM,,,black,einfall,noun,positive,black,0.8804,noun,0.5056,0,0.39,0.52,39
162,97,1,4,4,part_of_speech_classification,part_of_speech_classification,acquisition,noun_left,MQQM,,,black,spaß,noun,positive,black,0.8817,noun,0.4793,0,0.34,0.47,34
162,98,2,4,4,part_of_speech_classification,part_of_speech_classification,acquisition,noun_left,MQQM,,,black,spaß,noun,positive,black,0.8805,noun,0.38,0,0.34,0.47,34
162,99,3,4,4,part_of_speech_classification,part_of_speech_classification,acquisition,noun_left,MQQM,,,black,glück,noun,positive,black,0.8804,noun,0.4236,0,0.34,0.47,34
162,100,4,4,4,part_of_speech_classification,part_of_speech_classification,acquisition,noun_left,WJJW,,,black,eitel,adjective,negative,black,0.8804,noun,0.3682,1,0.34,0.47,34
162,101,5,4,4,part_of_speech_classification,part_of_speech_classification,acquisition,noun_left,ZYYZ,,,black,gift,noun,negative,black,0.8804,noun,0.5041,0,0.34,0.47,34
162,102,6,4,4,part_of_speech_classification,part_of_speech_classification,acquisition,noun_left,ZYYZ,,,black,schleim,noun,negative,black,0.8805,noun,0.6679,0,0.34,0.47,34
162,103,7,4,4,part_of_speech_classification,part_of_speech_classification,acquisition,noun_left,WJJW,,,black,gierig,adjective,negative,black,0.8804,adjective,0.5022,0,0.34,0.47,34
162,104,8,4,4,part_of_speech_classification,part_of_speech_classification,acquisition,noun_left,WJJW,,,black,schlecht,adjective,negative,black,0.8808,adjective,0.4029,0,0.34,0.47,34
162,105,9,4,4,part_of_speech_classification,part_of_speech_classification,acquisition,noun_left,ZYYZ,,,black,leiche,noun,negative,black,0.8804,noun,0.4733,0,0.34,0.47,34
162,106,10,4,4,part_of_speech_classification,part_of_speech_classification,acquisition,noun_left,XVVX,,,black,lustig,adjective,positive,black,0.8804,adjective,0.4457,0,0.34,0.47,34
162,107,11,4,4,part_of_speech_classification,part_of_speech_classification,acquisition,noun_left,XVVX,,,black,ehrlich,adjective,positive,black,0.8805,noun,0.4944,1,0.34,0.47,34
162,108,12,4,4,part_of_speech_classification,part_of_speech_classification,acquisition,noun_left,ZYYZ,,,black,schleim,noun,negative,black,0.8806,noun,0.8091,0,0.34,0.47,34
162,109,13,4,4,part_of_speech_classification,part_of_speech_classification,acquisition,noun_left,WJJW,,,black,launisch,adjective,negative,black,0.8804,adjective,0.463,0,0.34,0.47,34
162,110,14,4,4,part_of_speech_classification,part_of_speech_classification,acquisition,noun_left,MQQM,,,black,spaß,noun,positive,black,0.8804,noun,0.4751,0,0.34,0.47,34
162,111,15,4,4,part_of_speech_classification,part_of_speech_classification,acquisition,noun_left,WJJW,,,black,schlecht,adjective,negative,black,0.8804,adjective,0.4383,0,0.34,0.47,34
162,112,16,4,4,part_of_speech_classification,part_of_speech_classification,acquisition,noun_left,MQQM,,,black,glück,noun,positive,black,0.8804,noun,0.6164,0,0.34,0.47,34
162,113,17,4,4,part_of_speech_classification,part_of_speech_classification,acquisition,noun_left,ZYYZ,,,black,leiche,noun,negative,black,0.8804,noun,0.5011,0,0.34,0.47,34
162,114,18,4,4,part_of_speech_classification,part_of_speech_classification,acquisition,noun_left,WJJW,,,black,eitel,adjective,negative,black,0.8804,adjective,0.5421,0,0.34,0.47,34
162,115,19,4,4,part_of_speech_classification,part_of_speech_classification,acquisition,noun_left,XVVX,,,black,schön,adjective,positive,black,0.8804,adjective,0.6137,0,0.34,0.47,34
162,116,20,4,4,part_of_speech_classification,part_of_speech_classification,acquisition,noun_left,XVVX,,,black,lustig,adjective,positive,black,0.8805,adjective,0.5647,0,0.34,0.47,34
162,117,21,4,4,part_of_speech_classification,part_of_speech_classification,acquisition,noun_left,ZYYZ,,,black,schleim,noun,negative,black,0.8804,noun,0.481,0,0.34,0.47,34
162,118,22,4,4,part_of_speech_classification,part_of_speech_classification,acquisition,noun_left,XVVX,,,black,ehrlich,adjective,positive,black,0.8805,adjective,0.5366,0,0.34,0.47,34
162,119,23,4,4,part_of_speech_classification,part_of_speech_classification,acquisition,noun_left,ZYYZ,,,black,leiche,noun,negative,black,0.8804,noun,0.5718,0,0.34,0.47,34
162,120,24,4,4,part_of_speech_classification,part_of_speech_classification,acquisition,noun_left,MQQM,,,black,einfall,noun,positive,black,0.8804,noun,0.5222,0,0.34,0.47,34
162,121,25,4,4,part_of_speech_classification,part_of_speech_classification,acquisition,noun_left,XVVX,,,black,ehrlich,adjective,positive,black,0.8804,adjective,0.578,0,0.34,0.47,34
162,122,26,4,4,part_of_speech_classification,part_of_speech_classification,acquisition,noun_left,ZYYZ,,,black,entführung,noun,negative,black,0.8804,noun,0.5089,0,0.34,0.47,34
162,123,27,4,4,part_of_speech_classification,part_of_speech_classification,acquisition,noun_left,WJJW,,,black,launisch,adjective,negative,black,0.8804,adjective,0.7025,0,0.34,0.47,34
162,124,28,4,4,part_of_speech_classification,part_of_speech_classification,acquisition,noun_left,ZYYZ,,,black,gift,noun,negative,black,0.8805,noun,0.4953,0,0.34,0.47,34
162,125,29,4,4,part_of_speech_classification,part_of_speech_classification,acquisition,noun_left,WJJW,,,black,eitel,adjective,negative,black,0.8804,adjective,0.4478,0,0.34,0.47,34
162,126,30,4,4,part_of_speech_classification,part_of_speech_classification,acquisition,noun_left,MQQM,,,black,liebe,noun,positive,black,0.8804,noun,0.6496,0,0.34,0.47,34
162,127,31,4,4,part_of_speech_classification,part_of_speech_classification,acquisition,noun_left,ZYYZ,,,black,entführung,noun,negative,black,0.8804,noun,0.5032,0,0.34,0.47,34
162,128,32,4,4,part_of_speech_classification,part_of_speech_classification,acquisition,noun_left,XVVX,,,black,schön,adjective,positive,black,0.8804,adjective,0.423,0,0.34,0.47,34
162,129,33,4,4,part_of_speech_classification,part_of_speech_classification,acquisition,noun_left,ZYYZ,,,black,gift,noun,negative,black,0.8805,noun,0.4803,0,0.34,0.47,34
162,130,34,4,4,part_of_speech_classification,part_of_speech_classification,acquisition,noun_left,MQQM,,,black,einfall,noun,positive,black,0.8804,noun,0.5018,0,0.34,0.47,34
162,131,35,4,4,part_of_speech_classification,part_of_speech_classification,acquisition,noun_left,MQQM,,,black,liebe,noun,positive,black,0.8805,noun,0.3831,0,0.34,0.47,34
162,132,36,4,4,part_of_speech_classification,part_of_speech_classification,acquisition,noun_left,XVVX,,,black,gütig,adjective,positive,black,0.8804,adjective,0.4672,0,0.34,0.47,34
162,133,37,4,4,part_of_speech_classification,part_of_speech_classification,acquisition,noun_left,XVVX,,,black,lustig,adjective,positive,black,0.8804,noun,0.3563,1,0.34,0.47,34
162,134,38,4,4,part_of_speech_classification,part_of_speech_classification,acquisition,noun_left,WJJW,,,black,launisch,adjective,negative,black,0.8804,adjective,0.8748,0,0.34,0.47,34
162,135,39,4,4,part_of_speech_classification,part_of_speech_classification,acquisition,noun_left,XVVX,,,black,gütig,adjective,positive,black,0.8804,adjective,0.4666,0,0.34,0.47,34
162,136,40,4,4,part_of_speech_classification,part_of_speech_classification,acquisition,noun_left,MQQM,,,black,liebe,noun,positive,black,0.8805,noun,0.537,0,0.34,0.47,34
162,137,41,4,4,part_of_speech_classification,part_of_speech_classification,acquisition,noun_left,XVVX,,,black,schön,adjective,positive,black,0.8804,adjective,0.3876,0,0.34,0.47,34
162,138,42,4,4,part_of_speech_classification,part_of_speech_classification,acquisition,noun_left,WJJW,,,black,gierig,adjective,negative,black,0.8804,adjective,0.6429,0,0.34,0.47,34
162,139,43,4,4,part_of_speech_classification,part_of_speech_classification,acquisition,noun_left,WJJW,,,black,schlecht,adjective,negative,black,0.8804,adjective,0.4531,0,0.34,0.47,34
162,140,44,4,4,part_of_speech_classification,part_of_speech_classification,acquisition,noun_left,WJJW,,,black,gierig,adjective,negative,black,0.8804,adjective,0.3584,0,0.34,0.47,34
162,141,45,4,4,part_of_speech_classification,part_of_speech_classification,acquisition,noun_left,ZYYZ,,,black,entführung,noun,negative,black,0.8804,noun,0.468,0,0.34,0.47,34
162,142,46,4,4,part_of_speech_classification,part_of_speech_classification,acquisition,noun_left,MQQM,,,black,glück,noun,positive,black,0.8804,noun,0.4877,0,0.34,0.47,34
162,143,47,4,4,part_of_speech_classification,part_of_speech_classification,acquisition,noun_left,XVVX,,,black,gütig,adjective,positive,black,0.8805,noun,0.384,1,0.34,0.47,34
162,143,47,4,4,part_of_speech_classification,part_of_speech_classification,acquisition,noun_left,XVVX,,,black,gütig,adjective,positive,black,0.8805,adjective,0.6114,0,0.34,0.47,34
162,144,48,4,4,part_of_speech_classification,part_of_speech_classification,acquisition,noun_left,MQQM,,,black,einfall,noun,positive,black,0.8805,noun,0.5115,0,0.34,0.47,34
162,145,1,5,5,part_of_speech_classification,part_of_speech_classification,acquisition,noun_left,XVVX,,,black,gütig,adjective,positive,black,0.8806,adjective,0.4778,0,0.34,0.47,34
162,146,2,5,5,part_of_speech_classification,part_of_speech_classification,acquisition,noun_left,MQQM,,,black,glück,noun,positive,black,0.8804,noun,0.4752,0,0.34,0.47,34
162,147,3,5,5,part_of_speech_classification,part_of_speech_classification,acquisition,noun_left,WJJW,,,black,eitel,adjective,negative,black,0.8804,adjective,0.3842,0,0.34,0.47,34
162,148,4,5,5,part_of_speech_classification,part_of_speech_classification,acquisition,noun_left,MQQM,,,black,einfall,noun,positive,black,0.8804,adjective,0.373,1,0.34,0.47,34
162,149,5,5,5,part_of_speech_classification,part_of_speech_classification,acquisition,noun_left,ZYYZ,,,black,gift,noun,negative,black,0.8804,noun,0.4329,0,0.34,0.47,34
162,150,6,5,5,part_of_speech_classification,part_of_speech_classification,acquisition,noun_left,XVVX,,,black,lustig,adjective,positive,black,0.8804,adjective,0.4914,0,0.34,0.47,34
162,151,7,5,5,part_of_speech_classification,part_of_speech_classification,acquisition,noun_left,XVVX,,,black,lustig,adjective,positive,black,0.8805,adjective,0.4179,0,0.34,0.47,34
162,152,8,5,5,part_of_speech_classification,part_of_speech_classification,acquisition,noun_left,XVVX,,,black,lustig,adjective,positive,black,0.8804,adjective,0.4262,0,0.34,0.47,34
162,153,9,5,5,part_of_speech_classification,part_of_speech_classification,acquisition,noun_left,WJJW,,,black,launisch,adjective,negative,black,0.8808,adjective,0.4398,0,0.34,0.47,34
162,154,10,5,5,part_of_speech_classification,part_of_speech_classification,acquisition,noun_left,WJJW,,,black,launisch,adjective,negative,black,0.8804,adjective,0.4529,0,0.34,0.47,34
162,155,11,5,5,part_of_speech_classification,part_of_speech_classification,acquisition,noun_left,ZYYZ,,,black,entführung,noun,negative,black,0.8805,noun,0.4573,0,0.34,0.47,34
162,156,12,5,5,part_of_speech_classification,part_of_speech_classification,acquisition,noun_left,WJJW,,,black,launisch,adjective,negative,black,0.8804,adjective,0.7314,0,0.34,0.47,34
162,157,13,5,5,part_of_speech_classification,part_of_speech_classification,acquisition,noun_left,WJJW,,,black,gierig,adjective,negative,black,0.8804,adjective,0.3445,0,0.34,0.47,34
162,158,14,5,5,part_of_speech_classification,part_of_speech_classification,acquisition,noun_left,ZYYZ,,,black,gift,noun,negative,black,0.8804,noun,0.5915,0,0.34,0.47,34
162,159,15,5,5,part_of_speech_classification,part_of_speech_classification,acquisition,noun_left,MQQM,,,black,glück,noun,positive,black,0.8805,noun,0.4082,0,0.34,0.47,34
162,160,16,5,5,part_of_speech_classification,part_of_speech_classification,acquisition,noun_left,ZYYZ,,,black,gift,noun,negative,black,0.8804,noun,0.5095,0,0.34,0.47,34
162,161,17,5,5,part_of_speech_classification,part_of_speech_classification,acquisition,noun_left,MQQM,,,black,liebe,noun,positive,black,0.8804,noun,0.6472,0,0.34,0.47,34
162,162,18,5,5,part_of_speech_classification,part_of_speech_classification,acquisition,noun_left,MQQM,,,black,einfall,noun,positive,black,0.8804,noun,0.443,0,0.34,0.47,34
162,163,19,5,5,part_of_speech_classification,part_of_speech_classification,acquisition,noun_left,ZYYZ,,,black,entführung,noun,negative,black,0.8805,noun,0.4356,0,0.34,0.47,34
162,164,20,5,5,part_of_speech_classification,part_of_speech_classification,acquisition,noun_left,XVVX,,,black,gütig,adjective,positive,black,0.8804,adjective,0.3853,0,0.34,0.47,34
162,165,21,5,5,part_of_speech_classification,part_of_speech_classification,acquisition,noun_left,XVVX,,,black,ehrlich,adjective,positive,black,0.8804,adjective,0.3555,0,0.34,0.47,34
162,166,22,5,5,part_of_speech_classification,part_of_speech_classification,acquisition,noun_left,ZYYZ,,,black,schleim,noun,negative,black,0.8805,adjective,0.3851,1,0.34,0.47,34
162,167,23,5,5,part_of_speech_classification,part_of_speech_classification,acquisition,noun_left,WJJW,,,black,eitel,adjective,negative,black,0.8805,adjective,0.5163,0,0.34,0.47,34
162,168,24,5,5,part_of_speech_classification,part_of_speech_classification,acquisition,noun_left,WJJW,,,black,gierig,adjective,negative,black,0.8804,adjective,0.5228,0,0.34,0.47,34
162,169,25,5,5,part_of_speech_classification,part_of_speech_classification,acquisition,noun_left,XVVX,,,black,schön,adjective,positive,black,0.8805,noun,0.3694,1,0.34,0.47,34
162,170,26,5,5,part_of_speech_classification,part_of_speech_classification,acquisition,noun_left,MQQM,,,black,liebe,noun,positive,black,0.8805,noun,0.5286,0,0.34,0.47,34
162,171,27,5,5,part_of_speech_classification,part_of_speech_classification,acquisition,noun_left,MQQM,,,black,spaß,noun,positive,black,0.8805,noun,0.4131,0,0.34,0.47,34
162,172,28,5,5,part_of_speech_classification,part_of_speech_classification,acquisition,noun_left,ZYYZ,,,black,schleim,noun,negative,black,0.8804,adjective,0.4866,1,0.34,0.47,34
162,173,29,5,5,part_of_speech_classification,part_of_speech_classification,acquisition,noun_left,ZYYZ,,,black,entführung,noun,negative,black,0.8804,noun,0.5437,0,0.34,0.47,34
162,174,30,5,5,part_of_speech_classification,part_of_speech_classification,acquisition,noun_left,XVVX,,,black,gütig,adjective,positive,black,0.8804,adjective,0.529,0,0.34,0.47,34
162,175,31,5,5,part_of_speech_classification,part_of_speech_classification,acquisition,noun_left,XVVX,,,black,ehrlich,adjective,positive,black,0.8804,adjective,0.4948,0,0.34,0.47,34
162,176,32,5,5,part_of_speech_classification,part_of_speech_classification,acquisition,noun_left,ZYYZ,,,black,leiche,noun,negative,black,0.8804,noun,0.4371,0,0.34,0.47,34
162,177,33,5,5,part_of_speech_classification,part_of_speech_classification,acquisition,noun_left,XVVX,,,black,ehrlich,adjective,positive,black,0.8804,adjective,0.4978,0,0.34,0.47,34
162,178,34,5,5,part_of_speech_classification,part_of_speech_classification,acquisition,noun_left,WJJW,,,black,schlecht,adjective,negative,black,0.8805,adjective,0.5222,0,0.34,0.47,34
162,179,35,5,5,part_of_speech_classification,part_of_speech_classification,acquisition,noun_left,ZYYZ,,,black,schleim,noun,negative,black,0.8804,noun,0.6374,0,0.34,0.47,34
162,180,36,5,5,part_of_speech_classification,part_of_speech_classification,acquisition,noun_left,XVVX,,,black,schön,adjective,positive,black,0.8805,adjective,0.4726,0,0.34,0.47,34
162,181,37,5,5,part_of_speech_classification,part_of_speech_classification,acquisition,noun_left,MQQM,,,black,einfall,noun,positive,black,0.8805,noun,0.4909,0,0.34,0.47,34
162,182,38,5,5,part_of_speech_classification,part_of_speech_classification,acquisition,noun_left,WJJW,,,black,eitel,adjective,negative,black,0.8805,adjective,0.4656,0,0.34,0.47,34
162,183,39,5,5,part_of_speech_classification,part_of_speech_classification,acquisition,noun_left,MQQM,,,black,spaß,noun,positive,black,0.8805,noun,0.463,0,0.34,0.47,34
162,184,40,5,5,part_of_speech_classification,part_of_speech_classification,acquisition,noun_left,ZYYZ,,,black,leiche,noun,negative,black,0.8805,noun,0.4602,0,0.34,0.47,34
162,185,41,5,5,part_of_speech_classification,part_of_speech_classification,acquisition,noun_left,WJJW,,,black,schlecht,adjective,negative,black,0.8804,noun,0.3629,1,0.34,0.47,34
162,186,42,5,5,part_of_speech_classification,part_of_speech_classification,acquisition,noun_left,WJJW,,,black,gierig,adjective,negative,black,0.8805,adjective,0.5076,0,0.34,0.47,34
162,187,43,5,5,part_of_speech_classification,part_of_speech_classification,acquisition,noun_left,ZYYZ,,,black,leiche,noun,negative,black,0.8804,noun,0.4878,0,0.34,0.47,34
162,188,44,5,5,part_of_speech_classification,part_of_speech_classification,acquisition,noun_left,XVVX,,,black,schön,adjective,positive,black,0.8804,noun,0.4131,1,0.34,0.47,34
162,189,45,5,5,part_of_speech_classification,part_of_speech_classification,acquisition,noun_left,MQQM,,,black,glück,noun,positive,black,0.8804,noun,0.4392,0,0.34,0.47,34
162,190,46,5,5,part_of_speech_classification,part_of_speech_classification,acquisition,noun_left,MQQM,,,black,spaß,noun,positive,black,0.8805,noun,0.486,0,0.34,0.47,34
162,191,47,5,5,part_of_speech_classification,part_of_speech_classification,acquisition,noun_left,MQQM,,,black,liebe,noun,positive,black,0.8805,noun,0.443,0,0.34,0.47,34
162,192,48,5,5,part_of_speech_classification,part_of_speech_classification,acquisition,noun_left,WJJW,,,black,schlecht,adjective,negative,black,0.8805,adjective,0.433,0,0.34,0.47,34
162,193,1,9,4,part_of_speech_classification,part_of_speech_classification,classification_1,noun_left,WJJW,,,black,entführung,noun,negative,black,0.8818,noun,0.6574,0,0.34,0.47,34
162,194,2,9,4,part_of_speech_classification,part_of_speech_classification,classification_1,noun_left,XVVX,,,black,gütig,adjective,positive,black,0.8805,adjective,0.4531,0,0.34,0.47,34
162,195,3,9,4,part_of_speech_classification,part_of_speech_classification,classification_1,noun_left,XVVX,,,black,gütig,adjective,positive,black,0.8804,adjective,0.3573,0,0.34,0.47,34
162,196,4,9,4,part_of_speech_classification,part_of_speech_classification,classification_1,noun_left,MQQM,,,black,liebe,noun,positive,black,0.8804,noun,0.4946,0,0.34,0.47,34
162,197,5,9,4,part_of_speech_classification,part_of_speech_classification,classification_1,noun_left,WJJW,,,black,leiche,noun,negative,black,0.8805,adjective,0.463,1,0.34,0.47,34
162,198,6,9,4,part_of_speech_classification,part_of_speech_classification,classification_1,noun_left,WJJW,,,black,entführung,noun,negative,black,0.8804,noun,0.4431,0,0.34,0.47,34
162,199,7,9,4,part_of_speech_classification,part_of_speech_classification,classification_1,noun_left,MQQM,,,black,schön,adjective,positive,black,0.8804,adjective,0.4629,0,0.34,0.47,34
162,200,8,9,4,part_of_speech_classification,part_of_speech_classification,classification_1,noun_left,XVVX,,,black,glück,noun,positive,black,0.8804,noun,0.519,0,0.34,0.47,34
162,201,9,9,4,part_of_speech_classification,part_of_speech_classification,classification_1,noun_left,WJJW,,,black,entführung,noun,negative,black,0.8804,noun,0.4749,0,0.34,0.47,34
162,202,10,9,4,part_of_speech_classification,part_of_speech_classification,classification_1,noun_left,ZYYZ,,,black,eitel,adjective,negative,black,0.8804,noun,0.413,1,0.34,0.47,34
162,203,11,9,4,part_of_speech_classification,part_of_speech_classification,classification_1,noun_left,ZYYZ,,,black,gift,noun,negative,black,0.8804,noun,0.4258,0,0.34,0.47,34
162,204,12,9,4,part_of_speech_classification,part_of_speech_classification,classification_1,noun_left,MQQM,,,black,lustig,adjective,positive,black,0.8808,adjective,0.5338,0,0.34,0.47,34
162,205,13,9,4,part_of_speech_classification,part_of_speech_classification,classification_1,noun_left,ZYYZ,,,black,launisch,adjective,negative,black,0.8805,adjective,0.5871,0,0.34,0.47,34
162,206,14,9,4,part_of_speech_classification,part_of_speech_classification,classification_1,noun_left,XVVX,,,black,ehrlich,adjective,positive,black,0.8804,adjective,0.4175,0,0.34,0.47,34
162,207,15,9,4,part_of_speech_classification,part_of_speech_classification,classification_1,noun_left,MQQM,,,black,glück,noun,positive,black,0.8804,noun,0.4814,0,0.34,0.47,34
162,208,16,9,4,part_of_speech_classification,part_of_speech_classification,classification_1,noun_left,MQQM,,,black,einfall,noun,positive,black,0.8804,noun,0.6135,0,0.34,0.47,34
162,209,17,9,4,part_of_speech_classification,part_of_speech_classification,classification_1,noun_left,ZYYZ,,,black,launisch,adjective,negative,black,0.8805,adjective,0.5431,0,0.34,0.47,34
162,210,18,9,4,part_of_speech_classification,part_of_speech_classification,classification_1,noun_left,ZYYZ,,,black,eitel,adjective,negative,black,0.8804,adjective,0.4103,0,0.34,0.47,34
162,211,19,9,4,part_of_speech_classification,part_of_speech_classification,classification_1,noun_left,MQQM,,,black,schön,adjective,positive,black,0.8805,adjective,0.423,0,0.34,0.47,34
162,212,20,9,4,part_of_speech_classification,part_of_speech_classification,classification_1,noun_left,XVVX,,,black,spaß,noun,positive,black,0.8804,noun,0.3475,0,0.34,0.47,34
162,213,21,9,4,part_of_speech_classification,part_of_speech_classification,classification_1,noun_left,ZYYZ,,,black,gierig,adjective,negative,black,0.8804,adjective,0.4632,0,0.34,0.47,34
162,214,22,9,4,part_of_speech_classification,part_of_speech_classification,classification_1,noun_left,ZYYZ,,,black,schleim,noun,negative,black,0.8804,noun,0.5204,0,0.34,0.47,34
162,215,23,9,4,part_of_speech_classification,part_of_speech_classification,classification_1,noun_left,ZYYZ,,,black,leiche,noun,negative,black,0.8804,noun,0.4455,0,0.34,0.47,34
162,216,24,9,4,part_of_speech_classification,part_of_speech_classification,classification_1,noun_left,XVVX,,,black,gütig,adjective,positive,black,0.8807,adjective,0.4862,0,0.34,0.47,34
162,217,25,9,4,part_of_speech_classification,part_of_speech_classification,classification_1,noun_left,MQQM,,,black,einfall,noun,positive,black,0.8804,noun,0.475,0,0.34,0.47,34
162,218,26,9,4,part_of_speech_classification,part_of_speech_classification,classification_1,noun_left,MQQM,,,black,einfall,noun,positive,black,0.8804,noun,0.3991,0,0.34,0.47,34
162,219,27,9,4,part_of_speech_classification,part_of_speech_classification,classification_1,noun_left,WJJW,,,black,gierig,adjective,negative,black,0.8804,adjective,0.6491,0,0.34,0.47,34
162,220,28,9,4,part_of_speech_classification,part_of_speech_classification,classification_1,noun_left,XVVX,,,black,liebe,noun,positive,black,0.8804,noun,0.5219,0,0.34,0.47,34
162,221,29,9,4,part_of_speech_classification,part_of_speech_classification,classification_1,noun_left,MQQM,,,black,ehrlich,adjective,positive,black,0.8804,adjective,0.4821,0,0.34,0.47,34
162,222,30,9,4,part_of_speech_classification,part_of_speech_classification,classification_1,noun_left,XVVX,,,black,ehrlich,adjective,positive,black,0.8804,adjective,0.482,0,0.34,0.47,34
162,223,31,9,4,part_of_speech_classification,part_of_speech_classification,classification_1,noun_left,WJJW,,,black,schlecht,adjective,negative,black,0.8804,adjective,0.3803,0,0.34,0.47,34
162,224,32,9,4,part_of_speech_classification,part_of_speech_classification,classification_1,noun_left,WJJW,,,black,gift,noun,negative,black,0.8804,noun,0.4726,0,0.34,0.47,34
162,225,33,9,4,part_of_speech_classification,part_of_speech_classification,classification_1,noun_left,MQQM,,,black,glück,noun,positive,black,0.8804,noun,0.3851,0,0.34,0.47,34
162,226,34,9,4,part_of_speech_classification,part_of_speech_classification,classification_1,noun_left,ZYYZ,,,black,gift,noun,negative,black,0.8805,noun,0.4032,0,0.34,0.47,34
162,227,35,9,4,part_of_speech_classification,part_of_speech_classification,classification_1,noun_left,MQQM,,,black,lustig,adjective,positive,black,0.8805,adjective,0.5461,0,0.34,0.47,34
162,228,36,9,4,part_of_speech_classification,part_of_speech_classification,classification_1,noun_left,WJJW,,,black,schlecht,adjective,negative,black,0.8804,adjective,0.3829,0,0.34,0.47,34
162,229,37,9,4,part_of_speech_classification,part_of_speech_classification,classification_1,noun_left,ZYYZ,,,black,schleim,noun,negative,black,0.8805,noun,0.4001,0,0.34,0.47,34
162,230,38,9,4,part_of_speech_classification,part_of_speech_classification,classification_1,noun_left,XVVX,,,black,spaß,noun,positive,black,0.8804,noun,0.3788,0,0.34,0.47,34
162,231,39,9,4,part_of_speech_classification,part_of_speech_classification,classification_1,noun_left,XVVX,,,black,lustig,adjective,positive,black,0.8805,adjective,0.4371,0,0.34,0.47,34
162,232,40,9,4,part_of_speech_classification,part_of_speech_classification,classification_1,noun_left,WJJW,,,black,gierig,adjective,negative,black,0.8807,adjective,0.369,0,0.34,0.47,34
162,233,41,9,4,part_of_speech_classification,part_of_speech_classification,classification_1,noun_left,ZYYZ,,,black,schleim,noun,negative,black,0.8804,noun,0.3763,0,0.34,0.47,34
162,234,42,9,4,part_of_speech_classification,part_of_speech_classification,classification_1,noun_left,ZYYZ,,,black,eitel,adjective,negative,black,0.8804,adjective,0.3829,0,0.34,0.47,34
162,235,43,9,4,part_of_speech_classification,part_of_speech_classification,classification_1,noun_left,WJJW,,,black,schlecht,adjective,negative,black,0.8804,adjective,0.427,0,0.34,0.47,34
162,236,44,9,4,part_of_speech_classification,part_of_speech_classification,classification_1,noun_left,XVVX,,,black,spaß,noun,positive,black,0.8805,noun,0.3558,0,0.34,0.47,34
162,237,45,9,4,part_of_speech_classification,part_of_speech_classification,classification_1,noun_left,MQQM,,,black,schön,adjective,positive,black,0.8804,adjective,0.3977,0,0.34,0.47,34
162,238,46,9,4,part_of_speech_classification,part_of_speech_classification,classification_1,noun_left,WJJW,,,black,launisch,adjective,negative,black,0.8804,adjective,0.4154,0,0.34,0.47,34
162,239,47,9,4,part_of_speech_classification,part_of_speech_classification,classification_1,noun_left,XVVX,,,black,liebe,noun,positive,black,0.8804,noun,0.5126,0,0.34,0.47,34
162,240,48,9,4,part_of_speech_classification,part_of_speech_classification,classification_1,noun_left,WJJW,,,black,leiche,noun,negative,black,0.8804,adjective,0.413,1,0.34,0.47,34
162,241,1,10,5,part_of_speech_classification,part_of_speech_classification,classification_1,noun_left,ZYYZ,,,black,schleim,noun,negative,black,0.8814,noun,0.5412,0,0.34,0.47,34
162,242,2,10,5,part_of_speech_classification,part_of_speech_classification,classification_1,noun_left,XVVX,,,black,einfall,noun,positive,black,0.8809,noun,0.363,0,0.34,0.47,34
162,243,3,10,5,part_of_speech_classification,part_of_speech_classification,classification_1,noun_left,XVVX,,,black,gütig,adjective,positive,black,0.8804,adjective,0.4637,0,0.34,0.47,34
162,244,4,10,5,part_of_speech_classification,part_of_speech_classification,classification_1,noun_left,WJJW,,,black,gierig,adjective,negative,black,0.8805,adjective,0.3258,0,0.34,0.47,34
162,245,5,10,5,part_of_speech_classification,part_of_speech_classification,classification_1,noun_left,XVVX,,,black,spaß,noun,positive,black,0.8805,noun,0.4357,0,0.34,0.47,34
162,246,6,10,5,part_of_speech_classification,part_of_speech_classification,classification_1,noun_left,MQQM,,,black,liebe,noun,positive,black,0.8804,adjective,0.4471,1,0.34,0.47,34
162,246,6,10,5,part_of_speech_classification,part_of_speech_classification,classification_1,noun_left,MQQM,,,black,liebe,noun,positive,black,0.8804,noun,0.5798,0,0.34,0.47,34
162,247,7,10,5,part_of_speech_classification,part_of_speech_classification,classification_1,noun_left,XVVX,,,black,glück,noun,positive,black,0.8804,noun,0.3902,0,0.34,0.47,34
162,248,8,10,5,part_of_speech_classification,part_of_speech_classification,classification_1,noun_left,ZYYZ,,,black,gierig,adjective,negative,black,0.8805,adjective,0.4631,0,0.34,0.47,34
162,249,9,10,5,part_of_speech_classification,part_of_speech_classification,classification_1,noun_left,ZYYZ,,,black,leiche,noun,negative,black,0.8804,adjective,0.3548,1,0.34,0.47,34
162,250,10,10,5,part_of_speech_classification,part_of_speech_classification,classification_1,noun_left,WJJW,,,black,launisch,adjective,negative,black,0.8805,adjective,0.5389,0,0.34,0.47,34
162,251,11,10,5,part_of_speech_classification,part_of_speech_classification,classification_1,noun_left,XVVX,,,black,gütig,adjective,positive,black,0.8804,adjective,0.5488,0,0.34,0.47,34
162,252,12,10,5,part_of_speech_classification,part_of_speech_classification,classification_1,noun_left,MQQM,,,black,liebe,noun,positive,black,0.8807,noun,0.4329,0,0.34,0.47,34
162,253,13,10,5,part_of_speech_classification,part_of_speech_classification,classification_1,noun_left,XVVX,,,black,glück,noun,positive,black,0.8804,noun,0.5697,0,0.34,0.47,34
162,254,14,10,5,part_of_speech_classification,part_of_speech_classification,classification_1,noun_left,MQQM,,,black,lustig,adjective,positive,black,0.8805,adjective,0.453,0,0.34,0.47,34
162,255,15,10,5,part_of_speech_classification,part_of_speech_classification,classification_1,noun_left,WJJW,,,black,leiche,noun,negative,black,0.8805,noun,0.4868,0,0.34,0.47,34
162,256,16,10,5,part_of_speech_classification,part_of_speech_classification,classification_1,noun_left,MQQM,,,black,gütig,adjective,positive,black,0.8805,adjective,0.5517,0,0.34,0.47,34
162,257,17,10,5,part_of_speech_classification,part_of_speech_classification,classification_1,noun_left,WJJW,,,black,schlecht,adjective,negative,black,0.8804,adjective,0.4995,0,0.34,0.47,34
162,258,18,10,5,part_of_speech_classification,part_of_speech_classification,classification_1,noun_left,ZYYZ,,,black,schlecht,adjective,negative,black,0.8804,adjective,0.433,0,0.34,0.47,34
162,259,19,10,5,part_of_speech_classification,part_of_speech_classification,classification_1,noun_left,MQQM,,,black,ehrlich,adjective,positive,black,0.8804,noun,0.4951,1,0.34,0.47,34
162,260,20,10,5,part_of_speech_classification,part_of_speech_classification,classification_1,noun_left,XVVX,,,black,spaß,noun,positive,black,0.8804,noun,0.4907,0,0.34,0.47,34
162,261,21,10,5,part_of_speech_classification,part_of_speech_classification,classification_1,noun_left,WJJW,,,black,eitel,adjective,negative,black,0.8804,adjective,0.5017,0,0.34,0.47,34
162,262,22,10,5,part_of_speech_classification,part_of_speech_classification,classification_1,noun_left,ZYYZ,,,black,eitel,adjective,negative,black,0.8805,adjective,0.4129,0,0.34,0.47,34
162,263,23,10,5,part_of_speech_classification,part_of_speech_classification,classification_1,noun_left,WJJW,,,black,eitel,adjective,negative,black,0.8804,adjective,0.3835,0,0.34,0.47,34
162,264,24,10,5,part_of_speech_classification,part_of_speech_classification,classification_1,noun_left,WJJW,,,black,gift,noun,negative,black,0.8804,noun,0.5593,0,0.34,0.47,34
162,265,25,10,5,part_of_speech_classification,part_of_speech_classification,classification_1,noun_left,MQQM,,,black,liebe,noun,positive,black,0.8804,noun,0.4697,0,0.34,0.47,34
162,266,26,10,5,part_of_speech_classification,part_of_speech_classification,classification_1,noun_left,MQQM,,,black,einfall,noun,positive,black,0.8804,noun,0.5054,0,0.34,0.47,34
162,267,27,10,5,part_of_speech_classification,part_of_speech_classification,classification_1,noun_left,XVVX,,,black,schön,adjective,positive,black,0.8804,adjective,0.4151,0,0.34,0.47,34
162,268,28,10,5,part_of_speech_classification,part_of_speech_classification,classification_1,noun_left,XVVX,,,black,spaß,noun,positive,black,0.8804,adjective,0.356,1,0.34,0.47,34
162,269,29,10,5,part_of_speech_classification,part_of_speech_classification,classification_1,noun_left,XVVX,,,black,schön,adjective,positive,black,0.8804,adjective,1.078,0,0.34,0.47,34
162,270,30,10,5,part_of_speech_classification,part_of_speech_classification,classification_1,noun_left,MQQM,,,black,lustig,adjective,positive,black,0.8804,adjective,0.5154,0,0.34,0.47,34
162,271,31,10,5,part_of_speech_classification,part_of_speech_classification,classification_1,noun_left,MQQM,,,black,glück,noun,positive,black,0.8809,adjective,0.4673,1,0.34,0.47,34
162,271,31,10,5,part_of_speech_classification,part_of_speech_classification,classification_1,noun_left,MQQM,,,black,glück,noun,positive,black,0.8809,noun,0.5613,0,0.34,0.47,34
162,272,32,10,5,part_of_speech_classification,part_of_speech_classification,classification_1,noun_left,XVVX,,,black,lustig,adjective,positive,black,0.8804,adjective,0.4927,0,0.34,0.47,34
162,273,33,10,5,part_of_speech_classification,part_of_speech_classification,classification_1,noun_left,MQQM,,,black,einfall,noun,positive,black,0.8804,noun,0.4809,0,0.34,0.47,34
162,274,34,10,5,part_of_speech_classification,part_of_speech_classification,classification_1,noun_left,MQQM,,,black,ehrlich,adjective,positive,black,0.8804,noun,0.3796,1,0.34,0.47,34
162,275,35,10,5,part_of_speech_classification,part_of_speech_classification,classification_1,noun_left,MQQM,,,black,schön,adjective,positive,black,0.8804,adjective,0.5494,0,0.34,0.47,34
162,276,36,10,5,part_of_speech_classification,part_of_speech_classification,classification_1,noun_left,WJJW,,,black,schleim,noun,negative,black,0.8809,adjective,0.423,1,0.34,0.47,34
162,277,37,10,5,part_of_speech_classification,part_of_speech_classification,classification_1,noun_left,ZYYZ,,,black,entführung,noun,negative,black,0.8804,noun,0.4655,0,0.34,0.47,34
162,278,38,10,5,part_of_speech_classification,part_of_speech_classification,classification_1,noun_left,ZYYZ,,,black,schlecht,adjective,negative,black,0.8805,adjective,0.5277,0,0.34,0.47,34
162,279,39,10,5,part_of_speech_classification,part_of_speech_classification,classification_1,noun_left,ZYYZ,,,black,gift,noun,negative,black,0.8804,noun,0.4229,0,0.34,0.47,34
162,280,40,10,5,part_of_speech_classification,part_of_speech_classification,classification_1,noun_left,XVVX,,,black,ehrlich,adjective,positive,black,0.8804,noun,0.3851,1,0.34,0.47,34
162,281,41,10,5,part_of_speech_classification,part_of_speech_classification,classification_1,noun_left,WJJW,,,black,schleim,noun,negative,black,0.8805,noun,0.5196,0,0.34,0.47,34
162,282,42,10,5,part_of_speech_classification,part_of_speech_classification,classification_1,noun_left,ZYYZ,,,black,entführung,noun,negative,black,0.8804,noun,0.4947,0,0.34,0.47,34
162,283,43,10,5,part_of_speech_classification,part_of_speech_classification,classification_1,noun_left,ZYYZ,,,black,gierig,adjective,negative,black,0.8804,adjective,0.5505,0,0.34,0.47,34
162,284,44,10,5,part_of_speech_classification,part_of_speech_classification,classification_1,noun_left,WJJW,,,black,launisch,adjective,negative,black,0.8804,adjective,0.6292,0,0.34,0.47,34
162,285,45,10,5,part_of_speech_classification,part_of_speech_classification,classification_1,noun_left,ZYYZ,,,black,launisch,adjective,negative,black,0.8804,adjective,0.3829,0,0.34,0.47,34
162,286,46,10,5,part_of_speech_classification,part_of_speech_classification,classification_1,noun_left,ZYYZ,,,black,entführung,noun,negative,black,0.8805,noun,0.4353,0,0.34,0.47,34
162,287,47,10,5,part_of_speech_classification,part_of_speech_classification,classification_1,noun_left,WJJW,,,black,leiche,noun,negative,black,0.8804,noun,0.5342,0,0.34,0.47,34
162,288,48,10,5,part_of_speech_classification,part_of_speech_classification,classification_1,noun_left,WJJW,,,black,gift,noun,negative,black,0.8804,noun,0.4964,0,0.34,0.47,34
162,289,1,11,1,part_of_speech_classification,valence_classification,classification_2,negative_left,MQQM,,,black,spaß,noun,positive,black,0.881,negative,0.5911,1,0.34,0.47,34
162,290,2,11,1,part_of_speech_classification,valence_classification,classification_2,negative_left,XVVX,,,black,schlecht,adjective,negative,black,0.8805,positive,0.5539,1,0.34,0.47,34
162,291,3,11,1,part_of_speech_classification,valence_classification,classification_2,negative_left,MQQM,,,black,leiche,noun,negative,black,0.8804,negative,0.9296,0,0.34,0.47,34
162,292,4,11,1,part_of_speech_classification,valence_classification,classification_2,negative_left,XVVX,,,black,ehrlich,adjective,positive,black,0.8804,positive,0.796,0,0.34,0.47,34
162,293,5,11,1,part_of_speech_classification,valence_classification,classification_2,negative_left,ZYYZ,,,black,gift,noun,negative,black,0.8804,negative,0.5536,0,0.34,0.47,34
162,294,6,11,1,part_of_speech_classification,valence_classification,classification_2,negative_left,WJJW,,,black,schön,adjective,positive,black,0.8805,positive,0.4933,0,0.34,0.47,34
162,295,7,11,1,part_of_speech_classification,valence_classification,classification_2,negative_left,WJJW,,,black,gierig,adjective,negative,black,0.8805,positive,0.7178,1,0.34,0.47,34
162,296,8,11,1,part_of_speech_classification,valence_classification,classification_2,negative_left,XVVX,,,black,lustig,adjective,positive,black,0.8804,positive,0.5031,0,0.34,0.47,34
162,297,9,11,1,part_of_speech_classification,valence_classification,classification_2,negative_left,ZYYZ,,,black,einfall,noun,positive,black,0.8804,negative,0.7199,1,0.34,0.47,34
162,298,10,11,1,part_of_speech_classification,valence_classification,classification_2,negative_left,WJJW,,,black,eitel,adjective,negative,black,0.8809,positive,1.6231,1,0.34,0.47,34
162,299,11,11,1,part_of_speech_classification,valence_classification,classification_2,negative_left,XVVX,,,black,launisch,adjective,negative,black,0.8804,negative,1.4145,0,0.34,0.47,34
162,300,12,11,1,part_of_speech_classification,valence_classification,classification_2,negative_left,MQQM,,,black,glück,noun,positive,black,0.8804,positive,0.7753,0,0.34,0.47,34
162,301,13,11,1,part_of_speech_classification,valence_classification,classification_2,negative_left,ZYYZ,,,black,entführung,noun,negative,black,0.8804,negative,2.4319,0,0.34,0.47,34
162,302,14,11,1,part_of_speech_classification,valence_classification,classification_2,negative_left,WJJW,,,black,ehrlich,adjective,positive,black,0.8804,positive,0.69,0,0.34,0.47,34
162,303,15,11,1,part_of_speech_classification,valence_classification,classification_2,negative_left,XVVX,,,black,gierig,adjective,negative,black,0.8805,positive,1.6936,1,0.34,0.47,34
162,304,16,11,1,part_of_speech_classification,valence_classification,classification_2,negative_left,MQQM,,,black,schleim,noun,negative,black,0.8804,negative,1.2191,0,0.34,0.47,34
162,305,17,11,1,part_of_speech_classification,valence_classification,classification_2,negative_left,MQQM,,,black,entführung,noun,negative,black,0.8804,negative,0.589,0,0.34,0.47,34
162,306,18,11,1,part_of_speech_classification,valence_classification,classification_2,negative_left,XVVX,,,black,gütig,adjective,positive,black,0.8804,positive,1.0377,0,0.34,0.47,34
162,307,19,11,1,part_of_speech_classification,valence_classification,classification_2,negative_left,WJJW,,,black,eitel,adjective,negative,black,0.8804,negative,0.8227,0,0.34,0.47,34
162,308,20,11,1,part_of_speech_classification,valence_classification,classification_2,negative_left,WJJW,,,black,gütig,adjective,positive,black,0.8805,positive,1.5092,0,0.34,0.47,34
162,309,21,11,1,part_of_speech_classification,valence_classification,classification_2,negative_left,ZYYZ,,,black,liebe,noun,positive,black,0.8804,positive,0.7704,0,0.34,0.47,34
162,310,22,11,1,part_of_speech_classification,valence_classification,classification_2,negative_left,ZYYZ,,,black,einfall,noun,positive,black,0.8805,positive,0.8038,0,0.34,0.47,34
162,311,23,11,1,part_of_speech_classification,valence_classification,classification_2,negative_left,MQQM,,,black,glück,noun,positive,black,0.8804,positive,0.786,0,0.34,0.47,34
162,312,24,11,1,part_of_speech_classification,valence_classification,classification_2,negative_left,ZYYZ,,,black,gift,noun,negative,black,0.8805,negative,0.5626,0,0.34,0.47,34
162,313,1,12,2,part_of_speech_classification,valence_classification,classification_2,negative_left,MQQM,,,black,liebe,noun,positive,black,0.881,positive,0.8925,0,0.34,0.47,34
162,314,2,12,2,part_of_speech_classification,valence_classification,classification_2,negative_left,ZYYZ,,,black,leiche,noun,negative,black,0.8805,negative,0.5406,0,0.34,0.47,34
162,315,3,12,2,part_of_speech_classification,valence_classification,classification_2,negative_left,ZYYZ,,,black,entführung,noun,negative,black,0.8805,negative,0.6309,0,0.34,0.47,34
162,316,4,12,2,part_of_speech_classification,valence_classification,classification_2,negative_left,WJJW,,,black,gierig,adjective,negative,black,0.8804,negative,0.8884,0,0.34,0.47,34
162,317,5,12,2,part_of_speech_classification,valence_classification,classification_2,negative_left,MQQM,,,black,gift,noun,negative,black,0.8804,negative,0.7234,0,0.34,0.47,34
162,318,6,12,2,part_of_speech_classification,valence_classification,classification_2,negative_left,WJJW,,,black,schön,adjective,positive,black,0.8804,positive,0.4445,0,0.34,0.47,34
162,319,7,12,2,part_of_speech_classification,valence_classification,classification_2,negative_left,MQQM,,,black,glück,noun,positive,black,0.8804,negative,0.4638,1,0.34,0.47,34
162,320,8,12,2,part_of_speech_classification,valence_classification,classification_2,negative_left,MQQM,,,black,gift,noun,negative,black,0.8804,negative,0.6343,0,0.34,0.47,34
162,321,9,12,2,part_of_speech_classification,valence_classification,classification_2,negative_left,XVVX,,,black,gütig,adjective,positive,black,0.8805,positive,0.5929,0,0.34,0.47,34
162,322,10,12,2,part_of_speech_classification,valence_classification,classification_2,negative_left,WJJW,,,black,gütig,adjective,positive,black,0.8804,positive,0.4082,0,0.34,0.47,34
162,323,11,12,2,part_of_speech_classification,valence_classification,classification_2,negative_left,WJJW,,,black,eitel,adjective,negative,black,0.8804,negative,0.721,0,0.34,0.47,34
162,324,12,12,2,part_of_speech_classification,valence_classification,classification_2,negative_left,WJJW,,,black,schlecht,adjective,negative,black,0.8805,negative,0.4876,0,0.34,0.47,34
162,325,13,12,2,part_of_speech_classification,valence_classification,classification_2,negative_left,MQQM,,,black,spaß,noun,positive,black,0.8804,negative,0.4377,1,0.34,0.47,34
162,326,14,12,2,part_of_speech_classification,valence_classification,classification_2,negative_left,XVVX,,,black,launisch,adjective,negative,black,0.8804,negative,0.8126,0,0.34,0.47,34
162,327,15,12,2,part_of_speech_classification,valence_classification,classification_2,negative_left,XVVX,,,black,ehrlich,adjective,positive,black,0.8805,positive,0.7504,0,0.34,0.47,34
162,328,16,12,2,part_of_speech_classification,valence_classification,classification_2,negative_left,XVVX,,,black,lustig,adjective,positive,black,0.8804,positive,0.4914,0,0.34,0.47,34
162,329,17,12,2,part_of_speech_classification,valence_classification,classification_2,negative_left,ZYYZ,,,black,einfall,noun,positive,black,0.8804,positive,0.5703,0,0.34,0.47,34
162,330,18,12,2,part_of_speech_classification,valence_classification,classification_2,negative_left,ZYYZ,,,black,einfall,noun,positive,black,0.8804,positive,0.4387,0,0.34,0.47,34
162,331,19,12,2,part_of_speech_classification,valence_classification,classification_2,negative_left,ZYYZ,,,black,schleim,noun,negative,black,0.8804,negative,0.6668,0,0.34,0.47,34
162,332,20,12,2,part_of_speech_classification,valence_classification,classification_2,negative_left,XVVX,,,black,eitel,adjective,negative,black,0.8804,negative,0.5087,0,0.34,0.47,34
162,333,21,12,2,part_of_speech_classification,valence_classification,classification_2,negative_left,ZYYZ,,,black,glück,noun,positive,black,0.8804,positive,0.7523,0,0.34,0.47,34
162,334,22,12,2,part_of_speech_classification,valence_classification,classification_2,negative_left,WJJW,,,black,ehrlich,adjective,positive,black,0.8804,positive,0.4774,0,0.34,0.47,34
162,335,23,12,2,part_of_speech_classification,valence_classification,classification_2,negative_left,MQQM,,,black,entführung,noun,negative,black,0.8804,negative,0.5592,0,0.34,0.47,34
162,336,24,12,2,part_of_speech_classification,valence_classification,classification_2,negative_left,XVVX,,,black,gierig,adjective,negative,black,0.8804,negative,0.6485,0,0.34,0.47,34
162,337,1,13,3,part_of_speech_classification,valence_classification,classification_2,negative_left,MQQM,,,black,entführung,noun,negative,black,0.8805,negative,1.1964,0,0.34,0.47,34
162,338,2,13,3,part_of_speech_classification,valence_classification,classification_2,negative_left,MQQM,,,black,liebe,noun,positive,black,0.8804,negative,0.5987,1,0.34,0.47,34
162,338,2,13,3,part_of_speech_classification,valence_classification,classification_2,negative_left,MQQM,,,black,liebe,noun,positive,black,0.8804,positive,0.6761,0,0.34,0.47,34
162,339,3,13,3,part_of_speech_classification,valence_classification,classification_2,negative_left,MQQM,,,black,schleim,noun,negative,black,0.8804,negative,0.5455,0,0.34,0.47,34
162,340,4,13,3,part_of_speech_classification,valence_classification,classification_2,negative_left,WJJW,,,black,gütig,adjective,positive,black,0.8804,positive,0.4529,0,0.34,0.47,34
162,341,5,13,3,part_of_speech_classification,valence_classification,classification_2,negative_left,MQQM,,,black,entführung,noun,negative,black,0.8804,negative,0.527,0,0.34,0.47,34
162,342,6,13,3,part_of_speech_classification,valence_classification,classification_2,negative_left,ZYYZ,,,black,einfall,noun,positive,black,0.8806,positive,0.5615,0,0.34,0.47,34
162,343,7,13,3,part_of_speech_classification,valence_classification,classification_2,negative_left,ZYYZ,,,black,liebe,noun,positive,black,0.8805,negative,0.6051,1,0.34,0.47,34
162,344,8,13,3,part_of_speech_classification,valence_classification,classification_2,negative_left,XVVX,,,black,ehrlich,adjective,positive,black,0.8804,positive,0.8416,0,0.34,0.47,34
162,345,9,13,3,part_of_speech_classification,valence_classification,classification_2,negative_left,ZYYZ,,,black,glück,noun,positive,black,0.8805,positive,0.5005,0,0.34,0.47,34
162,346,10,13,3,part_of_speech_classification,valence_classification,classification_2,negative_left,ZYYZ,,,black,schleim,noun,negative,black,0.8807,negative,0.4985,0,0.34,0.47,34
162,347,11,13,3,part_of_speech_classification,valence_classification,classification_2,negative_left,ZYYZ,,,black,entführung,noun,negative,black,0.8805,negative,0.8462,0,0.34,0.47,34
162,348,12,13,3,part_of_speech_classification,valence_classification,classification_2,negative_left,ZYYZ,,,black,gift,noun,negative,black,0.8805,negative,0.518,0,0.34,0.47,34
162,349,13,13,3,part_of_speech_classification,valence_classification,classification_2,negative_left,ZYYZ,,,black,liebe,noun,positive,black,0.8804,negative,0.4045,1,0.34,0.47,34
162,350,14,13,3,part_of_speech_classification,valence_classification,classification_2,negative_left,XVVX,,,black,gütig,adjective,positive,black,0.8805,positive,0.6886,0,0.34,0.47,34
162,351,15,13,3,part_of_speech_classification,valence_classification,classification_2,negative_left,MQQM,,,black,spaß,noun,positive,black,0.8805,positive,0.7027,0,0.34,0.47,34
162,352,16,13,3,part_of_speech_classification,valence_classification,classification_2,negative_left,WJJW,,,black,launisch,adjective,negative,black,0.8804,positive,0.5672,1,0.34,0.47,34
162,353,17,13,3,part_of_speech_classification,valence_classification,classification_2,negative_left,MQQM,,,black,leiche,noun,negative,black,0.8804,negative,1.0764,0,0.34,0.47,34
162,354,18,13,3,part_of_speech_classification,valence_classification,classification_2,negative_left,MQQM,,,black,leiche,noun,negative,black,0.8804,negative,0.5726,0,0.34,0.47,34
162,355,19,13,3,part_of_speech_classification,valence_classification,classification_2,negative_left,MQQM,,,black,glück,noun,positive,black,0.8804,positive,0.586,0,0.34,0.47,34
162,356,20,13,3,part_of_speech_classification,valence_classification,classification_2,negative_left,XVVX,,,black,gütig,adjective,positive,black,0.8804,positive,0.7461,0,0.34,0.47,34
162,357,21,13,3,part_of_speech_classification,valence_classification,classification_2,negative_left,XVVX,,,black,schlecht,adjective,negative,black,0.8805,positive,0.5573,1,0.34,0.47,34
162,358,22,13,3,part_of_speech_classification,valence_classification,classification_2,negative_left,MQQM,,,black,leiche,noun,negative,black,0.8804,positive,0.8023,1,0.34,0.47,34
162,359,23,13,3,part_of_speech_classification,valence_classification,classification_2,negative_left,ZYYZ,,,black,gift,noun,negative,black,0.8804,negative,0.8165,0,0.34,0.47,34
162,360,24,13,3,part_of_speech_classification,valence_classification,classification_2,negative_left,XVVX,,,black,launisch,adjective,negative,black,0.8805,negative,1.1204,0,0.34,0.47,34
162,361,25,13,3,part_of_speech_classification,valence_classification,classification_2,negative_left,WJJW,,,black,gierig,adjective,negative,black,0.8804,positive,0.688,1,0.34,0.47,34
162,362,26,13,3,part_of_speech_classification,valence_classification,classification_2,negative_left,WJJW,,,black,schön,adjective,positive,black,0.8804,positive,0.6025,0,0.34,0.47,34
162,363,27,13,3,part_of_speech_classification,valence_classification,classification_2,negative_left,MQQM,,,black,spaß,noun,positive,black,0.8805,positive,0.9602,0,0.34,0.47,34
162,364,28,13,3,part_of_speech_classification,valence_classification,classification_2,negative_left,ZYYZ,,,black,gift,noun,negative,black,0.8804,negative,0.5163,0,0.34,0.47,34
162,365,29,13,3,part_of_speech_classification,valence_classification,classification_2,negative_left,WJJW,,,black,eitel,adjective,negative,black,0.8804,negative,0.5526,0,0.34,0.47,34
162,366,30,13,3,part_of_speech_classification,valence_classification,classification_2,negative_left,ZYYZ,,,black,spaß,noun,positive,black,0.8804,positive,0.6773,0,0.34,0.47,34
162,367,31,13,3,part_of_speech_classification,valence_classification,classification_2,negative_left,XVVX,,,black,gierig,adjective,negative,black,0.8805,positive,0.8775,1,0.34,0.47,34
162,368,32,13,3,part_of_speech_classification,valence_classification,classification_2,negative_left,WJJW,,,black,schlecht,adjective,negative,black,0.8805,negative,0.872,0,0.34,0.47,34
162,369,33,13,3,part_of_speech_classification,valence_classification,classification_2,negative_left,XVVX,,,black,lustig,adjective,positive,black,0.8804,positive,0.4994,0,0.34,0.47,34
162,370,34,13,3,part_of_speech_classification,valence_classification,classification_2,negative_left,WJJW,,,black,ehrlich,adjective,positive,black,0.8805,positive,0.4947,0,0.34,0.47,34
162,371,35,13,3,part_of_speech_classification,valence_classification,classification_2,negative_left,WJJW,,,black,lustig,adjective,positive,black,0.8805,positive,0.4972,0,0.34,0.47,34
162,372,36,13,3,part_of_speech_classification,valence_classification,classification_2,negative_left,MQQM,,,black,einfall,noun,positive,black,0.8804,negative,0.5036,1,0.34,0.47,34
162,373,37,13,3,part_of_speech_classification,valence_classification,classification_2,negative_left,XVVX,,,black,schlecht,adjective,negative,black,0.8804,negative,0.6636,0,0.34,0.47,34
162,374,38,13,3,part_of_speech_classification,valence_classification,classification_2,negative_left,MQQM,,,black,glück,noun,positive,black,0.8804,positive,0.6005,0,0.34,0.47,34
162,375,39,13,3,part_of_speech_classification,valence_classification,classification_2,negative_left,XVVX,,,black,gierig,adjective,negative,black,0.8805,positive,0.4868,1,0.34,0.47,34
162,376,40,13,3,part_of_speech_classification,valence_classification,classification_2,negative_left,ZYYZ,,,black,einfall,noun,positive,black,0.8804,negative,0.8307,1,0.34,0.47,34
162,377,41,13,3,part_of_speech_classification,valence_classification,classification_2,negative_left,WJJW,,,black,schön,adjective,positive,black,0.8804,positive,0.5605,0,0.34,0.47,34
162,378,42,13,3,part_of_speech_classification,valence_classification,classification_2,negative_left,WJJW,,,black,ehrlich,adjective,positive,black,0.8805,positive,0.5296,0,0.34,0.47,34
162,379,43,13,3,part_of_speech_classification,valence_classification,classification_2,negative_left,XVVX,,,black,lustig,adjective,positive,black,0.8804,positive,0.5292,0,0.34,0.47,34
162,380,44,13,3,part_of_speech_classification,valence_classification,classification_2,negative_left,WJJW,,,black,launisch,adjective,negative,black,0.8805,negative,0.728,0,0.34,0.47,34
162,381,45,13,3,part_of_speech_classification,valence_classification,classification_2,negative_left,XVVX,,,black,eitel,adjective,negative,black,0.8804,negative,0.9992,0,0.34,0.47,34
162,382,46,13,3,part_of_speech_classification,valence_classification,classification_2,negative_left,WJJW,,,black,eitel,adjective,negative,black,0.8804,negative,0.7158,0,0.34,0.47,34
162,383,47,13,3,part_of_speech_classification,valence_classification,classification_2,negative_left,ZYYZ,,,black,schleim,noun,negative,black,0.8805,negative,0.6059,0,0.34,0.47,34
162,384,48,13,3,part_of_speech_classification,valence_classification,classification_2,negative_left,XVVX,,,black,schön,adjective,positive,black,0.8805,positive,0.7092,0,0.34,0.47,34
162,385,1,14,4,part_of_speech_classification,valence_classification,classification_2,negative_left,ZYYZ,,,black,glück,noun,positive,black,0.8808,positive,0.6653,0,0.34,0.47,34
162,386,2,14,4,part_of_speech_classification,valence_classification,classification_2,negative_left,WJJW,,,black,gütig,adjective,positive,black,0.8804,positive,0.4883,0,0.34,0.47,34
162,387,3,14,4,part_of_speech_classification,valence_classification,classification_2,negative_left,MQQM,,,black,einfall,noun,positive,black,0.8804,positive,0.7446,0,0.34,0.47,34
162,388,4,14,4,part_of_speech_classification,valence_classification,classification_2,negative_left,ZYYZ,,,black,entführung,noun,negative,black,0.8804,negative,0.6548,0,0.34,0.47,34
162,389,5,14,4,part_of_speech_classification,valence_classification,classification_2,negative_left,XVVX,,,black,ehrlich,adjective,positive,black,0.8805,positive,0.4812,0,0.34,0.47,34
162,390,6,14,4,part_of_speech_classification,valence_classification,classification_2,negative_left,MQQM,,,black,spaß,noun,positive,black,0.8805,negative,0.4859,1,0.34,0.47,34
162,391,7,14,4,part_of_speech_classification,valence_classification,classification_2,negative_left,XVVX,,,black,schön,adjective,positive,black,0.8804,positive,0.701,0,0.34,0.47,34
162,392,8,14,4,part_of_speech_classification,valence_classification,classification_2,negative_left,XVVX,,,black,eitel,adjective,negative,black,0.8805,negative,0.6919,0,0.34,0.47,34
162,393,9,14,4,part_of_speech_classification,valence_classification,classification_2,negative_left,MQQM,,,black,leiche,noun,negative,black,0.8804,negative,0.4485,0,0.34,0.47,34
162,394,10,14,4,part_of_speech_classification,valence_classification,classification_2,negative_left,ZYYZ,,,black,leiche,noun,negative,black,0.8805,negative,0.5171,0,0.34,0.47,34
162,395,11,14,4,part_of_speech_classification,valence_classification,classification_2,negative_left,ZYYZ,,,black,schleim,noun,negative,black,0.8804,negative,0.4438,0,0.34,0.47,34
162,396,12,14,4,part_of_speech_classification,valence_classification,classification_2,negative_left,ZYYZ,,,black,spaß,noun,positive,black,0.8804,negative,0.463,1,0.34,0.47,34
162,397,13,14,4,part_of_speech_classification,valence_classification,classification_2,negative_left,XVVX,,,black,schlecht,adjective,negative,black,0.8804,negative,0.9173,0,0.34,0.47,34
162,398,14,14,4,part_of_speech_classification,valence_classification,classification_2,negative_left,MQQM,,,black,gift,noun,negative,black,0.8804,negative,0.5014,0,0.34,0.47,34
162,399,15,14,4,part_of_speech_classification,valence_classification,classification_2,negative_left,WJJW,,,black,launisch,adjective,negative,black,0.8804,positive,0.5572,1,0.34,0.47,34
162,400,16,14,4,part_of_speech_classification,valence_classification,classification_2,negative_left,MQQM,,,black,leiche,noun,negative,black,0.8805,negative,0.5606,0,0.34,0.47,34
162,401,17,14,4,part_of_speech_classification,valence_classification,classification_2,negative_left,ZYYZ,,,black,liebe,noun,positive,black,0.8804,positive,0.5833,0,0.34,0.47,34
162,402,18,14,4,part_of_speech_classification,valence_classification,classification_2,negative_left,MQQM,,,black,einfall,noun,positive,black,0.8805,positive,0.5923,0,0.34,0.47,34
162,403,19,14,4,part_of_speech_classification,valence_classification,classification_2,negative_left,WJJW,,,black,gierig,adjective,negative,black,0.8805,negative,0.8689,0,0.34,0.47,34
162,404,20,14,4,part_of_speech_classification,valence_classification,classification_2,negative_left,XVVX,,,black,ehrlich,adjective,positive,black,0.8804,positive,0.5846,0,0.34,0.47,34
162,405,21,14,4,part_of_speech_classification,valence_classification,classification_2,negative_left,XVVX,,,black,eitel,adjective,negative,black,0.8804,negative,0.5417,0,0.34,0.47,34
162,406,22,14,4,part_of_speech_classification,valence_classification,classification_2,negative_left,ZYYZ,,,black,gift,noun,negative,black,0.8805,negative,0.4777,0,0.34,0.47,34
162,407,23,14,4,part_of_speech_classification,valence_classification,classification_2,negative_left,MQQM,,,black,entführung,noun,negative,black,0.8804,positive,0.477,1,0.34,0.47,34
162,408,24,14,4,part_of_speech_classification,valence_classification,classification_2,negative_left,MQQM,,,black,liebe,noun,positive,black,0.8804,positive,0.6953,0,0.34,0.47,34
162,409,25,14,4,part_of_speech_classification,valence_classification,classification_2,negative_left,XVVX,,,black,lustig,adjective,positive,black,0.8805,positive,0.5249,0,0.34,0.47,34
162,410,26,14,4,part_of_speech_classification,valence_classification,classification_2,negative_left,ZYYZ,,,black,entführung,noun,negative,black,0.8805,negative,0.5432,0,0.34,0.47,34
162,411,27,14,4,part_of_speech_classification,valence_classification,classification_2,negative_left,XVVX,,,black,schlecht,adjective,negative,black,0.8804,negative,0.6421,0,0.34,0.47,34
162,412,28,14,4,part_of_speech_classification,valence_classification,classification_2,negative_left,ZYYZ,,,black,glück,noun,positive,black,0.8804,negative,0.443,1,0.34,0.47,34
162,413,29,14,4,part_of_speech_classification,valence_classification,classification_2,negative_left,MQQM,,,black,einfall,noun,positive,black,0.8805,negative,0.5568,1,0.34,0.47,34
162,414,30,14,4,part_of_speech_classification,valence_classification,classification_2,negative_left,WJJW,,,black,lustig,adjective,positive,black,0.8804,positive,0.6973,0,0.34,0.47,34
162,415,31,14,4,part_of_speech_classification,valence_classification,classification_2,negative_left,XVVX,,,black,eitel,adjective,negative,black,0.8804,negative,0.6959,0,0.34,0.47,34
162,416,32,14,4,part_of_speech_classification,valence_classification,classification_2,negative_left,ZYYZ,,,black,schleim,noun,negative,black,0.8804,negative,1.0003,0,0.34,0.47,34
162,417,33,14,4,part_of_speech_classification,valence_classification,classification_2,negative_left,MQQM,,,black,liebe,noun,positive,black,0.8805,positive,0.555,0,0.34,0.47,34
162,418,34,14,4,part_of_speech_classification,valence_classification,classification_2,negative_left,XVVX,,,black,gütig,adjective,positive,black,0.8804,positive,0.5564,0,0.34,0.47,34
162,419,35,14,4,part_of_speech_classification,valence_classification,classification_2,negative_left,WJJW,,,black,schön,adjective,positive,black,0.8804,positive,0.539,0,0.34,0.47,34
162,420,36,14,4,part_of_speech_classification,valence_classification,classification_2,negative_left,WJJW,,,black,gierig,adjective,negative,black,0.8805,negative,0.6729,0,0.34,0.47,34
162,421,37,14,4,part_of_speech_classification,valence_classification,classification_2,negative_left,WJJW,,,black,schön,adjective,positive,black,0.8804,positive,0.6365,0,0.34,0.47,34
162,422,38,14,4,part_of_speech_classification,valence_classification,classification_2,negative_left,WJJW,,,black,gierig,adjective,negative,black,0.8805,negative,0.7813,0,0.34,0.47,34
162,423,39,14,4,part_of_speech_classification,valence_classification,classification_2,negative_left,WJJW,,,black,gütig,adjective,positive,black,0.8804,positive,0.4963,0,0.34,0.47,34
162,424,40,14,4,part_of_speech_classification,valence_classification,classification_2,negative_left,WJJW,,,black,launisch,adjective,negative,black,0.8806,negative,0.6686,0,0.34,0.47,34
162,425,41,14,4,part_of_speech_classification,valence_classification,classification_2,negative_left,WJJW,,,black,launisch,adjective,negative,black,0.8805,negative,0.5971,0,0.34,0.47,34
162,426,42,14,4,part_of_speech_classification,valence_classification,classification_2,negative_left,WJJW,,,black,lustig,adjective,positive,black,0.8805,positive,0.7182,0,0.34,0.47,34
162,427,43,14,4,part_of_speech_classification,valence_classification,classification_2,negative_left,MQQM,,,black,schleim,noun,negative,black,0.8805,negative,0.5791,0,0.34,0.47,34
162,428,44,14,4,part_of_speech_classification,valence_classification,classification_2,negative_left,XVVX,,,black,ehrlich,adjective,positive,black,0.8805,positive,0.4945,0,0.34,0.47,34
162,429,45,14,4,part_of_speech_classification,valence_classification,classification_2,negative_left,ZYYZ,,,black,glück,noun,positive,black,0.8804,negative,0.4892,1,0.34,0.47,34
162,430,46,14,4,part_of_speech_classification,valence_classification,classification_2,negative_left,ZYYZ,,,black,spaß,noun,positive,black,0.8804,positive,0.449,0,0.34,0.47,34
162,431,47,14,4,part_of_speech_classification,valence_classification,classification_2,negative_left,XVVX,,,black,schlecht,adjective,negative,black,0.8804,negative,0.5594,0,0.34,0.47,34
162,432,48,14,4,part_of_speech_classification,valence_classification,classification_2,negative_left,MQQM,,,black,gift,noun,negative,black,0.8805,negative,0.4948,0,0.34,0.47,34
162,433,1,15,5,part_of_speech_classification,valence_classification,classification_2,negative_left,MQQM,,,black,glück,noun,positive,black,0.881,positive,0.6683,0,0.34,0.47,34
162,434,2,15,5,part_of_speech_classification,valence_classification,classification_2,negative_left,MQQM,,,black,entführung,noun,negative,black,0.8804,negative,0.5102,0,0.34,0.47,34
162,435,3,15,5,part_of_speech_classification,valence_classification,classification_2,negative_left,WJJW,,,black,schön,adjective,positive,black,0.8804,positive,0.419,0,0.34,0.47,34
162,436,4,15,5,part_of_speech_classification,valence_classification,classification_2,negative_left,WJJW,,,black,launisch,adjective,negative,black,0.8806,negative,0.463,0,0.34,0.47,34
162,437,5,15,5,part_of_speech_classification,valence_classification,classification_2,negative_left,ZYYZ,,,black,leiche,noun,negative,black,0.8804,negative,0.4879,0,0.34,0.47,34
162,438,6,15,5,part_of_speech_classification,valence_classification,classification_2,negative_left,WJJW,,,black,gütig,adjective,positive,black,0.8805,positive,0.4733,0,0.34,0.47,34
162,439,7,15,5,part_of_speech_classification,valence_classification,classification_2,negative_left,WJJW,,,black,schlecht,adjective,negative,black,0.8805,negative,0.4924,0,0.34,0.47,34
162,440,8,15,5,part_of_speech_classification,valence_classification,classification_2,negative_left,XVVX,,,black,lustig,adjective,positive,black,0.8805,positive,0.4855,0,0.34,0.47,34
162,441,9,15,5,part_of_speech_classification,valence_classification,classification_2,negative_left,ZYYZ,,,black,schleim,noun,negative,black,0.8805,negative,0.4798,0,0.34,0.47,34
162,442,10,15,5,part_of_speech_classification,valence_classification,classification_2,negative_left,MQQM,,,black,gift,noun,negative,black,0.8804,negative,0.4872,0,0.34,0.47,34
162,443,11,15,5,part_of_speech_classification,valence_classification,classification_2,negative_left,ZYYZ,,,black,spaß,noun,positive,black,0.8804,negative,0.3829,1,0.34,0.47,34
162,444,12,15,5,part_of_speech_classification,valence_classification,classification_2,negative_left,ZYYZ,,,black,gift,noun,negative,black,0.8804,negative,0.3742,0,0.34,0.47,34
162,445,13,15,5,part_of_speech_classification,valence_classification,classification_2,negative_left,ZYYZ,,,black,entführung,noun,negative,black,0.8805,negative,0.4879,0,0.34,0.47,34
162,446,14,15,5,part_of_speech_classification,valence_classification,classification_2,negative_left,MQQM,,,black,liebe,noun,positive,black,0.8805,positive,0.3868,0,0.34,0.47,34
162,447,15,15,5,part_of_speech_classification,valence_classification,classification_2,negative_left,XVVX,,,black,schön,adjective,positive,black,0.8804,positive,0.433,0,0.34,0.47,34
162,448,16,15,5,part_of_speech_classification,valence_classification,classification_2,negative_left,WJJW,,,black,schön,adjective,positive,black,0.8804,positive,0.3328,0,0.34,0.47,34
162,449,17,15,5,part_of_speech_classification,valence_classification,classification_2,negative_left,WJJW,,,black,eitel,adjective,negative,black,0.8808,negative,0.4282,0,0.34,0.47,34
162,450,18,15,5,part_of_speech_classification,valence_classification,classification_2,negative_left,MQQM,,,black,entführung,noun,negative,black,0.8804,negative,0.4787,0,0.34,0.47,34
162,451,19,15,5,part_of_speech_classification,valence_classification,classification_2,negative_left,XVVX,,,black,schlecht,adjective,negative,black,0.8804,negative,0.369,0,0.34,0.47,34
162,452,20,15,5,part_of_speech_classification,valence_classification,classification_2,negative_left,MQQM,,,black,leiche,noun,negative,black,0.8804,negative,0.4475,0,0.34,0.47,34
162,453,21,15,5,part_of_speech_classification,valence_classification,classification_2,negative_left,MQQM,,,black,spaß,noun,positive,black,0.8804,negative,0.4151,1,0.34,0.47,34
162,454,22,15,5,part_of_speech_classification,valence_classification,classification_2,negative_left,XVVX,,,black,eitel,adjective,negative,black,0.8804,negative,0.6288,0,0.34,0.47,34
162,455,23,15,5,part_of_speech_classification,valence_classification,classification_2,negative_left,WJJW,,,black,ehrlich,adjective,positive,black,0.8804,positive,0.5712,0,0.34,0.47,34
162,456,24,15,5,part_of_speech_classification,valence_classification,classification_2,negative_left,ZYYZ,,,black,liebe,noun,positive,black,0.8804,positive,0.3557,0,0.34,0.47,34
162,457,25,15,5,part_of_speech_classification,valence_classification,classification_2,negative_left,ZYYZ,,,black,gift,noun,negative,black,0.8804,negative,0.5345,0,0.34,0.47,34
162,458,26,15,5,part_of_speech_classification,valence_classification,classification_2,negative_left,MQQM,,,black,schleim,noun,negative,black,0.8804,negative,0.3553,0,0.34,0.47,34
162,459,27,15,5,part_of_speech_classification,valence_classification,classification_2,negative_left,MQQM,,,black,leiche,noun,negative,black,0.8805,negative,0.3472,0,0.34,0.47,34
162,460,28,15,5,part_of_speech_classification,valence_classification,classification_2,negative_left,XVVX,,,black,schlecht,adjective,negative,black,0.8805,negative,0.4252,0,0.34,0.47,34
162,461,29,15,5,part_of_speech_classification,valence_classification,classification_2,negative_left,XVVX,,,black,gütig,adjective,positive,black,0.8809,negative,0.3963,1,0.34,0.47,34
162,462,30,15,5,part_of_speech_classification,valence_classification,classification_2,negative_left,XVVX,,,black,gütig,adjective,positive,black,0.8804,positive,0.5077,0,0.34,0.47,34
162,463,31,15,5,part_of_speech_classification,valence_classification,classification_2,negative_left,XVVX,,,black,ehrlich,adjective,positive,black,0.8804,positive,0.4461,0,0.34,0.47,34
162,464,32,15,5,part_of_speech_classification,valence_classification,classification_2,negative_left,WJJW,,,black,gierig,adjective,negative,black,0.8805,positive,0.3401,1,0.34,0.47,34
162,465,33,15,5,part_of_speech_classification,valence_classification,classification_2,negative_left,MQQM,,,black,liebe,noun,positive,black,0.8804,positive,0.4551,0,0.34,0.47,34
162,466,34,15,5,part_of_speech_classification,valence_classification,classification_2,negative_left,XVVX,,,black,eitel,adjective,negative,black,0.8804,negative,0.5535,0,0.34,0.47,34
162,467,35,15,5,part_of_speech_classification,valence_classification,classification_2,negative_left,WJJW,,,black,launisch,adjective,negative,black,0.8804,negative,0.6882,0,0.34,0.47,34
162,468,36,15,5,part_of_speech_classification,valence_classification,classification_2,negative_left,ZYYZ,,,black,schleim,noun,negative,black,0.8804,negative,0.4812,0,0.34,0.47,34
162,469,37,15,5,part_of_speech_classification,valence_classification,classification_2,negative_left,MQQM,,,black,glück,noun,positive,black,0.8804,positive,0.5234,0,0.34,0.47,34
162,470,38,15,5,part_of_speech_classification,valence_classification,classification_2,negative_left,WJJW,,,black,ehrlich,adjective,positive,black,0.8806,positive,0.4551,0,0.34,0.47,34
162,471,39,15,5,part_of_speech_classification,valence_classification,classification_2,negative_left,WJJW,,,black,lustig,adjective,positive,black,0.8804,positive,0.3559,0,0.34,0.47,34
162,472,40,15,5,part_of_speech_classification,valence_classification,classification_2,negative_left,ZYYZ,,,black,spaß,noun,positive,black,0.8804,positive,0.3929,0,0.34,0.47,34
162,473,41,15,5,part_of_speech_classification,valence_classification,classification_2,negative_left,WJJW,,,black,gierig,adjective,negative,black,0.8804,negative,0.5021,0,0.34,0.47,34
162,474,42,15,5,part_of_speech_classification,valence_classification,classification_2,negative_left,ZYYZ,,,black,einfall,noun,positive,black,0.8804,negative,0.5077,1,0.34,0.47,34
162,475,43,15,5,part_of_speech_classification,valence_classification,classification_2,negative_left,ZYYZ,,,black,glück,noun,positive,black,0.8804,negative,0.4841,1,0.34,0.47,34
162,476,44,15,5,part_of_speech_classification,valence_classification,classification_2,negative_left,XVVX,,,black,gierig,adjective,negative,black,0.8809,negative,0.6891,0,0.34,0.47,34
162,477,45,15,5,part_of_speech_classification,valence_classification,classification_2,negative_left,XVVX,,,black,lustig,adjective,positive,black,0.8805,positive,0.3877,0,0.34,0.47,34
162,478,46,15,5,part_of_speech_classification,valence_classification,classification_2,negative_left,XVVX,,,black,launisch,adjective,negative,black,0.8804,positive,0.4596,1,0.34,0.47,34
162,479,47,15,5,part_of_speech_classification,valence_classification,classification_2,negative_left,MQQM,,,black,einfall,noun,positive,black,0.8804,positive,0.5126,0,0.34,0.47,34
162,480,48,15,5,part_of_speech_classification,valence_classification,classification_2,negative_left,ZYYZ,,,black,einfall,noun,positive,black,0.8804,positive,0.5158,0,0.34,0.47,34
162,485,1,17,1,part_of_speech_classification,prime_discrimination,prime_discrimination,none,WJJW,,,black,ehrlich,adjective,positive,black,0.9305,,,,0.34,0.47,34
162,485,1,17,1,part_of_speech_classification,prime_discrimination,prime_discrimination,none,WJJW,,,black,ehrlich,adjective,positive,black,,stim2,7216.750600025989,,,,34
162,486,2,17,1,part_of_speech_classification,prime_discrimination,prime_discrimination,none,ZYYZ,,,black,liebe,noun,positive,black,0.9331,,,,0.34,0.47,34
162,486,2,17,1,part_of_speech_classification,prime_discrimination,prime_discrimination,none,ZYYZ,,,black,liebe,noun,positive,black,,stim3,2075.278799980879,,,,34
162,487,3,17,1,part_of_speech_classification,prime_discrimination,prime_discrimination,none,ZYYZ,,,black,eitel,adjective,negative,black,0.9306,,,,0.34,0.47,34
162,487,3,17,1,part_of_speech_classification,prime_discrimination,prime_discrimination,none,ZYYZ,,,black,eitel,adjective,negative,black,,stim2;MQQM,2401.6950000077486,,,,34
162,488,4,17,1,part_of_speech_classification,prime_discrimination,prime_discrimination,none,MQQM,,,black,lustig,adjective,positive,black,0.9305,,,,0.34,0.47,34
162,488,4,17,1,part_of_speech_classification,prime_discrimination,prime_discrimination,none,MQQM,,,black,lustig,adjective,positive,black,,stim0;WJJW,939.8831001017243,,,,34
162,489,5,17,1,part_of_speech_classification,prime_discrimination,prime_discrimination,none,XVVX,,,black,einfall,noun,positive,black,0.9305,,,,0.34,0.47,34
162,489,5,17,1,part_of_speech_classification,prime_discrimination,prime_discrimination,none,XVVX,,,black,einfall,noun,positive,black,,stim3;XVVX,922.5310999900103,,,,34
162,490,6,17,1,part_of_speech_classification,prime_discrimination,prime_discrimination,none,ZYYZ,,,black,schön,adjective,positive,black,0.9305,,,,0.34,0.47,34
162,490,6,17,1,part_of_speech_classification,prime_discrimination,prime_discrimination,none,ZYYZ,,,black,schön,adjective,positive,black,,stim0;WJJW,1803.3180000493303,,,,34
162,491,7,17,1,part_of_speech_classification,prime_discrimination,prime_discrimination,none,XVVX,,,black,spaß,noun,positive,black,0.9305,,,,0.34,0.47,34
162,491,7,17,1,part_of_speech_classification,prime_discrimination,prime_discrimination,none,XVVX,,,black,spaß,noun,positive,black,,stim2,1987.253199913539,,,,34
162,492,8,17,1,part_of_speech_classification,prime_discrimination,prime_discrimination,none,XVVX,,,black,launisch,adjective,negative,black,0.9305,,,,0.34,0.47,34
162,492,8,17,1,part_of_speech_classification,prime_discrimination,prime_discrimination,none,XVVX,,,black,launisch,adjective,negative,black,,stim3,3281.61139995791,,,,34
162,493,9,17,1,part_of_speech_classification,prime_discrimination,prime_discrimination,none,WJJW,,,black,gütig,adjective,positive,black,0.9305,,,,0.34,0.47,34
162,493,9,17,1,part_of_speech_classification,prime_discrimination,prime_discrimination,none,WJJW,,,black,gütig,adjective,positive,black,,stim1,1400.7317000068724,,,,34
162,494,10,17,1,part_of_speech_classification,prime_discrimination,prime_discrimination,none,MQQM,,,black,glück,noun,positive,black,0.9305,,,,0.34,0.47,34
162,494,10,17,1,part_of_speech_classification,prime_discrimination,prime_discrimination,none,MQQM,,,black,glück,noun,positive,black,,stim2;MQQM,1682.19089997001,,,,34
162,495,11,17,1,part_of_speech_classification,prime_discrimination,prime_discrimination,none,WJJW,,,black,schlecht,adjective,negative,black,0.9305,,,,0.34,0.47,34
162,495,11,17,1,part_of_speech_classification,prime_discrimination,prime_discrimination,none,WJJW,,,black,schlecht,adjective,negative,black,,stim1,1955.506700091064,,,,34
162,496,12,17,1,part_of_speech_classification,prime_discrimination,prime_discrimination,none,MQQM,,,black,gierig,adjective,negative,black,0.9309,,,,0.34,0.47,34
162,496,12,17,1,part_of_speech_classification,prime_discrimination,prime_discrimination,none,MQQM,,,black,gierig,adjective,negative,black,,stim0;WJJW,1748.9255000837147,,,,34
162,497,1,18,2,part_of_speech_classification,prime_discrimination,prime_discrimination,none,XVVX,,,black,einfall,noun,positive,black,0.8808,,,,0.34,0.47,34
162,497,1,18,2,part_of_speech_classification,prime_discrimination,prime_discrimination,none,XVVX,,,black,einfall,noun,positive,black,,stim2,1624.5127000147477,,,,34
162,498,2,18,2,part_of_speech_classification,prime_discrimination,prime_discrimination,none,MQQM,,,black,glück,noun,positive,black,0.8805,,,,0.34,0.47,34
162,498,2,18,2,part_of_speech_classification,prime_discrimination,prime_discrimination,none,MQQM,,,black,glück,noun,positive,black,,stim1,5626.210800022818,,,,34
162,499,3,18,2,part_of_speech_classification,prime_discrimination,prime_discrimination,none,MQQM,,,black,schlecht,adjective,negative,black,0.8805,,,,0.34,0.47,34
162,499,3,18,2,part_of_speech_classification,prime_discrimination,prime_discrimination,none,MQQM,,,black,schlecht,adjective,negative,black,,stim0;WJJW,1578.390600043349,,,,34
162,500,4,18,2,part_of_speech_classification,prime_discrimination,prime_discrimination,none,WJJW,,,black,gift,noun,negative,black,0.8805,,,,0.34,0.47,34
162,500,4,18,2,part_of_speech_classification,prime_discrimination,prime_discrimination,none,WJJW,,,black,gift,noun,negative,black,,stim3,1788.7513000750914,,,,34
162,501,5,18,2,part_of_speech_classification,prime_discrimination,prime_discrimination,none,ZYYZ,,,black,entführung,noun,negative,black,0.8804,,,,0.34,0.47,34
162,501,5,18,2,part_of_speech_classification,prime_discrimination,prime_discrimination,none,ZYYZ,,,black,entführung,noun,negative,black,,stim2;MQQM,1535.9680999536067,,,,34
162,502,6,18,2,part_of_speech_classification,prime_discrimination,prime_discrimination,none,ZYYZ,,,black,lustig,adjective,positive,black,0.9105,,,,0.34,0.47,34
162,502,6,18,2,part_of_speech_classification,prime_discrimination,prime_discrimination,none,ZYYZ,,,black,lustig,adjective,positive,black,,stim0,1749.987700022757,,,,34
162,503,7,18,2,part_of_speech_classification,prime_discrimination,prime_discrimination,none,XVVX,,,black,gütig,adjective,positive,black,0.8804,,,,0.34,0.47,34
162,503,7,18,2,part_of_speech_classification,prime_discrimination,prime_discrimination,none,XVVX,,,black,gütig,adjective,positive,black,,stim1,1108.0335000297055,,,,34
162,504,8,18,2,part_of_speech_classification,prime_discrimination,prime_discrimination,none,WJJW,,,black,gütig,adjective,positive,black,0.8804,,,,0.34,0.47,34
162,504,8,18,2,part_of_speech_classification,prime_discrimination,prime_discrimination,none,WJJW,,,black,gütig,adjective,positive,black,,stim0,1674.3841000134125,,,,34
162,505,9,18,2,part_of_speech_classification,prime_discrimination,prime_discrimination,none,ZYYZ,,,black,ehrlich,adjective,positive,black,0.8806,,,,0.34,0.47,34
162,505,9,18,2,part_of_speech_classification,prime_discrimination,prime_discrimination,none,ZYYZ,,,black,ehrlich,adjective,positive,black,,stim3;XVVX,1416.7272000340745,,,,34
162,506,10,18,2,part_of_speech_classification,prime_discrimination,prime_discrimination,none,MQQM,,,black,schleim,noun,negative,black,0.8804,,,,0.34,0.47,34
162,506,10,18,2,part_of_speech_classification,prime_discrimination,prime_discrimination,none,MQQM,,,black,schleim,noun,negative,black,,stim3;XVVX,1236.6491000866517,,,,34
162,507,11,18,2,part_of_speech_classification,prime_discrimination,prime_discrimination,none,XVVX,,,black,lustig,adjective,positive,black,0.8804,,,,0.34,0.47,34
162,507,11,18,2,part_of_speech_classification,prime_discrimination,prime_discrimination,none,XVVX,,,black,lustig,adjective,positive,black,,stim2;MQQM,1153.2776999520138,,,,34
162,508,12,18,2,part_of_speech_classification,prime_discrimination,prime_discrimination,none,XVVX,,,black,leiche,noun,negative,black,0.8805,,,,0.34,0.47,34
162,508,12,18,2,part_of_speech_classification,prime_discrimination,prime_discrimination,none,XVVX,,,black,leiche,noun,negative,black,,stim2,1921.457099961117,,,,34
162,509,13,18,2,part_of_speech_classification,prime_discrimination,prime_discrimination,none,XVVX,,,black,gierig,adjective,negative,black,0.8808,,,,0.34,0.47,34
162,509,13,18,2,part_of_speech_classification,prime_discrimination,prime_discrimination,none,XVVX,,,black,gierig,adjective,negative,black,,stim0,1356.756899971515,,,,34
162,510,14,18,2,part_of_speech_classification,prime_discrimination,prime_discrimination,none,XVVX,,,black,schön,adjective,positive,black,0.8804,,,,0.34,0.47,34
162,510,14,18,2,part_of_speech_classification,prime_discrimination,prime_discrimination,none,XVVX,,,black,schön,adjective,positive,black,,stim3;XVVX,1086.907499935478,,,,34
162,511,15,18,2,part_of_speech_classification,prime_discrimination,prime_discrimination,none,WJJW,,,black,launisch,adjective,negative,black,0.8804,,,,0.34,0.47,34
162,511,15,18,2,part_of_speech_classification,prime_discrimination,prime_discrimination,none,WJJW,,,black,launisch,adjective,negative,black,,stim1,1538.1950000301003,,,,34
162,512,16,18,2,part_of_speech_classification,prime_discrimination,prime_discrimination,none,MQQM,,,black,schön,adjective,positive,black,0.8805,,,,0.34,0.47,34
162,512,16,18,2,part_of_speech_classification,prime_discrimination,prime_discrimination,none,MQQM,,,black,schön,adjective,positive,black,,stim2;MQQM,802.6754000457004,,,,34
162,513,17,18,2,part_of_speech_classification,prime_discrimination,prime_discrimination,none,XVVX,,,black,spaß,noun,positive,black,0.8804,,,,0.34,0.47,34
162,513,17,18,2,part_of_speech_classification,prime_discrimination,prime_discrimination,none,XVVX,,,black,spaß,noun,positive,black,,stim0,1614.2335999757051,,,,34
162,514,18,18,2,part_of_speech_classification,prime_discrimination,prime_discrimination,none,XVVX,,,black,launisch,adjective,negative,black,0.8809,,,,0.34,0.47,34
162,514,18,18,2,part_of_speech_classification,prime_discrimination,prime_discrimination,none,XVVX,,,black,launisch,adjective,negative,black,,stim2;MQQM,3009.4779999926686,,,,34
162,515,19,18,2,part_of_speech_classification,prime_discrimination,prime_discrimination,none,ZYYZ,,,black,schlecht,adjective,negative,black,0.8804,,,,0.34,0.47,34
162,515,19,18,2,part_of_speech_classification,prime_discrimination,prime_discrimination,none,ZYYZ,,,black,schlecht,adjective,negative,black,,stim3;XVVX,1671.5744999237359,,,,34
162,516,20,18,2,part_of_speech_classification,prime_discrimination,prime_discrimination,none,XVVX,,,black,gütig,adjective,positive,black,0.8805,,,,0.34,0.47,34
162,516,20,18,2,part_of_speech_classification,prime_discrimination,prime_discrimination,none,XVVX,,,black,gütig,adjective,positive,black,,stim1;ZYYZ,765.2271999977529,,,,34
162,517,21,18,2,part_of_speech_classification,prime_discrimination,prime_discrimination,none,WJJW,,,black,leiche,noun,negative,black,0.8804,,,,0.34,0.47,34
162,517,21,18,2,part_of_speech_classification,prime_discrimination,prime_discrimination,none,WJJW,,,black,leiche,noun,negative,black,,stim0,706.850300077349,,,,34
162,518,22,18,2,part_of_speech_classification,prime_discrimination,prime_discrimination,none,ZYYZ,,,black,entführung,noun,negative,black,0.8804,,,,0.34,0.47,34
162,518,22,18,2,part_of_speech_classification,prime_discrimination,prime_discrimination,none,ZYYZ,,,black,entführung,noun,negative,black,,stim1,780.9294000035152,,,,34
162,519,23,18,2,part_of_speech_classification,prime_discrimination,prime_discrimination,none,MQQM,,,black,liebe,noun,positive,black,0.9105,,,,0.34,0.47,34
162,519,23,18,2,part_of_speech_classification,prime_discrimination,prime_discrimination,none,MQQM,,,black,liebe,noun,positive,black,,stim1;ZYYZ,866.8116999324411,,,,34
162,520,24,18,2,part_of_speech_classification,prime_discrimination,prime_discrimination,none,ZYYZ,,,black,schlecht,adjective,negative,black,0.8805,,,,0.34,0.47,34
162,520,24,18,2,part_of_speech_classification,prime_discrimination,prime_discrimination,none,ZYYZ,,,black,schlecht,adjective,negative,black,,stim1,587.3751000035554,,,,34
162,521,25,18,2,part_of_speech_classification,prime_discrimination,prime_discrimination,none,WJJW,,,black,ehrlich,adjective,positive,black,0.8804,,,,0.34,0.47,34
162,521,25,18,2,part_of_speech_classification,prime_discrimination,prime_discrimination,none,WJJW,,,black,ehrlich,adjective,positive,black,,stim1;ZYYZ,1697.7833000710234,,,,34
162,522,26,18,2,part_of_speech_classification,prime_discrimination,prime_discrimination,none,MQQM,,,black,glück,noun,positive,black,0.8804,,,,0.34,0.47,34
162,522,26,18,2,part_of_speech_classification,prime_discrimination,prime_discrimination,none,MQQM,,,black,glück,noun,positive,black,,stim3,1439.1254000365734,,,,34
162,523,27,18,2,part_of_speech_classification,prime_discrimination,prime_discrimination,none,MQQM,,,black,lustig,adjective,positive,black,0.9105,,,,0.34,0.47,34
162,523,27,18,2,part_of_speech_classification,prime_discrimination,prime_discrimination,none,MQQM,,,black,lustig,adjective,positive,black,,stim0,931.3898000400513,,,,34
162,524,28,18,2,part_of_speech_classification,prime_discrimination,prime_discrimination,none,WJJW,,,black,liebe,noun,positive,black,0.8804,,,,0.34,0.47,34
162,524,28,18,2,part_of_speech_classification,prime_discrimination,prime_discrimination,none,WJJW,,,black,liebe,noun,positive,black,,stim2;MQQM,1048.3805000549182,,,,34
162,525,29,18,2,part_of_speech_classification,prime_discrimination,prime_discrimination,none,MQQM,,,black,schleim,noun,negative,black,0.8808,,,,0.34,0.47,34
162,525,29,18,2,part_of_speech_classification,prime_discrimination,prime_discrimination,none,MQQM,,,black,schleim,noun,negative,black,,stim0,1353.1552000204101,,,,34
162,526,30,18,2,part_of_speech_classification,prime_discrimination,prime_discrimination,none,ZYYZ,,,black,gütig,adjective,positive,black,0.8805,,,,0.34,0.47,34
162,526,30,18,2,part_of_speech_classification,prime_discrimination,prime_discrimination,none,ZYYZ,,,black,gütig,adjective,positive,black,,stim1,3158.473400049843,,,,34
162,527,31,18,2,part_of_speech_classification,prime_discrimination,prime_discrimination,none,WJJW,,,black,einfall,noun,positive,black,0.8805,,,,0.34,0.47,34
162,527,31,18,2,part_of_speech_classification,prime_discrimination,prime_discrimination,none,WJJW,,,black,einfall,noun,positive,black,,stim3;XVVX,2573.1334999436513,,,,34
162,528,32,18,2,part_of_speech_classification,prime_discrimination,prime_discrimination,none,XVVX,,,black,eitel,adjective,negative,black,0.8804,,,,0.34,0.47,34
162,528,32,18,2,part_of_speech_classification,prime_discrimination,prime_discrimination,none,XVVX,,,black,eitel,adjective,negative,black,,stim0,2348.614400019869,,,,34
162,529,33,18,2,part_of_speech_classification,prime_discrimination,prime_discrimination,none,ZYYZ,,,black,spaß,noun,positive,black,0.8804,,,,0.34,0.47,34
162,529,33,18,2,part_of_speech_classification,prime_discrimination,prime_discrimination,none,ZYYZ,,,black,spaß,noun,positive,black,,stim3;XVVX,1817.718100035563,,,,34
162,530,34,18,2,part_of_speech_classification,prime_discrimination,prime_discrimination,none,MQQM,,,black,schön,adjective,positive,black,0.886,,,,0.34,0.47,34
162,530,34,18,2,part_of_speech_classification,prime_discrimination,prime_discrimination,none,MQQM,,,black,schön,adjective,positive,black,,stim1,448.74120003078133,,,,34
162,531,35,18,2,part_of_speech_classification,prime_discrimination,prime_discrimination,none,ZYYZ,,,black,lustig,adjective,positive,black,0.8804,,,,0.34,0.47,34
162,531,35,18,2,part_of_speech_classification,prime_discrimination,prime_discrimination,none,ZYYZ,,,black,lustig,adjective,positive,black,,stim0;WJJW,990.1475000660866,,,,34
162,532,36,18,2,part_of_speech_classification,prime_discrimination,prime_discrimination,none,MQQM,,,black,schleim,noun,negative,black,0.8806,,,,0.34,0.47,34
162,532,36,18,2,part_of_speech_classification,prime_discrimination,prime_discrimination,none,MQQM,,,black,schleim,noun,negative,black,,stim1,868.797899922356,,,,34
162,533,37,18,2,part_of_speech_classification,prime_discrimination,prime_discrimination,none,ZYYZ,,,black,spaß,noun,positive,black,0.8804,,,,0.34,0.47,34
162,533,37,18,2,part_of_speech_classification,prime_discrimination,prime_discrimination,none,ZYYZ,,,black,spaß,noun,positive,black,,stim3,1538.6143999639899,,,,34
162,534,38,18,2,part_of_speech_classification,prime_discrimination,prime_discrimination,none,XVVX,,,black,leiche,noun,negative,black,0.8804,,,,0.34,0.47,34
162,534,38,18,2,part_of_speech_classification,prime_discrimination,prime_discrimination,none,XVVX,,,black,leiche,noun,negative,black,,stim0,1038.5672999545932,,,,34
162,535,39,18,2,part_of_speech_classification,prime_discrimination,prime_discrimination,none,WJJW,,,black,glück,noun,positive,black,0.8805,,,,0.34,0.47,34
162,535,39,18,2,part_of_speech_classification,prime_discrimination,prime_discrimination,none,WJJW,,,black,glück,noun,positive,black,,stim3,630.0485999090597,,,,34
162,536,40,18,2,part_of_speech_classification,prime_discrimination,prime_discrimination,none,XVVX,,,black,gierig,adjective,negative,black,0.8805,,,,0.34,0.47,34
162,536,40,18,2,part_of_speech_classification,prime_discrimination,prime_discrimination,none,XVVX,,,black,gierig,adjective,negative,black,,stim3,889.8596999933943,,,,34
162,537,41,18,2,part_of_speech_classification,prime_discrimination,prime_discrimination,none,ZYYZ,,,black,eitel,adjective,negative,black,0.9105,,,,0.34,0.47,34
162,537,41,18,2,part_of_speech_classification,prime_discrimination,prime_discrimination,none,ZYYZ,,,black,eitel,adjective,negative,black,,stim1,913.7005000375211,,,,34
162,538,42,18,2,part_of_speech_classification,prime_discrimination,prime_discrimination,none,MQQM,,,black,eitel,adjective,negative,black,0.8805,,,,0.34,0.47,34
162,538,42,18,2,part_of_speech_classification,prime_discrimination,prime_discrimination,none,MQQM,,,black,eitel,adjective,negative,black,,stim2,612.0968000032008,,,,34
162,539,43,18,2,part_of_speech_classification,prime_discrimination,prime_discrimination,none,WJJW,,,black,gift,noun,negative,black,0.8804,,,,0.34,0.47,34
162,539,43,18,2,part_of_speech_classification,prime_discrimination,prime_discrimination,none,WJJW,,,black,gift,noun,negative,black,,stim0,1235.742799937725,,,,34
162,540,44,18,2,part_of_speech_classification,prime_discrimination,prime_discrimination,none,WJJW,,,black,liebe,noun,positive,black,0.8804,,,,0.34,0.47,34
162,540,44,18,2,part_of_speech_classification,prime_discrimination,prime_discrimination,none,WJJW,,,black,liebe,noun,positive,black,,stim0,749.9335999600589,,,,34
162,541,45,18,2,part_of_speech_classification,prime_discrimination,prime_discrimination,none,MQQM,,,black,ehrlich,adjective,positive,black,0.8805,,,,0.34,0.47,34
162,541,45,18,2,part_of_speech_classification,prime_discrimination,prime_discrimination,none,MQQM,,,black,ehrlich,adjective,positive,black,,stim0,626.6622999683022,,,,34
162,542,46,18,2,part_of_speech_classification,prime_discrimination,prime_discrimination,none,ZYYZ,,,black,einfall,noun,positive,black,0.8804,,,,0.34,0.47,34
162,542,46,18,2,part_of_speech_classification,prime_discrimination,prime_discrimination,none,ZYYZ,,,black,einfall,noun,positive,black,,stim1,561.2952000228688,,,,34
162,543,47,18,2,part_of_speech_classification,prime_discrimination,prime_discrimination,none,WJJW,,,black,gierig,adjective,negative,black,0.8804,,,,0.34,0.47,34
162,543,47,18,2,part_of_speech_classification,prime_discrimination,prime_discrimination,none,WJJW,,,black,gierig,adjective,negative,black,,stim0,865.940099931322,,,,34
162,544,48,18,2,part_of_speech_classification,prime_discrimination,prime_discrimination,none,XVVX,,,black,ehrlich,adjective,positive,black,0.8804,,,,0.34,0.47,34
162,544,48,18,2,part_of_speech_classification,prime_discrimination,prime_discrimination,none,XVVX,,,black,ehrlich,adjective,positive,black,,stim2,1650.697399978526,,,,34
162,545,49,18,2,part_of_speech_classification,prime_discrimination,prime_discrimination,none,WJJW,,,black,entführung,noun,negative,black,0.8804,,,,0.34,0.47,34
162,545,49,18,2,part_of_speech_classification,prime_discrimination,prime_discrimination,none,WJJW,,,black,entführung,noun,negative,black,,stim0;WJJW,1107.7877000207081,,,,34
162,546,50,18,2,part_of_speech_classification,prime_discrimination,prime_discrimination,none,WJJW,,,black,gift,noun,negative,black,0.8805,,,,0.34,0.47,34
162,546,50,18,2,part_of_speech_classification,prime_discrimination,prime_discrimination,none,WJJW,,,black,gift,noun,negative,black,,stim3;XVVX,1428.6550999386236,,,,34
162,547,51,18,2,part_of_speech_classification,prime_discrimination,prime_discrimination,none,MQQM,,,black,launisch,adjective,negative,black,0.8804,,,,0.34,0.47,34
162,547,51,18,2,part_of_speech_classification,prime_discrimination,prime_discrimination,none,MQQM,,,black,launisch,adjective,negative,black,,stim1;ZYYZ,1297.629699925892,,,,34
162,548,52,18,2,part_of_speech_classification,prime_discrimination,prime_discrimination,none,ZYYZ,,,black,schön,adjective,positive,black,0.8804,,,,0.34,0.47,34
162,548,52,18,2,part_of_speech_classification,prime_discrimination,prime_discrimination,none,ZYYZ,,,black,schön,adjective,positive,black,,stim2;MQQM,2917.545000091195,,,,34
162,549,1,19,3,part_of_speech_classification,prime_discrimination,prime_discrimination,none,WJJW,,,black,lustig,adjective,positive,black,0.8805,,,,0.34,0.47,34
162,549,1,19,3,part_of_speech_classification,prime_discrimination,prime_discrimination,none,WJJW,,,black,lustig,adjective,positive,black,,stim3;XVVX,1197.8994000237435,,,,34
162,550,2,19,3,part_of_speech_classification,prime_discrimination,prime_discrimination,none,XVVX,,,black,gütig,adjective,positive,black,0.8804,,,,0.34,0.47,34
162,550,2,19,3,part_of_speech_classification,prime_discrimination,prime_discrimination,none,XVVX,,,black,gütig,adjective,positive,black,,stim2;MQQM,2104.7464999137446,,,,34
162,551,3,19,3,part_of_speech_classification,prime_discrimination,prime_discrimination,none,MQQM,,,black,gift,noun,negative,black,0.8806,,,,0.34,0.47,34
162,551,3,19,3,part_of_speech_classification,prime_discrimination,prime_discrimination,none,MQQM,,,black,gift,noun,negative,black,,stim2;MQQM,730.0146000925452,,,,34
162,552,4,19,3,part_of_speech_classification,prime_discrimination,prime_discrimination,none,MQQM,,,black,gierig,adjective,negative,black,0.8805,,,,0.34,0.47,34
162,552,4,19,3,part_of_speech_classification,prime_discrimination,prime_discrimination,none,MQQM,,,black,gierig,adjective,negative,black,,stim3;XVVX,944.4370999699458,,,,34
162,553,5,19,3,part_of_speech_classification,prime_discrimination,prime_discrimination,none,WJJW,,,black,eitel,adjective,negative,black,0.8804,,,,0.34,0.47,34
162,553,5,19,3,part_of_speech_classification,prime_discrimination,prime_discrimination,none,WJJW,,,black,eitel,adjective,negative,black,,stim3,672.9514999315143,,,,34
162,554,6,19,3,part_of_speech_classification,prime_discrimination,prime_discrimination,none,XVVX,,,black,lustig,adjective,positive,black,0.9105,,,,0.34,0.47,34
162,554,6,19,3,part_of_speech_classification,prime_discrimination,prime_discrimination,none,XVVX,,,black,lustig,adjective,positive,black,,stim0,1457.8402999322861,,,,34
162,555,7,19,3,part_of_speech_classification,prime_discrimination,prime_discrimination,none,ZYYZ,,,black,schön,adjective,positive,black,0.8804,,,,0.34,0.47,34
162,555,7,19,3,part_of_speech_classification,prime_discrimination,prime_discrimination,none,ZYYZ,,,black,schön,adjective,positive,black,,stim3,1425.1587999751791,,,,34
162,556,8,19,3,part_of_speech_classification,prime_discrimination,prime_discrimination,none,MQQM,,,black,schleim,noun,negative,black,0.8807,,,,0.34,0.47,34
162,556,8,19,3,part_of_speech_classification,prime_discrimination,prime_discrimination,none,MQQM,,,black,schleim,noun,negative,black,,stim1,2081.5264000557363,,,,34
162,557,9,19,3,part_of_speech_classification,prime_discrimination,prime_discrimination,none,ZYYZ,,,black,eitel,adjective,negative,black,0.8804,,,,0.34,0.47,34
162,557,9,19,3,part_of_speech_classification,prime_discrimination,prime_discrimination,none,ZYYZ,,,black,eitel,adjective,negative,black,,stim2;MQQM,1119.8142999783158,,,,34
162,558,10,19,3,part_of_speech_classification,prime_discrimination,prime_discrimination,none,WJJW,,,black,liebe,noun,positive,black,0.8804,,,,0.34,0.47,34
162,558,10,19,3,part_of_speech_classification,prime_discrimination,prime_discrimination,none,WJJW,,,black,liebe,noun,positive,black,,stim3;XVVX,1260.7627999968827,,,,34
162,559,11,19,3,part_of_speech_classification,prime_discrimination,prime_discrimination,none,XVVX,,,black,leiche,noun,negative,black,0.8804,,,,0.34,0.47,34
162,559,11,19,3,part_of_speech_classification,prime_discrimination,prime_discrimination,none,XVVX,,,black,leiche,noun,negative,black,,stim3;XVVX,740.4522999422625,,,,34
162,560,12,19,3,part_of_speech_classification,prime_discrimination,prime_discrimination,none,XVVX,,,black,gierig,adjective,negative,black,0.8804,,,,0.34,0.47,34
162,560,12,19,3,part_of_speech_classification,prime_discrimination,prime_discrimination,none,XVVX,,,black,gierig,adjective,negative,black,,stim2;MQQM,995.8600000245497,,,,34
162,561,13,19,3,part_of_speech_classification,prime_discrimination,prime_discrimination,none,ZYYZ,,,black,einfall,noun,positive,black,0.8804,,,,0.34,0.47,34
162,561,13,19,3,part_of_speech_classification,prime_discrimination,prime_discrimination,none,ZYYZ,,,black,einfall,noun,positive,black,,stim0;WJJW,1236.235300078988,,,,34
162,562,14,19,3,part_of_speech_classification,prime_discrimination,prime_discrimination,none,MQQM,,,black,launisch,adjective,negative,black,0.8804,,,,0.34,0.47,34
162,562,14,19,3,part_of_speech_classification,prime_discrimination,prime_discrimination,none,MQQM,,,black,launisch,adjective,negative,black,,stim1,1405.8053999906406,,,,34
162,563,15,19,3,part_of_speech_classification,prime_discrimination,prime_discrimination,none,WJJW,,,black,ehrlich,adjective,positive,black,0.8805,,,,0.34,0.47,34
162,563,15,19,3,part_of_speech_classification,prime_discrimination,prime_discrimination,none,WJJW,,,black,ehrlich,adjective,positive,black,,stim3,1202.5951999239624,,,,34
162,564,16,19,3,part_of_speech_classification,prime_discrimination,prime_discrimination,none,ZYYZ,,,black,schlecht,adjective,negative,black,0.8804,,,,0.34,0.47,34
162,564,16,19,3,part_of_speech_classification,prime_discrimination,prime_discrimination,none,ZYYZ,,,black,schlecht,adjective,negative,black,,stim0,802.8453999431804,,,,34
162,565,17,19,3,part_of_speech_classification,prime_discrimination,prime_discrimination,none,MQQM,,,black,lustig,adjective,positive,black,0.8804,,,,0.34,0.47,34
162,565,17,19,3,part_of_speech_classification,prime_discrimination,prime_discrimination,none,MQQM,,,black,lustig,adjective,positive,black,,stim2,1170.1117999618873,,,,34
162,566,18,19,3,part_of_speech_classification,prime_discrimination,prime_discrimination,none,XVVX,,,black,schön,adjective,positive,black,0.8804,,,,0.34,0.47,34
162,566,18,19,3,part_of_speech_classification,prime_discrimination,prime_discrimination,none,XVVX,,,black,schön,adjective,positive,black,,stim3,789.1489999601617,,,,34
162,567,19,19,3,part_of_speech_classification,prime_discrimination,prime_discrimination,none,XVVX,,,black,entführung,noun,negative,black,0.8805,,,,0.34,0.47,34
162,567,19,19,3,part_of_speech_classification,prime_discrimination,prime_discrimination,none,XVVX,,,black,entführung,noun,negative,black,,stim3;XVVX,826.5136000700295,,,,34
162,568,20,19,3,part_of_speech_classification,prime_discrimination,prime_discrimination,none,ZYYZ,,,black,ehrlich,adjective,positive,black,0.9105,,,,0.34,0.47,34
162,568,20,19,3,part_of_speech_classification,prime_discrimination,prime_discrimination,none,ZYYZ,,,black,ehrlich,adjective,positive,black,,stim0,700.2772999694571,,,,34
162,569,21,19,3,part_of_speech_classification,prime_discrimination,prime_discrimination,none,ZYYZ,,,black,entführung,noun,negative,black,0.8804,,,,0.34,0.47,34
162,569,21,19,3,part_of_speech_classification,prime_discrimination,prime_discrimination,none,ZYYZ,,,black,entführung,noun,negative,black,,stim1;ZYYZ,1042.0510000549257,,,,34
162,570,22,19,3,part_of_speech_classification,prime_discrimination,prime_discrimination,none,ZYYZ,,,black,gierig,adjective,negative,black,0.8804,,,,0.34,0.47,34
162,570,22,19,3,part_of_speech_classification,prime_discrimination,prime_discrimination,none,ZYYZ,,,black,gierig,adjective,negative,black,,stim1,494.50779997278005,,,,34
162,571,23,19,3,part_of_speech_classification,prime_discrimination,prime_discrimination,none,ZYYZ,,,black,eitel,adjective,negative,black,0.8804,,,,0.34,0.47,34
162,571,23,19,3,part_of_speech_classification,prime_discrimination,prime_discrimination,none,ZYYZ,,,black,eitel,adjective,negative,black,,stim3,882.9202000051737,,,,34
162,572,24,19,3,part_of_speech_classification,prime_discrimination,prime_discrimination,none,WJJW,,,black,leiche,noun,negative,black,0.8804,,,,0.34,0.47,34
162,572,24,19,3,part_of_speech_classification,prime_discrimination,prime_discrimination,none,WJJW,,,black,leiche,noun,negative,black,,stim0,1697.6489999797195,,,,34
162,573,25,19,3,part_of_speech_classification,prime_discrimination,prime_discrimination,none,MQQM,,,black,schleim,noun,negative,black,0.8805,,,,0.34,0.47,34
162,573,25,19,3,part_of_speech_classification,prime_discrimination,prime_discrimination,none,MQQM,,,black,schleim,noun,negative,black,,stim0,726.2796999420971,,,,34
162,574,26,19,3,part_of_speech_classification,prime_discrimination,prime_discrimination,none,XVVX,,,black,liebe,noun,positive,black,0.8804,,,,0.34,0.47,34
162,574,26,19,3,part_of_speech_classification,prime_discrimination,prime_discrimination,none,XVVX,,,black,liebe,noun,positive,black,,stim2;MQQM,1609.9109000060707,,,,34
162,575,27,19,3,part_of_speech_classification,prime_discrimination,prime_discrimination,none,WJJW,,,black,schön,adjective,positive,black,0.8804,,,,0.34,0.47,34
162,575,27,19,3,part_of_speech_classification,prime_discrimination,prime_discrimination,none,WJJW,,,black,schön,adjective,positive,black,,stim1,1618.999300058931,,,,34
162,576,28,19,3,part_of_speech_classification,prime_discrimination,prime_discrimination,none,XVVX,,,black,einfall,noun,positive,black,0.8804,,,,0.34,0.47,34
162,576,28,19,3,part_of_speech_classification,prime_discrimination,prime_discrimination,none,XVVX,,,black,einfall,noun,positive,black,,stim0;WJJW,1184.9783000070602,,,,34
162,577,29,19,3,part_of_speech_classification,prime_discrimination,prime_discrimination,none,MQQM,,,black,ehrlich,adjective,positive,black,0.8804,,,,0.34,0.47,34
162,577,29,19,3,part_of_speech_classification,prime_discrimination,prime_discrimination,none,MQQM,,,black,ehrlich,adjective,positive,black,,stim2,3287.7973000286147,,,,34
162,578,30,19,3,part_of_speech_classification,prime_discrimination,prime_discrimination,none,ZYYZ,,,black,schlecht,adjective,negative,black,0.8804,,,,0.34,0.47,34
162,578,30,19,3,part_of_speech_classification,prime_discrimination,prime_discrimination,none,ZYYZ,,,black,schlecht,adjective,negative,black,,stim3;XVVX,1195.9947000723332,,,,34
162,579,31,19,3,part_of_speech_classification,prime_discrimination,prime_discrimination,none,MQQM,,,black,glück,noun,positive,black,0.8804,,,,0.34,0.47,34
162,579,31,19,3,part_of_speech_classification,prime_discrimination,prime_discrimination,none,MQQM,,,black,glück,noun,positive,black,,stim3;XVVX,1138.514699996449,,,,34
162,580,32,19,3,part_of_speech_classification,prime_discrimination,prime_discrimination,none,WJJW,,,black,einfall,noun,positive,black,0.8804,,,,0.34,0.47,34
162,580,32,19,3,part_of_speech_classification,prime_discrimination,prime_discrimination,none,WJJW,,,black,einfall,noun,positive,black,,stim3;XVVX,1275.217300048098,,,,34
162,581,33,19,3,part_of_speech_classification,prime_discrimination,prime_discrimination,none,XVVX,,,black,leiche,noun,negative,black,0.8804,,,,0.34,0.47,34
162,581,33,19,3,part_of_speech_classification,prime_discrimination,prime_discrimination,none,XVVX,,,black,leiche,noun,negative,black,,stim0,753.8432000437751,,,,34
162,582,34,19,3,part_of_speech_classification,prime_discrimination,prime_discrimination,none,WJJW,,,black,spaß,noun,positive,black,0.8804,,,,0.34,0.47,34
162,582,34,19,3,part_of_speech_classification,prime_discrimination,prime_discrimination,none,WJJW,,,black,spaß,noun,positive,black,,stim1,672.2182999365032,,,,34
162,583,35,19,3,part_of_speech_classification,prime_discrimination,prime_discrimination,none,XVVX,,,black,gütig,adjective,positive,black,0.8805,,,,0.34,0.47,34
162,583,35,19,3,part_of_speech_classification,prime_discrimination,prime_discrimination,none,XVVX,,,black,gütig,adjective,positive,black,,stim2,593.9291999675333,,,,34
162,584,36,19,3,part_of_speech_classification,prime_discrimination,prime_discrimination,none,ZYYZ,,,black,spaß,noun,positive,black,0.9105,,,,0.34,0.47,34
162,584,36,19,3,part_of_speech_classification,prime_discrimination,prime_discrimination,none,ZYYZ,,,black,spaß,noun,positive,black,,stim1,990.2039999142289,,,,34
162,585,37,19,3,part_of_speech_classification,prime_discrimination,prime_discrimination,none,XVVX,,,black,liebe,noun,positive,black,0.8805,,,,0.34,0.47,34
162,585,37,19,3,part_of_speech_classification,prime_discrimination,prime_discrimination,none,XVVX,,,black,liebe,noun,positive,black,,stim3,947.9358000680804,,,,34
162,586,38,19,3,part_of_speech_classification,prime_discrimination,prime_discrimination,none,WJJW,,,black,entführung,noun,negative,black,0.8804,,,,0.34,0.47,34
162,586,38,19,3,part_of_speech_classification,prime_discrimination,prime_discrimination,none,WJJW,,,black,entführung,noun,negative,black,,stim0,744.8454999830574,,,,34
162,587,39,19,3,part_of_speech_classification,prime_discrimination,prime_discrimination,none,ZYYZ,,,black,gütig,adjective,positive,black,0.8805,,,,0.34,0.47,34
162,587,39,19,3,part_of_speech_classification,prime_discrimination,prime_discrimination,none,ZYYZ,,,black,gütig,adjective,positive,black,,stim3;XVVX,905.9320000233129,,,,34
162,588,40,19,3,part_of_speech_classification,prime_discrimination,prime_discrimination,none,XVVX,,,black,glück,noun,positive,black,0.8804,,,,0.34,0.47,34
162,588,40,19,3,part_of_speech_classification,prime_discrimination,prime_discrimination,none,XVVX,,,black,glück,noun,positive,black,,stim3,915.6944999704137,,,,34
162,589,41,19,3,part_of_speech_classification,prime_discrimination,prime_discrimination,none,WJJW,,,black,gütig,adjective,positive,black,0.8804,,,,0.34,0.47,34
162,589,41,19,3,part_of_speech_classification,prime_discrimination,prime_discrimination,none,WJJW,,,black,gütig,adjective,positive,black,,stim0;WJJW,923.0886999284849,,,,34
162,590,42,19,3,part_of_speech_classification,prime_discrimination,prime_discrimination,none,MQQM,,,black,schleim,noun,negative,black,0.8804,,,,0.34,0.47,34
162,590,42,19,3,part_of_speech_classification,prime_discrimination,prime_discrimination,none,MQQM,,,black,schleim,noun,negative,black,,stim0,540.0662000756711,,,,34
162,591,43,19,3,part_of_speech_classification,prime_discrimination,prime_discrimination,none,MQQM,,,black,schlecht,adjective,negative,black,0.8804,,,,0.34,0.47,34
162,591,43,19,3,part_of_speech_classification,prime_discrimination,prime_discrimination,none,MQQM,,,black,schlecht,adjective,negative,black,,stim0,3216.8993999948725,,,,34
162,592,44,19,3,part_of_speech_classification,prime_discrimination,prime_discrimination,none,WJJW,,,black,glück,noun,positive,black,0.9108,,,,0.34,0.47,34
162,592,44,19,3,part_of_speech_classification,prime_discrimination,prime_discrimination,none,WJJW,,,black,glück,noun,positive,black,,stim3;XVVX,2565.509899985045,,,,34
162,593,45,19,3,part_of_speech_classification,prime_discrimination,prime_discrimination,none,MQQM,,,black,gift,noun,negative,black,0.8804,,,,0.34,0.47,34
162,593,45,19,3,part_of_speech_classification,prime_discrimination,prime_discrimination,none,MQQM,,,black,gift,noun,negative,black,,stim2,827.2412000223994,,,,34
162,594,46,19,3,part_of_speech_classification,prime_discrimination,prime_discrimination,none,WJJW,,,black,ehrlich,adjective,positive,black,0.8804,,,,0.34,0.47,34
162,594,46,19,3,part_of_speech_classification,prime_discrimination,prime_discrimination,none,WJJW,,,black,ehrlich,adjective,positive,black,,stim0;WJJW,3429.7146999742836,,,,34
162,595,47,19,3,part_of_speech_classification,prime_discrimination,prime_discrimination,none,ZYYZ,,,black,spaß,noun,positive,black,0.8804,,,,0.34,0.47,34
162,595,47,19,3,part_of_speech_classification,prime_discrimination,prime_discrimination,none,ZYYZ,,,black,spaß,noun,positive,black,,stim1;ZYYZ,512.878599925898,,,,34
162,596,48,19,3,part_of_speech_classification,prime_discrimination,prime_discrimination,none,ZYYZ,,,black,lustig,adjective,positive,black,0.8805,,,,0.34,0.47,34
162,596,48,19,3,part_of_speech_classification,prime_discrimination,prime_discrimination,none,ZYYZ,,,black,lustig,adjective,positive,black,,stim3,2988.4785999311134,,,,34
162,597,49,19,3,part_of_speech_classification,prime_discrimination,prime_discrimination,none,MQQM,,,black,gift,noun,negative,black,0.8804,,,,0.34,0.47,34
162,597,49,19,3,part_of_speech_classification,prime_discrimination,prime_discrimination,none,MQQM,,,black,gift,noun,negative,black,,stim2,1416.9189999811351,,,,34
162,598,50,19,3,part_of_speech_classification,prime_discrimination,prime_discrimination,none,XVVX,,,black,launisch,adjective,negative,black,0.8805,,,,0.34,0.47,34
162,598,50,19,3,part_of_speech_classification,prime_discrimination,prime_discrimination,none,XVVX,,,black,launisch,adjective,negative,black,,stim3,1651.8707999493927,,,,34
162,599,51,19,3,part_of_speech_classification,prime_discrimination,prime_discrimination,none,WJJW,,,black,schön,adjective,positive,black,0.8804,,,,0.34,0.47,34
162,599,51,19,3,part_of_speech_classification,prime_discrimination,prime_discrimination,none,WJJW,,,black,schön,adjective,positive,black,,stim3,523.3924000058323,,,,34
162,600,52,19,3,part_of_speech_classification,prime_discrimination,prime_discrimination,none,MQQM,,,black,launisch,adjective,negative,black,0.8804,,,,0.34,0.47,34
162,600,52,19,3,part_of_speech_classification,prime_discrimination,prime_discrimination,none,MQQM,,,black,launisch,adjective,negative,black,,stim2,2441.1016000667587,,,,34
162,601,1,20,1,part_of_speech_classification,color_matching,matching,match_right,ZYYZ,noun,negative,brown,✲✲✲leiche✲✲✲,noun,negative,blue,0.5521,match,7.0541,1,0.4671,0.6028,65.39199293522232
162,602,2,20,1,part_of_speech_classification,color_matching,matching,match_right,MQQM,noun,positive,brown,✲entführung✲,noun,negative,brown,0.4932,nonmatch,4.1679,1,0.4671,0.6028,65.39199293522232
162,603,3,20,1,part_of_speech_classification,color_matching,matching,match_right,MQQM,noun,positive,brown,✲✲✲✲gift✲✲✲✲,noun,negative,blue,0.4932,nonmatch,1.873,0,0.4671,0.6028,65.39199293522232
162,604,4,20,1,part_of_speech_classification,color_matching,matching,match_right,ZYYZ,noun,negative,blue,✲✲✲✲gift✲✲✲✲,noun,negative,blue,0.4932,match,0.6857,0,0.4671,0.6028,65.39199293522232
162,605,5,20,1,part_of_speech_classification,color_matching,matching,match_right,XVVX,adjective,positive,brown,✲✲✲gütig✲✲✲✲,adjective,positive,blue,0.4932,nonmatch,0.891,0,0.4671,0.6028,65.39199293522232
162,606,6,20,1,part_of_speech_classification,color_matching,matching,match_right,ZYYZ,noun,negative,blue,✲✲✲gütig✲✲✲✲,adjective,positive,blue,0.4932,match,0.5973,0,0.4671,0.6028,65.39199293522232
162,607,7,20,1,part_of_speech_classification,color_matching,matching,match_right,WJJW,adjective,negative,blue,✲✲✲lustig✲✲✲,adjective,positive,blue,0.4932,match,0.6013,0,0.4671,0.6028,65.39199293522232
162,608,8,20,1,part_of_speech_classification,color_matching,matching,match_right,WJJW,adjective,negative,brown,✲✲schlecht✲✲,adjective,negative,blue,0.4932,nonmatch,0.5385,0,0.4671,0.6028,65.39199293522232
162,609,9,20,1,part_of_speech_classification,color_matching,matching,match_right,WJJW,adjective,negative,brown,✲✲✲leiche✲✲✲,noun,negative,blue,0.4959,nonmatch,0.6594,0,0.4671,0.6028,65.39199293522232
162,610,10,20,1,part_of_speech_classification,color_matching,matching,match_right,ZYYZ,noun,negative,blue,✲✲✲lustig✲✲✲,adjective,positive,brown,0.4932,nonmatch,0.6721,0,0.4671,0.6028,65.39199293522232
162,611,11,20,1,part_of_speech_classification,color_matching,matching,match_right,WJJW,adjective,negative,brown,✲✲✲✲gift✲✲✲✲,noun,negative,brown,0.4932,nonmatch,0.3459,1,0.4671,0.6028,65.39199293522232
162,612,12,20,1,part_of_speech_classification,color_matching,matching,match_right,XVVX,adjective,positive,brown,✲✲✲schön✲✲✲✲,adjective,positive,brown,0.4932,match,1.0171,0,0.4671,0.6028,65.39199293522232
162,613,13,20,1,part_of_speech_classification,color_matching,matching,match_right,WJJW,adjective,negative,blue,✲✲✲gierig✲✲✲,adjective,negative,blue,0.4971,match,2.2965,0,0.4671,0.6028,65.39199293522232
162,614,14,20,1,part_of_speech_classification,color_matching,matching,match_right,WJJW,adjective,negative,blue,✲✲schleim✲✲✲,noun,negative,blue,0.4932,match,0.432,0,0.4671,0.6028,65.39199293522232
162,615,15,20,1,part_of_speech_classification,color_matching,matching,match_right,MQQM,noun,positive,brown,✲✲✲✲spaß✲✲✲✲,noun,positive,blue,0.4932,nonmatch,0.3751,0,0.4671,0.6028,65.39199293522232
162,616,16,20,1,part_of_speech_classification,color_matching,matching,match_right,WJJW,adjective,negative,blue,✲✲einfall✲✲✲,noun,positive,blue,0.4933,match,0.4339,0,0.4671,0.6028,65.39199293522232
162,617,17,20,1,part_of_speech_classification,color_matching,matching,match_right,ZYYZ,noun,negative,blue,✲✲✲eitel✲✲✲✲,adjective,negative,brown,0.496,nonmatch,1.2219,0,0.4671,0.6028,65.39199293522232
162,618,18,20,1,part_of_speech_classification,color_matching,matching,match_right,ZYYZ,noun,negative,brown,✲✲✲gierig✲✲✲,adjective,negative,brown,0.4932,match,0.7615,0,0.4671,0.6028,65.39199293522232
162,619,19,20,1,part_of_speech_classification,color_matching,matching,match_right,XVVX,adjective,positive,blue,✲✲schleim✲✲✲,noun,negative,brown,0.4932,nonmatch,0.5363,0,0.4671,0.6028,65.39199293522232
162,620,20,20,1,part_of_speech_classification,color_matching,matching,match_right,ZYYZ,noun,negative,blue,✲✲✲glück✲✲✲✲,noun,positive,blue,0.4932,match,0.8863,0,0.4671,0.6028,65.39199293522232
162,621,21,20,1,part_of_speech_classification,color_matching,matching,match_right,XVVX,adjective,positive,brown,✲✲schlecht✲✲,adjective,negative,blue,0.4932,nonmatch,0.6261,0,0.4671,0.6028,65.39199293522232
162,622,22,20,1,part_of_speech_classification,color_matching,matching,match_right,MQQM,noun,positive,brown,✲✲✲schön✲✲✲✲,adjective,positive,brown,0.4932,match,0.8001,0,0.4671,0.6028,65.39199293522232
162,623,23,20,1,part_of_speech_classification,color_matching,matching,match_right,MQQM,noun,positive,blue,✲✲✲glück✲✲✲✲,noun,positive,brown,0.4934,nonmatch,0.8373,0,0.4671,0.6028,65.39199293522232
162,624,24,20,1,part_of_speech_classification,color_matching,matching,match_right,XVVX,adjective,positive,brown,✲✲✲eitel✲✲✲✲,adjective,negative,brown,0.4932,match,0.6011,0,0.4671,0.6028,65.39199293522232
162,625,25,20,1,part_of_speech_classification,color_matching,matching,match_right,ZYYZ,noun,negative,blue,✲✲schleim✲✲✲,noun,negative,brown,0.4932,nonmatch,0.611,0,0.4671,0.6028,65.39199293522232
162,626,26,20,1,part_of_speech_classification,color_matching,matching,match_right,WJJW,adjective,negative,blue,✲✲launisch✲✲,adjective,negative,brown,0.4962,match,0.6667,1,0.4671,0.6028,65.39199293522232
162,627,27,20,1,part_of_speech_classification,color_matching,matching,match_right,WJJW,adjective,negative,brown,✲✲✲glück✲✲✲✲,noun,positive,brown,0.4932,match,0.735,0,0.4671,0.6028,65.39199293522232
162,628,28,20,1,part_of_speech_classification,color_matching,matching,match_right,XVVX,adjective,positive,blue,✲✲einfall✲✲✲,noun,positive,brown,0.4932,nonmatch,0.5739,0,0.4671,0.6028,65.39199293522232
162,629,29,20,1,part_of_speech_classification,color_matching,matching,match_right,XVVX,adjective,positive,brown,✲entführung✲,noun,negative,brown,0.4932,nonmatch,0.5208,1,0.4671,0.6028,65.39199293522232
162,630,30,20,1,part_of_speech_classification,color_matching,matching,match_right,MQQM,noun,positive,blue,✲✲schleim✲✲✲,noun,negative,blue,0.4932,match,0.7492,0,0.4671,0.6028,65.39199293522232
162,631,31,20,1,part_of_speech_classification,color_matching,matching,match_right,ZYYZ,noun,negative,brown,✲✲✲liebe✲✲✲✲,noun,positive,brown,0.4932,match,0.6169,0,0.4671,0.6028,65.39199293522232
162,632,32,20,1,part_of_speech_classification,color_matching,matching,match_right,XVVX,adjective,positive,brown,✲✲✲liebe✲✲✲✲,noun,positive,blue,0.4932,nonmatch,0.5647,0,0.4671,0.6028,65.39199293522232
162,633,33,20,1,part_of_speech_classification,color_matching,matching,match_right,ZYYZ,noun,negative,brown,✲✲ehrlich✲✲✲,adjective,positive,blue,0.5222,nonmatch,0.9858,0,0.4671,0.6028,65.39199293522232
162,634,34,20,1,part_of_speech_classification,color_matching,matching,match_right,MQQM,noun,positive,blue,✲✲✲leiche✲✲✲,noun,negative,brown,0.4932,nonmatch,1.7914,0,0.4456,0.5813,62.37822643615296
162,635,35,20,1,part_of_speech_classification,color_matching,matching,match_right,XVVX,adjective,positive,blue,✲✲✲lustig✲✲✲,adjective,positive,brown,0.4962,nonmatch,0.9421,0,0.4264,0.5621,59.693179820877624
162,636,36,20,1,part_of_speech_classification,color_matching,matching,match_right,MQQM,noun,positive,brown,✲✲launisch✲✲,adjective,negative,blue,0.4932,match,1.4601,1,0.4098,0.5455,57.36541505149836
162,637,37,20,1,part_of_speech_classification,color_matching,matching,match_right,MQQM,noun,positive,blue,✲✲✲gütig✲✲✲✲,adjective,positive,brown,0.4932,nonmatch,1.8296,0,0.4576,0.5933,64.05983300459219
162,638,38,20,1,part_of_speech_classification,color_matching,matching,match_right,WJJW,adjective,negative,brown,✲✲✲gütig✲✲✲✲,adjective,positive,brown,0.4932,match,1.3498,0,0.4439,0.5796,62.15022363213782
162,639,39,20,1,part_of_speech_classification,color_matching,matching,match_right,XVVX,adjective,positive,blue,✲✲ehrlich✲✲✲,adjective,positive,blue,0.496,match,1.1231,0,0.4326,0.5683,60.559969856083875
162,640,40,20,1,part_of_speech_classification,color_matching,matching,match_right,WJJW,adjective,negative,blue,✲entführung✲,noun,negative,brown,0.4932,nonmatch,1.224,0,0.423,0.5587,59.21800103282816
162,641,41,20,1,part_of_speech_classification,color_matching,matching,match_right,XVVX,adjective,positive,blue,✲✲✲gierig✲✲✲,adjective,negative,brown,0.4932,nonmatch,1.2114,0,0.4148,0.5505,58.07549321742838
162,642,42,20,1,part_of_speech_classification,color_matching,matching,match_right,ZYYZ,noun,negative,blue,✲✲✲✲spaß✲✲✲✲,noun,positive,brown,0.5094,nonmatch,0.9844,0,0.4078,0.5435,57.08711813631405
162,643,43,20,1,part_of_speech_classification,color_matching,matching,match_right,WJJW,adjective,negative,blue,✲✲✲schön✲✲✲✲,adjective,positive,brown,0.4932,match,1.6989,1,0.4015,0.5372,56.21278373992435
162,644,44,20,1,part_of_speech_classification,color_matching,matching,match_right,MQQM,noun,positive,brown,✲✲✲liebe✲✲✲✲,noun,positive,brown,0.4932,match,1.1081,0,0.4198,0.5555,58.77690762290234
162,645,45,20,1,part_of_speech_classification,color_matching,matching,match_right,ZYYZ,noun,negative,brown,✲✲einfall✲✲✲,noun,positive,blue,0.4932,match,1.3787,1,0.4138,0.5495,57.92604650610362
162,646,46,20,1,part_of_speech_classification,color_matching,matching,match_right,XVVX,adjective,positive,blue,✲✲✲glück✲✲✲✲,noun,positive,blue,0.4932,match,1.045,0,0.4314,0.5671,60.398483876558174
162,647,47,20,1,part_of_speech_classification,color_matching,matching,match_right,WJJW,adjective,negative,blue,✲✲✲liebe✲✲✲✲,noun,positive,brown,0.4932,nonmatch,1.5978,0,0.4252,0.5609,59.53233309004568
162,648,48,20,1,part_of_speech_classification,color_matching,matching,match_right,WJJW,adjective,negative,brown,✲✲ehrlich✲✲✲,adjective,positive,blue,0.4932,match,1.0938,1,0.4199,0.5556,58.78303344014849
162,649,49,20,1,part_of_speech_classification,color_matching,matching,match_right,XVVX,adjective,positive,brown,✲✲✲✲spaß✲✲✲✲,noun,positive,brown,0.4963,match,1.2283,0,0.4348,0.5706,60.87758636517866
162,650,50,20,1,part_of_speech_classification,color_matching,matching,match_right,MQQM,noun,positive,blue,✲✲schlecht✲✲,adjective,negative,brown,0.4932,match,0.9282,1,0.4293,0.565,60.106474611681975
162,651,51,20,1,part_of_speech_classification,color_matching,matching,match_right,ZYYZ,noun,negative,brown,✲entführung✲,noun,negative,brown,0.4932,match,0.9685,0,0.4457,0.5814,62.40287786445915
162,652,52,20,1,part_of_speech_classification,color_matching,matching,match_right,MQQM,noun,positive,brown,✲✲✲gierig✲✲✲,adjective,negative,brown,0.4932,match,0.9263,0,0.4398,0.5756,61.57820172274651
162,653,53,20,1,part_of_speech_classification,color_matching,matching,match_right,ZYYZ,noun,negative,blue,✲✲schlecht✲✲,adjective,negative,blue,0.4932,match,0.9876,0,0.4348,0.5705,60.8728989029535
162,654,54,20,1,part_of_speech_classification,color_matching,matching,match_right,MQQM,noun,positive,blue,✲✲einfall✲✲✲,noun,positive,blue,0.4932,match,0.8992,0,0.4304,0.5661,60.25622013854191
162,655,55,20,1,part_of_speech_classification,color_matching,matching,match_right,MQQM,noun,positive,brown,✲✲✲lustig✲✲✲,adjective,positive,blue,0.4995,match,1.06,1,0.4265,0.5622,59.709412328607996
162,656,56,20,1,part_of_speech_classification,color_matching,matching,match_right,XVVX,adjective,positive,blue,✲✲launisch✲✲,adjective,negative,blue,0.4933,match,0.9517,0,0.4378,0.5735,61.2939595798649
162,657,57,20,1,part_of_speech_classification,color_matching,matching,match_right,WJJW,adjective,negative,brown,✲✲✲✲spaß✲✲✲✲,noun,positive,blue,0.4932,nonmatch,1.0772,0,0.4337,0.5694,60.72169876123901
162,658,58,20,1,part_of_speech_classification,color_matching,matching,match_right,XVVX,adjective,positive,brown,✲✲✲leiche✲✲✲,noun,negative,blue,0.4932,nonmatch,1.0373,0,0.4301,0.5658,60.213034497141166
162,659,59,20,1,part_of_speech_classification,color_matching,matching,match_right,ZYYZ,noun,negative,brown,✲✲✲schön✲✲✲✲,adjective,positive,brown,0.4932,nonmatch,1.0986,1,0.4268,0.5625,59.755164467981636
162,660,60,20,1,part_of_speech_classification,color_matching,matching,match_right,WJJW,adjective,negative,brown,✲✲✲eitel✲✲✲✲,adjective,negative,brown,0.4932,nonmatch,0.9449,1,0.4362,0.5719,61.069522806128816
162,661,61,20,1,part_of_speech_classification,color_matching,matching,match_right,MQQM,noun,positive,blue,✲✲✲eitel✲✲✲✲,adjective,negative,blue,0.496,match,1.0229,0,0.447,0.5827,62.58020746496339
162,662,62,20,1,part_of_speech_classification,color_matching,matching,match_right,ZYYZ,noun,negative,brown,✲✲launisch✲✲,adjective,negative,blue,0.4932,match,0.9582,1,0.443,0.5787,62.01704273336685
162,663,63,20,1,part_of_speech_classification,color_matching,matching,match_right,XVVX,adjective,positive,blue,✲✲✲✲gift✲✲✲✲,noun,negative,blue,0.4932,match,0.9178,0,0.4548,0.5905,63.668235884070825
162,664,64,20,1,part_of_speech_classification,color_matching,matching,match_right,MQQM,noun,positive,blue,✲✲ehrlich✲✲✲,adjective,positive,blue,0.4932,match,0.7789,0,0.4505,0.5862,63.06936568280557
162,665,1,21,2,part_of_speech_classification,color_matching,matching,match_right,MQQM,noun,positive,brown,✲✲✲liebe✲✲✲✲,noun,positive,brown,0.4932,match,0.7776,0,0.4467,0.5824,62.54126208485019
162,666,2,21,2,part_of_speech_classification,color_matching,matching,match_right,MQQM,noun,positive,blue,✲✲✲leiche✲✲✲,noun,negative,blue,0.4932,match,0.6464,0,0.4433,0.579,62.065595459953904
162,667,3,21,2,part_of_speech_classification,color_matching,matching,match_right,XVVX,adjective,positive,blue,✲✲✲gierig✲✲✲,adjective,negative,brown,0.4932,match,0.8497,1,0.4403,0.576,61.640230807310736
162,668,4,21,2,part_of_speech_classification,color_matching,matching,match_right,XVVX,adjective,positive,blue,✲✲✲✲gift✲✲✲✲,noun,negative,blue,0.4932,match,0.6351,0,0.449,0.5847,62.853455691007404
162,669,5,21,2,part_of_speech_classification,color_matching,matching,match_right,ZYYZ,noun,negative,brown,✲✲✲liebe✲✲✲✲,noun,positive,brown,0.4934,match,0.7959,0,0.4458,0.5815,62.41215887658583
162,670,6,21,2,part_of_speech_classification,color_matching,matching,match_right,WJJW,adjective,negative,brown,✲✲✲leiche✲✲✲,noun,negative,blue,0.4932,nonmatch,0.7794,0,0.4429,0.5786,62.008575122805354
162,671,7,21,2,part_of_speech_classification,color_matching,matching,match_right,XVVX,adjective,positive,brown,✲✲schlecht✲✲,adjective,negative,blue,0.4932,match,0.8318,1,0.4403,0.576,61.637946826537906
162,672,8,21,2,part_of_speech_classification,color_matching,matching,match_right,MQQM,noun,positive,brown,✲✲✲✲gift✲✲✲✲,noun,negative,brown,0.4932,match,0.9305,0,0.4478,0.5835,62.69368483371152
162,673,9,21,2,part_of_speech_classification,color_matching,matching,match_right,WJJW,adjective,negative,brown,✲✲schlecht✲✲,adjective,negative,blue,0.4932,match,0.754,1,0.4451,0.5808,62.309800456950825
162,674,10,21,2,part_of_speech_classification,color_matching,matching,match_right,XVVX,adjective,positive,brown,✲✲ehrlich✲✲✲,adjective,positive,blue,0.4932,match,0.7278,1,0.4529,0.5886,63.400661739041965
162,675,11,21,2,part_of_speech_classification,color_matching,matching,match_right,XVVX,adjective,positive,brown,✲✲✲✲spaß✲✲✲✲,noun,positive,blue,0.4932,nonmatch,0.9986,0,0.4621,0.5978,64.69721102145455
162,676,12,21,2,part_of_speech_classification,color_matching,matching,match_right,ZYYZ,noun,negative,blue,✲✲ehrlich✲✲✲,adjective,positive,brown,0.4932,match,1.2964,1,0.4588,0.5945,64.22547871963208
162,677,13,21,2,part_of_speech_classification,color_matching,matching,match_right,ZYYZ,noun,negative,brown,✲✲schleim✲✲✲,noun,negative,blue,0.4932,match,0.7811,1,0.4684,0.6041,65.57498288879346
162,678,14,21,2,part_of_speech_classification,color_matching,matching,match_right,ZYYZ,noun,negative,brown,✲✲✲eitel✲✲✲✲,adjective,negative,blue,0.5021,nonmatch,1.3917,0,0.4799,0.6156,67.1893463001115
162,679,15,21,2,part_of_speech_classification,color_matching,matching,match_right,WJJW,adjective,negative,brown,✲✲✲lustig✲✲✲,adjective,positive,brown,0.4932,match,1.1763,0,0.4755,0.6112,66.56902150550177
162,680,16,21,2,part_of_speech_classification,color_matching,matching,match_right,WJJW,adjective,negative,brown,✲✲✲glück✲✲✲✲,noun,positive,blue,0.4933,nonmatch,1.6227,0,0.4716,0.6073,66.02228367422089
162,681,17,21,2,part_of_speech_classification,color_matching,matching,match_right,XVVX,adjective,positive,blue,✲✲✲liebe✲✲✲✲,noun,positive,blue,0.4932,match,0.7778,0,0.4682,0.6039,65.54714632157135
162,682,18,21,2,part_of_speech_classification,color_matching,matching,match_right,XVVX,adjective,positive,brown,✲✲✲lustig✲✲✲,adjective,positive,brown,0.4937,nonmatch,0.5131,1,0.4651,0.6008,65.11673612807623
162,683,19,21,2,part_of_speech_classification,color_matching,matching,match_right,ZYYZ,noun,negative,blue,✲✲einfall✲✲✲,noun,positive,blue,0.4932,match,0.5833,0,0.4743,0.61,66.40609513528292
162,684,20,21,2,part_of_speech_classification,color_matching,matching,match_right,MQQM,noun,positive,brown,✲✲schlecht✲✲,adjective,negative,brown,0.4932,match,0.925,0,0.471,0.6067,65.93909112799585
162,685,21,21,2,part_of_speech_classification,color_matching,matching,match_right,MQQM,noun,positive,blue,✲✲✲gierig✲✲✲,adjective,negative,brown,0.4932,match,0.5212,1,0.468,0.6038,65.52574568643773
162,686,22,21,2,part_of_speech_classification,color_matching,matching,match_right,WJJW,adjective,negative,blue,✲✲✲eitel✲✲✲✲,adjective,negative,blue,0.4932,match,0.7737,0,0.4764,0.6121,66.69903012779619
162,687,23,21,2,part_of_speech_classification,color_matching,matching,match_right,MQQM,noun,positive,brown,✲✲✲eitel✲✲✲✲,adjective,negative,blue,0.4932,nonmatch,0.5264,0,0.4733,0.609,66.26621546022612
162,688,24,21,2,part_of_speech_classification,color_matching,matching,match_right,XVVX,adjective,positive,blue,✲✲✲glück✲✲✲✲,noun,positive,brown,0.4941,match,0.8544,1,0.4705,0.6062,65.867306883102
162,689,25,21,2,part_of_speech_classification,color_matching,matching,match_right,ZYYZ,noun,negative,brown,✲✲schlecht✲✲,adjective,negative,brown,0.4934,match,0.668,0,0.4789,0.6146,67.04452783876322
162,690,26,21,2,part_of_speech_classification,color_matching,matching,match_right,WJJW,adjective,negative,blue,✲✲✲✲gift✲✲✲✲,noun,negative,brown,0.4932,match,0.6123,1,0.4758,0.6115,66.61549708759635
162,691,27,21,2,part_of_speech_classification,color_matching,matching,match_right,ZYYZ,noun,negative,brown,✲entführung✲,noun,negative,brown,0.4932,match,0.721,0,0.4846,0.6204,67.85039530314373
162,692,28,21,2,part_of_speech_classification,color_matching,matching,match_right,MQQM,noun,positive,brown,✲✲ehrlich✲✲✲,adjective,positive,brown,0.4932,match,0.4674,0,0.4814,0.6171,67.39593775860942
162,693,29,21,2,part_of_speech_classification,color_matching,matching,match_right,WJJW,adjective,negative,blue,✲✲✲schön✲✲✲✲,adjective,positive,blue,0.4932,match,0.6555,0,0.4785,0.6143,66.99603034120476
162,694,30,21,2,part_of_speech_classification,color_matching,matching,match_right,MQQM,noun,positive,brown,✲entführung✲,noun,negative,blue,0.4932,match,0.5546,1,0.4759,0.6116,66.62144669192783
162,695,31,21,2,part_of_speech_classification,color_matching,matching,match_right,MQQM,noun,positive,blue,✲✲✲gütig✲✲✲✲,adjective,positive,brown,0.4932,match,0.7098,1,0.4836,0.6194,67.70934452104439
162,696,32,21,2,part_of_speech_classification,color_matching,matching,match_right,MQQM,noun,positive,blue,✲✲schleim✲✲✲,noun,negative,brown,0.4932,match,0.8163,1,0.4929,0.6286,69.00728872461087
162,697,33,21,2,part_of_speech_classification,color_matching,matching,match_right,XVVX,adjective,positive,blue,✲✲✲schön✲✲✲✲,adjective,positive,brown,0.4932,match,0.7193,1,0.5032,0.6389,70.4513351483088
162,698,34,21,2,part_of_speech_classification,color_matching,matching,match_right,WJJW,adjective,negative,blue,✲✲schleim✲✲✲,noun,negative,blue,0.4932,match,0.6138,0,0.5156,0.6513,72.18343889429293
162,699,35,21,2,part_of_speech_classification,color_matching,matching,match_right,XVVX,adjective,positive,brown,✲✲✲eitel✲✲✲✲,adjective,negative,brown,0.4941,match,0.7257,0,0.5108,0.6465,71.50871624934992
162,700,36,21,2,part_of_speech_classification,color_matching,matching,match_right,XVVX,adjective,positive,brown,✲✲einfall✲✲✲,noun,positive,brown,0.4932,match,0.6662,0,0.5066,0.6423,70.92179002127837
162,701,37,21,2,part_of_speech_classification,color_matching,matching,match_right,ZYYZ,noun,negative,blue,✲✲✲✲gift✲✲✲✲,noun,negative,brown,0.4933,match,0.6716,1,0.5029,0.6386,70.40153451904501
162,702,38,21,2,part_of_speech_classification,color_matching,matching,match_right,WJJW,adjective,negative,blue,✲✲ehrlich✲✲✲,adjective,positive,brown,0.4932,match,0.7638,1,0.5133,0.649,71.86626869544634
162,703,39,21,2,part_of_speech_classification,color_matching,matching,match_right,XVVX,adjective,positive,brown,✲✲✲leiche✲✲✲,noun,negative,blue,0.4932,nonmatch,0.8911,0,0.5258,0.6615,73.61420533263617
162,704,40,21,2,part_of_speech_classification,color_matching,matching,match_right,MQQM,noun,positive,brown,✲✲✲✲spaß✲✲✲✲,noun,positive,blue,0.4932,match,0.7307,1,0.521,0.6567,72.93715710566701
162,705,41,21,2,part_of_speech_classification,color_matching,matching,match_right,XVVX,adjective,positive,blue,✲✲launisch✲✲,adjective,negative,blue,0.4932,match,0.7356,0,0.535,0.6707,74.89307852773493
162,706,42,21,2,part_of_speech_classification,color_matching,matching,match_right,ZYYZ,noun,negative,blue,✲✲✲gütig✲✲✲✲,adjective,positive,blue,0.5082,match,0.4329,0,0.5298,0.6655,74.16698868240678
162,707,43,21,2,part_of_speech_classification,color_matching,matching,match_right,WJJW,adjective,negative,brown,✲entführung✲,noun,negative,brown,0.4932,match,0.676,0,0.5252,0.6609,73.5279341232811
162,708,44,21,2,part_of_speech_classification,color_matching,matching,match_right,MQQM,noun,positive,blue,✲✲launisch✲✲,adjective,negative,blue,0.4953,match,0.654,0,0.5211,0.6568,72.95759099716446
162,709,45,21,2,part_of_speech_classification,color_matching,matching,match_right,ZYYZ,noun,negative,blue,✲✲✲glück✲✲✲✲,noun,positive,brown,0.4932,match,0.8009,1,0.5176,0.6533,72.45844268562128
162,710,46,21,2,part_of_speech_classification,color_matching,matching,match_right,MQQM,noun,positive,blue,✲✲✲glück✲✲✲✲,noun,positive,brown,0.4932,nonmatch,0.8811,0,0.5278,0.6635,73.88606103598686
162,711,47,21,2,part_of_speech_classification,color_matching,matching,match_right,XVVX,adjective,positive,brown,✲entführung✲,noun,negative,brown,0.4932,match,0.593,0,0.524,0.6597,73.3539081201909
162,712,48,21,2,part_of_speech_classification,color_matching,matching,match_right,WJJW,adjective,negative,brown,✲✲launisch✲✲,adjective,negative,brown,0.4933,match,0.716,0,0.5205,0.6562,72.86596229446475
162,713,49,21,2,part_of_speech_classification,color_matching,matching,match_right,ZYYZ,noun,negative,blue,✲✲✲leiche✲✲✲,noun,negative,blue,0.4937,match,0.7209,0,0.5174,0.6531,72.4309353026526
162,714,50,21,2,part_of_speech_classification,color_matching,matching,match_right,WJJW,adjective,negative,brown,✲✲✲gütig✲✲✲✲,adjective,positive,blue,0.4932,nonmatch,0.5181,0,0.5145,0.6502,72.0311346870947
162,715,51,21,2,part_of_speech_classification,color_matching,matching,match_right,MQQM,noun,positive,blue,✲✲✲schön✲✲✲✲,adjective,positive,blue,0.4932,nonmatch,0.8453,1,0.5119,0.6476,71.66032446321732
162,716,52,21,2,part_of_speech_classification,color_matching,matching,match_right,XVVX,adjective,positive,blue,✲✲schleim✲✲✲,noun,negative,brown,0.4932,match,0.836,1,0.5194,0.6551,72.71659315562906
162,717,53,21,2,part_of_speech_classification,color_matching,matching,match_right,MQQM,noun,positive,blue,✲✲einfall✲✲✲,noun,positive,blue,0.4932,match,0.7591,0,0.5283,0.6641,73.96713228748429
162,718,54,21,2,part_of_speech_classification,color_matching,matching,match_right,ZYYZ,noun,negative,brown,✲✲✲schön✲✲✲✲,adjective,positive,brown,0.4965,match,0.5753,0,0.5252,0.6609,73.52283946488178
162,719,55,21,2,part_of_speech_classification,color_matching,matching,match_right,MQQM,noun,positive,brown,✲✲✲lustig✲✲✲,adjective,positive,blue,0.4936,nonmatch,0.5405,0,0.5223,0.658,73.11620937295982
162,720,56,21,2,part_of_speech_classification,color_matching,matching,match_right,ZYYZ,noun,negative,blue,✲✲launisch✲✲,adjective,negative,brown,0.4932,match,0.6404,1,0.5196,0.6553,72.74436529363915
162,721,57,21,2,part_of_speech_classification,color_matching,matching,match_right,WJJW,adjective,negative,blue,✲✲✲✲spaß✲✲✲✲,noun,positive,blue,0.4932,match,0.7818,0,0.5275,0.6633,73.85518376852029
162,722,58,21,2,part_of_speech_classification,color_matching,matching,match_right,ZYYZ,noun,negative,blue,✲✲✲gierig✲✲✲,adjective,negative,blue,0.4932,match,0.5146,0,0.5247,0.6605,73.46437631126363
162,723,59,21,2,part_of_speech_classification,color_matching,matching,match_right,WJJW,adjective,negative,brown,✲✲einfall✲✲✲,noun,positive,brown,0.4932,match,0.6246,0,0.5221,0.6579,73.0992477059201
162,724,60,21,2,part_of_speech_classification,color_matching,matching,match_right,WJJW,adjective,negative,blue,✲✲✲liebe✲✲✲✲,noun,positive,brown,0.4932,match,0.7221,1,0.5197,0.6555,72.76456719978177
162,725,61,21,2,part_of_speech_classification,color_matching,matching,match_right,XVVX,adjective,positive,blue,✲✲✲gütig✲✲✲✲,adjective,positive,blue,0.4964,match,0.5116,0,0.5269,0.6626,73.7605674347625
162,726,62,21,2,part_of_speech_classification,color_matching,matching,match_right,ZYYZ,noun,negative,brown,✲✲✲lustig✲✲✲,adjective,positive,blue,0.4932,match,0.628,1,0.5244,0.6601,73.41448021128446
162,727,63,21,2,part_of_speech_classification,color_matching,matching,match_right,ZYYZ,noun,negative,brown,✲✲✲✲spaß✲✲✲✲,noun,positive,blue,0.4932,match,0.7409,1,0.5319,0.6676,74.46165986260306
162,728,64,21,2,part_of_speech_classification,color_matching,matching,match_right,WJJW,adjective,negative,blue,✲✲✲gierig✲✲✲,adjective,negative,brown,0.4932,match,0.7488,1,0.5402,0.6759,75.62723972631396
162,729,1,22,3,part_of_speech_classification,color_matching,matching,match_right,MQQM,noun,positive,blue,✲✲schlecht✲✲,adjective,negative,brown,0.4933,match,0.6009,1,0.5501,0.6858,77.00797718213143
162,730,2,22,3,part_of_speech_classification,color_matching,matching,match_right,ZYYZ,noun,negative,blue,✲✲ehrlich✲✲✲,adjective,positive,blue,0.4932,match,0.5462,0,0.5609,0.6966,78.52884934252224
162,731,3,22,3,part_of_speech_classification,color_matching,matching,match_right,WJJW,adjective,negative,blue,✲✲ehrlich✲✲✲,adjective,positive,brown,0.4932,match,0.6468,1,0.5568,0.6925,77.95616931842362
162,732,4,22,3,part_of_speech_classification,color_matching,matching,match_right,XVVX,adjective,positive,brown,✲✲✲schön✲✲✲✲,adjective,positive,blue,0.4932,match,0.2887,1,0.5691,0.7048,79.66834907590061
162,733,5,22,3,part_of_speech_classification,color_matching,matching,match_right,XVVX,adjective,positive,blue,✲✲✲glück✲✲✲✲,noun,positive,blue,0.4932,match,1.1177,0,0.5836,0.7193,81.69749063896913
162,734,6,22,3,part_of_speech_classification,color_matching,matching,match_right,WJJW,adjective,negative,brown,✲✲✲gierig✲✲✲,adjective,negative,blue,0.4936,match,0.614,1,0.5783,0.714,80.96277470133516
162,735,7,22,3,part_of_speech_classification,color_matching,matching,match_right,ZYYZ,noun,negative,blue,✲✲schleim✲✲✲,noun,negative,brown,0.4932,nonmatch,0.8908,0,0.593,0.7287,83.02349546752832
162,736,8,22,3,part_of_speech_classification,color_matching,matching,match_right,WJJW,adjective,negative,blue,✲✲✲leiche✲✲✲,noun,negative,blue,0.4941,match,0.6541,0,0.5874,0.7232,82.24280301656188
162,737,9,22,3,part_of_speech_classification,color_matching,matching,match_right,ZYYZ,noun,negative,brown,✲✲✲✲gift✲✲✲✲,noun,negative,blue,0.4932,match,0.7747,1,0.5825,0.7182,81.55379380078082
162,738,10,22,3,part_of_speech_classification,color_matching,matching,match_right,XVVX,adjective,positive,blue,✲✲✲leiche✲✲✲,noun,negative,brown,0.4932,match,0.8229,1,0.5967,0.7324,83.53856781104854
162,739,11,22,3,part_of_speech_classification,color_matching,matching,match_right,MQQM,noun,positive,brown,✲✲✲lustig✲✲✲,adjective,positive,brown,0.4932,match,0.5756,0,0.6143,0.75,86.00382017767129
162,740,12,22,3,part_of_speech_classification,color_matching,matching,match_right,MQQM,noun,positive,blue,✲✲ehrlich✲✲✲,adjective,positive,blue,0.4937,match,0.5639,0,0.6081,0.7438,85.13522404232546
162,741,13,22,3,part_of_speech_classification,color_matching,matching,match_right,ZYYZ,noun,negative,brown,✲✲✲liebe✲✲✲✲,noun,positive,blue,0.4932,match,0.7732,1,0.6026,0.7383,84.36261539208569
162,742,14,22,3,part_of_speech_classification,color_matching,matching,match_right,ZYYZ,noun,negative,brown,✲✲✲leiche✲✲✲,noun,negative,brown,0.4932,match,0.7258,0,0.6192,0.7549,86.69275907085338
162,743,15,22,3,part_of_speech_classification,color_matching,matching,match_right,XVVX,adjective,positive,brown,✲✲✲✲spaß✲✲✲✲,noun,positive,brown,0.4932,match,0.7601,0,0.6134,0.7491,85.87596029526539
162,744,16,22,3,part_of_speech_classification,color_matching,matching,match_right,WJJW,adjective,negative,blue,✲✲✲schön✲✲✲✲,adjective,positive,blue,0.4932,match,0.7715,0,0.6082,0.7439,85.14605097321906
162,745,17,22,3,part_of_speech_classification,color_matching,matching,match_right,MQQM,noun,positive,brown,✲✲✲✲spaß✲✲✲✲,noun,positive,brown,0.5491,match,0.6469,0,0.6035,0.7392,84.48717583055922
162,746,18,22,3,part_of_speech_classification,color_matching,matching,match_right,WJJW,adjective,negative,blue,✲✲schlecht✲✲,adjective,negative,blue,0.4932,match,0.8329,0,0.5992,0.7349,83.88233052208456
162,747,19,22,3,part_of_speech_classification,color_matching,matching,match_right,MQQM,noun,positive,brown,✲✲✲leiche✲✲✲,noun,negative,brown,0.4961,match,0.5466,0,0.5953,0.731,83.34373611751958
162,748,20,22,3,part_of_speech_classification,color_matching,matching,match_right,MQQM,noun,positive,blue,✲✲✲glück✲✲✲✲,noun,positive,brown,0.4932,match,0.6431,1,0.5918,0.7275,82.84529840740966
162,749,21,22,3,part_of_speech_classification,color_matching,matching,match_right,MQQM,noun,positive,blue,✲✲✲liebe✲✲✲✲,noun,positive,blue,0.4932,match,0.746,0,0.6024,0.7381,84.33295398971501
162,750,22,22,3,part_of_speech_classification,color_matching,matching,match_right,ZYYZ,noun,negative,brown,✲✲✲schön✲✲✲✲,adjective,positive,brown,0.4932,match,0.6755,0,0.5986,0.7343,83.80786300625815
162,751,23,22,3,part_of_speech_classification,color_matching,matching,match_right,ZYYZ,noun,negative,blue,✲✲✲lustig✲✲✲,adjective,positive,brown,0.4932,match,0.7589,1,0.5952,0.7309,83.33053409115553
162,752,24,22,3,part_of_speech_classification,color_matching,matching,match_right,ZYYZ,noun,negative,blue,✲✲✲✲spaß✲✲✲✲,noun,positive,blue,0.4932,match,0.5204,0,0.6049,0.7406,84.69075091111803
162,753,25,22,3,part_of_speech_classification,color_matching,matching,match_right,MQQM,noun,positive,brown,✲✲✲✲gift✲✲✲✲,noun,negative,blue,0.4932,match,0.6754,1,0.6014,0.7371,84.19724673623057
162,754,26,22,3,part_of_speech_classification,color_matching,matching,match_right,MQQM,noun,positive,blue,✲✲schleim✲✲✲,noun,negative,brown,0.4932,match,0.6969,1,0.6114,0.7472,85.60210113748926
162,755,27,22,3,part_of_speech_classification,color_matching,matching,match_right,XVVX,adjective,positive,blue,✲✲schleim✲✲✲,noun,negative,blue,0.4932,match,0.801,0,0.6232,0.7589,87.24947321117483
162,756,28,22,3,part_of_speech_classification,color_matching,matching,match_right,XVVX,adjective,positive,blue,✲✲launisch✲✲,adjective,negative,blue,0.4932,match,0.6642,0,0.619,0.7547,86.66023235235501
162,757,29,22,3,part_of_speech_classification,color_matching,matching,match_right,WJJW,adjective,negative,brown,✲✲✲glück✲✲✲✲,noun,positive,brown,0.4933,match,0.5891,0,0.6152,0.7509,86.12369087416727
162,758,30,22,3,part_of_speech_classification,color_matching,matching,match_right,WJJW,adjective,negative,brown,✲✲✲gütig✲✲✲✲,adjective,positive,brown,0.4932,match,0.697,0,0.6116,0.7473,85.61745826116952
162,759,31,22,3,part_of_speech_classification,color_matching,matching,match_right,MQQM,noun,positive,brown,✲✲✲gütig✲✲✲✲,adjective,positive,blue,0.4932,match,0.778,1,0.6083,0.7441,85.16874233517126
162,760,32,22,3,part_of_speech_classification,color_matching,matching,match_right,XVVX,adjective,positive,brown,✲entführung✲,noun,negative,brown,0.4932,match,0.7151,0,0.6175,0.7532,86.44495001132216
162,761,33,22,3,part_of_speech_classification,color_matching,matching,match_right,ZYYZ,noun,negative,blue,✲✲schlecht✲✲,adjective,negative,blue,0.4932,match,0.404,0,0.6141,0.7498,85.97870096179182
162,762,34,22,3,part_of_speech_classification,color_matching,matching,match_right,WJJW,adjective,negative,brown,✲✲schleim✲✲✲,noun,negative,brown,0.4932,match,1.0367,0,0.611,0.7467,85.53443898885686
162,763,35,22,3,part_of_speech_classification,color_matching,matching,match_right,XVVX,adjective,positive,brown,✲✲✲✲gift✲✲✲✲,noun,negative,blue,0.4932,nonmatch,0.7418,0,0.6081,0.7438,85.1313642964516
162,764,36,22,3,part_of_speech_classification,color_matching,matching,match_right,WJJW,adjective,negative,brown,✲✲✲lustig✲✲✲,adjective,positive,blue,0.4932,nonmatch,0.8801,0,0.6053,0.741,84.74137795201962
162,765,37,22,3,part_of_speech_classification,color_matching,matching,match_right,MQQM,noun,positive,brown,✲✲einfall✲✲✲,noun,positive,blue,0.4932,nonmatch,0.6412,0,0.6028,0.7385,84.39076970918845
162,766,38,22,3,part_of_speech_classification,color_matching,matching,match_right,WJJW,adjective,negative,brown,✲entführung✲,noun,negative,blue,0.4932,match,0.5987,1,0.6003,0.7361,84.04709940951349
162,767,39,22,3,part_of_speech_classification,color_matching,matching,match_right,ZYYZ,noun,negative,blue,✲entführung✲,noun,negative,blue,0.4932,match,0.5996,0,0.6073,0.743,85.02497200557838
162,768,40,22,3,part_of_speech_classification,color_matching,matching,match_right,XVVX,adjective,positive,brown,✲✲ehrlich✲✲✲,adjective,positive,brown,0.4936,match,0.9364,0,0.6048,0.7405,84.67308689282204
162,769,41,22,3,part_of_speech_classification,color_matching,matching,match_right,WJJW,adjective,negative,brown,✲✲einfall✲✲✲,noun,positive,blue,0.4932,nonmatch,0.9772,0,0.6025,0.7382,84.3513646862216
162,770,42,22,3,part_of_speech_classification,color_matching,matching,match_right,WJJW,adjective,negative,blue,✲✲✲✲spaß✲✲✲✲,noun,positive,blue,0.4932,match,0.8052,0,0.6003,0.736,84.03670859891899
162,771,43,22,3,part_of_speech_classification,color_matching,matching,match_right,MQQM,noun,positive,blue,✲✲launisch✲✲,adjective,negative,blue,0.4932,match,0.5676,0,0.5982,0.7339,83.74404012866529
162,772,44,22,3,part_of_speech_classification,color_matching,matching,match_right,ZYYZ,noun,negative,blue,✲✲einfall✲✲✲,noun,positive,brown,0.4932,match,0.9289,1,0.5962,0.7319,83.46730765204202
162,773,45,22,3,part_of_speech_classification,color_matching,matching,match_right,XVVX,adjective,positive,brown,✲✲✲gierig✲✲✲,adjective,negative,brown,0.4932,match,0.621,0,0.6018,0.7376,84.25707517951375
162,774,46,22,3,part_of_speech_classification,color_matching,matching,match_right,ZYYZ,noun,negative,brown,✲✲✲gütig✲✲✲✲,adjective,positive,blue,0.4933,match,0.8146,1,0.5997,0.7354,83.96277487094984
162,775,47,22,3,part_of_speech_classification,color_matching,matching,match_right,XVVX,adjective,positive,blue,✲✲✲liebe✲✲✲✲,noun,positive,brown,0.496,match,0.6344,1,0.6057,0.7414,84.79561582968728
162,776,48,22,3,part_of_speech_classification,color_matching,matching,match_right,XVVX,adjective,positive,blue,✲✲schlecht✲✲,adjective,negative,brown,0.4932,match,0.7822,1,0.6121,0.7479,85.69952959902885
162,777,49,22,3,part_of_speech_classification,color_matching,matching,match_right,MQQM,noun,positive,brown,✲✲✲eitel✲✲✲✲,adjective,negative,blue,0.4932,match,0.457,1,0.6191,0.7549,86.68093105879296
162,778,50,22,3,part_of_speech_classification,color_matching,matching,match_right,XVVX,adjective,positive,brown,✲✲einfall✲✲✲,noun,positive,blue,0.4932,match,0.9332,1,0.6268,0.7625,87.74521465096096
162,779,51,22,3,part_of_speech_classification,color_matching,matching,match_right,MQQM,noun,positive,blue,✲entführung✲,noun,negative,blue,0.4932,match,0.6652,0,0.635,0.7707,88.89708548850456
162,780,52,22,3,part_of_speech_classification,color_matching,matching,match_right,ZYYZ,noun,negative,brown,✲✲✲gierig✲✲✲,adjective,negative,brown,0.4932,match,0.6325,0,0.6319,0.7677,88.47158741416327
162,781,53,22,3,part_of_speech_classification,color_matching,matching,match_right,ZYYZ,noun,negative,blue,✲✲✲eitel✲✲✲✲,adjective,negative,brown,0.4932,match,0.726,1,0.6291,0.7648,88.07266532732356
162,782,54,22,3,part_of_speech_classification,color_matching,matching,match_right,XVVX,adjective,positive,brown,✲✲✲eitel✲✲✲✲,adjective,negative,blue,0.4932,match,0.7206,1,0.6375,0.7732,89.24463702856067
162,783,55,22,3,part_of_speech_classification,color_matching,matching,match_right,MQQM,noun,positive,blue,✲✲✲schön✲✲✲✲,adjective,positive,brown,0.4932,match,0.7207,1,0.6466,0.7823,90.52711993061448
162,784,56,22,3,part_of_speech_classification,color_matching,matching,match_right,WJJW,adjective,negative,blue,✲✲✲liebe✲✲✲✲,noun,positive,brown,0.4932,nonmatch,0.7184,0,0.6574,0.7931,92.03094184279932
162,785,57,22,3,part_of_speech_classification,color_matching,matching,match_right,WJJW,adjective,negative,blue,✲✲✲✲gift✲✲✲✲,noun,negative,brown,0.4933,nonmatch,0.7349,0,0.6536,0.7893,91.50753942846042
162,786,58,22,3,part_of_speech_classification,color_matching,matching,match_right,WJJW,adjective,negative,brown,✲✲launisch✲✲,adjective,negative,brown,0.4962,nonmatch,0.8691,1,0.6501,0.7858,91.01601616854813
162,787,59,22,3,part_of_speech_classification,color_matching,matching,match_right,XVVX,adjective,positive,blue,✲✲✲lustig✲✲✲,adjective,positive,brown,0.4932,match,0.5819,1,0.6601,0.7958,92.41867908242226
162,788,60,22,3,part_of_speech_classification,color_matching,matching,match_right,MQQM,noun,positive,brown,✲✲✲gierig✲✲✲,adjective,negative,brown,0.4932,match,0.8819,0,0.6719,0.8076,94.0631607569129
162,789,61,22,3,part_of_speech_classification,color_matching,matching,match_right,WJJW,adjective,negative,blue,✲✲✲eitel✲✲✲✲,adjective,negative,brown,0.4932,match,0.8526,1,0.6677,0.8035,93.4837576441509
162,790,62,22,3,part_of_speech_classification,color_matching,matching,match_right,ZYYZ,noun,negative,brown,✲✲launisch✲✲,adjective,negative,blue,0.4932,match,0.7844,1,0.68,0.8157,95.19556574097864
162,791,63,22,3,part_of_speech_classification,color_matching,matching,match_right,XVVX,adjective,positive,blue,✲✲✲gütig✲✲✲✲,adjective,positive,blue,0.4932,match,0.7571,0,0.6942,0.8299,97.18789707965944
162,792,64,22,3,part_of_speech_classification,color_matching,matching,match_right,ZYYZ,noun,negative,brown,✲✲✲glück✲✲✲✲,noun,positive,brown,0.4932,match,0.747,0,0.6892,0.8249,96.48155651601817
162,793,1,23,4,part_of_speech_classification,color_matching,matching,match_right,MQQM,noun,positive,brown,✲✲✲eitel✲✲✲✲,adjective,negative,blue,0.4932,nonmatch,0.391,0,0.6847,0.8204,95.85146322591105
162,794,2,23,4,part_of_speech_classification,color_matching,matching,match_right,ZYYZ,noun,negative,blue,✲✲schleim✲✲✲,noun,negative,brown,0.4932,nonmatch,2.4204,0,0.6805,0.8162,95.27015214053743
162,795,3,23,4,part_of_speech_classification,color_matching,matching,match_right,WJJW,adjective,negative,brown,✲✲✲gütig✲✲✲✲,adjective,positive,blue,0.5036,match,0.8734,1,0.6766,0.8123,94.72751969321828
162,796,4,23,4,part_of_speech_classification,color_matching,matching,match_right,WJJW,adjective,negative,blue,✲✲ehrlich✲✲✲,adjective,positive,blue,0.4932,match,0.8995,0,0.6877,0.8234,96.27780326092557
162,797,5,23,4,part_of_speech_classification,color_matching,matching,match_right,XVVX,adjective,positive,brown,✲✲ehrlich✲✲✲,adjective,positive,brown,0.4962,nonmatch,0.3683,1,0.6837,0.8194,95.71637628399789
162,798,6,23,4,part_of_speech_classification,color_matching,matching,match_right,XVVX,adjective,positive,brown,✲entführung✲,noun,negative,blue,0.4932,match,0.8083,1,0.6951,0.8309,97.31982158355264
162,799,7,23,4,part_of_speech_classification,color_matching,matching,match_right,MQQM,noun,positive,brown,✲✲✲glück✲✲✲✲,noun,positive,blue,0.4963,match,0.785,1,0.7085,0.8442,99.18513319701952
162,800,8,23,4,part_of_speech_classification,color_matching,matching,match_right,XVVX,adjective,positive,brown,✲✲schleim✲✲✲,noun,negative,brown,0.4932,match,0.9154,0,0.7238,0.8595,101.32921238168285
162,801,9,23,4,part_of_speech_classification,color_matching,matching,match_right,ZYYZ,noun,negative,brown,✲entführung✲,noun,negative,brown,0.4932,match,0.6034,0,0.7184,0.8541,100.5734802590814
162,802,10,23,4,part_of_speech_classification,color_matching,matching,match_right,XVVX,adjective,positive,brown,✲✲einfall✲✲✲,noun,positive,blue,0.4932,nonmatch,0.5051,0,0.7135,0.8492,99.89336891254345
162,803,11,23,4,part_of_speech_classification,color_matching,matching,match_right,XVVX,adjective,positive,brown,✲✲✲liebe✲✲✲✲,noun,positive,brown,0.4932,match,1.1139,0,0.709,0.8447,99.26137839254248
162,804,12,23,4,part_of_speech_classification,color_matching,matching,match_right,ZYYZ,noun,negative,brown,✲✲✲lustig✲✲✲,adjective,positive,brown,0.4932,match,0.9995,0,0.7049,0.8406,98.67944210358004
162,805,13,23,4,part_of_speech_classification,color_matching,matching,match_right,XVVX,adjective,positive,blue,✲✲✲leiche✲✲✲,noun,negative,brown,0.4932,match,0.8835,1,0.701,0.8368,98.14560403163841
162,806,14,23,4,part_of_speech_classification,color_matching,matching,match_right,XVVX,adjective,positive,blue,✲✲✲eitel✲✲✲✲,adjective,negative,blue,0.4932,match,0.7288,0,0.7125,0.8482,99.7536374832727
162,807,15,23,4,part_of_speech_classification,color_matching,matching,match_right,ZYYZ,noun,negative,blue,✲✲✲leiche✲✲✲,noun,negative,blue,0.4932,match,0.7118,0,0.7085,0.8443,99.1954996472718
162,808,16,23,4,part_of_speech_classification,color_matching,matching,match_right,XVVX,adjective,positive,brown,✲✲✲gierig✲✲✲,adjective,negative,blue,0.4932,match,0.643,1,0.7048,0.8405,98.67427613566775
162,809,17,23,4,part_of_speech_classification,color_matching,matching,match_right,MQQM,noun,positive,blue,✲✲✲✲gift✲✲✲✲,noun,negative,blue,0.5313,nonmatch,2.0509,1,0.7155,0.8512,100.16377093551624
162,810,18,23,4,part_of_speech_classification,color_matching,matching,match_right,WJJW,adjective,negative,blue,✲✲✲eitel✲✲✲✲,adjective,negative,blue,0.4932,nonmatch,0.8356,1,0.7278,0.8635,101.89086125688416
162,811,19,23,4,part_of_speech_classification,color_matching,matching,match_right,MQQM,noun,positive,blue,✲✲✲schön✲✲✲✲,adjective,positive,brown,0.4932,match,1.0184,1,0.7409,0.8766,103.7280876249607
162,812,20,23,4,part_of_speech_classification,color_matching,matching,match_right,WJJW,adjective,negative,brown,✲✲✲glück✲✲✲✲,noun,positive,brown,0.4932,match,0.8136,0,0.756,0.8917,105.83760687480114
162,813,21,23,4,part_of_speech_classification,color_matching,matching,match_right,MQQM,noun,positive,brown,✲✲launisch✲✲,adjective,negative,brown,0.4932,match,0.7907,0,0.7506,0.8863,105.08172189294642
162,814,22,23,4,part_of_speech_classification,color_matching,matching,match_right,WJJW,adjective,negative,blue,✲✲schleim✲✲✲,noun,negative,brown,0.4932,match,0.7562,1,0.7456,0.8813,104.38172041267863
162,815,23,23,4,part_of_speech_classification,color_matching,matching,match_right,WJJW,adjective,negative,brown,✲✲✲gierig✲✲✲,adjective,negative,brown,0.4932,match,0.7138,0,0.7603,0.896,106.44518807540521
162,816,24,23,4,part_of_speech_classification,color_matching,matching,match_right,MQQM,noun,positive,blue,✲✲einfall✲✲✲,noun,positive,brown,0.4932,match,0.712,1,0.7551,0.8908,105.7168180902351
162,817,25,23,4,part_of_speech_classification,color_matching,matching,match_right,WJJW,adjective,negative,brown,✲✲einfall✲✲✲,noun,positive,blue,0.4932,match,1.2133,1,0.77,0.9057,107.80429631185146
162,818,26,23,4,part_of_speech_classification,color_matching,matching,match_right,WJJW,adjective,negative,brown,✲entführung✲,noun,negative,brown,0.4932,match,0.9714,0,0.7869,0.9226,110.16878871714223
162,819,27,23,4,part_of_speech_classification,color_matching,matching,match_right,ZYYZ,noun,negative,blue,✲✲✲eitel✲✲✲✲,adjective,negative,blue,0.4932,match,0.9532,0,0.781,0.9167,109.33658128656266
162,820,28,23,4,part_of_speech_classification,color_matching,matching,match_right,XVVX,adjective,positive,blue,✲✲✲schön✲✲✲✲,adjective,positive,blue,0.4932,match,0.798,0,0.7755,0.9112,108.56822542006066
162,821,29,23,4,part_of_speech_classification,color_matching,matching,match_right,MQQM,noun,positive,blue,✲entführung✲,noun,negative,brown,0.4932,match,0.8908,1,0.7704,0.9061,107.85546535735864
162,822,30,23,4,part_of_speech_classification,color_matching,matching,match_right,ZYYZ,noun,negative,brown,✲✲einfall✲✲✲,noun,positive,blue,0.4932,match,0.9708,1,0.785,0.9207,109.89744730788024
162,823,31,23,4,part_of_speech_classification,color_matching,matching,match_right,MQQM,noun,positive,brown,✲✲✲leiche✲✲✲,noun,negative,brown,0.4932,match,0.7114,0,0.8014,0.9372,112.20219288317443
162,824,32,23,4,part_of_speech_classification,color_matching,matching,match_right,XVVX,adjective,positive,blue,✲✲launisch✲✲,adjective,negative,brown,0.4932,match,0.8472,1,0.7957,0.9314,111.39967935677534
162,825,33,23,4,part_of_speech_classification,color_matching,matching,match_right,MQQM,noun,positive,blue,✲✲✲✲spaß✲✲✲✲,noun,positive,blue,0.4932,match,0.7604,0,0.8122,0.9479,113.70394627119407
162,826,34,23,4,part_of_speech_classification,color_matching,matching,match_right,MQQM,noun,positive,blue,✲✲ehrlich✲✲✲,adjective,positive,blue,0.4932,match,0.7961,0,0.8063,0.942,112.87670263847782
162,827,35,23,4,part_of_speech_classification,color_matching,matching,match_right,WJJW,adjective,negative,brown,✲✲✲✲gift✲✲✲✲,noun,negative,blue,0.4932,nonmatch,0.9193,0,0.8007,0.9365,112.10411115432262
162,828,36,23,4,part_of_speech_classification,color_matching,matching,match_right,ZYYZ,noun,negative,blue,✲✲✲glück✲✲✲✲,noun,positive,brown,0.4932,match,1.1444,1,0.7958,0.9315,111.40682205194481
162,829,37,23,4,part_of_speech_classification,color_matching,matching,match_right,ZYYZ,noun,negative,blue,✲✲✲gütig✲✲✲✲,adjective,positive,blue,0.4932,match,0.9755,0,0.81,0.9457,113.40406999114957
162,830,38,23,4,part_of_speech_classification,color_matching,matching,match_right,MQQM,noun,positive,brown,✲✲✲liebe✲✲✲✲,noun,positive,brown,0.4932,match,0.9384,0,0.8049,0.9406,112.69064220123971
162,831,39,23,4,part_of_speech_classification,color_matching,matching,match_right,XVVX,adjective,positive,brown,✲✲schlecht✲✲,adjective,negative,brown,0.4932,match,0.8368,0,0.8001,0.9358,112.01704119387715
162,832,40,23,4,part_of_speech_classification,color_matching,matching,match_right,XVVX,adjective,positive,brown,✲✲✲lustig✲✲✲,adjective,positive,blue,0.4932,match,0.906,1,0.7957,0.9314,111.39911735047765
162,833,41,23,4,part_of_speech_classification,color_matching,matching,match_right,MQQM,noun,positive,blue,✲✲✲gierig✲✲✲,adjective,negative,brown,0.4932,match,0.9891,1,0.8083,0.944,113.16487990680642
162,834,42,23,4,part_of_speech_classification,color_matching,matching,match_right,XVVX,adjective,positive,blue,✲✲✲gütig✲✲✲✲,adjective,positive,brown,0.4932,match,0.9578,1,0.8228,0.9585,115.18543240178451
162,835,43,23,4,part_of_speech_classification,color_matching,matching,match_right,ZYYZ,noun,negative,brown,✲✲launisch✲✲,adjective,negative,blue,0.4932,match,0.8909,1,0.839,0.9747,117.45914007672596
162,836,44,23,4,part_of_speech_classification,color_matching,matching,match_right,WJJW,adjective,negative,brown,✲✲✲lustig✲✲✲,adjective,positive,brown,0.4935,match,0.9901,0,0.8571,0.9928,119.99333102916164
162,837,45,23,4,part_of_speech_classification,color_matching,matching,match_right,ZYYZ,noun,negative,brown,✲✲✲gierig✲✲✲,adjective,negative,brown,0.4932,match,0.928,0,0.8509,0.9866,119.12017730604121
162,838,46,23,4,part_of_speech_classification,color_matching,matching,match_right,WJJW,adjective,negative,blue,✲✲✲leiche✲✲✲,noun,negative,blue,0.4933,match,1.0712,0,0.8452,0.9809,118.33231670388957
162,839,47,23,4,part_of_speech_classification,color_matching,matching,match_right,WJJW,adjective,negative,blue,✲✲✲✲spaß✲✲✲✲,noun,positive,brown,0.4932,match,0.8692,1,0.8399,0.9757,117.59236615061732
162,840,48,23,4,part_of_speech_classification,color_matching,matching,match_right,ZYYZ,noun,negative,blue,✲✲schlecht✲✲,adjective,negative,brown,0.4932,match,0.941,1,0.8557,0.9914,119.79904278907773
162,841,49,23,4,part_of_speech_classification,color_matching,matching,match_right,ZYYZ,noun,negative,brown,✲✲✲✲spaß✲✲✲✲,noun,positive,brown,0.4932,match,0.8798,0,0.8733,1.009,122.26218812391905
162,842,50,23,4,part_of_speech_classification,color_matching,matching,match_right,XVVX,adjective,positive,blue,✲✲✲✲gift✲✲✲✲,noun,negative,blue,0.4932,match,1.0528,0,0.8673,1.003,121.41653268825787
162,843,51,23,4,part_of_speech_classification,color_matching,matching,match_right,ZYYZ,noun,negative,brown,✲✲ehrlich✲✲✲,adjective,positive,blue,0.4932,match,0.855,1,0.8618,0.9975,120.64865449485703
162,844,52,23,4,part_of_speech_classification,color_matching,matching,match_right,XVVX,adjective,positive,blue,✲✲✲glück✲✲✲✲,noun,positive,blue,0.4932,match,1.1132,0,0.8775,1.0132,122.85106059627468
162,845,53,23,4,part_of_speech_classification,color_matching,matching,match_right,ZYYZ,noun,negative,blue,✲✲✲liebe✲✲✲✲,noun,positive,blue,0.4932,match,1.0771,0,0.8719,1.0076,122.0707764767895
162,846,54,23,4,part_of_speech_classification,color_matching,matching,match_right,WJJW,adjective,negative,blue,✲✲✲schön✲✲✲✲,adjective,positive,brown,0.4932,match,1.0267,1,0.8667,1.0024,121.33310091026516
162,847,55,23,4,part_of_speech_classification,color_matching,matching,match_right,ZYYZ,noun,negative,blue,✲✲✲schön✲✲✲✲,adjective,positive,brown,0.4932,match,0.9422,1,0.8822,1.0179,123.50277919742216
162,848,56,23,4,part_of_speech_classification,color_matching,matching,match_right,MQQM,noun,positive,brown,✲✲✲gütig✲✲✲✲,adjective,positive,brown,0.4932,match,0.9186,0,0.8995,1.0352,125.92456532208
162,849,57,23,4,part_of_speech_classification,color_matching,matching,match_right,MQQM,noun,positive,brown,✲✲✲lustig✲✲✲,adjective,positive,blue,0.4932,nonmatch,0.4975,0,0.8935,1.0292,125.0919235415588
162,850,58,23,4,part_of_speech_classification,color_matching,matching,match_right,MQQM,noun,positive,blue,✲✲schlecht✲✲,adjective,negative,blue,0.4932,match,1.0908,0,0.8881,1.0238,124.33381581615815
162,851,59,23,4,part_of_speech_classification,color_matching,matching,match_right,ZYYZ,noun,negative,brown,✲✲✲✲gift✲✲✲✲,noun,negative,blue,0.4982,nonmatch,1.0648,0,0.883,1.0187,123.6211462865366
162,852,60,23,4,part_of_speech_classification,color_matching,matching,match_right,WJJW,adjective,negative,brown,✲✲launisch✲✲,adjective,negative,blue,0.4932,match,1.2409,1,0.8782,1.0139,122.9519439467254
162,853,61,23,4,part_of_speech_classification,color_matching,matching,match_right,WJJW,adjective,negative,blue,✲✲schlecht✲✲,adjective,negative,brown,0.4934,nonmatch,1.0856,0,0.8919,1.0276,124.87058861008181
162,854,62,23,4,part_of_speech_classification,color_matching,matching,match_right,WJJW,adjective,negative,blue,✲✲✲liebe✲✲✲✲,noun,positive,blue,0.4932,match,1.2037,0,0.8871,1.0228,124.18931975931518
162,855,63,23,4,part_of_speech_classification,color_matching,matching,match_right,XVVX,adjective,positive,blue,✲✲✲✲spaß✲✲✲✲,noun,positive,brown,0.4932,match,1.1552,1,0.8826,1.0183,123.55723764744012
162,856,64,23,4,part_of_speech_classification,color_matching,matching,match_right,MQQM,noun,positive,brown,✲✲schleim✲✲✲,noun,negative,blue,0.4932,match,0.818,1,0.8961,1.0319,125.45990213851123
162,857,1,24,5,part_of_speech_classification,color_matching,matching,match_right,XVVX,adjective,positive,brown,✲✲✲schön✲✲✲✲,adjective,positive,blue,0.4932,nonmatch,0.9037,0,0.9104,1.0461,127.45580245038614
162,858,2,24,5,part_of_speech_classification,color_matching,matching,match_right,WJJW,adjective,negative,brown,✲✲ehrlich✲✲✲,adjective,positive,brown,0.4932,nonmatch,0.5985,1,0.9053,1.0411,126.74783529844241
162,859,3,24,5,part_of_speech_classification,color_matching,matching,match_right,WJJW,adjective,negative,brown,✲entführung✲,noun,negative,brown,0.4932,match,0.6035,0,0.9198,1.0555,128.7761682197238
162,860,4,24,5,part_of_speech_classification,color_matching,matching,match_right,XVVX,adjective,positive,brown,✲✲einfall✲✲✲,noun,positive,blue,0.4932,match,1.2286,1,0.9147,1.0504,128.0569565429729
162,861,5,24,5,part_of_speech_classification,color_matching,matching,match_right,ZYYZ,noun,negative,brown,✲✲schleim✲✲✲,noun,negative,blue,0.4932,nonmatch,1.0903,0,0.9294,1.0651,130.11652717008354
162,862,6,24,5,part_of_speech_classification,color_matching,matching,match_right,WJJW,adjective,negative,brown,✲✲launisch✲✲,adjective,negative,blue,0.4932,match,1.0331,1,0.9242,1.0599,129.38641521789023
162,863,7,24,5,part_of_speech_classification,color_matching,matching,match_right,WJJW,adjective,negative,blue,✲✲✲✲gift✲✲✲✲,noun,negative,blue,0.4936,match,1.1731,0,0.9391,1.0748,131.47591908101597
162,864,8,24,5,part_of_speech_classification,color_matching,matching,match_right,ZYYZ,noun,negative,blue,✲✲✲leiche✲✲✲,noun,negative,brown,0.4932,match,1.0548,1,0.9338,1.0695,130.7352706554234
162,865,9,24,5,part_of_speech_classification,color_matching,matching,match_right,MQQM,noun,positive,brown,✲✲✲✲spaß✲✲✲✲,noun,positive,brown,0.4932,match,1.1248,0,0.949,1.0847,132.8533340911199
162,866,10,24,5,part_of_speech_classification,color_matching,matching,match_right,ZYYZ,noun,negative,blue,✲✲ehrlich✲✲✲,adjective,positive,brown,0.4932,match,1.026,1,0.9436,1.0793,132.1025242675423
162,867,11,24,5,part_of_speech_classification,color_matching,matching,match_right,MQQM,noun,positive,blue,✲✲✲leiche✲✲✲,noun,negative,blue,0.4932,match,0.8561,0,0.9589,1.0946,134.2477411057358
162,868,12,24,5,part_of_speech_classification,color_matching,matching,match_right,WJJW,adjective,negative,brown,✲✲einfall✲✲✲,noun,positive,brown,0.4932,match,1.1425,0,0.9535,1.0892,133.48714983137666
162,869,13,24,5,part_of_speech_classification,color_matching,matching,match_right,XVVX,adjective,positive,brown,✲✲schlecht✲✲,adjective,negative,blue,0.4932,match,1.0045,1,0.9483,1.084,132.7591933496806
162,870,14,24,5,part_of_speech_classification,color_matching,matching,match_right,WJJW,adjective,negative,brown,✲✲✲gierig✲✲✲,adjective,negative,brown,0.4964,match,1.0938,0,0.9636,1.0993,134.9011955222855
162,871,15,24,5,part_of_speech_classification,color_matching,matching,match_right,MQQM,noun,positive,brown,✲entführung✲,noun,negative,blue,0.4932,nonmatch,1.0485,0,0.9583,1.094,134.15587582707897
162,872,16,24,5,part_of_speech_classification,color_matching,matching,match_right,MQQM,noun,positive,blue,✲✲ehrlich✲✲✲,adjective,positive,brown,0.4932,nonmatch,1.2092,0,0.9534,1.0891,133.4722432613852
162,873,17,24,5,part_of_speech_classification,color_matching,matching,match_right,ZYYZ,noun,negative,brown,✲✲launisch✲✲,adjective,negative,blue,0.4932,nonmatch,1.0962,0,0.9487,1.0844,132.8139093130574
162,874,18,24,5,part_of_speech_classification,color_matching,matching,match_right,WJJW,adjective,negative,brown,✲✲✲✲spaß✲✲✲✲,noun,positive,blue,0.4932,nonmatch,1.1075,0,0.9444,1.0801,132.20961499740292
162,875,19,24,5,part_of_speech_classification,color_matching,matching,match_right,MQQM,noun,positive,brown,✲✲✲gierig✲✲✲,adjective,negative,brown,0.5087,match,1.3302,0,0.9401,1.0758,131.61743834781498
162,876,20,24,5,part_of_speech_classification,color_matching,matching,match_right,MQQM,noun,positive,blue,✲✲✲liebe✲✲✲✲,noun,positive,brown,0.4932,nonmatch,1.026,0,0.9363,1.072,131.08215632072015
162,877,21,24,5,part_of_speech_classification,color_matching,matching,match_right,XVVX,adjective,positive,blue,✲✲✲gütig✲✲✲✲,adjective,positive,brown,0.4932,nonmatch,1.0993,0,0.9325,1.0683,130.555593341031
162,878,22,24,5,part_of_speech_classification,color_matching,matching,match_right,XVVX,adjective,positive,blue,✲✲✲glück✲✲✲✲,noun,positive,blue,0.4932,match,0.9545,0,0.929,1.0647,130.06054152052826
162,879,23,24,5,part_of_speech_classification,color_matching,matching,match_right,XVVX,adjective,positive,blue,✲✲✲liebe✲✲✲✲,noun,positive,brown,0.4932,nonmatch,0.9003,0,0.9257,1.0614,129.5949871240605
162,880,24,24,5,part_of_speech_classification,color_matching,matching,match_right,WJJW,adjective,negative,blue,✲✲✲glück✲✲✲✲,noun,positive,blue,0.4932,match,1.1852,0,0.9224,1.0581,129.13612839333126
162,881,25,24,5,part_of_speech_classification,color_matching,matching,match_right,WJJW,adjective,negative,blue,✲✲✲lustig✲✲✲,adjective,positive,brown,0.4932,nonmatch,1.0188,0,0.9194,1.0551,128.71082919717824
162,882,26,24,5,part_of_speech_classification,color_matching,matching,match_right,MQQM,noun,positive,blue,✲✲schlecht✲✲,adjective,negative,brown,0.4932,nonmatch,0.8577,0,0.9165,1.0522,128.30300878725703
162,883,27,24,5,part_of_speech_classification,color_matching,matching,match_right,XVVX,adjective,positive,blue,✲entführung✲,noun,negative,brown,0.4932,nonmatch,1.0001,0,0.9136,1.0493,127.90022893249076
162,884,28,24,5,part_of_speech_classification,color_matching,matching,match_right,XVVX,adjective,positive,blue,✲✲✲eitel✲✲✲✲,adjective,negative,blue,0.4932,match,0.8835,0,0.9109,1.0466,127.52037267992195
162,885,29,24,5,part_of_speech_classification,color_matching,matching,match_right,XVVX,adjective,positive,blue,✲✲✲gierig✲✲✲,adjective,negative,brown,0.4932,match,1.215,1,0.9083,1.044,127.16155851865261
162,886,30,24,5,part_of_speech_classification,color_matching,matching,match_right,MQQM,noun,positive,brown,✲✲schleim✲✲✲,noun,negative,brown,0.4932,match,0.9799,0,0.9162,1.0519,128.27282067694574
162,887,31,24,5,part_of_speech_classification,color_matching,matching,match_right,MQQM,noun,positive,blue,✲✲launisch✲✲,adjective,negative,blue,0.4932,match,1.2061,0,0.9135,1.0492,127.89346471346676
162,888,32,24,5,part_of_speech_classification,color_matching,matching,match_right,ZYYZ,noun,negative,brown,✲✲✲schön✲✲✲✲,adjective,positive,blue,0.4932,nonmatch,0.8685,0,0.911,1.0467,127.53556661856264
162,889,33,24,5,part_of_speech_classification,color_matching,matching,match_right,ZYYZ,noun,negative,brown,✲✲✲lustig✲✲✲,adjective,positive,brown,0.4953,match,1.0761,0,0.9086,1.0443,127.19790835704437
162,890,34,24,5,part_of_speech_classification,color_matching,matching,match_right,XVVX,adjective,positive,brown,✲✲✲✲gift✲✲✲✲,noun,negative,blue,0.4932,nonmatch,1.1086,0,0.9062,1.0419,126.86339208049114
162,891,35,24,5,part_of_speech_classification,color_matching,matching,match_right,ZYYZ,noun,negative,brown,✲✲✲✲spaß✲✲✲✲,noun,positive,brown,0.4932,match,0.8876,0,0.9038,1.0395,126.53044681371651
162,892,36,24,5,part_of_speech_classification,color_matching,matching,match_right,WJJW,adjective,negative,blue,✲✲✲gütig✲✲✲✲,adjective,positive,blue,0.4932,match,1.0188,0,0.9016,1.0373,126.22460270201371
162,893,37,24,5,part_of_speech_classification,color_matching,matching,match_right,MQQM,noun,positive,brown,✲✲✲eitel✲✲✲✲,adjective,negative,blue,0.4932,nonmatch,0.8251,0,0.8995,1.0352,125.92943487986341
162,894,38,24,5,part_of_speech_classification,color_matching,matching,match_right,MQQM,noun,positive,brown,✲✲einfall✲✲✲,noun,positive,blue,0.4933,nonmatch,1.1235,0,0.8974,1.0331,125.63645645442624
162,895,39,24,5,part_of_speech_classification,color_matching,matching,match_right,MQQM,noun,positive,blue,✲✲✲glück✲✲✲✲,noun,positive,blue,0.4932,match,1.0933,0,0.8953,1.031,125.34466476090337
162,896,40,24,5,part_of_speech_classification,color_matching,matching,match_right,XVVX,adjective,positive,brown,✲✲ehrlich✲✲✲,adjective,positive,brown,0.4932,match,1.1828,0,0.8933,1.0291,125.06745240212595
162,897,41,24,5,part_of_speech_classification,color_matching,matching,match_right,WJJW,adjective,negative,blue,✲✲schleim✲✲✲,noun,negative,brown,0.4932,nonmatch,0.7774,0,0.8915,1.0272,124.80745379232417
162,898,42,24,5,part_of_speech_classification,color_matching,matching,match_right,ZYYZ,noun,negative,blue,✲✲einfall✲✲✲,noun,positive,brown,0.4932,nonmatch,1.0335,0,0.8896,1.0254,124.54997466452556
162,899,43,24,5,part_of_speech_classification,color_matching,matching,match_right,WJJW,adjective,negative,blue,✲✲schlecht✲✲,adjective,negative,brown,0.4932,nonmatch,1.088,0,0.8878,1.0235,124.29450592470474
162,900,44,24,5,part_of_speech_classification,color_matching,matching,match_right,MQQM,noun,positive,blue,✲✲✲schön✲✲✲✲,adjective,positive,blue,0.4932,match,0.983,0,0.886,1.0217,124.03720122691314
162,901,45,24,5,part_of_speech_classification,color_matching,matching,match_right,ZYYZ,noun,negative,brown,✲✲✲glück✲✲✲✲,noun,positive,blue,0.4932,nonmatch,0.9115,0,0.8843,1.02,123.79819477660479
162,902,46,24,5,part_of_speech_classification,color_matching,matching,match_right,WJJW,adjective,negative,brown,✲✲✲schön✲✲✲✲,adjective,positive,blue,0.4932,nonmatch,1.0851,0,0.8826,1.0184,123.56995240752866
162,903,47,24,5,part_of_speech_classification,color_matching,matching,match_right,MQQM,noun,positive,blue,✲✲✲✲gift✲✲✲✲,noun,negative,brown,0.4932,nonmatch,0.843,0,0.881,1.0167,123.34363434023311
162,904,48,24,5,part_of_speech_classification,color_matching,matching,match_right,XVVX,adjective,positive,brown,✲✲schleim✲✲✲,noun,negative,brown,0.4932,match,0.7036,0,0.8794,1.0151,123.11902502470235
162,905,49,24,5,part_of_speech_classification,color_matching,matching,match_right,ZYYZ,noun,negative,blue,✲✲✲gütig✲✲✲✲,adjective,positive,blue,0.4932,match,1.0314,0,0.8778,1.0135,122.89292216772786
162,906,50,24,5,part_of_speech_classification,color_matching,matching,match_right,WJJW,adjective,negative,blue,✲✲✲eitel✲✲✲✲,adjective,negative,blue,0.4932,match,0.9915,0,0.8762,1.0119,122.67146768300263
162,907,51,24,5,part_of_speech_classification,color_matching,matching,match_right,XVVX,adjective,positive,blue,✲✲✲leiche✲✲✲,noun,negative,blue,0.4932,match,0.9852,0,0.8748,1.0105,122.46904672753412
162,908,52,24,5,part_of_speech_classification,color_matching,matching,match_right,XVVX,adjective,positive,brown,✲✲launisch✲✲,adjective,negative,brown,0.4932,match,0.8974,0,0.8733,1.0091,122.26888431058379
162,909,53,24,5,part_of_speech_classification,color_matching,matching,match_right,ZYYZ,noun,negative,blue,✲✲✲✲gift✲✲✲✲,noun,negative,blue,0.4932,match,0.995,0,0.8719,1.0076,122.06973157631698
162,910,54,24,5,part_of_speech_classification,color_matching,matching,match_right,XVVX,adjective,positive,blue,✲✲✲lustig✲✲✲,adjective,positive,blue,0.4936,match,0.8921,0,0.8705,1.0062,121.871537695151
162,911,55,24,5,part_of_speech_classification,color_matching,matching,match_right,MQQM,noun,positive,brown,✲✲✲lustig✲✲✲,adjective,positive,brown,0.4932,match,1.0045,0,0.8691,1.0048,121.67168388692532
162,912,56,24,5,part_of_speech_classification,color_matching,matching,match_right,MQQM,noun,positive,brown,✲✲✲gütig✲✲✲✲,adjective,positive,blue,0.4932,nonmatch,0.8277,0,0.8677,1.0034,121.47371496673199
162,913,57,24,5,part_of_speech_classification,color_matching,matching,match_right,ZYYZ,noun,negative,brown,✲entführung✲,noun,negative,brown,0.4932,match,0.8901,0,0.8664,1.0021,121.29453710547496
162,914,58,24,5,part_of_speech_classification,color_matching,matching,match_right,XVVX,adjective,positive,brown,✲✲✲✲spaß✲✲✲✲,noun,positive,brown,0.4932,match,1.0311,0,0.8651,1.0008,121.1174205154785
162,915,59,24,5,part_of_speech_classification,color_matching,matching,match_right,WJJW,adjective,negative,brown,✲✲✲leiche✲✲✲,noun,negative,blue,0.4932,nonmatch,0.9004,0,0.8639,0.9996,120.9413712044329
162,916,60,24,5,part_of_speech_classification,color_matching,matching,match_right,ZYYZ,noun,negative,brown,✲✲schlecht✲✲,adjective,negative,brown,0.4932,match,0.9153,0,0.8626,0.9983,120.76542330193551
162,917,61,24,5,part_of_speech_classification,color_matching,matching,match_right,ZYYZ,noun,negative,blue,✲✲✲gierig✲✲✲,adjective,negative,brown,0.4932,nonmatch,1.0328,0,0.8614,0.9971,120.58961009688308
162,918,62,24,5,part_of_speech_classification,color_matching,matching,match_right,ZYYZ,noun,negative,blue,✲✲✲liebe✲✲✲✲,noun,positive,blue,0.4932,match,0.9208,0,0.8601,0.9958,120.41180419723116
162,919,63,24,5,part_of_speech_classification,color_matching,matching,match_right,ZYYZ,noun,negative,blue,✲✲✲eitel✲✲✲✲,adjective,negative,blue,0.4932,match,0.8971,0,0.8589,0.9946,120.23948183138751
162,920,64,24,5,part_of_speech_classification,color_matching,matching,match_right,WJJW,adjective,negative,blue,✲✲✲liebe✲✲✲✲,noun,positive,brown,0.4932,nonmatch,0.9917,0,0.8577,0.9934,120.08103753438878
162,921,1,25,6,part_of_speech_classification,color_matching,matching,match_right,WJJW,adjective,negative,brown,✲✲✲gütig✲✲✲✲,adjective,positive,blue,0.4932,nonmatch,0.8465,0,0.8566,0.9923,119.92424766773792
162,922,2,25,6,part_of_speech_classification,color_matching,matching,match_right,XVVX,adjective,positive,blue,✲✲✲eitel✲✲✲✲,adjective,negative,brown,0.4932,nonmatch,1.0408,0,0.8555,0.9912,119.76832415152177
162,923,3,25,6,part_of_speech_classification,color_matching,matching,match_right,ZYYZ,noun,negative,blue,✲✲✲✲spaß✲✲✲✲,noun,positive,blue,0.4932,match,0.9186,0,0.8544,0.9901,119.61249846812392
162,924,4,25,6,part_of_speech_classification,color_matching,matching,match_right,WJJW,adjective,negative,blue,✲✲✲✲spaß✲✲✲✲,noun,positive,blue,0.4932,match,0.8978,0,0.8533,0.989,119.45691832996678
162,925,5,25,6,part_of_speech_classification,color_matching,matching,match_right,ZYYZ,noun,negative,blue,✲✲✲gütig✲✲✲✲,adjective,positive,blue,0.4932,match,0.9188,0,0.8521,0.9879,119.29976477294005
162,926,6,25,6,part_of_speech_classification,color_matching,matching,match_right,XVVX,adjective,positive,brown,✲✲✲schön✲✲✲✲,adjective,positive,blue,0.4932,nonmatch,0.885,0,0.851,0.9867,119.140293260683
162,927,7,25,6,part_of_speech_classification,color_matching,matching,match_right,XVVX,adjective,positive,brown,✲✲✲gierig✲✲✲,adjective,negative,blue,0.4932,nonmatch,1.0196,0,0.85,0.9857,118.99404603871542
162,928,8,25,6,part_of_speech_classification,color_matching,matching,match_right,MQQM,noun,positive,brown,✲✲✲✲spaß✲✲✲✲,noun,positive,blue,0.4932,nonmatch,1.0546,0,0.849,0.9847,118.85371046004153
162,929,9,25,6,part_of_speech_classification,color_matching,matching,match_right,MQQM,noun,positive,brown,✲✲schleim✲✲✲,noun,negative,brown,0.4932,match,0.9115,0,0.848,0.9837,118.7145946025161
162,930,10,25,6,part_of_speech_classification,color_matching,matching,match_right,ZYYZ,noun,negative,blue,✲✲✲✲gift✲✲✲✲,noun,negative,brown,0.4932,nonmatch,0.8828,0,0.847,0.9827,118.57607194148335
162,931,11,25,6,part_of_speech_classification,color_matching,matching,match_right,ZYYZ,noun,negative,brown,✲✲✲eitel✲✲✲✲,adjective,negative,brown,0.5109,match,0.8758,0,0.846,0.9817,118.43752860694647
162,932,12,25,6,part_of_speech_classification,color_matching,matching,match_right,XVVX,adjective,positive,brown,✲entführung✲,noun,negative,brown,0.4932,match,0.9234,0,0.845,0.9807,118.29917612350492
162,933,13,25,6,part_of_speech_classification,color_matching,matching,match_right,WJJW,adjective,negative,blue,✲✲✲✲gift✲✲✲✲,noun,negative,blue,0.4932,match,1.0079,0,0.844,0.9797,118.15946227231626
162,934,14,25,6,part_of_speech_classification,color_matching,matching,match_right,MQQM,noun,positive,blue,✲✲✲glück✲✲✲✲,noun,positive,blue,0.4961,match,0.9118,0,0.843,0.9787,118.01778732359469
162,935,15,25,6,part_of_speech_classification,color_matching,matching,match_right,WJJW,adjective,negative,blue,✲✲✲schön✲✲✲✲,adjective,positive,blue,0.4932,match,0.8323,0,0.842,0.9777,117.87921369599415
162,936,16,25,6,part_of_speech_classification,color_matching,matching,match_right,MQQM,noun,positive,blue,✲entführung✲,noun,negative,brown,0.4932,nonmatch,1.0231,0,0.8411,0.9768,117.75314965329785
162,937,17,25,6,part_of_speech_classification,color_matching,matching,match_right,ZYYZ,noun,negative,brown,✲✲launisch✲✲,adjective,negative,blue,0.4932,nonmatch,1.0869,0,0.8402,0.9759,117.62843532988508
162,938,18,25,6,part_of_speech_classification,color_matching,matching,match_right,MQQM,noun,positive,brown,✲✲✲lustig✲✲✲,adjective,positive,brown,0.4932,match,0.879,0,0.8393,0.975,117.50455740414957
162,939,19,25,6,part_of_speech_classification,color_matching,matching,match_right,XVVX,adjective,positive,blue,✲✲✲lustig✲✲✲,adjective,positive,blue,0.4932,match,0.9004,0,0.8384,0.9742,117.38101429676253
162,940,20,25,6,part_of_speech_classification,color_matching,matching,match_right,ZYYZ,noun,negative,brown,✲✲✲glück✲✲✲✲,noun,positive,blue,0.4932,nonmatch,0.8221,0,0.8376,0.9733,117.25731207288788
162,941,21,25,6,part_of_speech_classification,color_matching,matching,match_right,ZYYZ,noun,negative,brown,✲✲ehrlich✲✲✲,adjective,positive,blue,0.4932,match,1.0127,1,0.8367,0.9724,117.13369559201601
162,942,22,25,6,part_of_speech_classification,color_matching,matching,match_right,WJJW,adjective,negative,blue,✲✲✲lustig✲✲✲,adjective,positive,brown,0.4932,match,1.0697,1,0.8392,0.9749,117.4829418054347
162,943,23,25,6,part_of_speech_classification,color_matching,matching,match_right,XVVX,adjective,positive,brown,✲✲✲✲spaß✲✲✲✲,noun,positive,blue,0.4932,match,0.7266,1,0.8418,0.9775,117.84610344263618
162,944,24,25,6,part_of_speech_classification,color_matching,matching,match_right,XVVX,adjective,positive,blue,✲✲✲gütig✲✲✲✲,adjective,positive,brown,0.4932,nonmatch,0.8715,0,0.8445,0.9802,118.23339344461975
162,945,25,25,6,part_of_speech_classification,color_matching,matching,match_right,XVVX,adjective,positive,brown,✲✲einfall✲✲✲,noun,positive,brown,0.4932,match,0.9546,0,0.8436,0.9793,118.10175825276997
162,946,26,25,6,part_of_speech_classification,color_matching,matching,match_right,XVVX,adjective,positive,blue,✲✲schlecht✲✲,adjective,negative,blue,0.4932,match,0.8543,0,0.8426,0.9783,117.96805330118353
162,947,27,25,6,part_of_speech_classification,color_matching,matching,match_right,MQQM,noun,positive,brown,✲✲launisch✲✲,adjective,negative,brown,0.4932,match,0.8715,0,0.8417,0.9775,117.8433442462182
162,948,28,25,6,part_of_speech_classification,color_matching,matching,match_right,MQQM,noun,positive,blue,✲✲✲schön✲✲✲✲,adjective,positive,blue,0.4932,match,0.9187,0,0.8409,0.9766,117.72594247506696
162,949,29,25,6,part_of_speech_classification,color_matching,matching,match_right,XVVX,adjective,positive,blue,✲✲✲✲gift✲✲✲✲,noun,negative,blue,0.4932,match,0.7607,0,0.8401,0.9758,117.60969845545253
162,950,30,25,6,part_of_speech_classification,color_matching,matching,match_right,ZYYZ,noun,negative,blue,✲✲✲lustig✲✲✲,adjective,positive,brown,0.4932,match,1.0596,1,0.8392,0.975,117.49416539065494
162,951,31,25,6,part_of_speech_classification,color_matching,matching,match_right,XVVX,adjective,positive,brown,✲✲ehrlich✲✲✲,adjective,positive,brown,0.4932,match,0.8686,0,0.8417,0.9774,117.84055043928956
162,952,32,25,6,part_of_speech_classification,color_matching,matching,match_right,XVVX,adjective,positive,brown,✲✲launisch✲✲,adjective,negative,brown,0.4932,match,0.9173,0,0.8409,0.9766,117.72576575594219
162,953,33,25,6,part_of_speech_classification,color_matching,matching,match_right,WJJW,adjective,negative,brown,✲✲ehrlich✲✲✲,adjective,positive,brown,0.4932,match,1.0521,0,0.8401,0.9758,117.61211282600482
162,954,34,25,6,part_of_speech_classification,color_matching,matching,match_right,ZYYZ,noun,negative,blue,✲✲schlecht✲✲,adjective,negative,blue,0.4932,match,1.0247,0,0.8393,0.975,117.49916400312121
162,955,35,25,6,part_of_speech_classification,color_matching,matching,match_right,WJJW,adjective,negative,blue,✲✲einfall✲✲✲,noun,positive,brown,0.4932,nonmatch,0.6648,0,0.8385,0.9742,117.38650074570964
162,956,36,25,6,part_of_speech_classification,color_matching,matching,match_right,WJJW,adjective,negative,brown,✲✲✲glück✲✲✲✲,noun,positive,brown,0.4932,match,0.6606,0,0.8377,0.9734,117.27371049216828
162,957,37,25,6,part_of_speech_classification,color_matching,matching,match_right,MQQM,noun,positive,blue,✲✲✲✲gift✲✲✲✲,noun,negative,blue,0.4932,match,0.8085,0,0.8369,0.9726,117.16107135458273
162,958,38,25,6,part_of_speech_classification,color_matching,matching,match_right,WJJW,adjective,negative,brown,✲✲✲liebe✲✲✲✲,noun,positive,blue,0.4932,match,0.8341,1,0.8361,0.9718,117.04740053138684
162,959,39,25,6,part_of_speech_classification,color_matching,matching,match_right,WJJW,adjective,negative,brown,✲entführung✲,noun,negative,brown,0.4932,match,1.2461,0,0.8384,0.9741,117.36932403441317
162,960,40,25,6,part_of_speech_classification,color_matching,matching,match_right,MQQM,noun,positive,blue,✲✲✲eitel✲✲✲✲,adjective,negative,brown,0.4932,match,0.7346,1,0.8376,0.9733,117.25868947860444
162,961,41,25,6,part_of_speech_classification,color_matching,matching,match_right,MQQM,noun,positive,brown,✲✲✲liebe✲✲✲✲,noun,positive,brown,0.4932,match,0.9054,0,0.8398,0.9755,117.56782213634366
162,962,42,25,6,part_of_speech_classification,color_matching,matching,match_right,WJJW,adjective,negative,brown,✲✲schlecht✲✲,adjective,negative,brown,0.4932,match,1.0409,0,0.839,0.9747,117.45945257319495
162,963,43,25,6,part_of_speech_classification,color_matching,matching,match_right,MQQM,noun,positive,brown,✲✲schlecht✲✲,adjective,negative,blue,0.4932,nonmatch,0.7782,0,0.8382,0.9739,117.35121660489274
162,964,44,25,6,part_of_speech_classification,color_matching,matching,match_right,WJJW,adjective,negative,blue,✲✲✲leiche✲✲✲,noun,negative,brown,0.4932,nonmatch,0.7681,0,0.8374,0.9732,117.24273393034466
162,965,45,25,6,part_of_speech_classification,color_matching,matching,match_right,ZYYZ,noun,negative,brown,✲✲✲leiche✲✲✲,noun,negative,blue,0.4932,nonmatch,0.922,0,0.8367,0.9724,117.1342794543897
162,966,46,25,6,part_of_speech_classification,color_matching,matching,match_right,ZYYZ,noun,negative,brown,✲✲✲liebe✲✲✲✲,noun,positive,brown,0.4933,match,0.9756,0,0.8359,0.9716,117.02474283375213
162,967,47,25,6,part_of_speech_classification,color_matching,matching,match_right,ZYYZ,noun,negative,brown,✲✲✲schön✲✲✲✲,adjective,positive,brown,0.4932,match,0.9585,0,0.8351,0.9708,116.9137467247713
162,968,48,25,6,part_of_speech_classification,color_matching,matching,match_right,MQQM,noun,positive,brown,✲✲✲leiche✲✲✲,noun,negative,blue,0.4954,nonmatch,0.8836,0,0.8343,0.97,116.80090689158702
162,969,49,25,6,part_of_speech_classification,color_matching,matching,match_right,MQQM,noun,positive,brown,✲✲✲gütig✲✲✲✲,adjective,positive,blue,0.4932,nonmatch,0.9277,0,0.8335,0.9692,116.69405896281118
162,970,50,25,6,part_of_speech_classification,color_matching,matching,match_right,XVVX,adjective,positive,brown,✲✲schleim✲✲✲,noun,negative,blue,0.4932,nonmatch,0.9293,0,0.8328,0.9685,116.59525229782322
162,971,51,25,6,part_of_speech_classification,color_matching,matching,match_right,WJJW,adjective,negative,brown,✲✲schleim✲✲✲,noun,negative,blue,0.4932,nonmatch,0.9823,0,0.8321,0.9678,116.49750728984019
162,972,52,25,6,part_of_speech_classification,color_matching,matching,match_right,ZYYZ,noun,negative,brown,✲entführung✲,noun,negative,brown,0.4932,match,0.9043,0,0.8314,0.9671,116.40050179236974
162,973,53,25,6,part_of_speech_classification,color_matching,matching,match_right,WJJW,adjective,negative,blue,✲✲launisch✲✲,adjective,negative,blue,0.4932,match,0.8501,0,0.8307,0.9665,116.30392074623758
162,974,54,25,6,part_of_speech_classification,color_matching,matching,match_right,WJJW,adjective,negative,brown,✲✲✲eitel✲✲✲✲,adjective,negative,blue,0.4932,nonmatch,0.6964,0,0.8301,0.9658,116.20745411793052
162,975,55,25,6,part_of_speech_classification,color_matching,matching,match_right,XVVX,adjective,positive,blue,✲✲✲liebe✲✲✲✲,noun,positive,brown,0.4932,nonmatch,0.8614,0,0.8294,0.9651,116.11079491780683
162,976,56,25,6,part_of_speech_classification,color_matching,matching,match_right,ZYYZ,noun,negative,blue,✲✲schleim✲✲✲,noun,negative,blue,0.4932,match,1.0081,0,0.8287,0.9644,116.01423529441948
162,977,57,25,6,part_of_speech_classification,color_matching,matching,match_right,MQQM,noun,positive,blue,✲✲ehrlich✲✲✲,adjective,positive,brown,0.4932,match,0.797,1,0.828,0.9637,115.91680798435397
162,978,58,25,6,part_of_speech_classification,color_matching,matching,match_right,MQQM,noun,positive,blue,✲✲einfall✲✲✲,noun,positive,brown,0.4932,match,1.0582,1,0.8299,0.9657,116.19249100549608
162,979,59,25,6,part_of_speech_classification,color_matching,matching,match_right,XVVX,adjective,positive,blue,✲✲✲glück✲✲✲✲,noun,positive,blue,0.4932,match,0.8685,0,0.832,0.9677,116.47809137212494
162,980,60,25,6,part_of_speech_classification,color_matching,matching,match_right,WJJW,adjective,negative,blue,✲✲✲gierig✲✲✲,adjective,negative,brown,0.4932,nonmatch,0.8543,0,0.8313,0.967,116.38462511318927
162,981,61,25,6,part_of_speech_classification,color_matching,matching,match_right,ZYYZ,noun,negative,blue,✲✲einfall✲✲✲,noun,positive,brown,0.4932,nonmatch,1.0717,0,0.8307,0.9664,116.29152104901077
162,982,62,25,6,part_of_speech_classification,color_matching,matching,match_right,ZYYZ,noun,negative,blue,✲✲✲gierig✲✲✲,adjective,negative,brown,0.4932,match,1.1056,1,0.83,0.9657,116.19849082627427
162,983,63,25,6,part_of_speech_classification,color_matching,matching,match_right,XVVX,adjective,positive,blue,✲✲✲leiche✲✲✲,noun,negative,brown,0.4933,nonmatch,0.8267,0,0.832,0.9677,116.47860815121464
162,984,64,25,6,part_of_speech_classification,color_matching,matching,match_right,MQQM,noun,positive,blue,✲✲✲gierig✲✲✲,adjective,negative,blue,0.4932,match,0.9497,0,0.8313,0.967,116.38686156243372
162,985,1,26,7,part_of_speech_classification,color_matching,matching,match_right,ZYYZ,noun,negative,brown,✲✲✲✲gift✲✲✲✲,noun,negative,brown,0.4933,match,1.2017,0,0.8307,0.9664,116.29547814760873
162,986,2,26,7,part_of_speech_classification,color_matching,matching,match_right,XVVX,adjective,positive,blue,✲✲✲gierig✲✲✲,adjective,negative,blue,0.4965,match,0.8329,0,0.83,0.9657,116.20417976770767
162,987,3,26,7,part_of_speech_classification,color_matching,matching,match_right,WJJW,adjective,negative,brown,✲✲schleim✲✲✲,noun,negative,brown,0.4932,match,0.8901,0,0.8294,0.9651,116.11269079943038
162,988,4,26,7,part_of_speech_classification,color_matching,matching,match_right,WJJW,adjective,negative,blue,✲✲launisch✲✲,adjective,negative,blue,0.4932,match,0.9224,0,0.8287,0.9644,116.02130761485678
162,989,5,26,7,part_of_speech_classification,color_matching,matching,match_right,XVVX,adjective,positive,brown,✲✲✲✲spaß✲✲✲✲,noun,positive,blue,0.4932,match,0.9225,1,0.8281,0.9638,115.92912776584991
162,990,6,26,7,part_of_speech_classification,color_matching,matching,match_right,MQQM,noun,positive,brown,✲✲✲liebe✲✲✲✲,noun,positive,blue,0.4932,nonmatch,0.8845,0,0.8299,0.9656,116.18983052264984
162,991,7,26,7,part_of_speech_classification,color_matching,matching,match_right,ZYYZ,noun,negative,blue,✲entführung✲,noun,negative,brown,0.4932,nonmatch,0.9186,0,0.8293,0.965,116.09976905138132
162,992,8,26,7,part_of_speech_classification,color_matching,matching,match_right,ZYYZ,noun,negative,brown,✲✲✲✲spaß✲✲✲✲,noun,positive,blue,0.4932,nonmatch,0.8901,0,0.8286,0.9644,116.00977107696171
162,993,9,26,7,part_of_speech_classification,color_matching,matching,match_right,ZYYZ,noun,negative,blue,✲✲schlecht✲✲,adjective,negative,blue,0.4935,match,0.8706,0,0.828,0.9637,115.91895674640288
162,994,10,26,7,part_of_speech_classification,color_matching,matching,match_right,ZYYZ,noun,negative,blue,✲✲launisch✲✲,adjective,negative,brown,0.4932,match,1.0053,1,0.8273,0.9631,115.8270604477199
162,995,11,26,7,part_of_speech_classification,color_matching,matching,match_right,WJJW,adjective,negative,blue,✲✲✲gierig✲✲✲,adjective,negative,brown,0.4932,nonmatch,1.1546,0,0.8292,0.9649,116.08775868130952
162,996,12,26,7,part_of_speech_classification,color_matching,matching,match_right,WJJW,adjective,negative,blue,✲✲✲✲spaß✲✲✲✲,noun,positive,brown,0.4933,nonmatch,1.2429,0,0.8286,0.9643,115.99907016716574
162,997,13,26,7,part_of_speech_classification,color_matching,matching,match_right,WJJW,adjective,negative,brown,✲✲✲liebe✲✲✲✲,noun,positive,brown,0.4932,match,0.9258,0,0.8279,0.9636,115.90954827345533
162,998,14,26,7,part_of_speech_classification,color_matching,matching,match_right,WJJW,adjective,negative,brown,✲✲✲✲gift✲✲✲✲,noun,negative,blue,0.4932,nonmatch,1.0147,0,0.8273,0.963,115.81893490294891
162,999,15,26,7,part_of_speech_classification,color_matching,matching,match_right,MQQM,noun,positive,blue,✲✲✲✲spaß✲✲✲✲,noun,positive,brown,0.4932,nonmatch,0.9959,0,0.8266,0.9623,115.72696737314095
162,1000,16,26,7,part_of_speech_classification,color_matching,matching,match_right,XVVX,adjective,positive,blue,✲✲✲liebe✲✲✲✲,noun,positive,blue,0.4965,match,0.9287,0,0.826,0.9617,115.6333769955323
162,1001,17,26,7,part_of_speech_classification,color_matching,matching,match_right,MQQM,noun,positive,brown,✲✲✲glück✲✲✲✲,noun,positive,brown,0.496,match,0.9016,0,0.8253,0.961,115.5445794483228
162,1002,18,26,7,part_of_speech_classification,color_matching,matching,match_right,MQQM,noun,positive,brown,✲✲launisch✲✲,adjective,negative,brown,0.4936,match,0.9559,0,0.8247,0.9605,115.46323883502433
162,1003,19,26,7,part_of_speech_classification,color_matching,matching,match_right,ZYYZ,noun,negative,blue,✲✲schleim✲✲✲,noun,negative,blue,0.4932,match,0.8549,0,0.8242,0.9599,115.38282575023244
162,1004,20,26,7,part_of_speech_classification,color_matching,matching,match_right,ZYYZ,noun,negative,brown,✲✲einfall✲✲✲,noun,positive,brown,0.4932,match,0.8857,0,0.8236,0.9593,115.30311769368429
162,1005,21,26,7,part_of_speech_classification,color_matching,matching,match_right,XVVX,adjective,positive,brown,✲✲✲lustig✲✲✲,adjective,positive,blue,0.4933,nonmatch,0.9885,0,0.823,0.9587,115.22389716020244
162,1006,22,26,7,part_of_speech_classification,color_matching,matching,match_right,ZYYZ,noun,negative,brown,✲✲✲schön✲✲✲✲,adjective,positive,blue,0.4933,match,0.9284,1,0.8225,0.9582,115.1449504453733
162,1007,23,26,7,part_of_speech_classification,color_matching,matching,match_right,MQQM,noun,positive,blue,✲✲✲leiche✲✲✲,noun,negative,blue,0.4932,match,0.9258,0,0.8242,0.9599,115.38187725293272
162,1008,24,26,7,part_of_speech_classification,color_matching,matching,match_right,MQQM,noun,positive,brown,✲entführung✲,noun,negative,blue,0.4932,nonmatch,1.0149,0,0.8236,0.9593,115.30343489301727
162,1009,25,26,7,part_of_speech_classification,color_matching,matching,match_right,XVVX,adjective,positive,blue,✲✲ehrlich✲✲✲,adjective,positive,brown,0.4932,nonmatch,0.7179,0,0.823,0.9588,115.22547458505967
162,1010,26,26,7,part_of_speech_classification,color_matching,matching,match_right,ZYYZ,noun,negative,blue,✲✲ehrlich✲✲✲,adjective,positive,brown,0.4932,nonmatch,0.8592,0,0.8225,0.9582,115.14778915667227
162,1011,27,26,7,part_of_speech_classification,color_matching,matching,match_right,WJJW,adjective,negative,blue,✲✲✲gütig✲✲✲✲,adjective,positive,brown,0.4932,nonmatch,0.8546,0,0.8219,0.9576,115.07017402033117
162,1012,28,26,7,part_of_speech_classification,color_matching,matching,match_right,WJJW,adjective,negative,blue,✲✲✲lustig✲✲✲,adjective,positive,blue,0.4932,match,0.7792,0,0.8214,0.9571,114.99242610961086
162,1013,29,26,7,part_of_speech_classification,color_matching,matching,match_right,WJJW,adjective,negative,blue,✲✲✲leiche✲✲✲,noun,negative,blue,0.4932,match,0.8989,0,0.8208,0.9565,114.91484398250101
162,1014,30,26,7,part_of_speech_classification,color_matching,matching,match_right,XVVX,adjective,positive,brown,✲✲schleim✲✲✲,noun,negative,brown,0.4932,match,0.9767,0,0.8203,0.956,114.83668231273116
162,1015,31,26,7,part_of_speech_classification,color_matching,matching,match_right,ZYYZ,noun,negative,brown,✲✲✲eitel✲✲✲✲,adjective,negative,blue,0.4932,match,0.8544,1,0.8197,0.9554,114.7577396360489
162,1016,32,26,7,part_of_speech_classification,color_matching,matching,match_right,ZYYZ,noun,negative,brown,✲✲✲gütig✲✲✲✲,adjective,positive,brown,0.4932,match,0.9283,0,0.8213,0.957,114.981151709914
162,1017,33,26,7,part_of_speech_classification,color_matching,matching,match_right,XVVX,adjective,positive,blue,✲✲✲gütig✲✲✲✲,adjective,positive,blue,0.4942,match,0.8292,0,0.8207,0.9565,114.90456531916892
162,1018,34,26,7,part_of_speech_classification,color_matching,matching,match_right,XVVX,adjective,positive,brown,✲✲launisch✲✲,adjective,negative,blue,0.4932,nonmatch,0.7633,0,0.8202,0.9559,114.8273825407206
162,1019,35,26,7,part_of_speech_classification,color_matching,matching,match_right,WJJW,adjective,negative,blue,✲✲einfall✲✲✲,noun,positive,blue,0.4932,match,0.8837,0,0.8196,0.9554,114.74940691908328
162,1020,36,26,7,part_of_speech_classification,color_matching,matching,match_right,MQQM,noun,positive,brown,✲✲schleim✲✲✲,noun,negative,brown,0.4932,match,0.9077,0,0.8191,0.9548,114.67043898603532
162,1021,37,26,7,part_of_speech_classification,color_matching,matching,match_right,MQQM,noun,positive,blue,✲✲✲✲gift✲✲✲✲,noun,negative,brown,0.4932,nonmatch,0.7894,0,0.8185,0.9542,114.59027530356826
162,1022,38,26,7,part_of_speech_classification,color_matching,matching,match_right,WJJW,adjective,negative,brown,✲✲✲glück✲✲✲✲,noun,positive,blue,0.4932,nonmatch,1.004,0,0.8179,0.9536,114.50870748898151
162,1023,39,26,7,part_of_speech_classification,color_matching,matching,match_right,WJJW,adjective,negative,brown,✲✲ehrlich✲✲✲,adjective,positive,brown,0.4932,match,0.9136,0,0.8173,0.953,114.42676456428615
162,1024,40,26,7,part_of_speech_classification,color_matching,matching,match_right,MQQM,noun,positive,brown,✲✲✲gierig✲✲✲,adjective,negative,blue,0.4932,match,1.1476,1,0.8168,0.9525,114.35538028939274
162,1025,41,26,7,part_of_speech_classification,color_matching,matching,match_right,XVVX,adjective,positive,blue,✲✲✲✲gift✲✲✲✲,noun,negative,blue,0.496,match,0.7831,0,0.8185,0.9542,114.5839703486892
162,1026,42,26,7,part_of_speech_classification,color_matching,matching,match_right,MQQM,noun,positive,blue,✲✲✲eitel✲✲✲✲,adjective,negative,blue,0.4964,match,0.6931,0,0.8179,0.9536,114.50333599743158
162,1027,43,26,7,part_of_speech_classification,color_matching,matching,match_right,WJJW,adjective,negative,blue,✲entführung✲,noun,negative,brown,0.4932,nonmatch,0.863,0,0.8173,0.953,114.4229912224389
162,1028,44,26,7,part_of_speech_classification,color_matching,matching,match_right,MQQM,noun,positive,brown,✲✲ehrlich✲✲✲,adjective,positive,blue,0.4932,nonmatch,0.8272,0,0.8168,0.9525,114.35261764106323
162,1029,45,26,7,part_of_speech_classification,color_matching,matching,match_right,XVVX,adjective,positive,brown,✲✲einfall✲✲✲,noun,positive,brown,0.4932,match,0.9701,0,0.8163,0.952,114.2831203355819
162,1030,46,26,7,part_of_speech_classification,color_matching,matching,match_right,XVVX,adjective,positive,brown,✲✲✲leiche✲✲✲,noun,negative,blue,0.4932,nonmatch,0.927,0,0.8158,0.9515,114.21433007734367
162,1031,47,26,7,part_of_speech_classification,color_matching,matching,match_right,XVVX,adjective,positive,blue,✲entführung✲,noun,negative,brown,0.4932,nonmatch,0.8272,0,0.8153,0.951,114.14608165071165
162,1032,48,26,7,part_of_speech_classification,color_matching,matching,match_right,WJJW,adjective,negative,brown,✲✲✲eitel✲✲✲✲,adjective,negative,blue,0.4932,nonmatch,0.8993,0,0.8148,0.9506,114.07821305547424
162,1033,49,26,7,part_of_speech_classification,color_matching,matching,match_right,ZYYZ,noun,negative,blue,✲✲✲glück✲✲✲✲,noun,positive,brown,0.4932,nonmatch,0.833,0,0.8144,0.9501,114.01056473973794
162,1034,50,26,7,part_of_speech_classification,color_matching,matching,match_right,XVVX,adjective,positive,brown,✲✲✲schön✲✲✲✲,adjective,positive,brown,0.4932,match,0.9155,0,0.8139,0.9496,113.94297885759046
162,1035,51,26,7,part_of_speech_classification,color_matching,matching,match_right,MQQM,noun,positive,blue,✲✲✲lustig✲✲✲,adjective,positive,brown,0.4932,nonmatch,0.7966,0,0.8134,0.9491,113.87529854614638
162,1036,52,26,7,part_of_speech_classification,color_matching,matching,match_right,XVVX,adjective,positive,blue,✲✲✲eitel✲✲✲✲,adjective,negative,brown,0.4961,nonmatch,0.883,0,0.8129,0.9486,113.80736721686658
162,1037,53,26,7,part_of_speech_classification,color_matching,matching,match_right,XVVX,adjective,positive,blue,✲✲✲glück✲✲✲✲,noun,positive,brown,0.4932,nonmatch,0.9043,0,0.8124,0.9481,113.73945847690347
162,1038,54,26,7,part_of_speech_classification,color_matching,matching,match_right,ZYYZ,noun,negative,brown,✲✲✲leiche✲✲✲,noun,negative,blue,0.4932,nonmatch,0.8352,0,0.8119,0.9476,113.67095359259383
162,1039,55,26,7,part_of_speech_classification,color_matching,matching,match_right,XVVX,adjective,positive,brown,✲✲schlecht✲✲,adjective,negative,brown,0.4932,match,0.9689,0,0.8114,0.9472,113.60169499392552
162,1040,56,26,7,part_of_speech_classification,color_matching,matching,match_right,ZYYZ,noun,negative,brown,✲✲✲gierig✲✲✲,adjective,negative,brown,0.4932,match,0.8694,0,0.8109,0.9467,113.53152232811735
162,1041,57,26,7,part_of_speech_classification,color_matching,matching,match_right,MQQM,noun,positive,blue,✲✲✲schön✲✲✲✲,adjective,positive,blue,0.4932,match,0.8335,0,0.8104,0.9461,113.46027176548179
162,1042,58,26,7,part_of_speech_classification,color_matching,matching,match_right,MQQM,noun,positive,blue,✲✲schlecht✲✲,adjective,negative,brown,0.4932,nonmatch,0.5606,0,0.8099,0.9456,113.38777528923083
162,1043,59,26,7,part_of_speech_classification,color_matching,matching,match_right,WJJW,adjective,negative,brown,✲✲schlecht✲✲,adjective,negative,brown,0.4932,nonmatch,0.7608,1,0.8094,0.9451,113.31385996487832
162,1044,60,26,7,part_of_speech_classification,color_matching,matching,match_right,MQQM,noun,positive,brown,✲✲✲gütig✲✲✲✲,adjective,positive,brown,0.4932,match,0.8829,0,0.8109,0.9466,113.52491837915396
162,1045,61,26,7,part_of_speech_classification,color_matching,matching,match_right,MQQM,noun,positive,blue,✲✲einfall✲✲✲,noun,positive,blue,0.4932,match,0.9001,0,0.8104,0.9461,113.45439438565609
162,1046,62,26,7,part_of_speech_classification,color_matching,matching,match_right,ZYYZ,noun,negative,blue,✲✲✲lustig✲✲✲,adjective,positive,blue,0.4932,match,0.7893,0,0.8099,0.9456,113.38262653644476
162,1047,63,26,7,part_of_speech_classification,color_matching,matching,match_right,WJJW,adjective,negative,brown,✲✲✲schön✲✲✲✲,adjective,positive,blue,0.4932,nonmatch,0.8662,0,0.8094,0.9451,113.3094453712808
162,1048,64,26,7,part_of_speech_classification,color_matching,matching,match_right,ZYYZ,noun,negative,blue,✲✲✲liebe✲✲✲✲,noun,positive,blue,0.4932,nonmatch,0.975,1,0.8089,0.9446,113.24436056131168
162,1049,1,27,8,part_of_speech_classification,color_matching,matching,match_right,ZYYZ,noun,negative,blue,✲✲launisch✲✲,adjective,negative,brown,0.496,nonmatch,0.8836,0,0.8103,0.9461,113.44860725667664
162,1050,2,27,8,part_of_speech_classification,color_matching,matching,match_right,WJJW,adjective,negative,brown,✲✲ehrlich✲✲✲,adjective,positive,brown,0.4932,match,0.6971,0,0.8098,0.9456,113.37754895648624
162,1051,3,27,8,part_of_speech_classification,color_matching,matching,match_right,ZYYZ,noun,negative,blue,✲entführung✲,noun,negative,blue,0.4932,match,0.6861,0,0.8093,0.945,113.30508280499612
162,1052,4,27,8,part_of_speech_classification,color_matching,matching,match_right,ZYYZ,noun,negative,blue,✲✲✲glück✲✲✲✲,noun,positive,blue,0.4933,match,0.7912,0,0.8089,0.9446,113.241407277737
162,1053,5,27,8,part_of_speech_classification,color_matching,matching,match_right,ZYYZ,noun,negative,blue,✲✲✲✲gift✲✲✲✲,noun,negative,brown,0.4932,nonmatch,0.8336,0,0.8084,0.9441,113.1799327157091
162,1054,6,27,8,part_of_speech_classification,color_matching,matching,match_right,XVVX,adjective,positive,blue,✲✲✲✲gift✲✲✲✲,noun,negative,blue,0.4932,match,0.7858,0,0.808,0.9437,113.1191429091489
162,1055,7,27,8,part_of_speech_classification,color_matching,matching,match_right,WJJW,adjective,negative,blue,✲✲✲gütig✲✲✲✲,adjective,positive,brown,0.4932,nonmatch,0.7535,0,0.8076,0.9433,113.0589066224569
162,1056,8,27,8,part_of_speech_classification,color_matching,matching,match_right,ZYYZ,noun,negative,brown,✲✲✲eitel✲✲✲✲,adjective,negative,brown,0.4932,nonmatch,0.7965,1,0.8071,0.9429,112.99909533136335
162,1057,9,27,8,part_of_speech_classification,color_matching,matching,match_right,XVVX,adjective,positive,blue,✲✲✲gierig✲✲✲,adjective,negative,brown,0.4932,match,0.4861,1,0.8084,0.9441,113.17778407304988
162,1058,10,27,8,part_of_speech_classification,color_matching,matching,match_right,ZYYZ,noun,negative,blue,✲✲✲gütig✲✲✲✲,adjective,positive,blue,0.4932,match,0.7482,0,0.8098,0.9455,113.36760026457388
162,1059,11,27,8,part_of_speech_classification,color_matching,matching,match_right,WJJW,adjective,negative,blue,✲✲✲eitel✲✲✲✲,adjective,negative,brown,0.4932,match,0.9114,1,0.8093,0.945,113.29650949634579
162,1060,12,27,8,part_of_speech_classification,color_matching,matching,match_right,WJJW,adjective,negative,brown,✲✲schlecht✲✲,adjective,negative,brown,0.4932,match,0.6608,0,0.8107,0.9464,113.4995651419238
162,1061,13,27,8,part_of_speech_classification,color_matching,matching,match_right,MQQM,noun,positive,brown,✲✲launisch✲✲,adjective,negative,brown,0.4932,match,0.7215,0,0.8102,0.9459,113.43176298726934
162,1062,14,27,8,part_of_speech_classification,color_matching,matching,match_right,MQQM,noun,positive,brown,✲✲✲✲spaß✲✲✲✲,noun,positive,blue,0.4932,nonmatch,0.9647,0,0.8097,0.9454,113.36272574202815
162,1063,15,27,8,part_of_speech_classification,color_matching,matching,match_right,WJJW,adjective,negative,blue,✲✲✲✲gift✲✲✲✲,noun,negative,brown,0.4933,nonmatch,1.1968,0,0.8092,0.9449,113.29278702665938
162,1064,16,27,8,part_of_speech_classification,color_matching,matching,match_right,XVVX,adjective,positive,blue,✲✲✲glück✲✲✲✲,noun,positive,blue,0.4932,match,0.9195,0,0.8088,0.9445,113.23277868910243
162,1065,17,27,8,part_of_speech_classification,color_matching,matching,match_right,ZYYZ,noun,negative,brown,✲✲schlecht✲✲,adjective,negative,blue,0.4932,nonmatch,0.9361,0,0.8084,0.9441,113.17354734256809
162,1066,18,27,8,part_of_speech_classification,color_matching,matching,match_right,MQQM,noun,positive,blue,✲✲✲gütig✲✲✲✲,adjective,positive,blue,0.4932,match,0.8792,0,0.808,0.9437,113.11496781047877
162,1067,19,27,8,part_of_speech_classification,color_matching,matching,match_right,ZYYZ,noun,negative,brown,✲✲ehrlich✲✲✲,adjective,positive,brown,0.4932,match,0.9948,0,0.8075,0.9433,113.05691792594556
162,1068,20,27,8,part_of_speech_classification,color_matching,matching,match_right,XVVX,adjective,positive,brown,✲✲✲✲spaß✲✲✲✲,noun,positive,brown,0.4932,match,0.7918,0,0.8071,0.9429,112.99927802163015
162,1069,21,27,8,part_of_speech_classification,color_matching,matching,match_right,WJJW,adjective,negative,blue,✲✲✲schön✲✲✲✲,adjective,positive,blue,0.4932,match,0.77,0,0.8067,0.9424,112.94193043879685
162,1070,22,27,8,part_of_speech_classification,color_matching,matching,match_right,XVVX,adjective,positive,brown,✲✲✲leiche✲✲✲,noun,negative,brown,0.503,nonmatch,1.0296,1,0.8063,0.942,112.88475905238818
162,1071,23,27,8,part_of_speech_classification,color_matching,matching,match_right,WJJW,adjective,negative,blue,✲✲✲gierig✲✲✲,adjective,negative,blue,0.5108,match,0.9187,0,0.8075,0.9433,113.05622735408488
162,1072,24,27,8,part_of_speech_classification,color_matching,matching,match_right,XVVX,adjective,positive,brown,✲✲launisch✲✲,adjective,negative,blue,0.4932,match,0.8971,1,0.8071,0.9429,112.99927735946616
162,1073,25,27,8,part_of_speech_classification,color_matching,matching,match_right,WJJW,adjective,negative,blue,✲✲einfall✲✲✲,noun,positive,blue,0.4932,match,0.8043,0,0.8084,0.9441,113.16939197505212
162,1074,26,27,8,part_of_speech_classification,color_matching,matching,match_right,MQQM,noun,positive,blue,✲✲✲liebe✲✲✲✲,noun,positive,blue,0.4932,match,0.7689,0,0.8079,0.9437,113.11220127167239
162,1075,27,27,8,part_of_speech_classification,color_matching,matching,match_right,XVVX,adjective,positive,blue,✲✲✲liebe✲✲✲✲,noun,positive,brown,0.4932,nonmatch,0.6177,0,0.8075,0.9433,113.05552503414009
162,1076,28,27,8,part_of_speech_classification,color_matching,matching,match_right,WJJW,adjective,negative,brown,✲✲✲✲spaß✲✲✲✲,noun,positive,brown,0.4932,match,1.1536,0,0.8071,0.9429,112.99924900026917
162,1077,29,27,8,part_of_speech_classification,color_matching,matching,match_right,MQQM,noun,positive,blue,✲✲ehrlich✲✲✲,adjective,positive,brown,0.4932,nonmatch,1.055,0,0.8067,0.9425,112.9432608195538
162,1078,30,27,8,part_of_speech_classification,color_matching,matching,match_right,XVVX,adjective,positive,brown,✲entführung✲,noun,negative,blue,0.4932,nonmatch,0.8263,0,0.8063,0.9421,112.88744960983358
162,1079,31,27,8,part_of_speech_classification,color_matching,matching,match_right,ZYYZ,noun,negative,brown,✲✲✲leiche✲✲✲,noun,negative,blue,0.4936,nonmatch,0.9859,0,0.8059,0.9417,112.83170552609536
162,1080,32,27,8,part_of_speech_classification,color_matching,matching,match_right,ZYYZ,noun,negative,brown,✲✲✲liebe✲✲✲✲,noun,positive,brown,0.4932,match,0.7536,0,0.8055,0.9413,112.7759193388104
162,1081,33,27,8,part_of_speech_classification,color_matching,matching,match_right,XVVX,adjective,positive,brown,✲✲✲gütig✲✲✲✲,adjective,positive,brown,0.4932,match,0.8566,0,0.8051,0.9409,112.71998201932226
162,1082,34,27,8,part_of_speech_classification,color_matching,matching,match_right,MQQM,noun,positive,blue,✲✲einfall✲✲✲,noun,positive,brown,0.496,nonmatch,0.7342,0,0.8047,0.9405,112.66415330425755
162,1083,35,27,8,part_of_speech_classification,color_matching,matching,match_right,ZYYZ,noun,negative,brown,✲✲✲✲spaß✲✲✲✲,noun,positive,blue,0.4932,nonmatch,1.2954,0,0.8043,0.9401,112.60793340556464
162,1084,36,27,8,part_of_speech_classification,color_matching,matching,match_right,WJJW,adjective,negative,blue,✲✲schleim✲✲✲,noun,negative,blue,0.4932,match,0.8686,0,0.8039,0.9397,112.55121324689901
162,1085,37,27,8,part_of_speech_classification,color_matching,matching,match_right,MQQM,noun,positive,brown,✲✲schlecht✲✲,adjective,negative,blue,0.4932,nonmatch,0.9787,0,0.8035,0.9392,112.49388216105831
162,1086,38,27,8,part_of_speech_classification,color_matching,matching,match_right,WJJW,adjective,negative,brown,✲entführung✲,noun,negative,blue,0.4932,nonmatch,0.8641,0,0.8031,0.9388,112.43582748505568
162,1087,39,27,8,part_of_speech_classification,color_matching,matching,match_right,WJJW,adjective,negative,brown,✲✲launisch✲✲,adjective,negative,blue,0.4932,nonmatch,0.7916,0,0.8027,0.9384,112.37693414723064
162,1088,40,27,8,part_of_speech_classification,color_matching,matching,match_right,MQQM,noun,positive,blue,✲✲✲eitel✲✲✲✲,adjective,negative,blue,0.4932,match,1.0927,0,0.8023,0.938,112.31708424423182
162,1089,41,27,8,part_of_speech_classification,color_matching,matching,match_right,XVVX,adjective,positive,brown,✲✲einfall✲✲✲,noun,positive,blue,0.4932,nonmatch,0.7688,0,0.8018,0.9375,112.25615660567071
162,1090,42,27,8,part_of_speech_classification,color_matching,matching,match_right,XVVX,adjective,positive,blue,✲✲✲lustig✲✲✲,adjective,positive,blue,0.4932,nonmatch,1.0162,1,0.8014,0.9371,112.19402634418805
162,1091,43,27,8,part_of_speech_classification,color_matching,matching,match_right,MQQM,noun,positive,brown,✲✲✲lustig✲✲✲,adjective,positive,brown,0.4932,match,0.8328,0,0.8027,0.9384,112.37136876803726
162,1092,44,27,8,part_of_speech_classification,color_matching,matching,match_right,MQQM,noun,positive,brown,✲✲✲✲gift✲✲✲✲,noun,negative,blue,0.4932,nonmatch,0.8042,0,0.8022,0.9379,112.31200653358863
162,1093,45,27,8,part_of_speech_classification,color_matching,matching,match_right,XVVX,adjective,positive,brown,✲✲ehrlich✲✲✲,adjective,positive,blue,0.4932,nonmatch,0.9113,0,0.8018,0.9375,112.2515677422388
162,1094,46,27,8,part_of_speech_classification,color_matching,matching,match_right,XVVX,adjective,positive,brown,✲✲schlecht✲✲,adjective,negative,brown,0.4932,match,0.9329,0,0.8014,0.9371,112.18992951803723
162,1095,47,27,8,part_of_speech_classification,color_matching,matching,match_right,ZYYZ,noun,negative,brown,✲✲schleim✲✲✲,noun,negative,brown,0.496,match,0.8009,0,0.801,0.9367,112.1337765563298
162,1096,48,27,8,part_of_speech_classification,color_matching,matching,match_right,MQQM,noun,positive,blue,✲✲✲leiche✲✲✲,noun,negative,brown,0.4932,nonmatch,0.7196,0,0.8006,0.9363,112.0815913492568
162,1097,49,27,8,part_of_speech_classification,color_matching,matching,match_right,ZYYZ,noun,negative,blue,✲✲✲gierig✲✲✲,adjective,negative,blue,0.4932,match,0.7107,0,0.8002,0.9359,112.03003511707514
162,1098,50,27,8,part_of_speech_classification,color_matching,matching,match_right,WJJW,adjective,negative,brown,✲✲✲leiche✲✲✲,noun,negative,brown,0.4932,match,0.9329,0,0.7999,0.9356,111.97901156768648
162,1099,51,27,8,part_of_speech_classification,color_matching,matching,match_right,WJJW,adjective,negative,brown,✲✲✲lustig✲✲✲,adjective,positive,blue,0.4932,nonmatch,0.8257,0,0.7995,0.9352,111.92842651383252
162,1100,52,27,8,part_of_speech_classification,color_matching,matching,match_right,MQQM,noun,positive,brown,✲✲✲glück✲✲✲✲,noun,positive,brown,0.4932,nonmatch,0.905,1,0.7991,0.9348,111.87818752796834
162,1101,53,27,8,part_of_speech_classification,color_matching,matching,match_right,ZYYZ,noun,negative,blue,✲✲✲schön✲✲✲✲,adjective,positive,brown,0.4932,nonmatch,0.8642,0,0.8002,0.9359,112.02824193142824
162,1102,54,27,8,part_of_speech_classification,color_matching,matching,match_right,ZYYZ,noun,negative,brown,✲✲✲lustig✲✲✲,adjective,positive,blue,0.4932,nonmatch,0.8226,0,0.7998,0.9356,111.97776178744608
162,1103,55,27,8,part_of_speech_classification,color_matching,matching,match_right,WJJW,adjective,negative,brown,✲✲✲liebe✲✲✲✲,noun,positive,blue,0.4932,nonmatch,0.858,0,0.7995,0.9352,111.92771456968282
162,1104,56,27,8,part_of_speech_classification,color_matching,matching,match_right,MQQM,noun,positive,blue,✲✲schleim✲✲✲,noun,negative,blue,0.4932,match,0.8089,0,0.7991,0.9348,111.87800973086898
162,1105,57,27,8,part_of_speech_classification,color_matching,matching,match_right,MQQM,noun,positive,blue,✲✲✲gierig✲✲✲,adjective,negative,brown,0.4932,nonmatch,0.805,0,0.7988,0.9345,111.82855811966289
162,1106,58,27,8,part_of_speech_classification,color_matching,matching,match_right,WJJW,adjective,negative,blue,✲✲✲glück✲✲✲✲,noun,positive,brown,0.4932,nonmatch,0.8111,0,0.7984,0.9341,111.77927166666923
162,1107,59,27,8,part_of_speech_classification,color_matching,matching,match_right,XVVX,adjective,positive,blue,✲✲✲eitel✲✲✲✲,adjective,negative,blue,0.4932,match,0.8695,0,0.7981,0.9338,111.73006307817496
162,1108,60,27,8,part_of_speech_classification,color_matching,matching,match_right,XVVX,adjective,positive,blue,✲✲✲schön✲✲✲✲,adjective,positive,brown,0.5105,nonmatch,0.8724,0,0.7977,0.9334,111.68084553596005
162,1109,61,27,8,part_of_speech_classification,color_matching,matching,match_right,MQQM,noun,positive,brown,✲entführung✲,noun,negative,brown,0.4932,match,0.8121,0,0.7974,0.9331,111.63153240160149
162,1110,62,27,8,part_of_speech_classification,color_matching,matching,match_right,XVVX,adjective,positive,blue,✲✲schleim✲✲✲,noun,negative,brown,0.4932,match,0.8001,1,0.797,0.9327,111.58203692374046
162,1111,63,27,8,part_of_speech_classification,color_matching,matching,match_right,ZYYZ,noun,negative,blue,✲✲einfall✲✲✲,noun,positive,brown,0.4932,nonmatch,0.9279,0,0.798,0.9337,111.72016371704852
162,1112,64,27,8,part_of_speech_classification,color_matching,matching,match_right,MQQM,noun,positive,brown,✲✲✲schön✲✲✲✲,adjective,positive,blue,0.4932,nonmatch,0.613,0,0.7977,0.9334,111.67142038031778
162,1113,1,28,9,part_of_speech_classification,color_matching,matching,match_right,spaß,noun,positive,blue,✲✲✲eitel✲✲✲✲,adjective,negative,brown,0.545,match,1.3717,1,0.7973,0.933,111.62256678687477
162,1114,2,28,9,part_of_speech_classification,color_matching,matching,match_right,gift,noun,negative,blue,✲✲✲schön✲✲✲✲,adjective,positive,brown,0.4933,nonmatch,0.8408,0,0.7984,0.9341,111.7698123818058
162,1115,3,28,9,part_of_speech_classification,color_matching,matching,match_right,schlecht,adjective,negative,blue,✲✲schleim✲✲✲,noun,negative,blue,0.4932,match,0.9404,0,0.798,0.9337,111.72160781674762
162,1116,4,28,9,part_of_speech_classification,color_matching,matching,match_right,eitel,adjective,negative,brown,✲✲einfall✲✲✲,noun,positive,brown,0.4932,match,0.8778,0,0.7977,0.9334,111.67338165505345
162,1117,5,28,9,part_of_speech_classification,color_matching,matching,match_right,gütig,adjective,positive,blue,✲✲einfall✲✲✲,noun,positive,blue,0.4932,match,0.898,0,0.7973,0.933,111.62505061803309
162,1118,6,28,9,part_of_speech_classification,color_matching,matching,match_right,einfall,noun,positive,brown,✲✲✲✲spaß✲✲✲✲,noun,positive,blue,0.4932,match,0.7608,1,0.797,0.9327,111.57653128027576
162,1119,7,28,9,part_of_speech_classification,color_matching,matching,match_right,spaß,noun,positive,blue,✲✲✲lustig✲✲✲,adjective,positive,brown,0.4985,nonmatch,0.794,0,0.7979,0.9337,111.71195518620509
162,1120,8,28,9,part_of_speech_classification,color_matching,matching,match_right,glück,noun,positive,blue,✲✲launisch✲✲,adjective,negative,blue,0.4932,match,0.7073,0,0.7976,0.9333,111.66418235076677
162,1121,9,28,9,part_of_speech_classification,color_matching,matching,match_right,einfall,noun,positive,blue,✲entführung✲,noun,negative,brown,0.4932,match,0.965,1,0.7973,0.933,111.6162906657955
162,1122,10,28,9,part_of_speech_classification,color_matching,matching,match_right,gift,noun,negative,brown,✲✲✲gierig✲✲✲,adjective,negative,brown,0.4932,match,1.0155,0,0.7983,0.934,111.76066224196836
162,1123,11,28,9,part_of_speech_classification,color_matching,matching,match_right,liebe,noun,positive,blue,✲✲ehrlich✲✲✲,adjective,positive,blue,0.4932,match,0.8845,0,0.798,0.9337,111.71342065520427
162,1124,12,28,9,part_of_speech_classification,color_matching,matching,match_right,entführung,noun,negative,brown,✲✲✲leiche✲✲✲,noun,negative,brown,0.4932,match,0.8637,0,0.7976,0.9333,111.66614565010845
162,1125,13,28,9,part_of_speech_classification,color_matching,matching,match_right,ehrlich,adjective,positive,blue,✲✲✲liebe✲✲✲✲,noun,positive,brown,0.4944,match,0.8869,1,0.7973,0.933,111.61875710845189
162,1126,14,28,9,part_of_speech_classification,color_matching,matching,match_right,spaß,noun,positive,brown,✲✲einfall✲✲✲,noun,positive,brown,0.4932,match,0.8686,0,0.7983,0.934,111.76159609062645
162,1127,15,28,9,part_of_speech_classification,color_matching,matching,match_right,liebe,noun,positive,blue,✲✲✲glück✲✲✲✲,noun,positive,brown,0.4932,nonmatch,0.8042,0,0.798,0.9337,111.71483869621572
162,1128,16,28,9,part_of_speech_classification,color_matching,matching,match_right,leiche,noun,negative,brown,✲✲✲gütig✲✲✲✲,adjective,positive,blue,0.4932,nonmatch,0.857,0,0.7976,0.9333,111.6680513988533
162,1129,17,28,9,part_of_speech_classification,color_matching,matching,match_right,lustig,adjective,positive,brown,✲✲✲schön✲✲✲✲,adjective,positive,brown,0.4932,match,0.7966,0,0.7973,0.933,111.62115565430533
162,1130,18,28,9,part_of_speech_classification,color_matching,matching,match_right,leiche,noun,negative,blue,✲✲launisch✲✲,adjective,negative,blue,0.4932,match,0.8132,0,0.797,0.9327,111.57407275666648
162,1131,19,28,9,part_of_speech_classification,color_matching,matching,match_right,liebe,noun,positive,brown,✲✲✲gierig✲✲✲,adjective,negative,blue,0.4933,nonmatch,0.893,0,0.7966,0.9323,111.5270325875753
162,1132,20,28,9,part_of_speech_classification,color_matching,matching,match_right,ehrlich,adjective,positive,blue,✲✲✲gierig✲✲✲,adjective,negative,blue,0.4933,match,0.8472,0,0.7963,0.932,111.4796322637862
162,1133,21,28,9,part_of_speech_classification,color_matching,matching,match_right,entführung,noun,negative,brown,✲✲✲glück✲✲✲✲,noun,positive,blue,0.4989,nonmatch,0.8085,0,0.7959,0.9317,111.43179237433338
162,1134,22,28,9,part_of_speech_classification,color_matching,matching,match_right,entführung,noun,negative,brown,✲✲✲eitel✲✲✲✲,adjective,negative,blue,0.4932,nonmatch,0.797,0,0.7956,0.9313,111.38343224495465
162,1135,23,28,9,part_of_speech_classification,color_matching,matching,match_right,launisch,adjective,negative,brown,✲✲✲leiche✲✲✲,noun,negative,blue,0.4932,match,0.9457,1,0.7952,0.931,111.33446968419982
162,1136,24,28,9,part_of_speech_classification,color_matching,matching,match_right,schlecht,adjective,negative,blue,✲✲✲✲spaß✲✲✲✲,noun,positive,blue,0.4946,match,0.8292,0,0.7962,0.932,111.47318062986204
162,1137,25,28,9,part_of_speech_classification,color_matching,matching,match_right,gütig,adjective,positive,brown,✲✲✲leiche✲✲✲,noun,negative,brown,0.4932,match,0.8487,0,0.7959,0.9316,111.42569156488547
162,1138,26,28,9,part_of_speech_classification,color_matching,matching,match_right,schön,adjective,positive,brown,✲✲✲✲spaß✲✲✲✲,noun,positive,blue,0.4933,nonmatch,0.7394,0,0.7956,0.9313,111.3776771485375
162,1139,27,28,9,part_of_speech_classification,color_matching,matching,match_right,leiche,noun,negative,brown,✲✲✲liebe✲✲✲✲,noun,positive,brown,0.496,match,0.5707,0,0.7952,0.9309,111.32905634858676
162,1140,28,28,9,part_of_speech_classification,color_matching,matching,match_right,gierig,adjective,negative,brown,✲✲✲✲gift✲✲✲✲,noun,negative,brown,0.4959,match,0.922,0,0.7949,0.9306,111.27974635770995
162,1141,29,28,9,part_of_speech_classification,color_matching,matching,match_right,glück,noun,positive,brown,✲✲✲gütig✲✲✲✲,adjective,positive,brown,0.4932,match,0.8149,0,0.7945,0.9302,111.2296623328682
162,1142,30,28,9,part_of_speech_classification,color_matching,matching,match_right,gierig,adjective,negative,brown,✲✲schlecht✲✲,adjective,negative,blue,0.4932,nonmatch,0.8651,0,0.7941,0.9298,111.17871712674028
162,1143,31,28,9,part_of_speech_classification,color_matching,matching,match_right,schleim,noun,negative,blue,✲✲✲✲gift✲✲✲✲,noun,negative,blue,0.4933,match,0.8696,0,0.7938,0.9295,111.12682101001627
162,1144,32,28,9,part_of_speech_classification,color_matching,matching,match_right,ehrlich,adjective,positive,blue,✲✲✲gütig✲✲✲✲,adjective,positive,blue,0.4932,match,0.8566,0,0.7934,0.9291,111.07388138331518
162,1145,33,28,9,part_of_speech_classification,color_matching,matching,match_right,gütig,adjective,positive,blue,✲✲ehrlich✲✲✲,adjective,positive,brown,0.4932,nonmatch,0.627,0,0.793,0.9288,111.02536283885274
162,1146,34,28,9,part_of_speech_classification,color_matching,matching,match_right,schlecht,adjective,negative,blue,✲✲✲schön✲✲✲✲,adjective,positive,blue,0.4932,match,0.5319,0,0.7927,0.9284,110.98087518262749
162,1147,35,28,9,part_of_speech_classification,color_matching,matching,match_right,schön,adjective,positive,brown,✲✲✲lustig✲✲✲,adjective,positive,blue,0.4932,nonmatch,0.9326,0,0.7924,0.9281,110.93694689526312
162,1148,36,28,9,part_of_speech_classification,color_matching,matching,match_right,ehrlich,adjective,positive,blue,✲✲schleim✲✲✲,noun,negative,blue,0.4932,match,0.7137,0,0.7921,0.9278,110.89350668933648
162,1149,37,28,9,part_of_speech_classification,color_matching,matching,match_right,lustig,adjective,positive,brown,✲✲✲glück✲✲✲✲,noun,positive,brown,0.4932,nonmatch,0.805,1,0.7918,0.9275,110.85048487102172
162,1150,38,28,9,part_of_speech_classification,color_matching,matching,match_right,einfall,noun,positive,brown,✲✲schlecht✲✲,adjective,negative,brown,0.4932,nonmatch,1.0404,1,0.7927,0.9284,110.97857191098115
162,1151,39,28,9,part_of_speech_classification,color_matching,matching,match_right,eitel,adjective,negative,brown,✲✲✲gütig✲✲✲✲,adjective,positive,blue,0.4932,nonmatch,0.9452,0,0.7937,0.9294,111.118820642429
162,1152,40,28,9,part_of_speech_classification,color_matching,matching,match_right,schleim,noun,negative,blue,✲✲✲lustig✲✲✲,adjective,positive,blue,0.4932,match,0.8588,0,0.7933,0.929,111.0665403142765
162,1153,41,28,9,part_of_speech_classification,color_matching,matching,match_right,gift,noun,negative,blue,✲entführung✲,noun,negative,brown,0.4932,nonmatch,0.8187,0,0.793,0.9287,111.01996145076126
162,1154,42,28,9,part_of_speech_classification,color_matching,matching,match_right,gift,noun,negative,blue,✲✲✲✲spaß✲✲✲✲,noun,positive,brown,0.4932,nonmatch,0.8506,0,0.7927,0.9284,110.97629507386601
162,1155,43,28,9,part_of_speech_classification,color_matching,matching,match_right,launisch,adjective,negative,blue,✲✲✲gierig✲✲✲,adjective,negative,blue,0.4937,match,0.7893,0,0.7924,0.9281,110.93317313534821
162,1156,44,28,9,part_of_speech_classification,color_matching,matching,match_right,lustig,adjective,positive,blue,✲✲schlecht✲✲,adjective,negative,brown,0.4932,nonmatch,0.8775,0,0.7921,0.9278,110.89052683124537
162,1157,45,28,9,part_of_speech_classification,color_matching,matching,match_right,launisch,adjective,negative,blue,✲✲ehrlich✲✲✲,adjective,positive,brown,0.4932,nonmatch,0.9776,0,0.7918,0.9275,110.84828888398232
162,1158,46,28,9,part_of_speech_classification,color_matching,matching,match_right,schlecht,adjective,negative,brown,✲✲✲eitel✲✲✲✲,adjective,negative,brown,0.4932,match,0.7845,0,0.7915,0.9272,110.80639333307752
162,1159,47,28,9,part_of_speech_classification,color_matching,matching,match_right,schön,adjective,positive,brown,✲entführung✲,noun,negative,blue,0.4962,nonmatch,0.8454,0,0.7912,0.9269,110.76477533284536
162,1160,48,28,9,part_of_speech_classification,color_matching,matching,match_right,glück,noun,positive,blue,✲✲✲liebe✲✲✲✲,noun,positive,blue,0.4932,match,1.0571,0,0.7909,0.9266,110.7233709561276
162,1161,49,28,9,part_of_speech_classification,color_matching,matching,match_right,gütig,adjective,positive,brown,✲✲✲eitel✲✲✲✲,adjective,negative,blue,0.4932,nonmatch,0.8702,0,0.7906,0.9263,110.68211700312695
162,1162,50,28,9,part_of_speech_classification,color_matching,matching,match_right,schön,adjective,positive,brown,✲✲launisch✲✲,adjective,negative,brown,0.4932,match,0.8484,0,0.7903,0.926,110.64095081446114
162,1163,51,28,9,part_of_speech_classification,color_matching,matching,match_right,gierig,adjective,negative,blue,✲✲✲liebe✲✲✲✲,noun,positive,brown,0.4932,nonmatch,0.9357,0,0.79,0.9257,110.59981008758467
162,1164,52,28,9,part_of_speech_classification,color_matching,matching,match_right,launisch,adjective,negative,brown,✲✲✲glück✲✲✲✲,noun,positive,blue,0.4932,nonmatch,1.0127,0,0.7897,0.9254,110.55863269575747
162,1165,53,28,9,part_of_speech_classification,color_matching,matching,match_right,glück,noun,positive,blue,✲✲schleim✲✲✲,noun,negative,blue,0.4932,match,0.8328,0,0.7894,0.9251,110.51735650875958
162,1166,54,28,9,part_of_speech_classification,color_matching,matching,match_right,liebe,noun,positive,brown,✲✲✲✲gift✲✲✲✲,noun,negative,brown,0.4932,match,0.9079,0,0.7891,0.9248,110.47591921457139
162,1167,55,28,9,part_of_speech_classification,color_matching,matching,match_right,gierig,adjective,negative,brown,✲✲✲lustig✲✲✲,adjective,positive,brown,0.4932,match,0.8472,0,0.7888,0.9245,110.43453329610476
162,1168,56,28,9,part_of_speech_classification,color_matching,matching,match_right,eitel,adjective,negative,blue,✲✲launisch✲✲,adjective,negative,brown,0.4932,nonmatch,0.843,0,0.7885,0.9242,110.39284944091229
162,1169,57,28,9,part_of_speech_classification,color_matching,matching,match_right,eitel,adjective,negative,blue,✲entführung✲,noun,negative,brown,0.4932,nonmatch,0.918,0,0.7882,0.9239,110.35080476382362
162,1170,58,28,9,part_of_speech_classification,color_matching,matching,match_right,entführung,noun,negative,brown,✲✲ehrlich✲✲✲,adjective,positive,brown,0.4933,nonmatch,1.0098,1,0.7879,0.9236,110.30833541696032
162,1171,59,28,9,part_of_speech_classification,color_matching,matching,match_right,lustig,adjective,positive,blue,✲✲✲✲gift✲✲✲✲,noun,negative,brown,0.4932,match,0.7284,1,0.7888,0.9245,110.42834288623484
162,1172,60,28,9,part_of_speech_classification,color_matching,matching,match_right,schleim,noun,negative,blue,✲✲schlecht✲✲,adjective,negative,brown,0.4961,nonmatch,0.9123,0,0.7896,0.9253,110.54400504510117
162,1173,61,28,9,part_of_speech_classification,color_matching,matching,match_right,einfall,noun,positive,brown,✲✲✲schön✲✲✲✲,adjective,positive,blue,0.4932,nonmatch,0.9407,0,0.7893,0.925,110.50334352613845
162,1174,62,28,9,part_of_speech_classification,color_matching,matching,match_right,spaß,noun,positive,brown,✲✲✲leiche✲✲✲,noun,negative,blue,0.4932,nonmatch,0.8043,0,0.789,0.9247,110.4625037302364
162,1175,63,28,9,part_of_speech_classification,color_matching,matching,match_right,leiche,noun,negative,brown,✲✲schleim✲✲✲,noun,negative,blue,0.4932,nonmatch,0.6832,0,0.7887,0.9244,110.42169409354256
162,1176,64,28,9,part_of_speech_classification,color_matching,matching,match_right,schleim,noun,negative,blue,✲✲einfall✲✲✲,noun,positive,blue,0.4932,nonmatch,0.9293,1,0.7884,0.9241,110.38057342851322
162,1177,1,29,10,part_of_speech_classification,color_matching,matching,match_right,gierig,adjective,negative,blue,✲✲einfall✲✲✲,noun,positive,blue,0.4932,match,0.9363,0,0.7893,0.925,110.49648237931795
162,1178,2,29,10,part_of_speech_classification,color_matching,matching,match_right,schlecht,adjective,negative,brown,✲✲✲✲spaß✲✲✲✲,noun,positive,blue,0.4932,nonmatch,0.7841,0,0.789,0.9247,110.45620405863907
162,1179,3,29,10,part_of_speech_classification,color_matching,matching,match_right,schön,adjective,positive,blue,✲✲✲gütig✲✲✲✲,adjective,positive,blue,0.4932,match,0.5649,0,0.7887,0.9244,110.41566842929961
162,1180,4,29,10,part_of_speech_classification,color_matching,matching,match_right,glück,noun,positive,brown,✲✲einfall✲✲✲,noun,positive,blue,0.4932,nonmatch,0.5175,0,0.7884,0.9241,110.37481585331862
162,1181,5,29,10,part_of_speech_classification,color_matching,matching,match_right,gütig,adjective,positive,blue,✲✲ehrlich✲✲✲,adjective,positive,brown,0.4932,nonmatch,0.9735,0,0.7881,0.9238,110.33358587288735
162,1182,6,29,10,part_of_speech_classification,color_matching,matching,match_right,entführung,noun,negative,blue,✲✲✲leiche✲✲✲,noun,negative,blue,0.4932,match,0.8114,0,0.7878,0.9235,110.29191704335715
162,1183,7,29,10,part_of_speech_classification,color_matching,matching,match_right,liebe,noun,positive,blue,✲✲launisch✲✲,adjective,negative,brown,0.4932,nonmatch,0.827,0,0.7875,0.9232,110.2497467629155
162,1184,8,29,10,part_of_speech_classification,color_matching,matching,match_right,launisch,adjective,negative,brown,✲✲✲glück✲✲✲✲,noun,positive,brown,0.4933,match,0.9123,0,0.7872,0.9229,110.20701109827154
162,1185,9,29,10,part_of_speech_classification,color_matching,matching,match_right,schlecht,adjective,negative,brown,✲✲✲gierig✲✲✲,adjective,negative,blue,0.4962,nonmatch,1.015,0,0.7869,0.9226,110.1636446056547
162,1186,10,29,10,part_of_speech_classification,color_matching,matching,match_right,lustig,adjective,positive,brown,✲entführung✲,noun,negative,blue,0.4932,nonmatch,0.8185,0,0.7866,0.9223,110.11958014641421
162,1187,11,29,10,part_of_speech_classification,color_matching,matching,match_right,spaß,noun,positive,blue,✲✲✲gierig✲✲✲,adjective,negative,blue,0.4932,match,0.8328,0,0.7862,0.922,110.07474869648206
162,1188,12,29,10,part_of_speech_classification,color_matching,matching,match_right,glück,noun,positive,brown,✲✲schlecht✲✲,adjective,negative,brown,0.4932,match,0.8721,0,0.7859,0.9216,110.02907914894178
162,1189,13,29,10,part_of_speech_classification,color_matching,matching,match_right,spaß,noun,positive,blue,✲✲✲glück✲✲✲✲,noun,positive,brown,0.4932,nonmatch,0.8147,0,0.7856,0.9213,109.98249810891193
162,1190,14,29,10,part_of_speech_classification,color_matching,matching,match_right,launisch,adjective,negative,blue,✲✲✲eitel✲✲✲✲,adjective,negative,blue,0.4932,nonmatch,0.8767,1,0.7853,0.921,109.93704189383699
162,1191,15,29,10,part_of_speech_classification,color_matching,matching,match_right,leiche,noun,negative,brown,✲✲✲gütig✲✲✲✲,adjective,positive,brown,0.4932,match,0.8861,0,0.7862,0.9219,110.0708053063008
162,1192,16,29,10,part_of_speech_classification,color_matching,matching,match_right,schön,adjective,positive,brown,✲✲schlecht✲✲,adjective,negative,blue,0.4932,nonmatch,0.6506,0,0.7859,0.9216,110.02537982513668
162,1193,17,29,10,part_of_speech_classification,color_matching,matching,match_right,gift,noun,negative,blue,✲✲ehrlich✲✲✲,adjective,positive,blue,0.4936,nonmatch,0.8972,1,0.7856,0.9213,109.97904396952669
162,1194,18,29,10,part_of_speech_classification,color_matching,matching,match_right,leiche,noun,negative,brown,✲✲✲glück✲✲✲✲,noun,positive,brown,0.4932,match,0.9194,0,0.7865,0.9222,110.11124790915466
162,1195,19,29,10,part_of_speech_classification,color_matching,matching,match_right,liebe,noun,positive,blue,✲✲ehrlich✲✲✲,adjective,positive,blue,0.4932,match,0.9013,0,0.7862,0.9219,110.06689952418897
162,1196,20,29,10,part_of_speech_classification,color_matching,matching,match_right,ehrlich,adjective,positive,brown,✲✲einfall✲✲✲,noun,positive,brown,0.4932,match,0.8622,0,0.7859,0.9216,110.02171369968408
162,1197,21,29,10,part_of_speech_classification,color_matching,matching,match_right,launisch,adjective,negative,blue,✲entführung✲,noun,negative,blue,0.4932,match,0.7971,0,0.7855,0.9213,109.97561862039177
162,1198,22,29,10,part_of_speech_classification,color_matching,matching,match_right,schlecht,adjective,negative,blue,✲✲✲✲gift✲✲✲✲,noun,negative,brown,0.4932,nonmatch,0.82,0,0.7852,0.9209,109.93181515000087
162,1199,23,29,10,part_of_speech_classification,color_matching,matching,match_right,eitel,adjective,negative,blue,✲✲✲gütig✲✲✲✲,adjective,positive,brown,0.4932,nonmatch,0.7971,0,0.785,0.9207,109.89314156204668
162,1200,24,29,10,part_of_speech_classification,color_matching,matching,match_right,gierig,adjective,negative,brown,✲✲✲lustig✲✲✲,adjective,positive,brown,0.4932,match,0.8198,0,0.7847,0.9204,109.85497723436934
162,1201,25,29,10,part_of_speech_classification,color_matching,matching,match_right,lustig,adjective,positive,blue,✲✲✲✲spaß✲✲✲✲,noun,positive,brown,0.4933,nonmatch,0.7869,0,0.7844,0.9201,109.81726735558614
162,1202,26,29,10,part_of_speech_classification,color_matching,matching,match_right,schleim,noun,negative,blue,✲✲✲lustig✲✲✲,adjective,positive,brown,0.4932,nonmatch,0.7688,0,0.7841,0.9199,109.77995837407265
162,1203,27,29,10,part_of_speech_classification,color_matching,matching,match_right,glück,noun,positive,brown,✲✲✲gütig✲✲✲✲,adjective,positive,brown,0.4932,match,0.8757,0,0.7839,0.9196,109.74299784889735
162,1204,28,29,10,part_of_speech_classification,color_matching,matching,match_right,gierig,adjective,negative,brown,✲✲schlecht✲✲,adjective,negative,brown,0.4932,match,0.8831,0,0.7836,0.9193,109.70633430580999
162,1205,29,29,10,part_of_speech_classification,color_matching,matching,match_right,schleim,noun,negative,blue,✲✲✲eitel✲✲✲✲,adjective,negative,blue,0.4932,match,0.8828,0,0.7834,0.9191,109.66991709766515
162,1206,30,29,10,part_of_speech_classification,color_matching,matching,match_right,eitel,adjective,negative,blue,✲✲launisch✲✲,adjective,negative,brown,0.4932,nonmatch,0.922,0,0.7831,0.9188,109.63369626869132
162,1207,31,29,10,part_of_speech_classification,color_matching,matching,match_right,ehrlich,adjective,positive,brown,✲✲✲gierig✲✲✲,adjective,negative,brown,0.4932,match,0.9534,0,0.7828,0.9186,109.59762242204361
162,1208,32,29,10,part_of_speech_classification,color_matching,matching,match_right,einfall,noun,positive,blue,✲✲✲liebe✲✲✲✲,noun,positive,blue,0.4932,match,0.7763,0,0.7826,0.9183,109.56164659009647
162,1209,33,29,10,part_of_speech_classification,color_matching,matching,match_right,gütig,adjective,positive,brown,✲✲✲liebe✲✲✲✲,noun,positive,blue,0.4932,match,0.8494,1,0.7823,0.918,109.52572010695452
162,1210,34,29,10,part_of_speech_classification,color_matching,matching,match_right,ehrlich,adjective,positive,brown,✲✲✲lustig✲✲✲,adjective,positive,blue,0.4932,nonmatch,0.6565,0,0.7831,0.9188,109.63354513297513
162,1211,35,29,10,part_of_speech_classification,color_matching,matching,match_right,gütig,adjective,positive,blue,✲✲schleim✲✲✲,noun,negative,brown,0.4932,nonmatch,0.7217,0,0.7828,0.9186,109.59776242865513
162,1212,36,29,10,part_of_speech_classification,color_matching,matching,match_right,gütig,adjective,positive,blue,✲✲launisch✲✲,adjective,negative,brown,0.5008,nonmatch,0.7824,0,0.7826,0.9183,109.56207783936557
162,1213,37,29,10,part_of_speech_classification,color_matching,matching,match_right,leiche,noun,negative,brown,✲✲schlecht✲✲,adjective,negative,blue,0.4932,nonmatch,0.8855,0,0.7823,0.918,109.52644344455861
162,1214,38,29,10,part_of_speech_classification,color_matching,matching,match_right,entführung,noun,negative,brown,✲✲launisch✲✲,adjective,negative,brown,0.4932,match,0.9794,0,0.7821,0.9178,109.49081150024298
162,1215,39,29,10,part_of_speech_classification,color_matching,matching,match_right,gift,noun,negative,brown,✲entführung✲,noun,negative,brown,0.4932,match,0.9006,0,0.7818,0.9175,109.45513431727262
162,1216,40,29,10,part_of_speech_classification,color_matching,matching,match_right,gift,noun,negative,blue,✲✲✲gierig✲✲✲,adjective,negative,brown,0.4932,nonmatch,0.7455,0,0.7816,0.9173,109.41936414036586
162,1217,41,29,10,part_of_speech_classification,color_matching,matching,match_right,schön,adjective,positive,blue,✲✲✲glück✲✲✲✲,noun,positive,blue,0.4932,match,0.6749,0,0.7813,0.917,109.3834530273953
162,1218,42,29,10,part_of_speech_classification,color_matching,matching,match_right,einfall,noun,positive,brown,✲✲schleim✲✲✲,noun,negative,brown,0.4932,nonmatch,0.7178,1,0.7811,0.9168,109.3475934813943
162,1219,43,29,10,part_of_speech_classification,color_matching,matching,match_right,lustig,adjective,positive,blue,✲✲✲eitel✲✲✲✲,adjective,negative,blue,0.4963,match,0.8189,0,0.7818,0.9175,109.4484442893424
162,1220,44,29,10,part_of_speech_classification,color_matching,matching,match_right,gierig,adjective,negative,brown,✲✲schleim✲✲✲,noun,negative,brown,0.4932,match,0.8202,0,0.7815,0.9172,109.41291441496226
162,1221,45,29,10,part_of_speech_classification,color_matching,matching,match_right,einfall,noun,positive,brown,✲✲✲schön✲✲✲✲,adjective,positive,blue,0.4945,nonmatch,0.7811,0,0.7813,0.917,109.3772365065671
162,1222,46,29,10,part_of_speech_classification,color_matching,matching,match_right,liebe,noun,positive,brown,✲✲✲✲spaß✲✲✲✲,noun,positive,brown,0.4969,match,0.7074,0,0.781,0.9167,109.34160133252718
162,1223,47,29,10,part_of_speech_classification,color_matching,matching,match_right,entführung,noun,negative,brown,✲✲✲schön✲✲✲✲,adjective,positive,blue,0.4932,nonmatch,0.7181,0,0.7808,0.9165,109.30571446222447
162,1224,48,29,10,part_of_speech_classification,color_matching,matching,match_right,ehrlich,adjective,positive,brown,✲✲✲✲gift✲✲✲✲,noun,negative,brown,0.4932,match,0.9006,0,0.7805,0.9162,109.26952804994164
162,1225,49,29,10,part_of_speech_classification,color_matching,matching,match_right,glück,noun,positive,brown,✲✲✲✲gift✲✲✲✲,noun,negative,blue,0.4932,nonmatch,0.8483,0,0.7802,0.9159,109.23299352611764
162,1226,50,29,10,part_of_speech_classification,color_matching,matching,match_right,schlecht,adjective,negative,brown,✲✲ehrlich✲✲✲,adjective,positive,blue,0.4932,nonmatch,0.665,0,0.78,0.9157,109.19606147617411
162,1227,51,29,10,part_of_speech_classification,color_matching,matching,match_right,spaß,noun,positive,blue,✲✲✲lustig✲✲✲,adjective,positive,brown,0.4932,nonmatch,0.9028,0,0.7797,0.9154,109.158681516636
162,1228,52,29,10,part_of_speech_classification,color_matching,matching,match_right,einfall,noun,positive,brown,✲✲✲eitel✲✲✲✲,adjective,negative,blue,0.4932,match,0.827,1,0.7794,0.9151,109.12080216810054
162,1229,53,29,10,part_of_speech_classification,color_matching,matching,match_right,eitel,adjective,negative,brown,✲✲✲leiche✲✲✲,noun,negative,blue,0.4932,nonmatch,0.9476,0,0.7802,0.9159,109.22815414441398
162,1230,54,29,10,part_of_speech_classification,color_matching,matching,match_right,eitel,adjective,negative,blue,✲✲✲liebe✲✲✲✲,noun,positive,brown,0.4932,nonmatch,0.8402,0,0.7799,0.9157,109.19141709131536
162,1231,55,29,10,part_of_speech_classification,color_matching,matching,match_right,spaß,noun,positive,blue,✲✲✲leiche✲✲✲,noun,negative,blue,0.4932,nonmatch,0.9535,1,0.7797,0.9154,109.15422924408159
162,1232,56,29,10,part_of_speech_classification,color_matching,matching,match_right,entführung,noun,negative,blue,✲✲einfall✲✲✲,noun,positive,brown,0.4932,nonmatch,0.8067,0,0.7804,0.9161,109.25950762222134
162,1233,57,29,10,part_of_speech_classification,color_matching,matching,match_right,lustig,adjective,positive,brown,✲✲✲schön✲✲✲✲,adjective,positive,brown,0.4932,match,0.6005,0,0.7802,0.9159,109.22336638261788
162,1234,58,29,10,part_of_speech_classification,color_matching,matching,match_right,liebe,noun,positive,blue,✲entführung✲,noun,negative,brown,0.4932,nonmatch,0.9443,0,0.7799,0.9156,109.18682089541628
162,1235,59,29,10,part_of_speech_classification,color_matching,matching,match_right,schleim,noun,negative,brown,✲✲✲liebe✲✲✲✲,noun,positive,blue,0.4933,nonmatch,0.9393,0,0.7796,0.9154,109.14982180715263
162,1236,60,29,10,part_of_speech_classification,color_matching,matching,match_right,leiche,noun,negative,blue,✲✲schleim✲✲✲,noun,negative,brown,0.4932,nonmatch,0.9184,0,0.7794,0.9151,109.11231866907013
162,1237,61,29,10,part_of_speech_classification,color_matching,matching,match_right,gift,noun,negative,blue,✲✲✲✲spaß✲✲✲✲,noun,positive,blue,0.4932,match,0.9482,0,0.7791,0.9148,109.07425981057551
162,1238,62,29,10,part_of_speech_classification,color_matching,matching,match_right,launisch,adjective,negative,blue,✲✲✲schön✲✲✲✲,adjective,positive,blue,0.4932,match,0.7695,0,0.7788,0.9145,109.03559220867251
162,1239,63,29,10,part_of_speech_classification,color_matching,matching,match_right,schön,adjective,positive,blue,✲✲✲leiche✲✲✲,noun,negative,blue,0.4932,match,0.8686,0,0.7785,0.9143,108.99626135290599
162,1240,64,29,10,part_of_speech_classification,color_matching,matching,match_right,schleim,noun,negative,brown,✲✲✲✲gift✲✲✲✲,noun,negative,blue,0.4932,nonmatch,0.9425,0,0.7783,0.914,108.95621110533052
162,1241,1,30,11,part_of_speech_classification,color_matching,matching,match_right,spaß,noun,positive,blue,✲✲einfall✲✲✲,noun,positive,blue,0.4932,match,0.8067,0,0.778,0.9137,108.91538355500084
162,1242,2,30,11,part_of_speech_classification,color_matching,matching,match_right,schleim,noun,negative,blue,✲✲✲schön✲✲✲✲,adjective,positive,brown,0.4932,nonmatch,0.6833,0,0.7777,0.9134,108.87371886645715
162,1243,3,30,11,part_of_speech_classification,color_matching,matching,match_right,gütig,adjective,positive,brown,✲✲✲leiche✲✲✲,noun,negative,brown,0.4933,match,0.6963,0,0.7774,0.9131,108.83517197602447
162,1244,4,30,11,part_of_speech_classification,color_matching,matching,match_right,eitel,adjective,negative,brown,✲✲✲liebe✲✲✲✲,noun,positive,brown,0.4932,match,0.6125,0,0.7771,0.9129,108.80056111612389
162,1245,5,30,11,part_of_speech_classification,color_matching,matching,match_right,gierig,adjective,negative,blue,✲✲schleim✲✲✲,noun,negative,brown,0.4932,nonmatch,0.7858,0,0.7769,0.9126,108.76640680191396
162,1246,6,30,11,part_of_speech_classification,color_matching,matching,match_right,liebe,noun,positive,brown,✲✲✲glück✲✲✲✲,noun,positive,brown,0.4933,match,0.775,0,0.7767,0.9124,108.73266443736874
162,1247,7,30,11,part_of_speech_classification,color_matching,matching,match_right,launisch,adjective,negative,brown,✲✲schlecht✲✲,adjective,negative,blue,0.4932,nonmatch,0.6704,0,0.7764,0.9121,108.69929043386253
162,1248,8,30,11,part_of_speech_classification,color_matching,matching,match_right,launisch,adjective,negative,blue,✲✲✲leiche✲✲✲,noun,negative,blue,0.4932,match,0.539,0,0.7762,0.9119,108.66624210070171
162,1249,9,30,11,part_of_speech_classification,color_matching,matching,match_right,leiche,noun,negative,brown,✲✲✲gierig✲✲✲,adjective,negative,blue,0.4932,nonmatch,0.8686,0,0.776,0.9117,108.63347753924832
162,1250,10,30,11,part_of_speech_classification,color_matching,matching,match_right,gierig,adjective,negative,blue,✲✲✲✲spaß✲✲✲✲,noun,positive,blue,0.4932,match,0.6855,0,0.7757,0.9114,108.60095554022364
162,1251,11,30,11,part_of_speech_classification,color_matching,matching,match_right,liebe,noun,positive,brown,✲✲✲leiche✲✲✲,noun,negative,brown,0.4932,match,0.7423,0,0.7755,0.9112,108.56863548380343
162,1252,12,30,11,part_of_speech_classification,color_matching,matching,match_right,ehrlich,adjective,positive,brown,✲✲einfall✲✲✲,noun,positive,blue,0.4932,nonmatch,0.798,0,0.7753,0.911,108.536477242128
162,1253,13,30,11,part_of_speech_classification,color_matching,matching,match_right,launisch,adjective,negative,blue,✲✲ehrlich✲✲✲,adjective,positive,blue,0.4932,match,1.0188,0,0.775,0.9107,108.5044410838677
162,1254,14,30,11,part_of_speech_classification,color_matching,matching,match_right,leiche,noun,negative,blue,✲✲ehrlich✲✲✲,adjective,positive,blue,0.4932,match,0.571,0,0.7748,0.9105,108.47248758049462
162,1255,15,30,11,part_of_speech_classification,color_matching,matching,match_right,schön,adjective,positive,blue,✲✲✲glück✲✲✲✲,noun,positive,brown,0.4932,nonmatch,0.741,0,0.7746,0.9103,108.440577513922
162,1256,16,30,11,part_of_speech_classification,color_matching,matching,match_right,gütig,adjective,positive,brown,✲✲launisch✲✲,adjective,negative,blue,0.4932,nonmatch,0.6744,0,0.7743,0.9101,108.408671785183
162,1257,17,30,11,part_of_speech_classification,color_matching,matching,match_right,leiche,noun,negative,brown,✲✲✲glück✲✲✲✲,noun,positive,brown,0.4932,match,0.6613,0,0.7741,0.9098,108.37673132382541
162,1258,18,30,11,part_of_speech_classification,color_matching,matching,match_right,entführung,noun,negative,blue,✲✲schleim✲✲✲,noun,negative,blue,0.4932,match,0.6391,0,0.7739,0.9096,108.34471699770573
162,1259,19,30,11,part_of_speech_classification,color_matching,matching,match_right,gift,noun,negative,brown,✲✲einfall✲✲✲,noun,positive,blue,0.4932,nonmatch,0.6606,0,0.7737,0.9094,108.31258952287136
162,1260,20,30,11,part_of_speech_classification,color_matching,matching,match_right,schlecht,adjective,negative,brown,✲entführung✲,noun,negative,brown,0.4932,match,0.6551,0,0.7734,0.9091,108.28030937321816
162,1261,21,30,11,part_of_speech_classification,color_matching,matching,match_right,liebe,noun,positive,brown,✲✲ehrlich✲✲✲,adjective,positive,brown,0.4932,match,0.8757,0,0.7732,0.9089,108.24805161151701
162,1262,22,30,11,part_of_speech_classification,color_matching,matching,match_right,liebe,noun,positive,blue,✲✲✲eitel✲✲✲✲,adjective,negative,blue,0.4932,match,0.8501,0,0.773,0.9087,108.2155548074385
162,1263,23,30,11,part_of_speech_classification,color_matching,matching,match_right,ehrlich,adjective,positive,blue,✲✲✲gütig✲✲✲✲,adjective,positive,blue,0.4932,match,0.82,0,0.7727,0.9084,108.182778825182
162,1264,24,30,11,part_of_speech_classification,color_matching,matching,match_right,gütig,adjective,positive,brown,✲✲✲✲spaß✲✲✲✲,noun,positive,brown,0.4932,match,0.8074,0,0.7725,0.9082,108.14968288910002
162,1265,25,30,11,part_of_speech_classification,color_matching,matching,match_right,schleim,noun,negative,blue,✲✲schlecht✲✲,adjective,negative,blue,0.4932,match,0.9452,0,0.7723,0.908,108.11622548962694
162,1266,26,30,11,part_of_speech_classification,color_matching,matching,match_right,glück,noun,positive,brown,✲✲✲gütig✲✲✲✲,adjective,positive,blue,0.4932,match,0.7609,1,0.772,0.9077,108.0823642869529
162,1267,27,30,11,part_of_speech_classification,color_matching,matching,match_right,ehrlich,adjective,positive,blue,✲✲✲eitel✲✲✲✲,adjective,negative,blue,0.4932,match,0.7607,0,0.7727,0.9084,108.17819254484363
162,1268,28,30,11,part_of_speech_classification,color_matching,matching,match_right,glück,noun,positive,brown,✲✲✲✲spaß✲✲✲✲,noun,positive,blue,0.4932,nonmatch,0.7641,0,0.7725,0.9082,108.14525760430335
162,1269,29,30,11,part_of_speech_classification,color_matching,matching,match_right,gütig,adjective,positive,blue,✲✲✲schön✲✲✲✲,adjective,positive,brown,0.4932,nonmatch,1.2689,0,0.7722,0.9079,108.11195830727692
162,1270,30,30,11,part_of_speech_classification,color_matching,matching,match_right,gift,noun,negative,blue,✲✲✲eitel✲✲✲✲,adjective,negative,brown,0.4932,nonmatch,0.9199,0,0.772,0.9077,108.07825270417881
162,1271,31,30,11,part_of_speech_classification,color_matching,matching,match_right,schön,adjective,positive,brown,✲✲✲lustig✲✲✲,adjective,positive,blue,0.4932,match,0.7934,1,0.7717,0.9075,108.04409791652857
162,1272,32,30,11,part_of_speech_classification,color_matching,matching,match_right,einfall,noun,positive,blue,✲✲schleim✲✲✲,noun,negative,blue,0.4932,match,0.8327,0,0.7724,0.9081,108.14087534095876
162,1273,33,30,11,part_of_speech_classification,color_matching,matching,match_right,ehrlich,adjective,positive,blue,✲✲schleim✲✲✲,noun,negative,blue,0.4932,match,0.8151,0,0.7722,0.9079,108.10773150558497
162,1274,34,30,11,part_of_speech_classification,color_matching,matching,match_right,einfall,noun,positive,brown,✲✲✲gierig✲✲✲,adjective,negative,blue,0.4932,nonmatch,0.6426,0,0.772,0.9077,108.07417892064122
162,1275,35,30,11,part_of_speech_classification,color_matching,matching,match_right,schleim,noun,negative,brown,✲entführung✲,noun,negative,blue,0.4933,nonmatch,0.7099,0,0.7717,0.9074,108.04017509021648
162,1276,36,30,11,part_of_speech_classification,color_matching,matching,match_right,leiche,noun,negative,blue,✲✲✲✲gift✲✲✲✲,noun,negative,brown,0.4932,nonmatch,0.7707,0,0.7715,0.9072,108.00567649090921
162,1277,37,30,11,part_of_speech_classification,color_matching,matching,match_right,glück,noun,positive,blue,✲✲✲✲gift✲✲✲✲,noun,negative,brown,0.4932,nonmatch,0.9238,0,0.7712,0.9069,107.97063846966849
162,1278,38,30,11,part_of_speech_classification,color_matching,matching,match_right,schlecht,adjective,negative,blue,✲✲✲gierig✲✲✲,adjective,negative,brown,0.4932,nonmatch,0.7863,0,0.771,0.9067,107.9350151380886
162,1279,39,30,11,part_of_speech_classification,color_matching,matching,match_right,entführung,noun,negative,brown,✲✲✲lustig✲✲✲,adjective,positive,blue,0.4932,nonmatch,0.7648,0,0.7707,0.9064,107.89875926280294
162,1280,40,30,11,part_of_speech_classification,color_matching,matching,match_right,schleim,noun,negative,blue,✲✲✲liebe✲✲✲✲,noun,positive,blue,0.4932,match,0.8406,0,0.7704,0.9062,107.86182215160696
162,1281,41,30,11,part_of_speech_classification,color_matching,matching,match_right,entführung,noun,negative,brown,✲✲launisch✲✲,adjective,negative,brown,0.4932,match,0.8328,0,0.7702,0.9059,107.82415353492716
162,1282,42,30,11,part_of_speech_classification,color_matching,matching,match_right,spaß,noun,positive,blue,✲✲✲schön✲✲✲✲,adjective,positive,brown,0.4932,nonmatch,0.8193,0,0.7699,0.9056,107.78570144223222
162,1283,43,30,11,part_of_speech_classification,color_matching,matching,match_right,gift,noun,negative,brown,✲✲✲leiche✲✲✲,noun,negative,brown,0.4932,match,0.8258,0,0.7696,0.9054,107.75082901951475
162,1284,44,30,11,part_of_speech_classification,color_matching,matching,match_right,schön,adjective,positive,blue,✲entführung✲,noun,negative,brown,0.4932,nonmatch,0.7035,0,0.7694,0.9051,107.71909513900587
162,1285,45,30,11,part_of_speech_classification,color_matching,matching,match_right,eitel,adjective,negative,brown,✲✲launisch✲✲,adjective,negative,brown,0.4932,match,0.5334,0,0.7692,0.9049,107.68777955392828
162,1286,46,30,11,part_of_speech_classification,color_matching,matching,match_right,launisch,adjective,negative,blue,✲✲einfall✲✲✲,noun,positive,brown,0.4932,match,0.7679,1,0.769,0.9047,107.6568442650321
162,1287,47,30,11,part_of_speech_classification,color_matching,matching,match_right,gierig,adjective,negative,brown,✲✲✲schön✲✲✲✲,adjective,positive,brown,0.4932,match,0.6964,0,0.7696,0.9053,107.74865366629196
162,1288,48,30,11,part_of_speech_classification,color_matching,matching,match_right,entführung,noun,negative,blue,✲✲✲✲spaß✲✲✲✲,noun,positive,brown,0.4932,match,1.0904,1,0.7694,0.9051,107.71714047098874
162,1289,49,30,11,part_of_speech_classification,color_matching,matching,match_right,spaß,noun,positive,brown,✲entführung✲,noun,negative,blue,0.4957,match,1.2925,1,0.7701,0.9058,107.81813725432409
162,1290,50,30,11,part_of_speech_classification,color_matching,matching,match_right,einfall,noun,positive,blue,✲✲✲liebe✲✲✲✲,noun,positive,brown,0.4932,nonmatch,0.8077,0,0.7709,0.9066,107.92474231733814
162,1291,51,30,11,part_of_speech_classification,color_matching,matching,match_right,gift,noun,negative,brown,✲✲✲gütig✲✲✲✲,adjective,positive,brown,0.4932,match,0.7846,0,0.7706,0.9063,107.88891228455452
162,1292,52,30,11,part_of_speech_classification,color_matching,matching,match_right,lustig,adjective,positive,blue,✲✲✲liebe✲✲✲✲,noun,positive,blue,0.4932,match,0.9789,0,0.7704,0.9061,107.85240080760562
162,1293,53,30,11,part_of_speech_classification,color_matching,matching,match_right,lustig,adjective,positive,brown,✲✲✲✲gift✲✲✲✲,noun,negative,blue,0.4932,nonmatch,0.8714,0,0.7701,0.9058,107.8151588169998
162,1294,54,30,11,part_of_speech_classification,color_matching,matching,match_right,eitel,adjective,negative,blue,✲✲✲lustig✲✲✲,adjective,positive,brown,0.4932,nonmatch,0.8114,0,0.7698,0.9056,107.77713557435918
162,1295,55,30,11,part_of_speech_classification,color_matching,matching,match_right,einfall,noun,positive,blue,✲✲✲lustig✲✲✲,adjective,positive,blue,0.4932,match,0.7981,0,0.7696,0.9053,107.7443660046991
162,1296,56,30,11,part_of_speech_classification,color_matching,matching,match_right,glück,noun,positive,brown,✲✲schlecht✲✲,adjective,negative,brown,0.4932,match,0.7868,0,0.7694,0.9051,107.71328574813812
162,1297,57,30,11,part_of_speech_classification,color_matching,matching,match_right,lustig,adjective,positive,brown,✲✲ehrlich✲✲✲,adjective,positive,brown,0.4932,match,0.7577,0,0.7692,0.9049,107.682611189405
162,1298,58,30,11,part_of_speech_classification,color_matching,matching,match_right,eitel,adjective,negative,brown,✲✲✲✲gift✲✲✲✲,noun,negative,blue,0.4932,nonmatch,0.89,0,0.7689,0.9047,107.65230577389589
162,1299,59,30,11,part_of_speech_classification,color_matching,matching,match_right,schlecht,adjective,negative,brown,✲✲✲glück✲✲✲✲,noun,positive,blue,0.4932,nonmatch,0.8114,0,0.7687,0.9044,107.62233374960412
162,1300,60,30,11,part_of_speech_classification,color_matching,matching,match_right,schön,adjective,positive,blue,✲✲✲gierig✲✲✲,adjective,negative,brown,0.4932,nonmatch,0.7769,0,0.7685,0.9042,107.59266008586653
162,1301,61,30,11,part_of_speech_classification,color_matching,matching,match_right,schlecht,adjective,negative,brown,✲✲✲gütig✲✲✲✲,adjective,positive,blue,0.4932,nonmatch,0.7178,0,0.7683,0.904,107.56325039466661
162,1302,62,30,11,part_of_speech_classification,color_matching,matching,match_right,lustig,adjective,positive,brown,✲✲schlecht✲✲,adjective,negative,brown,0.4936,nonmatch,0.8758,1,0.7681,0.9038,107.53407085421973
162,1303,63,30,11,part_of_speech_classification,color_matching,matching,match_right,gierig,adjective,negative,blue,✲✲✲eitel✲✲✲✲,adjective,negative,blue,0.4932,match,0.8502,0,0.7687,0.9044,107.62104768282592
162,1304,64,30,11,part_of_speech_classification,color_matching,matching,match_right,spaß,noun,positive,blue,✲✲launisch✲✲,adjective,negative,brown,0.4932,nonmatch,0.7898,0,0.7685,0.9042,107.59157281965359
162,1305,1,31,12,part_of_speech_classification,color_matching,matching,match_right,gift,noun,negative,brown,✲✲✲gierig✲✲✲,adjective,negative,brown,0.4932,match,0.59,0,0.7683,0.904,107.56235964094797
162,1306,2,31,12,part_of_speech_classification,color_matching,matching,match_right,launisch,adjective,negative,brown,✲✲✲gütig✲✲✲✲,adjective,positive,brown,0.4955,match,0.8614,0,0.7681,0.9038,107.53337474718433
162,1307,3,31,12,part_of_speech_classification,color_matching,matching,match_right,ehrlich,adjective,positive,blue,✲✲✲✲gift✲✲✲✲,noun,negative,brown,0.4932,nonmatch,0.6927,0,0.7679,0.9036,107.50458522394136
162,1308,4,31,12,part_of_speech_classification,color_matching,matching,match_right,schön,adjective,positive,blue,✲✲ehrlich✲✲✲,adjective,positive,brown,0.4932,nonmatch,0.632,0,0.7677,0.9034,107.47595857062282
162,1309,5,31,12,part_of_speech_classification,color_matching,matching,match_right,schlecht,adjective,negative,blue,✲✲launisch✲✲,adjective,negative,blue,0.4932,match,0.7035,0,0.7675,0.9032,107.44746263067258
162,1310,6,31,12,part_of_speech_classification,color_matching,matching,match_right,spaß,noun,positive,blue,✲✲launisch✲✲,adjective,negative,brown,0.4932,nonmatch,0.8209,0,0.7673,0.903,107.4190655230532
162,1311,7,31,12,part_of_speech_classification,color_matching,matching,match_right,launisch,adjective,negative,blue,✲✲✲✲gift✲✲✲✲,noun,negative,blue,0.4932,match,0.7484,0,0.7671,0.9028,107.3907355747662
162,1312,8,31,12,part_of_speech_classification,color_matching,matching,match_right,entführung,noun,negative,blue,✲✲schleim✲✲✲,noun,negative,blue,0.4932,match,0.4709,0,0.7669,0.9026,107.3624412541934
162,1313,9,31,12,part_of_speech_classification,color_matching,matching,match_right,entführung,noun,negative,blue,✲✲launisch✲✲,adjective,negative,blue,0.4933,match,0.2718,0,0.7667,0.9024,107.33415110504995
162,1314,10,31,12,part_of_speech_classification,color_matching,matching,match_right,liebe,noun,positive,blue,✲✲✲schön✲✲✲✲,adjective,positive,brown,0.4932,nonmatch,0.4993,0,0.7665,0.9022,107.30583368073587
162,1315,11,31,12,part_of_speech_classification,color_matching,matching,match_right,entführung,noun,negative,blue,✲✲✲lustig✲✲✲,adjective,positive,blue,0.4932,match,0.4485,0,0.7663,0.902,107.27745747888393
162,1316,12,31,12,part_of_speech_classification,color_matching,matching,match_right,leiche,noun,negative,brown,✲✲schlecht✲✲,adjective,negative,blue,0.4932,nonmatch,0.5676,0,0.7661,0.9018,107.24899087589527
162,1317,13,31,12,part_of_speech_classification,color_matching,matching,match_right,ehrlich,adjective,positive,blue,✲✲✲eitel✲✲✲✲,adjective,negative,blue,0.4932,match,0.5677,0,0.7659,0.9016,107.22040206126346
162,1318,14,31,12,part_of_speech_classification,color_matching,matching,match_right,ehrlich,adjective,positive,blue,✲✲✲glück✲✲✲✲,noun,positive,blue,0.4932,match,0.3997,0,0.7657,0.9014,107.19185206845829
162,1319,15,31,12,part_of_speech_classification,color_matching,matching,match_right,einfall,noun,positive,blue,✲✲schleim✲✲✲,noun,negative,brown,0.4932,nonmatch,0.7828,0,0.7655,0.9012,107.1631104304306
162,1320,16,31,12,part_of_speech_classification,color_matching,matching,match_right,spaß,noun,positive,blue,✲✲✲lustig✲✲✲,adjective,positive,blue,0.4932,match,0.6646,0,0.7652,0.901,107.13414492811191
162,1321,17,31,12,part_of_speech_classification,color_matching,matching,match_right,gift,noun,negative,blue,✲✲✲leiche✲✲✲,noun,negative,brown,0.4932,nonmatch,0.6343,0,0.765,0.9007,107.10492286680855
162,1322,18,31,12,part_of_speech_classification,color_matching,matching,match_right,schlecht,adjective,negative,brown,✲✲✲lustig✲✲✲,adjective,positive,blue,0.4932,match,0.7321,1,0.7648,0.9005,107.0754110079464
162,1323,19,31,12,part_of_speech_classification,color_matching,matching,match_right,spaß,noun,positive,brown,✲entführung✲,noun,negative,blue,0.4932,nonmatch,0.6057,0,0.7654,0.9011,107.15874001624039
162,1324,20,31,12,part_of_speech_classification,color_matching,matching,match_right,liebe,noun,positive,blue,✲✲✲leiche✲✲✲,noun,negative,blue,0.4932,match,0.5346,0,0.7652,0.9009,107.12990545349561
162,1325,21,31,12,part_of_speech_classification,color_matching,matching,match_right,eitel,adjective,negative,brown,✲✲✲glück✲✲✲✲,noun,positive,brown,0.4959,match,0.7258,0,0.765,0.9007,107.10081135233743
162,1326,22,31,12,part_of_speech_classification,color_matching,matching,match_right,schleim,noun,negative,blue,✲✲✲liebe✲✲✲✲,noun,positive,blue,0.4932,match,0.5962,0,0.7648,0.9005,107.0714247529128
162,1327,23,31,12,part_of_speech_classification,color_matching,matching,match_right,liebe,noun,positive,blue,✲✲✲glück✲✲✲✲,noun,positive,brown,0.496,nonmatch,0.687,0,0.7646,0.9003,107.04171207987618
162,1328,24,31,12,part_of_speech_classification,color_matching,matching,match_right,gütig,adjective,positive,brown,✲✲schleim✲✲✲,noun,negative,blue,0.4932,nonmatch,1.1538,0,0.7644,0.9001,107.01163907174158
162,1329,25,31,12,part_of_speech_classification,color_matching,matching,match_right,gift,noun,negative,brown,✲✲✲✲spaß✲✲✲✲,noun,positive,brown,0.4932,match,0.7147,0,0.7642,0.8999,106.98117070826183
162,1330,26,31,12,part_of_speech_classification,color_matching,matching,match_right,entführung,noun,negative,brown,✲✲✲glück✲✲✲✲,noun,positive,blue,0.4932,nonmatch,0.918,0,0.7639,0.8996,106.95027113561157
162,1331,27,31,12,part_of_speech_classification,color_matching,matching,match_right,gierig,adjective,negative,blue,✲✲✲✲spaß✲✲✲✲,noun,positive,blue,0.4932,match,0.8328,0,0.7637,0.8994,106.91890358914628
162,1332,28,31,12,part_of_speech_classification,color_matching,matching,match_right,gütig,adjective,positive,brown,✲✲✲lustig✲✲✲,adjective,positive,brown,0.4932,match,0.8632,0,0.7635,0.8992,106.88703031349873
162,1333,29,31,12,part_of_speech_classification,color_matching,matching,match_right,gierig,adjective,negative,blue,✲✲✲eitel✲✲✲✲,adjective,negative,brown,0.4932,nonmatch,0.8618,0,0.7632,0.899,106.85461247976674
162,1334,30,31,12,part_of_speech_classification,color_matching,matching,match_right,gierig,adjective,negative,brown,✲entführung✲,noun,negative,brown,0.4932,match,0.8978,0,0.763,0.8987,106.82161009953316
162,1335,31,31,12,part_of_speech_classification,color_matching,matching,match_right,glück,noun,positive,blue,✲✲schlecht✲✲,adjective,negative,blue,0.4932,match,0.911,0,0.7628,0.8985,106.78798193545205
162,1336,32,31,12,part_of_speech_classification,color_matching,matching,match_right,leiche,noun,negative,brown,✲✲✲gütig✲✲✲✲,adjective,positive,blue,0.4932,nonmatch,0.7685,0,0.7625,0.8982,106.75368540811834
162,1337,33,31,12,part_of_speech_classification,color_matching,matching,match_right,schön,adjective,positive,brown,✲✲einfall✲✲✲,noun,positive,brown,0.4932,match,0.6964,0,0.7623,0.898,106.71867649892808
162,1338,34,31,12,part_of_speech_classification,color_matching,matching,match_right,lustig,adjective,positive,brown,✲✲launisch✲✲,adjective,negative,blue,0.4932,nonmatch,0.5486,0,0.762,0.8978,106.6856982337227
162,1339,35,31,12,part_of_speech_classification,color_matching,matching,match_right,schön,adjective,positive,blue,✲✲✲leiche✲✲✲,noun,negative,blue,0.4932,match,0.4419,0,0.7618,0.8975,106.65676344567494
162,1340,36,31,12,part_of_speech_classification,color_matching,matching,match_right,eitel,adjective,negative,brown,✲✲✲gierig✲✲✲,adjective,negative,blue,0.4936,nonmatch,0.3395,0,0.7616,0.8973,106.62821971944716
162,1341,37,31,12,part_of_speech_classification,color_matching,matching,match_right,schleim,noun,negative,blue,✲✲✲schön✲✲✲✲,adjective,positive,brown,0.4932,nonmatch,0.6252,0,0.7614,0.8971,106.60003503348831
162,1342,38,31,12,part_of_speech_classification,color_matching,matching,match_right,launisch,adjective,negative,brown,✲✲schlecht✲✲,adjective,negative,brown,0.4932,match,0.4041,0,0.7612,0.8969,106.57217808259512
162,1343,39,31,12,part_of_speech_classification,color_matching,matching,match_right,einfall,noun,positive,blue,✲✲✲✲spaß✲✲✲✲,noun,positive,blue,0.4932,match,0.4433,0,0.761,0.8967,106.54461821140835
162,1344,40,31,12,part_of_speech_classification,color_matching,matching,match_right,glück,noun,positive,brown,✲✲✲✲gift✲✲✲✲,noun,negative,brown,0.4932,match,0.6821,0,0.7608,0.8966,106.51732535001186
162,1345,41,31,12,part_of_speech_classification,color_matching,matching,match_right,schlecht,adjective,negative,brown,✲✲✲liebe✲✲✲✲,noun,positive,blue,0.4932,nonmatch,0.6535,0,0.7606,0.8964,106.49026995142212
162,1346,42,31,12,part_of_speech_classification,color_matching,matching,match_right,lustig,adjective,positive,brown,✲✲✲✲spaß✲✲✲✲,noun,positive,blue,0.4932,nonmatch,0.7684,0,0.7605,0.8962,106.46342293077002
162,1347,43,31,12,part_of_speech_classification,color_matching,matching,match_right,lustig,adjective,positive,blue,✲✲✲schön✲✲✲✲,adjective,positive,blue,0.4932,match,0.6534,0,0.7603,0.896,106.43675560597859
162,1348,44,31,12,part_of_speech_classification,color_matching,matching,match_right,lustig,adjective,positive,brown,✲entführung✲,noun,negative,brown,0.4932,match,0.6988,0,0.7601,0.8958,106.4102396397542
162,1349,45,31,12,part_of_speech_classification,color_matching,matching,match_right,gierig,adjective,negative,blue,✲✲ehrlich✲✲✲,adjective,positive,blue,0.4933,match,0.7829,0,0.7599,0.8956,106.38384698270703
162,1350,46,31,12,part_of_speech_classification,color_matching,matching,match_right,gütig,adjective,positive,brown,✲✲✲gierig✲✲✲,adjective,negative,brown,0.4932,match,0.7185,0,0.7597,0.8954,106.35754981742997
162,1351,47,31,12,part_of_speech_classification,color_matching,matching,match_right,leiche,noun,negative,brown,✲✲✲✲gift✲✲✲✲,noun,negative,blue,0.4932,nonmatch,0.9595,0,0.7595,0.8952,106.33132050336249
162,1352,48,31,12,part_of_speech_classification,color_matching,matching,match_right,ehrlich,adjective,positive,brown,✲✲✲gütig✲✲✲✲,adjective,positive,blue,0.4932,match,0.801,1,0.7593,0.895,106.30513152227563
162,1353,49,31,12,part_of_speech_classification,color_matching,matching,match_right,glück,noun,positive,brown,✲✲✲gütig✲✲✲✲,adjective,positive,blue,0.4932,match,0.7049,1,0.7599,0.8956,106.38368205084602
162,1354,50,31,12,part_of_speech_classification,color_matching,matching,match_right,schlecht,adjective,negative,brown,✲✲✲leiche✲✲✲,noun,negative,blue,0.4932,nonmatch,0.8059,0,0.7604,0.8962,106.46210134730019
162,1355,51,31,12,part_of_speech_classification,color_matching,matching,match_right,einfall,noun,positive,brown,✲✲ehrlich✲✲✲,adjective,positive,brown,0.4932,match,0.6263,0,0.7603,0.896,106.43576499569407
162,1356,52,31,12,part_of_speech_classification,color_matching,matching,match_right,launisch,adjective,negative,blue,✲✲einfall✲✲✲,noun,positive,brown,0.4932,match,0.8328,1,0.7601,0.8958,106.40957822952478
162,1357,53,31,12,part_of_speech_classification,color_matching,matching,match_right,schleim,noun,negative,blue,✲✲✲eitel✲✲✲✲,adjective,negative,brown,0.4932,match,0.8073,1,0.7606,0.8963,106.48779391964226
162,1358,54,31,12,part_of_speech_classification,color_matching,matching,match_right,leiche,noun,negative,blue,✲✲einfall✲✲✲,noun,positive,brown,0.4932,nonmatch,0.8295,0,0.7612,0.8969,106.56686593432995
162,1359,55,31,12,part_of_speech_classification,color_matching,matching,match_right,gütig,adjective,positive,blue,✲✲✲liebe✲✲✲✲,noun,positive,brown,0.4986,nonmatch,0.7986,0,0.761,0.8967,106.53998750408464
162,1360,56,31,12,part_of_speech_classification,color_matching,matching,match_right,glück,noun,positive,brown,✲✲✲liebe✲✲✲✲,noun,positive,brown,0.4932,match,0.7979,0,0.7608,0.8965,106.51336731498253
162,1361,57,31,12,part_of_speech_classification,color_matching,matching,match_right,einfall,noun,positive,brown,✲✲✲eitel✲✲✲✲,adjective,negative,brown,0.4932,match,0.798,0,0.7606,0.8963,106.48697716054673
162,1362,58,31,12,part_of_speech_classification,color_matching,matching,match_right,eitel,adjective,negative,blue,✲✲schleim✲✲✲,noun,negative,brown,0.4932,nonmatch,0.7827,0,0.7604,0.8961,106.46078927286256
162,1363,59,31,12,part_of_speech_classification,color_matching,matching,match_right,eitel,adjective,negative,blue,✲✲✲schön✲✲✲✲,adjective,positive,brown,0.4932,nonmatch,0.8787,0,0.7602,0.896,106.43477626722846
162,1364,60,31,12,part_of_speech_classification,color_matching,matching,match_right,gift,noun,negative,brown,✲✲ehrlich✲✲✲,adjective,positive,brown,0.4932,match,0.8615,0,0.7601,0.8958,106.40891108802884
162,1365,61,31,12,part_of_speech_classification,color_matching,matching,match_right,liebe,noun,positive,brown,✲✲✲gierig✲✲✲,adjective,negative,blue,0.4932,nonmatch,0.7114,0,0.7599,0.8956,106.38316695566397
162,1366,62,31,12,part_of_speech_classification,color_matching,matching,match_right,schön,adjective,positive,blue,✲✲schlecht✲✲,adjective,negative,brown,0.4932,nonmatch,0.697,0,0.7597,0.8954,106.35751731437675
162,1367,63,31,12,part_of_speech_classification,color_matching,matching,match_right,spaß,noun,positive,brown,✲✲einfall✲✲✲,noun,positive,blue,0.4932,match,0.6255,1,0.7595,0.8952,106.3319357808225
162,1368,64,31,12,part_of_speech_classification,color_matching,matching,match_right,schleim,noun,negative,brown,✲entführung✲,noun,negative,brown,0.4935,match,0.6941,0,0.7601,0.8958,106.40857561033737
