sid,tid,tix,bid,bix,study_task,current_task,study_phase,key_assignment,prime_identity,prime_part_of_speech,prime_valence,prime_color,target_identity,target_part_of_speech,target_valence,target_color,target_onset,response,response_time,error,response_window_start,response_window_end,n_target
175,1,1,1,1,valence_classification,valence_classification,acquisition,positive_left,MQQM,,,black,entführung,noun,negative,black,0.9028,positive,0.2079,1,0.41,0.54,41
175,2,2,1,1,valence_classification,valence_classification,acquisition,positive_left,MQQM,,,black,schleim,noun,negative,black,0.8804,negative,0.9739,0,0.41,0.54,41
175,3,3,1,1,valence_classification,valence_classification,acquisition,positive_left,ZYYZ,,,black,ehrlich,adjective,positive,black,0.8805,positive,0.5598,0,0.41,0.54,41
175,4,4,1,1,valence_classification,valence_classification,acquisition,positive_left,ZYYZ,,,black,ehrlich,adjective,positive,black,0.8804,positive,0.4441,0,0.41,0.54,41
175,5,5,1,1,valence_classification,valence_classification,acquisition,positive_left,WJJW,,,black,gierig,adjective,negative,black,0.881,negative,0.5086,0,0.41,0.54,41
175,6,6,1,1,valence_classification,valence_classification,acquisition,positive_left,WJJW,,,black,gierig,adjective,negative,black,0.8805,negative,0.4073,0,0.41,0.54,41
175,7,7,1,1,valence_classification,valence_classification,acquisition,positive_left,WJJW,,,black,eitel,adjective,negative,black,0.8805,positive,0.4356,1,0.41,0.54,41
175,8,8,1,1,valence_classification,valence_classification,acquisition,positive_left,XVVX,,,black,spaß,noun,positive,black,0.8804,positive,0.6081,0,0.41,0.54,41
175,9,9,1,1,valence_classification,valence_classification,acquisition,positive_left,WJJW,,,black,schlecht,adjective,negative,black,0.8804,negative,0.5375,0,0.41,0.54,41
175,10,10,1,1,valence_classification,valence_classification,acquisition,positive_left,MQQM,,,black,gift,noun,negative,black,0.8804,positive,0.5438,1,0.41,0.54,41
175,11,11,1,1,valence_classification,valence_classification,acquisition,positive_left,XVVX,,,black,einfall,noun,positive,black,0.8805,positive,0.8758,0,0.41,0.54,41
175,12,12,1,1,valence_classification,valence_classification,acquisition,positive_left,ZYYZ,,,black,schön,adjective,positive,black,0.8804,positive,0.5103,0,0.41,0.54,41
175,13,13,1,1,valence_classification,valence_classification,acquisition,positive_left,MQQM,,,black,leiche,noun,negative,black,0.8805,negative,0.7285,0,0.41,0.54,41
175,14,14,1,1,valence_classification,valence_classification,acquisition,positive_left,WJJW,,,black,launisch,adjective,negative,black,0.8805,positive,0.785,1,0.41,0.54,41
175,15,15,1,1,valence_classification,valence_classification,acquisition,positive_left,XVVX,,,black,einfall,noun,positive,black,0.8804,positive,0.701,0,0.41,0.54,41
175,16,16,1,1,valence_classification,valence_classification,acquisition,positive_left,XVVX,,,black,liebe,noun,positive,black,0.8805,positive,0.5098,0,0.41,0.54,41
175,17,17,1,1,valence_classification,valence_classification,acquisition,positive_left,MQQM,,,black,entführung,noun,negative,black,0.8804,negative,0.8856,0,0.41,0.54,41
175,18,18,1,1,valence_classification,valence_classification,acquisition,positive_left,WJJW,,,black,eitel,adjective,negative,black,0.8804,positive,0.6093,1,0.41,0.54,41
175,19,19,1,1,valence_classification,valence_classification,acquisition,positive_left,XVVX,,,black,glück,noun,positive,black,0.8804,positive,0.5472,0,0.41,0.54,41
175,20,20,1,1,valence_classification,valence_classification,acquisition,positive_left,XVVX,,,black,glück,noun,positive,black,0.8804,positive,0.5374,0,0.41,0.54,41
175,21,21,1,1,valence_classification,valence_classification,acquisition,positive_left,ZYYZ,,,black,gütig,adjective,positive,black,0.8804,positive,0.7424,0,0.41,0.54,41
175,22,22,1,1,valence_classification,valence_classification,acquisition,positive_left,ZYYZ,,,black,lustig,adjective,positive,black,0.8804,positive,0.4398,0,0.41,0.54,41
175,23,23,1,1,valence_classification,valence_classification,acquisition,positive_left,ZYYZ,,,black,gütig,adjective,positive,black,0.8804,positive,0.606,0,0.41,0.54,41
175,24,24,1,1,valence_classification,valence_classification,acquisition,positive_left,MQQM,,,black,gift,noun,negative,black,0.8807,negative,0.5655,0,0.41,0.54,41
175,25,1,2,2,valence_classification,valence_classification,acquisition,positive_left,ZYYZ,,,black,schön,adjective,positive,black,0.8837,positive,0.8333,0,0.41,0.54,41
175,26,2,2,2,valence_classification,valence_classification,acquisition,positive_left,ZYYZ,,,black,ehrlich,adjective,positive,black,0.8804,positive,0.6817,0,0.41,0.54,41
175,27,3,2,2,valence_classification,valence_classification,acquisition,positive_left,MQQM,,,black,gift,noun,negative,black,0.8804,negative,0.4431,0,0.41,0.54,41
175,28,4,2,2,valence_classification,valence_classification,acquisition,positive_left,MQQM,,,black,entführung,noun,negative,black,0.8805,negative,0.5454,0,0.41,0.54,41
175,29,5,2,2,valence_classification,valence_classification,acquisition,positive_left,MQQM,,,black,entführung,noun,negative,black,0.8804,negative,0.5039,0,0.41,0.54,41
175,30,6,2,2,valence_classification,valence_classification,acquisition,positive_left,ZYYZ,,,black,lustig,adjective,positive,black,0.8805,positive,0.4445,0,0.41,0.54,41
175,31,7,2,2,valence_classification,valence_classification,acquisition,positive_left,WJJW,,,black,eitel,adjective,negative,black,0.8805,positive,0.3985,1,0.41,0.54,41
175,32,8,2,2,valence_classification,valence_classification,acquisition,positive_left,MQQM,,,black,leiche,noun,negative,black,0.8804,negative,0.416,0,0.41,0.54,41
175,33,9,2,2,valence_classification,valence_classification,acquisition,positive_left,WJJW,,,black,gierig,adjective,negative,black,0.8805,positive,0.4431,1,0.41,0.54,41
175,33,9,2,2,valence_classification,valence_classification,acquisition,positive_left,WJJW,,,black,gierig,adjective,negative,black,0.8805,negative,0.5405,0,0.41,0.54,41
175,34,10,2,2,valence_classification,valence_classification,acquisition,positive_left,MQQM,,,black,schleim,noun,negative,black,0.8805,negative,0.3442,0,0.41,0.54,41
175,35,11,2,2,valence_classification,valence_classification,acquisition,positive_left,WJJW,,,black,schlecht,adjective,negative,black,0.8804,negative,0.4002,0,0.41,0.54,41
175,36,12,2,2,valence_classification,valence_classification,acquisition,positive_left,ZYYZ,,,black,gütig,adjective,positive,black,0.8804,positive,0.4131,0,0.41,0.54,41
175,37,13,2,2,valence_classification,valence_classification,acquisition,positive_left,ZYYZ,,,black,gütig,adjective,positive,black,0.8805,positive,0.393,0,0.41,0.54,41
175,38,14,2,2,valence_classification,valence_classification,acquisition,positive_left,XVVX,,,black,liebe,noun,positive,black,0.8805,positive,0.4804,0,0.41,0.54,41
175,39,15,2,2,valence_classification,valence_classification,acquisition,positive_left,WJJW,,,black,eitel,adjective,negative,black,0.8804,positive,0.3532,1,0.41,0.54,41
175,40,16,2,2,valence_classification,valence_classification,acquisition,positive_left,XVVX,,,black,einfall,noun,positive,black,0.8805,negative,0.4394,1,0.41,0.54,41
175,41,17,2,2,valence_classification,valence_classification,acquisition,positive_left,WJJW,,,black,gierig,adjective,negative,black,0.8805,negative,0.3783,0,0.41,0.54,41
175,42,18,2,2,valence_classification,valence_classification,acquisition,positive_left,WJJW,,,black,launisch,adjective,negative,black,0.8805,negative,0.5069,0,0.41,0.54,41
175,43,19,2,2,valence_classification,valence_classification,acquisition,positive_left,ZYYZ,,,black,ehrlich,adjective,positive,black,0.8804,positive,0.4491,0,0.41,0.54,41
175,44,20,2,2,valence_classification,valence_classification,acquisition,positive_left,XVVX,,,black,spaß,noun,positive,black,0.8805,positive,0.353,0,0.41,0.54,41
175,45,21,2,2,valence_classification,valence_classification,acquisition,positive_left,XVVX,,,black,glück,noun,positive,black,0.8804,positive,0.3876,0,0.41,0.54,41
175,46,22,2,2,valence_classification,valence_classification,acquisition,positive_left,XVVX,,,black,einfall,noun,positive,black,0.8805,negative,0.5354,1,0.41,0.54,41
175,46,22,2,2,valence_classification,valence_classification,acquisition,positive_left,XVVX,,,black,einfall,noun,positive,black,0.8805,positive,0.6199,0,0.41,0.54,41
175,47,23,2,2,valence_classification,valence_classification,acquisition,positive_left,MQQM,,,black,gift,noun,negative,black,0.8804,negative,0.4964,0,0.41,0.54,41
175,48,24,2,2,valence_classification,valence_classification,acquisition,positive_left,XVVX,,,black,glück,noun,positive,black,0.8804,positive,0.4904,0,0.41,0.54,41
175,49,1,3,3,valence_classification,valence_classification,acquisition,positive_left,MQQM,,,black,schleim,noun,negative,black,0.8844,negative,0.4062,0,0.39,0.52,39
175,50,2,3,3,valence_classification,valence_classification,acquisition,positive_left,WJJW,,,black,schlecht,adjective,negative,black,0.8805,positive,0.3987,1,0.39,0.52,39
175,51,3,3,3,valence_classification,valence_classification,acquisition,positive_left,MQQM,,,black,gift,noun,negative,black,0.8805,negative,0.5148,0,0.39,0.52,39
175,52,4,3,3,valence_classification,valence_classification,acquisition,positive_left,WJJW,,,black,gierig,adjective,negative,black,0.8804,negative,0.437,0,0.39,0.52,39
175,53,5,3,3,valence_classification,valence_classification,acquisition,positive_left,MQQM,,,black,leiche,noun,negative,black,0.8805,negative,0.4748,0,0.39,0.52,39
175,54,6,3,3,valence_classification,valence_classification,acquisition,positive_left,ZYYZ,,,black,ehrlich,adjective,positive,black,0.8805,negative,0.5607,1,0.39,0.52,39
175,55,7,3,3,valence_classification,valence_classification,acquisition,positive_left,MQQM,,,black,leiche,noun,negative,black,0.8804,negative,0.3836,0,0.39,0.52,39
175,56,8,3,3,valence_classification,valence_classification,acquisition,positive_left,XVVX,,,black,spaß,noun,positive,black,0.8804,positive,0.5172,0,0.39,0.52,39
175,57,9,3,3,valence_classification,valence_classification,acquisition,positive_left,ZYYZ,,,black,schön,adjective,positive,black,0.8818,positive,0.3784,0,0.39,0.52,39
175,58,10,3,3,valence_classification,valence_classification,acquisition,positive_left,ZYYZ,,,black,lustig,adjective,positive,black,0.8804,positive,0.3931,0,0.39,0.52,39
175,59,11,3,3,valence_classification,valence_classification,acquisition,positive_left,MQQM,,,black,entführung,noun,negative,black,0.8805,positive,0.3429,1,0.39,0.52,39
175,60,12,3,3,valence_classification,valence_classification,acquisition,positive_left,XVVX,,,black,liebe,noun,positive,black,0.8805,positive,0.307,0,0.39,0.52,39
175,61,13,3,3,valence_classification,valence_classification,acquisition,positive_left,XVVX,,,black,einfall,noun,positive,black,0.8805,positive,0.5073,0,0.39,0.52,39
175,62,14,3,3,valence_classification,valence_classification,acquisition,positive_left,WJJW,,,black,eitel,adjective,negative,black,0.8805,positive,0.5372,1,0.39,0.52,39
175,63,15,3,3,valence_classification,valence_classification,acquisition,positive_left,WJJW,,,black,launisch,adjective,negative,black,0.8805,negative,0.8008,0,0.39,0.52,39
175,64,16,3,3,valence_classification,valence_classification,acquisition,positive_left,ZYYZ,,,black,lustig,adjective,positive,black,0.8804,positive,0.4788,0,0.39,0.52,39
175,65,17,3,3,valence_classification,valence_classification,acquisition,positive_left,MQQM,,,black,entführung,noun,negative,black,0.8804,negative,0.4754,0,0.39,0.52,39
175,66,18,3,3,valence_classification,valence_classification,acquisition,positive_left,WJJW,,,black,eitel,adjective,negative,black,0.8804,positive,0.4438,1,0.39,0.52,39
175,67,19,3,3,valence_classification,valence_classification,acquisition,positive_left,WJJW,,,black,launisch,adjective,negative,black,0.8805,negative,0.5714,0,0.39,0.52,39
175,68,20,3,3,valence_classification,valence_classification,acquisition,positive_left,WJJW,,,black,launisch,adjective,negative,black,0.8804,negative,0.4247,0,0.39,0.52,39
175,69,21,3,3,valence_classification,valence_classification,acquisition,positive_left,XVVX,,,black,glück,noun,positive,black,0.8805,positive,0.4549,0,0.39,0.52,39
175,70,22,3,3,valence_classification,valence_classification,acquisition,positive_left,MQQM,,,black,schleim,noun,negative,black,0.8805,negative,0.4354,0,0.39,0.52,39
175,71,23,3,3,valence_classification,valence_classification,acquisition,positive_left,WJJW,,,black,eitel,adjective,negative,black,0.8806,positive,0.4577,1,0.39,0.52,39
175,72,24,3,3,valence_classification,valence_classification,acquisition,positive_left,XVVX,,,black,glück,noun,positive,black,0.8805,negative,0.4181,1,0.39,0.52,39
175,73,25,3,3,valence_classification,valence_classification,acquisition,positive_left,MQQM,,,black,entführung,noun,negative,black,0.8805,negative,0.5249,0,0.39,0.52,39
175,74,26,3,3,valence_classification,valence_classification,acquisition,positive_left,WJJW,,,black,schlecht,adjective,negative,black,0.8804,negative,0.4653,0,0.39,0.52,39
175,75,27,3,3,valence_classification,valence_classification,acquisition,positive_left,XVVX,,,black,spaß,noun,positive,black,0.8804,positive,0.4685,0,0.39,0.52,39
175,76,28,3,3,valence_classification,valence_classification,acquisition,positive_left,XVVX,,,black,einfall,noun,positive,black,0.8805,positive,0.4051,0,0.39,0.52,39
175,77,29,3,3,valence_classification,valence_classification,acquisition,positive_left,ZYYZ,,,black,gütig,adjective,positive,black,0.8804,negative,0.4531,1,0.39,0.52,39
175,78,30,3,3,valence_classification,valence_classification,acquisition,positive_left,WJJW,,,black,gierig,adjective,negative,black,0.8804,negative,0.4991,0,0.39,0.52,39
175,79,31,3,3,valence_classification,valence_classification,acquisition,positive_left,ZYYZ,,,black,ehrlich,adjective,positive,black,0.8805,positive,0.4031,0,0.39,0.52,39
175,80,32,3,3,valence_classification,valence_classification,acquisition,positive_left,XVVX,,,black,liebe,noun,positive,black,0.8804,positive,2.2034,0,0.39,0.52,39
175,81,33,3,3,valence_classification,valence_classification,acquisition,positive_left,ZYYZ,,,black,schön,adjective,positive,black,0.8805,positive,0.4492,0,0.39,0.52,39
175,82,34,3,3,valence_classification,valence_classification,acquisition,positive_left,WJJW,,,black,schlecht,adjective,negative,black,0.8804,negative,0.4331,0,0.39,0.52,39
175,83,35,3,3,valence_classification,valence_classification,acquisition,positive_left,XVVX,,,black,glück,noun,positive,black,0.8805,positive,0.4402,0,0.39,0.52,39
175,84,36,3,3,valence_classification,valence_classification,acquisition,positive_left,XVVX,,,black,spaß,noun,positive,black,0.8804,positive,0.39,0,0.39,0.52,39
175,85,37,3,3,valence_classification,valence_classification,acquisition,positive_left,MQQM,,,black,schleim,noun,negative,black,0.8804,positive,0.3174,1,0.39,0.52,39
175,86,38,3,3,valence_classification,valence_classification,acquisition,positive_left,ZYYZ,,,black,ehrlich,adjective,positive,black,0.8805,positive,0.4675,0,0.39,0.52,39
175,87,39,3,3,valence_classification,valence_classification,acquisition,positive_left,ZYYZ,,,black,gütig,adjective,positive,black,0.8805,positive,0.4031,0,0.39,0.52,39
175,88,40,3,3,valence_classification,valence_classification,acquisition,positive_left,WJJW,,,black,gierig,adjective,negative,black,0.8805,positive,0.3453,1,0.39,0.52,39
175,89,41,3,3,valence_classification,valence_classification,acquisition,positive_left,MQQM,,,black,leiche,noun,negative,black,0.8805,positive,0.4884,1,0.39,0.52,39
175,90,42,3,3,valence_classification,valence_classification,acquisition,positive_left,MQQM,,,black,gift,noun,negative,black,0.8804,negative,0.5306,0,0.39,0.52,39
175,91,43,3,3,valence_classification,valence_classification,acquisition,positive_left,ZYYZ,,,black,schön,adjective,positive,black,0.8804,positive,0.4331,0,0.39,0.52,39
175,92,44,3,3,valence_classification,valence_classification,acquisition,positive_left,XVVX,,,black,einfall,noun,positive,black,0.8804,positive,0.3785,0,0.39,0.52,39
175,93,45,3,3,valence_classification,valence_classification,acquisition,positive_left,ZYYZ,,,black,lustig,adjective,positive,black,0.8804,positive,0.3866,0,0.39,0.52,39
175,94,46,3,3,valence_classification,valence_classification,acquisition,positive_left,MQQM,,,black,gift,noun,negative,black,0.8805,negative,0.5087,0,0.39,0.52,39
175,95,47,3,3,valence_classification,valence_classification,acquisition,positive_left,ZYYZ,,,black,gütig,adjective,positive,black,0.8804,positive,0.5138,0,0.39,0.52,39
175,96,48,3,3,valence_classification,valence_classification,acquisition,positive_left,XVVX,,,black,liebe,noun,positive,black,0.8804,positive,0.4947,0,0.39,0.52,39
175,97,1,4,4,valence_classification,valence_classification,acquisition,positive_left,MQQM,,,black,gift,noun,negative,black,0.8815,negative,0.5483,0,0.34,0.47,34
175,98,2,4,4,valence_classification,valence_classification,acquisition,positive_left,XVVX,,,black,spaß,noun,positive,black,0.8805,negative,0.43,1,0.34,0.47,34
175,99,3,4,4,valence_classification,valence_classification,acquisition,positive_left,XVVX,,,black,spaß,noun,positive,black,0.8804,positive,0.3029,0,0.34,0.47,34
175,100,4,4,4,valence_classification,valence_classification,acquisition,positive_left,MQQM,,,black,schleim,noun,negative,black,0.8805,negative,0.5122,0,0.34,0.47,34
175,101,5,4,4,valence_classification,valence_classification,acquisition,positive_left,ZYYZ,,,black,ehrlich,adjective,positive,black,0.8804,positive,0.3546,0,0.34,0.47,34
175,102,6,4,4,valence_classification,valence_classification,acquisition,positive_left,XVVX,,,black,liebe,noun,positive,black,0.8805,positive,0.3897,0,0.34,0.47,34
175,103,7,4,4,valence_classification,valence_classification,acquisition,positive_left,WJJW,,,black,schlecht,adjective,negative,black,0.8804,negative,0.4869,0,0.34,0.47,34
175,104,8,4,4,valence_classification,valence_classification,acquisition,positive_left,MQQM,,,black,gift,noun,negative,black,0.8804,positive,0.3966,1,0.34,0.47,34
175,105,9,4,4,valence_classification,valence_classification,acquisition,positive_left,ZYYZ,,,black,schön,adjective,positive,black,0.8804,positive,0.4372,0,0.34,0.47,34
175,106,10,4,4,valence_classification,valence_classification,acquisition,positive_left,XVVX,,,black,einfall,noun,positive,black,0.8804,positive,0.4577,0,0.34,0.47,34
175,107,11,4,4,valence_classification,valence_classification,acquisition,positive_left,WJJW,,,black,eitel,adjective,negative,black,0.8804,negative,0.3682,0,0.34,0.47,34
175,108,12,4,4,valence_classification,valence_classification,acquisition,positive_left,ZYYZ,,,black,ehrlich,adjective,positive,black,0.8806,positive,0.4927,0,0.34,0.47,34
175,109,13,4,4,valence_classification,valence_classification,acquisition,positive_left,XVVX,,,black,glück,noun,positive,black,0.8805,negative,0.4795,1,0.34,0.47,34
175,110,14,4,4,valence_classification,valence_classification,acquisition,positive_left,MQQM,,,black,leiche,noun,negative,black,0.8804,negative,0.5182,0,0.34,0.47,34
175,111,15,4,4,valence_classification,valence_classification,acquisition,positive_left,WJJW,,,black,launisch,adjective,negative,black,0.8804,negative,0.4162,0,0.34,0.47,34
175,112,16,4,4,valence_classification,valence_classification,acquisition,positive_left,MQQM,,,black,entführung,noun,negative,black,0.8804,negative,0.4646,0,0.34,0.47,34
175,113,17,4,4,valence_classification,valence_classification,acquisition,positive_left,ZYYZ,,,black,gütig,adjective,positive,black,0.8805,positive,0.5757,0,0.34,0.47,34
175,114,18,4,4,valence_classification,valence_classification,acquisition,positive_left,MQQM,,,black,entführung,noun,negative,black,0.8805,positive,0.403,1,0.34,0.47,34
175,115,19,4,4,valence_classification,valence_classification,acquisition,positive_left,MQQM,,,black,leiche,noun,negative,black,0.8804,negative,0.4595,0,0.34,0.47,34
175,116,20,4,4,valence_classification,valence_classification,acquisition,positive_left,MQQM,,,black,schleim,noun,negative,black,0.8804,negative,0.369,0,0.34,0.47,34
175,117,21,4,4,valence_classification,valence_classification,acquisition,positive_left,MQQM,,,black,entführung,noun,negative,black,0.8805,negative,0.4331,0,0.34,0.47,34
175,118,22,4,4,valence_classification,valence_classification,acquisition,positive_left,XVVX,,,black,glück,noun,positive,black,0.8804,positive,0.4431,0,0.34,0.47,34
175,119,23,4,4,valence_classification,valence_classification,acquisition,positive_left,MQQM,,,black,gift,noun,negative,black,0.8805,negative,0.433,0,0.34,0.47,34
175,120,24,4,4,valence_classification,valence_classification,acquisition,positive_left,WJJW,,,black,launisch,adjective,negative,black,0.8804,negative,0.4385,0,0.34,0.47,34
175,121,25,4,4,valence_classification,valence_classification,acquisition,positive_left,MQQM,,,black,leiche,noun,negative,black,0.8804,negative,0.4155,0,0.34,0.47,34
175,122,26,4,4,valence_classification,valence_classification,acquisition,positive_left,ZYYZ,,,black,lustig,adjective,positive,black,0.8804,negative,0.3995,1,0.34,0.47,34
175,123,27,4,4,valence_classification,valence_classification,acquisition,positive_left,XVVX,,,black,glück,noun,positive,black,0.8804,positive,0.3954,0,0.34,0.47,34
175,124,28,4,4,valence_classification,valence_classification,acquisition,positive_left,ZYYZ,,,black,lustig,adjective,positive,black,0.8804,positive,0.4368,0,0.34,0.47,34
175,125,29,4,4,valence_classification,valence_classification,acquisition,positive_left,WJJW,,,black,schlecht,adjective,negative,black,0.8804,negative,0.44,0,0.34,0.47,34
175,126,30,4,4,valence_classification,valence_classification,acquisition,positive_left,ZYYZ,,,black,ehrlich,adjective,positive,black,0.8804,negative,0.363,1,0.34,0.47,34
175,127,31,4,4,valence_classification,valence_classification,acquisition,positive_left,WJJW,,,black,launisch,adjective,negative,black,0.8804,negative,0.4264,0,0.34,0.47,34
175,128,32,4,4,valence_classification,valence_classification,acquisition,positive_left,XVVX,,,black,spaß,noun,positive,black,0.8804,positive,0.4101,0,0.34,0.47,34
175,129,33,4,4,valence_classification,valence_classification,acquisition,positive_left,MQQM,,,black,schleim,noun,negative,black,0.8804,negative,0.4553,0,0.34,0.47,34
175,130,34,4,4,valence_classification,valence_classification,acquisition,positive_left,WJJW,,,black,gierig,adjective,negative,black,0.8804,negative,0.353,0,0.34,0.47,34
175,131,35,4,4,valence_classification,valence_classification,acquisition,positive_left,WJJW,,,black,eitel,adjective,negative,black,0.8805,negative,0.4174,0,0.34,0.47,34
175,132,36,4,4,valence_classification,valence_classification,acquisition,positive_left,ZYYZ,,,black,schön,adjective,positive,black,0.8805,positive,0.4331,0,0.34,0.47,34
175,133,37,4,4,valence_classification,valence_classification,acquisition,positive_left,XVVX,,,black,einfall,noun,positive,black,0.8804,positive,0.383,0,0.34,0.47,34
175,134,38,4,4,valence_classification,valence_classification,acquisition,positive_left,WJJW,,,black,gierig,adjective,negative,black,0.8804,negative,0.4231,0,0.34,0.47,34
175,135,39,4,4,valence_classification,valence_classification,acquisition,positive_left,XVVX,,,black,liebe,noun,positive,black,0.8804,positive,0.4253,0,0.34,0.47,34
175,136,40,4,4,valence_classification,valence_classification,acquisition,positive_left,WJJW,,,black,schlecht,adjective,negative,black,0.8804,negative,0.4398,0,0.34,0.47,34
175,137,41,4,4,valence_classification,valence_classification,acquisition,positive_left,ZYYZ,,,black,schön,adjective,positive,black,0.8805,positive,0.4302,0,0.34,0.47,34
175,138,42,4,4,valence_classification,valence_classification,acquisition,positive_left,XVVX,,,black,einfall,noun,positive,black,0.8805,positive,0.4255,0,0.34,0.47,34
175,139,43,4,4,valence_classification,valence_classification,acquisition,positive_left,WJJW,,,black,eitel,adjective,negative,black,0.8804,positive,0.4163,1,0.34,0.47,34
175,140,44,4,4,valence_classification,valence_classification,acquisition,positive_left,ZYYZ,,,black,gütig,adjective,positive,black,0.8804,negative,0.4096,1,0.34,0.47,34
175,141,45,4,4,valence_classification,valence_classification,acquisition,positive_left,ZYYZ,,,black,lustig,adjective,positive,black,0.8804,positive,0.4668,0,0.34,0.47,34
175,142,46,4,4,valence_classification,valence_classification,acquisition,positive_left,ZYYZ,,,black,gütig,adjective,positive,black,0.8804,positive,0.3956,0,0.34,0.47,34
175,143,47,4,4,valence_classification,valence_classification,acquisition,positive_left,WJJW,,,black,gierig,adjective,negative,black,0.8804,negative,0.4909,0,0.34,0.47,34
175,144,48,4,4,valence_classification,valence_classification,acquisition,positive_left,XVVX,,,black,liebe,noun,positive,black,0.8804,negative,0.373,1,0.34,0.47,34
175,145,1,5,5,valence_classification,valence_classification,acquisition,positive_left,XVVX,,,black,spaß,noun,positive,black,0.8843,negative,0.3873,1,0.34,0.47,34
175,146,2,5,5,valence_classification,valence_classification,acquisition,positive_left,MQQM,,,black,gift,noun,negative,black,0.8805,negative,0.3245,0,0.34,0.47,34
175,147,3,5,5,valence_classification,valence_classification,acquisition,positive_left,XVVX,,,black,einfall,noun,positive,black,0.8805,negative,0.4632,1,0.34,0.47,34
175,148,4,5,5,valence_classification,valence_classification,acquisition,positive_left,XVVX,,,black,liebe,noun,positive,black,0.8804,negative,0.393,1,0.34,0.47,34
175,149,5,5,5,valence_classification,valence_classification,acquisition,positive_left,ZYYZ,,,black,lustig,adjective,positive,black,0.8804,negative,0.3652,1,0.34,0.47,34
175,150,6,5,5,valence_classification,valence_classification,acquisition,positive_left,WJJW,,,black,gierig,adjective,negative,black,0.8805,negative,0.5654,0,0.34,0.47,34
175,151,7,5,5,valence_classification,valence_classification,acquisition,positive_left,XVVX,,,black,spaß,noun,positive,black,0.8804,negative,0.5404,1,0.34,0.47,34
175,152,8,5,5,valence_classification,valence_classification,acquisition,positive_left,XVVX,,,black,liebe,noun,positive,black,0.8804,negative,0.318,1,0.34,0.47,34
175,153,9,5,5,valence_classification,valence_classification,acquisition,positive_left,WJJW,,,black,schlecht,adjective,negative,black,0.8804,negative,0.3029,0,0.34,0.47,34
175,154,10,5,5,valence_classification,valence_classification,acquisition,positive_left,MQQM,,,black,schleim,noun,negative,black,0.8804,negative,0.2487,0,0.34,0.47,34
175,155,11,5,5,valence_classification,valence_classification,acquisition,positive_left,MQQM,,,black,leiche,noun,negative,black,0.8804,negative,0.2272,0,0.34,0.47,34
175,156,12,5,5,valence_classification,valence_classification,acquisition,positive_left,MQQM,,,black,schleim,noun,negative,black,0.8804,negative,0.3461,0,0.34,0.47,34
175,157,13,5,5,valence_classification,valence_classification,acquisition,positive_left,MQQM,,,black,schleim,noun,negative,black,0.8804,negative,0.4812,0,0.34,0.47,34
175,158,14,5,5,valence_classification,valence_classification,acquisition,positive_left,WJJW,,,black,launisch,adjective,negative,black,0.8805,negative,0.4332,0,0.34,0.47,34
175,159,15,5,5,valence_classification,valence_classification,acquisition,positive_left,XVVX,,,black,liebe,noun,positive,black,0.8804,positive,0.4431,0,0.34,0.47,34
175,160,16,5,5,valence_classification,valence_classification,acquisition,positive_left,ZYYZ,,,black,gütig,adjective,positive,black,0.8804,positive,0.3877,0,0.34,0.47,34
175,161,17,5,5,valence_classification,valence_classification,acquisition,positive_left,XVVX,,,black,spaß,noun,positive,black,0.8804,positive,0.3553,0,0.34,0.47,34
175,162,18,5,5,valence_classification,valence_classification,acquisition,positive_left,WJJW,,,black,schlecht,adjective,negative,black,0.8804,positive,0.3329,1,0.34,0.47,34
175,163,19,5,5,valence_classification,valence_classification,acquisition,positive_left,MQQM,,,black,gift,noun,negative,black,0.8805,negative,0.3655,0,0.34,0.47,34
175,164,20,5,5,valence_classification,valence_classification,acquisition,positive_left,XVVX,,,black,glück,noun,positive,black,0.8804,positive,0.4987,0,0.34,0.47,34
175,165,21,5,5,valence_classification,valence_classification,acquisition,positive_left,ZYYZ,,,black,ehrlich,adjective,positive,black,0.8805,positive,0.3156,0,0.34,0.47,34
175,166,22,5,5,valence_classification,valence_classification,acquisition,positive_left,ZYYZ,,,black,lustig,adjective,positive,black,0.8804,positive,0.3552,0,0.34,0.47,34
175,167,23,5,5,valence_classification,valence_classification,acquisition,positive_left,WJJW,,,black,eitel,adjective,negative,black,0.8804,positive,0.5481,1,0.34,0.47,34
175,167,23,5,5,valence_classification,valence_classification,acquisition,positive_left,WJJW,,,black,eitel,adjective,negative,black,0.8804,negative,0.6704,0,0.34,0.47,34
175,168,24,5,5,valence_classification,valence_classification,acquisition,positive_left,MQQM,,,black,entführung,noun,negative,black,0.8804,negative,0.3677,0,0.34,0.47,34
175,169,25,5,5,valence_classification,valence_classification,acquisition,positive_left,XVVX,,,black,glück,noun,positive,black,0.8804,positive,0.6553,0,0.34,0.47,34
175,170,26,5,5,valence_classification,valence_classification,acquisition,positive_left,WJJW,,,black,gierig,adjective,negative,black,0.8804,negative,0.4486,0,0.34,0.47,34
175,171,27,5,5,valence_classification,valence_classification,acquisition,positive_left,MQQM,,,black,entführung,noun,negative,black,0.8804,negative,0.4926,0,0.34,0.47,34
175,172,28,5,5,valence_classification,valence_classification,acquisition,positive_left,WJJW,,,black,eitel,adjective,negative,black,0.8804,positive,0.343,1,0.34,0.47,34
175,173,29,5,5,valence_classification,valence_classification,acquisition,positive_left,MQQM,,,black,gift,noun,negative,black,0.8804,negative,0.4997,0,0.34,0.47,34
175,174,30,5,5,valence_classification,valence_classification,acquisition,positive_left,ZYYZ,,,black,lustig,adjective,positive,black,0.8804,negative,0.3081,1,0.34,0.47,34
175,175,31,5,5,valence_classification,valence_classification,acquisition,positive_left,WJJW,,,black,gierig,adjective,negative,black,0.8804,negative,0.4353,0,0.34,0.47,34
175,176,32,5,5,valence_classification,valence_classification,acquisition,positive_left,WJJW,,,black,schlecht,adjective,negative,black,0.8806,negative,0.3404,0,0.34,0.47,34
175,177,33,5,5,valence_classification,valence_classification,acquisition,positive_left,XVVX,,,black,glück,noun,positive,black,0.8805,positive,0.4631,0,0.34,0.47,34
175,178,34,5,5,valence_classification,valence_classification,acquisition,positive_left,MQQM,,,black,leiche,noun,negative,black,0.8804,positive,0.3679,1,0.34,0.47,34
175,179,35,5,5,valence_classification,valence_classification,acquisition,positive_left,MQQM,,,black,entführung,noun,negative,black,0.8804,negative,0.5015,0,0.34,0.47,34
175,180,36,5,5,valence_classification,valence_classification,acquisition,positive_left,MQQM,,,black,leiche,noun,negative,black,0.8804,negative,0.3487,0,0.34,0.47,34
175,181,37,5,5,valence_classification,valence_classification,acquisition,positive_left,ZYYZ,,,black,gütig,adjective,positive,black,0.8804,positive,0.398,0,0.34,0.47,34
175,182,38,5,5,valence_classification,valence_classification,acquisition,positive_left,ZYYZ,,,black,schön,adjective,positive,black,0.8804,positive,0.3752,0,0.34,0.47,34
175,183,39,5,5,valence_classification,valence_classification,acquisition,positive_left,ZYYZ,,,black,ehrlich,adjective,positive,black,0.8804,positive,0.4531,0,0.34,0.47,34
175,184,40,5,5,valence_classification,valence_classification,acquisition,positive_left,ZYYZ,,,black,schön,adjective,positive,black,0.8804,positive,0.4031,0,0.34,0.47,34
175,185,41,5,5,valence_classification,valence_classification,acquisition,positive_left,ZYYZ,,,black,schön,adjective,positive,black,0.8804,positive,0.353,0,0.34,0.47,34
175,186,42,5,5,valence_classification,valence_classification,acquisition,positive_left,XVVX,,,black,einfall,noun,positive,black,0.8805,positive,0.4253,0,0.34,0.47,34
175,187,43,5,5,valence_classification,valence_classification,acquisition,positive_left,XVVX,,,black,einfall,noun,positive,black,0.8805,positive,0.4366,0,0.34,0.47,34
175,188,44,5,5,valence_classification,valence_classification,acquisition,positive_left,ZYYZ,,,black,gütig,adjective,positive,black,0.8804,positive,0.368,0,0.34,0.47,34
175,189,45,5,5,valence_classification,valence_classification,acquisition,positive_left,WJJW,,,black,launisch,adjective,negative,black,0.8804,negative,0.4431,0,0.34,0.47,34
175,190,46,5,5,valence_classification,valence_classification,acquisition,positive_left,WJJW,,,black,eitel,adjective,negative,black,0.8804,negative,0.343,0,0.34,0.47,34
175,191,47,5,5,valence_classification,valence_classification,acquisition,positive_left,WJJW,,,black,launisch,adjective,negative,black,0.8804,positive,0.333,1,0.34,0.47,34
175,192,48,5,5,valence_classification,valence_classification,acquisition,positive_left,ZYYZ,,,black,ehrlich,adjective,positive,black,0.8804,positive,0.3931,0,0.34,0.47,34
175,193,1,6,1,valence_classification,part_of_speech_classification,classification_1,adjective_left,ZYYZ,,,black,gütig,adjective,positive,black,0.8837,adjective,0.5551,0,0.34,0.47,34
175,194,2,6,1,valence_classification,part_of_speech_classification,classification_1,adjective_left,ZYYZ,,,black,glück,noun,positive,black,0.8805,adjective,0.4279,1,0.34,0.47,34
175,195,3,6,1,valence_classification,part_of_speech_classification,classification_1,adjective_left,ZYYZ,,,black,einfall,noun,positive,black,0.8807,adjective,0.4717,1,0.34,0.47,34
175,196,4,6,1,valence_classification,part_of_speech_classification,classification_1,adjective_left,MQQM,,,black,entführung,noun,negative,black,0.8805,noun,0.4827,0,0.34,0.47,34
175,197,5,6,1,valence_classification,part_of_speech_classification,classification_1,adjective_left,XVVX,,,black,liebe,noun,positive,black,0.8804,noun,0.5994,0,0.34,0.47,34
175,198,6,6,1,valence_classification,part_of_speech_classification,classification_1,adjective_left,WJJW,,,black,leiche,noun,negative,black,0.8804,noun,0.5248,0,0.34,0.47,34
175,199,7,6,1,valence_classification,part_of_speech_classification,classification_1,adjective_left,MQQM,,,black,launisch,adjective,negative,black,0.8804,adjective,0.4961,0,0.34,0.47,34
175,200,8,6,1,valence_classification,part_of_speech_classification,classification_1,adjective_left,WJJW,,,black,gierig,adjective,negative,black,0.8804,adjective,0.5873,0,0.34,0.47,34
175,201,9,6,1,valence_classification,part_of_speech_classification,classification_1,adjective_left,WJJW,,,black,gierig,adjective,negative,black,0.8805,adjective,0.4254,0,0.34,0.47,34
175,202,10,6,1,valence_classification,part_of_speech_classification,classification_1,adjective_left,MQQM,,,black,gift,noun,negative,black,0.8808,noun,0.5553,0,0.34,0.47,34
175,203,11,6,1,valence_classification,part_of_speech_classification,classification_1,adjective_left,WJJW,,,black,entführung,noun,negative,black,0.8805,noun,0.5263,0,0.34,0.47,34
175,204,12,6,1,valence_classification,part_of_speech_classification,classification_1,adjective_left,XVVX,,,black,einfall,noun,positive,black,0.8805,noun,0.525,0,0.34,0.47,34
175,205,13,6,1,valence_classification,part_of_speech_classification,classification_1,adjective_left,WJJW,,,black,eitel,adjective,negative,black,0.8804,noun,0.681,1,0.34,0.47,34
175,206,14,6,1,valence_classification,part_of_speech_classification,classification_1,adjective_left,MQQM,,,black,schlecht,adjective,negative,black,0.8804,adjective,0.4661,0,0.34,0.47,34
175,207,15,6,1,valence_classification,part_of_speech_classification,classification_1,adjective_left,XVVX,,,black,ehrlich,adjective,positive,black,0.8805,adjective,0.595,0,0.34,0.47,34
175,208,16,6,1,valence_classification,part_of_speech_classification,classification_1,adjective_left,XVVX,,,black,gütig,adjective,positive,black,0.8804,adjective,0.4726,0,0.34,0.47,34
175,209,17,6,1,valence_classification,part_of_speech_classification,classification_1,adjective_left,ZYYZ,,,black,schön,adjective,positive,black,0.8804,adjective,0.4498,0,0.34,0.47,34
175,210,18,6,1,valence_classification,part_of_speech_classification,classification_1,adjective_left,XVVX,,,black,spaß,noun,positive,black,0.8804,adjective,0.4525,1,0.34,0.47,34
175,211,19,6,1,valence_classification,part_of_speech_classification,classification_1,adjective_left,MQQM,,,black,eitel,adjective,negative,black,0.8804,adjective,0.568,0,0.34,0.47,34
175,212,20,6,1,valence_classification,part_of_speech_classification,classification_1,adjective_left,XVVX,,,black,ehrlich,adjective,positive,black,0.8805,adjective,0.9043,0,0.34,0.47,34
175,213,21,6,1,valence_classification,part_of_speech_classification,classification_1,adjective_left,ZYYZ,,,black,glück,noun,positive,black,0.8804,noun,0.4975,0,0.34,0.47,34
175,214,22,6,1,valence_classification,part_of_speech_classification,classification_1,adjective_left,ZYYZ,,,black,lustig,adjective,positive,black,0.8804,adjective,0.486,0,0.34,0.47,34
175,215,23,6,1,valence_classification,part_of_speech_classification,classification_1,adjective_left,WJJW,,,black,gift,noun,negative,black,0.8804,noun,0.501,0,0.34,0.47,34
175,216,24,6,1,valence_classification,part_of_speech_classification,classification_1,adjective_left,MQQM,,,black,schleim,noun,negative,black,0.8804,noun,0.5177,0,0.34,0.47,34
175,217,1,7,2,valence_classification,part_of_speech_classification,classification_1,adjective_left,ZYYZ,,,black,schön,adjective,positive,black,0.8839,adjective,0.5247,0,0.34,0.47,34
175,218,2,7,2,valence_classification,part_of_speech_classification,classification_1,adjective_left,XVVX,,,black,glück,noun,positive,black,0.8804,adjective,0.423,1,0.34,0.47,34
175,218,2,7,2,valence_classification,part_of_speech_classification,classification_1,adjective_left,XVVX,,,black,glück,noun,positive,black,0.8804,noun,0.4999,0,0.34,0.47,34
175,219,3,7,2,valence_classification,part_of_speech_classification,classification_1,adjective_left,WJJW,,,black,eitel,adjective,negative,black,0.8805,noun,0.4132,1,0.34,0.47,34
175,220,4,7,2,valence_classification,part_of_speech_classification,classification_1,adjective_left,ZYYZ,,,black,glück,noun,positive,black,0.8804,adjective,0.4502,1,0.34,0.47,34
175,221,5,7,2,valence_classification,part_of_speech_classification,classification_1,adjective_left,XVVX,,,black,ehrlich,adjective,positive,black,0.8804,adjective,0.4543,0,0.34,0.47,34
175,222,6,7,2,valence_classification,part_of_speech_classification,classification_1,adjective_left,MQQM,,,black,gift,noun,negative,black,0.8804,noun,0.4466,0,0.34,0.47,34
175,223,7,7,2,valence_classification,part_of_speech_classification,classification_1,adjective_left,ZYYZ,,,black,lustig,adjective,positive,black,0.8805,adjective,0.5037,0,0.34,0.47,34
175,224,8,7,2,valence_classification,part_of_speech_classification,classification_1,adjective_left,MQQM,,,black,gierig,adjective,negative,black,0.8805,adjective,0.5073,0,0.34,0.47,34
175,225,9,7,2,valence_classification,part_of_speech_classification,classification_1,adjective_left,WJJW,,,black,gift,noun,negative,black,0.8804,noun,0.3904,0,0.34,0.47,34
175,226,10,7,2,valence_classification,part_of_speech_classification,classification_1,adjective_left,XVVX,,,black,gütig,adjective,positive,black,0.8805,adjective,0.526,0,0.34,0.47,34
175,227,11,7,2,valence_classification,part_of_speech_classification,classification_1,adjective_left,XVVX,,,black,einfall,noun,positive,black,0.8804,adjective,0.353,1,0.34,0.47,34
175,228,12,7,2,valence_classification,part_of_speech_classification,classification_1,adjective_left,MQQM,,,black,leiche,noun,negative,black,0.8805,noun,0.5281,0,0.34,0.47,34
175,229,13,7,2,valence_classification,part_of_speech_classification,classification_1,adjective_left,WJJW,,,black,entführung,noun,negative,black,0.8805,noun,0.4076,0,0.34,0.47,34
175,230,14,7,2,valence_classification,part_of_speech_classification,classification_1,adjective_left,ZYYZ,,,black,gütig,adjective,positive,black,0.8805,noun,0.4285,1,0.34,0.47,34
175,231,15,7,2,valence_classification,part_of_speech_classification,classification_1,adjective_left,WJJW,,,black,entführung,noun,negative,black,0.8804,adjective,0.3966,1,0.34,0.47,34
175,232,16,7,2,valence_classification,part_of_speech_classification,classification_1,adjective_left,MQQM,,,black,schleim,noun,negative,black,0.8805,noun,0.509,0,0.34,0.47,34
175,233,17,7,2,valence_classification,part_of_speech_classification,classification_1,adjective_left,ZYYZ,,,black,spaß,noun,positive,black,0.8804,adjective,0.7841,1,0.34,0.47,34
175,234,18,7,2,valence_classification,part_of_speech_classification,classification_1,adjective_left,ZYYZ,,,black,liebe,noun,positive,black,0.8804,noun,0.5112,0,0.34,0.47,34
175,235,19,7,2,valence_classification,part_of_speech_classification,classification_1,adjective_left,XVVX,,,black,ehrlich,adjective,positive,black,0.8804,adjective,0.4586,0,0.34,0.47,34
175,236,20,7,2,valence_classification,part_of_speech_classification,classification_1,adjective_left,MQQM,,,black,gierig,adjective,negative,black,0.8804,adjective,0.6585,0,0.34,0.47,34
175,237,21,7,2,valence_classification,part_of_speech_classification,classification_1,adjective_left,XVVX,,,black,einfall,noun,positive,black,0.8805,adjective,0.3841,1,0.34,0.47,34
175,238,22,7,2,valence_classification,part_of_speech_classification,classification_1,adjective_left,WJJW,,,black,schlecht,adjective,negative,black,0.8804,adjective,0.6591,0,0.34,0.47,34
175,239,23,7,2,valence_classification,part_of_speech_classification,classification_1,adjective_left,MQQM,,,black,launisch,adjective,negative,black,0.8804,adjective,0.4748,0,0.34,0.47,34
175,240,24,7,2,valence_classification,part_of_speech_classification,classification_1,adjective_left,WJJW,,,black,eitel,adjective,negative,black,0.8805,adjective,0.4531,0,0.34,0.47,34
175,241,1,8,3,valence_classification,part_of_speech_classification,classification_1,adjective_left,ZYYZ,,,black,ehrlich,adjective,positive,black,0.884,adjective,0.5459,0,0.34,0.47,34
175,242,2,8,3,valence_classification,part_of_speech_classification,classification_1,adjective_left,XVVX,,,black,liebe,noun,positive,black,0.8804,noun,0.5853,0,0.34,0.47,34
175,243,3,8,3,valence_classification,part_of_speech_classification,classification_1,adjective_left,MQQM,,,black,gift,noun,negative,black,0.8805,noun,0.7015,0,0.34,0.47,34
175,244,4,8,3,valence_classification,part_of_speech_classification,classification_1,adjective_left,ZYYZ,,,black,glück,noun,positive,black,0.8804,noun,0.9159,0,0.34,0.47,34
175,245,5,8,3,valence_classification,part_of_speech_classification,classification_1,adjective_left,MQQM,,,black,schleim,noun,negative,black,0.8805,noun,0.6144,0,0.34,0.47,34
175,246,6,8,3,valence_classification,part_of_speech_classification,classification_1,adjective_left,MQQM,,,black,launisch,adjective,negative,black,0.8804,adjective,0.4726,0,0.34,0.47,34
175,247,7,8,3,valence_classification,part_of_speech_classification,classification_1,adjective_left,MQQM,,,black,schleim,noun,negative,black,0.8805,noun,0.6388,0,0.34,0.47,34
175,248,8,8,3,valence_classification,part_of_speech_classification,classification_1,adjective_left,ZYYZ,,,black,einfall,noun,positive,black,0.8804,noun,0.7086,0,0.34,0.47,34
175,249,9,8,3,valence_classification,part_of_speech_classification,classification_1,adjective_left,MQQM,,,black,eitel,adjective,negative,black,0.8805,adjective,0.6163,0,0.34,0.47,34
175,250,10,8,3,valence_classification,part_of_speech_classification,classification_1,adjective_left,WJJW,,,black,schlecht,adjective,negative,black,0.8805,adjective,0.555,0,0.34,0.47,34
175,251,11,8,3,valence_classification,part_of_speech_classification,classification_1,adjective_left,ZYYZ,,,black,spaß,noun,positive,black,0.8805,adjective,0.3491,1,0.34,0.47,34
175,252,12,8,3,valence_classification,part_of_speech_classification,classification_1,adjective_left,XVVX,,,black,ehrlich,adjective,positive,black,0.8804,adjective,0.6959,0,0.34,0.47,34
175,253,13,8,3,valence_classification,part_of_speech_classification,classification_1,adjective_left,WJJW,,,black,entführung,noun,negative,black,0.8804,noun,0.5357,0,0.34,0.47,34
175,254,14,8,3,valence_classification,part_of_speech_classification,classification_1,adjective_left,XVVX,,,black,einfall,noun,positive,black,0.8804,noun,0.5823,0,0.34,0.47,34
175,255,15,8,3,valence_classification,part_of_speech_classification,classification_1,adjective_left,ZYYZ,,,black,spaß,noun,positive,black,0.8804,noun,1.0093,0,0.34,0.47,34
175,256,16,8,3,valence_classification,part_of_speech_classification,classification_1,adjective_left,XVVX,,,black,schön,adjective,positive,black,0.8805,adjective,0.6716,0,0.34,0.47,34
175,257,17,8,3,valence_classification,part_of_speech_classification,classification_1,adjective_left,XVVX,,,black,spaß,noun,positive,black,0.8804,noun,0.6617,0,0.34,0.47,34
175,258,18,8,3,valence_classification,part_of_speech_classification,classification_1,adjective_left,XVVX,,,black,liebe,noun,positive,black,0.8804,noun,1.3411,0,0.34,0.47,34
175,259,19,8,3,valence_classification,part_of_speech_classification,classification_1,adjective_left,ZYYZ,,,black,ehrlich,adjective,positive,black,0.8804,adjective,0.945,0,0.34,0.47,34
175,260,20,8,3,valence_classification,part_of_speech_classification,classification_1,adjective_left,WJJW,,,black,leiche,noun,negative,black,0.8804,noun,0.6333,0,0.34,0.47,34
175,261,21,8,3,valence_classification,part_of_speech_classification,classification_1,adjective_left,MQQM,,,black,eitel,adjective,negative,black,0.8805,adjective,0.7375,0,0.34,0.47,34
175,262,22,8,3,valence_classification,part_of_speech_classification,classification_1,adjective_left,MQQM,,,black,gierig,adjective,negative,black,0.8804,noun,1.8189,1,0.34,0.47,34
175,263,23,8,3,valence_classification,part_of_speech_classification,classification_1,adjective_left,WJJW,,,black,launisch,adjective,negative,black,0.8804,adjective,0.8837,0,0.34,0.47,34
175,264,24,8,3,valence_classification,part_of_speech_classification,classification_1,adjective_left,XVVX,,,black,glück,noun,positive,black,0.8804,noun,0.8757,0,0.34,0.47,34
175,265,25,8,3,valence_classification,part_of_speech_classification,classification_1,adjective_left,MQQM,,,black,gierig,adjective,negative,black,0.8805,adjective,0.4538,0,0.34,0.47,34
175,266,26,8,3,valence_classification,part_of_speech_classification,classification_1,adjective_left,MQQM,,,black,entführung,noun,negative,black,0.8804,noun,0.5897,0,0.34,0.47,34
175,267,27,8,3,valence_classification,part_of_speech_classification,classification_1,adjective_left,WJJW,,,black,schleim,noun,negative,black,0.8804,noun,0.7509,0,0.34,0.47,34
175,268,28,8,3,valence_classification,part_of_speech_classification,classification_1,adjective_left,MQQM,,,black,gift,noun,negative,black,0.8805,noun,0.5423,0,0.34,0.47,34
175,269,29,8,3,valence_classification,part_of_speech_classification,classification_1,adjective_left,XVVX,,,black,gütig,adjective,positive,black,0.8805,adjective,0.6682,0,0.34,0.47,34
175,270,30,8,3,valence_classification,part_of_speech_classification,classification_1,adjective_left,WJJW,,,black,entführung,noun,negative,black,0.8805,noun,0.5608,0,0.34,0.47,34
175,271,31,8,3,valence_classification,part_of_speech_classification,classification_1,adjective_left,MQQM,,,black,leiche,noun,negative,black,0.8804,noun,0.7006,0,0.34,0.47,34
175,272,32,8,3,valence_classification,part_of_speech_classification,classification_1,adjective_left,XVVX,,,black,einfall,noun,positive,black,0.8804,noun,0.6295,0,0.34,0.47,34
175,273,33,8,3,valence_classification,part_of_speech_classification,classification_1,adjective_left,ZYYZ,,,black,lustig,adjective,positive,black,0.8805,adjective,0.6468,0,0.34,0.47,34
175,274,34,8,3,valence_classification,part_of_speech_classification,classification_1,adjective_left,ZYYZ,,,black,liebe,noun,positive,black,0.8804,noun,0.5282,0,0.34,0.47,34
175,275,35,8,3,valence_classification,part_of_speech_classification,classification_1,adjective_left,XVVX,,,black,lustig,adjective,positive,black,0.8805,adjective,0.5071,0,0.34,0.47,34
175,276,36,8,3,valence_classification,part_of_speech_classification,classification_1,adjective_left,WJJW,,,black,eitel,adjective,negative,black,0.8805,adjective,0.7263,0,0.34,0.47,34
175,277,37,8,3,valence_classification,part_of_speech_classification,classification_1,adjective_left,WJJW,,,black,gierig,adjective,negative,black,0.8805,adjective,0.5236,0,0.34,0.47,34
175,278,38,8,3,valence_classification,part_of_speech_classification,classification_1,adjective_left,ZYYZ,,,black,gütig,adjective,positive,black,0.8805,adjective,0.4231,0,0.34,0.47,34
175,279,39,8,3,valence_classification,part_of_speech_classification,classification_1,adjective_left,XVVX,,,black,gütig,adjective,positive,black,0.8804,adjective,0.3783,0,0.34,0.47,34
175,280,40,8,3,valence_classification,part_of_speech_classification,classification_1,adjective_left,WJJW,,,black,gift,noun,negative,black,0.8804,noun,0.5829,0,0.34,0.47,34
175,281,41,8,3,valence_classification,part_of_speech_classification,classification_1,adjective_left,ZYYZ,,,black,glück,noun,positive,black,0.8804,adjective,0.4267,1,0.34,0.47,34
175,282,42,8,3,valence_classification,part_of_speech_classification,classification_1,adjective_left,MQQM,,,black,schlecht,adjective,negative,black,0.8805,adjective,0.653,0,0.34,0.47,34
175,283,43,8,3,valence_classification,part_of_speech_classification,classification_1,adjective_left,ZYYZ,,,black,schön,adjective,positive,black,0.8805,adjective,0.5574,0,0.34,0.47,34
175,284,44,8,3,valence_classification,part_of_speech_classification,classification_1,adjective_left,WJJW,,,black,leiche,noun,negative,black,0.8804,noun,0.5146,0,0.34,0.47,34
175,285,45,8,3,valence_classification,part_of_speech_classification,classification_1,adjective_left,XVVX,,,black,schön,adjective,positive,black,0.8804,adjective,0.4727,0,0.34,0.47,34
175,286,46,8,3,valence_classification,part_of_speech_classification,classification_1,adjective_left,WJJW,,,black,launisch,adjective,negative,black,0.8805,adjective,0.7097,0,0.34,0.47,34
175,287,47,8,3,valence_classification,part_of_speech_classification,classification_1,adjective_left,ZYYZ,,,black,lustig,adjective,positive,black,0.8804,adjective,0.7305,0,0.34,0.47,34
175,288,48,8,3,valence_classification,part_of_speech_classification,classification_1,adjective_left,WJJW,,,black,schlecht,adjective,negative,black,0.8805,adjective,0.5862,0,0.34,0.47,34
175,289,1,9,4,valence_classification,part_of_speech_classification,classification_1,adjective_left,XVVX,,,black,ehrlich,adjective,positive,black,0.8805,adjective,0.4531,0,0.34,0.47,34
175,290,2,9,4,valence_classification,part_of_speech_classification,classification_1,adjective_left,XVVX,,,black,lustig,adjective,positive,black,0.8805,adjective,0.4331,0,0.34,0.47,34
175,291,3,9,4,valence_classification,part_of_speech_classification,classification_1,adjective_left,XVVX,,,black,liebe,noun,positive,black,0.8805,noun,0.5472,0,0.34,0.47,34
175,292,4,9,4,valence_classification,part_of_speech_classification,classification_1,adjective_left,WJJW,,,black,gift,noun,negative,black,0.8805,noun,0.5275,0,0.34,0.47,34
175,293,5,9,4,valence_classification,part_of_speech_classification,classification_1,adjective_left,ZYYZ,,,black,ehrlich,adjective,positive,black,0.8804,adjective,0.4922,0,0.34,0.47,34
175,294,6,9,4,valence_classification,part_of_speech_classification,classification_1,adjective_left,XVVX,,,black,spaß,noun,positive,black,0.8804,noun,0.7229,0,0.34,0.47,34
175,295,7,9,4,valence_classification,part_of_speech_classification,classification_1,adjective_left,MQQM,,,black,gift,noun,negative,black,0.8805,noun,1.2207,0,0.34,0.47,34
175,296,8,9,4,valence_classification,part_of_speech_classification,classification_1,adjective_left,ZYYZ,,,black,gütig,adjective,positive,black,0.8804,adjective,0.7641,0,0.34,0.47,34
175,297,9,9,4,valence_classification,part_of_speech_classification,classification_1,adjective_left,MQQM,,,black,entführung,noun,negative,black,0.8805,noun,0.506,0,0.34,0.47,34
175,298,10,9,4,valence_classification,part_of_speech_classification,classification_1,adjective_left,XVVX,,,black,schön,adjective,positive,black,0.8804,adjective,0.4031,0,0.34,0.47,34
175,299,11,9,4,valence_classification,part_of_speech_classification,classification_1,adjective_left,MQQM,,,black,leiche,noun,negative,black,0.8804,adjective,0.3348,1,0.34,0.47,34
175,300,12,9,4,valence_classification,part_of_speech_classification,classification_1,adjective_left,ZYYZ,,,black,spaß,noun,positive,black,0.8805,noun,0.5889,0,0.34,0.47,34
175,301,13,9,4,valence_classification,part_of_speech_classification,classification_1,adjective_left,ZYYZ,,,black,gütig,adjective,positive,black,0.8805,adjective,0.4499,0,0.34,0.47,34
175,302,14,9,4,valence_classification,part_of_speech_classification,classification_1,adjective_left,WJJW,,,black,gierig,adjective,negative,black,0.8805,adjective,0.6667,0,0.34,0.47,34
175,303,15,9,4,valence_classification,part_of_speech_classification,classification_1,adjective_left,XVVX,,,black,lustig,adjective,positive,black,0.8804,adjective,0.5773,0,0.34,0.47,34
175,304,16,9,4,valence_classification,part_of_speech_classification,classification_1,adjective_left,ZYYZ,,,black,glück,noun,positive,black,0.8805,noun,0.4431,0,0.34,0.47,34
175,305,17,9,4,valence_classification,part_of_speech_classification,classification_1,adjective_left,MQQM,,,black,launisch,adjective,negative,black,0.8804,adjective,0.5441,0,0.34,0.47,34
175,306,18,9,4,valence_classification,part_of_speech_classification,classification_1,adjective_left,MQQM,,,black,leiche,noun,negative,black,0.8805,noun,0.5564,0,0.34,0.47,34
175,307,19,9,4,valence_classification,part_of_speech_classification,classification_1,adjective_left,ZYYZ,,,black,lustig,adjective,positive,black,0.8804,adjective,0.5257,0,0.34,0.47,34
175,308,20,9,4,valence_classification,part_of_speech_classification,classification_1,adjective_left,XVVX,,,black,schön,adjective,positive,black,0.881,adjective,0.5871,0,0.34,0.47,34
175,309,21,9,4,valence_classification,part_of_speech_classification,classification_1,adjective_left,MQQM,,,black,launisch,adjective,negative,black,0.8804,adjective,0.4631,0,0.34,0.47,34
175,310,22,9,4,valence_classification,part_of_speech_classification,classification_1,adjective_left,MQQM,,,black,schlecht,adjective,negative,black,0.8804,adjective,0.5157,0,0.34,0.47,34
175,311,23,9,4,valence_classification,part_of_speech_classification,classification_1,adjective_left,ZYYZ,,,black,einfall,noun,positive,black,0.8804,noun,0.4756,0,0.34,0.47,34
175,312,24,9,4,valence_classification,part_of_speech_classification,classification_1,adjective_left,WJJW,,,black,eitel,adjective,negative,black,0.8804,adjective,0.4576,0,0.34,0.47,34
175,313,25,9,4,valence_classification,part_of_speech_classification,classification_1,adjective_left,ZYYZ,,,black,einfall,noun,positive,black,0.8805,noun,0.489,0,0.34,0.47,34
175,314,26,9,4,valence_classification,part_of_speech_classification,classification_1,adjective_left,ZYYZ,,,black,glück,noun,positive,black,0.8805,adjective,0.3894,1,0.34,0.47,34
175,315,27,9,4,valence_classification,part_of_speech_classification,classification_1,adjective_left,MQQM,,,black,schleim,noun,negative,black,0.8805,noun,0.6391,0,0.34,0.47,34
175,316,28,9,4,valence_classification,part_of_speech_classification,classification_1,adjective_left,XVVX,,,black,gütig,adjective,positive,black,0.8804,adjective,0.6013,0,0.34,0.47,34
175,317,29,9,4,valence_classification,part_of_speech_classification,classification_1,adjective_left,ZYYZ,,,black,liebe,noun,positive,black,0.8804,noun,0.8407,0,0.34,0.47,34
175,318,30,9,4,valence_classification,part_of_speech_classification,classification_1,adjective_left,WJJW,,,black,eitel,adjective,negative,black,0.8804,adjective,0.7002,0,0.34,0.47,34
175,319,31,9,4,valence_classification,part_of_speech_classification,classification_1,adjective_left,ZYYZ,,,black,ehrlich,adjective,positive,black,0.8805,adjective,0.6252,0,0.34,0.47,34
175,320,32,9,4,valence_classification,part_of_speech_classification,classification_1,adjective_left,MQQM,,,black,schlecht,adjective,negative,black,0.8805,adjective,0.7365,0,0.34,0.47,34
175,321,33,9,4,valence_classification,part_of_speech_classification,classification_1,adjective_left,MQQM,,,black,schlecht,adjective,negative,black,0.8804,adjective,0.3958,0,0.34,0.47,34
175,322,34,9,4,valence_classification,part_of_speech_classification,classification_1,adjective_left,WJJW,,,black,entführung,noun,negative,black,0.8804,noun,0.5778,0,0.34,0.47,34
175,323,35,9,4,valence_classification,part_of_speech_classification,classification_1,adjective_left,MQQM,,,black,gierig,adjective,negative,black,0.8805,adjective,0.4823,0,0.34,0.47,34
175,324,36,9,4,valence_classification,part_of_speech_classification,classification_1,adjective_left,WJJW,,,black,eitel,adjective,negative,black,0.8804,adjective,0.4948,0,0.34,0.47,34
175,325,37,9,4,valence_classification,part_of_speech_classification,classification_1,adjective_left,WJJW,,,black,gierig,adjective,negative,black,0.8804,adjective,0.4867,0,0.34,0.47,34
175,326,38,9,4,valence_classification,part_of_speech_classification,classification_1,adjective_left,MQQM,,,black,leiche,noun,negative,black,0.8805,noun,0.5845,0,0.34,0.47,34
175,327,39,9,4,valence_classification,part_of_speech_classification,classification_1,adjective_left,XVVX,,,black,einfall,noun,positive,black,0.8805,noun,0.7024,0,0.34,0.47,34
175,328,40,9,4,valence_classification,part_of_speech_classification,classification_1,adjective_left,WJJW,,,black,launisch,adjective,negative,black,0.8805,adjective,0.9455,0,0.34,0.47,34
175,329,41,9,4,valence_classification,part_of_speech_classification,classification_1,adjective_left,WJJW,,,black,gift,noun,negative,black,0.8804,noun,0.5429,0,0.34,0.47,34
175,330,42,9,4,valence_classification,part_of_speech_classification,classification_1,adjective_left,ZYYZ,,,black,schön,adjective,positive,black,0.8804,adjective,0.5798,0,0.34,0.47,34
175,331,43,9,4,valence_classification,part_of_speech_classification,classification_1,adjective_left,WJJW,,,black,schleim,noun,negative,black,0.8805,adjective,0.4638,1,0.34,0.47,34
175,332,44,9,4,valence_classification,part_of_speech_classification,classification_1,adjective_left,WJJW,,,black,entführung,noun,negative,black,0.8805,noun,0.5081,0,0.34,0.47,34
175,333,45,9,4,valence_classification,part_of_speech_classification,classification_1,adjective_left,XVVX,,,black,spaß,noun,positive,black,0.8804,adjective,0.4039,1,0.34,0.47,34
175,334,46,9,4,valence_classification,part_of_speech_classification,classification_1,adjective_left,WJJW,,,black,schleim,noun,negative,black,0.8805,noun,0.511,0,0.34,0.47,34
175,335,47,9,4,valence_classification,part_of_speech_classification,classification_1,adjective_left,XVVX,,,black,glück,noun,positive,black,0.8805,noun,0.9962,0,0.34,0.47,34
175,336,48,9,4,valence_classification,part_of_speech_classification,classification_1,adjective_left,XVVX,,,black,liebe,noun,positive,black,0.8804,noun,0.548,0,0.34,0.47,34
175,337,1,10,5,valence_classification,part_of_speech_classification,classification_1,adjective_left,MQQM,,,black,schleim,noun,negative,black,0.8841,noun,0.4727,0,0.34,0.47,34
175,338,2,10,5,valence_classification,part_of_speech_classification,classification_1,adjective_left,XVVX,,,black,gütig,adjective,positive,black,0.8805,adjective,0.5707,0,0.34,0.47,34
175,339,3,10,5,valence_classification,part_of_speech_classification,classification_1,adjective_left,XVVX,,,black,gütig,adjective,positive,black,0.8805,adjective,0.456,0,0.34,0.47,34
175,340,4,10,5,valence_classification,part_of_speech_classification,classification_1,adjective_left,ZYYZ,,,black,ehrlich,adjective,positive,black,0.8804,adjective,0.3575,0,0.34,0.47,34
175,341,5,10,5,valence_classification,part_of_speech_classification,classification_1,adjective_left,ZYYZ,,,black,einfall,noun,positive,black,0.8804,noun,0.5293,0,0.34,0.47,34
175,342,6,10,5,valence_classification,part_of_speech_classification,classification_1,adjective_left,XVVX,,,black,spaß,noun,positive,black,0.8804,noun,0.5062,0,0.34,0.47,34
175,343,7,10,5,valence_classification,part_of_speech_classification,classification_1,adjective_left,XVVX,,,black,schön,adjective,positive,black,0.8805,adjective,0.4787,0,0.34,0.47,34
175,344,8,10,5,valence_classification,part_of_speech_classification,classification_1,adjective_left,MQQM,,,black,schleim,noun,negative,black,0.8805,noun,0.4942,0,0.34,0.47,34
175,345,9,10,5,valence_classification,part_of_speech_classification,classification_1,adjective_left,ZYYZ,,,black,liebe,noun,positive,black,0.8804,noun,0.4804,0,0.34,0.47,34
175,346,10,10,5,valence_classification,part_of_speech_classification,classification_1,adjective_left,XVVX,,,black,glück,noun,positive,black,0.8805,noun,0.4541,0,0.34,0.47,34
175,347,11,10,5,valence_classification,part_of_speech_classification,classification_1,adjective_left,WJJW,,,black,leiche,noun,negative,black,0.8804,noun,0.5368,0,0.34,0.47,34
175,348,12,10,5,valence_classification,part_of_speech_classification,classification_1,adjective_left,MQQM,,,black,schlecht,adjective,negative,black,0.8805,adjective,0.7578,0,0.34,0.47,34
175,349,13,10,5,valence_classification,part_of_speech_classification,classification_1,adjective_left,MQQM,,,black,gierig,adjective,negative,black,0.8804,adjective,1.1976,0,0.34,0.47,34
175,350,14,10,5,valence_classification,part_of_speech_classification,classification_1,adjective_left,ZYYZ,,,black,lustig,adjective,positive,black,0.8805,adjective,0.449,0,0.34,0.47,34
175,351,15,10,5,valence_classification,part_of_speech_classification,classification_1,adjective_left,ZYYZ,,,black,lustig,adjective,positive,black,0.8804,adjective,0.3166,0,0.34,0.47,34
175,352,16,10,5,valence_classification,part_of_speech_classification,classification_1,adjective_left,WJJW,,,black,eitel,adjective,negative,black,0.8805,adjective,0.3685,0,0.34,0.47,34
175,353,17,10,5,valence_classification,part_of_speech_classification,classification_1,adjective_left,WJJW,,,black,leiche,noun,negative,black,0.8804,noun,0.5281,0,0.34,0.47,34
175,354,18,10,5,valence_classification,part_of_speech_classification,classification_1,adjective_left,XVVX,,,black,glück,noun,positive,black,0.8804,noun,0.4362,0,0.34,0.47,34
175,355,19,10,5,valence_classification,part_of_speech_classification,classification_1,adjective_left,WJJW,,,black,entführung,noun,negative,black,0.8804,noun,0.4631,0,0.34,0.47,34
175,356,20,10,5,valence_classification,part_of_speech_classification,classification_1,adjective_left,WJJW,,,black,launisch,adjective,negative,black,0.8804,noun,0.4131,1,0.34,0.47,34
175,357,21,10,5,valence_classification,part_of_speech_classification,classification_1,adjective_left,XVVX,,,black,spaß,noun,positive,black,0.8805,noun,0.3931,0,0.34,0.47,34
175,358,22,10,5,valence_classification,part_of_speech_classification,classification_1,adjective_left,MQQM,,,black,schleim,noun,negative,black,0.8805,noun,0.4378,0,0.34,0.47,34
175,359,23,10,5,valence_classification,part_of_speech_classification,classification_1,adjective_left,MQQM,,,black,gierig,adjective,negative,black,0.8804,adjective,0.503,0,0.34,0.47,34
175,360,24,10,5,valence_classification,part_of_speech_classification,classification_1,adjective_left,MQQM,,,black,eitel,adjective,negative,black,0.8804,adjective,0.4474,0,0.34,0.47,34
175,361,25,10,5,valence_classification,part_of_speech_classification,classification_1,adjective_left,WJJW,,,black,schlecht,adjective,negative,black,0.8804,adjective,0.4106,0,0.34,0.47,34
175,362,26,10,5,valence_classification,part_of_speech_classification,classification_1,adjective_left,WJJW,,,black,gift,noun,negative,black,0.8804,noun,0.6084,0,0.34,0.47,34
175,363,27,10,5,valence_classification,part_of_speech_classification,classification_1,adjective_left,XVVX,,,black,schön,adjective,positive,black,0.8804,adjective,0.5351,0,0.34,0.47,34
175,364,28,10,5,valence_classification,part_of_speech_classification,classification_1,adjective_left,ZYYZ,,,black,einfall,noun,positive,black,0.8805,noun,0.4167,0,0.34,0.47,34
175,365,29,10,5,valence_classification,part_of_speech_classification,classification_1,adjective_left,ZYYZ,,,black,glück,noun,positive,black,0.8806,noun,0.5374,0,0.34,0.47,34
175,366,30,10,5,valence_classification,part_of_speech_classification,classification_1,adjective_left,WJJW,,,black,entführung,noun,negative,black,0.8805,noun,0.4156,0,0.34,0.47,34
175,367,31,10,5,valence_classification,part_of_speech_classification,classification_1,adjective_left,WJJW,,,black,gierig,adjective,negative,black,0.8805,adjective,1.0482,0,0.34,0.47,34
175,368,32,10,5,valence_classification,part_of_speech_classification,classification_1,adjective_left,ZYYZ,,,black,gütig,adjective,positive,black,0.8804,adjective,0.4689,0,0.34,0.47,34
175,369,33,10,5,valence_classification,part_of_speech_classification,classification_1,adjective_left,XVVX,,,black,spaß,noun,positive,black,0.8804,noun,0.4894,0,0.34,0.47,34
175,370,34,10,5,valence_classification,part_of_speech_classification,classification_1,adjective_left,MQQM,,,black,launisch,adjective,negative,black,0.8804,adjective,0.645,0,0.34,0.47,34
175,371,35,10,5,valence_classification,part_of_speech_classification,classification_1,adjective_left,MQQM,,,black,eitel,adjective,negative,black,0.8804,adjective,0.4727,0,0.34,0.47,34
175,372,36,10,5,valence_classification,part_of_speech_classification,classification_1,adjective_left,XVVX,,,black,liebe,noun,positive,black,0.8805,noun,0.6055,0,0.34,0.47,34
175,373,37,10,5,valence_classification,part_of_speech_classification,classification_1,adjective_left,MQQM,,,black,gift,noun,negative,black,0.8805,noun,0.6048,0,0.34,0.47,34
175,374,38,10,5,valence_classification,part_of_speech_classification,classification_1,adjective_left,ZYYZ,,,black,schön,adjective,positive,black,0.8804,adjective,0.6883,0,0.34,0.47,34
175,375,39,10,5,valence_classification,part_of_speech_classification,classification_1,adjective_left,XVVX,,,black,ehrlich,adjective,positive,black,0.8804,adjective,0.6861,0,0.34,0.47,34
175,376,40,10,5,valence_classification,part_of_speech_classification,classification_1,adjective_left,ZYYZ,,,black,liebe,noun,positive,black,0.8804,noun,0.6799,0,0.34,0.47,34
175,377,41,10,5,valence_classification,part_of_speech_classification,classification_1,adjective_left,WJJW,,,black,gift,noun,negative,black,0.8804,noun,0.6307,0,0.34,0.47,34
175,378,42,10,5,valence_classification,part_of_speech_classification,classification_1,adjective_left,WJJW,,,black,launisch,adjective,negative,black,0.8804,adjective,0.6795,0,0.34,0.47,34
175,379,43,10,5,valence_classification,part_of_speech_classification,classification_1,adjective_left,MQQM,,,black,entführung,noun,negative,black,0.8804,noun,0.5553,0,0.34,0.47,34
175,380,44,10,5,valence_classification,part_of_speech_classification,classification_1,adjective_left,ZYYZ,,,black,ehrlich,adjective,positive,black,0.8805,adjective,0.7579,0,0.34,0.47,34
175,381,45,10,5,valence_classification,part_of_speech_classification,classification_1,adjective_left,WJJW,,,black,schlecht,adjective,negative,black,0.8804,adjective,0.4532,0,0.34,0.47,34
175,382,46,10,5,valence_classification,part_of_speech_classification,classification_1,adjective_left,MQQM,,,black,leiche,noun,negative,black,0.8804,noun,0.578,0,0.34,0.47,34
175,383,47,10,5,valence_classification,part_of_speech_classification,classification_1,adjective_left,XVVX,,,black,lustig,adjective,positive,black,0.8805,adjective,1.5512,0,0.34,0.47,34
175,384,48,10,5,valence_classification,part_of_speech_classification,classification_1,adjective_left,ZYYZ,,,black,einfall,noun,positive,black,0.8805,noun,0.4431,0,0.34,0.47,34
175,385,1,14,4,valence_classification,valence_classification,classification_2,positive_left,MQQM,,,black,glück,noun,positive,black,0.8848,positive,0.3865,0,0.34,0.47,34
175,386,2,14,4,valence_classification,valence_classification,classification_2,positive_left,ZYYZ,,,black,gierig,adjective,negative,black,0.8805,negative,0.323,0,0.34,0.47,34
175,387,3,14,4,valence_classification,valence_classification,classification_2,positive_left,ZYYZ,,,black,launisch,adjective,negative,black,0.8805,negative,0.3855,0,0.34,0.47,34
175,388,4,14,4,valence_classification,valence_classification,classification_2,positive_left,WJJW,,,black,ehrlich,adjective,positive,black,0.8805,positive,0.4671,0,0.34,0.47,34
175,389,5,14,4,valence_classification,valence_classification,classification_2,positive_left,ZYYZ,,,black,lustig,adjective,positive,black,0.8805,positive,0.4633,0,0.34,0.47,34
175,390,6,14,4,valence_classification,valence_classification,classification_2,positive_left,MQQM,,,black,leiche,noun,negative,black,0.8804,negative,0.5149,0,0.34,0.47,34
175,391,7,14,4,valence_classification,valence_classification,classification_2,positive_left,MQQM,,,black,einfall,noun,positive,black,0.8805,positive,0.4031,0,0.34,0.47,34
175,392,8,14,4,valence_classification,valence_classification,classification_2,positive_left,WJJW,,,black,gierig,adjective,negative,black,0.8804,negative,0.4646,0,0.34,0.47,34
175,393,9,14,4,valence_classification,valence_classification,classification_2,positive_left,XVVX,,,black,gift,noun,negative,black,0.8804,positive,0.3441,1,0.34,0.47,34
175,394,10,14,4,valence_classification,valence_classification,classification_2,positive_left,ZYYZ,,,black,ehrlich,adjective,positive,black,0.8804,positive,0.3404,0,0.34,0.47,34
175,395,11,14,4,valence_classification,valence_classification,classification_2,positive_left,ZYYZ,,,black,gütig,adjective,positive,black,0.8805,positive,0.3568,0,0.34,0.47,34
175,396,12,14,4,valence_classification,valence_classification,classification_2,positive_left,XVVX,,,black,glück,noun,positive,black,0.8804,positive,0.3664,0,0.34,0.47,34
175,397,13,14,4,valence_classification,valence_classification,classification_2,positive_left,WJJW,,,black,schlecht,adjective,negative,black,0.8804,negative,0.5163,0,0.34,0.47,34
175,398,14,14,4,valence_classification,valence_classification,classification_2,positive_left,ZYYZ,,,black,gierig,adjective,negative,black,0.8805,negative,0.3882,0,0.34,0.47,34
175,399,15,14,4,valence_classification,valence_classification,classification_2,positive_left,WJJW,,,black,ehrlich,adjective,positive,black,0.8804,positive,0.4688,0,0.34,0.47,34
175,400,16,14,4,valence_classification,valence_classification,classification_2,positive_left,WJJW,,,black,lustig,adjective,positive,black,0.8805,positive,0.4059,0,0.34,0.47,34
175,401,17,14,4,valence_classification,valence_classification,classification_2,positive_left,WJJW,,,black,schön,adjective,positive,black,0.8804,positive,0.3329,0,0.34,0.47,34
175,402,18,14,4,valence_classification,valence_classification,classification_2,positive_left,XVVX,,,black,schleim,noun,negative,black,0.8805,positive,0.3701,1,0.34,0.47,34
175,403,19,14,4,valence_classification,valence_classification,classification_2,positive_left,ZYYZ,,,black,gütig,adjective,positive,black,0.8804,positive,0.355,0,0.34,0.47,34
175,404,20,14,4,valence_classification,valence_classification,classification_2,positive_left,XVVX,,,black,entführung,noun,negative,black,0.8804,negative,0.5062,0,0.34,0.47,34
175,405,21,14,4,valence_classification,valence_classification,classification_2,positive_left,XVVX,,,black,spaß,noun,positive,black,0.8805,positive,0.4675,0,0.34,0.47,34
175,406,22,14,4,valence_classification,valence_classification,classification_2,positive_left,WJJW,,,black,eitel,adjective,negative,black,0.8809,positive,0.3854,1,0.34,0.47,34
175,407,23,14,4,valence_classification,valence_classification,classification_2,positive_left,MQQM,,,black,einfall,noun,positive,black,0.8804,negative,0.5137,1,0.34,0.47,34
175,408,24,14,4,valence_classification,valence_classification,classification_2,positive_left,MQQM,,,black,einfall,noun,positive,black,0.8804,positive,0.4898,0,0.34,0.47,34
175,409,25,14,4,valence_classification,valence_classification,classification_2,positive_left,XVVX,,,black,liebe,noun,positive,black,0.8805,positive,0.3452,0,0.34,0.47,34
175,410,26,14,4,valence_classification,valence_classification,classification_2,positive_left,ZYYZ,,,black,lustig,adjective,positive,black,0.8804,positive,0.3879,0,0.34,0.47,34
175,411,27,14,4,valence_classification,valence_classification,classification_2,positive_left,XVVX,,,black,entführung,noun,negative,black,0.8805,negative,0.5066,0,0.34,0.47,34
175,412,28,14,4,valence_classification,valence_classification,classification_2,positive_left,XVVX,,,black,spaß,noun,positive,black,0.8805,negative,0.343,1,0.34,0.47,34
175,413,29,14,4,valence_classification,valence_classification,classification_2,positive_left,ZYYZ,,,black,schlecht,adjective,negative,black,0.8804,positive,0.4577,1,0.34,0.47,34
175,414,30,14,4,valence_classification,valence_classification,classification_2,positive_left,MQQM,,,black,schleim,noun,negative,black,0.8804,positive,0.4921,1,0.34,0.47,34
175,415,31,14,4,valence_classification,valence_classification,classification_2,positive_left,XVVX,,,black,entführung,noun,negative,black,0.8804,positive,0.5352,1,0.34,0.47,34
175,416,32,14,4,valence_classification,valence_classification,classification_2,positive_left,MQQM,,,black,spaß,noun,positive,black,0.8804,negative,0.343,1,0.34,0.47,34
175,417,33,14,4,valence_classification,valence_classification,classification_2,positive_left,XVVX,,,black,liebe,noun,positive,black,0.8804,positive,0.2982,0,0.34,0.47,34
175,418,34,14,4,valence_classification,valence_classification,classification_2,positive_left,MQQM,,,black,gift,noun,negative,black,0.8804,positive,0.4287,1,0.34,0.47,34
175,419,35,14,4,valence_classification,valence_classification,classification_2,positive_left,XVVX,,,black,leiche,noun,negative,black,0.8804,negative,0.4631,0,0.34,0.47,34
175,420,36,14,4,valence_classification,valence_classification,classification_2,positive_left,WJJW,,,black,schön,adjective,positive,black,0.8805,negative,0.3002,1,0.34,0.47,34
175,421,37,14,4,valence_classification,valence_classification,classification_2,positive_left,ZYYZ,,,black,gütig,adjective,positive,black,0.8804,negative,0.3669,1,0.34,0.47,34
175,422,38,14,4,valence_classification,valence_classification,classification_2,positive_left,ZYYZ,,,black,eitel,adjective,negative,black,0.8804,positive,0.457,1,0.34,0.47,34
175,423,39,14,4,valence_classification,valence_classification,classification_2,positive_left,WJJW,,,black,eitel,adjective,negative,black,0.8804,negative,1.1813,0,0.34,0.47,34
175,424,40,14,4,valence_classification,valence_classification,classification_2,positive_left,MQQM,,,black,schleim,noun,negative,black,0.8805,positive,0.4542,1,0.34,0.47,34
175,425,41,14,4,valence_classification,valence_classification,classification_2,positive_left,XVVX,,,black,liebe,noun,positive,black,0.8804,negative,0.373,1,0.34,0.47,34
175,426,42,14,4,valence_classification,valence_classification,classification_2,positive_left,WJJW,,,black,launisch,adjective,negative,black,0.8804,positive,0.5413,1,0.34,0.47,34
175,427,43,14,4,valence_classification,valence_classification,classification_2,positive_left,MQQM,,,black,glück,noun,positive,black,0.8804,positive,0.4942,0,0.34,0.47,34
175,428,44,14,4,valence_classification,valence_classification,classification_2,positive_left,ZYYZ,,,black,schlecht,adjective,negative,black,0.8805,negative,0.4867,0,0.34,0.47,34
175,429,45,14,4,valence_classification,valence_classification,classification_2,positive_left,MQQM,,,black,gift,noun,negative,black,0.8804,negative,0.4363,0,0.34,0.47,34
175,430,46,14,4,valence_classification,valence_classification,classification_2,positive_left,WJJW,,,black,schön,adjective,positive,black,0.8805,positive,0.406,0,0.34,0.47,34
175,431,47,14,4,valence_classification,valence_classification,classification_2,positive_left,WJJW,,,black,launisch,adjective,negative,black,0.8805,positive,0.3431,1,0.34,0.47,34
175,432,48,14,4,valence_classification,valence_classification,classification_2,positive_left,MQQM,,,black,leiche,noun,negative,black,0.8805,negative,0.5075,0,0.34,0.47,34
175,433,1,15,5,valence_classification,valence_classification,classification_2,positive_left,XVVX,,,black,gift,noun,negative,black,0.8805,positive,0.3245,1,0.34,0.47,34
175,434,2,15,5,valence_classification,valence_classification,classification_2,positive_left,WJJW,,,black,lustig,adjective,positive,black,0.8805,positive,0.4253,0,0.34,0.47,34
175,435,3,15,5,valence_classification,valence_classification,classification_2,positive_left,XVVX,,,black,gift,noun,negative,black,0.8805,negative,0.4884,0,0.34,0.47,34
175,436,4,15,5,valence_classification,valence_classification,classification_2,positive_left,WJJW,,,black,launisch,adjective,negative,black,0.8805,negative,0.5948,0,0.34,0.47,34
175,437,5,15,5,valence_classification,valence_classification,classification_2,positive_left,MQQM,,,black,einfall,noun,positive,black,0.8805,positive,1.2219,0,0.34,0.47,34
175,438,6,15,5,valence_classification,valence_classification,classification_2,positive_left,ZYYZ,,,black,gierig,adjective,negative,black,0.8804,negative,0.6571,0,0.34,0.47,34
175,439,7,15,5,valence_classification,valence_classification,classification_2,positive_left,MQQM,,,black,spaß,noun,positive,black,0.8805,positive,0.5136,0,0.34,0.47,34
175,440,8,15,5,valence_classification,valence_classification,classification_2,positive_left,MQQM,,,black,leiche,noun,negative,black,0.8804,negative,0.3503,0,0.34,0.47,34
175,441,9,15,5,valence_classification,valence_classification,classification_2,positive_left,MQQM,,,black,liebe,noun,positive,black,0.8805,positive,0.5475,0,0.34,0.47,34
175,442,10,15,5,valence_classification,valence_classification,classification_2,positive_left,ZYYZ,,,black,lustig,adjective,positive,black,0.8805,positive,0.5669,0,0.34,0.47,34
175,443,11,15,5,valence_classification,valence_classification,classification_2,positive_left,XVVX,,,black,entführung,noun,negative,black,0.8804,negative,0.6034,0,0.34,0.47,34
175,444,12,15,5,valence_classification,valence_classification,classification_2,positive_left,WJJW,,,black,gütig,adjective,positive,black,0.8805,positive,0.528,0,0.34,0.47,34
175,445,13,15,5,valence_classification,valence_classification,classification_2,positive_left,MQQM,,,black,glück,noun,positive,black,0.8805,positive,0.3995,0,0.34,0.47,34
175,446,14,15,5,valence_classification,valence_classification,classification_2,positive_left,ZYYZ,,,black,ehrlich,adjective,positive,black,0.8804,positive,0.4231,0,0.34,0.47,34
175,447,15,15,5,valence_classification,valence_classification,classification_2,positive_left,MQQM,,,black,schleim,noun,negative,black,0.8804,negative,0.4631,0,0.34,0.47,34
175,448,16,15,5,valence_classification,valence_classification,classification_2,positive_left,MQQM,,,black,entführung,noun,negative,black,0.8804,negative,0.5047,0,0.34,0.47,34
175,449,17,15,5,valence_classification,valence_classification,classification_2,positive_left,WJJW,,,black,schön,adjective,positive,black,0.8804,positive,0.5336,0,0.34,0.47,34
175,450,18,15,5,valence_classification,valence_classification,classification_2,positive_left,XVVX,,,black,schleim,noun,negative,black,0.8804,negative,0.5501,0,0.34,0.47,34
175,451,19,15,5,valence_classification,valence_classification,classification_2,positive_left,WJJW,,,black,gütig,adjective,positive,black,0.8804,negative,0.4352,1,0.34,0.47,34
175,452,20,15,5,valence_classification,valence_classification,classification_2,positive_left,WJJW,,,black,gierig,adjective,negative,black,0.8804,positive,0.4767,1,0.34,0.47,34
175,453,21,15,5,valence_classification,valence_classification,classification_2,positive_left,XVVX,,,black,liebe,noun,positive,black,0.8804,positive,0.6034,0,0.34,0.47,34
175,454,22,15,5,valence_classification,valence_classification,classification_2,positive_left,WJJW,,,black,eitel,adjective,negative,black,0.8804,positive,0.4557,1,0.34,0.47,34
175,455,23,15,5,valence_classification,valence_classification,classification_2,positive_left,ZYYZ,,,black,ehrlich,adjective,positive,black,0.8805,positive,0.4453,0,0.34,0.47,34
175,456,24,15,5,valence_classification,valence_classification,classification_2,positive_left,WJJW,,,black,launisch,adjective,negative,black,0.8804,negative,0.552,0,0.34,0.47,34
175,457,25,15,5,valence_classification,valence_classification,classification_2,positive_left,XVVX,,,black,einfall,noun,positive,black,0.8804,negative,0.5226,1,0.34,0.47,34
175,458,26,15,5,valence_classification,valence_classification,classification_2,positive_left,WJJW,,,black,eitel,adjective,negative,black,0.8804,negative,0.7563,0,0.34,0.47,34
175,459,27,15,5,valence_classification,valence_classification,classification_2,positive_left,XVVX,,,black,liebe,noun,positive,black,0.8805,positive,0.5074,0,0.34,0.47,34
175,460,28,15,5,valence_classification,valence_classification,classification_2,positive_left,ZYYZ,,,black,gierig,adjective,negative,black,0.8805,negative,0.7311,0,0.34,0.47,34
175,461,29,15,5,valence_classification,valence_classification,classification_2,positive_left,ZYYZ,,,black,schlecht,adjective,negative,black,0.8804,negative,0.4674,0,0.34,0.47,34
175,462,30,15,5,valence_classification,valence_classification,classification_2,positive_left,ZYYZ,,,black,launisch,adjective,negative,black,0.8804,positive,0.5398,1,0.34,0.47,34
175,462,30,15,5,valence_classification,valence_classification,classification_2,positive_left,ZYYZ,,,black,launisch,adjective,negative,black,0.8804,negative,0.6421,0,0.34,0.47,34
175,463,31,15,5,valence_classification,valence_classification,classification_2,positive_left,XVVX,,,black,spaß,noun,positive,black,0.8804,positive,0.7431,0,0.34,0.47,34
175,464,32,15,5,valence_classification,valence_classification,classification_2,positive_left,ZYYZ,,,black,eitel,adjective,negative,black,0.8805,negative,0.877,0,0.34,0.47,34
175,465,33,15,5,valence_classification,valence_classification,classification_2,positive_left,WJJW,,,black,schlecht,adjective,negative,black,0.8804,negative,0.407,0,0.34,0.47,34
175,466,34,15,5,valence_classification,valence_classification,classification_2,positive_left,ZYYZ,,,black,schön,adjective,positive,black,0.8804,positive,0.5537,0,0.34,0.47,34
175,467,35,15,5,valence_classification,valence_classification,classification_2,positive_left,WJJW,,,black,lustig,adjective,positive,black,0.8804,positive,1.3383,0,0.34,0.47,34
175,468,36,15,5,valence_classification,valence_classification,classification_2,positive_left,MQQM,,,black,einfall,noun,positive,black,0.8805,negative,0.4542,1,0.34,0.47,34
175,469,37,15,5,valence_classification,valence_classification,classification_2,positive_left,ZYYZ,,,black,gütig,adjective,positive,black,0.8805,positive,0.3732,0,0.34,0.47,34
175,470,38,15,5,valence_classification,valence_classification,classification_2,positive_left,ZYYZ,,,black,ehrlich,adjective,positive,black,0.8804,positive,0.5136,0,0.34,0.47,34
175,471,39,15,5,valence_classification,valence_classification,classification_2,positive_left,XVVX,,,black,spaß,noun,positive,black,0.8804,positive,0.3931,0,0.34,0.47,34
175,472,40,15,5,valence_classification,valence_classification,classification_2,positive_left,XVVX,,,black,glück,noun,positive,black,0.8805,positive,0.367,0,0.34,0.47,34
175,473,41,15,5,valence_classification,valence_classification,classification_2,positive_left,MQQM,,,black,gift,noun,negative,black,0.8805,positive,0.3451,1,0.34,0.47,34
175,474,42,15,5,valence_classification,valence_classification,classification_2,positive_left,XVVX,,,black,leiche,noun,negative,black,0.8805,negative,0.417,0,0.34,0.47,34
175,475,43,15,5,valence_classification,valence_classification,classification_2,positive_left,MQQM,,,black,entführung,noun,negative,black,0.8804,negative,0.5433,0,0.34,0.47,34
175,476,44,15,5,valence_classification,valence_classification,classification_2,positive_left,MQQM,,,black,glück,noun,positive,black,0.8804,negative,0.3295,1,0.34,0.47,34
175,477,45,15,5,valence_classification,valence_classification,classification_2,positive_left,MQQM,,,black,schleim,noun,negative,black,0.8804,negative,0.5426,0,0.34,0.47,34
175,478,46,15,5,valence_classification,valence_classification,classification_2,positive_left,XVVX,,,black,leiche,noun,negative,black,0.8804,negative,0.4331,0,0.34,0.47,34
175,479,47,15,5,valence_classification,valence_classification,classification_2,positive_left,ZYYZ,,,black,schlecht,adjective,negative,black,0.8804,negative,0.4472,0,0.34,0.47,34
175,480,48,15,5,valence_classification,valence_classification,classification_2,positive_left,WJJW,,,black,schön,adjective,positive,black,0.8804,negative,0.4249,1,0.34,0.47,34
175,485,1,17,1,valence_classification,prime_discrimination,prime_discrimination,none,MQQM,,,black,lustig,adjective,positive,black,0.9333,,,,0.34,0.47,34
175,485,1,17,1,valence_classification,prime_discrimination,prime_discrimination,none,MQQM,,,black,lustig,adjective,positive,black,,stim0,1941.4385000709444,,,,34
175,486,2,17,1,valence_classification,prime_discrimination,prime_discrimination,none,XVVX,,,black,einfall,noun,positive,black,0.9305,,,,0.34,0.47,34
175,486,2,17,1,valence_classification,prime_discrimination,prime_discrimination,none,XVVX,,,black,einfall,noun,positive,black,,stim2,2486.802199855447,,,,34
175,487,3,17,1,valence_classification,prime_discrimination,prime_discrimination,none,WJJW,,,black,gütig,adjective,positive,black,0.9306,,,,0.34,0.47,34
175,487,3,17,1,valence_classification,prime_discrimination,prime_discrimination,none,WJJW,,,black,gütig,adjective,positive,black,,stim3;WJJW,2110.4610001202673,,,,34
175,488,4,17,1,valence_classification,prime_discrimination,prime_discrimination,none,ZYYZ,,,black,launisch,adjective,negative,black,0.9305,,,,0.34,0.47,34
175,488,4,17,1,valence_classification,prime_discrimination,prime_discrimination,none,ZYYZ,,,black,launisch,adjective,negative,black,,stim1,1331.9747999776155,,,,34
175,489,5,17,1,valence_classification,prime_discrimination,prime_discrimination,none,WJJW,,,black,liebe,noun,positive,black,0.9305,,,,0.34,0.47,34
175,489,5,17,1,valence_classification,prime_discrimination,prime_discrimination,none,WJJW,,,black,liebe,noun,positive,black,,stim3,2880.178099963814,,,,34
175,490,6,17,1,valence_classification,prime_discrimination,prime_discrimination,none,XVVX,,,black,ehrlich,adjective,positive,black,0.9305,,,,0.34,0.47,34
175,490,6,17,1,valence_classification,prime_discrimination,prime_discrimination,none,XVVX,,,black,ehrlich,adjective,positive,black,,stim2,2234.0182999614626,,,,34
175,491,7,17,1,valence_classification,prime_discrimination,prime_discrimination,none,ZYYZ,,,black,spaß,noun,positive,black,0.9305,,,,0.34,0.47,34
175,491,7,17,1,valence_classification,prime_discrimination,prime_discrimination,none,ZYYZ,,,black,spaß,noun,positive,black,,stim1;ZYYZ,1528.205499984324,,,,34
175,492,8,17,1,valence_classification,prime_discrimination,prime_discrimination,none,ZYYZ,,,black,schön,adjective,positive,black,0.9305,,,,0.34,0.47,34
175,492,8,17,1,valence_classification,prime_discrimination,prime_discrimination,none,ZYYZ,,,black,schön,adjective,positive,black,,stim1;ZYYZ,2223.4901001211256,,,,34
175,493,9,17,1,valence_classification,prime_discrimination,prime_discrimination,none,XVVX,,,black,glück,noun,positive,black,0.9305,,,,0.34,0.47,34
175,493,9,17,1,valence_classification,prime_discrimination,prime_discrimination,none,XVVX,,,black,glück,noun,positive,black,,stim2;XVVX,1063.576600048691,,,,34
175,494,10,17,1,valence_classification,prime_discrimination,prime_discrimination,none,MQQM,,,black,gierig,adjective,negative,black,0.9306,,,,0.34,0.47,34
175,494,10,17,1,valence_classification,prime_discrimination,prime_discrimination,none,MQQM,,,black,gierig,adjective,negative,black,,stim0,1411.4459999836981,,,,34
175,495,11,17,1,valence_classification,prime_discrimination,prime_discrimination,none,MQQM,,,black,eitel,adjective,negative,black,0.9305,,,,0.34,0.47,34
175,495,11,17,1,valence_classification,prime_discrimination,prime_discrimination,none,MQQM,,,black,eitel,adjective,negative,black,,stim0,1496.4882000349462,,,,34
175,496,12,17,1,valence_classification,prime_discrimination,prime_discrimination,none,WJJW,,,black,schlecht,adjective,negative,black,0.9306,,,,0.34,0.47,34
175,496,12,17,1,valence_classification,prime_discrimination,prime_discrimination,none,WJJW,,,black,schlecht,adjective,negative,black,,stim3,1273.874199949205,,,,34
175,497,1,18,2,valence_classification,prime_discrimination,prime_discrimination,none,WJJW,,,black,gift,noun,negative,black,0.8805,,,,0.34,0.47,34
175,497,1,18,2,valence_classification,prime_discrimination,prime_discrimination,none,WJJW,,,black,gift,noun,negative,black,,stim3;WJJW,1150.1254001632333,,,,34
175,498,2,18,2,valence_classification,prime_discrimination,prime_discrimination,none,WJJW,,,black,schön,adjective,positive,black,0.8805,,,,0.34,0.47,34
175,498,2,18,2,valence_classification,prime_discrimination,prime_discrimination,none,WJJW,,,black,schön,adjective,positive,black,,stim3,756.2688000034541,,,,34
175,499,3,18,2,valence_classification,prime_discrimination,prime_discrimination,none,WJJW,,,black,launisch,adjective,negative,black,0.8805,,,,0.34,0.47,34
175,499,3,18,2,valence_classification,prime_discrimination,prime_discrimination,none,WJJW,,,black,launisch,adjective,negative,black,,stim0;MQQM,1661.3932000473142,,,,34
175,500,4,18,2,valence_classification,prime_discrimination,prime_discrimination,none,ZYYZ,,,black,leiche,noun,negative,black,0.8804,,,,0.34,0.47,34
175,500,4,18,2,valence_classification,prime_discrimination,prime_discrimination,none,ZYYZ,,,black,leiche,noun,negative,black,,stim1,898.6553999129683,,,,34
175,501,5,18,2,valence_classification,prime_discrimination,prime_discrimination,none,MQQM,,,black,einfall,noun,positive,black,0.8805,,,,0.34,0.47,34
175,501,5,18,2,valence_classification,prime_discrimination,prime_discrimination,none,MQQM,,,black,einfall,noun,positive,black,,stim0,1201.0309998877347,,,,34
175,502,6,18,2,valence_classification,prime_discrimination,prime_discrimination,none,MQQM,,,black,gierig,adjective,negative,black,0.8804,,,,0.34,0.47,34
175,502,6,18,2,valence_classification,prime_discrimination,prime_discrimination,none,MQQM,,,black,gierig,adjective,negative,black,,stim0,1227.5529000908136,,,,34
175,503,7,18,2,valence_classification,prime_discrimination,prime_discrimination,none,ZYYZ,,,black,schleim,noun,negative,black,0.8805,,,,0.34,0.47,34
175,503,7,18,2,valence_classification,prime_discrimination,prime_discrimination,none,ZYYZ,,,black,schleim,noun,negative,black,,stim1,1024.377000052482,,,,34
175,504,8,18,2,valence_classification,prime_discrimination,prime_discrimination,none,WJJW,,,black,schlecht,adjective,negative,black,0.8804,,,,0.34,0.47,34
175,504,8,18,2,valence_classification,prime_discrimination,prime_discrimination,none,WJJW,,,black,schlecht,adjective,negative,black,,stim3;WJJW,987.2473001014441,,,,34
175,505,9,18,2,valence_classification,prime_discrimination,prime_discrimination,none,ZYYZ,,,black,launisch,adjective,negative,black,0.8805,,,,0.34,0.47,34
175,505,9,18,2,valence_classification,prime_discrimination,prime_discrimination,none,ZYYZ,,,black,launisch,adjective,negative,black,,stim1,832.7307999134064,,,,34
175,506,10,18,2,valence_classification,prime_discrimination,prime_discrimination,none,XVVX,,,black,gütig,adjective,positive,black,0.8805,,,,0.34,0.47,34
175,506,10,18,2,valence_classification,prime_discrimination,prime_discrimination,none,XVVX,,,black,gütig,adjective,positive,black,,stim2,1160.6319998390973,,,,34
175,507,11,18,2,valence_classification,prime_discrimination,prime_discrimination,none,MQQM,,,black,gift,noun,negative,black,0.8805,,,,0.34,0.47,34
175,507,11,18,2,valence_classification,prime_discrimination,prime_discrimination,none,MQQM,,,black,gift,noun,negative,black,,stim0,828.1759000383317,,,,34
175,508,12,18,2,valence_classification,prime_discrimination,prime_discrimination,none,XVVX,,,black,eitel,adjective,negative,black,0.8804,,,,0.34,0.47,34
175,508,12,18,2,valence_classification,prime_discrimination,prime_discrimination,none,XVVX,,,black,eitel,adjective,negative,black,,stim2;XVVX,938.0233001429588,,,,34
175,509,13,18,2,valence_classification,prime_discrimination,prime_discrimination,none,XVVX,,,black,glück,noun,positive,black,0.9105,,,,0.34,0.47,34
175,509,13,18,2,valence_classification,prime_discrimination,prime_discrimination,none,XVVX,,,black,glück,noun,positive,black,,stim2,966.3177998736501,,,,34
175,510,14,18,2,valence_classification,prime_discrimination,prime_discrimination,none,WJJW,,,black,schlecht,adjective,negative,black,0.8805,,,,0.34,0.47,34
175,510,14,18,2,valence_classification,prime_discrimination,prime_discrimination,none,WJJW,,,black,schlecht,adjective,negative,black,,stim0;MQQM,803.6599999759346,,,,34
175,511,15,18,2,valence_classification,prime_discrimination,prime_discrimination,none,ZYYZ,,,black,gierig,adjective,negative,black,0.8805,,,,0.34,0.47,34
175,511,15,18,2,valence_classification,prime_discrimination,prime_discrimination,none,ZYYZ,,,black,gierig,adjective,negative,black,,stim1,741.5839999448508,,,,34
175,512,16,18,2,valence_classification,prime_discrimination,prime_discrimination,none,XVVX,,,black,lustig,adjective,positive,black,0.8806,,,,0.34,0.47,34
175,512,16,18,2,valence_classification,prime_discrimination,prime_discrimination,none,XVVX,,,black,lustig,adjective,positive,black,,stim2,982.5376998633146,,,,34
175,513,17,18,2,valence_classification,prime_discrimination,prime_discrimination,none,XVVX,,,black,entführung,noun,negative,black,0.8805,,,,0.34,0.47,34
175,513,17,18,2,valence_classification,prime_discrimination,prime_discrimination,none,XVVX,,,black,entführung,noun,negative,black,,stim2;XVVX,660.1424000691622,,,,34
175,514,18,18,2,valence_classification,prime_discrimination,prime_discrimination,none,XVVX,,,black,gierig,adjective,negative,black,0.8804,,,,0.34,0.47,34
175,514,18,18,2,valence_classification,prime_discrimination,prime_discrimination,none,XVVX,,,black,gierig,adjective,negative,black,,stim2;XVVX,2028.260099934414,,,,34
175,515,19,18,2,valence_classification,prime_discrimination,prime_discrimination,none,ZYYZ,,,black,einfall,noun,positive,black,0.8804,,,,0.34,0.47,34
175,515,19,18,2,valence_classification,prime_discrimination,prime_discrimination,none,ZYYZ,,,black,einfall,noun,positive,black,,stim1;ZYYZ,1366.7285998817533,,,,34
175,516,20,18,2,valence_classification,prime_discrimination,prime_discrimination,none,WJJW,,,black,liebe,noun,positive,black,0.8804,,,,0.34,0.47,34
175,516,20,18,2,valence_classification,prime_discrimination,prime_discrimination,none,WJJW,,,black,liebe,noun,positive,black,,stim3;WJJW,903.4365001134574,,,,34
175,517,21,18,2,valence_classification,prime_discrimination,prime_discrimination,none,MQQM,,,black,launisch,adjective,negative,black,0.8812,,,,0.34,0.47,34
175,517,21,18,2,valence_classification,prime_discrimination,prime_discrimination,none,MQQM,,,black,launisch,adjective,negative,black,,stim0,745.013500098139,,,,34
175,518,22,18,2,valence_classification,prime_discrimination,prime_discrimination,none,WJJW,,,black,liebe,noun,positive,black,0.9105,,,,0.34,0.47,34
175,518,22,18,2,valence_classification,prime_discrimination,prime_discrimination,none,WJJW,,,black,liebe,noun,positive,black,,stim3,865.7783998642117,,,,34
175,519,23,18,2,valence_classification,prime_discrimination,prime_discrimination,none,XVVX,,,black,entführung,noun,negative,black,0.8804,,,,0.34,0.47,34
175,519,23,18,2,valence_classification,prime_discrimination,prime_discrimination,none,XVVX,,,black,entführung,noun,negative,black,,stim2;XVVX,1327.0517999771982,,,,34
175,520,24,18,2,valence_classification,prime_discrimination,prime_discrimination,none,WJJW,,,black,gütig,adjective,positive,black,0.8804,,,,0.34,0.47,34
175,520,24,18,2,valence_classification,prime_discrimination,prime_discrimination,none,WJJW,,,black,gütig,adjective,positive,black,,stim0,781.1767000239342,,,,34
175,521,25,18,2,valence_classification,prime_discrimination,prime_discrimination,none,WJJW,,,black,lustig,adjective,positive,black,0.8804,,,,0.34,0.47,34
175,521,25,18,2,valence_classification,prime_discrimination,prime_discrimination,none,WJJW,,,black,lustig,adjective,positive,black,,stim0,1342.7961999550462,,,,34
175,522,26,18,2,valence_classification,prime_discrimination,prime_discrimination,none,MQQM,,,black,gütig,adjective,positive,black,0.8804,,,,0.34,0.47,34
175,522,26,18,2,valence_classification,prime_discrimination,prime_discrimination,none,MQQM,,,black,gütig,adjective,positive,black,,stim0,751.0379001032561,,,,34
175,523,27,18,2,valence_classification,prime_discrimination,prime_discrimination,none,ZYYZ,,,black,gütig,adjective,positive,black,0.8804,,,,0.34,0.47,34
175,523,27,18,2,valence_classification,prime_discrimination,prime_discrimination,none,ZYYZ,,,black,gütig,adjective,positive,black,,stim1,873.9342999178916,,,,34
175,524,28,18,2,valence_classification,prime_discrimination,prime_discrimination,none,XVVX,,,black,lustig,adjective,positive,black,0.8805,,,,0.34,0.47,34
175,524,28,18,2,valence_classification,prime_discrimination,prime_discrimination,none,XVVX,,,black,lustig,adjective,positive,black,,stim3,871.9299000222236,,,,34
175,525,29,18,2,valence_classification,prime_discrimination,prime_discrimination,none,XVVX,,,black,schön,adjective,positive,black,0.8804,,,,0.34,0.47,34
175,525,29,18,2,valence_classification,prime_discrimination,prime_discrimination,none,XVVX,,,black,schön,adjective,positive,black,,stim2,895.8699000068009,,,,34
175,526,30,18,2,valence_classification,prime_discrimination,prime_discrimination,none,MQQM,,,black,entführung,noun,negative,black,0.8805,,,,0.34,0.47,34
175,526,30,18,2,valence_classification,prime_discrimination,prime_discrimination,none,MQQM,,,black,entführung,noun,negative,black,,stim0,1136.0127001535147,,,,34
175,527,31,18,2,valence_classification,prime_discrimination,prime_discrimination,none,WJJW,,,black,leiche,noun,negative,black,0.8805,,,,0.34,0.47,34
175,527,31,18,2,valence_classification,prime_discrimination,prime_discrimination,none,WJJW,,,black,leiche,noun,negative,black,,stim1,705.2350000012666,,,,34
175,528,32,18,2,valence_classification,prime_discrimination,prime_discrimination,none,WJJW,,,black,ehrlich,adjective,positive,black,0.8804,,,,0.34,0.47,34
175,528,32,18,2,valence_classification,prime_discrimination,prime_discrimination,none,WJJW,,,black,ehrlich,adjective,positive,black,,stim3,804.6617999207228,,,,34
175,529,33,18,2,valence_classification,prime_discrimination,prime_discrimination,none,MQQM,,,black,schleim,noun,negative,black,0.8804,,,,0.34,0.47,34
175,529,33,18,2,valence_classification,prime_discrimination,prime_discrimination,none,MQQM,,,black,schleim,noun,negative,black,,stim0,677.7228999417275,,,,34
175,530,34,18,2,valence_classification,prime_discrimination,prime_discrimination,none,MQQM,,,black,spaß,noun,positive,black,0.9105,,,,0.34,0.47,34
175,530,34,18,2,valence_classification,prime_discrimination,prime_discrimination,none,MQQM,,,black,spaß,noun,positive,black,,stim0,803.1305999029428,,,,34
175,531,35,18,2,valence_classification,prime_discrimination,prime_discrimination,none,MQQM,,,black,spaß,noun,positive,black,0.8805,,,,0.34,0.47,34
175,531,35,18,2,valence_classification,prime_discrimination,prime_discrimination,none,MQQM,,,black,spaß,noun,positive,black,,stim0,1202.1357000339776,,,,34
175,532,36,18,2,valence_classification,prime_discrimination,prime_discrimination,none,XVVX,,,black,ehrlich,adjective,positive,black,0.8805,,,,0.34,0.47,34
175,532,36,18,2,valence_classification,prime_discrimination,prime_discrimination,none,XVVX,,,black,ehrlich,adjective,positive,black,,stim1,847.4467000924051,,,,34
175,533,37,18,2,valence_classification,prime_discrimination,prime_discrimination,none,ZYYZ,,,black,gift,noun,negative,black,0.8805,,,,0.34,0.47,34
175,533,37,18,2,valence_classification,prime_discrimination,prime_discrimination,none,ZYYZ,,,black,gift,noun,negative,black,,stim1,737.8833999391645,,,,34
175,534,38,18,2,valence_classification,prime_discrimination,prime_discrimination,none,XVVX,,,black,glück,noun,positive,black,0.8804,,,,0.34,0.47,34
175,534,38,18,2,valence_classification,prime_discrimination,prime_discrimination,none,XVVX,,,black,glück,noun,positive,black,,stim2,937.2177999466658,,,,34
175,535,39,18,2,valence_classification,prime_discrimination,prime_discrimination,none,ZYYZ,,,black,schlecht,adjective,negative,black,0.8804,,,,0.34,0.47,34
175,535,39,18,2,valence_classification,prime_discrimination,prime_discrimination,none,ZYYZ,,,black,schlecht,adjective,negative,black,,stim1,751.6193999908864,,,,34
175,536,40,18,2,valence_classification,prime_discrimination,prime_discrimination,none,XVVX,,,black,leiche,noun,negative,black,0.8806,,,,0.34,0.47,34
175,536,40,18,2,valence_classification,prime_discrimination,prime_discrimination,none,XVVX,,,black,leiche,noun,negative,black,,stim0;MQQM,949.5824000332505,,,,34
175,537,41,18,2,valence_classification,prime_discrimination,prime_discrimination,none,MQQM,,,black,lustig,adjective,positive,black,0.8805,,,,0.34,0.47,34
175,537,41,18,2,valence_classification,prime_discrimination,prime_discrimination,none,MQQM,,,black,lustig,adjective,positive,black,,stim0,844.11760000512,,,,34
175,538,42,18,2,valence_classification,prime_discrimination,prime_discrimination,none,ZYYZ,,,black,schön,adjective,positive,black,0.8804,,,,0.34,0.47,34
175,538,42,18,2,valence_classification,prime_discrimination,prime_discrimination,none,ZYYZ,,,black,schön,adjective,positive,black,,stim1,1975.918399868533,,,,34
175,539,43,18,2,valence_classification,prime_discrimination,prime_discrimination,none,XVVX,,,black,ehrlich,adjective,positive,black,0.9105,,,,0.34,0.47,34
175,539,43,18,2,valence_classification,prime_discrimination,prime_discrimination,none,XVVX,,,black,ehrlich,adjective,positive,black,,stim2;XVVX,1180.7981000747532,,,,34
175,540,44,18,2,valence_classification,prime_discrimination,prime_discrimination,none,WJJW,,,black,schleim,noun,negative,black,0.8805,,,,0.34,0.47,34
175,540,44,18,2,valence_classification,prime_discrimination,prime_discrimination,none,WJJW,,,black,schleim,noun,negative,black,,stim0;MQQM,817.4901998136193,,,,34
175,541,45,18,2,valence_classification,prime_discrimination,prime_discrimination,none,ZYYZ,,,black,glück,noun,positive,black,0.8804,,,,0.34,0.47,34
175,541,45,18,2,valence_classification,prime_discrimination,prime_discrimination,none,ZYYZ,,,black,glück,noun,positive,black,,stim1,681.7437000572681,,,,34
175,542,46,18,2,valence_classification,prime_discrimination,prime_discrimination,none,ZYYZ,,,black,eitel,adjective,negative,black,0.8804,,,,0.34,0.47,34
175,542,46,18,2,valence_classification,prime_discrimination,prime_discrimination,none,ZYYZ,,,black,eitel,adjective,negative,black,,stim1;ZYYZ,1419.4731002207845,,,,34
175,543,47,18,2,valence_classification,prime_discrimination,prime_discrimination,none,ZYYZ,,,black,spaß,noun,positive,black,0.8805,,,,0.34,0.47,34
175,543,47,18,2,valence_classification,prime_discrimination,prime_discrimination,none,ZYYZ,,,black,spaß,noun,positive,black,,stim1;ZYYZ,867.9859000258148,,,,34
175,544,48,18,2,valence_classification,prime_discrimination,prime_discrimination,none,ZYYZ,,,black,schön,adjective,positive,black,0.8804,,,,0.34,0.47,34
175,544,48,18,2,valence_classification,prime_discrimination,prime_discrimination,none,ZYYZ,,,black,schön,adjective,positive,black,,stim1;ZYYZ,1548.7649000715464,,,,34
175,545,49,18,2,valence_classification,prime_discrimination,prime_discrimination,none,MQQM,,,black,ehrlich,adjective,positive,black,0.8804,,,,0.34,0.47,34
175,545,49,18,2,valence_classification,prime_discrimination,prime_discrimination,none,MQQM,,,black,ehrlich,adjective,positive,black,,stim0,1137.2433998622,,,,34
175,546,50,18,2,valence_classification,prime_discrimination,prime_discrimination,none,MQQM,,,black,einfall,noun,positive,black,0.8804,,,,0.34,0.47,34
175,546,50,18,2,valence_classification,prime_discrimination,prime_discrimination,none,MQQM,,,black,einfall,noun,positive,black,,stim0,1592.814699979499,,,,34
175,547,51,18,2,valence_classification,prime_discrimination,prime_discrimination,none,MQQM,,,black,eitel,adjective,negative,black,0.8805,,,,0.34,0.47,34
175,547,51,18,2,valence_classification,prime_discrimination,prime_discrimination,none,MQQM,,,black,eitel,adjective,negative,black,,stim0,1193.0652000010014,,,,34
175,548,52,18,2,valence_classification,prime_discrimination,prime_discrimination,none,WJJW,,,black,liebe,noun,positive,black,0.8805,,,,0.34,0.47,34
175,548,52,18,2,valence_classification,prime_discrimination,prime_discrimination,none,WJJW,,,black,liebe,noun,positive,black,,stim3,664.807400200516,,,,34
175,549,1,19,3,valence_classification,prime_discrimination,prime_discrimination,none,MQQM,,,black,glück,noun,positive,black,0.9137,,,,0.34,0.47,34
175,549,1,19,3,valence_classification,prime_discrimination,prime_discrimination,none,MQQM,,,black,glück,noun,positive,black,,stim0;MQQM,669.9817997869104,,,,34
175,550,2,19,3,valence_classification,prime_discrimination,prime_discrimination,none,MQQM,,,black,gierig,adjective,negative,black,0.8806,,,,0.34,0.47,34
175,550,2,19,3,valence_classification,prime_discrimination,prime_discrimination,none,MQQM,,,black,gierig,adjective,negative,black,,stim3;WJJW,1303.1941999215633,,,,34
175,551,3,19,3,valence_classification,prime_discrimination,prime_discrimination,none,WJJW,,,black,schlecht,adjective,negative,black,0.8804,,,,0.34,0.47,34
175,551,3,19,3,valence_classification,prime_discrimination,prime_discrimination,none,WJJW,,,black,schlecht,adjective,negative,black,,stim3,1194.9376999400556,,,,34
175,552,4,19,3,valence_classification,prime_discrimination,prime_discrimination,none,MQQM,,,black,gift,noun,negative,black,0.8805,,,,0.34,0.47,34
175,552,4,19,3,valence_classification,prime_discrimination,prime_discrimination,none,MQQM,,,black,gift,noun,negative,black,,stim0,630.2959998138249,,,,34
175,553,5,19,3,valence_classification,prime_discrimination,prime_discrimination,none,ZYYZ,,,black,schleim,noun,negative,black,0.8804,,,,0.34,0.47,34
175,553,5,19,3,valence_classification,prime_discrimination,prime_discrimination,none,ZYYZ,,,black,schleim,noun,negative,black,,stim1,1810.7944000512362,,,,34
175,554,6,19,3,valence_classification,prime_discrimination,prime_discrimination,none,XVVX,,,black,entführung,noun,negative,black,0.8805,,,,0.34,0.47,34
175,554,6,19,3,valence_classification,prime_discrimination,prime_discrimination,none,XVVX,,,black,entführung,noun,negative,black,,stim2,823.407799936831,,,,34
175,555,7,19,3,valence_classification,prime_discrimination,prime_discrimination,none,WJJW,,,black,glück,noun,positive,black,0.8805,,,,0.34,0.47,34
175,555,7,19,3,valence_classification,prime_discrimination,prime_discrimination,none,WJJW,,,black,glück,noun,positive,black,,stim3,1074.0652999375015,,,,34
175,556,8,19,3,valence_classification,prime_discrimination,prime_discrimination,none,MQQM,,,black,gierig,adjective,negative,black,0.8805,,,,0.34,0.47,34
175,556,8,19,3,valence_classification,prime_discrimination,prime_discrimination,none,MQQM,,,black,gierig,adjective,negative,black,,stim0,665.921000065282,,,,34
175,557,9,19,3,valence_classification,prime_discrimination,prime_discrimination,none,WJJW,,,black,leiche,noun,negative,black,0.8805,,,,0.34,0.47,34
175,557,9,19,3,valence_classification,prime_discrimination,prime_discrimination,none,WJJW,,,black,leiche,noun,negative,black,,stim0,689.3070000223815,,,,34
175,558,10,19,3,valence_classification,prime_discrimination,prime_discrimination,none,ZYYZ,,,black,schlecht,adjective,negative,black,0.8805,,,,0.34,0.47,34
175,558,10,19,3,valence_classification,prime_discrimination,prime_discrimination,none,ZYYZ,,,black,schlecht,adjective,negative,black,,stim1,772.2223000600934,,,,34
175,559,11,19,3,valence_classification,prime_discrimination,prime_discrimination,none,WJJW,,,black,launisch,adjective,negative,black,0.8804,,,,0.34,0.47,34
175,559,11,19,3,valence_classification,prime_discrimination,prime_discrimination,none,WJJW,,,black,launisch,adjective,negative,black,,stim3;WJJW,751.3472998980433,,,,34
175,560,12,19,3,valence_classification,prime_discrimination,prime_discrimination,none,XVVX,,,black,eitel,adjective,negative,black,0.8804,,,,0.34,0.47,34
175,560,12,19,3,valence_classification,prime_discrimination,prime_discrimination,none,XVVX,,,black,eitel,adjective,negative,black,,stim2,854.5915000140667,,,,34
175,561,13,19,3,valence_classification,prime_discrimination,prime_discrimination,none,XVVX,,,black,leiche,noun,negative,black,0.8805,,,,0.34,0.47,34
175,561,13,19,3,valence_classification,prime_discrimination,prime_discrimination,none,XVVX,,,black,leiche,noun,negative,black,,stim2,878.8252999074757,,,,34
175,562,14,19,3,valence_classification,prime_discrimination,prime_discrimination,none,XVVX,,,black,ehrlich,adjective,positive,black,0.8805,,,,0.34,0.47,34
175,562,14,19,3,valence_classification,prime_discrimination,prime_discrimination,none,XVVX,,,black,ehrlich,adjective,positive,black,,stim0;MQQM,1990.0685001630336,,,,34
175,563,15,19,3,valence_classification,prime_discrimination,prime_discrimination,none,XVVX,,,black,spaß,noun,positive,black,0.8804,,,,0.34,0.47,34
175,563,15,19,3,valence_classification,prime_discrimination,prime_discrimination,none,XVVX,,,black,spaß,noun,positive,black,,stim1,1353.5317999776453,,,,34
175,564,16,19,3,valence_classification,prime_discrimination,prime_discrimination,none,MQQM,,,black,gütig,adjective,positive,black,0.8805,,,,0.34,0.47,34
175,564,16,19,3,valence_classification,prime_discrimination,prime_discrimination,none,MQQM,,,black,gütig,adjective,positive,black,,stim0,641.3647001609206,,,,34
175,565,17,19,3,valence_classification,prime_discrimination,prime_discrimination,none,MQQM,,,black,gierig,adjective,negative,black,0.8805,,,,0.34,0.47,34
175,565,17,19,3,valence_classification,prime_discrimination,prime_discrimination,none,MQQM,,,black,gierig,adjective,negative,black,,stim0,1391.3932999130338,,,,34
175,566,18,19,3,valence_classification,prime_discrimination,prime_discrimination,none,MQQM,,,black,eitel,adjective,negative,black,0.8805,,,,0.34,0.47,34
175,566,18,19,3,valence_classification,prime_discrimination,prime_discrimination,none,MQQM,,,black,eitel,adjective,negative,black,,stim0,809.447200037539,,,,34
175,567,19,19,3,valence_classification,prime_discrimination,prime_discrimination,none,ZYYZ,,,black,liebe,noun,positive,black,0.8805,,,,0.34,0.47,34
175,567,19,19,3,valence_classification,prime_discrimination,prime_discrimination,none,ZYYZ,,,black,liebe,noun,positive,black,,stim1;ZYYZ,1560.322199948132,,,,34
175,568,20,19,3,valence_classification,prime_discrimination,prime_discrimination,none,MQQM,,,black,gütig,adjective,positive,black,0.9104,,,,0.34,0.47,34
175,568,20,19,3,valence_classification,prime_discrimination,prime_discrimination,none,MQQM,,,black,gütig,adjective,positive,black,,stim0;MQQM,759.3726001214236,,,,34
175,569,21,19,3,valence_classification,prime_discrimination,prime_discrimination,none,WJJW,,,black,gift,noun,negative,black,0.8805,,,,0.34,0.47,34
175,569,21,19,3,valence_classification,prime_discrimination,prime_discrimination,none,WJJW,,,black,gift,noun,negative,black,,stim3,2441.0912999883294,,,,34
175,570,22,19,3,valence_classification,prime_discrimination,prime_discrimination,none,XVVX,,,black,leiche,noun,negative,black,0.8805,,,,0.34,0.47,34
175,570,22,19,3,valence_classification,prime_discrimination,prime_discrimination,none,XVVX,,,black,leiche,noun,negative,black,,stim3,818.0711001623422,,,,34
175,571,23,19,3,valence_classification,prime_discrimination,prime_discrimination,none,ZYYZ,,,black,lustig,adjective,positive,black,0.8805,,,,0.34,0.47,34
175,571,23,19,3,valence_classification,prime_discrimination,prime_discrimination,none,ZYYZ,,,black,lustig,adjective,positive,black,,stim1,654.3032999616116,,,,34
175,572,24,19,3,valence_classification,prime_discrimination,prime_discrimination,none,WJJW,,,black,entführung,noun,negative,black,0.8805,,,,0.34,0.47,34
175,572,24,19,3,valence_classification,prime_discrimination,prime_discrimination,none,WJJW,,,black,entführung,noun,negative,black,,stim2,563.2674000225961,,,,34
175,573,25,19,3,valence_classification,prime_discrimination,prime_discrimination,none,XVVX,,,black,ehrlich,adjective,positive,black,0.8805,,,,0.34,0.47,34
175,573,25,19,3,valence_classification,prime_discrimination,prime_discrimination,none,XVVX,,,black,ehrlich,adjective,positive,black,,stim2;XVVX,577.2741998080164,,,,34
175,574,26,19,3,valence_classification,prime_discrimination,prime_discrimination,none,XVVX,,,black,liebe,noun,positive,black,0.8804,,,,0.34,0.47,34
175,574,26,19,3,valence_classification,prime_discrimination,prime_discrimination,none,XVVX,,,black,liebe,noun,positive,black,,stim0,1090.2062999084592,,,,34
175,575,27,19,3,valence_classification,prime_discrimination,prime_discrimination,none,WJJW,,,black,ehrlich,adjective,positive,black,0.8805,,,,0.34,0.47,34
175,575,27,19,3,valence_classification,prime_discrimination,prime_discrimination,none,WJJW,,,black,ehrlich,adjective,positive,black,,stim2;XVVX,1330.0377000123262,,,,34
175,576,28,19,3,valence_classification,prime_discrimination,prime_discrimination,none,WJJW,,,black,glück,noun,positive,black,0.9104,,,,0.34,0.47,34
175,576,28,19,3,valence_classification,prime_discrimination,prime_discrimination,none,WJJW,,,black,glück,noun,positive,black,,stim1,1150.1129001844674,,,,34
175,577,29,19,3,valence_classification,prime_discrimination,prime_discrimination,none,ZYYZ,,,black,lustig,adjective,positive,black,0.8804,,,,0.34,0.47,34
175,577,29,19,3,valence_classification,prime_discrimination,prime_discrimination,none,ZYYZ,,,black,lustig,adjective,positive,black,,stim1,656.7228001076728,,,,34
175,578,30,19,3,valence_classification,prime_discrimination,prime_discrimination,none,MQQM,,,black,gift,noun,negative,black,0.8804,,,,0.34,0.47,34
175,578,30,19,3,valence_classification,prime_discrimination,prime_discrimination,none,MQQM,,,black,gift,noun,negative,black,,stim0,1367.3644999507815,,,,34
175,579,31,19,3,valence_classification,prime_discrimination,prime_discrimination,none,ZYYZ,,,black,spaß,noun,positive,black,0.8804,,,,0.34,0.47,34
175,579,31,19,3,valence_classification,prime_discrimination,prime_discrimination,none,ZYYZ,,,black,spaß,noun,positive,black,,stim1,1044.217700138688,,,,34
175,580,32,19,3,valence_classification,prime_discrimination,prime_discrimination,none,MQQM,,,black,spaß,noun,positive,black,0.8804,,,,0.34,0.47,34
175,580,32,19,3,valence_classification,prime_discrimination,prime_discrimination,none,MQQM,,,black,spaß,noun,positive,black,,stim0,626.8800999969244,,,,34
175,581,33,19,3,valence_classification,prime_discrimination,prime_discrimination,none,WJJW,,,black,lustig,adjective,positive,black,0.8805,,,,0.34,0.47,34
175,581,33,19,3,valence_classification,prime_discrimination,prime_discrimination,none,WJJW,,,black,lustig,adjective,positive,black,,stim3,784.7725998144597,,,,34
175,582,34,19,3,valence_classification,prime_discrimination,prime_discrimination,none,MQQM,,,black,schön,adjective,positive,black,0.8804,,,,0.34,0.47,34
175,582,34,19,3,valence_classification,prime_discrimination,prime_discrimination,none,MQQM,,,black,schön,adjective,positive,black,,stim0,1422.0426001120359,,,,34
175,583,35,19,3,valence_classification,prime_discrimination,prime_discrimination,none,XVVX,,,black,entführung,noun,negative,black,0.8804,,,,0.34,0.47,34
175,583,35,19,3,valence_classification,prime_discrimination,prime_discrimination,none,XVVX,,,black,entführung,noun,negative,black,,stim2,855.9346999973059,,,,34
175,584,36,19,3,valence_classification,prime_discrimination,prime_discrimination,none,ZYYZ,,,black,launisch,adjective,negative,black,0.8804,,,,0.34,0.47,34
175,584,36,19,3,valence_classification,prime_discrimination,prime_discrimination,none,ZYYZ,,,black,launisch,adjective,negative,black,,stim1,941.3902000524104,,,,34
175,585,37,19,3,valence_classification,prime_discrimination,prime_discrimination,none,ZYYZ,,,black,ehrlich,adjective,positive,black,0.8805,,,,0.34,0.47,34
175,585,37,19,3,valence_classification,prime_discrimination,prime_discrimination,none,ZYYZ,,,black,ehrlich,adjective,positive,black,,stim1,1147.0343000255525,,,,34
175,586,38,19,3,valence_classification,prime_discrimination,prime_discrimination,none,XVVX,,,black,eitel,adjective,negative,black,0.8804,,,,0.34,0.47,34
175,586,38,19,3,valence_classification,prime_discrimination,prime_discrimination,none,XVVX,,,black,eitel,adjective,negative,black,,stim2,1022.1837998833507,,,,34
175,587,39,19,3,valence_classification,prime_discrimination,prime_discrimination,none,XVVX,,,black,schön,adjective,positive,black,0.8804,,,,0.34,0.47,34
175,587,39,19,3,valence_classification,prime_discrimination,prime_discrimination,none,XVVX,,,black,schön,adjective,positive,black,,stim3,616.1909999791533,,,,34
175,588,40,19,3,valence_classification,prime_discrimination,prime_discrimination,none,ZYYZ,,,black,lustig,adjective,positive,black,0.8805,,,,0.34,0.47,34
175,588,40,19,3,valence_classification,prime_discrimination,prime_discrimination,none,ZYYZ,,,black,lustig,adjective,positive,black,,stim1;ZYYZ,1590.2545000426471,,,,34
175,589,41,19,3,valence_classification,prime_discrimination,prime_discrimination,none,XVVX,,,black,schleim,noun,negative,black,0.8804,,,,0.34,0.47,34
175,589,41,19,3,valence_classification,prime_discrimination,prime_discrimination,none,XVVX,,,black,schleim,noun,negative,black,,stim1,1351.7557000741363,,,,34
175,590,42,19,3,valence_classification,prime_discrimination,prime_discrimination,none,XVVX,,,black,schön,adjective,positive,black,0.8804,,,,0.34,0.47,34
175,590,42,19,3,valence_classification,prime_discrimination,prime_discrimination,none,XVVX,,,black,schön,adjective,positive,black,,stim2,1351.4847001060843,,,,34
175,591,43,19,3,valence_classification,prime_discrimination,prime_discrimination,none,MQQM,,,black,einfall,noun,positive,black,0.8804,,,,0.34,0.47,34
175,591,43,19,3,valence_classification,prime_discrimination,prime_discrimination,none,MQQM,,,black,einfall,noun,positive,black,,stim0,1399.443499976769,,,,34
175,592,44,19,3,valence_classification,prime_discrimination,prime_discrimination,none,MQQM,,,black,schleim,noun,negative,black,0.8804,,,,0.34,0.47,34
175,592,44,19,3,valence_classification,prime_discrimination,prime_discrimination,none,MQQM,,,black,schleim,noun,negative,black,,stim3;WJJW,614.9939999449998,,,,34
175,593,45,19,3,valence_classification,prime_discrimination,prime_discrimination,none,ZYYZ,,,black,einfall,noun,positive,black,0.8804,,,,0.34,0.47,34
175,593,45,19,3,valence_classification,prime_discrimination,prime_discrimination,none,ZYYZ,,,black,einfall,noun,positive,black,,stim1,759.996399981901,,,,34
175,594,46,19,3,valence_classification,prime_discrimination,prime_discrimination,none,WJJW,,,black,gütig,adjective,positive,black,0.8805,,,,0.34,0.47,34
175,594,46,19,3,valence_classification,prime_discrimination,prime_discrimination,none,WJJW,,,black,gütig,adjective,positive,black,,stim1,714.2203999683261,,,,34
175,595,47,19,3,valence_classification,prime_discrimination,prime_discrimination,none,ZYYZ,,,black,gütig,adjective,positive,black,0.8804,,,,0.34,0.47,34
175,595,47,19,3,valence_classification,prime_discrimination,prime_discrimination,none,ZYYZ,,,black,gütig,adjective,positive,black,,stim2,740.7333001028746,,,,34
175,596,48,19,3,valence_classification,prime_discrimination,prime_discrimination,none,WJJW,,,black,einfall,noun,positive,black,0.9105,,,,0.34,0.47,34
175,596,48,19,3,valence_classification,prime_discrimination,prime_discrimination,none,WJJW,,,black,einfall,noun,positive,black,,stim0,1698.4834999311715,,,,34
175,597,49,19,3,valence_classification,prime_discrimination,prime_discrimination,none,WJJW,,,black,liebe,noun,positive,black,0.8805,,,,0.34,0.47,34
175,597,49,19,3,valence_classification,prime_discrimination,prime_discrimination,none,WJJW,,,black,liebe,noun,positive,black,,stim3,508.73750005848706,,,,34
175,598,50,19,3,valence_classification,prime_discrimination,prime_discrimination,none,WJJW,,,black,schlecht,adjective,negative,black,0.8805,,,,0.34,0.47,34
175,598,50,19,3,valence_classification,prime_discrimination,prime_discrimination,none,WJJW,,,black,schlecht,adjective,negative,black,,stim0,768.3136998675764,,,,34
175,599,51,19,3,valence_classification,prime_discrimination,prime_discrimination,none,ZYYZ,,,black,launisch,adjective,negative,black,0.8806,,,,0.34,0.47,34
175,599,51,19,3,valence_classification,prime_discrimination,prime_discrimination,none,ZYYZ,,,black,launisch,adjective,negative,black,,stim1,546.0953000001609,,,,34
175,600,52,19,3,valence_classification,prime_discrimination,prime_discrimination,none,ZYYZ,,,black,schön,adjective,positive,black,0.8805,,,,0.34,0.47,34
175,600,52,19,3,valence_classification,prime_discrimination,prime_discrimination,none,ZYYZ,,,black,schön,adjective,positive,black,,stim2,707.8901999630034,,,,34
175,601,1,20,1,valence_classification,color_matching,matching,match_right,MQQM,noun,negative,brown,✲✲✲glück✲✲✲✲,noun,positive,brown,0.554,match,1.1575,0,0.4671,0.6028,65.39199293522232
175,602,2,20,1,valence_classification,color_matching,matching,match_right,WJJW,adjective,negative,blue,✲✲✲leiche✲✲✲,noun,negative,brown,0.4932,nonmatch,0.7698,0,0.4671,0.6028,65.39199293522232
175,603,3,20,1,valence_classification,color_matching,matching,match_right,XVVX,noun,positive,blue,✲✲✲lustig✲✲✲,adjective,positive,brown,0.4932,nonmatch,0.5265,0,0.4671,0.6028,65.39199293522232
175,604,4,20,1,valence_classification,color_matching,matching,match_right,ZYYZ,adjective,positive,blue,✲✲✲✲gift✲✲✲✲,noun,negative,brown,0.4932,nonmatch,0.3897,0,0.4671,0.6028,65.39199293522232
175,605,5,20,1,valence_classification,color_matching,matching,match_right,ZYYZ,adjective,positive,brown,✲✲schleim✲✲✲,noun,negative,blue,0.4939,nonmatch,0.3532,0,0.4671,0.6028,65.39199293522232
175,606,6,20,1,valence_classification,color_matching,matching,match_right,ZYYZ,adjective,positive,blue,✲✲✲✲spaß✲✲✲✲,noun,positive,brown,0.4932,nonmatch,0.3317,0,0.4671,0.6028,65.39199293522232
175,607,7,20,1,valence_classification,color_matching,matching,match_right,MQQM,noun,negative,blue,✲✲✲eitel✲✲✲✲,adjective,negative,blue,0.4932,nonmatch,0.3245,1,0.4671,0.6028,65.39199293522232
175,608,8,20,1,valence_classification,color_matching,matching,match_right,WJJW,adjective,negative,brown,✲✲✲✲spaß✲✲✲✲,noun,positive,blue,0.4932,match,1.5308,1,0.4671,0.6028,65.39199293522232
175,609,9,20,1,valence_classification,color_matching,matching,match_right,MQQM,noun,negative,brown,✲✲schlecht✲✲,adjective,negative,brown,0.4933,match,2.3651,0,0.4671,0.6028,65.39199293522232
175,610,10,20,1,valence_classification,color_matching,matching,match_right,MQQM,noun,negative,brown,✲✲✲lustig✲✲✲,adjective,positive,blue,0.4936,nonmatch,0.9551,0,0.4671,0.6028,65.39199293522232
175,611,11,20,1,valence_classification,color_matching,matching,match_right,XVVX,noun,positive,blue,✲✲✲gütig✲✲✲✲,adjective,positive,blue,0.4932,match,1.146,0,0.4671,0.6028,65.39199293522232
175,612,12,20,1,valence_classification,color_matching,matching,match_right,MQQM,noun,negative,blue,✲✲✲leiche✲✲✲,noun,negative,brown,0.4932,nonmatch,0.9772,0,0.4671,0.6028,65.39199293522232
175,613,13,20,1,valence_classification,color_matching,matching,match_right,XVVX,noun,positive,blue,✲✲✲leiche✲✲✲,noun,negative,blue,0.4932,match,0.7502,0,0.4671,0.6028,65.39199293522232
175,614,14,20,1,valence_classification,color_matching,matching,match_right,XVVX,noun,positive,brown,✲✲✲✲spaß✲✲✲✲,noun,positive,blue,0.4932,nonmatch,1.1983,0,0.4671,0.6028,65.39199293522232
175,615,15,20,1,valence_classification,color_matching,matching,match_right,ZYYZ,adjective,positive,brown,✲✲einfall✲✲✲,noun,positive,blue,0.4932,nonmatch,0.5806,0,0.4671,0.6028,65.39199293522232
175,616,16,20,1,valence_classification,color_matching,matching,match_right,WJJW,adjective,negative,blue,✲✲✲liebe✲✲✲✲,noun,positive,brown,0.4932,nonmatch,0.5283,0,0.4671,0.6028,65.39199293522232
175,617,17,20,1,valence_classification,color_matching,matching,match_right,XVVX,noun,positive,blue,✲✲✲liebe✲✲✲✲,noun,positive,brown,0.4932,nonmatch,0.8248,0,0.4671,0.6028,65.39199293522232
175,618,18,20,1,valence_classification,color_matching,matching,match_right,WJJW,adjective,negative,brown,✲✲schlecht✲✲,adjective,negative,brown,0.4932,match,0.7995,0,0.4671,0.6028,65.39199293522232
175,619,19,20,1,valence_classification,color_matching,matching,match_right,ZYYZ,adjective,positive,brown,✲✲✲schön✲✲✲✲,adjective,positive,brown,0.4936,match,0.5222,0,0.4671,0.6028,65.39199293522232
175,620,20,20,1,valence_classification,color_matching,matching,match_right,XVVX,noun,positive,brown,✲✲schleim✲✲✲,noun,negative,blue,0.4932,nonmatch,0.5227,0,0.4671,0.6028,65.39199293522232
175,621,21,20,1,valence_classification,color_matching,matching,match_right,MQQM,noun,negative,blue,✲✲✲schön✲✲✲✲,adjective,positive,blue,0.4932,match,0.8651,0,0.4671,0.6028,65.39199293522232
175,622,22,20,1,valence_classification,color_matching,matching,match_right,ZYYZ,adjective,positive,blue,✲✲launisch✲✲,adjective,negative,brown,0.4932,nonmatch,0.7647,0,0.4671,0.6028,65.39199293522232
175,623,23,20,1,valence_classification,color_matching,matching,match_right,XVVX,noun,positive,brown,✲✲✲schön✲✲✲✲,adjective,positive,blue,0.4932,nonmatch,0.8136,0,0.4671,0.6028,65.39199293522232
175,624,24,20,1,valence_classification,color_matching,matching,match_right,WJJW,adjective,negative,blue,✲✲✲lustig✲✲✲,adjective,positive,blue,0.4932,match,0.5658,0,0.4671,0.6028,65.39199293522232
175,625,25,20,1,valence_classification,color_matching,matching,match_right,WJJW,adjective,negative,brown,✲✲launisch✲✲,adjective,negative,blue,0.4932,nonmatch,0.7473,0,0.4671,0.6028,65.39199293522232
175,626,26,20,1,valence_classification,color_matching,matching,match_right,WJJW,adjective,negative,blue,✲entführung✲,noun,negative,blue,0.4932,match,0.5191,0,0.4671,0.6028,65.39199293522232
175,627,27,20,1,valence_classification,color_matching,matching,match_right,ZYYZ,adjective,positive,blue,✲entführung✲,noun,negative,blue,0.4932,match,0.4104,0,0.4671,0.6028,65.39199293522232
175,628,28,20,1,valence_classification,color_matching,matching,match_right,ZYYZ,adjective,positive,brown,✲✲✲lustig✲✲✲,adjective,positive,blue,0.4932,nonmatch,0.4989,0,0.4671,0.6028,65.39199293522232
175,629,29,20,1,valence_classification,color_matching,matching,match_right,MQQM,noun,negative,brown,✲✲ehrlich✲✲✲,adjective,positive,brown,0.4932,match,0.5745,0,0.4671,0.6028,65.39199293522232
175,630,30,20,1,valence_classification,color_matching,matching,match_right,ZYYZ,adjective,positive,blue,✲✲✲liebe✲✲✲✲,noun,positive,blue,0.4932,match,0.6872,0,0.4671,0.6028,65.39199293522232
175,631,31,20,1,valence_classification,color_matching,matching,match_right,XVVX,noun,positive,brown,✲✲✲eitel✲✲✲✲,adjective,negative,brown,0.4932,nonmatch,0.6285,1,0.4671,0.6028,65.39199293522232
175,632,32,20,1,valence_classification,color_matching,matching,match_right,XVVX,noun,positive,brown,✲✲✲gierig✲✲✲,adjective,negative,blue,0.4932,nonmatch,1.3326,0,0.4671,0.6028,65.39199293522232
175,633,33,20,1,valence_classification,color_matching,matching,match_right,WJJW,adjective,negative,brown,✲✲schleim✲✲✲,noun,negative,blue,0.4932,match,0.9992,1,0.4671,0.6028,65.39199293522232
175,634,34,20,1,valence_classification,color_matching,matching,match_right,MQQM,noun,negative,blue,✲✲✲liebe✲✲✲✲,noun,positive,brown,0.4932,nonmatch,0.6635,0,0.5319,0.6676,74.4638331198342
175,635,35,20,1,valence_classification,color_matching,matching,match_right,XVVX,noun,positive,blue,✲✲schlecht✲✲,adjective,negative,brown,0.4932,nonmatch,1.4917,0,0.5162,0.6519,72.26233535731113
175,636,36,20,1,valence_classification,color_matching,matching,match_right,XVVX,noun,positive,brown,✲entführung✲,noun,negative,brown,0.4932,match,0.5272,0,0.5023,0.638,70.32077159523402
175,637,37,20,1,valence_classification,color_matching,matching,match_right,ZYYZ,adjective,positive,brown,✲✲✲gierig✲✲✲,adjective,negative,brown,0.4932,match,0.6652,0,0.4901,0.6258,68.61456567761391
175,638,38,20,1,valence_classification,color_matching,matching,match_right,ZYYZ,adjective,positive,blue,✲✲✲gütig✲✲✲✲,adjective,positive,brown,0.4932,nonmatch,0.7278,0,0.4795,0.6152,67.12644177824617
175,639,39,20,1,valence_classification,color_matching,matching,match_right,MQQM,noun,negative,blue,✲✲✲gierig✲✲✲,adjective,negative,brown,0.4932,nonmatch,0.4615,0,0.4701,0.6059,65.82027040384531
175,640,40,20,1,valence_classification,color_matching,matching,match_right,MQQM,noun,negative,brown,✲entführung✲,noun,negative,blue,0.4932,nonmatch,0.4338,0,0.4619,0.5976,64.66292336538642
175,641,41,20,1,valence_classification,color_matching,matching,match_right,WJJW,adjective,negative,blue,✲✲✲eitel✲✲✲✲,adjective,negative,brown,0.4932,nonmatch,0.3434,0,0.4545,0.5902,63.63102039867033
175,642,42,20,1,valence_classification,color_matching,matching,match_right,WJJW,adjective,negative,brown,✲✲ehrlich✲✲✲,adjective,positive,blue,0.4932,nonmatch,0.4175,0,0.4478,0.5835,62.69173845848847
175,643,43,20,1,valence_classification,color_matching,matching,match_right,WJJW,adjective,negative,blue,✲✲✲gütig✲✲✲✲,adjective,positive,brown,0.4932,nonmatch,0.3468,0,0.4417,0.5774,61.83338032168075
175,644,44,20,1,valence_classification,color_matching,matching,match_right,WJJW,adjective,negative,blue,✲✲✲glück✲✲✲✲,noun,positive,blue,0.4932,nonmatch,0.2915,1,0.4359,0.5717,61.031945520563724
175,645,45,20,1,valence_classification,color_matching,matching,match_right,WJJW,adjective,negative,brown,✲✲einfall✲✲✲,noun,positive,brown,0.4932,nonmatch,0.2745,1,0.4528,0.5885,63.38625584488367
175,646,46,20,1,valence_classification,color_matching,matching,match_right,WJJW,adjective,negative,brown,✲✲✲schön✲✲✲✲,adjective,positive,brown,0.4932,nonmatch,0.27,1,0.4695,0.6052,65.72702900905261
175,647,47,20,1,valence_classification,color_matching,matching,match_right,XVVX,noun,positive,blue,✲✲✲✲gift✲✲✲✲,noun,negative,brown,0.4932,nonmatch,0.084,0,0.4885,0.6242,68.39249010052296
175,648,48,20,1,valence_classification,color_matching,matching,match_right,MQQM,noun,negative,blue,✲✲schleim✲✲✲,noun,negative,blue,0.4932,nonmatch,0.017,1,0.482,0.6178,67.48670614437755
175,649,49,20,1,valence_classification,color_matching,matching,match_right,MQQM,noun,negative,brown,✲✲einfall✲✲✲,noun,positive,blue,0.4959,match,0.6329,1,0.5004,0.6361,70.05362415059558
175,650,50,20,1,valence_classification,color_matching,matching,match_right,MQQM,noun,negative,brown,✲✲✲✲gift✲✲✲✲,noun,negative,brown,0.4932,match,0.5683,0,0.5224,0.6582,73.14192150268616
175,651,51,20,1,valence_classification,color_matching,matching,match_right,WJJW,adjective,negative,blue,✲✲✲gierig✲✲✲,adjective,negative,blue,0.4932,nonmatch,0.5469,1,0.5146,0.6504,72.04993611751986
175,652,52,20,1,valence_classification,color_matching,matching,match_right,XVVX,noun,positive,blue,✲✲einfall✲✲✲,noun,positive,blue,0.4932,match,0.3068,0,0.5376,0.6733,75.2641344832609
175,653,53,20,1,valence_classification,color_matching,matching,match_right,MQQM,noun,negative,blue,✲✲✲✲spaß✲✲✲✲,noun,positive,blue,0.4932,match,0.5839,0,0.5296,0.6653,74.14202794809678
175,654,54,20,1,valence_classification,color_matching,matching,match_right,ZYYZ,adjective,positive,brown,✲✲✲glück✲✲✲✲,noun,positive,brown,0.4932,nonmatch,0.4112,1,0.5226,0.6583,73.16517572245286
175,655,55,20,1,valence_classification,color_matching,matching,match_right,ZYYZ,adjective,positive,blue,✲✲ehrlich✲✲✲,adjective,positive,blue,0.4932,match,0.3282,0,0.5423,0.678,75.91618947416661
175,656,56,20,1,valence_classification,color_matching,matching,match_right,MQQM,noun,negative,brown,✲✲launisch✲✲,adjective,negative,blue,0.4932,nonmatch,0.4246,0,0.5351,0.6709,74.91902406038221
175,657,57,20,1,valence_classification,color_matching,matching,match_right,XVVX,noun,positive,blue,✲✲launisch✲✲,adjective,negative,blue,0.4932,match,0.3961,0,0.5289,0.6646,74.04384074574885
175,658,58,20,1,valence_classification,color_matching,matching,match_right,XVVX,noun,positive,brown,✲✲✲glück✲✲✲✲,noun,positive,brown,0.4932,nonmatch,0.5074,1,0.5234,0.6591,73.2746272290786
175,659,59,20,1,valence_classification,color_matching,matching,match_right,ZYYZ,adjective,positive,brown,✲✲schlecht✲✲,adjective,negative,blue,0.4932,match,0.4104,1,0.5388,0.6746,75.4378447628177
175,660,60,20,1,valence_classification,color_matching,matching,match_right,ZYYZ,adjective,positive,blue,✲✲✲eitel✲✲✲✲,adjective,negative,blue,0.4932,nonmatch,0.2134,1,0.5571,0.6928,77.99586814592473
175,661,61,20,1,valence_classification,color_matching,matching,match_right,XVVX,noun,positive,brown,✲✲ehrlich✲✲✲,adjective,positive,brown,0.4961,nonmatch,0.3146,1,0.5799,0.7156,81.18156442322667
175,662,62,20,1,valence_classification,color_matching,matching,match_right,ZYYZ,adjective,positive,brown,✲✲✲leiche✲✲✲,noun,negative,brown,0.4932,nonmatch,0.2498,1,0.6068,0.7425,84.94655628654164
175,663,63,20,1,valence_classification,color_matching,matching,match_right,WJJW,adjective,negative,brown,✲✲✲✲gift✲✲✲✲,noun,negative,brown,0.4932,nonmatch,0.1958,1,0.6364,0.7722,89.10191693786152
175,664,64,20,1,valence_classification,color_matching,matching,match_right,MQQM,noun,negative,blue,✲✲✲gütig✲✲✲✲,adjective,positive,brown,0.4932,nonmatch,0.1039,0,0.6694,0.8051,93.71186274725335
175,665,1,21,2,valence_classification,color_matching,matching,match_right,MQQM,noun,negative,brown,✲✲✲liebe✲✲✲✲,noun,positive,blue,0.5492,match,0.8391,1,0.6587,0.7944,92.21813260965946
175,666,2,21,2,valence_classification,color_matching,matching,match_right,XVVX,noun,positive,blue,✲✲launisch✲✲,adjective,negative,brown,0.4932,nonmatch,0.6616,0,0.6888,0.8245,96.43040024259109
175,667,3,21,2,valence_classification,color_matching,matching,match_right,WJJW,adjective,negative,brown,✲✲✲gierig✲✲✲,adjective,negative,brown,0.4932,match,0.614,0,0.6787,0.8144,95.02294202701529
175,668,4,21,2,valence_classification,color_matching,matching,match_right,XVVX,noun,positive,blue,✲✲✲glück✲✲✲✲,noun,positive,blue,0.4932,match,0.5336,0,0.6696,0.8053,93.74671952186053
175,669,5,21,2,valence_classification,color_matching,matching,match_right,WJJW,adjective,negative,blue,✲✲✲✲gift✲✲✲✲,noun,negative,brown,0.4932,nonmatch,0.5219,0,0.6614,0.7971,92.59966804507184
175,670,6,21,2,valence_classification,color_matching,matching,match_right,MQQM,noun,negative,blue,✲✲schlecht✲✲,adjective,negative,brown,0.4961,nonmatch,0.3615,0,0.654,0.7897,91.56270761567605
175,671,7,21,2,valence_classification,color_matching,matching,match_right,ZYYZ,adjective,positive,blue,✲✲schleim✲✲✲,noun,negative,blue,0.4932,nonmatch,0.6432,1,0.6473,0.783,90.62169698292816
175,672,8,21,2,valence_classification,color_matching,matching,match_right,MQQM,noun,negative,blue,✲✲✲glück✲✲✲✲,noun,positive,blue,0.4932,match,0.4605,0,0.6673,0.803,93.42409710807209
175,673,9,21,2,valence_classification,color_matching,matching,match_right,ZYYZ,adjective,positive,brown,✲✲✲eitel✲✲✲✲,adjective,negative,brown,0.4932,match,0.396,0,0.6606,0.7963,92.48495978686368
175,674,10,21,2,valence_classification,color_matching,matching,match_right,WJJW,adjective,negative,brown,✲✲✲lustig✲✲✲,adjective,positive,blue,0.4932,nonmatch,0.4062,0,0.6545,0.7902,91.63021086618645
175,675,11,21,2,valence_classification,color_matching,matching,match_right,ZYYZ,adjective,positive,brown,✲✲✲✲gift✲✲✲✲,noun,negative,blue,0.4932,nonmatch,0.4119,0,0.6489,0.7846,90.84785451583599
175,676,12,21,2,valence_classification,color_matching,matching,match_right,MQQM,noun,negative,blue,✲✲✲lustig✲✲✲,adjective,positive,brown,0.4932,nonmatch,0.5355,0,0.6438,0.7795,90.134705520399
175,677,13,21,2,valence_classification,color_matching,matching,match_right,MQQM,noun,negative,brown,✲✲✲gierig✲✲✲,adjective,negative,blue,0.4932,nonmatch,0.4189,0,0.6391,0.7749,89.4801820749872
175,678,14,21,2,valence_classification,color_matching,matching,match_right,XVVX,noun,positive,brown,✲✲✲schön✲✲✲✲,adjective,positive,blue,0.4932,nonmatch,0.4104,0,0.6348,0.7705,88.86891475936096
175,679,15,21,2,valence_classification,color_matching,matching,match_right,WJJW,adjective,negative,brown,✲✲✲liebe✲✲✲✲,noun,positive,blue,0.4932,nonmatch,0.3563,0,0.6307,0.7664,88.2953950602027
175,680,16,21,2,valence_classification,color_matching,matching,match_right,ZYYZ,adjective,positive,brown,✲✲✲liebe✲✲✲✲,noun,positive,brown,0.4932,match,0.5839,0,0.6269,0.7626,87.77084715206148
175,681,17,21,2,valence_classification,color_matching,matching,match_right,XVVX,noun,positive,blue,✲✲✲lustig✲✲✲,adjective,positive,blue,0.4932,match,0.6326,0,0.6233,0.7591,87.26846734151208
175,682,18,21,2,valence_classification,color_matching,matching,match_right,ZYYZ,adjective,positive,blue,✲✲einfall✲✲✲,noun,positive,brown,0.4932,nonmatch,0.5463,0,0.62,0.7557,86.80476611222089
175,683,19,21,2,valence_classification,color_matching,matching,match_right,MQQM,noun,negative,blue,✲✲✲eitel✲✲✲✲,adjective,negative,blue,0.4932,match,0.6271,0,0.6168,0.7526,86.35881055864468
175,684,20,21,2,valence_classification,color_matching,matching,match_right,XVVX,noun,positive,blue,✲✲✲✲gift✲✲✲✲,noun,negative,brown,0.4932,nonmatch,0.5998,0,0.6139,0.7496,85.94367700691924
175,685,21,21,2,valence_classification,color_matching,matching,match_right,MQQM,noun,negative,blue,✲✲einfall✲✲✲,noun,positive,brown,0.4932,nonmatch,0.7931,0,0.611,0.7467,85.54092715124698
175,686,22,21,2,valence_classification,color_matching,matching,match_right,WJJW,adjective,negative,blue,✲✲✲schön✲✲✲✲,adjective,positive,brown,0.4932,nonmatch,0.7998,0,0.6083,0.7441,85.16775432938805
175,687,23,21,2,valence_classification,color_matching,matching,match_right,XVVX,noun,positive,brown,✲✲✲eitel✲✲✲✲,adjective,negative,brown,0.4932,match,0.8869,0,0.6057,0.7414,84.79933067428871
175,688,24,21,2,valence_classification,color_matching,matching,match_right,ZYYZ,adjective,positive,blue,✲✲✲✲spaß✲✲✲✲,noun,positive,blue,0.4932,match,0.5762,0,0.6033,0.739,84.4601205438862
175,689,25,21,2,valence_classification,color_matching,matching,match_right,WJJW,adjective,negative,blue,✲entführung✲,noun,negative,blue,0.4962,match,0.8391,0,0.6009,0.7366,84.12689472224191
175,690,26,21,2,valence_classification,color_matching,matching,match_right,MQQM,noun,negative,brown,✲✲schleim✲✲✲,noun,negative,brown,0.4932,nonmatch,0.5899,1,0.5986,0.7343,83.80617544888341
175,691,27,21,2,valence_classification,color_matching,matching,match_right,MQQM,noun,negative,blue,✲✲✲leiche✲✲✲,noun,negative,brown,0.4932,nonmatch,0.4688,0,0.6053,0.7411,84.74746918549349
175,692,28,21,2,valence_classification,color_matching,matching,match_right,XVVX,noun,positive,blue,✲✲einfall✲✲✲,noun,positive,brown,0.4932,nonmatch,0.5677,0,0.6031,0.7388,84.43664041326755
175,693,29,21,2,valence_classification,color_matching,matching,match_right,XVVX,noun,positive,brown,✲✲ehrlich✲✲✲,adjective,positive,brown,0.4932,match,0.5963,0,0.6009,0.7366,84.12913923680271
175,694,30,21,2,valence_classification,color_matching,matching,match_right,WJJW,adjective,negative,blue,✲✲einfall✲✲✲,noun,positive,brown,0.5076,nonmatch,0.6224,0,0.5988,0.7345,83.83184210761597
175,695,31,21,2,valence_classification,color_matching,matching,match_right,ZYYZ,adjective,positive,brown,✲✲schlecht✲✲,adjective,negative,blue,0.4932,match,0.5635,1,0.5968,0.7325,83.55418192537519
175,696,32,21,2,valence_classification,color_matching,matching,match_right,MQQM,noun,negative,brown,✲✲✲schön✲✲✲✲,adjective,positive,brown,0.4932,match,0.5034,0,0.603,0.7387,84.41441700670909
175,697,33,21,2,valence_classification,color_matching,matching,match_right,WJJW,adjective,negative,blue,✲✲ehrlich✲✲✲,adjective,positive,blue,0.4932,match,0.5966,0,0.6009,0.7366,84.12845068507703
175,698,34,21,2,valence_classification,color_matching,matching,match_right,MQQM,noun,negative,blue,✲entführung✲,noun,negative,blue,0.4938,match,0.5606,0,0.5989,0.7346,83.85088206937631
175,699,35,21,2,valence_classification,color_matching,matching,match_right,ZYYZ,adjective,positive,blue,✲✲ehrlich✲✲✲,adjective,positive,blue,0.4932,match,0.9028,0,0.5971,0.7328,83.59303717217668
175,700,36,21,2,valence_classification,color_matching,matching,match_right,MQQM,noun,negative,blue,✲✲✲gütig✲✲✲✲,adjective,positive,blue,0.4932,match,0.8275,0,0.5953,0.731,83.33728283789047
175,701,37,21,2,valence_classification,color_matching,matching,match_right,MQQM,noun,negative,brown,✲✲✲✲gift✲✲✲✲,noun,negative,blue,0.4932,nonmatch,0.6143,0,0.5935,0.7292,83.08312577371134
175,702,38,21,2,valence_classification,color_matching,matching,match_right,ZYYZ,adjective,positive,brown,✲✲✲schön✲✲✲✲,adjective,positive,brown,0.4932,match,0.697,0,0.5918,0.7275,82.8510678337681
175,703,39,21,2,valence_classification,color_matching,matching,match_right,WJJW,adjective,negative,brown,✲✲schleim✲✲✲,noun,negative,brown,0.4932,match,0.785,0,0.5902,0.7259,82.62138306459343
175,704,40,21,2,valence_classification,color_matching,matching,match_right,XVVX,noun,positive,blue,✲✲✲gierig✲✲✲,adjective,negative,blue,0.4932,match,0.8029,0,0.5885,0.7242,82.39282750897883
175,705,41,21,2,valence_classification,color_matching,matching,match_right,XVVX,noun,positive,brown,✲✲schleim✲✲✲,noun,negative,blue,0.4932,nonmatch,0.6135,0,0.5869,0.7227,82.17195016555799
175,706,42,21,2,valence_classification,color_matching,matching,match_right,ZYYZ,adjective,positive,brown,✲✲✲gütig✲✲✲✲,adjective,positive,blue,0.4932,nonmatch,0.8043,0,0.5855,0.7212,81.96412750586315
175,707,43,21,2,valence_classification,color_matching,matching,match_right,XVVX,noun,positive,brown,✲✲✲liebe✲✲✲✲,noun,positive,blue,0.4932,nonmatch,0.7356,0,0.584,0.7197,81.75751354915418
175,708,44,21,2,valence_classification,color_matching,matching,match_right,MQQM,noun,negative,brown,✲✲ehrlich✲✲✲,adjective,positive,blue,0.4961,nonmatch,0.5215,0,0.5825,0.7182,81.55115692144489
175,709,45,21,2,valence_classification,color_matching,matching,match_right,WJJW,adjective,negative,brown,✲✲✲leiche✲✲✲,noun,negative,blue,0.4932,nonmatch,0.78,0,0.5811,0.7168,81.35259334542594
175,710,46,21,2,valence_classification,color_matching,matching,match_right,WJJW,adjective,negative,blue,✲✲schlecht✲✲,adjective,negative,blue,0.4933,match,0.5843,0,0.5797,0.7155,81.16485892813508
175,711,47,21,2,valence_classification,color_matching,matching,match_right,MQQM,noun,negative,brown,✲✲launisch✲✲,adjective,negative,brown,0.4932,match,0.8091,0,0.5784,0.7141,80.97807674371273
175,712,48,21,2,valence_classification,color_matching,matching,match_right,MQQM,noun,negative,brown,✲✲✲✲spaß✲✲✲✲,noun,positive,brown,0.4932,match,0.8458,0,0.5771,0.7128,80.79156761894419
175,713,49,21,2,valence_classification,color_matching,matching,match_right,ZYYZ,adjective,positive,blue,✲✲✲gierig✲✲✲,adjective,negative,blue,0.4932,match,1.1773,0,0.5758,0.7115,80.60610433008307
175,714,50,21,2,valence_classification,color_matching,matching,match_right,WJJW,adjective,negative,brown,✲✲launisch✲✲,adjective,negative,blue,0.4932,nonmatch,0.7694,0,0.5745,0.7103,80.43504459379713
175,715,51,21,2,valence_classification,color_matching,matching,match_right,XVVX,noun,positive,brown,✲✲✲leiche✲✲✲,noun,negative,brown,0.4932,nonmatch,0.6693,1,0.5733,0.709,80.2652325640736
175,716,52,21,2,valence_classification,color_matching,matching,match_right,ZYYZ,adjective,positive,brown,✲✲✲glück✲✲✲✲,noun,positive,blue,0.4936,nonmatch,0.5062,0,0.5771,0.7128,80.78882305996669
175,717,53,21,2,valence_classification,color_matching,matching,match_right,WJJW,adjective,negative,brown,✲✲✲gütig✲✲✲✲,adjective,positive,brown,0.4932,nonmatch,0.6048,1,0.5758,0.7115,80.61133557672589
175,718,54,21,2,valence_classification,color_matching,matching,match_right,XVVX,noun,positive,brown,✲✲schlecht✲✲,adjective,negative,blue,0.4932,nonmatch,0.2982,0,0.5795,0.7152,81.12531100694875
175,719,55,21,2,valence_classification,color_matching,matching,match_right,ZYYZ,adjective,positive,blue,✲✲✲leiche✲✲✲,noun,negative,brown,0.4932,nonmatch,0.4626,0,0.5782,0.714,80.9547805068199
175,720,56,21,2,valence_classification,color_matching,matching,match_right,ZYYZ,adjective,positive,blue,✲✲✲lustig✲✲✲,adjective,positive,brown,0.4932,nonmatch,0.8351,0,0.577,0.7127,80.78434760302429
175,721,57,21,2,valence_classification,color_matching,matching,match_right,ZYYZ,adjective,positive,blue,✲✲launisch✲✲,adjective,negative,brown,0.4932,nonmatch,0.8498,0,0.5758,0.7115,80.61441155869632
175,722,58,21,2,valence_classification,color_matching,matching,match_right,XVVX,noun,positive,brown,✲✲✲✲spaß✲✲✲✲,noun,positive,brown,0.4932,match,0.865,0,0.5747,0.7104,80.45871255272311
175,723,59,21,2,valence_classification,color_matching,matching,match_right,WJJW,adjective,negative,brown,✲✲✲glück✲✲✲✲,noun,positive,brown,0.4932,match,0.8474,0,0.5736,0.7093,80.30435103104413
175,724,60,21,2,valence_classification,color_matching,matching,match_right,WJJW,adjective,negative,blue,✲✲✲eitel✲✲✲✲,adjective,negative,brown,0.4932,nonmatch,0.4834,0,0.5725,0.7082,80.15021504152374
175,725,61,21,2,valence_classification,color_matching,matching,match_right,ZYYZ,adjective,positive,brown,✲entführung✲,noun,negative,brown,0.4932,match,0.7308,0,0.5714,0.7071,79.9959804428392
175,726,62,21,2,valence_classification,color_matching,matching,match_right,XVVX,noun,positive,blue,✲entführung✲,noun,negative,blue,0.4932,match,1.5345,0,0.5703,0.706,79.83955525653525
175,727,63,21,2,valence_classification,color_matching,matching,match_right,WJJW,adjective,negative,blue,✲✲✲✲spaß✲✲✲✲,noun,positive,blue,0.4932,match,0.8531,0,0.5693,0.705,79.69773283136476
175,728,64,21,2,valence_classification,color_matching,matching,match_right,XVVX,noun,positive,blue,✲✲✲gütig✲✲✲✲,adjective,positive,brown,0.4932,nonmatch,0.6646,0,0.5683,0.704,79.55737682939125
175,729,1,22,3,valence_classification,color_matching,matching,match_right,XVVX,noun,positive,blue,✲entführung✲,noun,negative,blue,0.4932,match,0.5865,0,0.5673,0.703,79.41740501519173
175,730,2,22,3,valence_classification,color_matching,matching,match_right,WJJW,adjective,negative,brown,✲✲einfall✲✲✲,noun,positive,brown,0.4932,nonmatch,0.4934,1,0.5663,0.702,79.27764679898941
175,731,3,22,3,valence_classification,color_matching,matching,match_right,WJJW,adjective,negative,blue,✲✲✲eitel✲✲✲✲,adjective,negative,blue,0.4932,match,0.752,0,0.5691,0.7048,79.673721516681
175,732,4,22,3,valence_classification,color_matching,matching,match_right,MQQM,noun,negative,brown,✲✲einfall✲✲✲,noun,positive,blue,0.4932,nonmatch,0.5417,0,0.5681,0.7038,79.53858064344044
175,733,5,22,3,valence_classification,color_matching,matching,match_right,XVVX,noun,positive,blue,✲✲einfall✲✲✲,noun,positive,brown,0.4932,nonmatch,0.8119,0,0.5672,0.7029,79.40370545757192
175,734,6,22,3,valence_classification,color_matching,matching,match_right,WJJW,adjective,negative,brown,✲entführung✲,noun,negative,blue,0.4932,nonmatch,0.6509,0,0.5662,0.7019,79.26896567958345
175,735,7,22,3,valence_classification,color_matching,matching,match_right,WJJW,adjective,negative,brown,✲✲✲lustig✲✲✲,adjective,positive,brown,0.4958,match,0.6925,0,0.5652,0.7009,79.1326044551212
175,736,8,22,3,valence_classification,color_matching,matching,match_right,MQQM,noun,negative,brown,✲✲✲liebe✲✲✲✲,noun,positive,brown,0.497,match,0.7614,0,0.5643,0.7,78.99902956325201
175,737,9,22,3,valence_classification,color_matching,matching,match_right,XVVX,noun,positive,blue,✲✲✲liebe✲✲✲✲,noun,positive,blue,0.4932,match,0.7886,0,0.5634,0.6991,78.87496951049923
175,738,10,22,3,valence_classification,color_matching,matching,match_right,WJJW,adjective,negative,brown,✲✲✲glück✲✲✲✲,noun,positive,blue,0.4932,nonmatch,0.7657,0,0.5625,0.6982,78.75177924443432
175,739,11,22,3,valence_classification,color_matching,matching,match_right,ZYYZ,adjective,positive,blue,✲✲✲✲spaß✲✲✲✲,noun,positive,blue,0.4932,match,0.797,0,0.5616,0.6973,78.62872946374809
175,740,12,22,3,valence_classification,color_matching,matching,match_right,XVVX,noun,positive,brown,✲✲ehrlich✲✲✲,adjective,positive,brown,0.4961,match,0.6411,0,0.5608,0.6965,78.50576938458256
175,741,13,22,3,valence_classification,color_matching,matching,match_right,WJJW,adjective,negative,blue,✲✲✲liebe✲✲✲✲,noun,positive,brown,0.4932,nonmatch,0.6436,0,0.5599,0.6956,78.38135232106113
175,742,14,22,3,valence_classification,color_matching,matching,match_right,WJJW,adjective,negative,blue,✲✲✲gütig✲✲✲✲,adjective,positive,brown,0.4932,nonmatch,0.7405,0,0.559,0.6947,78.25499829049416
175,743,15,22,3,valence_classification,color_matching,matching,match_right,XVVX,noun,positive,brown,✲✲✲leiche✲✲✲,noun,negative,brown,0.4964,match,0.6081,0,0.5581,0.6939,78.14063822000583
175,744,16,22,3,valence_classification,color_matching,matching,match_right,MQQM,noun,negative,brown,✲✲ehrlich✲✲✲,adjective,positive,brown,0.4932,match,0.7747,0,0.5573,0.6931,78.0272452607067
175,745,17,22,3,valence_classification,color_matching,matching,match_right,XVVX,noun,positive,blue,✲✲✲schön✲✲✲✲,adjective,positive,brown,0.4932,nonmatch,0.5611,0,0.5565,0.6922,77.91419052306979
175,746,18,22,3,valence_classification,color_matching,matching,match_right,XVVX,noun,positive,brown,✲✲✲eitel✲✲✲✲,adjective,negative,brown,0.4932,match,0.5487,0,0.5557,0.6914,77.80085415441508
175,747,19,22,3,valence_classification,color_matching,matching,match_right,XVVX,noun,positive,brown,✲✲✲gütig✲✲✲✲,adjective,positive,blue,0.4932,nonmatch,0.8555,0,0.5549,0.6906,77.68720434349127
175,748,20,22,3,valence_classification,color_matching,matching,match_right,ZYYZ,adjective,positive,brown,✲✲✲liebe✲✲✲✲,noun,positive,blue,0.4932,nonmatch,0.4892,0,0.5541,0.6898,77.57189868658293
175,749,21,22,3,valence_classification,color_matching,matching,match_right,WJJW,adjective,negative,blue,✲✲✲gierig✲✲✲,adjective,negative,brown,0.4937,nonmatch,0.7568,0,0.5533,0.689,77.45680102773568
175,750,22,22,3,valence_classification,color_matching,matching,match_right,MQQM,noun,negative,blue,✲✲✲gütig✲✲✲✲,adjective,positive,blue,0.4962,match,0.5965,0,0.5525,0.6882,77.3510733632934
175,751,23,22,3,valence_classification,color_matching,matching,match_right,MQQM,noun,negative,blue,✲✲schlecht✲✲,adjective,negative,brown,0.4932,nonmatch,0.5462,0,0.5518,0.6875,77.24607339807793
175,752,24,22,3,valence_classification,color_matching,matching,match_right,ZYYZ,adjective,positive,brown,✲✲einfall✲✲✲,noun,positive,brown,0.4932,nonmatch,0.7858,1,0.551,0.6867,77.14125500446335
175,753,25,22,3,valence_classification,color_matching,matching,match_right,ZYYZ,adjective,positive,brown,✲entführung✲,noun,negative,brown,0.4932,match,0.604,0,0.5533,0.689,77.45758442379451
175,754,26,22,3,valence_classification,color_matching,matching,match_right,XVVX,noun,positive,blue,✲✲✲lustig✲✲✲,adjective,positive,blue,0.4932,nonmatch,0.4675,1,0.5525,0.6883,77.35512432462441
175,755,27,22,3,valence_classification,color_matching,matching,match_right,XVVX,noun,positive,blue,✲✲launisch✲✲,adjective,negative,blue,0.4932,match,0.7754,0,0.5548,0.6905,77.67541667827754
175,756,28,22,3,valence_classification,color_matching,matching,match_right,ZYYZ,adjective,positive,blue,✲✲✲glück✲✲✲✲,noun,positive,brown,0.4932,nonmatch,0.7338,0,0.554,0.6898,77.56650801771193
175,757,29,22,3,valence_classification,color_matching,matching,match_right,MQQM,noun,negative,blue,✲✲✲lustig✲✲✲,adjective,positive,brown,0.4962,nonmatch,0.6327,0,0.5533,0.689,77.45791670441058
175,758,30,22,3,valence_classification,color_matching,matching,match_right,WJJW,adjective,negative,blue,✲✲✲✲spaß✲✲✲✲,noun,positive,blue,0.4932,match,0.5785,0,0.5526,0.6883,77.35851799781531
175,759,31,22,3,valence_classification,color_matching,matching,match_right,WJJW,adjective,negative,brown,✲✲ehrlich✲✲✲,adjective,positive,blue,0.4932,nonmatch,0.5485,0,0.5519,0.6876,77.25988343710053
175,760,32,22,3,valence_classification,color_matching,matching,match_right,ZYYZ,adjective,positive,blue,✲✲✲gütig✲✲✲✲,adjective,positive,brown,0.4932,nonmatch,0.5826,0,0.5512,0.6869,77.16153007845213
175,761,33,22,3,valence_classification,color_matching,matching,match_right,ZYYZ,adjective,positive,blue,✲✲✲eitel✲✲✲✲,adjective,negative,brown,0.4932,nonmatch,0.5542,0,0.5504,0.6862,77.06298077512126
175,762,34,22,3,valence_classification,color_matching,matching,match_right,WJJW,adjective,negative,brown,✲✲schlecht✲✲,adjective,negative,blue,0.4932,nonmatch,0.5562,0,0.5497,0.6855,76.96430029287617
175,763,35,22,3,valence_classification,color_matching,matching,match_right,ZYYZ,adjective,positive,brown,✲✲launisch✲✲,adjective,negative,blue,0.4932,nonmatch,0.749,0,0.549,0.6847,76.8643655102027
175,764,36,22,3,valence_classification,color_matching,matching,match_right,MQQM,noun,negative,brown,✲✲✲schön✲✲✲✲,adjective,positive,blue,0.4932,nonmatch,0.6566,0,0.5483,0.684,76.76269365472456
175,765,37,22,3,valence_classification,color_matching,matching,match_right,MQQM,noun,negative,brown,✲entführung✲,noun,negative,brown,0.4932,match,0.5897,0,0.5476,0.6833,76.66417125809726
175,766,38,22,3,valence_classification,color_matching,matching,match_right,WJJW,adjective,negative,blue,✲✲schleim✲✲✲,noun,negative,blue,0.4932,match,0.57,0,0.5469,0.6827,76.57180799688129
175,767,39,22,3,valence_classification,color_matching,matching,match_right,ZYYZ,adjective,positive,blue,✲✲schlecht✲✲,adjective,negative,blue,0.4932,match,0.5176,0,0.5463,0.682,76.47999323035603
175,768,40,22,3,valence_classification,color_matching,matching,match_right,MQQM,noun,negative,blue,✲✲schleim✲✲✲,noun,negative,brown,0.4932,nonmatch,0.7259,0,0.5456,0.6813,76.38830338700429
175,769,41,22,3,valence_classification,color_matching,matching,match_right,ZYYZ,adjective,positive,blue,✲✲✲lustig✲✲✲,adjective,positive,blue,0.4932,match,0.5247,0,0.545,0.6807,76.29631779656138
175,770,42,22,3,valence_classification,color_matching,matching,match_right,ZYYZ,adjective,positive,brown,✲✲✲schön✲✲✲✲,adjective,positive,brown,0.4932,nonmatch,0.4341,1,0.5443,0.68,76.20411552810202
175,771,43,22,3,valence_classification,color_matching,matching,match_right,MQQM,noun,negative,blue,✲✲✲✲spaß✲✲✲✲,noun,positive,brown,0.4932,nonmatch,0.5118,0,0.5462,0.6819,76.46554838105328
175,772,44,22,3,valence_classification,color_matching,matching,match_right,ZYYZ,adjective,positive,blue,✲✲✲✲gift✲✲✲✲,noun,negative,brown,0.4932,nonmatch,0.7491,0,0.5455,0.6813,76.37620471951189
175,773,45,22,3,valence_classification,color_matching,matching,match_right,WJJW,adjective,negative,blue,✲✲✲schön✲✲✲✲,adjective,positive,blue,0.4962,match,0.6068,0,0.5449,0.6806,76.28653708988486
175,774,46,22,3,valence_classification,color_matching,matching,match_right,MQQM,noun,negative,brown,✲✲✲✲gift✲✲✲✲,noun,negative,blue,0.4932,nonmatch,0.597,0,0.5443,0.68,76.19663367600141
175,775,47,22,3,valence_classification,color_matching,matching,match_right,MQQM,noun,negative,brown,✲✲✲gierig✲✲✲,adjective,negative,brown,0.4932,match,0.5897,0,0.5436,0.6793,76.10551576255975
175,776,48,22,3,valence_classification,color_matching,matching,match_right,WJJW,adjective,negative,brown,✲✲✲✲gift✲✲✲✲,noun,negative,brown,0.5042,match,0.7267,0,0.5429,0.6787,76.01277370883437
175,777,49,22,3,valence_classification,color_matching,matching,match_right,MQQM,noun,negative,blue,✲✲✲glück✲✲✲✲,noun,positive,blue,0.4932,match,0.6002,0,0.5423,0.678,75.9208131174027
175,778,50,22,3,valence_classification,color_matching,matching,match_right,XVVX,noun,positive,brown,✲✲✲glück✲✲✲✲,noun,positive,brown,0.4932,match,0.6427,0,0.5417,0.6774,75.83600559956598
175,779,51,22,3,valence_classification,color_matching,matching,match_right,MQQM,noun,negative,blue,✲✲✲leiche✲✲✲,noun,negative,blue,0.4932,match,0.7013,0,0.5411,0.6768,75.75175387854907
175,780,52,22,3,valence_classification,color_matching,matching,match_right,XVVX,noun,positive,brown,✲✲✲✲gift✲✲✲✲,noun,negative,blue,0.4932,nonmatch,0.7631,0,0.5405,0.6762,75.66769638700363
175,781,53,22,3,valence_classification,color_matching,matching,match_right,WJJW,adjective,negative,brown,✲✲launisch✲✲,adjective,negative,brown,0.4932,match,0.5392,0,0.5399,0.6756,75.58347402411073
175,782,54,22,3,valence_classification,color_matching,matching,match_right,XVVX,noun,positive,blue,✲✲schleim✲✲✲,noun,negative,brown,0.5173,nonmatch,0.6277,0,0.5393,0.675,75.49872714141962
175,783,55,22,3,valence_classification,color_matching,matching,match_right,ZYYZ,adjective,positive,brown,✲✲schleim✲✲✲,noun,negative,blue,0.4932,nonmatch,0.5642,0,0.5387,0.6744,75.41353491534929
175,784,56,22,3,valence_classification,color_matching,matching,match_right,XVVX,noun,positive,blue,✲✲✲gierig✲✲✲,adjective,negative,brown,0.4932,nonmatch,0.6542,0,0.5381,0.6738,75.32700946360208
175,785,57,22,3,valence_classification,color_matching,matching,match_right,MQQM,noun,negative,blue,✲✲✲eitel✲✲✲✲,adjective,negative,blue,0.4932,match,0.6255,0,0.5374,0.6731,75.23877366785993
175,786,58,22,3,valence_classification,color_matching,matching,match_right,WJJW,adjective,negative,blue,✲✲✲leiche✲✲✲,noun,negative,brown,0.4932,nonmatch,0.6185,0,0.5368,0.6725,75.1527742146624
175,787,59,22,3,valence_classification,color_matching,matching,match_right,XVVX,noun,positive,brown,✲✲schlecht✲✲,adjective,negative,blue,0.4967,nonmatch,0.6055,0,0.5362,0.6719,75.07210794787157
175,788,60,22,3,valence_classification,color_matching,matching,match_right,XVVX,noun,positive,brown,✲✲✲✲spaß✲✲✲✲,noun,positive,blue,0.4932,nonmatch,0.6256,0,0.5357,0.6714,74.99185806726048
175,789,61,22,3,valence_classification,color_matching,matching,match_right,MQQM,noun,negative,brown,✲✲launisch✲✲,adjective,negative,blue,0.4932,nonmatch,0.6183,0,0.5351,0.6708,74.91169309807657
175,790,62,22,3,valence_classification,color_matching,matching,match_right,ZYYZ,adjective,positive,brown,✲✲✲gierig✲✲✲,adjective,negative,brown,0.4932,match,0.6565,0,0.5345,0.6702,74.83128237718134
175,791,63,22,3,valence_classification,color_matching,matching,match_right,ZYYZ,adjective,positive,blue,✲✲✲leiche✲✲✲,noun,negative,blue,0.4932,match,0.6184,0,0.5339,0.6696,74.75029338483597
175,792,64,22,3,valence_classification,color_matching,matching,match_right,ZYYZ,adjective,positive,brown,✲✲ehrlich✲✲✲,adjective,positive,blue,0.4932,nonmatch,0.5986,0,0.5333,0.6691,74.66880688152874
175,857,1,24,5,valence_classification,color_matching,matching,match_right,ZYYZ,adjective,positive,blue,✲✲✲leiche✲✲✲,noun,negative,brown,0.4932,match,0.4481,1,0.5333,0.6691,74.66880688152874
175,858,2,24,5,valence_classification,color_matching,matching,match_right,MQQM,noun,negative,brown,✲✲✲✲gift✲✲✲✲,noun,negative,brown,0.4977,nonmatch,0.3603,1,0.535,0.6707,74.90047195657732
175,859,3,24,5,valence_classification,color_matching,matching,match_right,WJJW,adjective,negative,blue,✲✲einfall✲✲✲,noun,positive,blue,0.4932,nonmatch,0.2777,1,0.5367,0.6724,75.1366557538143
175,860,4,24,5,valence_classification,color_matching,matching,match_right,ZYYZ,adjective,positive,brown,✲✲schleim✲✲✲,noun,negative,brown,0.4932,nonmatch,0.3119,1,0.5384,0.6741,75.38028269184544
175,861,5,24,5,valence_classification,color_matching,matching,match_right,WJJW,adjective,negative,brown,✲✲✲lustig✲✲✲,adjective,positive,brown,0.4937,nonmatch,0.3682,1,0.5401,0.6758,75.60832321521568
175,862,6,24,5,valence_classification,color_matching,matching,match_right,WJJW,adjective,negative,blue,✲entführung✲,noun,negative,blue,0.4932,nonmatch,0.235,1,0.5417,0.6774,75.84073278747451
175,863,7,24,5,valence_classification,color_matching,matching,match_right,WJJW,adjective,negative,brown,✲✲schleim✲✲✲,noun,negative,blue,0.4932,nonmatch,0.3031,0,0.5434,0.6791,76.07881633501452
175,864,8,24,5,valence_classification,color_matching,matching,match_right,ZYYZ,adjective,positive,brown,✲entführung✲,noun,negative,blue,0.4932,nonmatch,0.2466,0,0.5428,0.6785,75.99639751590654
175,865,9,24,5,valence_classification,color_matching,matching,match_right,MQQM,noun,negative,blue,✲✲ehrlich✲✲✲,adjective,positive,blue,0.4932,nonmatch,0.196,1,0.5423,0.678,75.9159613208412
175,866,10,24,5,valence_classification,color_matching,matching,match_right,MQQM,noun,negative,blue,✲entführung✲,noun,negative,blue,0.4932,match,0.3129,0,0.544,0.6797,76.1537523333231
175,867,11,24,5,valence_classification,color_matching,matching,match_right,ZYYZ,adjective,positive,blue,✲✲✲✲gift✲✲✲✲,noun,negative,blue,0.4932,match,0.2101,0,0.5434,0.6791,76.07440416129846
175,868,12,24,5,valence_classification,color_matching,matching,match_right,WJJW,adjective,negative,blue,✲✲✲gütig✲✲✲✲,adjective,positive,blue,0.4932,match,0.1905,0,0.5428,0.6785,75.99361706408682
175,869,13,24,5,valence_classification,color_matching,matching,match_right,MQQM,noun,negative,blue,✲✲✲✲spaß✲✲✲✲,noun,positive,blue,0.4932,match,0.1921,0,0.5423,0.678,75.91503786730279
175,870,14,24,5,valence_classification,color_matching,matching,match_right,ZYYZ,adjective,positive,brown,✲✲launisch✲✲,adjective,negative,blue,0.4932,nonmatch,0.2641,0,0.5417,0.6774,75.84239868139782
175,871,15,24,5,valence_classification,color_matching,matching,match_right,ZYYZ,adjective,positive,brown,✲✲✲eitel✲✲✲✲,adjective,negative,brown,0.4932,nonmatch,0.2322,1,0.5412,0.6769,75.77034563978827
175,872,16,24,5,valence_classification,color_matching,matching,match_right,XVVX,noun,positive,brown,✲✲✲leiche✲✲✲,noun,negative,brown,0.4932,match,0.4401,0,0.5428,0.6785,75.99077901720862
175,873,17,24,5,valence_classification,color_matching,matching,match_right,XVVX,noun,positive,blue,✲✲✲✲spaß✲✲✲✲,noun,positive,blue,0.4932,match,0.3414,0,0.5422,0.678,75.9140000932538
175,874,18,24,5,valence_classification,color_matching,matching,match_right,MQQM,noun,negative,blue,✲✲schleim✲✲✲,noun,negative,brown,0.4932,match,0.3069,1,0.5417,0.6774,75.84293788976557
175,875,19,24,5,valence_classification,color_matching,matching,match_right,XVVX,noun,positive,brown,✲✲einfall✲✲✲,noun,positive,brown,0.4932,match,0.16,0,0.5433,0.679,76.06563653640714
175,876,20,24,5,valence_classification,color_matching,matching,match_right,XVVX,noun,positive,brown,✲✲✲liebe✲✲✲✲,noun,positive,blue,0.4932,nonmatch,0.3824,0,0.5428,0.6785,75.9878957236057
175,877,21,24,5,valence_classification,color_matching,matching,match_right,XVVX,noun,positive,blue,✲✲✲gütig✲✲✲✲,adjective,positive,blue,0.4933,match,0.3968,0,0.5422,0.6779,75.9128642166248
175,878,22,24,5,valence_classification,color_matching,matching,match_right,ZYYZ,adjective,positive,blue,✲✲einfall✲✲✲,noun,positive,brown,0.4932,nonmatch,0.4342,0,0.5417,0.6775,75.84331070478862
175,879,23,24,5,valence_classification,color_matching,matching,match_right,XVVX,noun,positive,blue,✲entführung✲,noun,negative,brown,0.4932,nonmatch,0.4747,0,0.5412,0.677,75.7743391751593
175,880,24,24,5,valence_classification,color_matching,matching,match_right,ZYYZ,adjective,positive,blue,✲✲schlecht✲✲,adjective,negative,brown,0.4962,nonmatch,0.4073,0,0.5408,0.6765,75.70570562802797
175,881,25,24,5,valence_classification,color_matching,matching,match_right,WJJW,adjective,negative,brown,✲✲✲schön✲✲✲✲,adjective,positive,blue,0.4932,nonmatch,0.5274,0,0.5403,0.676,75.63716929022412
175,882,26,24,5,valence_classification,color_matching,matching,match_right,MQQM,noun,negative,blue,✲✲einfall✲✲✲,noun,positive,brown,0.4932,nonmatch,0.4765,0,0.5398,0.6755,75.56849094698413
175,883,27,24,5,valence_classification,color_matching,matching,match_right,XVVX,noun,positive,blue,✲✲✲schön✲✲✲✲,adjective,positive,brown,0.4933,nonmatch,0.3469,0,0.5393,0.675,75.49943130792242
175,884,28,24,5,valence_classification,color_matching,matching,match_right,MQQM,noun,negative,brown,✲✲✲glück✲✲✲✲,noun,positive,blue,0.4932,nonmatch,0.3674,0,0.5388,0.6745,75.43013887108414
175,885,29,24,5,valence_classification,color_matching,matching,match_right,MQQM,noun,negative,blue,✲✲launisch✲✲,adjective,negative,blue,0.4932,match,0.8067,0,0.5383,0.674,75.35993159170654
175,886,30,24,5,valence_classification,color_matching,matching,match_right,XVVX,noun,positive,blue,✲✲✲eitel✲✲✲✲,adjective,negative,blue,0.4932,match,0.8321,0,0.5378,0.6735,75.28856261517059
175,887,31,24,5,valence_classification,color_matching,matching,match_right,XVVX,noun,positive,brown,✲✲schlecht✲✲,adjective,negative,brown,0.4974,nonmatch,0.3604,1,0.5373,0.673,75.21577781522242
175,888,32,24,5,valence_classification,color_matching,matching,match_right,ZYYZ,adjective,positive,brown,✲✲✲glück✲✲✲✲,noun,positive,brown,0.4932,nonmatch,0.6052,1,0.5387,0.6745,75.42403196166083
175,889,33,24,5,valence_classification,color_matching,matching,match_right,WJJW,adjective,negative,brown,✲✲✲✲gift✲✲✲✲,noun,negative,brown,0.4932,match,1.3532,0,0.5401,0.6758,75.61695410953867
175,890,34,24,5,valence_classification,color_matching,matching,match_right,MQQM,noun,negative,brown,✲✲✲liebe✲✲✲✲,noun,positive,brown,0.4932,match,0.7285,0,0.5396,0.6754,75.55076158114422
175,891,35,24,5,valence_classification,color_matching,matching,match_right,XVVX,noun,positive,blue,✲✲✲gierig✲✲✲,adjective,negative,brown,0.4946,nonmatch,0.4484,0,0.5392,0.6749,75.4845520619308
175,892,36,24,5,valence_classification,color_matching,matching,match_right,MQQM,noun,negative,blue,✲✲✲gütig✲✲✲✲,adjective,positive,brown,0.4932,nonmatch,0.5705,0,0.5387,0.6744,75.41765867241747
175,893,37,24,5,valence_classification,color_matching,matching,match_right,MQQM,noun,negative,brown,✲✲schlecht✲✲,adjective,negative,blue,0.4932,nonmatch,0.7165,0,0.5382,0.6739,75.34985673450021
175,894,38,24,5,valence_classification,color_matching,matching,match_right,XVVX,noun,positive,brown,✲✲✲✲gift✲✲✲✲,noun,negative,blue,0.4946,nonmatch,0.4253,0,0.5377,0.6734,75.28091622174881
175,895,39,24,5,valence_classification,color_matching,matching,match_right,MQQM,noun,negative,brown,✲✲✲schön✲✲✲✲,adjective,positive,blue,0.4932,nonmatch,0.2914,0,0.5372,0.6729,75.21060028565589
175,896,40,24,5,valence_classification,color_matching,matching,match_right,WJJW,adjective,negative,brown,✲✲✲eitel✲✲✲✲,adjective,negative,brown,0.4932,nonmatch,0.3032,1,0.5368,0.6725,75.14510136189452
175,897,41,24,5,valence_classification,color_matching,matching,match_right,ZYYZ,adjective,positive,blue,✲✲✲gierig✲✲✲,adjective,negative,blue,0.4932,nonmatch,0.339,1,0.5382,0.6739,75.34509305177953
175,898,42,24,5,valence_classification,color_matching,matching,match_right,XVVX,noun,positive,brown,✲✲✲lustig✲✲✲,adjective,positive,blue,0.4932,nonmatch,0.7839,0,0.5395,0.6752,75.5347021545802
175,899,43,24,5,valence_classification,color_matching,matching,match_right,ZYYZ,adjective,positive,brown,✲✲✲✲spaß✲✲✲✲,noun,positive,blue,0.4932,nonmatch,0.6541,0,0.5391,0.6748,75.4706943731392
175,900,44,24,5,valence_classification,color_matching,matching,match_right,WJJW,adjective,negative,blue,✲✲✲leiche✲✲✲,noun,negative,brown,0.4932,nonmatch,0.6254,0,0.5386,0.6743,75.40599428631734
175,901,45,24,5,valence_classification,color_matching,matching,match_right,MQQM,noun,negative,brown,✲✲✲eitel✲✲✲✲,adjective,negative,brown,0.4932,match,0.5826,0,0.5381,0.6739,75.34039181198943
175,902,46,24,5,valence_classification,color_matching,matching,match_right,MQQM,noun,negative,blue,✲✲✲gierig✲✲✲,adjective,negative,brown,0.4962,nonmatch,0.6126,0,0.5377,0.6734,75.27367176595722
175,903,47,24,5,valence_classification,color_matching,matching,match_right,XVVX,noun,positive,brown,✲✲launisch✲✲,adjective,negative,blue,0.4932,nonmatch,0.5397,0,0.5372,0.6729,75.20561253245447
175,904,48,24,5,valence_classification,color_matching,matching,match_right,ZYYZ,adjective,positive,blue,✲✲✲schön✲✲✲✲,adjective,positive,brown,0.4932,nonmatch,0.4032,0,0.5367,0.6724,75.14294763486959
175,905,49,24,5,valence_classification,color_matching,matching,match_right,WJJW,adjective,negative,blue,✲✲✲gierig✲✲✲,adjective,negative,blue,0.4932,nonmatch,0.533,1,0.5363,0.672,75.08292124018233
175,906,50,24,5,valence_classification,color_matching,matching,match_right,MQQM,noun,negative,brown,✲✲✲leiche✲✲✲,noun,negative,blue,0.4932,match,0.6885,1,0.5376,0.6734,75.2700812725942
175,907,51,24,5,valence_classification,color_matching,matching,match_right,WJJW,adjective,negative,blue,✲✲ehrlich✲✲✲,adjective,positive,brown,0.4932,nonmatch,0.6786,0,0.539,0.6747,75.45741223952685
175,908,52,24,5,valence_classification,color_matching,matching,match_right,ZYYZ,adjective,positive,blue,✲✲✲liebe✲✲✲✲,noun,positive,blue,0.4932,match,0.7417,0,0.5385,0.6742,75.39474432153673
175,909,53,24,5,valence_classification,color_matching,matching,match_right,WJJW,adjective,negative,blue,✲✲✲glück✲✲✲✲,noun,positive,brown,0.4932,nonmatch,0.6469,0,0.5381,0.6738,75.3311794500233
175,910,54,24,5,valence_classification,color_matching,matching,match_right,WJJW,adjective,negative,brown,✲✲launisch✲✲,adjective,negative,blue,0.4932,nonmatch,0.6255,0,0.5376,0.6733,75.26651572891316
175,911,55,24,5,valence_classification,color_matching,matching,match_right,WJJW,adjective,negative,brown,✲✲✲liebe✲✲✲✲,noun,positive,brown,0.4932,match,0.5969,0,0.5371,0.6729,75.20054517207416
175,912,56,24,5,valence_classification,color_matching,matching,match_right,XVVX,noun,positive,blue,✲✲✲glück✲✲✲✲,noun,positive,brown,0.4932,nonmatch,0.6,0,0.5367,0.6724,75.14059264367361
175,913,57,24,5,valence_classification,color_matching,matching,match_right,ZYYZ,adjective,positive,brown,✲✲✲gütig✲✲✲✲,adjective,positive,blue,0.4932,nonmatch,0.6819,0,0.5363,0.672,75.08271192886752
175,914,58,24,5,valence_classification,color_matching,matching,match_right,XVVX,noun,positive,brown,✲✲ehrlich✲✲✲,adjective,positive,brown,0.4932,nonmatch,0.4555,1,0.5359,0.6716,75.02530248070634
175,915,59,24,5,valence_classification,color_matching,matching,match_right,MQQM,noun,negative,brown,✲✲✲lustig✲✲✲,adjective,positive,brown,0.4932,match,0.5612,0,0.5371,0.6728,75.19799396005918
175,916,60,24,5,valence_classification,color_matching,matching,match_right,ZYYZ,adjective,positive,brown,✲✲✲lustig✲✲✲,adjective,positive,brown,0.5042,match,0.5245,0,0.5367,0.6724,75.13935633856711
175,917,61,24,5,valence_classification,color_matching,matching,match_right,ZYYZ,adjective,positive,blue,✲✲ehrlich✲✲✲,adjective,positive,blue,0.4932,nonmatch,0.5105,1,0.5363,0.672,75.08249170859762
175,918,62,24,5,valence_classification,color_matching,matching,match_right,XVVX,noun,positive,blue,✲✲schleim✲✲✲,noun,negative,blue,0.4932,match,0.6327,0,0.5376,0.6733,75.25946808251861
175,919,63,24,5,valence_classification,color_matching,matching,match_right,WJJW,adjective,negative,blue,✲✲schlecht✲✲,adjective,negative,brown,0.4932,nonmatch,0.6541,0,0.5371,0.6728,75.19543640583368
175,920,64,24,5,valence_classification,color_matching,matching,match_right,WJJW,adjective,negative,brown,✲✲✲✲spaß✲✲✲✲,noun,positive,blue,0.4932,nonmatch,0.5844,0,0.5367,0.6724,75.1380882342136
175,921,1,25,6,valence_classification,color_matching,matching,match_right,ZYYZ,adjective,positive,blue,✲✲✲lustig✲✲✲,adjective,positive,blue,0.4932,nonmatch,0.3924,1,0.5363,0.672,75.08220458132587
175,922,2,25,6,valence_classification,color_matching,matching,match_right,XVVX,noun,positive,blue,✲✲✲schön✲✲✲✲,adjective,positive,blue,0.4932,match,0.421,0,0.5375,0.6733,75.25598933670419
175,923,3,25,6,valence_classification,color_matching,matching,match_right,ZYYZ,adjective,positive,blue,✲✲✲glück✲✲✲✲,noun,positive,blue,0.4963,match,0.5193,0,0.5371,0.6728,75.1928758879153
175,924,4,25,6,valence_classification,color_matching,matching,match_right,MQQM,noun,negative,brown,✲✲✲lustig✲✲✲,adjective,positive,blue,0.4932,nonmatch,0.7152,0,0.5367,0.6724,75.13679311688581
175,925,5,25,6,valence_classification,color_matching,matching,match_right,MQQM,noun,negative,brown,✲✲✲glück✲✲✲✲,noun,positive,blue,0.4932,nonmatch,0.5397,0,0.5363,0.672,75.08185718958339
175,926,6,25,6,valence_classification,color_matching,matching,match_right,MQQM,noun,negative,brown,✲✲✲gütig✲✲✲✲,adjective,positive,brown,0.4961,match,0.6081,0,0.5359,0.6716,75.02737990438719
175,927,7,25,6,valence_classification,color_matching,matching,match_right,WJJW,adjective,negative,blue,✲✲✲gierig✲✲✲,adjective,negative,brown,0.4932,nonmatch,0.525,0,0.5355,0.6712,74.97320619983893
175,928,8,25,6,valence_classification,color_matching,matching,match_right,WJJW,adjective,negative,brown,✲✲ehrlich✲✲✲,adjective,positive,brown,0.4932,nonmatch,0.6684,1,0.5351,0.6709,74.91918312732692
175,929,9,25,6,valence_classification,color_matching,matching,match_right,MQQM,noun,negative,blue,✲✲✲schön✲✲✲✲,adjective,positive,brown,0.4932,match,0.5047,1,0.5363,0.672,75.08145551371092
175,930,10,25,6,valence_classification,color_matching,matching,match_right,WJJW,adjective,negative,brown,✲✲launisch✲✲,adjective,negative,blue,0.4936,nonmatch,0.7714,0,0.5375,0.6732,75.24912810214556
175,931,11,25,6,valence_classification,color_matching,matching,match_right,XVVX,noun,positive,blue,✲✲✲lustig✲✲✲,adjective,positive,brown,0.4932,nonmatch,0.7029,0,0.5371,0.6728,75.18786907621978
175,932,12,25,6,valence_classification,color_matching,matching,match_right,ZYYZ,adjective,positive,blue,✲✲launisch✲✲,adjective,negative,brown,0.4932,nonmatch,0.4431,0,0.5367,0.6724,75.1341384131014
175,933,13,25,6,valence_classification,color_matching,matching,match_right,XVVX,noun,positive,brown,✲✲✲✲spaß✲✲✲✲,noun,positive,brown,0.4932,nonmatch,0.7404,1,0.5363,0.672,75.08100494630331
175,934,14,25,6,valence_classification,color_matching,matching,match_right,XVVX,noun,positive,brown,✲✲schleim✲✲✲,noun,negative,brown,0.4932,match,0.396,0,0.5375,0.6732,75.24574731021261
175,935,15,25,6,valence_classification,color_matching,matching,match_right,XVVX,noun,positive,blue,✲✲✲leiche✲✲✲,noun,negative,blue,0.4932,nonmatch,0.6256,1,0.537,0.6728,75.18564921427267
175,936,16,25,6,valence_classification,color_matching,matching,match_right,MQQM,noun,negative,brown,✲✲schleim✲✲✲,noun,negative,blue,0.4932,nonmatch,0.6206,0,0.5383,0.674,75.35840912536824
175,937,17,25,6,valence_classification,color_matching,matching,match_right,ZYYZ,adjective,positive,blue,✲✲✲liebe✲✲✲✲,noun,positive,brown,0.4932,nonmatch,0.7892,0,0.5379,0.6736,75.3009276432011
175,938,18,25,6,valence_classification,color_matching,matching,match_right,XVVX,noun,positive,blue,✲✲✲gierig✲✲✲,adjective,negative,brown,0.4962,nonmatch,0.751,0,0.5374,0.6732,75.24240053099838
175,939,19,25,6,valence_classification,color_matching,matching,match_right,WJJW,adjective,negative,brown,✲✲✲lustig✲✲✲,adjective,positive,blue,0.4932,match,0.6922,1,0.537,0.6727,75.1834439467959
175,940,20,25,6,valence_classification,color_matching,matching,match_right,ZYYZ,adjective,positive,brown,✲✲✲✲spaß✲✲✲✲,noun,positive,blue,0.4932,nonmatch,0.8065,0,0.5382,0.674,75.35357624983602
175,941,21,25,6,valence_classification,color_matching,matching,match_right,WJJW,adjective,negative,brown,✲✲✲leiche✲✲✲,noun,negative,brown,0.4932,nonmatch,0.4318,1,0.5378,0.6735,75.29685177547069
175,942,22,25,6,valence_classification,color_matching,matching,match_right,XVVX,noun,positive,brown,✲✲ehrlich✲✲✲,adjective,positive,brown,0.4932,nonmatch,0.321,1,0.539,0.6747,75.45833211973014
175,943,23,25,6,valence_classification,color_matching,matching,match_right,XVVX,noun,positive,brown,✲✲✲eitel✲✲✲✲,adjective,negative,brown,0.4932,nonmatch,0.1852,1,0.5401,0.6758,75.61036988271033
175,944,24,25,6,valence_classification,color_matching,matching,match_right,ZYYZ,adjective,positive,brown,✲✲✲gütig✲✲✲✲,adjective,positive,blue,0.4932,match,0.4774,1,0.5412,0.6769,75.76869286365688
175,945,25,25,6,valence_classification,color_matching,matching,match_right,XVVX,noun,positive,brown,✲✲✲gütig✲✲✲✲,adjective,positive,blue,0.4932,match,0.5704,1,0.5423,0.678,75.92459057826389
175,946,26,25,6,valence_classification,color_matching,matching,match_right,MQQM,noun,negative,blue,✲✲ehrlich✲✲✲,adjective,positive,blue,0.4932,match,0.5718,0,0.5435,0.6793,76.09596977886645
175,947,27,25,6,valence_classification,color_matching,matching,match_right,WJJW,adjective,negative,brown,✲✲schleim✲✲✲,noun,negative,blue,0.4932,nonmatch,0.6255,0,0.5431,0.6788,76.03804111412913
175,948,28,25,6,valence_classification,color_matching,matching,match_right,ZYYZ,adjective,positive,brown,✲✲einfall✲✲✲,noun,positive,brown,0.4932,match,0.593,0,0.5427,0.6784,75.97904727178833
175,949,29,25,6,valence_classification,color_matching,matching,match_right,WJJW,adjective,negative,blue,✲✲✲schön✲✲✲✲,adjective,positive,blue,0.4932,match,0.7039,0,0.5423,0.678,75.9224150280118
175,950,30,25,6,valence_classification,color_matching,matching,match_right,XVVX,noun,positive,brown,✲✲✲glück✲✲✲✲,noun,positive,blue,0.4932,nonmatch,0.554,0,0.5419,0.6776,75.87084319047658
175,951,31,25,6,valence_classification,color_matching,matching,match_right,MQQM,noun,negative,blue,✲✲✲✲gift✲✲✲✲,noun,negative,brown,0.4932,nonmatch,0.612,0,0.5416,0.6773,75.8198383960733
175,952,32,25,6,valence_classification,color_matching,matching,match_right,XVVX,noun,positive,blue,✲✲einfall✲✲✲,noun,positive,brown,0.4932,nonmatch,0.634,0,0.5412,0.6769,75.76926459701593
175,953,33,25,6,valence_classification,color_matching,matching,match_right,ZYYZ,adjective,positive,blue,✲✲✲schön✲✲✲✲,adjective,positive,brown,0.4933,nonmatch,0.5033,0,0.5408,0.6766,75.71898850518163
175,954,34,25,6,valence_classification,color_matching,matching,match_right,MQQM,noun,negative,blue,✲entführung✲,noun,negative,blue,0.4932,nonmatch,0.3906,1,0.5405,0.6762,75.66887889073746
175,955,35,25,6,valence_classification,color_matching,matching,match_right,XVVX,noun,positive,blue,✲entführung✲,noun,negative,brown,0.4932,nonmatch,0.1743,0,0.5416,0.6773,75.81926536069227
175,956,36,25,6,valence_classification,color_matching,matching,match_right,ZYYZ,adjective,positive,brown,✲✲✲✲gift✲✲✲✲,noun,negative,brown,0.5567,nonmatch,0.5327,1,0.5412,0.6769,75.76947069523206
175,957,37,25,6,valence_classification,color_matching,matching,match_right,XVVX,noun,positive,brown,✲✲launisch✲✲,adjective,negative,blue,0.4932,nonmatch,0.2617,0,0.5423,0.678,75.91813086530189
175,958,38,25,6,valence_classification,color_matching,matching,match_right,MQQM,noun,negative,blue,✲✲✲gierig✲✲✲,adjective,negative,blue,0.4936,nonmatch,0.0774,1,0.5419,0.6776,75.86812582848772
175,958,38,25,6,valence_classification,color_matching,matching,match_right,MQQM,noun,negative,blue,✲✲✲gierig✲✲✲,adjective,negative,blue,0.4936,nonmatch,0.3234,1,0.5419,0.6776,75.86812582848772
175,959,39,25,6,valence_classification,color_matching,matching,match_right,ZYYZ,adjective,positive,blue,✲✲schleim✲✲✲,noun,negative,brown,0.4932,nonmatch,0.3144,0,0.543,0.6788,76.02599666657352
175,960,40,25,6,valence_classification,color_matching,matching,match_right,ZYYZ,adjective,positive,brown,✲✲ehrlich✲✲✲,adjective,positive,brown,0.4932,nonmatch,0.1607,1,0.5426,0.6784,75.96919203038314
175,961,41,25,6,valence_classification,color_matching,matching,match_right,XVVX,noun,positive,brown,✲✲✲✲gift✲✲✲✲,noun,negative,blue,0.4932,nonmatch,0.1129,0,0.5438,0.6795,76.13136118218193
175,962,42,25,6,valence_classification,color_matching,matching,match_right,WJJW,adjective,negative,brown,✲✲✲✲spaß✲✲✲✲,noun,positive,blue,0.4932,nonmatch,0.1264,0,0.5434,0.6791,76.07718119986582
175,963,43,25,6,valence_classification,color_matching,matching,match_right,ZYYZ,adjective,positive,blue,✲✲✲leiche✲✲✲,noun,negative,blue,0.4932,nonmatch,0.1924,1,0.543,0.6787,76.02210575278333
175,963,43,25,6,valence_classification,color_matching,matching,match_right,ZYYZ,adjective,positive,blue,✲✲✲leiche✲✲✲,noun,negative,blue,0.4932,nonmatch,0.4884,1,0.543,0.6787,76.02210575278333
175,964,44,25,6,valence_classification,color_matching,matching,match_right,WJJW,adjective,negative,brown,✲✲✲glück✲✲✲✲,noun,positive,brown,0.4932,nonmatch,0.0599,1,0.5441,0.6798,76.178980566966
175,964,44,25,6,valence_classification,color_matching,matching,match_right,WJJW,adjective,negative,brown,✲✲✲glück✲✲✲✲,noun,positive,brown,0.4932,nonmatch,0.3566,1,0.5441,0.6798,76.178980566966
175,965,45,25,6,valence_classification,color_matching,matching,match_right,MQQM,noun,negative,blue,✲✲einfall✲✲✲,noun,positive,blue,0.4932,nonmatch,0.1171,1,0.5452,0.6809,76.32647673575828
175,966,46,25,6,valence_classification,color_matching,matching,match_right,MQQM,noun,negative,blue,✲✲schlecht✲✲,adjective,negative,brown,0.4932,nonmatch,0.1139,0,0.5463,0.682,76.47962199561739
175,967,47,25,6,valence_classification,color_matching,matching,match_right,ZYYZ,adjective,positive,blue,✲✲schlecht✲✲,adjective,negative,blue,0.4932,nonmatch,0.186,1,0.5459,0.6816,76.4296290934328
175,968,48,25,6,valence_classification,color_matching,matching,match_right,ZYYZ,adjective,positive,brown,✲entführung✲,noun,negative,blue,0.4932,nonmatch,0.1482,0,0.547,0.6827,76.57957589388867
175,968,48,25,6,valence_classification,color_matching,matching,match_right,ZYYZ,adjective,positive,brown,✲entführung✲,noun,negative,blue,0.4932,nonmatch,0.4371,0,0.547,0.6827,76.57957589388867
175,969,49,25,6,valence_classification,color_matching,matching,match_right,WJJW,adjective,negative,blue,✲✲einfall✲✲✲,noun,positive,blue,0.4932,nonmatch,0.0847,1,0.5466,0.6824,76.52983422199176
175,969,49,25,6,valence_classification,color_matching,matching,match_right,WJJW,adjective,negative,blue,✲✲einfall✲✲✲,noun,positive,blue,0.4932,nonmatch,0.3853,1,0.5466,0.6824,76.52983422199176
175,970,50,25,6,valence_classification,color_matching,matching,match_right,WJJW,adjective,negative,blue,✲✲✲eitel✲✲✲✲,adjective,negative,blue,0.4932,nonmatch,0.1679,1,0.5477,0.6834,76.67826067991224
175,971,51,25,6,valence_classification,color_matching,matching,match_right,XVVX,noun,positive,blue,✲✲✲liebe✲✲✲✲,noun,positive,blue,0.4932,nonmatch,0.203,1,0.5489,0.6846,76.84224183744102
175,971,51,25,6,valence_classification,color_matching,matching,match_right,XVVX,noun,positive,blue,✲✲✲liebe✲✲✲✲,noun,positive,blue,0.4932,nonmatch,0.4998,1,0.5489,0.6846,76.84224183744102
175,972,52,25,6,valence_classification,color_matching,matching,match_right,ZYYZ,adjective,positive,brown,✲✲✲gierig✲✲✲,adjective,negative,blue,0.4933,nonmatch,0.0753,0,0.55,0.6857,76.99929216506936
175,972,52,25,6,valence_classification,color_matching,matching,match_right,ZYYZ,adjective,positive,brown,✲✲✲gierig✲✲✲,adjective,negative,blue,0.4933,nonmatch,0.3642,0,0.55,0.6857,76.99929216506936
175,973,53,25,6,valence_classification,color_matching,matching,match_right,WJJW,adjective,negative,blue,✲✲✲✲gift✲✲✲✲,noun,negative,blue,0.4932,nonmatch,0.0906,1,0.5496,0.6853,76.94601213400087
175,973,53,25,6,valence_classification,color_matching,matching,match_right,WJJW,adjective,negative,blue,✲✲✲✲gift✲✲✲✲,noun,negative,blue,0.4932,nonmatch,0.3795,1,0.5496,0.6853,76.94601213400087
175,974,54,25,6,valence_classification,color_matching,matching,match_right,MQQM,noun,negative,brown,✲✲✲leiche✲✲✲,noun,negative,brown,0.4932,nonmatch,0.0351,1,0.5507,0.6864,77.0966142853017
175,975,55,25,6,valence_classification,color_matching,matching,match_right,XVVX,noun,positive,blue,✲✲schlecht✲✲,adjective,negative,blue,0.4932,nonmatch,0.0671,1,0.5518,0.6875,77.25323463038609
175,975,55,25,6,valence_classification,color_matching,matching,match_right,XVVX,noun,positive,blue,✲✲schlecht✲✲,adjective,negative,blue,0.4932,nonmatch,0.3506,1,0.5518,0.6875,77.25323463038609
175,976,56,25,6,valence_classification,color_matching,matching,match_right,MQQM,noun,negative,brown,✲✲✲✲spaß✲✲✲✲,noun,positive,brown,0.4932,nonmatch,0.0144,1,0.5529,0.6886,77.4070660513216
175,976,56,25,6,valence_classification,color_matching,matching,match_right,MQQM,noun,negative,brown,✲✲✲✲spaß✲✲✲✲,noun,positive,brown,0.4932,nonmatch,0.2961,1,0.5529,0.6886,77.4070660513216
175,977,57,25,6,valence_classification,color_matching,matching,match_right,MQQM,noun,negative,blue,✲✲✲liebe✲✲✲✲,noun,positive,brown,0.4932,nonmatch,0.2315,0,0.5541,0.6898,77.57277884825174
175,977,57,25,6,valence_classification,color_matching,matching,match_right,MQQM,noun,negative,blue,✲✲✲liebe✲✲✲✲,noun,positive,brown,0.4932,nonmatch,0.4996,0,0.5541,0.6898,77.57277884825174
175,978,58,25,6,valence_classification,color_matching,matching,match_right,MQQM,noun,negative,brown,✲✲✲eitel✲✲✲✲,adjective,negative,brown,0.4936,nonmatch,0.2602,1,0.5537,0.6894,77.51341762591035
175,978,58,25,6,valence_classification,color_matching,matching,match_right,MQQM,noun,negative,brown,✲✲✲eitel✲✲✲✲,adjective,negative,brown,0.4936,nonmatch,0.5354,1,0.5537,0.6894,77.51341762591035
175,979,59,25,6,valence_classification,color_matching,matching,match_right,WJJW,adjective,negative,blue,✲✲✲liebe✲✲✲✲,noun,positive,brown,0.4932,nonmatch,0.0313,0,0.5549,0.6906,77.68266717003605
175,979,59,25,6,valence_classification,color_matching,matching,match_right,WJJW,adjective,negative,blue,✲✲✲liebe✲✲✲✲,noun,positive,brown,0.4932,nonmatch,0.328,0,0.5549,0.6906,77.68266717003605
175,980,60,25,6,valence_classification,color_matching,matching,match_right,WJJW,adjective,negative,brown,✲✲schlecht✲✲,adjective,negative,brown,0.4932,nonmatch,0.0312,1,0.5545,0.6902,77.62590838025301
175,980,60,25,6,valence_classification,color_matching,matching,match_right,WJJW,adjective,negative,brown,✲✲schlecht✲✲,adjective,negative,brown,0.4932,nonmatch,0.3135,1,0.5545,0.6902,77.62590838025301
175,981,61,25,6,valence_classification,color_matching,matching,match_right,WJJW,adjective,negative,blue,✲entführung✲,noun,negative,brown,0.4932,nonmatch,1.9491,0,0.5556,0.6913,77.78696238001613
175,982,62,25,6,valence_classification,color_matching,matching,match_right,MQQM,noun,negative,brown,✲✲launisch✲✲,adjective,negative,blue,0.4932,nonmatch,0.572,0,0.5552,0.6909,77.73218279129047
175,983,63,25,6,valence_classification,color_matching,matching,match_right,ZYYZ,adjective,positive,brown,✲✲✲eitel✲✲✲✲,adjective,negative,brown,0.4973,match,0.592,0,0.5548,0.6905,77.67684347225845
175,984,64,25,6,valence_classification,color_matching,matching,match_right,WJJW,adjective,negative,blue,✲✲✲gütig✲✲✲✲,adjective,positive,brown,0.4932,nonmatch,0.6197,0,0.5544,0.6901,77.62079718272861
175,985,1,26,7,valence_classification,color_matching,matching,match_right,XVVX,noun,positive,brown,✲✲einfall✲✲✲,noun,positive,blue,0.4932,nonmatch,0.5754,0,0.554,0.6897,77.56389394200336
175,986,2,26,7,valence_classification,color_matching,matching,match_right,ZYYZ,adjective,positive,brown,✲✲einfall✲✲✲,noun,positive,brown,0.4932,match,0.5859,0,0.5536,0.6893,77.50598028308565
175,987,3,26,7,valence_classification,color_matching,matching,match_right,ZYYZ,adjective,positive,blue,✲✲✲✲spaß✲✲✲✲,noun,positive,blue,0.4932,match,0.6414,0,0.5532,0.6889,77.4516815871024
175,988,4,26,7,valence_classification,color_matching,matching,match_right,WJJW,adjective,negative,blue,✲✲✲glück✲✲✲✲,noun,positive,brown,0.4932,nonmatch,0.5917,0,0.5529,0.6886,77.40184496555239
175,989,5,26,7,valence_classification,color_matching,matching,match_right,ZYYZ,adjective,positive,brown,✲✲✲gütig✲✲✲✲,adjective,positive,brown,0.4932,nonmatch,0.5897,1,0.5525,0.6882,77.3526046995138
175,990,6,26,7,valence_classification,color_matching,matching,match_right,ZYYZ,adjective,positive,blue,✲✲schleim✲✲✲,noun,negative,blue,0.4932,match,0.5105,0,0.5536,0.6893,77.50235174486657
175,991,7,26,7,valence_classification,color_matching,matching,match_right,WJJW,adjective,negative,blue,✲✲schleim✲✲✲,noun,negative,brown,0.4932,nonmatch,0.5248,0,0.5532,0.6889,77.4492517187773
175,992,8,26,7,valence_classification,color_matching,matching,match_right,WJJW,adjective,negative,brown,✲✲schlecht✲✲,adjective,negative,blue,0.4932,nonmatch,0.6541,0,0.5529,0.6886,77.4001456337233
175,993,9,26,7,valence_classification,color_matching,matching,match_right,ZYYZ,adjective,positive,blue,✲✲✲schön✲✲✲✲,adjective,positive,blue,0.4932,match,0.6927,0,0.5525,0.6882,77.35162357837577
175,994,10,26,7,valence_classification,color_matching,matching,match_right,WJJW,adjective,negative,brown,✲✲✲✲spaß✲✲✲✲,noun,positive,brown,0.4932,nonmatch,0.6895,1,0.5522,0.6879,77.30356340187724
175,995,11,26,7,valence_classification,color_matching,matching,match_right,WJJW,adjective,negative,blue,✲✲✲gierig✲✲✲,adjective,negative,brown,0.4932,nonmatch,0.5319,0,0.5532,0.6889,77.44686290143936
175,996,12,26,7,valence_classification,color_matching,matching,match_right,ZYYZ,adjective,positive,blue,✲✲✲glück✲✲✲✲,noun,positive,brown,0.4932,nonmatch,0.5469,0,0.5528,0.6886,77.39846683774654
175,997,13,26,7,valence_classification,color_matching,matching,match_right,XVVX,noun,positive,brown,✲✲ehrlich✲✲✲,adjective,positive,brown,0.4932,match,0.5398,0,0.5525,0.6882,77.35064285785552
175,998,14,26,7,valence_classification,color_matching,matching,match_right,WJJW,adjective,negative,brown,✲✲✲leiche✲✲✲,noun,negative,blue,0.4932,nonmatch,0.5646,0,0.5522,0.6879,77.30327221294466
175,999,15,26,7,valence_classification,color_matching,matching,match_right,XVVX,noun,positive,brown,✲✲schleim✲✲✲,noun,negative,blue,0.4932,nonmatch,0.6327,0,0.5518,0.6875,77.25623896289062
175,1000,16,26,7,valence_classification,color_matching,matching,match_right,MQQM,noun,negative,brown,✲✲✲gierig✲✲✲,adjective,negative,blue,0.4932,nonmatch,0.7794,0,0.5515,0.6872,77.20942940227798
175,1001,17,26,7,valence_classification,color_matching,matching,match_right,XVVX,noun,positive,brown,✲✲launisch✲✲,adjective,negative,blue,0.4932,nonmatch,0.5041,0,0.5512,0.6869,77.16273150920803
175,1002,18,26,7,valence_classification,color_matching,matching,match_right,ZYYZ,adjective,positive,brown,✲entführung✲,noun,negative,brown,0.4932,match,0.5827,0,0.5508,0.6865,77.1160344126642
175,1003,19,26,7,valence_classification,color_matching,matching,match_right,XVVX,noun,positive,blue,✲entführung✲,noun,negative,blue,0.4969,nonmatch,0.4881,1,0.5505,0.6862,77.06922787445191
175,1004,20,26,7,valence_classification,color_matching,matching,match_right,MQQM,noun,negative,blue,✲✲✲schön✲✲✲✲,adjective,positive,brown,0.4932,match,0.5992,1,0.5514,0.6871,77.19980360524848
175,1005,21,26,7,valence_classification,color_matching,matching,match_right,XVVX,noun,positive,brown,✲✲✲gütig✲✲✲✲,adjective,positive,blue,0.4932,match,0.5141,1,0.5524,0.6881,77.33815563274653
175,1006,22,26,7,valence_classification,color_matching,matching,match_right,XVVX,noun,positive,blue,✲✲schlecht✲✲,adjective,negative,brown,0.4932,nonmatch,0.4478,0,0.5534,0.6891,77.47632502946684
175,1007,23,26,7,valence_classification,color_matching,matching,match_right,XVVX,noun,positive,blue,✲✲✲liebe✲✲✲✲,noun,positive,blue,0.4932,match,0.604,0,0.5531,0.6888,77.4294038191224
175,1008,24,26,7,valence_classification,color_matching,matching,match_right,XVVX,noun,positive,brown,✲✲✲✲spaß✲✲✲✲,noun,positive,brown,0.4961,match,0.6078,0,0.5527,0.6885,77.38310832111578
175,1009,25,26,7,valence_classification,color_matching,matching,match_right,MQQM,noun,negative,brown,✲✲✲liebe✲✲✲✲,noun,positive,blue,0.4932,nonmatch,0.6757,0,0.5524,0.6881,77.33732664207177
175,1010,26,26,7,valence_classification,color_matching,matching,match_right,WJJW,adjective,negative,blue,✲✲✲eitel✲✲✲✲,adjective,negative,blue,0.4932,match,0.6123,0,0.5521,0.6878,77.29194984095746
175,1011,27,26,7,valence_classification,color_matching,matching,match_right,MQQM,noun,negative,blue,✲✲✲gütig✲✲✲✲,adjective,positive,blue,0.4932,match,0.527,0,0.5518,0.6875,77.24687140209075
175,1012,28,26,7,valence_classification,color_matching,matching,match_right,ZYYZ,adjective,positive,blue,✲✲launisch✲✲,adjective,negative,blue,0.4932,match,0.5033,0,0.5514,0.6872,77.20198673095038
175,1013,29,26,7,valence_classification,color_matching,matching,match_right,XVVX,noun,positive,blue,✲✲✲lustig✲✲✲,adjective,positive,blue,0.4932,match,0.4532,0,0.5511,0.6868,77.1571926689766
175,1014,30,26,7,valence_classification,color_matching,matching,match_right,ZYYZ,adjective,positive,brown,✲✲✲eitel✲✲✲✲,adjective,negative,brown,0.4932,nonmatch,0.4606,1,0.5508,0.6865,77.11238702379606
175,1015,31,26,7,valence_classification,color_matching,matching,match_right,MQQM,noun,negative,brown,✲✲✲lustig✲✲✲,adjective,positive,blue,0.4932,nonmatch,0.5755,0,0.5518,0.6875,77.247272638629
175,1016,32,26,7,valence_classification,color_matching,matching,match_right,XVVX,noun,positive,blue,✲✲✲✲gift✲✲✲✲,noun,negative,brown,0.4932,nonmatch,0.6041,0,0.5514,0.6872,77.20299986529392
175,1017,33,26,7,valence_classification,color_matching,matching,match_right,ZYYZ,adjective,positive,blue,✲✲✲leiche✲✲✲,noun,negative,brown,0.4932,nonmatch,0.522,0,0.5511,0.6868,77.15881889108589
175,1018,34,26,7,valence_classification,color_matching,matching,match_right,MQQM,noun,negative,brown,✲✲einfall✲✲✲,noun,positive,brown,0.4932,match,0.5899,0,0.5508,0.6865,77.11463020065756
175,1019,35,26,7,valence_classification,color_matching,matching,match_right,XVVX,noun,positive,brown,✲✲✲gierig✲✲✲,adjective,negative,brown,0.4932,match,0.3317,0,0.5505,0.6862,77.07033478338685
175,1020,36,26,7,valence_classification,color_matching,matching,match_right,WJJW,adjective,negative,blue,✲✲✲gütig✲✲✲✲,adjective,positive,brown,0.4932,nonmatch,0.604,0,0.5502,0.6859,77.0261223970415
175,1021,37,26,7,valence_classification,color_matching,matching,match_right,XVVX,noun,positive,brown,✲✲✲leiche✲✲✲,noun,negative,brown,0.4932,match,0.4514,0,0.5499,0.6856,76.9815856835326
175,1022,38,26,7,valence_classification,color_matching,matching,match_right,ZYYZ,adjective,positive,brown,✲✲✲lustig✲✲✲,adjective,positive,blue,0.4932,nonmatch,0.5178,0,0.5495,0.6853,76.93662620837306
175,1023,39,26,7,valence_classification,color_matching,matching,match_right,WJJW,adjective,negative,blue,✲✲✲lustig✲✲✲,adjective,positive,blue,0.4932,nonmatch,0.6256,1,0.5492,0.6849,76.89114416994822
175,1024,40,26,7,valence_classification,color_matching,matching,match_right,MQQM,noun,negative,blue,✲✲launisch✲✲,adjective,negative,blue,0.4932,nonmatch,0.5826,1,0.5501,0.6859,77.01999475170133
175,1025,41,26,7,valence_classification,color_matching,matching,match_right,MQQM,noun,negative,brown,✲✲✲eitel✲✲✲✲,adjective,negative,brown,0.4932,match,0.5614,0,0.551,0.6867,77.143146880792
175,1026,42,26,7,valence_classification,color_matching,matching,match_right,MQQM,noun,negative,brown,✲✲schleim✲✲✲,noun,negative,brown,0.4932,match,0.5422,0,0.5507,0.6864,77.09998127285957
175,1027,43,26,7,valence_classification,color_matching,matching,match_right,MQQM,noun,negative,blue,✲✲✲✲gift✲✲✲✲,noun,negative,blue,0.4932,match,0.5848,0,0.5504,0.6861,77.056679532607
175,1028,44,26,7,valence_classification,color_matching,matching,match_right,WJJW,adjective,negative,brown,✲✲✲liebe✲✲✲✲,noun,positive,blue,0.4932,nonmatch,0.6399,0,0.5501,0.6858,77.01342665691072
175,1029,45,26,7,valence_classification,color_matching,matching,match_right,XVVX,noun,positive,blue,✲✲✲eitel✲✲✲✲,adjective,negative,blue,0.4932,match,0.554,0,0.5498,0.6855,76.96983006736511
175,1030,46,26,7,valence_classification,color_matching,matching,match_right,WJJW,adjective,negative,blue,✲✲einfall✲✲✲,noun,positive,blue,0.4932,match,0.4623,0,0.5495,0.6852,76.92579543918603
175,1031,47,26,7,valence_classification,color_matching,matching,match_right,WJJW,adjective,negative,brown,✲✲ehrlich✲✲✲,adjective,positive,blue,0.4932,nonmatch,0.5425,0,0.5492,0.6849,76.88122703301782
175,1032,48,26,7,valence_classification,color_matching,matching,match_right,WJJW,adjective,negative,blue,✲entführung✲,noun,negative,blue,0.4932,match,0.4748,0,0.5488,0.6845,76.83602730599328
175,1033,49,26,7,valence_classification,color_matching,matching,match_right,ZYYZ,adjective,positive,brown,✲✲✲liebe✲✲✲✲,noun,positive,blue,0.4932,nonmatch,0.547,0,0.5485,0.6842,76.79009651584205
175,1034,50,26,7,valence_classification,color_matching,matching,match_right,MQQM,noun,negative,blue,✲✲✲✲spaß✲✲✲✲,noun,positive,blue,0.4932,match,0.5248,0,0.5482,0.6839,76.74333231576124
175,1035,51,26,7,valence_classification,color_matching,matching,match_right,ZYYZ,adjective,positive,blue,✲✲ehrlich✲✲✲,adjective,positive,brown,0.4932,nonmatch,0.6183,0,0.5478,0.6836,76.6974993243948
175,1036,52,26,7,valence_classification,color_matching,matching,match_right,WJJW,adjective,negative,brown,✲✲✲✲gift✲✲✲✲,noun,negative,brown,0.4932,match,0.5683,0,0.5476,0.6833,76.65733511024797
175,1037,53,26,7,valence_classification,color_matching,matching,match_right,ZYYZ,adjective,positive,blue,✲✲schlecht✲✲,adjective,negative,brown,0.4932,nonmatch,0.4982,0,0.5473,0.683,76.61769455534649
175,1038,54,26,7,valence_classification,color_matching,matching,match_right,ZYYZ,adjective,positive,brown,✲✲✲✲gift✲✲✲✲,noun,negative,blue,0.4932,match,0.6141,1,0.547,0.6827,76.57849433160281
175,1039,55,26,7,valence_classification,color_matching,matching,match_right,MQQM,noun,negative,blue,✲✲✲glück✲✲✲✲,noun,positive,brown,0.4932,nonmatch,0.7214,0,0.5478,0.6835,76.69511160088325
175,1040,56,26,7,valence_classification,color_matching,matching,match_right,MQQM,noun,negative,brown,✲✲ehrlich✲✲✲,adjective,positive,brown,0.4932,match,0.6558,0,0.5475,0.6833,76.65543022440653
175,1041,57,26,7,valence_classification,color_matching,matching,match_right,WJJW,adjective,negative,brown,✲✲launisch✲✲,adjective,negative,brown,0.4932,match,0.5935,0,0.5473,0.683,76.61626309809024
175,1042,58,26,7,valence_classification,color_matching,matching,match_right,MQQM,noun,negative,brown,✲entführung✲,noun,negative,blue,0.4932,nonmatch,0.6254,0,0.547,0.6827,76.5775288159201
175,1043,59,26,7,valence_classification,color_matching,matching,match_right,MQQM,noun,negative,blue,✲✲schlecht✲✲,adjective,negative,brown,0.4932,nonmatch,0.7002,0,0.5467,0.6824,76.53914799719301
175,1044,60,26,7,valence_classification,color_matching,matching,match_right,WJJW,adjective,negative,brown,✲✲✲schön✲✲✲✲,adjective,positive,brown,0.4932,match,0.7545,0,0.5464,0.6822,76.50104295862603
175,1045,61,26,7,valence_classification,color_matching,matching,match_right,XVVX,noun,positive,blue,✲✲✲schön✲✲✲✲,adjective,positive,brown,0.4965,nonmatch,0.565,0,0.5462,0.6819,76.46313739953328
175,1046,62,26,7,valence_classification,color_matching,matching,match_right,MQQM,noun,negative,blue,✲✲✲leiche✲✲✲,noun,negative,brown,0.4932,nonmatch,1.9175,0,0.5459,0.6816,76.42535609804703
175,1047,63,26,7,valence_classification,color_matching,matching,match_right,XVVX,noun,positive,blue,✲✲✲glück✲✲✲✲,noun,positive,brown,0.4932,nonmatch,0.6964,0,0.5456,0.6813,76.38762461647416
175,1048,64,26,7,valence_classification,color_matching,matching,match_right,ZYYZ,adjective,positive,brown,✲✲✲gierig✲✲✲,adjective,negative,blue,0.497,match,0.7003,1,0.5454,0.6811,76.34986901398501
175,1049,1,27,8,valence_classification,color_matching,matching,match_right,XVVX,noun,positive,brown,✲✲✲lustig✲✲✲,adjective,positive,brown,0.4932,nonmatch,0.5863,1,0.5462,0.6819,76.4635182426977
175,1050,2,27,8,valence_classification,color_matching,matching,match_right,ZYYZ,adjective,positive,brown,✲entführung✲,noun,negative,brown,0.4932,nonmatch,0.5267,1,0.547,0.6827,76.57561694910655
175,1051,3,27,8,valence_classification,color_matching,matching,match_right,MQQM,noun,negative,brown,✲entführung✲,noun,negative,brown,0.4932,nonmatch,0.5683,1,0.5478,0.6835,76.68817728787957
175,1052,4,27,8,valence_classification,color_matching,matching,match_right,WJJW,adjective,negative,brown,✲✲✲eitel✲✲✲✲,adjective,negative,blue,0.4932,match,0.5463,1,0.5487,0.6844,76.81593520895487
175,1053,5,27,8,valence_classification,color_matching,matching,match_right,WJJW,adjective,negative,brown,✲✲✲✲spaß✲✲✲✲,noun,positive,brown,0.4932,nonmatch,0.499,1,0.5496,0.6853,76.93860616779601
175,1054,6,27,8,valence_classification,color_matching,matching,match_right,XVVX,noun,positive,blue,✲✲✲✲spaß✲✲✲✲,noun,positive,blue,0.4932,nonmatch,0.6189,1,0.5504,0.6861,77.05479646126052
175,1055,7,27,8,valence_classification,color_matching,matching,match_right,WJJW,adjective,negative,blue,✲✲schleim✲✲✲,noun,negative,blue,0.4932,match,0.5075,0,0.5512,0.6869,77.16661731515318
175,1056,8,27,8,valence_classification,color_matching,matching,match_right,MQQM,noun,negative,blue,✲✲✲lustig✲✲✲,adjective,positive,brown,0.4932,nonmatch,0.5897,0,0.5509,0.6866,77.12719713196712
175,1057,9,27,8,valence_classification,color_matching,matching,match_right,XVVX,noun,positive,blue,✲✲✲glück✲✲✲✲,noun,positive,brown,0.4932,nonmatch,0.4255,0,0.5506,0.6863,77.08770721386996
175,1058,10,27,8,valence_classification,color_matching,matching,match_right,ZYYZ,adjective,positive,brown,✲✲✲gierig✲✲✲,adjective,negative,brown,0.4932,match,0.5393,0,0.5503,0.6861,77.04833200400788
175,1059,11,27,8,valence_classification,color_matching,matching,match_right,ZYYZ,adjective,positive,blue,✲✲✲leiche✲✲✲,noun,negative,brown,0.4932,nonmatch,0.7331,0,0.5501,0.6858,77.00871249159896
175,1060,12,27,8,valence_classification,color_matching,matching,match_right,XVVX,noun,positive,brown,✲✲ehrlich✲✲✲,adjective,positive,blue,0.4932,match,0.5897,1,0.5498,0.6855,76.9687700129028
175,1061,13,27,8,valence_classification,color_matching,matching,match_right,MQQM,noun,negative,blue,✲✲✲gütig✲✲✲✲,adjective,positive,blue,0.4932,match,0.5898,0,0.5506,0.6863,77.08150404664903
175,1062,14,27,8,valence_classification,color_matching,matching,match_right,WJJW,adjective,negative,brown,✲✲✲leiche✲✲✲,noun,negative,blue,0.4932,nonmatch,0.4676,0,0.5503,0.686,77.04251103798615
175,1063,15,27,8,valence_classification,color_matching,matching,match_right,XVVX,noun,positive,blue,✲✲✲schön✲✲✲✲,adjective,positive,brown,0.4932,nonmatch,0.5423,0,0.55,0.6857,77.00326497565969
175,1064,16,27,8,valence_classification,color_matching,matching,match_right,MQQM,noun,negative,blue,✲✲✲leiche✲✲✲,noun,negative,brown,0.4934,nonmatch,0.7004,0,0.5497,0.6855,76.96368866763903
175,1065,17,27,8,valence_classification,color_matching,matching,match_right,MQQM,noun,negative,blue,✲✲launisch✲✲,adjective,negative,brown,0.4932,nonmatch,0.741,0,0.5495,0.6852,76.92370397898405
175,1066,18,27,8,valence_classification,color_matching,matching,match_right,WJJW,adjective,negative,blue,✲✲launisch✲✲,adjective,negative,blue,0.4932,nonmatch,0.4634,1,0.5492,0.6849,76.88323154280363
175,1067,19,27,8,valence_classification,color_matching,matching,match_right,WJJW,adjective,negative,brown,✲✲einfall✲✲✲,noun,positive,blue,0.4932,nonmatch,0.5423,0,0.55,0.6857,76.9979126021418
175,1068,20,27,8,valence_classification,color_matching,matching,match_right,MQQM,noun,negative,brown,✲✲✲eitel✲✲✲✲,adjective,negative,brown,0.4932,match,0.5046,0,0.5497,0.6854,76.95869354455975
175,1069,21,27,8,valence_classification,color_matching,matching,match_right,WJJW,adjective,negative,brown,✲entführung✲,noun,negative,brown,0.4932,match,0.7336,0,0.5494,0.6851,76.91906053556092
175,1070,22,27,8,valence_classification,color_matching,matching,match_right,WJJW,adjective,negative,brown,✲✲✲gierig✲✲✲,adjective,negative,brown,0.4932,match,0.5825,0,0.5491,0.6848,76.87893559496625
175,1071,23,27,8,valence_classification,color_matching,matching,match_right,MQQM,noun,negative,blue,✲✲schleim✲✲✲,noun,negative,blue,0.4932,match,0.6326,0,0.5488,0.6846,76.83823921208685
175,1072,24,27,8,valence_classification,color_matching,matching,match_right,MQQM,noun,negative,blue,✲✲einfall✲✲✲,noun,positive,brown,0.4932,nonmatch,0.635,0,0.5485,0.6843,76.79689005493519
175,1073,25,27,8,valence_classification,color_matching,matching,match_right,ZYYZ,adjective,positive,blue,✲✲✲glück✲✲✲✲,noun,positive,brown,0.4932,nonmatch,0.738,0,0.5482,0.684,76.75480467225802
175,1074,26,27,8,valence_classification,color_matching,matching,match_right,XVVX,noun,positive,brown,✲✲✲liebe✲✲✲✲,noun,positive,brown,0.4932,match,0.534,0,0.5479,0.6837,76.71189718685758
175,1075,27,27,8,valence_classification,color_matching,matching,match_right,WJJW,adjective,negative,blue,✲✲✲✲gift✲✲✲✲,noun,negative,brown,0.4932,nonmatch,0.5896,0,0.5477,0.6834,76.67492884055225
175,1076,28,27,8,valence_classification,color_matching,matching,match_right,WJJW,adjective,negative,blue,✲✲✲lustig✲✲✲,adjective,positive,blue,0.4932,match,0.5826,0,0.5474,0.6831,76.63915785274294
175,1077,29,27,8,valence_classification,color_matching,matching,match_right,WJJW,adjective,negative,blue,✲✲✲glück✲✲✲✲,noun,positive,brown,0.4932,nonmatch,0.4777,0,0.5472,0.6829,76.60382616024545
175,1078,30,27,8,valence_classification,color_matching,matching,match_right,MQQM,noun,negative,brown,✲✲ehrlich✲✲✲,adjective,positive,brown,0.4932,match,0.836,0,0.5469,0.6826,76.56886710963178
175,1079,31,27,8,valence_classification,color_matching,matching,match_right,XVVX,noun,positive,blue,✲✲✲gütig✲✲✲✲,adjective,positive,blue,0.4932,nonmatch,0.5911,1,0.5467,0.6824,76.53421561619908
175,1080,32,27,8,valence_classification,color_matching,matching,match_right,ZYYZ,adjective,positive,blue,✲✲✲gütig✲✲✲✲,adjective,positive,blue,0.4932,match,0.5988,0,0.5474,0.6831,76.63750994031899
175,1081,33,27,8,valence_classification,color_matching,matching,match_right,XVVX,noun,positive,brown,✲✲✲eitel✲✲✲✲,adjective,negative,blue,0.4932,nonmatch,0.7537,0,0.5472,0.6829,76.60255803328076
175,1082,34,27,8,valence_classification,color_matching,matching,match_right,XVVX,noun,positive,brown,✲✲einfall✲✲✲,noun,positive,blue,0.4932,nonmatch,0.5624,0,0.5469,0.6826,76.5679729592199
175,1083,35,27,8,valence_classification,color_matching,matching,match_right,ZYYZ,adjective,positive,brown,✲✲einfall✲✲✲,noun,positive,brown,0.4932,match,0.5904,0,0.5467,0.6824,76.53369097265829
175,1084,36,27,8,valence_classification,color_matching,matching,match_right,ZYYZ,adjective,positive,brown,✲✲✲eitel✲✲✲✲,adjective,negative,blue,0.4982,nonmatch,0.604,0,0.5464,0.6821,76.49964961966265
175,1085,37,27,8,valence_classification,color_matching,matching,match_right,WJJW,adjective,negative,blue,✲✲✲gütig✲✲✲✲,adjective,positive,brown,0.4932,nonmatch,0.5333,0,0.5462,0.6819,76.46578751102307
175,1086,38,27,8,valence_classification,color_matching,matching,match_right,XVVX,noun,positive,blue,✲✲schleim✲✲✲,noun,negative,blue,0.4932,match,0.6327,0,0.5459,0.6817,76.43204410297
175,1087,39,27,8,valence_classification,color_matching,matching,match_right,WJJW,adjective,negative,blue,✲✲schlecht✲✲,adjective,negative,brown,0.4932,nonmatch,0.4984,0,0.5457,0.6814,76.39835948419648
175,1088,40,27,8,valence_classification,color_matching,matching,match_right,ZYYZ,adjective,positive,blue,✲✲✲✲gift✲✲✲✲,noun,negative,blue,0.4932,match,0.6755,0,0.5455,0.6812,76.36467416801256
175,1089,41,27,8,valence_classification,color_matching,matching,match_right,ZYYZ,adjective,positive,brown,✲✲✲✲spaß✲✲✲✲,noun,positive,blue,0.4932,nonmatch,0.485,0,0.5452,0.6809,76.33092888851455
175,1090,42,27,8,valence_classification,color_matching,matching,match_right,ZYYZ,adjective,positive,brown,✲✲✲schön✲✲✲✲,adjective,positive,blue,0.4932,nonmatch,0.6684,0,0.545,0.6807,76.29706439969237
175,1091,43,27,8,valence_classification,color_matching,matching,match_right,MQQM,noun,negative,brown,✲✲✲schön✲✲✲✲,adjective,positive,blue,0.4932,nonmatch,0.4533,0,0.5447,0.6805,76.26324427190178
175,1092,44,27,8,valence_classification,color_matching,matching,match_right,MQQM,noun,negative,brown,✲✲schlecht✲✲,adjective,negative,blue,0.4932,nonmatch,0.7734,0,0.5445,0.6802,76.22917487149526
175,1093,45,27,8,valence_classification,color_matching,matching,match_right,WJJW,adjective,negative,brown,✲✲✲schön✲✲✲✲,adjective,positive,brown,0.4932,match,0.4701,0,0.5442,0.68,76.19479681815199
175,1094,46,27,8,valence_classification,color_matching,matching,match_right,MQQM,noun,negative,blue,✲✲✲✲spaß✲✲✲✲,noun,positive,blue,0.4936,match,0.5629,0,0.544,0.6797,76.16004988336364
175,1095,47,27,8,valence_classification,color_matching,matching,match_right,XVVX,noun,positive,brown,✲✲launisch✲✲,adjective,negative,brown,0.4932,nonmatch,0.5033,1,0.5437,0.6795,76.12487279389237
175,1096,48,27,8,valence_classification,color_matching,matching,match_right,XVVX,noun,positive,brown,✲entführung✲,noun,negative,brown,0.4932,nonmatch,0.7592,1,0.5445,0.6802,76.22453245977766
175,1097,49,27,8,valence_classification,color_matching,matching,match_right,WJJW,adjective,negative,blue,✲✲✲liebe✲✲✲✲,noun,positive,blue,0.4962,match,0.6075,0,0.5451,0.6809,76.31983904772108
175,1098,50,27,8,valence_classification,color_matching,matching,match_right,XVVX,noun,positive,blue,✲✲✲leiche✲✲✲,noun,negative,brown,0.4932,nonmatch,0.5474,0,0.5449,0.6806,76.28676916455353
175,1099,51,27,8,valence_classification,color_matching,matching,match_right,MQQM,noun,negative,brown,✲✲✲liebe✲✲✲✲,noun,positive,blue,0.4932,nonmatch,0.4747,0,0.5447,0.6804,76.253495035356
175,1100,52,27,8,valence_classification,color_matching,matching,match_right,XVVX,noun,positive,blue,✲✲schlecht✲✲,adjective,negative,blue,0.4932,nonmatch,0.604,1,0.5444,0.6801,76.2199597964031
175,1101,53,27,8,valence_classification,color_matching,matching,match_right,XVVX,noun,positive,blue,✲✲✲gierig✲✲✲,adjective,negative,brown,0.4994,nonmatch,0.5282,0,0.5451,0.6808,76.31454164341119
175,1102,54,27,8,valence_classification,color_matching,matching,match_right,MQQM,noun,negative,brown,✲✲✲glück✲✲✲✲,noun,positive,brown,0.4932,match,0.6041,0,0.5449,0.6806,76.28174217283488
175,1103,55,27,8,valence_classification,color_matching,matching,match_right,XVVX,noun,positive,brown,✲✲✲✲gift✲✲✲✲,noun,negative,blue,0.4932,nonmatch,0.7131,0,0.5446,0.6803,76.24873196248363
175,1104,56,27,8,valence_classification,color_matching,matching,match_right,ZYYZ,adjective,positive,blue,✲✲✲liebe✲✲✲✲,noun,positive,blue,0.4932,match,0.5757,0,0.5444,0.6801,76.21545503797182
175,1105,57,27,8,valence_classification,color_matching,matching,match_right,MQQM,noun,negative,blue,✲✲✲gierig✲✲✲,adjective,negative,blue,0.4932,match,0.5611,0,0.5442,0.6799,76.18185472466014
175,1106,58,27,8,valence_classification,color_matching,matching,match_right,ZYYZ,adjective,positive,brown,✲✲schleim✲✲✲,noun,negative,blue,0.4932,nonmatch,0.5695,0,0.5439,0.6796,76.14787346745406
175,1107,59,27,8,valence_classification,color_matching,matching,match_right,MQQM,noun,negative,brown,✲✲✲✲gift✲✲✲✲,noun,negative,blue,0.4932,match,0.6406,1,0.5437,0.6794,76.11345264778274
175,1108,60,27,8,valence_classification,color_matching,matching,match_right,ZYYZ,adjective,positive,blue,✲✲ehrlich✲✲✲,adjective,positive,brown,0.4932,nonmatch,0.6327,0,0.5444,0.6801,76.2110164041483
175,1109,61,27,8,valence_classification,color_matching,matching,match_right,ZYYZ,adjective,positive,blue,✲✲schlecht✲✲,adjective,negative,brown,0.4932,nonmatch,0.5705,0,0.5441,0.6798,76.17766423488473
175,1110,62,27,8,valence_classification,color_matching,matching,match_right,WJJW,adjective,negative,brown,✲✲ehrlich✲✲✲,adjective,positive,blue,0.4932,nonmatch,0.7104,0,0.5439,0.6796,76.14392740527289
175,1111,63,27,8,valence_classification,color_matching,matching,match_right,ZYYZ,adjective,positive,brown,✲✲✲lustig✲✲✲,adjective,positive,brown,0.4932,match,0.5684,0,0.5436,0.6794,76.10974813208988
175,1112,64,27,8,valence_classification,color_matching,matching,match_right,ZYYZ,adjective,positive,blue,✲✲launisch✲✲,adjective,negative,blue,0.4932,nonmatch,0.7834,1,0.5434,0.6791,76.07506738111911
175,1113,1,28,9,valence_classification,color_matching,matching,match_right,eitel,adjective,negative,blue,✲✲ehrlich✲✲✲,adjective,positive,blue,0.4932,nonmatch,0.9325,1,0.5441,0.6798,76.17353286640389
175,1114,2,28,9,valence_classification,color_matching,matching,match_right,glück,noun,positive,blue,✲✲schlecht✲✲,adjective,negative,blue,0.4932,match,0.5754,0,0.5448,0.6805,76.26711833847219
175,1115,3,28,9,valence_classification,color_matching,matching,match_right,launisch,adjective,negative,blue,✲✲✲gütig✲✲✲✲,adjective,positive,brown,0.4932,nonmatch,0.7358,0,0.5445,0.6802,76.23486569877815
175,1116,4,28,9,valence_classification,color_matching,matching,match_right,gütig,adjective,positive,brown,✲✲✲lustig✲✲✲,adjective,positive,brown,0.4963,nonmatch,1.0996,1,0.5443,0.68,76.20233068844023
175,1117,5,28,9,valence_classification,color_matching,matching,match_right,einfall,noun,positive,brown,✲✲✲eitel✲✲✲✲,adjective,negative,blue,0.4932,nonmatch,0.7358,0,0.545,0.6807,76.29416588168284
175,1118,6,28,9,valence_classification,color_matching,matching,match_right,schlecht,adjective,negative,blue,✲✲✲✲spaß✲✲✲✲,noun,positive,blue,0.4932,match,0.5834,0,0.5447,0.6804,76.26238948250445
175,1119,7,28,9,valence_classification,color_matching,matching,match_right,schlecht,adjective,negative,brown,✲✲✲schön✲✲✲✲,adjective,positive,blue,0.4932,nonmatch,0.6125,0,0.5445,0.6802,76.23037852489132
175,1120,8,28,9,valence_classification,color_matching,matching,match_right,gütig,adjective,positive,brown,✲✲✲✲gift✲✲✲✲,noun,negative,blue,0.4932,nonmatch,0.5468,0,0.5443,0.68,76.19808033786867
175,1121,9,28,9,valence_classification,color_matching,matching,match_right,schleim,noun,negative,brown,✲✲ehrlich✲✲✲,adjective,positive,brown,0.4932,match,0.5272,0,0.544,0.6798,76.16544150161467
175,1122,10,28,9,valence_classification,color_matching,matching,match_right,gütig,adjective,positive,blue,✲✲✲liebe✲✲✲✲,noun,positive,blue,0.4932,nonmatch,0.6339,1,0.5438,0.6795,76.13240768325512
175,1123,11,28,9,valence_classification,color_matching,matching,match_right,launisch,adjective,negative,brown,✲✲✲liebe✲✲✲✲,noun,positive,brown,0.4932,match,0.4246,0,0.5445,0.6802,76.22595592488715
175,1124,12,28,9,valence_classification,color_matching,matching,match_right,liebe,noun,positive,brown,✲✲✲gütig✲✲✲✲,adjective,positive,blue,0.4932,nonmatch,0.5777,0,0.5442,0.68,76.19388956983487
175,1125,13,28,9,valence_classification,color_matching,matching,match_right,leiche,noun,negative,blue,✲✲einfall✲✲✲,noun,positive,brown,0.4933,nonmatch,0.6708,0,0.544,0.6797,76.16147863191821
175,1126,14,28,9,valence_classification,color_matching,matching,match_right,einfall,noun,positive,brown,✲✲✲liebe✲✲✲✲,noun,positive,brown,0.4932,match,0.965,0,0.5438,0.6795,76.12866952868342
175,1127,15,28,9,valence_classification,color_matching,matching,match_right,glück,noun,positive,blue,✲✲schleim✲✲✲,noun,negative,blue,0.4932,nonmatch,0.9109,1,0.5435,0.6793,76.09540759449645
175,1128,16,28,9,valence_classification,color_matching,matching,match_right,entführung,noun,negative,blue,✲✲✲leiche✲✲✲,noun,negative,brown,0.4932,nonmatch,0.6327,0,0.5442,0.6799,76.18975688188527
175,1129,17,28,9,valence_classification,color_matching,matching,match_right,gift,noun,negative,brown,✲✲launisch✲✲,adjective,negative,brown,0.4932,match,0.5911,0,0.544,0.6797,76.15756913277467
175,1130,18,28,9,valence_classification,color_matching,matching,match_right,ehrlich,adjective,positive,blue,✲✲schleim✲✲✲,noun,negative,brown,0.4932,nonmatch,0.6347,0,0.5437,0.6795,76.12498015520376
175,1131,19,28,9,valence_classification,color_matching,matching,match_right,ehrlich,adjective,positive,brown,✲✲launisch✲✲,adjective,negative,brown,0.4932,match,0.6053,0,0.5435,0.6792,76.09193601101416
175,1132,20,28,9,valence_classification,color_matching,matching,match_right,glück,noun,positive,blue,✲✲✲✲spaß✲✲✲✲,noun,positive,brown,0.4932,nonmatch,0.591,0,0.5433,0.679,76.05838151255817
175,1133,21,28,9,valence_classification,color_matching,matching,match_right,ehrlich,adjective,positive,blue,✲✲✲schön✲✲✲✲,adjective,positive,blue,0.4932,match,0.5341,0,0.543,0.6787,76.02426005446677
175,1134,22,28,9,valence_classification,color_matching,matching,match_right,schlecht,adjective,negative,blue,✲entführung✲,noun,negative,brown,0.4932,nonmatch,0.604,0,0.5428,0.6785,75.98951344026855
175,1135,23,28,9,valence_classification,color_matching,matching,match_right,lustig,adjective,positive,brown,✲✲✲gierig✲✲✲,adjective,negative,blue,0.4932,nonmatch,0.5033,0,0.5425,0.6782,75.95408170312064
175,1136,24,28,9,valence_classification,color_matching,matching,match_right,spaß,noun,positive,brown,✲✲✲leiche✲✲✲,noun,negative,brown,0.4932,match,0.5836,0,0.5423,0.678,75.92267971495775
175,1137,25,28,9,valence_classification,color_matching,matching,match_right,leiche,noun,negative,blue,✲✲✲gütig✲✲✲✲,adjective,positive,blue,0.4932,nonmatch,0.5391,1,0.5421,0.6778,75.8933331303034
175,1138,26,28,9,valence_classification,color_matching,matching,match_right,spaß,noun,positive,brown,✲✲✲glück✲✲✲✲,noun,positive,blue,0.4932,match,0.2987,1,0.5428,0.6785,75.98671902282977
175,1139,27,28,9,valence_classification,color_matching,matching,match_right,eitel,adjective,negative,blue,✲✲✲glück✲✲✲✲,noun,positive,brown,0.4932,nonmatch,0.7229,0,0.5435,0.6792,76.0851214501175
175,1140,28,28,9,valence_classification,color_matching,matching,match_right,einfall,noun,positive,blue,✲✲✲schön✲✲✲✲,adjective,positive,blue,0.4932,match,0.5772,0,0.5432,0.6789,76.05198655897622
175,1141,29,28,9,valence_classification,color_matching,matching,match_right,spaß,noun,positive,blue,✲✲✲gierig✲✲✲,adjective,negative,brown,0.4932,nonmatch,0.4676,0,0.543,0.6787,76.01828313158205
175,1142,30,28,9,valence_classification,color_matching,matching,match_right,schleim,noun,negative,blue,✲✲✲liebe✲✲✲✲,noun,positive,blue,0.4932,nonmatch,0.5106,1,0.5427,0.6785,75.98395439780997
175,1143,31,28,9,valence_classification,color_matching,matching,match_right,entführung,noun,negative,brown,✲✲✲schön✲✲✲✲,adjective,positive,blue,0.4932,match,0.4532,1,0.5434,0.6792,76.0817764205007
175,1144,32,28,9,valence_classification,color_matching,matching,match_right,gierig,adjective,negative,blue,✲✲✲eitel✲✲✲✲,adjective,negative,blue,0.4932,match,0.4466,0,0.5441,0.6798,76.17377855332153
175,1145,33,28,9,valence_classification,color_matching,matching,match_right,spaß,noun,positive,brown,✲✲✲lustig✲✲✲,adjective,positive,brown,0.496,nonmatch,0.6405,1,0.5439,0.6796,76.1424390057284
175,1146,34,28,9,valence_classification,color_matching,matching,match_right,gierig,adjective,negative,brown,✲✲einfall✲✲✲,noun,positive,blue,0.4932,match,1.4066,1,0.5445,0.6802,76.23114372852363
175,1147,35,28,9,valence_classification,color_matching,matching,match_right,lustig,adjective,positive,brown,✲✲ehrlich✲✲✲,adjective,positive,blue,0.4932,nonmatch,4.3901,0,0.5451,0.6808,76.31622449972157
175,1148,36,28,9,valence_classification,color_matching,matching,match_right,launisch,adjective,negative,brown,✲✲schlecht✲✲,adjective,negative,blue,0.4932,nonmatch,2.8826,0,0.5449,0.6806,76.28665471200333
175,1149,37,28,9,valence_classification,color_matching,matching,match_right,schön,adjective,positive,blue,✲✲✲gütig✲✲✲✲,adjective,positive,brown,0.4932,nonmatch,3.4464,0,0.5447,0.6804,76.25690375281643
175,1150,38,28,9,valence_classification,color_matching,matching,match_right,schön,adjective,positive,blue,✲✲✲✲spaß✲✲✲✲,noun,positive,brown,0.4932,nonmatch,0.5468,0,0.5445,0.6802,76.22692574477665
175,1151,39,28,9,valence_classification,color_matching,matching,match_right,einfall,noun,positive,brown,✲entführung✲,noun,negative,blue,0.4932,nonmatch,0.4247,0,0.5443,0.68,76.19667426710939
175,1152,40,28,9,valence_classification,color_matching,matching,match_right,eitel,adjective,negative,blue,✲✲✲gierig✲✲✲,adjective,negative,brown,0.4932,nonmatch,0.6258,0,0.544,0.6798,76.16610222182068
175,1153,41,28,9,valence_classification,color_matching,matching,match_right,liebe,noun,positive,blue,✲✲✲✲gift✲✲✲✲,noun,negative,brown,0.4933,nonmatch,0.5969,0,0.5438,0.6795,76.13516169788551
175,1154,42,28,9,valence_classification,color_matching,matching,match_right,gierig,adjective,negative,brown,✲✲✲lustig✲✲✲,adjective,positive,brown,0.4932,match,0.4911,0,0.5436,0.6793,76.10380383288806
175,1155,43,28,9,valence_classification,color_matching,matching,match_right,lustig,adjective,positive,brown,✲✲einfall✲✲✲,noun,positive,blue,0.4962,nonmatch,0.6928,0,0.5434,0.6791,76.07197867154292
175,1156,44,28,9,valence_classification,color_matching,matching,match_right,schleim,noun,negative,blue,✲✲✲✲gift✲✲✲✲,noun,negative,blue,0.4932,match,0.5622,0,0.5431,0.6789,76.03963502051649
175,1157,45,28,9,valence_classification,color_matching,matching,match_right,gütig,adjective,positive,blue,✲✲schlecht✲✲,adjective,negative,blue,0.4932,match,0.489,0,0.5429,0.6786,76.00672029895355
175,1158,46,28,9,valence_classification,color_matching,matching,match_right,gierig,adjective,negative,brown,✲✲✲✲gift✲✲✲✲,noun,negative,brown,0.4932,match,0.7048,0,0.5427,0.6784,75.97318038410161
175,1159,47,28,9,valence_classification,color_matching,matching,match_right,schleim,noun,negative,blue,✲✲✲eitel✲✲✲✲,adjective,negative,brown,0.4932,nonmatch,0.6215,0,0.5424,0.6781,75.93989500897544
175,1160,48,28,9,valence_classification,color_matching,matching,match_right,leiche,noun,negative,brown,✲✲schleim✲✲✲,noun,negative,blue,0.4932,nonmatch,0.597,0,0.5422,0.6779,75.91168075171156
175,1161,49,28,9,valence_classification,color_matching,matching,match_right,entführung,noun,negative,brown,✲✲✲gierig✲✲✲,adjective,negative,blue,0.4932,nonmatch,0.5148,0,0.542,0.6777,75.88386219416478
175,1162,50,28,9,valence_classification,color_matching,matching,match_right,eitel,adjective,negative,brown,✲✲✲leiche✲✲✲,noun,negative,blue,0.496,nonmatch,0.542,0,0.5418,0.6775,75.85639684782052
175,1163,51,28,9,valence_classification,color_matching,matching,match_right,gift,noun,negative,brown,✲entführung✲,noun,negative,brown,0.4932,match,0.7383,0,0.5416,0.6774,75.82924332130672
175,1164,52,28,9,valence_classification,color_matching,matching,match_right,liebe,noun,positive,brown,✲✲launisch✲✲,adjective,negative,brown,0.4932,match,0.4765,0,0.5414,0.6772,75.80236119600659
175,1165,53,28,9,valence_classification,color_matching,matching,match_right,schlecht,adjective,negative,brown,✲✲launisch✲✲,adjective,negative,brown,0.4932,match,0.4175,0,0.5413,0.677,75.77571090658532
175,1166,54,28,9,valence_classification,color_matching,matching,match_right,schön,adjective,positive,brown,✲entführung✲,noun,negative,brown,0.4932,match,0.6856,0,0.5411,0.6768,75.74925362586991
175,1167,55,28,9,valence_classification,color_matching,matching,match_right,ehrlich,adjective,positive,brown,✲✲✲glück✲✲✲✲,noun,positive,brown,0.4932,match,0.6112,0,0.5409,0.6766,75.72295115355215
175,1168,56,28,9,valence_classification,color_matching,matching,match_right,leiche,noun,negative,blue,✲✲schlecht✲✲,adjective,negative,blue,0.4932,nonmatch,0.4902,1,0.5407,0.6764,75.69676580821132
175,1169,57,28,9,valence_classification,color_matching,matching,match_right,glück,noun,positive,blue,✲✲ehrlich✲✲✲,adjective,positive,brown,0.4932,nonmatch,0.7729,0,0.5413,0.677,75.77511989956511
175,1170,58,28,9,valence_classification,color_matching,matching,match_right,gift,noun,negative,brown,✲✲✲glück✲✲✲✲,noun,positive,blue,0.4973,nonmatch,0.4747,0,0.5411,0.6768,75.74888557365169
175,1171,59,28,9,valence_classification,color_matching,matching,match_right,entführung,noun,negative,brown,✲✲✲✲spaß✲✲✲✲,noun,positive,brown,0.4932,match,0.6267,0,0.5409,0.6766,75.72280451873182
175,1172,60,28,9,valence_classification,color_matching,matching,match_right,launisch,adjective,negative,blue,✲✲schleim✲✲✲,noun,negative,blue,0.4932,match,0.5836,0,0.5407,0.6764,75.69683965529218
175,1173,61,28,9,valence_classification,color_matching,matching,match_right,gift,noun,negative,blue,✲✲✲lustig✲✲✲,adjective,positive,brown,0.4961,nonmatch,0.6126,0,0.5405,0.6762,75.67095431023783
175,1174,62,28,9,valence_classification,color_matching,matching,match_right,liebe,noun,positive,blue,✲✲einfall✲✲✲,noun,positive,blue,0.4932,nonmatch,0.6573,1,0.5403,0.676,75.64511211658552
175,1175,63,28,9,valence_classification,color_matching,matching,match_right,lustig,adjective,positive,blue,✲✲✲leiche✲✲✲,noun,negative,blue,0.4932,nonmatch,0.5786,1,0.5409,0.6766,75.72265444704138
175,1176,64,28,9,valence_classification,color_matching,matching,match_right,schön,adjective,positive,blue,✲✲✲eitel✲✲✲✲,adjective,negative,brown,0.4932,nonmatch,0.563,0,0.5414,0.6771,75.79993455629763
175,1177,1,29,10,valence_classification,color_matching,matching,match_right,leiche,noun,negative,brown,✲✲✲liebe✲✲✲✲,noun,positive,brown,0.4932,match,0.5143,0,0.5412,0.677,75.77394887707956
175,1178,2,29,10,valence_classification,color_matching,matching,match_right,ehrlich,adjective,positive,brown,✲✲✲liebe✲✲✲✲,noun,positive,brown,0.4935,match,0.3712,0,0.5411,0.6768,75.74814986588359
175,1179,3,29,10,valence_classification,color_matching,matching,match_right,gütig,adjective,positive,brown,✲✲✲schön✲✲✲✲,adjective,positive,brown,0.4932,match,0.3246,0,0.5409,0.6766,75.72250111441144
175,1180,4,29,10,valence_classification,color_matching,matching,match_right,liebe,noun,positive,brown,✲✲✲✲gift✲✲✲✲,noun,negative,brown,0.4932,match,0.2101,0,0.5407,0.6764,75.69696670444694
175,1181,5,29,10,valence_classification,color_matching,matching,match_right,eitel,adjective,negative,blue,✲✲✲lustig✲✲✲,adjective,positive,brown,0.4932,nonmatch,0.384,0,0.5405,0.6762,75.6715111100155
175,1182,6,29,10,valence_classification,color_matching,matching,match_right,eitel,adjective,negative,blue,✲✲✲liebe✲✲✲✲,noun,positive,blue,0.4932,match,0.484,0,0.5403,0.676,75.64609910174143
175,1183,7,29,10,valence_classification,color_matching,matching,match_right,gütig,adjective,positive,blue,✲✲✲glück✲✲✲✲,noun,positive,blue,0.4932,match,0.7295,0,0.5401,0.6759,75.62069565300308
175,1184,8,29,10,valence_classification,color_matching,matching,match_right,launisch,adjective,negative,brown,✲✲✲gütig✲✲✲✲,adjective,positive,blue,0.4932,nonmatch,0.4819,0,0.54,0.6757,75.59526584750137
175,1185,9,29,10,valence_classification,color_matching,matching,match_right,glück,noun,positive,brown,✲✲einfall✲✲✲,noun,positive,brown,0.4932,match,0.604,0,0.5398,0.6755,75.5697747878673
175,1186,10,29,10,valence_classification,color_matching,matching,match_right,entführung,noun,negative,blue,✲✲✲glück✲✲✲✲,noun,positive,blue,0.4932,nonmatch,0.4218,1,0.5396,0.6753,75.54418750494628
175,1187,11,29,10,valence_classification,color_matching,matching,match_right,eitel,adjective,negative,brown,✲✲schlecht✲✲,adjective,negative,brown,0.4932,match,0.2683,0,0.5401,0.6758,75.6155467365583
175,1188,12,29,10,valence_classification,color_matching,matching,match_right,ehrlich,adjective,positive,blue,✲✲✲lustig✲✲✲,adjective,positive,brown,0.4932,match,0.4984,1,0.5399,0.6756,75.59030260066508
175,1189,13,29,10,valence_classification,color_matching,matching,match_right,schlecht,adjective,negative,brown,✲✲✲eitel✲✲✲✲,adjective,negative,blue,0.4932,nonmatch,0.396,0,0.5405,0.6762,75.66627232675735
175,1190,14,29,10,valence_classification,color_matching,matching,match_right,glück,noun,positive,brown,✲✲ehrlich✲✲✲,adjective,positive,brown,0.4932,match,0.3174,0,0.5403,0.676,75.64126691445296
175,1191,15,29,10,valence_classification,color_matching,matching,match_right,schön,adjective,positive,blue,✲✲✲✲spaß✲✲✲✲,noun,positive,brown,0.4932,nonmatch,0.4341,0,0.5401,0.6758,75.61626367519926
175,1192,16,29,10,valence_classification,color_matching,matching,match_right,liebe,noun,positive,brown,✲✲schlecht✲✲,adjective,negative,brown,0.4932,match,0.297,0,0.5399,0.6757,75.59122874544624
175,1193,17,29,10,valence_classification,color_matching,matching,match_right,einfall,noun,positive,brown,✲✲✲glück✲✲✲✲,noun,positive,blue,0.4932,nonmatch,0.7489,0,0.5398,0.6755,75.56612826404921
175,1194,18,29,10,valence_classification,color_matching,matching,match_right,gierig,adjective,negative,brown,✲✲✲schön✲✲✲✲,adjective,positive,brown,0.4932,match,0.64,0,0.5396,0.6753,75.54092828565892
175,1195,19,29,10,valence_classification,color_matching,matching,match_right,gift,noun,negative,brown,✲✲ehrlich✲✲✲,adjective,positive,blue,0.4932,nonmatch,0.6184,0,0.5394,0.6751,75.51576348909704
175,1196,20,29,10,valence_classification,color_matching,matching,match_right,spaß,noun,positive,blue,✲✲launisch✲✲,adjective,negative,brown,0.4932,nonmatch,0.733,0,0.5392,0.6749,75.49042497182654
175,1197,21,29,10,valence_classification,color_matching,matching,match_right,gierig,adjective,negative,blue,✲✲✲leiche✲✲✲,noun,negative,brown,0.4932,nonmatch,0.5825,0,0.539,0.6747,75.46487861080368
175,1198,22,29,10,valence_classification,color_matching,matching,match_right,entführung,noun,negative,blue,✲✲✲gütig✲✲✲✲,adjective,positive,brown,0.4932,nonmatch,0.489,0,0.5389,0.6746,75.43908982204088
175,1199,23,29,10,valence_classification,color_matching,matching,match_right,spaß,noun,positive,blue,✲✲✲liebe✲✲✲✲,noun,positive,brown,0.4932,nonmatch,0.6701,0,0.5387,0.6744,75.41302347412993
175,1200,24,29,10,valence_classification,color_matching,matching,match_right,launisch,adjective,negative,brown,✲✲✲glück✲✲✲✲,noun,positive,blue,0.4932,nonmatch,0.5845,0,0.5385,0.6742,75.38664380020546
175,1201,25,29,10,valence_classification,color_matching,matching,match_right,ehrlich,adjective,positive,blue,✲✲schleim✲✲✲,noun,negative,blue,0.4932,match,0.619,0,0.5383,0.674,75.35991430803301
175,1202,26,29,10,valence_classification,color_matching,matching,match_right,gift,noun,negative,blue,✲✲einfall✲✲✲,noun,positive,brown,0.4932,nonmatch,0.5105,0,0.5381,0.6738,75.33279768789723
175,1203,27,29,10,valence_classification,color_matching,matching,match_right,entführung,noun,negative,blue,✲✲schleim✲✲✲,noun,negative,blue,0.4932,nonmatch,0.6254,1,0.5379,0.6736,75.30525571796272
175,1204,28,29,10,valence_classification,color_matching,matching,match_right,ehrlich,adjective,positive,blue,✲✲✲gierig✲✲✲,adjective,negative,brown,0.4932,match,0.5859,1,0.5385,0.6742,75.38349038132904
175,1205,29,29,10,valence_classification,color_matching,matching,match_right,leiche,noun,negative,brown,✲✲✲lustig✲✲✲,adjective,positive,brown,0.4932,nonmatch,0.419,1,0.539,0.6747,75.45777938912751
175,1206,30,29,10,valence_classification,color_matching,matching,match_right,leiche,noun,negative,brown,✲✲✲eitel✲✲✲✲,adjective,negative,brown,0.4932,match,1.2556,0,0.5395,0.6752,75.5290312745099
175,1207,31,29,10,valence_classification,color_matching,matching,match_right,gierig,adjective,negative,blue,✲✲✲✲spaß✲✲✲✲,noun,positive,brown,0.4933,nonmatch,0.4469,0,0.5393,0.675,75.50431350669545
175,1208,32,29,10,valence_classification,color_matching,matching,match_right,gierig,adjective,negative,blue,✲✲launisch✲✲,adjective,negative,brown,0.4932,nonmatch,0.5845,0,0.5391,0.6749,75.47941076366209
175,1209,33,29,10,valence_classification,color_matching,matching,match_right,schön,adjective,positive,blue,✲entführung✲,noun,negative,brown,0.4932,nonmatch,1.2744,0,0.539,0.6747,75.45429006071349
175,1210,34,29,10,valence_classification,color_matching,matching,match_right,schleim,noun,negative,blue,✲✲✲schön✲✲✲✲,adjective,positive,blue,0.4932,match,0.7665,0,0.5388,0.6745,75.42891793444605
175,1211,35,29,10,valence_classification,color_matching,matching,match_right,gütig,adjective,positive,brown,✲✲schlecht✲✲,adjective,negative,brown,0.496,nonmatch,0.4783,1,0.5386,0.6743,75.40326036064843
175,1212,36,29,10,valence_classification,color_matching,matching,match_right,schlecht,adjective,negative,blue,✲✲ehrlich✲✲✲,adjective,positive,blue,0.4932,nonmatch,0.6183,1,0.5391,0.6748,75.47582374933587
175,1213,37,29,10,valence_classification,color_matching,matching,match_right,liebe,noun,positive,blue,✲✲✲✲spaß✲✲✲✲,noun,positive,blue,0.4932,nonmatch,0.489,1,0.5396,0.6753,75.54560955931802
175,1214,38,29,10,valence_classification,color_matching,matching,match_right,lustig,adjective,positive,brown,✲✲✲✲gift✲✲✲✲,noun,negative,brown,0.4932,nonmatch,0.5401,1,0.5401,0.6758,75.61340904009478
175,1215,39,29,10,valence_classification,color_matching,matching,match_right,schlecht,adjective,negative,brown,✲✲einfall✲✲✲,noun,positive,brown,0.4932,match,0.5488,0,0.5406,0.6763,75.68543073816097
175,1216,40,29,10,valence_classification,color_matching,matching,match_right,lustig,adjective,positive,brown,✲✲einfall✲✲✲,noun,positive,blue,0.4932,nonmatch,0.52,0,0.5404,0.6762,75.66162794078627
175,1217,41,29,10,valence_classification,color_matching,matching,match_right,spaß,noun,positive,blue,✲✲✲schön✲✲✲✲,adjective,positive,blue,0.4932,match,0.6886,0,0.5403,0.676,75.63785455350093
175,1218,42,29,10,valence_classification,color_matching,matching,match_right,gift,noun,negative,brown,✲✲✲leiche✲✲✲,noun,negative,brown,0.4932,nonmatch,0.489,1,0.5401,0.6758,75.61407973640534
175,1219,43,29,10,valence_classification,color_matching,matching,match_right,lustig,adjective,positive,blue,✲✲✲eitel✲✲✲✲,adjective,negative,blue,0.4932,match,0.7116,0,0.5406,0.6763,75.68553081701441
175,1220,44,29,10,valence_classification,color_matching,matching,match_right,eitel,adjective,negative,brown,✲✲schleim✲✲✲,noun,negative,blue,0.4932,nonmatch,0.5929,0,0.5404,0.6762,75.66191294293782
175,1221,45,29,10,valence_classification,color_matching,matching,match_right,einfall,noun,positive,blue,✲✲✲gütig✲✲✲✲,adjective,positive,brown,0.4932,nonmatch,0.5545,0,0.5403,0.676,75.63832476351412
175,1222,46,29,10,valence_classification,color_matching,matching,match_right,launisch,adjective,negative,brown,✲✲✲✲gift✲✲✲✲,noun,negative,brown,0.4932,match,0.5539,0,0.5401,0.6758,75.61473589087281
175,1223,47,29,10,valence_classification,color_matching,matching,match_right,schleim,noun,negative,brown,✲✲✲✲gift✲✲✲✲,noun,negative,blue,0.4932,nonmatch,0.5248,0,0.5399,0.6757,75.59111600679226
175,1224,48,29,10,valence_classification,color_matching,matching,match_right,lustig,adjective,positive,blue,✲✲ehrlich✲✲✲,adjective,positive,blue,0.4932,match,0.4865,0,0.5398,0.6755,75.5674347888811
175,1225,49,29,10,valence_classification,color_matching,matching,match_right,glück,noun,positive,blue,✲✲✲gierig✲✲✲,adjective,negative,blue,0.4932,match,0.6863,0,0.5396,0.6753,75.54366183720374
175,1226,50,29,10,valence_classification,color_matching,matching,match_right,glück,noun,positive,brown,✲✲schleim✲✲✲,noun,negative,blue,0.4932,nonmatch,0.5685,0,0.5394,0.6751,75.51992673214008
175,1227,51,29,10,valence_classification,color_matching,matching,match_right,schleim,noun,negative,blue,✲✲schlecht✲✲,adjective,negative,brown,0.4932,match,0.5925,1,0.5393,0.675,75.49603348413693
175,1228,52,29,10,valence_classification,color_matching,matching,match_right,einfall,noun,positive,blue,✲entführung✲,noun,negative,brown,0.4932,nonmatch,0.547,0,0.5397,0.6755,75.56329818002637
175,1229,53,29,10,valence_classification,color_matching,matching,match_right,schleim,noun,negative,brown,✲✲✲✲spaß✲✲✲✲,noun,positive,blue,0.4932,nonmatch,0.525,0,0.5396,0.6753,75.53983003969431
175,1230,54,29,10,valence_classification,color_matching,matching,match_right,schlecht,adjective,negative,blue,✲entführung✲,noun,negative,blue,0.4932,match,0.708,0,0.5394,0.6751,75.51623006037876
175,1231,55,29,10,valence_classification,color_matching,matching,match_right,gift,noun,negative,blue,✲✲launisch✲✲,adjective,negative,blue,0.4932,match,0.7332,0,0.5392,0.6749,75.49246836695684
175,1232,56,29,10,valence_classification,color_matching,matching,match_right,leiche,noun,negative,blue,✲entführung✲,noun,negative,brown,0.4932,nonmatch,0.5215,0,0.5391,0.6748,75.46851475297557
175,1233,57,29,10,valence_classification,color_matching,matching,match_right,entführung,noun,negative,brown,✲✲✲gierig✲✲✲,adjective,negative,blue,0.4932,nonmatch,0.6184,0,0.5389,0.6746,75.4443386096648
175,1234,58,29,10,valence_classification,color_matching,matching,match_right,einfall,noun,positive,brown,✲✲✲eitel✲✲✲✲,adjective,negative,blue,0.4932,nonmatch,0.5292,0,0.5387,0.6744,75.41990885391358
175,1235,59,29,10,valence_classification,color_matching,matching,match_right,launisch,adjective,negative,blue,✲✲✲gierig✲✲✲,adjective,negative,blue,0.4934,match,0.7358,0,0.5385,0.6743,75.39519385496396
175,1236,60,29,10,valence_classification,color_matching,matching,match_right,schön,adjective,positive,brown,✲✲launisch✲✲,adjective,negative,blue,0.4932,nonmatch,0.4963,0,0.5384,0.6741,75.37016135957329
175,1237,61,29,10,valence_classification,color_matching,matching,match_right,spaß,noun,positive,blue,✲✲✲leiche✲✲✲,noun,negative,blue,0.4967,match,0.651,0,0.5382,0.6739,75.34477841539201
175,1238,62,29,10,valence_classification,color_matching,matching,match_right,schön,adjective,positive,brown,✲✲✲gütig✲✲✲✲,adjective,positive,blue,0.4932,nonmatch,0.5618,0,0.538,0.6737,75.31901129229925
175,1239,63,29,10,valence_classification,color_matching,matching,match_right,liebe,noun,positive,brown,✲✲✲lustig✲✲✲,adjective,positive,blue,0.4932,match,0.5755,1,0.5378,0.6735,75.29282540142958
175,1240,64,29,10,valence_classification,color_matching,matching,match_right,gütig,adjective,positive,brown,✲✲✲leiche✲✲✲,noun,negative,blue,0.4932,nonmatch,0.6508,0,0.5383,0.6741,75.36724066149547
175,1241,1,30,11,valence_classification,color_matching,matching,match_right,gierig,adjective,negative,brown,✲✲✲glück✲✲✲✲,noun,positive,blue,0.4932,nonmatch,0.6773,0,0.5382,0.6739,75.34197256547222
175,1242,2,30,11,valence_classification,color_matching,matching,match_right,launisch,adjective,negative,blue,✲entführung✲,noun,negative,blue,0.4932,match,0.604,0,0.538,0.6737,75.31631897042931
175,1242,2,30,11,valence_classification,color_matching,matching,match_right,launisch,adjective,negative,blue,✲entführung✲,noun,negative,blue,0.4932,nonmatch,0.7116,1,0.538,0.6737,75.31631897042931
175,1243,3,30,11,valence_classification,color_matching,matching,match_right,leiche,noun,negative,blue,✲✲✲✲spaß✲✲✲✲,noun,positive,brown,0.4932,nonmatch,0.8016,0,0.5385,0.6742,75.38914987265376
175,1244,4,30,11,valence_classification,color_matching,matching,match_right,schlecht,adjective,negative,brown,✲✲ehrlich✲✲✲,adjective,positive,brown,0.4932,match,0.9276,0,0.5383,0.674,75.36434833027016
175,1245,5,30,11,valence_classification,color_matching,matching,match_right,glück,noun,positive,blue,✲✲schleim✲✲✲,noun,negative,brown,0.4932,nonmatch,0.569,0,0.5381,0.6739,75.33919313591768
175,1246,6,30,11,valence_classification,color_matching,matching,match_right,glück,noun,positive,brown,✲✲✲schön✲✲✲✲,adjective,positive,blue,0.4932,nonmatch,0.485,0,0.538,0.6737,75.3136511613762
175,1247,7,30,11,valence_classification,color_matching,matching,match_right,gierig,adjective,negative,blue,✲✲launisch✲✲,adjective,negative,brown,0.4932,nonmatch,0.4748,0,0.5378,0.6735,75.28768842266933
175,1248,8,30,11,valence_classification,color_matching,matching,match_right,liebe,noun,positive,blue,✲✲launisch✲✲,adjective,negative,brown,0.4932,nonmatch,0.6184,0,0.5376,0.6733,75.26126999882545
175,1249,9,30,11,valence_classification,color_matching,matching,match_right,gierig,adjective,negative,blue,✲✲✲gütig✲✲✲✲,adjective,positive,blue,0.4932,match,0.5319,0,0.5374,0.6731,75.23435994781875
175,1250,10,30,11,valence_classification,color_matching,matching,match_right,entführung,noun,negative,blue,✲✲✲✲gift✲✲✲✲,noun,negative,blue,0.4932,match,0.5261,0,0.5372,0.6729,75.20692121940944
175,1251,11,30,11,valence_classification,color_matching,matching,match_right,spaß,noun,positive,blue,✲✲✲glück✲✲✲✲,noun,positive,blue,0.4932,match,0.7307,0,0.537,0.6727,75.18077392296817
175,1252,12,30,11,valence_classification,color_matching,matching,match_right,liebe,noun,positive,brown,✲✲einfall✲✲✲,noun,positive,blue,0.4963,nonmatch,0.5904,0,0.5368,0.6726,75.15820158657152
175,1253,13,30,11,valence_classification,color_matching,matching,match_right,entführung,noun,negative,blue,✲✲✲liebe✲✲✲✲,noun,positive,blue,0.4932,match,0.521,0,0.5367,0.6724,75.1359504554648
175,1254,14,30,11,valence_classification,color_matching,matching,match_right,launisch,adjective,negative,brown,✲✲✲lustig✲✲✲,adjective,positive,blue,0.4961,nonmatch,0.747,0,0.5365,0.6722,75.11399261535311
175,1255,15,30,11,valence_classification,color_matching,matching,match_right,liebe,noun,positive,brown,✲✲✲✲gift✲✲✲✲,noun,negative,blue,0.4936,match,0.6062,1,0.5364,0.6721,75.09230086122216
175,1256,16,30,11,valence_classification,color_matching,matching,match_right,schön,adjective,positive,blue,✲✲ehrlich✲✲✲,adjective,positive,blue,0.4932,match,0.6613,0,0.5368,0.6725,75.15668085299711
175,1257,17,30,11,valence_classification,color_matching,matching,match_right,ehrlich,adjective,positive,brown,✲✲✲leiche✲✲✲,noun,negative,blue,0.4932,nonmatch,0.6209,0,0.5367,0.6724,75.1345874149871
175,1258,18,30,11,valence_classification,color_matching,matching,match_right,entführung,noun,negative,blue,✲✲✲schön✲✲✲✲,adjective,positive,brown,0.4932,nonmatch,0.5754,0,0.5365,0.6722,75.11278398969407
175,1259,19,30,11,valence_classification,color_matching,matching,match_right,gütig,adjective,positive,brown,✲✲✲lustig✲✲✲,adjective,positive,brown,0.4932,match,0.5561,0,0.5364,0.6721,75.09124373372826
175,1260,20,30,11,valence_classification,color_matching,matching,match_right,eitel,adjective,negative,brown,✲✲schlecht✲✲,adjective,negative,brown,0.4932,match,0.4861,0,0.5362,0.6719,75.0699404353754
175,1261,21,30,11,valence_classification,color_matching,matching,match_right,einfall,noun,positive,blue,✲entführung✲,noun,negative,blue,0.4932,nonmatch,0.5847,1,0.5361,0.6718,75.04884845210209
175,1262,22,30,11,valence_classification,color_matching,matching,match_right,leiche,noun,negative,blue,✲✲launisch✲✲,adjective,negative,brown,0.4932,nonmatch,0.5989,0,0.5365,0.6722,75.1115876722852
175,1263,23,30,11,valence_classification,color_matching,matching,match_right,spaß,noun,positive,blue,✲✲ehrlich✲✲✲,adjective,positive,blue,0.4932,match,0.4862,0,0.5364,0.6721,75.09019694821033
175,1264,24,30,11,valence_classification,color_matching,matching,match_right,gütig,adjective,positive,brown,✲✲✲✲spaß✲✲✲✲,noun,positive,brown,0.4932,nonmatch,0.5773,1,0.5362,0.6719,75.06904065784096
175,1265,25,30,11,valence_classification,color_matching,matching,match_right,ehrlich,adjective,positive,brown,✲✲✲gierig✲✲✲,adjective,negative,brown,0.4932,match,0.4461,0,0.5367,0.6724,75.1319040722809
175,1266,26,30,11,valence_classification,color_matching,matching,match_right,gütig,adjective,positive,blue,✲✲✲eitel✲✲✲✲,adjective,negative,blue,0.4932,match,0.7178,0,0.5365,0.6722,75.11040346895798
175,1267,27,30,11,valence_classification,color_matching,matching,match_right,schön,adjective,positive,brown,✲✲schlecht✲✲,adjective,negative,blue,0.4932,nonmatch,0.4768,0,0.5364,0.6721,75.08916034839349
175,1268,28,30,11,valence_classification,color_matching,matching,match_right,schön,adjective,positive,brown,✲✲✲glück✲✲✲✲,noun,positive,blue,0.4932,nonmatch,0.6752,0,0.5362,0.6719,75.06814917914154
175,1269,29,30,11,valence_classification,color_matching,matching,match_right,launisch,adjective,negative,blue,✲✲✲✲spaß✲✲✲✲,noun,positive,blue,0.4932,match,0.6354,0,0.5361,0.6718,75.04734497950402
175,1270,30,30,11,valence_classification,color_matching,matching,match_right,einfall,noun,positive,brown,✲✲✲gütig✲✲✲✲,adjective,positive,brown,0.4932,match,0.6079,0,0.5359,0.6716,75.02672325958532
175,1271,31,30,11,valence_classification,color_matching,matching,match_right,entführung,noun,negative,brown,✲✲schlecht✲✲,adjective,negative,brown,0.4932,match,0.5922,0,0.5358,0.6715,75.0062599652478
175,1272,32,30,11,valence_classification,color_matching,matching,match_right,einfall,noun,positive,brown,✲✲✲liebe✲✲✲✲,noun,positive,brown,0.4932,match,0.6205,0,0.5356,0.6713,74.9859314237675
175,1273,33,30,11,valence_classification,color_matching,matching,match_right,gift,noun,negative,blue,✲✲✲lustig✲✲✲,adjective,positive,blue,0.4932,match,0.6326,0,0.5355,0.6712,74.96571429099671
175,1274,34,30,11,valence_classification,color_matching,matching,match_right,liebe,noun,positive,blue,✲✲✲lustig✲✲✲,adjective,positive,brown,0.4932,nonmatch,0.4533,0,0.5353,0.671,74.9455854998484
175,1275,35,30,11,valence_classification,color_matching,matching,match_right,schleim,noun,negative,blue,✲✲✲leiche✲✲✲,noun,negative,brown,0.4932,nonmatch,0.5041,0,0.5352,0.6709,74.92552220992597
175,1276,36,30,11,valence_classification,color_matching,matching,match_right,schleim,noun,negative,brown,✲✲✲glück✲✲✲✲,noun,positive,blue,0.5065,nonmatch,0.6291,0,0.535,0.6708,74.9055017581273
175,1277,37,30,11,valence_classification,color_matching,matching,match_right,gift,noun,negative,brown,✲✲einfall✲✲✲,noun,positive,brown,0.4932,match,0.5468,0,0.5349,0.6706,74.88550161005823
175,1278,38,30,11,valence_classification,color_matching,matching,match_right,gierig,adjective,negative,brown,✲✲schleim✲✲✲,noun,negative,blue,0.4932,nonmatch,0.4675,0,0.5348,0.6705,74.86549931209538
175,1279,39,30,11,valence_classification,color_matching,matching,match_right,einfall,noun,positive,brown,✲✲schlecht✲✲,adjective,negative,brown,0.4932,nonmatch,0.5564,1,0.5346,0.6703,74.8454724439423
175,1280,40,30,11,valence_classification,color_matching,matching,match_right,schlecht,adjective,negative,brown,✲✲einfall✲✲✲,noun,positive,brown,0.4932,match,0.5611,0,0.535,0.6708,74.90571375953176
175,1281,41,30,11,valence_classification,color_matching,matching,match_right,leiche,noun,negative,brown,✲✲schleim✲✲✲,noun,negative,blue,0.4932,nonmatch,0.5319,0,0.5349,0.6706,74.8858485733978
175,1282,42,30,11,valence_classification,color_matching,matching,match_right,lustig,adjective,positive,blue,✲✲launisch✲✲,adjective,negative,brown,0.4932,nonmatch,0.5105,0,0.5348,0.6705,74.86598175527008
175,1283,43,30,11,valence_classification,color_matching,matching,match_right,gift,noun,negative,brown,✲✲✲eitel✲✲✲✲,adjective,negative,blue,0.4932,nonmatch,0.6112,0,0.5346,0.6703,74.84609116788768
175,1284,44,30,11,valence_classification,color_matching,matching,match_right,eitel,adjective,negative,blue,✲✲✲schön✲✲✲✲,adjective,positive,brown,0.4963,nonmatch,0.5722,0,0.5345,0.6702,74.82615466150226
175,1285,45,30,11,valence_classification,color_matching,matching,match_right,schön,adjective,positive,blue,✲✲✲✲gift✲✲✲✲,noun,negative,brown,0.4932,nonmatch,0.554,0,0.5343,0.67,74.80615002785039
175,1286,46,30,11,valence_classification,color_matching,matching,match_right,ehrlich,adjective,positive,blue,✲✲✲schön✲✲✲✲,adjective,positive,brown,0.4932,nonmatch,0.5271,0,0.5342,0.6699,74.7861920722273
175,1287,47,30,11,valence_classification,color_matching,matching,match_right,gütig,adjective,positive,blue,✲entführung✲,noun,negative,blue,0.4932,match,0.6363,0,0.534,0.6698,74.76611754029229
175,1288,48,30,11,valence_classification,color_matching,matching,match_right,lustig,adjective,positive,brown,✲✲schleim✲✲✲,noun,negative,brown,0.4932,match,0.7428,0,0.5339,0.6696,74.74590417878963
175,1289,49,30,11,valence_classification,color_matching,matching,match_right,schleim,noun,negative,brown,✲✲ehrlich✲✲✲,adjective,positive,blue,0.4932,nonmatch,0.5754,0,0.5338,0.6695,74.72552947575207
175,1290,50,30,11,valence_classification,color_matching,matching,match_right,launisch,adjective,negative,blue,✲✲✲gierig✲✲✲,adjective,negative,blue,0.4932,match,0.5683,0,0.5336,0.6693,74.70497061453125
175,1291,51,30,11,valence_classification,color_matching,matching,match_right,lustig,adjective,positive,blue,✲✲einfall✲✲✲,noun,positive,brown,0.4932,nonmatch,0.4759,0,0.5335,0.6692,74.68420442709142
175,1292,52,30,11,valence_classification,color_matching,matching,match_right,schlecht,adjective,negative,brown,✲✲✲eitel✲✲✲✲,adjective,negative,blue,0.4932,nonmatch,0.6143,0,0.5333,0.669,74.66320734643107
175,1293,53,30,11,valence_classification,color_matching,matching,match_right,spaß,noun,positive,brown,✲✲✲leiche✲✲✲,noun,negative,brown,0.4932,nonmatch,0.5479,1,0.5332,0.6689,74.6419553579886
175,1294,54,30,11,valence_classification,color_matching,matching,match_right,eitel,adjective,negative,blue,✲✲✲liebe✲✲✲✲,noun,positive,brown,0.4932,nonmatch,0.3408,0,0.5336,0.6693,74.70209256981965
175,1295,55,30,11,valence_classification,color_matching,matching,match_right,lustig,adjective,positive,brown,✲✲✲gütig✲✲✲✲,adjective,positive,blue,0.4932,nonmatch,0.6142,0,0.5334,0.6692,74.68141205548038
175,1296,56,30,11,valence_classification,color_matching,matching,match_right,gift,noun,negative,brown,✲entführung✲,noun,negative,brown,0.4932,match,0.5498,0,0.5333,0.669,74.6604987881231
175,1297,57,30,11,valence_classification,color_matching,matching,match_right,spaß,noun,positive,blue,✲✲✲gierig✲✲✲,adjective,negative,blue,0.4932,match,0.5475,0,0.5331,0.6689,74.63932894086605
175,1298,58,30,11,valence_classification,color_matching,matching,match_right,glück,noun,positive,blue,✲✲✲✲spaß✲✲✲✲,noun,positive,brown,0.4932,nonmatch,0.5476,0,0.533,0.6687,74.61787818846852
175,1299,59,30,11,valence_classification,color_matching,matching,match_right,leiche,noun,negative,brown,✲✲✲gütig✲✲✲✲,adjective,positive,brown,0.4932,match,0.4318,0,0.5328,0.6685,74.59612165689217
175,1300,60,30,11,valence_classification,color_matching,matching,match_right,ehrlich,adjective,positive,blue,✲✲✲liebe✲✲✲✲,noun,positive,blue,0.4932,nonmatch,0.6255,1,0.5327,0.6684,74.57403387141106
175,1300,60,30,11,valence_classification,color_matching,matching,match_right,ehrlich,adjective,positive,blue,✲✲✲liebe✲✲✲✲,noun,positive,blue,0.4932,match,0.7669,0,0.5327,0.6684,74.57403387141106
175,1301,61,30,11,valence_classification,color_matching,matching,match_right,eitel,adjective,negative,brown,✲✲✲✲gift✲✲✲✲,noun,negative,brown,0.4932,match,0.5468,0,0.5325,0.6682,74.55158870311753
175,1302,62,30,11,valence_classification,color_matching,matching,match_right,schlecht,adjective,negative,blue,✲✲✲leiche✲✲✲,noun,negative,brown,0.4932,nonmatch,0.4053,0,0.5323,0.6681,74.52875931366562
175,1303,63,30,11,valence_classification,color_matching,matching,match_right,glück,noun,positive,brown,✲✲✲eitel✲✲✲✲,adjective,negative,blue,0.4932,nonmatch,0.4268,0,0.5322,0.6679,74.50551809809048
175,1304,64,30,11,valence_classification,color_matching,matching,match_right,schleim,noun,negative,blue,✲✲✲gierig✲✲✲,adjective,negative,blue,0.4932,match,0.6281,0,0.532,0.6677,74.48183662553336
175,1305,1,31,12,valence_classification,color_matching,matching,match_right,gift,noun,negative,blue,✲✲schleim✲✲✲,noun,negative,blue,0.4932,match,0.4259,0,0.5318,0.6676,74.4576855776974
175,1306,2,31,12,valence_classification,color_matching,matching,match_right,gütig,adjective,positive,brown,✲✲einfall✲✲✲,noun,positive,brown,0.4932,match,0.6071,0,0.5317,0.6674,74.43451215318288
175,1307,3,31,12,valence_classification,color_matching,matching,match_right,leiche,noun,negative,brown,✲✲✲schön✲✲✲✲,adjective,positive,brown,0.4932,match,0.3425,0,0.5315,0.6672,74.4147987663186
175,1308,4,31,12,valence_classification,color_matching,matching,match_right,schleim,noun,negative,blue,✲✲ehrlich✲✲✲,adjective,positive,blue,0.4932,nonmatch,0.3817,1,0.5314,0.6671,74.39537099403647
175,1309,5,31,12,valence_classification,color_matching,matching,match_right,ehrlich,adjective,positive,brown,✲entführung✲,noun,negative,blue,0.4932,nonmatch,0.4318,0,0.5318,0.6675,74.45569109747785
175,1310,6,31,12,valence_classification,color_matching,matching,match_right,launisch,adjective,negative,blue,✲✲✲leiche✲✲✲,noun,negative,brown,0.4932,match,0.2888,1,0.5317,0.6674,74.43298743237143
175,1311,7,31,12,valence_classification,color_matching,matching,match_right,gütig,adjective,positive,blue,✲✲schleim✲✲✲,noun,negative,blue,0.4932,match,0.343,0,0.5322,0.6679,74.50124593305455
175,1312,8,31,12,valence_classification,color_matching,matching,match_right,spaß,noun,positive,brown,✲✲✲eitel✲✲✲✲,adjective,negative,blue,0.4932,nonmatch,0.4142,0,0.532,0.6677,74.47771236587784
175,1313,9,31,12,valence_classification,color_matching,matching,match_right,entführung,noun,negative,brown,✲✲✲eitel✲✲✲✲,adjective,negative,brown,0.4932,match,0.4912,0,0.5318,0.6675,74.45370893815291
175,1314,10,31,12,valence_classification,color_matching,matching,match_right,schlecht,adjective,negative,blue,✲✲launisch✲✲,adjective,negative,blue,0.4964,nonmatch,0.4962,1,0.5317,0.6674,74.43147766755693
175,1315,11,31,12,valence_classification,color_matching,matching,match_right,leiche,noun,negative,brown,✲✲✲gierig✲✲✲,adjective,negative,blue,0.4966,nonmatch,0.4428,0,0.5321,0.6679,74.49913148318328
175,1316,12,31,12,valence_classification,color_matching,matching,match_right,schön,adjective,positive,blue,✲✲✲leiche✲✲✲,noun,negative,brown,0.4933,nonmatch,0.5436,0,0.532,0.6677,74.4756701797375
175,1317,13,31,12,valence_classification,color_matching,matching,match_right,entführung,noun,negative,brown,✲✲✲liebe✲✲✲✲,noun,positive,blue,0.4932,nonmatch,0.6327,0,0.5318,0.6675,74.45173888545926
175,1318,14,31,12,valence_classification,color_matching,matching,match_right,gierig,adjective,negative,brown,✲✲✲glück✲✲✲✲,noun,positive,blue,0.4932,nonmatch,0.6124,0,0.5316,0.6674,74.42998263281099
175,1319,15,31,12,valence_classification,color_matching,matching,match_right,schleim,noun,negative,brown,✲✲✲✲gift✲✲✲✲,noun,negative,brown,0.4932,match,0.536,0,0.5315,0.6672,74.41064117629371
175,1320,16,31,12,valence_classification,color_matching,matching,match_right,spaß,noun,positive,blue,✲✲ehrlich✲✲✲,adjective,positive,brown,0.4932,nonmatch,0.5897,0,0.5314,0.6671,74.39157683431951
175,1321,17,31,12,valence_classification,color_matching,matching,match_right,ehrlich,adjective,positive,brown,✲✲✲schön✲✲✲✲,adjective,positive,blue,0.4932,nonmatch,0.5077,0,0.5312,0.6669,74.37276866111245
175,1322,18,31,12,valence_classification,color_matching,matching,match_right,schleim,noun,negative,brown,✲✲✲✲spaß✲✲✲✲,noun,positive,brown,0.4932,match,0.673,0,0.5311,0.6668,74.35419623398508
175,1323,19,31,12,valence_classification,color_matching,matching,match_right,glück,noun,positive,brown,✲✲✲gütig✲✲✲✲,adjective,positive,blue,0.496,nonmatch,0.5136,0,0.531,0.6667,74.33583961030062
175,1324,20,31,12,valence_classification,color_matching,matching,match_right,gierig,adjective,negative,brown,✲✲✲schön✲✲✲✲,adjective,positive,brown,0.4932,match,0.5641,0,0.5308,0.6666,74.3176792860142
175,1325,21,31,12,valence_classification,color_matching,matching,match_right,liebe,noun,positive,blue,✲✲launisch✲✲,adjective,negative,blue,0.4961,match,0.5691,0,0.5307,0.6664,74.29969615565768
175,1326,22,31,12,valence_classification,color_matching,matching,match_right,schlecht,adjective,negative,brown,✲✲✲gütig✲✲✲✲,adjective,positive,blue,0.4932,match,0.6191,1,0.5306,0.6663,74.28187147363818
175,1327,23,31,12,valence_classification,color_matching,matching,match_right,einfall,noun,positive,blue,✲✲✲✲spaß✲✲✲✲,noun,positive,brown,0.4932,match,0.6184,1,0.531,0.6667,74.3349395997175
175,1328,24,31,12,valence_classification,color_matching,matching,match_right,gift,noun,negative,blue,✲✲einfall✲✲✲,noun,positive,brown,0.4932,match,0.5719,1,0.5314,0.6671,74.38910631774866
175,1329,25,31,12,valence_classification,color_matching,matching,match_right,spaß,noun,positive,brown,✲✲✲✲gift✲✲✲✲,noun,negative,brown,0.4932,match,0.548,0,0.5318,0.6675,74.44589928867458
175,1330,26,31,12,valence_classification,color_matching,matching,match_right,liebe,noun,positive,blue,✲✲✲schön✲✲✲✲,adjective,positive,blue,0.4932,match,0.5468,0,0.5316,0.6673,74.42558371739224
175,1331,27,31,12,valence_classification,color_matching,matching,match_right,schön,adjective,positive,blue,✲✲✲✲spaß✲✲✲✲,noun,positive,brown,0.4932,nonmatch,0.5325,0,0.5315,0.6672,74.406601473291
175,1332,28,31,12,valence_classification,color_matching,matching,match_right,launisch,adjective,negative,brown,✲✲schlecht✲✲,adjective,negative,blue,0.4932,nonmatch,0.5148,0,0.5313,0.6671,74.38788822734482
175,1333,29,31,12,valence_classification,color_matching,matching,match_right,lustig,adjective,positive,brown,✲✲✲liebe✲✲✲✲,noun,positive,blue,0.4932,nonmatch,0.6327,0,0.5312,0.6669,74.36942375126448
175,1334,30,31,12,valence_classification,color_matching,matching,match_right,liebe,noun,positive,brown,✲entführung✲,noun,negative,blue,0.4932,nonmatch,0.5694,0,0.5311,0.6668,74.3511883160465
175,1335,31,31,12,valence_classification,color_matching,matching,match_right,gift,noun,negative,blue,✲✲launisch✲✲,adjective,negative,blue,0.4932,match,0.5063,0,0.531,0.6667,74.33316265112407
175,1336,32,31,12,valence_classification,color_matching,matching,match_right,lustig,adjective,positive,brown,✲✲✲✲gift✲✲✲✲,noun,negative,brown,0.4933,match,0.5683,0,0.5308,0.6665,74.31532790500069
175,1337,33,31,12,valence_classification,color_matching,matching,match_right,gütig,adjective,positive,blue,✲✲✲gierig✲✲✲,adjective,negative,brown,0.4935,nonmatch,0.5785,0,0.5307,0.6664,74.2976656072393
175,1338,34,31,12,valence_classification,color_matching,matching,match_right,ehrlich,adjective,positive,brown,✲✲launisch✲✲,adjective,negative,brown,0.4932,match,0.4983,0,0.5306,0.6663,74.28015763168624
175,1339,35,31,12,valence_classification,color_matching,matching,match_right,lustig,adjective,positive,brown,✲✲✲gütig✲✲✲✲,adjective,positive,brown,0.4932,match,0.6506,0,0.5304,0.6662,74.26278616081511
175,1340,36,31,12,valence_classification,color_matching,matching,match_right,einfall,noun,positive,blue,✲✲schlecht✲✲,adjective,negative,brown,0.4932,nonmatch,0.5346,0,0.5303,0.666,74.2455336510797
175,1341,37,31,12,valence_classification,color_matching,matching,match_right,gift,noun,negative,brown,✲✲✲lustig✲✲✲,adjective,positive,blue,0.4932,nonmatch,0.5045,0,0.5302,0.6659,74.2283827991712
175,1342,38,31,12,valence_classification,color_matching,matching,match_right,schleim,noun,negative,blue,✲✲schlecht✲✲,adjective,negative,brown,0.4932,nonmatch,0.6828,0,0.5301,0.6658,74.21131650907843
175,1343,39,31,12,valence_classification,color_matching,matching,match_right,ehrlich,adjective,positive,blue,✲✲✲glück✲✲✲✲,noun,positive,blue,0.4932,nonmatch,0.7247,1,0.53,0.6657,74.19431785985296
175,1344,40,31,12,valence_classification,color_matching,matching,match_right,eitel,adjective,negative,brown,✲✲schleim✲✲✲,noun,negative,brown,0.4932,match,0.5066,0,0.5303,0.666,74.24517380123751
175,1345,41,31,12,valence_classification,color_matching,matching,match_right,eitel,adjective,negative,blue,✲✲✲gierig✲✲✲,adjective,negative,brown,0.4932,nonmatch,0.5898,0,0.5302,0.6659,74.22812335392253
175,1346,42,31,12,valence_classification,color_matching,matching,match_right,lustig,adjective,positive,brown,✲✲schlecht✲✲,adjective,negative,blue,0.4932,nonmatch,0.5683,0,0.5301,0.6658,74.211156890378
175,1347,43,31,12,valence_classification,color_matching,matching,match_right,schön,adjective,positive,blue,✲✲✲eitel✲✲✲✲,adjective,negative,blue,0.4932,match,0.4969,0,0.53,0.6657,74.1942576728774
175,1348,44,31,12,valence_classification,color_matching,matching,match_right,schön,adjective,positive,blue,✲✲✲lustig✲✲✲,adjective,positive,brown,0.4932,nonmatch,0.5756,0,0.5298,0.6656,74.17740910542932
175,1349,45,31,12,valence_classification,color_matching,matching,match_right,launisch,adjective,negative,blue,✲✲ehrlich✲✲✲,adjective,positive,blue,0.4932,match,0.6405,0,0.5297,0.6654,74.16059470317686
175,1350,46,31,12,valence_classification,color_matching,matching,match_right,leiche,noun,negative,blue,✲✲✲glück✲✲✲✲,noun,positive,blue,0.4932,match,0.5117,0,0.5296,0.6653,74.1437980622216
175,1351,47,31,12,valence_classification,color_matching,matching,match_right,glück,noun,positive,blue,✲✲✲leiche✲✲✲,noun,negative,brown,0.4932,nonmatch,0.7263,0,0.5295,0.6652,74.12700282978552
175,1352,48,31,12,valence_classification,color_matching,matching,match_right,entführung,noun,negative,blue,✲✲✲gütig✲✲✲✲,adjective,positive,brown,0.4936,nonmatch,0.607,0,0.5294,0.6651,74.11019267462981
175,1353,49,31,12,valence_classification,color_matching,matching,match_right,leiche,noun,negative,blue,✲entführung✲,noun,negative,brown,0.4932,nonmatch,0.5787,0,0.5292,0.665,74.09335125764842
175,1354,50,31,12,valence_classification,color_matching,matching,match_right,schlecht,adjective,negative,brown,✲✲✲✲gift✲✲✲✲,noun,negative,blue,0.4932,nonmatch,0.6255,0,0.5291,0.6648,74.07646220255677
175,1355,51,31,12,valence_classification,color_matching,matching,match_right,schlecht,adjective,negative,blue,✲✲✲✲spaß✲✲✲✲,noun,positive,blue,0.4932,match,0.6195,0,0.529,0.6647,74.05950906659606
175,1356,52,31,12,valence_classification,color_matching,matching,match_right,glück,noun,positive,brown,✲✲✲gierig✲✲✲,adjective,negative,brown,0.4932,nonmatch,0.586,1,0.5289,0.6646,74.04259175498598
175,1357,53,31,12,valence_classification,color_matching,matching,match_right,entführung,noun,negative,brown,✲✲✲leiche✲✲✲,noun,negative,blue,0.4932,nonmatch,0.5468,0,0.5292,0.6649,74.0901152593082
175,1358,54,31,12,valence_classification,color_matching,matching,match_right,einfall,noun,positive,brown,✲✲✲lustig✲✲✲,adjective,positive,brown,0.4932,nonmatch,0.5713,1,0.5291,0.6648,74.07330472811364
175,1359,55,31,12,valence_classification,color_matching,matching,match_right,gütig,adjective,positive,blue,✲✲ehrlich✲✲✲,adjective,positive,blue,0.4932,nonmatch,0.6183,1,0.5295,0.6652,74.12394908215937
175,1360,56,31,12,valence_classification,color_matching,matching,match_right,gierig,adjective,negative,blue,✲entführung✲,noun,negative,blue,0.4932,match,0.5404,0,0.5298,0.6655,74.17384391275408
175,1361,57,31,12,valence_classification,color_matching,matching,match_right,glück,noun,positive,brown,✲✲✲liebe✲✲✲✲,noun,positive,brown,0.4932,match,0.5397,0,0.5297,0.6654,74.15731698181415
175,1362,58,31,12,valence_classification,color_matching,matching,match_right,gierig,adjective,negative,brown,✲✲✲eitel✲✲✲✲,adjective,negative,brown,0.4932,match,0.5685,0,0.5296,0.6653,74.14080469235014
175,1363,59,31,12,valence_classification,color_matching,matching,match_right,eitel,adjective,negative,brown,✲✲✲liebe✲✲✲✲,noun,positive,brown,0.4932,match,0.54,0,0.5295,0.6652,74.12429120375143
175,1364,60,31,12,valence_classification,color_matching,matching,match_right,einfall,noun,positive,blue,✲✲schleim✲✲✲,noun,negative,blue,0.4932,match,0.5292,0,0.5293,0.6651,74.10776069143331
175,1365,61,31,12,valence_classification,color_matching,matching,match_right,spaß,noun,positive,brown,✲✲✲glück✲✲✲✲,noun,positive,blue,0.4932,nonmatch,0.5754,0,0.5292,0.6649,74.09119731880868
175,1366,62,31,12,valence_classification,color_matching,matching,match_right,liebe,noun,positive,blue,✲✲einfall✲✲✲,noun,positive,blue,0.4932,match,0.5713,0,0.5291,0.6648,74.07458520933753
175,1367,63,31,12,valence_classification,color_matching,matching,match_right,eitel,adjective,negative,blue,✲✲✲lustig✲✲✲,adjective,positive,brown,0.4963,nonmatch,0.6117,0,0.529,0.6647,74.05790841857937
175,1368,64,31,12,valence_classification,color_matching,matching,match_right,launisch,adjective,negative,blue,✲✲einfall✲✲✲,noun,positive,brown,0.4932,nonmatch,0.6971,0,0.5289,0.6646,74.04126536072565
