sid,tid,tix,bid,bix,study_task,current_task,study_phase,key_assignment,prime_identity,prime_part_of_speech,prime_valence,prime_color,target_identity,target_part_of_speech,target_valence,target_color,target_onset,response,response_time,error,response_window_start,response_window_end,n_target
186,1,1,1,1,part_of_speech_classification,part_of_speech_classification,acquisition,adjective_left,MQQM,,,black,spaß,noun,positive,black,0.9174,noun,1.724,0,0.41,0.54,41
186,2,2,1,1,part_of_speech_classification,part_of_speech_classification,acquisition,adjective_left,XVVX,,,black,launisch,adjective,negative,black,0.8805,adjective,0.9537,0,0.41,0.54,41
186,3,3,1,1,part_of_speech_classification,part_of_speech_classification,acquisition,adjective_left,XVVX,,,black,gierig,adjective,negative,black,0.8804,adjective,0.6471,0,0.41,0.54,41
186,4,4,1,1,part_of_speech_classification,part_of_speech_classification,acquisition,adjective_left,ZYYZ,,,black,schleim,noun,negative,black,0.8805,noun,0.7275,0,0.41,0.54,41
186,5,5,1,1,part_of_speech_classification,part_of_speech_classification,acquisition,adjective_left,WJJW,,,black,gütig,adjective,positive,black,0.8804,adjective,0.7497,0,0.41,0.54,41
186,6,6,1,1,part_of_speech_classification,part_of_speech_classification,acquisition,adjective_left,ZYYZ,,,black,gift,noun,negative,black,0.8804,noun,0.7124,0,0.41,0.54,41
186,7,7,1,1,part_of_speech_classification,part_of_speech_classification,acquisition,adjective_left,XVVX,,,black,schlecht,adjective,negative,black,0.8805,adjective,1.0254,0,0.41,0.54,41
186,8,8,1,1,part_of_speech_classification,part_of_speech_classification,acquisition,adjective_left,WJJW,,,black,schön,adjective,positive,black,0.8804,adjective,0.6885,0,0.41,0.54,41
186,9,9,1,1,part_of_speech_classification,part_of_speech_classification,acquisition,adjective_left,MQQM,,,black,einfall,noun,positive,black,0.8805,noun,1.1922,0,0.41,0.54,41
186,10,10,1,1,part_of_speech_classification,part_of_speech_classification,acquisition,adjective_left,XVVX,,,black,eitel,adjective,negative,black,0.8806,adjective,0.705,0,0.41,0.54,41
186,11,11,1,1,part_of_speech_classification,part_of_speech_classification,acquisition,adjective_left,WJJW,,,black,lustig,adjective,positive,black,0.8805,adjective,0.6419,0,0.41,0.54,41
186,12,12,1,1,part_of_speech_classification,part_of_speech_classification,acquisition,adjective_left,MQQM,,,black,einfall,noun,positive,black,0.8804,noun,0.7515,0,0.41,0.54,41
186,13,13,1,1,part_of_speech_classification,part_of_speech_classification,acquisition,adjective_left,ZYYZ,,,black,leiche,noun,negative,black,0.8805,noun,0.8178,0,0.41,0.54,41
186,14,14,1,1,part_of_speech_classification,part_of_speech_classification,acquisition,adjective_left,ZYYZ,,,black,entführung,noun,negative,black,0.8805,noun,0.7058,0,0.41,0.54,41
186,15,15,1,1,part_of_speech_classification,part_of_speech_classification,acquisition,adjective_left,MQQM,,,black,glück,noun,positive,black,0.8805,noun,0.6403,0,0.41,0.54,41
186,16,16,1,1,part_of_speech_classification,part_of_speech_classification,acquisition,adjective_left,MQQM,,,black,liebe,noun,positive,black,0.8805,noun,0.5678,0,0.41,0.54,41
186,17,17,1,1,part_of_speech_classification,part_of_speech_classification,acquisition,adjective_left,MQQM,,,black,glück,noun,positive,black,0.8805,noun,0.6964,0,0.41,0.54,41
186,18,18,1,1,part_of_speech_classification,part_of_speech_classification,acquisition,adjective_left,ZYYZ,,,black,entführung,noun,negative,black,0.8804,noun,0.7683,0,0.41,0.54,41
186,19,19,1,1,part_of_speech_classification,part_of_speech_classification,acquisition,adjective_left,WJJW,,,black,ehrlich,adjective,positive,black,0.8805,adjective,0.6255,0,0.41,0.54,41
186,20,20,1,1,part_of_speech_classification,part_of_speech_classification,acquisition,adjective_left,XVVX,,,black,eitel,adjective,negative,black,0.8805,adjective,0.6975,0,0.41,0.54,41
186,21,21,1,1,part_of_speech_classification,part_of_speech_classification,acquisition,adjective_left,WJJW,,,black,gütig,adjective,positive,black,0.8804,adjective,0.6419,0,0.41,0.54,41
186,22,22,1,1,part_of_speech_classification,part_of_speech_classification,acquisition,adjective_left,ZYYZ,,,black,gift,noun,negative,black,0.8805,noun,0.6328,0,0.41,0.54,41
186,23,23,1,1,part_of_speech_classification,part_of_speech_classification,acquisition,adjective_left,WJJW,,,black,ehrlich,adjective,positive,black,0.8805,adjective,0.6097,0,0.41,0.54,41
186,24,24,1,1,part_of_speech_classification,part_of_speech_classification,acquisition,adjective_left,XVVX,,,black,gierig,adjective,negative,black,0.8805,adjective,1.0013,0,0.41,0.54,41
186,25,1,2,2,part_of_speech_classification,part_of_speech_classification,acquisition,adjective_left,WJJW,,,black,schön,adjective,positive,black,0.881,adjective,0.6093,0,0.41,0.54,41
186,26,2,2,2,part_of_speech_classification,part_of_speech_classification,acquisition,adjective_left,WJJW,,,black,gütig,adjective,positive,black,0.8804,adjective,1.0981,0,0.41,0.54,41
186,27,3,2,2,part_of_speech_classification,part_of_speech_classification,acquisition,adjective_left,MQQM,,,black,spaß,noun,positive,black,0.8806,noun,0.7013,0,0.41,0.54,41
186,28,4,2,2,part_of_speech_classification,part_of_speech_classification,acquisition,adjective_left,XVVX,,,black,launisch,adjective,negative,black,0.8804,adjective,0.5406,0,0.41,0.54,41
186,29,5,2,2,part_of_speech_classification,part_of_speech_classification,acquisition,adjective_left,ZYYZ,,,black,entführung,noun,negative,black,0.8805,noun,0.9129,0,0.41,0.54,41
186,30,6,2,2,part_of_speech_classification,part_of_speech_classification,acquisition,adjective_left,XVVX,,,black,schlecht,adjective,negative,black,0.8804,adjective,0.4778,0,0.41,0.54,41
186,31,7,2,2,part_of_speech_classification,part_of_speech_classification,acquisition,adjective_left,XVVX,,,black,eitel,adjective,negative,black,0.8805,adjective,0.619,0,0.41,0.54,41
186,32,8,2,2,part_of_speech_classification,part_of_speech_classification,acquisition,adjective_left,MQQM,,,black,einfall,noun,positive,black,0.8805,noun,0.6473,0,0.41,0.54,41
186,33,9,2,2,part_of_speech_classification,part_of_speech_classification,acquisition,adjective_left,WJJW,,,black,lustig,adjective,positive,black,0.8804,adjective,0.5165,0,0.41,0.54,41
186,34,10,2,2,part_of_speech_classification,part_of_speech_classification,acquisition,adjective_left,XVVX,,,black,gierig,adjective,negative,black,0.8807,adjective,0.5486,0,0.41,0.54,41
186,35,11,2,2,part_of_speech_classification,part_of_speech_classification,acquisition,adjective_left,MQQM,,,black,glück,noun,positive,black,0.8804,noun,0.5096,0,0.41,0.54,41
186,36,12,2,2,part_of_speech_classification,part_of_speech_classification,acquisition,adjective_left,WJJW,,,black,ehrlich,adjective,positive,black,0.8804,adjective,0.6768,0,0.41,0.54,41
186,37,13,2,2,part_of_speech_classification,part_of_speech_classification,acquisition,adjective_left,WJJW,,,black,ehrlich,adjective,positive,black,0.8804,adjective,0.7217,0,0.41,0.54,41
186,38,14,2,2,part_of_speech_classification,part_of_speech_classification,acquisition,adjective_left,WJJW,,,black,gütig,adjective,positive,black,0.8805,adjective,0.6968,0,0.41,0.54,41
186,39,15,2,2,part_of_speech_classification,part_of_speech_classification,acquisition,adjective_left,ZYYZ,,,black,gift,noun,negative,black,0.8805,noun,0.3554,0,0.41,0.54,41
186,40,16,2,2,part_of_speech_classification,part_of_speech_classification,acquisition,adjective_left,MQQM,,,black,einfall,noun,positive,black,0.8805,noun,0.5646,0,0.41,0.54,41
186,41,17,2,2,part_of_speech_classification,part_of_speech_classification,acquisition,adjective_left,XVVX,,,black,gierig,adjective,negative,black,0.8805,adjective,0.4455,0,0.41,0.54,41
186,42,18,2,2,part_of_speech_classification,part_of_speech_classification,acquisition,adjective_left,MQQM,,,black,liebe,noun,positive,black,0.8807,noun,0.6364,0,0.41,0.54,41
186,43,19,2,2,part_of_speech_classification,part_of_speech_classification,acquisition,adjective_left,XVVX,,,black,eitel,adjective,negative,black,0.8805,adjective,0.6477,0,0.41,0.54,41
186,44,20,2,2,part_of_speech_classification,part_of_speech_classification,acquisition,adjective_left,ZYYZ,,,black,schleim,noun,negative,black,0.8804,noun,0.5771,0,0.41,0.54,41
186,45,21,2,2,part_of_speech_classification,part_of_speech_classification,acquisition,adjective_left,ZYYZ,,,black,leiche,noun,negative,black,0.8805,noun,0.6055,0,0.41,0.54,41
186,46,22,2,2,part_of_speech_classification,part_of_speech_classification,acquisition,adjective_left,ZYYZ,,,black,gift,noun,negative,black,0.8805,noun,0.7095,0,0.41,0.54,41
186,47,23,2,2,part_of_speech_classification,part_of_speech_classification,acquisition,adjective_left,MQQM,,,black,glück,noun,positive,black,0.8804,noun,0.6199,0,0.41,0.54,41
186,48,24,2,2,part_of_speech_classification,part_of_speech_classification,acquisition,adjective_left,ZYYZ,,,black,entführung,noun,negative,black,0.8805,noun,0.393,0,0.41,0.54,41
186,49,1,3,3,part_of_speech_classification,part_of_speech_classification,acquisition,adjective_left,WJJW,,,black,schön,adjective,positive,black,0.8808,adjective,0.6352,0,0.39,0.52,39
186,50,2,3,3,part_of_speech_classification,part_of_speech_classification,acquisition,adjective_left,MQQM,,,black,liebe,noun,positive,black,0.8805,adjective,0.3636,1,0.39,0.52,39
186,51,3,3,3,part_of_speech_classification,part_of_speech_classification,acquisition,adjective_left,ZYYZ,,,black,gift,noun,negative,black,0.8805,noun,0.4391,0,0.39,0.52,39
186,52,4,3,3,part_of_speech_classification,part_of_speech_classification,acquisition,adjective_left,XVVX,,,black,launisch,adjective,negative,black,0.8805,adjective,0.6106,0,0.39,0.52,39
186,53,5,3,3,part_of_speech_classification,part_of_speech_classification,acquisition,adjective_left,XVVX,,,black,launisch,adjective,negative,black,0.8805,adjective,0.4762,0,0.39,0.52,39
186,53,5,3,3,part_of_speech_classification,part_of_speech_classification,acquisition,adjective_left,XVVX,,,black,launisch,adjective,negative,black,0.8805,adjective,0.5546,0,0.39,0.52,39
186,54,6,3,3,part_of_speech_classification,part_of_speech_classification,acquisition,adjective_left,WJJW,,,black,lustig,adjective,positive,black,0.8805,adjective,0.6105,0,0.39,0.52,39
186,55,7,3,3,part_of_speech_classification,part_of_speech_classification,acquisition,adjective_left,XVVX,,,black,schlecht,adjective,negative,black,0.8804,adjective,0.5284,0,0.39,0.52,39
186,56,8,3,3,part_of_speech_classification,part_of_speech_classification,acquisition,adjective_left,WJJW,,,black,schön,adjective,positive,black,0.8807,adjective,0.4632,0,0.39,0.52,39
186,57,9,3,3,part_of_speech_classification,part_of_speech_classification,acquisition,adjective_left,WJJW,,,black,ehrlich,adjective,positive,black,0.8804,adjective,0.5654,0,0.39,0.52,39
186,58,10,3,3,part_of_speech_classification,part_of_speech_classification,acquisition,adjective_left,MQQM,,,black,spaß,noun,positive,black,0.8807,noun,0.3838,0,0.39,0.52,39
186,59,11,3,3,part_of_speech_classification,part_of_speech_classification,acquisition,adjective_left,WJJW,,,black,gütig,adjective,positive,black,0.8805,adjective,0.6514,0,0.39,0.52,39
186,60,12,3,3,part_of_speech_classification,part_of_speech_classification,acquisition,adjective_left,WJJW,,,black,schön,adjective,positive,black,0.8805,adjective,0.5099,0,0.39,0.52,39
186,61,13,3,3,part_of_speech_classification,part_of_speech_classification,acquisition,adjective_left,ZYYZ,,,black,gift,noun,negative,black,0.8808,noun,0.6678,0,0.39,0.52,39
186,62,14,3,3,part_of_speech_classification,part_of_speech_classification,acquisition,adjective_left,MQQM,,,black,einfall,noun,positive,black,0.8804,noun,0.5644,0,0.39,0.52,39
186,63,15,3,3,part_of_speech_classification,part_of_speech_classification,acquisition,adjective_left,MQQM,,,black,glück,noun,positive,black,0.8805,noun,0.6256,0,0.39,0.52,39
186,64,16,3,3,part_of_speech_classification,part_of_speech_classification,acquisition,adjective_left,ZYYZ,,,black,gift,noun,negative,black,0.8806,noun,0.5429,0,0.39,0.52,39
186,65,17,3,3,part_of_speech_classification,part_of_speech_classification,acquisition,adjective_left,XVVX,,,black,gierig,adjective,negative,black,0.8805,adjective,0.4331,0,0.39,0.52,39
186,66,18,3,3,part_of_speech_classification,part_of_speech_classification,acquisition,adjective_left,MQQM,,,black,spaß,noun,positive,black,0.8805,noun,0.6102,0,0.39,0.52,39
186,67,19,3,3,part_of_speech_classification,part_of_speech_classification,acquisition,adjective_left,XVVX,,,black,schlecht,adjective,negative,black,0.8804,noun,0.4731,1,0.39,0.52,39
186,68,20,3,3,part_of_speech_classification,part_of_speech_classification,acquisition,adjective_left,XVVX,,,black,launisch,adjective,negative,black,0.8805,adjective,0.525,0,0.39,0.52,39
186,69,21,3,3,part_of_speech_classification,part_of_speech_classification,acquisition,adjective_left,XVVX,,,black,gierig,adjective,negative,black,0.8804,adjective,0.4331,0,0.39,0.52,39
186,70,22,3,3,part_of_speech_classification,part_of_speech_classification,acquisition,adjective_left,ZYYZ,,,black,entführung,noun,negative,black,0.8805,noun,0.5406,0,0.39,0.52,39
186,71,23,3,3,part_of_speech_classification,part_of_speech_classification,acquisition,adjective_left,MQQM,,,black,einfall,noun,positive,black,0.8804,noun,0.5375,0,0.39,0.52,39
186,72,24,3,3,part_of_speech_classification,part_of_speech_classification,acquisition,adjective_left,ZYYZ,,,black,schleim,noun,negative,black,0.8805,noun,0.542,0,0.39,0.52,39
186,73,25,3,3,part_of_speech_classification,part_of_speech_classification,acquisition,adjective_left,MQQM,,,black,spaß,noun,positive,black,0.8804,noun,0.4129,0,0.39,0.52,39
186,74,26,3,3,part_of_speech_classification,part_of_speech_classification,acquisition,adjective_left,MQQM,,,black,liebe,noun,positive,black,0.8805,noun,0.499,0,0.39,0.52,39
186,75,27,3,3,part_of_speech_classification,part_of_speech_classification,acquisition,adjective_left,MQQM,,,black,glück,noun,positive,black,0.8805,noun,0.4231,0,0.39,0.52,39
186,76,28,3,3,part_of_speech_classification,part_of_speech_classification,acquisition,adjective_left,XVVX,,,black,eitel,adjective,negative,black,0.8805,adjective,0.5335,0,0.39,0.52,39
186,77,29,3,3,part_of_speech_classification,part_of_speech_classification,acquisition,adjective_left,ZYYZ,,,black,entführung,noun,negative,black,0.8804,noun,0.5564,0,0.39,0.52,39
186,78,30,3,3,part_of_speech_classification,part_of_speech_classification,acquisition,adjective_left,WJJW,,,black,ehrlich,adjective,positive,black,0.8805,adjective,0.5031,0,0.39,0.52,39
186,79,31,3,3,part_of_speech_classification,part_of_speech_classification,acquisition,adjective_left,XVVX,,,black,eitel,adjective,negative,black,0.8804,adjective,2.4274,0,0.39,0.52,39
186,80,32,3,3,part_of_speech_classification,part_of_speech_classification,acquisition,adjective_left,WJJW,,,black,gütig,adjective,positive,black,0.8805,noun,0.5144,1,0.39,0.52,39
186,81,33,3,3,part_of_speech_classification,part_of_speech_classification,acquisition,adjective_left,XVVX,,,black,eitel,adjective,negative,black,0.8805,adjective,0.5131,0,0.39,0.52,39
186,82,34,3,3,part_of_speech_classification,part_of_speech_classification,acquisition,adjective_left,MQQM,,,black,glück,noun,positive,black,0.8805,adjective,0.5702,1,0.39,0.52,39
186,83,35,3,3,part_of_speech_classification,part_of_speech_classification,acquisition,adjective_left,MQQM,,,black,einfall,noun,positive,black,0.8805,noun,0.5739,0,0.39,0.52,39
186,84,36,3,3,part_of_speech_classification,part_of_speech_classification,acquisition,adjective_left,MQQM,,,black,liebe,noun,positive,black,0.8804,noun,0.453,0,0.39,0.52,39
186,85,37,3,3,part_of_speech_classification,part_of_speech_classification,acquisition,adjective_left,ZYYZ,,,black,leiche,noun,negative,black,0.8804,noun,0.4896,0,0.39,0.52,39
186,86,38,3,3,part_of_speech_classification,part_of_speech_classification,acquisition,adjective_left,ZYYZ,,,black,entführung,noun,negative,black,0.8805,noun,0.4973,0,0.39,0.52,39
186,87,39,3,3,part_of_speech_classification,part_of_speech_classification,acquisition,adjective_left,WJJW,,,black,ehrlich,adjective,positive,black,0.8805,noun,0.4388,1,0.39,0.52,39
186,88,40,3,3,part_of_speech_classification,part_of_speech_classification,acquisition,adjective_left,WJJW,,,black,lustig,adjective,positive,black,0.8805,adjective,0.5715,0,0.39,0.52,39
186,89,41,3,3,part_of_speech_classification,part_of_speech_classification,acquisition,adjective_left,WJJW,,,black,gütig,adjective,positive,black,0.8805,adjective,0.4341,0,0.39,0.52,39
186,90,42,3,3,part_of_speech_classification,part_of_speech_classification,acquisition,adjective_left,ZYYZ,,,black,leiche,noun,negative,black,0.8804,noun,0.4504,0,0.39,0.52,39
186,91,43,3,3,part_of_speech_classification,part_of_speech_classification,acquisition,adjective_left,XVVX,,,black,schlecht,adjective,negative,black,0.8805,adjective,0.51,0,0.39,0.52,39
186,92,44,3,3,part_of_speech_classification,part_of_speech_classification,acquisition,adjective_left,ZYYZ,,,black,leiche,noun,negative,black,0.8805,noun,0.4751,0,0.39,0.52,39
186,93,45,3,3,part_of_speech_classification,part_of_speech_classification,acquisition,adjective_left,ZYYZ,,,black,schleim,noun,negative,black,0.8804,noun,0.4882,0,0.39,0.52,39
186,94,46,3,3,part_of_speech_classification,part_of_speech_classification,acquisition,adjective_left,XVVX,,,black,gierig,adjective,negative,black,0.8804,adjective,0.4231,0,0.39,0.52,39
186,95,47,3,3,part_of_speech_classification,part_of_speech_classification,acquisition,adjective_left,WJJW,,,black,lustig,adjective,positive,black,0.8804,adjective,0.3605,0,0.39,0.52,39
186,96,48,3,3,part_of_speech_classification,part_of_speech_classification,acquisition,adjective_left,ZYYZ,,,black,schleim,noun,negative,black,0.8805,noun,0.6757,0,0.39,0.52,39
186,97,1,4,4,part_of_speech_classification,part_of_speech_classification,acquisition,adjective_left,MQQM,,,black,glück,noun,positive,black,0.8813,noun,0.3746,0,0.34,0.47,34
186,98,2,4,4,part_of_speech_classification,part_of_speech_classification,acquisition,adjective_left,ZYYZ,,,black,entführung,noun,negative,black,0.8804,noun,0.5218,0,0.34,0.47,34
186,99,3,4,4,part_of_speech_classification,part_of_speech_classification,acquisition,adjective_left,WJJW,,,black,gütig,adjective,positive,black,0.8805,noun,0.3565,1,0.34,0.47,34
186,100,4,4,4,part_of_speech_classification,part_of_speech_classification,acquisition,adjective_left,XVVX,,,black,launisch,adjective,negative,black,0.8805,adjective,0.541,0,0.34,0.47,34
186,101,5,4,4,part_of_speech_classification,part_of_speech_classification,acquisition,adjective_left,ZYYZ,,,black,entführung,noun,negative,black,0.8805,noun,0.4939,0,0.34,0.47,34
186,102,6,4,4,part_of_speech_classification,part_of_speech_classification,acquisition,adjective_left,MQQM,,,black,liebe,noun,positive,black,0.8805,noun,0.463,0,0.34,0.47,34
186,103,7,4,4,part_of_speech_classification,part_of_speech_classification,acquisition,adjective_left,WJJW,,,black,ehrlich,adjective,positive,black,0.8804,adjective,0.4448,0,0.34,0.47,34
186,104,8,4,4,part_of_speech_classification,part_of_speech_classification,acquisition,adjective_left,WJJW,,,black,ehrlich,adjective,positive,black,0.8805,adjective,0.5527,0,0.34,0.47,34
186,105,9,4,4,part_of_speech_classification,part_of_speech_classification,acquisition,adjective_left,MQQM,,,black,spaß,noun,positive,black,0.8805,noun,0.5114,0,0.34,0.47,34
186,106,10,4,4,part_of_speech_classification,part_of_speech_classification,acquisition,adjective_left,WJJW,,,black,lustig,adjective,positive,black,0.8804,adjective,0.4638,0,0.34,0.47,34
186,107,11,4,4,part_of_speech_classification,part_of_speech_classification,acquisition,adjective_left,WJJW,,,black,gütig,adjective,positive,black,0.8805,adjective,0.3672,0,0.34,0.47,34
186,108,12,4,4,part_of_speech_classification,part_of_speech_classification,acquisition,adjective_left,WJJW,,,black,schön,adjective,positive,black,0.8804,adjective,0.7427,0,0.34,0.47,34
186,109,13,4,4,part_of_speech_classification,part_of_speech_classification,acquisition,adjective_left,ZYYZ,,,black,schleim,noun,negative,black,0.8805,noun,0.4238,0,0.34,0.47,34
186,110,14,4,4,part_of_speech_classification,part_of_speech_classification,acquisition,adjective_left,XVVX,,,black,launisch,adjective,negative,black,0.8804,adjective,0.4288,0,0.34,0.47,34
186,111,15,4,4,part_of_speech_classification,part_of_speech_classification,acquisition,adjective_left,MQQM,,,black,einfall,noun,positive,black,0.8805,noun,0.4331,0,0.34,0.47,34
186,112,16,4,4,part_of_speech_classification,part_of_speech_classification,acquisition,adjective_left,XVVX,,,black,schlecht,adjective,negative,black,0.8805,adjective,0.4378,0,0.34,0.47,34
186,113,17,4,4,part_of_speech_classification,part_of_speech_classification,acquisition,adjective_left,WJJW,,,black,schön,adjective,positive,black,0.8805,adjective,0.373,0,0.34,0.47,34
186,114,18,4,4,part_of_speech_classification,part_of_speech_classification,acquisition,adjective_left,ZYYZ,,,black,gift,noun,negative,black,0.8805,adjective,0.4348,1,0.34,0.47,34
186,115,19,4,4,part_of_speech_classification,part_of_speech_classification,acquisition,adjective_left,WJJW,,,black,lustig,adjective,positive,black,0.8805,adjective,0.4138,0,0.34,0.47,34
186,116,20,4,4,part_of_speech_classification,part_of_speech_classification,acquisition,adjective_left,ZYYZ,,,black,schleim,noun,negative,black,0.8805,noun,0.4091,0,0.34,0.47,34
186,117,21,4,4,part_of_speech_classification,part_of_speech_classification,acquisition,adjective_left,ZYYZ,,,black,gift,noun,negative,black,0.8805,noun,0.4868,0,0.34,0.47,34
186,118,22,4,4,part_of_speech_classification,part_of_speech_classification,acquisition,adjective_left,WJJW,,,black,ehrlich,adjective,positive,black,0.8804,adjective,0.5525,0,0.34,0.47,34
186,119,23,4,4,part_of_speech_classification,part_of_speech_classification,acquisition,adjective_left,WJJW,,,black,schön,adjective,positive,black,0.8805,adjective,0.4286,0,0.34,0.47,34
186,120,24,4,4,part_of_speech_classification,part_of_speech_classification,acquisition,adjective_left,MQQM,,,black,liebe,noun,positive,black,0.8804,noun,0.5206,0,0.34,0.47,34
186,121,25,4,4,part_of_speech_classification,part_of_speech_classification,acquisition,adjective_left,XVVX,,,black,gierig,adjective,negative,black,0.8805,adjective,0.5157,0,0.34,0.47,34
186,122,26,4,4,part_of_speech_classification,part_of_speech_classification,acquisition,adjective_left,MQQM,,,black,spaß,noun,positive,black,0.8805,noun,0.4555,0,0.34,0.47,34
186,123,27,4,4,part_of_speech_classification,part_of_speech_classification,acquisition,adjective_left,ZYYZ,,,black,gift,noun,negative,black,0.8804,noun,0.4496,0,0.34,0.47,34
186,124,28,4,4,part_of_speech_classification,part_of_speech_classification,acquisition,adjective_left,WJJW,,,black,gütig,adjective,positive,black,0.8804,adjective,0.339,0,0.34,0.47,34
186,125,29,4,4,part_of_speech_classification,part_of_speech_classification,acquisition,adjective_left,XVVX,,,black,gierig,adjective,negative,black,0.8805,adjective,0.4793,0,0.34,0.47,34
186,126,30,4,4,part_of_speech_classification,part_of_speech_classification,acquisition,adjective_left,XVVX,,,black,eitel,adjective,negative,black,0.8805,noun,0.433,1,0.34,0.47,34
186,127,31,4,4,part_of_speech_classification,part_of_speech_classification,acquisition,adjective_left,XVVX,,,black,schlecht,adjective,negative,black,0.8804,adjective,0.6179,0,0.34,0.47,34
186,128,32,4,4,part_of_speech_classification,part_of_speech_classification,acquisition,adjective_left,ZYYZ,,,black,entführung,noun,negative,black,0.8805,noun,0.5517,0,0.34,0.47,34
186,129,33,4,4,part_of_speech_classification,part_of_speech_classification,acquisition,adjective_left,MQQM,,,black,einfall,noun,positive,black,0.8804,noun,0.6132,0,0.34,0.47,34
186,130,34,4,4,part_of_speech_classification,part_of_speech_classification,acquisition,adjective_left,WJJW,,,black,lustig,adjective,positive,black,0.8805,adjective,0.3852,0,0.34,0.47,34
186,131,35,4,4,part_of_speech_classification,part_of_speech_classification,acquisition,adjective_left,MQQM,,,black,spaß,noun,positive,black,0.8805,noun,0.482,0,0.34,0.47,34
186,132,36,4,4,part_of_speech_classification,part_of_speech_classification,acquisition,adjective_left,XVVX,,,black,gierig,adjective,negative,black,0.8805,adjective,0.4554,0,0.34,0.47,34
186,133,37,4,4,part_of_speech_classification,part_of_speech_classification,acquisition,adjective_left,ZYYZ,,,black,leiche,noun,negative,black,0.8804,noun,0.4809,0,0.34,0.47,34
186,134,38,4,4,part_of_speech_classification,part_of_speech_classification,acquisition,adjective_left,XVVX,,,black,launisch,adjective,negative,black,0.8805,adjective,0.6054,0,0.34,0.47,34
186,135,39,4,4,part_of_speech_classification,part_of_speech_classification,acquisition,adjective_left,XVVX,,,black,eitel,adjective,negative,black,0.8805,adjective,0.5839,0,0.34,0.47,34
186,136,40,4,4,part_of_speech_classification,part_of_speech_classification,acquisition,adjective_left,MQQM,,,black,glück,noun,positive,black,0.8805,adjective,0.3964,1,0.34,0.47,34
186,137,41,4,4,part_of_speech_classification,part_of_speech_classification,acquisition,adjective_left,ZYYZ,,,black,schleim,noun,negative,black,0.8804,noun,0.5072,0,0.34,0.47,34
186,138,42,4,4,part_of_speech_classification,part_of_speech_classification,acquisition,adjective_left,XVVX,,,black,schlecht,adjective,negative,black,0.8804,adjective,0.4966,0,0.34,0.47,34
186,139,43,4,4,part_of_speech_classification,part_of_speech_classification,acquisition,adjective_left,MQQM,,,black,liebe,noun,positive,black,0.8805,adjective,0.4363,1,0.34,0.47,34
186,140,44,4,4,part_of_speech_classification,part_of_speech_classification,acquisition,adjective_left,MQQM,,,black,glück,noun,positive,black,0.8805,noun,0.5671,0,0.34,0.47,34
186,141,45,4,4,part_of_speech_classification,part_of_speech_classification,acquisition,adjective_left,XVVX,,,black,eitel,adjective,negative,black,0.8808,adjective,0.4496,0,0.34,0.47,34
186,142,46,4,4,part_of_speech_classification,part_of_speech_classification,acquisition,adjective_left,ZYYZ,,,black,leiche,noun,negative,black,0.8804,noun,0.3874,0,0.34,0.47,34
186,143,47,4,4,part_of_speech_classification,part_of_speech_classification,acquisition,adjective_left,ZYYZ,,,black,leiche,noun,negative,black,0.8805,noun,0.4531,0,0.34,0.47,34
186,144,48,4,4,part_of_speech_classification,part_of_speech_classification,acquisition,adjective_left,MQQM,,,black,einfall,noun,positive,black,0.8805,noun,0.5179,0,0.34,0.47,34
186,145,1,5,5,part_of_speech_classification,part_of_speech_classification,acquisition,adjective_left,WJJW,,,black,ehrlich,adjective,positive,black,0.8804,adjective,0.373,0,0.34,0.47,34
186,146,2,5,5,part_of_speech_classification,part_of_speech_classification,acquisition,adjective_left,MQQM,,,black,spaß,noun,positive,black,0.8804,noun,0.5056,0,0.34,0.47,34
186,147,3,5,5,part_of_speech_classification,part_of_speech_classification,acquisition,adjective_left,WJJW,,,black,schön,adjective,positive,black,0.8805,adjective,0.491,0,0.34,0.47,34
186,148,4,5,5,part_of_speech_classification,part_of_speech_classification,acquisition,adjective_left,MQQM,,,black,glück,noun,positive,black,0.8805,noun,0.4531,0,0.34,0.47,34
186,149,5,5,5,part_of_speech_classification,part_of_speech_classification,acquisition,adjective_left,ZYYZ,,,black,gift,noun,negative,black,0.8804,noun,0.4053,0,0.34,0.47,34
186,150,6,5,5,part_of_speech_classification,part_of_speech_classification,acquisition,adjective_left,XVVX,,,black,eitel,adjective,negative,black,0.8804,adjective,0.5161,0,0.34,0.47,34
186,151,7,5,5,part_of_speech_classification,part_of_speech_classification,acquisition,adjective_left,MQQM,,,black,liebe,noun,positive,black,0.8805,noun,0.5206,0,0.34,0.47,34
186,152,8,5,5,part_of_speech_classification,part_of_speech_classification,acquisition,adjective_left,XVVX,,,black,gierig,adjective,negative,black,0.8804,adjective,0.5285,0,0.34,0.47,34
186,153,9,5,5,part_of_speech_classification,part_of_speech_classification,acquisition,adjective_left,MQQM,,,black,einfall,noun,positive,black,0.8805,adjective,0.5632,1,0.34,0.47,34
186,153,9,5,5,part_of_speech_classification,part_of_speech_classification,acquisition,adjective_left,MQQM,,,black,einfall,noun,positive,black,0.8805,noun,0.6956,0,0.34,0.47,34
186,154,10,5,5,part_of_speech_classification,part_of_speech_classification,acquisition,adjective_left,MQQM,,,black,spaß,noun,positive,black,0.8804,noun,0.4692,0,0.34,0.47,34
186,155,11,5,5,part_of_speech_classification,part_of_speech_classification,acquisition,adjective_left,WJJW,,,black,schön,adjective,positive,black,0.881,adjective,0.4816,0,0.34,0.47,34
186,156,12,5,5,part_of_speech_classification,part_of_speech_classification,acquisition,adjective_left,ZYYZ,,,black,gift,noun,negative,black,0.8805,noun,0.5296,0,0.34,0.47,34
186,157,13,5,5,part_of_speech_classification,part_of_speech_classification,acquisition,adjective_left,XVVX,,,black,eitel,adjective,negative,black,0.8805,adjective,0.508,0,0.34,0.47,34
186,158,14,5,5,part_of_speech_classification,part_of_speech_classification,acquisition,adjective_left,XVVX,,,black,schlecht,adjective,negative,black,0.8805,noun,0.5921,1,0.34,0.47,34
186,159,15,5,5,part_of_speech_classification,part_of_speech_classification,acquisition,adjective_left,MQQM,,,black,glück,noun,positive,black,0.8805,noun,0.515,0,0.34,0.47,34
186,160,16,5,5,part_of_speech_classification,part_of_speech_classification,acquisition,adjective_left,WJJW,,,black,gütig,adjective,positive,black,0.8806,adjective,0.5772,0,0.34,0.47,34
186,161,17,5,5,part_of_speech_classification,part_of_speech_classification,acquisition,adjective_left,ZYYZ,,,black,leiche,noun,negative,black,0.8804,noun,0.4803,0,0.34,0.47,34
186,162,18,5,5,part_of_speech_classification,part_of_speech_classification,acquisition,adjective_left,ZYYZ,,,black,schleim,noun,negative,black,0.8804,noun,0.508,0,0.34,0.47,34
186,163,19,5,5,part_of_speech_classification,part_of_speech_classification,acquisition,adjective_left,WJJW,,,black,schön,adjective,positive,black,0.8804,adjective,0.4054,0,0.34,0.47,34
186,164,20,5,5,part_of_speech_classification,part_of_speech_classification,acquisition,adjective_left,XVVX,,,black,launisch,adjective,negative,black,0.8805,adjective,0.5203,0,0.34,0.47,34
186,165,21,5,5,part_of_speech_classification,part_of_speech_classification,acquisition,adjective_left,MQQM,,,black,einfall,noun,positive,black,0.8805,noun,0.4552,0,0.34,0.47,34
186,166,22,5,5,part_of_speech_classification,part_of_speech_classification,acquisition,adjective_left,WJJW,,,black,ehrlich,adjective,positive,black,0.8805,adjective,0.504,0,0.34,0.47,34
186,167,23,5,5,part_of_speech_classification,part_of_speech_classification,acquisition,adjective_left,XVVX,,,black,eitel,adjective,negative,black,0.8805,adjective,0.4265,0,0.34,0.47,34
186,168,24,5,5,part_of_speech_classification,part_of_speech_classification,acquisition,adjective_left,ZYYZ,,,black,schleim,noun,negative,black,0.8805,noun,0.4463,0,0.34,0.47,34
186,169,25,5,5,part_of_speech_classification,part_of_speech_classification,acquisition,adjective_left,WJJW,,,black,lustig,adjective,positive,black,0.8805,adjective,0.4048,0,0.34,0.47,34
186,170,26,5,5,part_of_speech_classification,part_of_speech_classification,acquisition,adjective_left,MQQM,,,black,liebe,noun,positive,black,0.8809,noun,0.4649,0,0.34,0.47,34
186,171,27,5,5,part_of_speech_classification,part_of_speech_classification,acquisition,adjective_left,XVVX,,,black,schlecht,adjective,negative,black,0.8805,adjective,0.4874,0,0.34,0.47,34
186,172,28,5,5,part_of_speech_classification,part_of_speech_classification,acquisition,adjective_left,WJJW,,,black,lustig,adjective,positive,black,0.8805,adjective,0.4365,0,0.34,0.47,34
186,173,29,5,5,part_of_speech_classification,part_of_speech_classification,acquisition,adjective_left,MQQM,,,black,spaß,noun,positive,black,0.8804,noun,0.4251,0,0.34,0.47,34
186,174,30,5,5,part_of_speech_classification,part_of_speech_classification,acquisition,adjective_left,ZYYZ,,,black,leiche,noun,negative,black,0.8804,noun,0.5582,0,0.34,0.47,34
186,175,31,5,5,part_of_speech_classification,part_of_speech_classification,acquisition,adjective_left,ZYYZ,,,black,entführung,noun,negative,black,0.8804,noun,0.607,0,0.34,0.47,34
186,176,32,5,5,part_of_speech_classification,part_of_speech_classification,acquisition,adjective_left,WJJW,,,black,gütig,adjective,positive,black,0.8805,adjective,0.4,0,0.34,0.47,34
186,177,33,5,5,part_of_speech_classification,part_of_speech_classification,acquisition,adjective_left,MQQM,,,black,liebe,noun,positive,black,0.8805,noun,0.4438,0,0.34,0.47,34
186,178,34,5,5,part_of_speech_classification,part_of_speech_classification,acquisition,adjective_left,WJJW,,,black,ehrlich,adjective,positive,black,0.8805,adjective,0.4813,0,0.34,0.47,34
186,179,35,5,5,part_of_speech_classification,part_of_speech_classification,acquisition,adjective_left,ZYYZ,,,black,entführung,noun,negative,black,0.8804,noun,0.4595,0,0.34,0.47,34
186,180,36,5,5,part_of_speech_classification,part_of_speech_classification,acquisition,adjective_left,MQQM,,,black,einfall,noun,positive,black,0.8805,noun,0.4093,0,0.34,0.47,34
186,181,37,5,5,part_of_speech_classification,part_of_speech_classification,acquisition,adjective_left,MQQM,,,black,glück,noun,positive,black,0.8805,noun,0.4631,0,0.34,0.47,34
186,182,38,5,5,part_of_speech_classification,part_of_speech_classification,acquisition,adjective_left,XVVX,,,black,schlecht,adjective,negative,black,0.8805,adjective,0.4454,0,0.34,0.47,34
186,183,39,5,5,part_of_speech_classification,part_of_speech_classification,acquisition,adjective_left,ZYYZ,,,black,leiche,noun,negative,black,0.8805,noun,0.403,0,0.34,0.47,34
186,184,40,5,5,part_of_speech_classification,part_of_speech_classification,acquisition,adjective_left,XVVX,,,black,gierig,adjective,negative,black,0.8804,adjective,0.4631,0,0.34,0.47,34
186,185,41,5,5,part_of_speech_classification,part_of_speech_classification,acquisition,adjective_left,XVVX,,,black,gierig,adjective,negative,black,0.8805,adjective,0.4558,0,0.34,0.47,34
186,186,42,5,5,part_of_speech_classification,part_of_speech_classification,acquisition,adjective_left,WJJW,,,black,lustig,adjective,positive,black,0.8804,adjective,0.5066,0,0.34,0.47,34
186,187,43,5,5,part_of_speech_classification,part_of_speech_classification,acquisition,adjective_left,XVVX,,,black,launisch,adjective,negative,black,0.8805,noun,0.4805,1,0.34,0.47,34
186,188,44,5,5,part_of_speech_classification,part_of_speech_classification,acquisition,adjective_left,ZYYZ,,,black,entführung,noun,negative,black,0.8805,noun,0.4459,0,0.34,0.47,34
186,189,45,5,5,part_of_speech_classification,part_of_speech_classification,acquisition,adjective_left,ZYYZ,,,black,gift,noun,negative,black,0.8805,noun,0.4591,0,0.34,0.47,34
186,190,46,5,5,part_of_speech_classification,part_of_speech_classification,acquisition,adjective_left,XVVX,,,black,launisch,adjective,negative,black,0.8805,adjective,0.4256,0,0.34,0.47,34
186,191,47,5,5,part_of_speech_classification,part_of_speech_classification,acquisition,adjective_left,ZYYZ,,,black,schleim,noun,negative,black,0.8806,noun,0.4473,0,0.34,0.47,34
186,192,48,5,5,part_of_speech_classification,part_of_speech_classification,acquisition,adjective_left,WJJW,,,black,gütig,adjective,positive,black,0.8805,adjective,0.4274,0,0.34,0.47,34
186,193,1,6,1,part_of_speech_classification,valence_classification,classification_1,positive_left,ZYYZ,,,black,liebe,noun,positive,black,0.8812,positive,0.5637,0,0.34,0.47,34
186,194,2,6,1,part_of_speech_classification,valence_classification,classification_1,positive_left,XVVX,,,black,gütig,adjective,positive,black,0.8805,positive,0.4982,0,0.34,0.47,34
186,195,3,6,1,part_of_speech_classification,valence_classification,classification_1,positive_left,ZYYZ,,,black,entführung,noun,negative,black,0.8805,negative,0.5265,0,0.34,0.47,34
186,196,4,6,1,part_of_speech_classification,valence_classification,classification_1,positive_left,XVVX,,,black,schön,adjective,positive,black,0.8804,positive,0.5116,0,0.34,0.47,34
186,197,5,6,1,part_of_speech_classification,valence_classification,classification_1,positive_left,MQQM,,,black,leiche,noun,negative,black,0.8805,negative,0.6229,0,0.34,0.47,34
186,198,6,6,1,part_of_speech_classification,valence_classification,classification_1,positive_left,WJJW,,,black,lustig,adjective,positive,black,0.8807,positive,0.6001,0,0.34,0.47,34
186,199,7,6,1,part_of_speech_classification,valence_classification,classification_1,positive_left,MQQM,,,black,schleim,noun,negative,black,0.8805,negative,0.4568,0,0.34,0.47,34
186,200,8,6,1,part_of_speech_classification,valence_classification,classification_1,positive_left,WJJW,,,black,ehrlich,adjective,positive,black,0.8805,positive,0.4892,0,0.34,0.47,34
186,201,9,6,1,part_of_speech_classification,valence_classification,classification_1,positive_left,ZYYZ,,,black,glück,noun,positive,black,0.8804,positive,0.4807,0,0.34,0.47,34
186,202,10,6,1,part_of_speech_classification,valence_classification,classification_1,positive_left,MQQM,,,black,einfall,noun,positive,black,0.8804,negative,0.7448,1,0.34,0.47,34
186,203,11,6,1,part_of_speech_classification,valence_classification,classification_1,positive_left,XVVX,,,black,gütig,adjective,positive,black,0.8805,positive,0.9366,0,0.34,0.47,34
186,204,12,6,1,part_of_speech_classification,valence_classification,classification_1,positive_left,MQQM,,,black,spaß,noun,positive,black,0.8805,positive,0.8405,0,0.34,0.47,34
186,205,13,6,1,part_of_speech_classification,valence_classification,classification_1,positive_left,MQQM,,,black,einfall,noun,positive,black,0.8805,negative,2.4895,1,0.34,0.47,34
186,206,14,6,1,part_of_speech_classification,valence_classification,classification_1,positive_left,WJJW,,,black,schlecht,adjective,negative,black,0.8805,negative,0.7054,0,0.34,0.47,34
186,207,15,6,1,part_of_speech_classification,valence_classification,classification_1,positive_left,WJJW,,,black,gierig,adjective,negative,black,0.8804,negative,0.9616,0,0.34,0.47,34
186,208,16,6,1,part_of_speech_classification,valence_classification,classification_1,positive_left,MQQM,,,black,entführung,noun,negative,black,0.8805,negative,0.7201,0,0.34,0.47,34
186,209,17,6,1,part_of_speech_classification,valence_classification,classification_1,positive_left,ZYYZ,,,black,gift,noun,negative,black,0.8805,negative,0.5857,0,0.34,0.47,34
186,210,18,6,1,part_of_speech_classification,valence_classification,classification_1,positive_left,WJJW,,,black,ehrlich,adjective,positive,black,0.8805,positive,1.1373,0,0.34,0.47,34
186,211,19,6,1,part_of_speech_classification,valence_classification,classification_1,positive_left,XVVX,,,black,eitel,adjective,negative,black,0.8806,negative,1.2892,0,0.34,0.47,34
186,212,20,6,1,part_of_speech_classification,valence_classification,classification_1,positive_left,WJJW,,,black,eitel,adjective,negative,black,0.8805,negative,0.8093,0,0.34,0.47,34
186,213,21,6,1,part_of_speech_classification,valence_classification,classification_1,positive_left,ZYYZ,,,black,glück,noun,positive,black,0.8805,positive,0.6012,0,0.34,0.47,34
186,214,22,6,1,part_of_speech_classification,valence_classification,classification_1,positive_left,XVVX,,,black,launisch,adjective,negative,black,0.8805,negative,1.2015,0,0.34,0.47,34
186,215,23,6,1,part_of_speech_classification,valence_classification,classification_1,positive_left,ZYYZ,,,black,gift,noun,negative,black,0.8805,negative,0.6018,0,0.34,0.47,34
186,216,24,6,1,part_of_speech_classification,valence_classification,classification_1,positive_left,XVVX,,,black,gierig,adjective,negative,black,0.8804,negative,0.5461,0,0.34,0.47,34
186,217,1,7,2,part_of_speech_classification,valence_classification,classification_1,positive_left,MQQM,,,black,gift,noun,negative,black,0.8809,negative,0.4902,0,0.34,0.47,34
186,218,2,7,2,part_of_speech_classification,valence_classification,classification_1,positive_left,MQQM,,,black,entführung,noun,negative,black,0.8805,negative,0.5282,0,0.34,0.47,34
186,219,3,7,2,part_of_speech_classification,valence_classification,classification_1,positive_left,MQQM,,,black,glück,noun,positive,black,0.8805,positive,0.4143,0,0.34,0.47,34
186,220,4,7,2,part_of_speech_classification,valence_classification,classification_1,positive_left,WJJW,,,black,lustig,adjective,positive,black,0.8805,positive,0.4866,0,0.34,0.47,34
186,221,5,7,2,part_of_speech_classification,valence_classification,classification_1,positive_left,MQQM,,,black,einfall,noun,positive,black,0.8806,negative,0.3842,1,0.34,0.47,34
186,222,6,7,2,part_of_speech_classification,valence_classification,classification_1,positive_left,XVVX,,,black,launisch,adjective,negative,black,0.8805,positive,0.363,1,0.34,0.47,34
186,223,7,7,2,part_of_speech_classification,valence_classification,classification_1,positive_left,ZYYZ,,,black,leiche,noun,negative,black,0.8805,negative,0.4568,0,0.34,0.47,34
186,224,8,7,2,part_of_speech_classification,valence_classification,classification_1,positive_left,XVVX,,,black,gütig,adjective,positive,black,0.8805,positive,0.4672,0,0.34,0.47,34
186,225,9,7,2,part_of_speech_classification,valence_classification,classification_1,positive_left,ZYYZ,,,black,schleim,noun,negative,black,0.8805,negative,0.507,0,0.34,0.47,34
186,226,10,7,2,part_of_speech_classification,valence_classification,classification_1,positive_left,WJJW,,,black,gütig,adjective,positive,black,0.8804,positive,0.4455,0,0.34,0.47,34
186,227,11,7,2,part_of_speech_classification,valence_classification,classification_1,positive_left,WJJW,,,black,gierig,adjective,negative,black,0.8805,positive,0.4906,1,0.34,0.47,34
186,228,12,7,2,part_of_speech_classification,valence_classification,classification_1,positive_left,MQQM,,,black,spaß,noun,positive,black,0.8805,positive,0.5728,0,0.34,0.47,34
186,229,13,7,2,part_of_speech_classification,valence_classification,classification_1,positive_left,ZYYZ,,,black,glück,noun,positive,black,0.8805,negative,0.4532,1,0.34,0.47,34
186,230,14,7,2,part_of_speech_classification,valence_classification,classification_1,positive_left,XVVX,,,black,ehrlich,adjective,positive,black,0.8804,positive,0.8102,0,0.34,0.47,34
186,231,15,7,2,part_of_speech_classification,valence_classification,classification_1,positive_left,WJJW,,,black,eitel,adjective,negative,black,0.8804,negative,0.5991,0,0.34,0.47,34
186,232,16,7,2,part_of_speech_classification,valence_classification,classification_1,positive_left,ZYYZ,,,black,liebe,noun,positive,black,0.8805,positive,0.4631,0,0.34,0.47,34
186,233,17,7,2,part_of_speech_classification,valence_classification,classification_1,positive_left,WJJW,,,black,schlecht,adjective,negative,black,0.8805,negative,1.7537,0,0.34,0.47,34
186,234,18,7,2,part_of_speech_classification,valence_classification,classification_1,positive_left,ZYYZ,,,black,einfall,noun,positive,black,0.8805,negative,0.702,1,0.34,0.47,34
186,235,19,7,2,part_of_speech_classification,valence_classification,classification_1,positive_left,XVVX,,,black,schön,adjective,positive,black,0.8805,positive,0.4333,0,0.34,0.47,34
186,236,20,7,2,part_of_speech_classification,valence_classification,classification_1,positive_left,MQQM,,,black,gift,noun,negative,black,0.8804,negative,0.4266,0,0.34,0.47,34
186,237,21,7,2,part_of_speech_classification,valence_classification,classification_1,positive_left,WJJW,,,black,ehrlich,adjective,positive,black,0.8805,positive,0.3989,0,0.34,0.47,34
186,238,22,7,2,part_of_speech_classification,valence_classification,classification_1,positive_left,ZYYZ,,,black,entführung,noun,negative,black,0.8805,negative,0.4531,0,0.34,0.47,34
186,239,23,7,2,part_of_speech_classification,valence_classification,classification_1,positive_left,XVVX,,,black,gierig,adjective,negative,black,0.8804,negative,0.463,0,0.34,0.47,34
186,240,24,7,2,part_of_speech_classification,valence_classification,classification_1,positive_left,XVVX,,,black,eitel,adjective,negative,black,0.8805,negative,0.5515,0,0.34,0.47,34
186,241,1,8,3,part_of_speech_classification,valence_classification,classification_1,positive_left,XVVX,,,black,schön,adjective,positive,black,0.8808,positive,0.4468,0,0.34,0.47,34
186,242,2,8,3,part_of_speech_classification,valence_classification,classification_1,positive_left,ZYYZ,,,black,einfall,noun,positive,black,0.8804,positive,0.5058,0,0.34,0.47,34
186,243,3,8,3,part_of_speech_classification,valence_classification,classification_1,positive_left,XVVX,,,black,gütig,adjective,positive,black,0.8805,positive,0.3638,0,0.34,0.47,34
186,244,4,8,3,part_of_speech_classification,valence_classification,classification_1,positive_left,XVVX,,,black,eitel,adjective,negative,black,0.8805,negative,0.535,0,0.34,0.47,34
186,245,5,8,3,part_of_speech_classification,valence_classification,classification_1,positive_left,MQQM,,,black,glück,noun,positive,black,0.8805,positive,0.4806,0,0.34,0.47,34
186,246,6,8,3,part_of_speech_classification,valence_classification,classification_1,positive_left,XVVX,,,black,launisch,adjective,negative,black,0.8804,negative,0.4798,0,0.34,0.47,34
186,247,7,8,3,part_of_speech_classification,valence_classification,classification_1,positive_left,MQQM,,,black,einfall,noun,positive,black,0.8805,positive,0.397,0,0.34,0.47,34
186,248,8,8,3,part_of_speech_classification,valence_classification,classification_1,positive_left,ZYYZ,,,black,entführung,noun,negative,black,0.8805,negative,0.5057,0,0.34,0.47,34
186,249,9,8,3,part_of_speech_classification,valence_classification,classification_1,positive_left,XVVX,,,black,gierig,adjective,negative,black,0.8806,positive,0.5102,1,0.34,0.47,34
186,250,10,8,3,part_of_speech_classification,valence_classification,classification_1,positive_left,XVVX,,,black,schön,adjective,positive,black,0.8805,positive,0.4759,0,0.34,0.47,34
186,251,11,8,3,part_of_speech_classification,valence_classification,classification_1,positive_left,XVVX,,,black,lustig,adjective,positive,black,0.8805,positive,0.4574,0,0.34,0.47,34
186,252,12,8,3,part_of_speech_classification,valence_classification,classification_1,positive_left,XVVX,,,black,launisch,adjective,negative,black,0.8804,positive,0.4352,1,0.34,0.47,34
186,253,13,8,3,part_of_speech_classification,valence_classification,classification_1,positive_left,ZYYZ,,,black,einfall,noun,positive,black,0.8805,positive,0.5293,0,0.34,0.47,34
186,254,14,8,3,part_of_speech_classification,valence_classification,classification_1,positive_left,ZYYZ,,,black,glück,noun,positive,black,0.8805,negative,0.4054,1,0.34,0.47,34
186,255,15,8,3,part_of_speech_classification,valence_classification,classification_1,positive_left,WJJW,,,black,ehrlich,adjective,positive,black,0.8805,positive,0.5028,0,0.34,0.47,34
186,256,16,8,3,part_of_speech_classification,valence_classification,classification_1,positive_left,WJJW,,,black,gierig,adjective,negative,black,0.8805,negative,0.423,0,0.34,0.47,34
186,257,17,8,3,part_of_speech_classification,valence_classification,classification_1,positive_left,MQQM,,,black,gift,noun,negative,black,0.8805,negative,0.3692,0,0.34,0.47,34
186,258,18,8,3,part_of_speech_classification,valence_classification,classification_1,positive_left,ZYYZ,,,black,gift,noun,negative,black,0.8805,negative,0.353,0,0.34,0.47,34
186,259,19,8,3,part_of_speech_classification,valence_classification,classification_1,positive_left,WJJW,,,black,schlecht,adjective,negative,black,0.8804,negative,0.4356,0,0.34,0.47,34
186,260,20,8,3,part_of_speech_classification,valence_classification,classification_1,positive_left,WJJW,,,black,ehrlich,adjective,positive,black,0.8805,positive,0.433,0,0.34,0.47,34
186,261,21,8,3,part_of_speech_classification,valence_classification,classification_1,positive_left,MQQM,,,black,schleim,noun,negative,black,0.8805,negative,0.4373,0,0.34,0.47,34
186,262,22,8,3,part_of_speech_classification,valence_classification,classification_1,positive_left,ZYYZ,,,black,entführung,noun,negative,black,0.8805,negative,0.4659,0,0.34,0.47,34
186,263,23,8,3,part_of_speech_classification,valence_classification,classification_1,positive_left,ZYYZ,,,black,liebe,noun,positive,black,0.8805,positive,0.383,0,0.34,0.47,34
186,264,24,8,3,part_of_speech_classification,valence_classification,classification_1,positive_left,MQQM,,,black,spaß,noun,positive,black,0.8805,positive,0.4658,0,0.34,0.47,34
186,265,25,8,3,part_of_speech_classification,valence_classification,classification_1,positive_left,MQQM,,,black,entführung,noun,negative,black,0.8805,negative,0.5657,0,0.34,0.47,34
186,266,26,8,3,part_of_speech_classification,valence_classification,classification_1,positive_left,MQQM,,,black,liebe,noun,positive,black,0.8805,positive,0.4054,0,0.34,0.47,34
186,267,27,8,3,part_of_speech_classification,valence_classification,classification_1,positive_left,XVVX,,,black,gütig,adjective,positive,black,0.8805,negative,0.4554,1,0.34,0.47,34
186,268,28,8,3,part_of_speech_classification,valence_classification,classification_1,positive_left,WJJW,,,black,schön,adjective,positive,black,0.8805,positive,0.4031,0,0.34,0.47,34
186,269,29,8,3,part_of_speech_classification,valence_classification,classification_1,positive_left,ZYYZ,,,black,leiche,noun,negative,black,0.8805,negative,0.4567,0,0.34,0.47,34
186,270,30,8,3,part_of_speech_classification,valence_classification,classification_1,positive_left,MQQM,,,black,liebe,noun,positive,black,0.8805,positive,0.4253,0,0.34,0.47,34
186,271,31,8,3,part_of_speech_classification,valence_classification,classification_1,positive_left,WJJW,,,black,launisch,adjective,negative,black,0.8805,positive,0.4662,1,0.34,0.47,34
186,272,32,8,3,part_of_speech_classification,valence_classification,classification_1,positive_left,ZYYZ,,,black,glück,noun,positive,black,0.8805,positive,0.5287,0,0.34,0.47,34
186,273,33,8,3,part_of_speech_classification,valence_classification,classification_1,positive_left,WJJW,,,black,lustig,adjective,positive,black,0.8805,positive,0.348,0,0.34,0.47,34
186,274,34,8,3,part_of_speech_classification,valence_classification,classification_1,positive_left,MQQM,,,black,schleim,noun,negative,black,0.8805,negative,0.4568,0,0.34,0.47,34
186,275,35,8,3,part_of_speech_classification,valence_classification,classification_1,positive_left,WJJW,,,black,schlecht,adjective,negative,black,0.8805,positive,0.3369,1,0.34,0.47,34
186,276,36,8,3,part_of_speech_classification,valence_classification,classification_1,positive_left,WJJW,,,black,eitel,adjective,negative,black,0.881,negative,0.4488,0,0.34,0.47,34
186,277,37,8,3,part_of_speech_classification,valence_classification,classification_1,positive_left,ZYYZ,,,black,schleim,noun,negative,black,0.8805,negative,0.3955,0,0.34,0.47,34
186,278,38,8,3,part_of_speech_classification,valence_classification,classification_1,positive_left,XVVX,,,black,gütig,adjective,positive,black,0.8805,positive,0.4156,0,0.34,0.47,34
186,279,39,8,3,part_of_speech_classification,valence_classification,classification_1,positive_left,WJJW,,,black,ehrlich,adjective,positive,black,0.8805,positive,0.6265,0,0.34,0.47,34
186,280,40,8,3,part_of_speech_classification,valence_classification,classification_1,positive_left,XVVX,,,black,schlecht,adjective,negative,black,0.8805,negative,0.4451,0,0.34,0.47,34
186,281,41,8,3,part_of_speech_classification,valence_classification,classification_1,positive_left,WJJW,,,black,lustig,adjective,positive,black,0.8805,positive,0.426,0,0.34,0.47,34
186,282,42,8,3,part_of_speech_classification,valence_classification,classification_1,positive_left,ZYYZ,,,black,leiche,noun,negative,black,0.8805,negative,0.562,0,0.34,0.47,34
186,283,43,8,3,part_of_speech_classification,valence_classification,classification_1,positive_left,ZYYZ,,,black,spaß,noun,positive,black,0.8804,positive,0.6081,0,0.34,0.47,34
186,284,44,8,3,part_of_speech_classification,valence_classification,classification_1,positive_left,MQQM,,,black,leiche,noun,negative,black,0.8805,negative,0.4431,0,0.34,0.47,34
186,285,45,8,3,part_of_speech_classification,valence_classification,classification_1,positive_left,WJJW,,,black,eitel,adjective,negative,black,0.8805,positive,0.4565,1,0.34,0.47,34
186,286,46,8,3,part_of_speech_classification,valence_classification,classification_1,positive_left,XVVX,,,black,gierig,adjective,negative,black,0.8805,negative,0.8031,0,0.34,0.47,34
186,287,47,8,3,part_of_speech_classification,valence_classification,classification_1,positive_left,MQQM,,,black,spaß,noun,positive,black,0.8804,positive,0.5224,0,0.34,0.47,34
186,288,48,8,3,part_of_speech_classification,valence_classification,classification_1,positive_left,MQQM,,,black,gift,noun,negative,black,0.8805,negative,0.4397,0,0.34,0.47,34
186,289,1,9,4,part_of_speech_classification,valence_classification,classification_1,positive_left,ZYYZ,,,black,entführung,noun,negative,black,0.8807,negative,0.4833,0,0.34,0.47,34
186,290,2,9,4,part_of_speech_classification,valence_classification,classification_1,positive_left,WJJW,,,black,gütig,adjective,positive,black,0.8805,positive,0.6975,0,0.34,0.47,34
186,291,3,9,4,part_of_speech_classification,valence_classification,classification_1,positive_left,MQQM,,,black,schleim,noun,negative,black,0.8804,negative,0.3866,0,0.34,0.47,34
186,292,4,9,4,part_of_speech_classification,valence_classification,classification_1,positive_left,XVVX,,,black,lustig,adjective,positive,black,0.8805,positive,0.4283,0,0.34,0.47,34
186,293,5,9,4,part_of_speech_classification,valence_classification,classification_1,positive_left,MQQM,,,black,spaß,noun,positive,black,0.8807,positive,0.4231,0,0.34,0.47,34
186,294,6,9,4,part_of_speech_classification,valence_classification,classification_1,positive_left,WJJW,,,black,gierig,adjective,negative,black,0.8804,positive,0.4652,1,0.34,0.47,34
186,295,7,9,4,part_of_speech_classification,valence_classification,classification_1,positive_left,WJJW,,,black,ehrlich,adjective,positive,black,0.8804,positive,0.4378,0,0.34,0.47,34
186,296,8,9,4,part_of_speech_classification,valence_classification,classification_1,positive_left,ZYYZ,,,black,gift,noun,negative,black,0.8804,negative,0.4598,0,0.34,0.47,34
186,297,9,9,4,part_of_speech_classification,valence_classification,classification_1,positive_left,ZYYZ,,,black,spaß,noun,positive,black,0.8805,positive,0.465,0,0.34,0.47,34
186,298,10,9,4,part_of_speech_classification,valence_classification,classification_1,positive_left,XVVX,,,black,schlecht,adjective,negative,black,0.8805,negative,0.464,0,0.34,0.47,34
186,299,11,9,4,part_of_speech_classification,valence_classification,classification_1,positive_left,XVVX,,,black,schlecht,adjective,negative,black,0.8805,negative,0.4899,0,0.34,0.47,34
186,300,12,9,4,part_of_speech_classification,valence_classification,classification_1,positive_left,WJJW,,,black,eitel,adjective,negative,black,0.8805,positive,0.4039,1,0.34,0.47,34
186,301,13,9,4,part_of_speech_classification,valence_classification,classification_1,positive_left,XVVX,,,black,eitel,adjective,negative,black,0.8804,negative,0.4603,0,0.34,0.47,34
186,302,14,9,4,part_of_speech_classification,valence_classification,classification_1,positive_left,MQQM,,,black,glück,noun,positive,black,0.8805,positive,0.4343,0,0.34,0.47,34
186,303,15,9,4,part_of_speech_classification,valence_classification,classification_1,positive_left,ZYYZ,,,black,einfall,noun,positive,black,0.8805,negative,0.4162,1,0.34,0.47,34
186,304,16,9,4,part_of_speech_classification,valence_classification,classification_1,positive_left,WJJW,,,black,ehrlich,adjective,positive,black,0.8805,positive,0.6251,0,0.34,0.47,34
186,305,17,9,4,part_of_speech_classification,valence_classification,classification_1,positive_left,ZYYZ,,,black,entführung,noun,negative,black,0.8805,negative,0.8297,0,0.34,0.47,34
186,306,18,9,4,part_of_speech_classification,valence_classification,classification_1,positive_left,ZYYZ,,,black,schleim,noun,negative,black,0.8804,negative,0.4593,0,0.34,0.47,34
186,307,19,9,4,part_of_speech_classification,valence_classification,classification_1,positive_left,MQQM,,,black,leiche,noun,negative,black,0.8805,negative,0.5434,0,0.34,0.47,34
186,308,20,9,4,part_of_speech_classification,valence_classification,classification_1,positive_left,XVVX,,,black,gütig,adjective,positive,black,0.8807,positive,0.3833,0,0.34,0.47,34
186,309,21,9,4,part_of_speech_classification,valence_classification,classification_1,positive_left,ZYYZ,,,black,spaß,noun,positive,black,0.8805,positive,0.6256,0,0.34,0.47,34
186,310,22,9,4,part_of_speech_classification,valence_classification,classification_1,positive_left,ZYYZ,,,black,glück,noun,positive,black,0.8805,positive,0.383,0,0.34,0.47,34
186,311,23,9,4,part_of_speech_classification,valence_classification,classification_1,positive_left,MQQM,,,black,liebe,noun,positive,black,0.8805,positive,0.4995,0,0.34,0.47,34
186,312,24,9,4,part_of_speech_classification,valence_classification,classification_1,positive_left,XVVX,,,black,launisch,adjective,negative,black,0.8805,positive,0.4473,1,0.34,0.47,34
186,313,25,9,4,part_of_speech_classification,valence_classification,classification_1,positive_left,XVVX,,,black,launisch,adjective,negative,black,0.8805,negative,0.5522,0,0.34,0.47,34
186,314,26,9,4,part_of_speech_classification,valence_classification,classification_1,positive_left,WJJW,,,black,launisch,adjective,negative,black,0.8805,negative,0.443,0,0.34,0.47,34
186,315,27,9,4,part_of_speech_classification,valence_classification,classification_1,positive_left,WJJW,,,black,schön,adjective,positive,black,0.8805,positive,0.3733,0,0.34,0.47,34
186,316,28,9,4,part_of_speech_classification,valence_classification,classification_1,positive_left,MQQM,,,black,leiche,noun,negative,black,0.8804,negative,0.514,0,0.34,0.47,34
186,317,29,9,4,part_of_speech_classification,valence_classification,classification_1,positive_left,XVVX,,,black,lustig,adjective,positive,black,0.8805,positive,0.4894,0,0.34,0.47,34
186,318,30,9,4,part_of_speech_classification,valence_classification,classification_1,positive_left,ZYYZ,,,black,gift,noun,negative,black,0.8815,negative,0.4576,0,0.34,0.47,34
186,319,31,9,4,part_of_speech_classification,valence_classification,classification_1,positive_left,MQQM,,,black,liebe,noun,positive,black,0.8805,positive,0.4672,0,0.34,0.47,34
186,320,32,9,4,part_of_speech_classification,valence_classification,classification_1,positive_left,ZYYZ,,,black,liebe,noun,positive,black,0.8805,positive,0.4726,0,0.34,0.47,34
186,321,33,9,4,part_of_speech_classification,valence_classification,classification_1,positive_left,ZYYZ,,,black,einfall,noun,positive,black,0.8804,positive,1.0501,0,0.34,0.47,34
186,322,34,9,4,part_of_speech_classification,valence_classification,classification_1,positive_left,MQQM,,,black,glück,noun,positive,black,0.8804,positive,0.4552,0,0.34,0.47,34
186,323,35,9,4,part_of_speech_classification,valence_classification,classification_1,positive_left,MQQM,,,black,schleim,noun,negative,black,0.8805,negative,0.4562,0,0.34,0.47,34
186,324,36,9,4,part_of_speech_classification,valence_classification,classification_1,positive_left,XVVX,,,black,lustig,adjective,positive,black,0.8805,positive,0.4175,0,0.34,0.47,34
186,325,37,9,4,part_of_speech_classification,valence_classification,classification_1,positive_left,XVVX,,,black,schlecht,adjective,negative,black,0.8805,negative,0.4556,0,0.34,0.47,34
186,326,38,9,4,part_of_speech_classification,valence_classification,classification_1,positive_left,MQQM,,,black,entführung,noun,negative,black,0.8805,negative,0.5794,0,0.34,0.47,34
186,327,39,9,4,part_of_speech_classification,valence_classification,classification_1,positive_left,WJJW,,,black,gierig,adjective,negative,black,0.8805,negative,0.5481,0,0.34,0.47,34
186,328,40,9,4,part_of_speech_classification,valence_classification,classification_1,positive_left,MQQM,,,black,gift,noun,negative,black,0.8805,negative,0.4189,0,0.34,0.47,34
186,329,41,9,4,part_of_speech_classification,valence_classification,classification_1,positive_left,WJJW,,,black,schön,adjective,positive,black,0.8805,positive,0.4726,0,0.34,0.47,34
186,330,42,9,4,part_of_speech_classification,valence_classification,classification_1,positive_left,WJJW,,,black,eitel,adjective,negative,black,0.8806,negative,0.7627,0,0.34,0.47,34
186,331,43,9,4,part_of_speech_classification,valence_classification,classification_1,positive_left,WJJW,,,black,gierig,adjective,negative,black,0.8804,negative,0.591,0,0.34,0.47,34
186,332,44,9,4,part_of_speech_classification,valence_classification,classification_1,positive_left,XVVX,,,black,schön,adjective,positive,black,0.8805,positive,0.7375,0,0.34,0.47,34
186,333,45,9,4,part_of_speech_classification,valence_classification,classification_1,positive_left,XVVX,,,black,ehrlich,adjective,positive,black,0.8804,positive,0.5487,0,0.34,0.47,34
186,334,46,9,4,part_of_speech_classification,valence_classification,classification_1,positive_left,ZYYZ,,,black,leiche,noun,negative,black,0.8804,negative,0.501,0,0.34,0.47,34
186,335,47,9,4,part_of_speech_classification,valence_classification,classification_1,positive_left,MQQM,,,black,einfall,noun,positive,black,0.8804,positive,1.0477,0,0.34,0.47,34
186,336,48,9,4,part_of_speech_classification,valence_classification,classification_1,positive_left,WJJW,,,black,gütig,adjective,positive,black,0.8804,negative,0.6331,1,0.34,0.47,34
186,337,1,10,5,part_of_speech_classification,valence_classification,classification_1,positive_left,WJJW,,,black,lustig,adjective,positive,black,0.8805,positive,0.4651,0,0.34,0.47,34
186,338,2,10,5,part_of_speech_classification,valence_classification,classification_1,positive_left,XVVX,,,black,eitel,adjective,negative,black,0.8805,negative,0.3929,0,0.34,0.47,34
186,339,3,10,5,part_of_speech_classification,valence_classification,classification_1,positive_left,ZYYZ,,,black,spaß,noun,positive,black,0.8804,positive,0.5083,0,0.34,0.47,34
186,340,4,10,5,part_of_speech_classification,valence_classification,classification_1,positive_left,WJJW,,,black,gierig,adjective,negative,black,0.8804,negative,0.3782,0,0.34,0.47,34
186,341,5,10,5,part_of_speech_classification,valence_classification,classification_1,positive_left,XVVX,,,black,schlecht,adjective,negative,black,0.8804,positive,0.373,1,0.34,0.47,34
186,342,6,10,5,part_of_speech_classification,valence_classification,classification_1,positive_left,ZYYZ,,,black,gift,noun,negative,black,0.8805,negative,0.5058,0,0.34,0.47,34
186,343,7,10,5,part_of_speech_classification,valence_classification,classification_1,positive_left,MQQM,,,black,liebe,noun,positive,black,0.8805,negative,0.446,1,0.34,0.47,34
186,344,8,10,5,part_of_speech_classification,valence_classification,classification_1,positive_left,ZYYZ,,,black,entführung,noun,negative,black,0.8805,negative,0.4669,0,0.34,0.47,34
186,345,9,10,5,part_of_speech_classification,valence_classification,classification_1,positive_left,MQQM,,,black,schleim,noun,negative,black,0.8805,negative,0.4238,0,0.34,0.47,34
186,346,10,10,5,part_of_speech_classification,valence_classification,classification_1,positive_left,ZYYZ,,,black,leiche,noun,negative,black,0.8809,negative,0.3691,0,0.34,0.47,34
186,347,11,10,5,part_of_speech_classification,valence_classification,classification_1,positive_left,ZYYZ,,,black,einfall,noun,positive,black,0.8804,negative,0.307,1,0.34,0.47,34
186,348,12,10,5,part_of_speech_classification,valence_classification,classification_1,positive_left,MQQM,,,black,einfall,noun,positive,black,0.8808,negative,0.393,1,0.34,0.47,34
186,349,13,10,5,part_of_speech_classification,valence_classification,classification_1,positive_left,WJJW,,,black,gütig,adjective,positive,black,0.8805,positive,0.4367,0,0.34,0.47,34
186,350,14,10,5,part_of_speech_classification,valence_classification,classification_1,positive_left,ZYYZ,,,black,leiche,noun,negative,black,0.8804,negative,0.3866,0,0.34,0.47,34
186,351,15,10,5,part_of_speech_classification,valence_classification,classification_1,positive_left,WJJW,,,black,launisch,adjective,negative,black,0.8804,negative,0.4532,0,0.34,0.47,34
186,352,16,10,5,part_of_speech_classification,valence_classification,classification_1,positive_left,XVVX,,,black,schön,adjective,positive,black,0.8805,positive,0.4005,0,0.34,0.47,34
186,353,17,10,5,part_of_speech_classification,valence_classification,classification_1,positive_left,ZYYZ,,,black,liebe,noun,positive,black,0.8804,positive,0.4728,0,0.34,0.47,34
186,354,18,10,5,part_of_speech_classification,valence_classification,classification_1,positive_left,MQQM,,,black,entführung,noun,negative,black,0.8805,negative,0.393,0,0.34,0.47,34
186,355,19,10,5,part_of_speech_classification,valence_classification,classification_1,positive_left,MQQM,,,black,glück,noun,positive,black,0.8805,positive,0.4004,0,0.34,0.47,34
186,356,20,10,5,part_of_speech_classification,valence_classification,classification_1,positive_left,MQQM,,,black,gift,noun,negative,black,0.8805,positive,0.4947,1,0.34,0.47,34
186,357,21,10,5,part_of_speech_classification,valence_classification,classification_1,positive_left,WJJW,,,black,schlecht,adjective,negative,black,0.8805,negative,0.4872,0,0.34,0.47,34
186,358,22,10,5,part_of_speech_classification,valence_classification,classification_1,positive_left,MQQM,,,black,schleim,noun,negative,black,0.8804,negative,0.4368,0,0.34,0.47,34
186,359,23,10,5,part_of_speech_classification,valence_classification,classification_1,positive_left,XVVX,,,black,ehrlich,adjective,positive,black,0.8805,negative,0.3651,1,0.34,0.47,34
186,360,24,10,5,part_of_speech_classification,valence_classification,classification_1,positive_left,XVVX,,,black,eitel,adjective,negative,black,0.8805,negative,0.3867,0,0.34,0.47,34
186,361,25,10,5,part_of_speech_classification,valence_classification,classification_1,positive_left,WJJW,,,black,schön,adjective,positive,black,0.8804,positive,0.4059,0,0.34,0.47,34
186,362,26,10,5,part_of_speech_classification,valence_classification,classification_1,positive_left,WJJW,,,black,lustig,adjective,positive,black,0.8804,negative,0.3694,1,0.34,0.47,34
186,363,27,10,5,part_of_speech_classification,valence_classification,classification_1,positive_left,WJJW,,,black,schlecht,adjective,negative,black,0.8805,negative,0.403,0,0.34,0.47,34
186,364,28,10,5,part_of_speech_classification,valence_classification,classification_1,positive_left,XVVX,,,black,ehrlich,adjective,positive,black,0.8804,positive,0.4671,0,0.34,0.47,34
186,365,29,10,5,part_of_speech_classification,valence_classification,classification_1,positive_left,MQQM,,,black,entführung,noun,negative,black,0.8806,negative,0.4558,0,0.34,0.47,34
186,366,30,10,5,part_of_speech_classification,valence_classification,classification_1,positive_left,XVVX,,,black,gütig,adjective,positive,black,0.8805,positive,0.3956,0,0.34,0.47,34
186,367,31,10,5,part_of_speech_classification,valence_classification,classification_1,positive_left,XVVX,,,black,lustig,adjective,positive,black,0.8804,positive,0.423,0,0.34,0.47,34
186,368,32,10,5,part_of_speech_classification,valence_classification,classification_1,positive_left,ZYYZ,,,black,leiche,noun,negative,black,0.8805,negative,0.507,0,0.34,0.47,34
186,369,33,10,5,part_of_speech_classification,valence_classification,classification_1,positive_left,ZYYZ,,,black,spaß,noun,positive,black,0.8804,positive,0.4171,0,0.34,0.47,34
186,370,34,10,5,part_of_speech_classification,valence_classification,classification_1,positive_left,MQQM,,,black,liebe,noun,positive,black,0.8805,positive,0.4054,0,0.34,0.47,34
186,371,35,10,5,part_of_speech_classification,valence_classification,classification_1,positive_left,XVVX,,,black,eitel,adjective,negative,black,0.8804,negative,0.393,0,0.34,0.47,34
186,372,36,10,5,part_of_speech_classification,valence_classification,classification_1,positive_left,WJJW,,,black,ehrlich,adjective,positive,black,0.8805,positive,0.4284,0,0.34,0.47,34
186,373,37,10,5,part_of_speech_classification,valence_classification,classification_1,positive_left,MQQM,,,black,glück,noun,positive,black,0.8805,positive,0.423,0,0.34,0.47,34
186,374,38,10,5,part_of_speech_classification,valence_classification,classification_1,positive_left,XVVX,,,black,schön,adjective,positive,black,0.8804,positive,0.4433,0,0.34,0.47,34
186,375,39,10,5,part_of_speech_classification,valence_classification,classification_1,positive_left,MQQM,,,black,einfall,noun,positive,black,0.8805,negative,0.3754,1,0.34,0.47,34
186,376,40,10,5,part_of_speech_classification,valence_classification,classification_1,positive_left,WJJW,,,black,gierig,adjective,negative,black,0.8804,negative,0.5001,0,0.34,0.47,34
186,377,41,10,5,part_of_speech_classification,valence_classification,classification_1,positive_left,ZYYZ,,,black,gift,noun,negative,black,0.8805,negative,0.3657,0,0.34,0.47,34
186,378,42,10,5,part_of_speech_classification,valence_classification,classification_1,positive_left,XVVX,,,black,launisch,adjective,negative,black,0.8805,negative,0.4552,0,0.34,0.47,34
186,379,43,10,5,part_of_speech_classification,valence_classification,classification_1,positive_left,MQQM,,,black,schleim,noun,negative,black,0.8805,negative,0.3852,0,0.34,0.47,34
186,380,44,10,5,part_of_speech_classification,valence_classification,classification_1,positive_left,XVVX,,,black,launisch,adjective,negative,black,0.8805,negative,0.475,0,0.34,0.47,34
186,381,45,10,5,part_of_speech_classification,valence_classification,classification_1,positive_left,ZYYZ,,,black,spaß,noun,positive,black,0.8805,positive,0.4254,0,0.34,0.47,34
186,382,46,10,5,part_of_speech_classification,valence_classification,classification_1,positive_left,ZYYZ,,,black,glück,noun,positive,black,0.8805,positive,0.4378,0,0.34,0.47,34
186,383,47,10,5,part_of_speech_classification,valence_classification,classification_1,positive_left,WJJW,,,black,gierig,adjective,negative,black,0.8804,positive,0.3752,1,0.34,0.47,34
186,384,48,10,5,part_of_speech_classification,valence_classification,classification_1,positive_left,WJJW,,,black,gütig,adjective,positive,black,0.8805,negative,0.4255,1,0.34,0.47,34
186,385,1,14,4,part_of_speech_classification,part_of_speech_classification,classification_2,adjective_left,MQQM,,,black,liebe,noun,positive,black,0.8805,noun,0.437,0,0.34,0.47,34
186,386,2,14,4,part_of_speech_classification,part_of_speech_classification,classification_2,adjective_left,WJJW,,,black,einfall,noun,positive,black,0.8805,noun,0.4727,0,0.34,0.47,34
186,387,3,14,4,part_of_speech_classification,part_of_speech_classification,classification_2,adjective_left,ZYYZ,,,black,launisch,adjective,negative,black,0.8805,noun,0.4963,1,0.34,0.47,34
186,388,4,14,4,part_of_speech_classification,part_of_speech_classification,classification_2,adjective_left,ZYYZ,,,black,schlecht,adjective,negative,black,0.8805,noun,0.3751,1,0.34,0.47,34
186,389,5,14,4,part_of_speech_classification,part_of_speech_classification,classification_2,adjective_left,WJJW,,,black,lustig,adjective,positive,black,0.8805,noun,0.4238,1,0.34,0.47,34
186,390,6,14,4,part_of_speech_classification,part_of_speech_classification,classification_2,adjective_left,ZYYZ,,,black,gierig,adjective,negative,black,0.8805,adjective,0.3964,0,0.34,0.47,34
186,391,7,14,4,part_of_speech_classification,part_of_speech_classification,classification_2,adjective_left,WJJW,,,black,schön,adjective,positive,black,0.8805,adjective,0.5546,0,0.34,0.47,34
186,392,8,14,4,part_of_speech_classification,part_of_speech_classification,classification_2,adjective_left,WJJW,,,black,liebe,noun,positive,black,0.8805,noun,0.4387,0,0.34,0.47,34
186,393,9,14,4,part_of_speech_classification,part_of_speech_classification,classification_2,adjective_left,WJJW,,,black,glück,noun,positive,black,0.8805,noun,0.3853,0,0.34,0.47,34
186,394,10,14,4,part_of_speech_classification,part_of_speech_classification,classification_2,adjective_left,XVVX,,,black,leiche,noun,negative,black,0.8805,noun,0.5265,0,0.34,0.47,34
186,395,11,14,4,part_of_speech_classification,part_of_speech_classification,classification_2,adjective_left,ZYYZ,,,black,leiche,noun,negative,black,0.8804,adjective,0.4155,1,0.34,0.47,34
186,396,12,14,4,part_of_speech_classification,part_of_speech_classification,classification_2,adjective_left,WJJW,,,black,lustig,adjective,positive,black,0.8805,noun,0.4577,1,0.34,0.47,34
186,397,13,14,4,part_of_speech_classification,part_of_speech_classification,classification_2,adjective_left,XVVX,,,black,schleim,noun,negative,black,0.8805,adjective,0.3948,1,0.34,0.47,34
186,398,14,14,4,part_of_speech_classification,part_of_speech_classification,classification_2,adjective_left,XVVX,,,black,schlecht,adjective,negative,black,0.8805,adjective,0.4857,0,0.34,0.47,34
186,399,15,14,4,part_of_speech_classification,part_of_speech_classification,classification_2,adjective_left,WJJW,,,black,glück,noun,positive,black,0.8805,noun,0.5382,0,0.34,0.47,34
186,400,16,14,4,part_of_speech_classification,part_of_speech_classification,classification_2,adjective_left,XVVX,,,black,launisch,adjective,negative,black,0.8804,adjective,0.4592,0,0.34,0.47,34
186,401,17,14,4,part_of_speech_classification,part_of_speech_classification,classification_2,adjective_left,XVVX,,,black,schleim,noun,negative,black,0.8805,noun,0.4193,0,0.34,0.47,34
186,402,18,14,4,part_of_speech_classification,part_of_speech_classification,classification_2,adjective_left,MQQM,,,black,ehrlich,adjective,positive,black,0.8805,noun,0.3329,1,0.34,0.47,34
186,403,19,14,4,part_of_speech_classification,part_of_speech_classification,classification_2,adjective_left,MQQM,,,black,gütig,adjective,positive,black,0.8805,noun,0.3229,1,0.34,0.47,34
186,404,20,14,4,part_of_speech_classification,part_of_speech_classification,classification_2,adjective_left,ZYYZ,,,black,gift,noun,negative,black,0.8805,noun,0.4553,0,0.34,0.47,34
186,405,21,14,4,part_of_speech_classification,part_of_speech_classification,classification_2,adjective_left,WJJW,,,black,spaß,noun,positive,black,0.8804,noun,0.4,0,0.34,0.47,34
186,406,22,14,4,part_of_speech_classification,part_of_speech_classification,classification_2,adjective_left,MQQM,,,black,spaß,noun,positive,black,0.8805,noun,0.373,0,0.34,0.47,34
186,407,23,14,4,part_of_speech_classification,part_of_speech_classification,classification_2,adjective_left,ZYYZ,,,black,entführung,noun,negative,black,0.8805,noun,0.4886,0,0.34,0.47,34
186,408,24,14,4,part_of_speech_classification,part_of_speech_classification,classification_2,adjective_left,XVVX,,,black,launisch,adjective,negative,black,0.8806,adjective,0.373,0,0.34,0.47,34
186,409,25,14,4,part_of_speech_classification,part_of_speech_classification,classification_2,adjective_left,XVVX,,,black,gierig,adjective,negative,black,0.8804,adjective,0.433,0,0.34,0.47,34
186,410,26,14,4,part_of_speech_classification,part_of_speech_classification,classification_2,adjective_left,XVVX,,,black,eitel,adjective,negative,black,0.8805,noun,0.4153,1,0.34,0.47,34
186,411,27,14,4,part_of_speech_classification,part_of_speech_classification,classification_2,adjective_left,WJJW,,,black,liebe,noun,positive,black,0.8805,noun,0.4653,0,0.34,0.47,34
186,412,28,14,4,part_of_speech_classification,part_of_speech_classification,classification_2,adjective_left,MQQM,,,black,spaß,noun,positive,black,0.8804,noun,0.353,0,0.34,0.47,34
186,413,29,14,4,part_of_speech_classification,part_of_speech_classification,classification_2,adjective_left,XVVX,,,black,entführung,noun,negative,black,0.8807,noun,0.6274,0,0.34,0.47,34
186,414,30,14,4,part_of_speech_classification,part_of_speech_classification,classification_2,adjective_left,MQQM,,,black,glück,noun,positive,black,0.8805,noun,0.4588,0,0.34,0.47,34
186,415,31,14,4,part_of_speech_classification,part_of_speech_classification,classification_2,adjective_left,MQQM,,,black,lustig,adjective,positive,black,0.8805,noun,0.3931,1,0.34,0.47,34
186,416,32,14,4,part_of_speech_classification,part_of_speech_classification,classification_2,adjective_left,MQQM,,,black,einfall,noun,positive,black,0.8805,noun,0.4056,0,0.34,0.47,34
186,417,33,14,4,part_of_speech_classification,part_of_speech_classification,classification_2,adjective_left,MQQM,,,black,einfall,noun,positive,black,0.8809,noun,0.6411,0,0.34,0.47,34
186,418,34,14,4,part_of_speech_classification,part_of_speech_classification,classification_2,adjective_left,XVVX,,,black,gift,noun,negative,black,0.8805,noun,0.5989,0,0.34,0.47,34
186,419,35,14,4,part_of_speech_classification,part_of_speech_classification,classification_2,adjective_left,ZYYZ,,,black,gierig,adjective,negative,black,0.8805,noun,0.3273,1,0.34,0.47,34
186,420,36,14,4,part_of_speech_classification,part_of_speech_classification,classification_2,adjective_left,ZYYZ,,,black,schleim,noun,negative,black,0.8804,noun,0.5233,0,0.34,0.47,34
186,421,37,14,4,part_of_speech_classification,part_of_speech_classification,classification_2,adjective_left,ZYYZ,,,black,schlecht,adjective,negative,black,0.8805,noun,0.3598,1,0.34,0.47,34
186,422,38,14,4,part_of_speech_classification,part_of_speech_classification,classification_2,adjective_left,ZYYZ,,,black,gift,noun,negative,black,0.8805,noun,0.4,0,0.34,0.47,34
186,423,39,14,4,part_of_speech_classification,part_of_speech_classification,classification_2,adjective_left,MQQM,,,black,schön,adjective,positive,black,0.8804,noun,0.3676,1,0.34,0.47,34
186,424,40,14,4,part_of_speech_classification,part_of_speech_classification,classification_2,adjective_left,WJJW,,,black,gütig,adjective,positive,black,0.8805,noun,0.459,1,0.34,0.47,34
186,425,41,14,4,part_of_speech_classification,part_of_speech_classification,classification_2,adjective_left,WJJW,,,black,schön,adjective,positive,black,0.8804,adjective,0.4748,0,0.34,0.47,34
186,426,42,14,4,part_of_speech_classification,part_of_speech_classification,classification_2,adjective_left,ZYYZ,,,black,eitel,adjective,negative,black,0.8806,noun,0.4252,1,0.34,0.47,34
186,427,43,14,4,part_of_speech_classification,part_of_speech_classification,classification_2,adjective_left,MQQM,,,black,gütig,adjective,positive,black,0.8804,adjective,0.4294,0,0.34,0.47,34
186,428,44,14,4,part_of_speech_classification,part_of_speech_classification,classification_2,adjective_left,MQQM,,,black,ehrlich,adjective,positive,black,0.8805,adjective,0.3494,0,0.34,0.47,34
186,429,45,14,4,part_of_speech_classification,part_of_speech_classification,classification_2,adjective_left,WJJW,,,black,ehrlich,adjective,positive,black,0.8804,adjective,0.3754,0,0.34,0.47,34
186,430,46,14,4,part_of_speech_classification,part_of_speech_classification,classification_2,adjective_left,XVVX,,,black,eitel,adjective,negative,black,0.8805,adjective,0.3229,0,0.34,0.47,34
186,431,47,14,4,part_of_speech_classification,part_of_speech_classification,classification_2,adjective_left,ZYYZ,,,black,entführung,noun,negative,black,0.8805,noun,0.504,0,0.34,0.47,34
186,432,48,14,4,part_of_speech_classification,part_of_speech_classification,classification_2,adjective_left,XVVX,,,black,leiche,noun,negative,black,0.8804,noun,0.5985,0,0.34,0.47,34
186,433,1,15,5,part_of_speech_classification,part_of_speech_classification,classification_2,adjective_left,XVVX,,,black,launisch,adjective,negative,black,0.8806,adjective,0.4392,0,0.34,0.47,34
186,434,2,15,5,part_of_speech_classification,part_of_speech_classification,classification_2,adjective_left,MQQM,,,black,schön,adjective,positive,black,0.8805,adjective,0.3881,0,0.34,0.47,34
186,435,3,15,5,part_of_speech_classification,part_of_speech_classification,classification_2,adjective_left,MQQM,,,black,glück,noun,positive,black,0.8805,noun,0.4975,0,0.34,0.47,34
186,436,4,15,5,part_of_speech_classification,part_of_speech_classification,classification_2,adjective_left,MQQM,,,black,ehrlich,adjective,positive,black,0.8804,adjective,0.4448,0,0.34,0.47,34
186,437,5,15,5,part_of_speech_classification,part_of_speech_classification,classification_2,adjective_left,WJJW,,,black,lustig,adjective,positive,black,0.881,adjective,0.4283,0,0.34,0.47,34
186,438,6,15,5,part_of_speech_classification,part_of_speech_classification,classification_2,adjective_left,XVVX,,,black,eitel,adjective,negative,black,0.8805,adjective,0.5843,0,0.34,0.47,34
186,439,7,15,5,part_of_speech_classification,part_of_speech_classification,classification_2,adjective_left,XVVX,,,black,gierig,adjective,negative,black,0.8805,adjective,0.4441,0,0.34,0.47,34
186,440,8,15,5,part_of_speech_classification,part_of_speech_classification,classification_2,adjective_left,XVVX,,,black,schlecht,adjective,negative,black,0.8805,adjective,0.4943,0,0.34,0.47,34
186,441,9,15,5,part_of_speech_classification,part_of_speech_classification,classification_2,adjective_left,XVVX,,,black,schlecht,adjective,negative,black,0.8805,adjective,0.383,0,0.34,0.47,34
186,442,10,15,5,part_of_speech_classification,part_of_speech_classification,classification_2,adjective_left,WJJW,,,black,gütig,adjective,positive,black,0.8805,adjective,0.4139,0,0.34,0.47,34
186,443,11,15,5,part_of_speech_classification,part_of_speech_classification,classification_2,adjective_left,WJJW,,,black,liebe,noun,positive,black,0.8805,noun,0.4647,0,0.34,0.47,34
186,444,12,15,5,part_of_speech_classification,part_of_speech_classification,classification_2,adjective_left,WJJW,,,black,ehrlich,adjective,positive,black,0.8804,adjective,0.4483,0,0.34,0.47,34
186,445,13,15,5,part_of_speech_classification,part_of_speech_classification,classification_2,adjective_left,ZYYZ,,,black,eitel,adjective,negative,black,0.8805,adjective,0.3894,0,0.34,0.47,34
186,446,14,15,5,part_of_speech_classification,part_of_speech_classification,classification_2,adjective_left,ZYYZ,,,black,eitel,adjective,negative,black,0.8805,adjective,0.3941,0,0.34,0.47,34
186,447,15,15,5,part_of_speech_classification,part_of_speech_classification,classification_2,adjective_left,ZYYZ,,,black,schleim,noun,negative,black,0.8805,noun,0.4943,0,0.34,0.47,34
186,448,16,15,5,part_of_speech_classification,part_of_speech_classification,classification_2,adjective_left,XVVX,,,black,schleim,noun,negative,black,0.8805,noun,0.413,0,0.34,0.47,34
186,449,17,15,5,part_of_speech_classification,part_of_speech_classification,classification_2,adjective_left,MQQM,,,black,einfall,noun,positive,black,0.8805,noun,0.7279,0,0.34,0.47,34
186,450,18,15,5,part_of_speech_classification,part_of_speech_classification,classification_2,adjective_left,ZYYZ,,,black,gierig,adjective,negative,black,0.8805,adjective,0.4231,0,0.34,0.47,34
186,451,19,15,5,part_of_speech_classification,part_of_speech_classification,classification_2,adjective_left,MQQM,,,black,lustig,adjective,positive,black,0.8804,adjective,0.702,0,0.34,0.47,34
186,452,20,15,5,part_of_speech_classification,part_of_speech_classification,classification_2,adjective_left,MQQM,,,black,spaß,noun,positive,black,0.8805,noun,0.444,0,0.34,0.47,34
186,453,21,15,5,part_of_speech_classification,part_of_speech_classification,classification_2,adjective_left,XVVX,,,black,gift,noun,negative,black,0.8805,noun,0.5503,0,0.34,0.47,34
186,454,22,15,5,part_of_speech_classification,part_of_speech_classification,classification_2,adjective_left,WJJW,,,black,spaß,noun,positive,black,0.8804,noun,0.4377,0,0.34,0.47,34
186,455,23,15,5,part_of_speech_classification,part_of_speech_classification,classification_2,adjective_left,WJJW,,,black,ehrlich,adjective,positive,black,0.8805,adjective,0.5167,0,0.34,0.47,34
186,456,24,15,5,part_of_speech_classification,part_of_speech_classification,classification_2,adjective_left,MQQM,,,black,glück,noun,positive,black,0.8805,noun,0.4938,0,0.34,0.47,34
186,457,25,15,5,part_of_speech_classification,part_of_speech_classification,classification_2,adjective_left,ZYYZ,,,black,schlecht,adjective,negative,black,0.8804,adjective,0.535,0,0.34,0.47,34
186,458,26,15,5,part_of_speech_classification,part_of_speech_classification,classification_2,adjective_left,XVVX,,,black,leiche,noun,negative,black,0.8806,noun,0.489,0,0.34,0.47,34
186,459,27,15,5,part_of_speech_classification,part_of_speech_classification,classification_2,adjective_left,MQQM,,,black,schön,adjective,positive,black,0.8804,adjective,0.6252,0,0.34,0.47,34
186,460,28,15,5,part_of_speech_classification,part_of_speech_classification,classification_2,adjective_left,XVVX,,,black,schleim,noun,negative,black,0.8805,noun,0.5191,0,0.34,0.47,34
186,461,29,15,5,part_of_speech_classification,part_of_speech_classification,classification_2,adjective_left,WJJW,,,black,einfall,noun,positive,black,0.8805,noun,0.4175,0,0.34,0.47,34
186,462,30,15,5,part_of_speech_classification,part_of_speech_classification,classification_2,adjective_left,ZYYZ,,,black,leiche,noun,negative,black,0.8805,noun,0.4431,0,0.34,0.47,34
186,463,31,15,5,part_of_speech_classification,part_of_speech_classification,classification_2,adjective_left,WJJW,,,black,gütig,adjective,positive,black,0.8804,adjective,0.4352,0,0.34,0.47,34
186,464,32,15,5,part_of_speech_classification,part_of_speech_classification,classification_2,adjective_left,XVVX,,,black,entführung,noun,negative,black,0.8805,noun,0.4131,0,0.34,0.47,34
186,465,33,15,5,part_of_speech_classification,part_of_speech_classification,classification_2,adjective_left,MQQM,,,black,lustig,adjective,positive,black,0.8805,adjective,0.4727,0,0.34,0.47,34
186,466,34,15,5,part_of_speech_classification,part_of_speech_classification,classification_2,adjective_left,ZYYZ,,,black,entführung,noun,negative,black,0.8805,noun,0.4068,0,0.34,0.47,34
186,467,35,15,5,part_of_speech_classification,part_of_speech_classification,classification_2,adjective_left,XVVX,,,black,launisch,adjective,negative,black,0.8804,adjective,0.463,0,0.34,0.47,34
186,468,36,15,5,part_of_speech_classification,part_of_speech_classification,classification_2,adjective_left,ZYYZ,,,black,leiche,noun,negative,black,0.8805,noun,0.5196,0,0.34,0.47,34
186,469,37,15,5,part_of_speech_classification,part_of_speech_classification,classification_2,adjective_left,XVVX,,,black,entführung,noun,negative,black,0.8804,noun,0.4632,0,0.34,0.47,34
186,470,38,15,5,part_of_speech_classification,part_of_speech_classification,classification_2,adjective_left,ZYYZ,,,black,gift,noun,negative,black,0.8805,noun,0.4768,0,0.34,0.47,34
186,471,39,15,5,part_of_speech_classification,part_of_speech_classification,classification_2,adjective_left,ZYYZ,,,black,gift,noun,negative,black,0.8805,noun,0.3489,0,0.34,0.47,34
186,472,40,15,5,part_of_speech_classification,part_of_speech_classification,classification_2,adjective_left,WJJW,,,black,glück,noun,positive,black,0.8804,noun,0.3754,0,0.34,0.47,34
186,473,41,15,5,part_of_speech_classification,part_of_speech_classification,classification_2,adjective_left,ZYYZ,,,black,gierig,adjective,negative,black,0.8809,adjective,0.3564,0,0.34,0.47,34
186,474,42,15,5,part_of_speech_classification,part_of_speech_classification,classification_2,adjective_left,ZYYZ,,,black,launisch,adjective,negative,black,0.8804,adjective,0.5136,0,0.34,0.47,34
186,475,43,15,5,part_of_speech_classification,part_of_speech_classification,classification_2,adjective_left,MQQM,,,black,einfall,noun,positive,black,0.8805,noun,0.4352,0,0.34,0.47,34
186,476,44,15,5,part_of_speech_classification,part_of_speech_classification,classification_2,adjective_left,MQQM,,,black,spaß,noun,positive,black,0.8805,noun,0.389,0,0.34,0.47,34
186,477,45,15,5,part_of_speech_classification,part_of_speech_classification,classification_2,adjective_left,MQQM,,,black,gütig,adjective,positive,black,0.8805,adjective,0.4431,0,0.34,0.47,34
186,478,46,15,5,part_of_speech_classification,part_of_speech_classification,classification_2,adjective_left,WJJW,,,black,schön,adjective,positive,black,0.8805,adjective,0.5365,0,0.34,0.47,34
186,479,47,15,5,part_of_speech_classification,part_of_speech_classification,classification_2,adjective_left,WJJW,,,black,liebe,noun,positive,black,0.8806,noun,0.4131,0,0.34,0.47,34
186,480,48,15,5,part_of_speech_classification,part_of_speech_classification,classification_2,adjective_left,WJJW,,,black,liebe,noun,positive,black,0.8804,noun,0.393,0,0.34,0.47,34
186,485,1,17,1,part_of_speech_classification,prime_discrimination,prime_discrimination,none,WJJW,,,black,schön,adjective,positive,black,0.9368,,,,0.34,0.47,34
186,485,1,17,1,part_of_speech_classification,prime_discrimination,prime_discrimination,none,WJJW,,,black,schön,adjective,positive,black,,stim0;WJJW,1827.5502000469714,,,,34
186,486,2,17,1,part_of_speech_classification,prime_discrimination,prime_discrimination,none,WJJW,,,black,ehrlich,adjective,positive,black,0.9305,,,,0.34,0.47,34
186,486,2,17,1,part_of_speech_classification,prime_discrimination,prime_discrimination,none,WJJW,,,black,ehrlich,adjective,positive,black,,stim0,1035.3139999788254,,,,34
186,487,3,17,1,part_of_speech_classification,prime_discrimination,prime_discrimination,none,XVVX,,,black,liebe,noun,positive,black,0.9305,,,,0.34,0.47,34
186,487,3,17,1,part_of_speech_classification,prime_discrimination,prime_discrimination,none,XVVX,,,black,liebe,noun,positive,black,,stim3;XVVX,1422.701100120321,,,,34
186,488,4,17,1,part_of_speech_classification,prime_discrimination,prime_discrimination,none,MQQM,,,black,spaß,noun,positive,black,0.9305,,,,0.34,0.47,34
186,488,4,17,1,part_of_speech_classification,prime_discrimination,prime_discrimination,none,MQQM,,,black,spaß,noun,positive,black,,stim1;MQQM,2697.041400009766,,,,34
186,489,5,17,1,part_of_speech_classification,prime_discrimination,prime_discrimination,none,ZYYZ,,,black,glück,noun,positive,black,0.9316,,,,0.34,0.47,34
186,489,5,17,1,part_of_speech_classification,prime_discrimination,prime_discrimination,none,ZYYZ,,,black,glück,noun,positive,black,,stim2,720.5959998536855,,,,34
186,490,6,17,1,part_of_speech_classification,prime_discrimination,prime_discrimination,none,ZYYZ,,,black,schlecht,adjective,negative,black,0.9305,,,,0.34,0.47,34
186,490,6,17,1,part_of_speech_classification,prime_discrimination,prime_discrimination,none,ZYYZ,,,black,schlecht,adjective,negative,black,,stim3,1177.9183000326157,,,,34
186,491,7,17,1,part_of_speech_classification,prime_discrimination,prime_discrimination,none,WJJW,,,black,lustig,adjective,positive,black,0.9306,,,,0.34,0.47,34
186,491,7,17,1,part_of_speech_classification,prime_discrimination,prime_discrimination,none,WJJW,,,black,lustig,adjective,positive,black,,stim0,498.2412999961525,,,,34
186,492,8,17,1,part_of_speech_classification,prime_discrimination,prime_discrimination,none,MQQM,,,black,einfall,noun,positive,black,0.9306,,,,0.34,0.47,34
186,492,8,17,1,part_of_speech_classification,prime_discrimination,prime_discrimination,none,MQQM,,,black,einfall,noun,positive,black,,stim1,628.7732999771833,,,,34
186,493,9,17,1,part_of_speech_classification,prime_discrimination,prime_discrimination,none,XVVX,,,black,gierig,adjective,negative,black,0.9305,,,,0.34,0.47,34
186,493,9,17,1,part_of_speech_classification,prime_discrimination,prime_discrimination,none,XVVX,,,black,gierig,adjective,negative,black,,stim2,2566.4359000511467,,,,34
186,494,10,17,1,part_of_speech_classification,prime_discrimination,prime_discrimination,none,XVVX,,,black,eitel,adjective,negative,black,0.9305,,,,0.34,0.47,34
186,494,10,17,1,part_of_speech_classification,prime_discrimination,prime_discrimination,none,XVVX,,,black,eitel,adjective,negative,black,,stim3,1195.5438000150025,,,,34
186,495,11,17,1,part_of_speech_classification,prime_discrimination,prime_discrimination,none,MQQM,,,black,gütig,adjective,positive,black,0.9305,,,,0.34,0.47,34
186,495,11,17,1,part_of_speech_classification,prime_discrimination,prime_discrimination,none,MQQM,,,black,gütig,adjective,positive,black,,stim1,934.3818000052124,,,,34
186,496,12,17,1,part_of_speech_classification,prime_discrimination,prime_discrimination,none,ZYYZ,,,black,launisch,adjective,negative,black,0.9305,,,,0.34,0.47,34
186,496,12,17,1,part_of_speech_classification,prime_discrimination,prime_discrimination,none,ZYYZ,,,black,launisch,adjective,negative,black,,stim2,1493.3722000569105,,,,34
186,497,1,18,2,part_of_speech_classification,prime_discrimination,prime_discrimination,none,ZYYZ,,,black,gift,noun,negative,black,0.8805,,,,0.34,0.47,34
186,497,1,18,2,part_of_speech_classification,prime_discrimination,prime_discrimination,none,ZYYZ,,,black,gift,noun,negative,black,,stim2,1273.6564001534134,,,,34
186,498,2,18,2,part_of_speech_classification,prime_discrimination,prime_discrimination,none,XVVX,,,black,liebe,noun,positive,black,0.8805,,,,0.34,0.47,34
186,498,2,18,2,part_of_speech_classification,prime_discrimination,prime_discrimination,none,XVVX,,,black,liebe,noun,positive,black,,stim3,937.3878999613225,,,,34
186,499,3,18,2,part_of_speech_classification,prime_discrimination,prime_discrimination,none,MQQM,,,black,launisch,adjective,negative,black,0.881,,,,0.34,0.47,34
186,499,3,18,2,part_of_speech_classification,prime_discrimination,prime_discrimination,none,MQQM,,,black,launisch,adjective,negative,black,,stim1;MQQM,624.5079999789596,,,,34
186,500,4,18,2,part_of_speech_classification,prime_discrimination,prime_discrimination,none,XVVX,,,black,spaß,noun,positive,black,0.8808,,,,0.34,0.47,34
186,500,4,18,2,part_of_speech_classification,prime_discrimination,prime_discrimination,none,XVVX,,,black,spaß,noun,positive,black,,stim3,1026.3349001761526,,,,34
186,501,5,18,2,part_of_speech_classification,prime_discrimination,prime_discrimination,none,WJJW,,,black,gift,noun,negative,black,0.881,,,,0.34,0.47,34
186,501,5,18,2,part_of_speech_classification,prime_discrimination,prime_discrimination,none,WJJW,,,black,gift,noun,negative,black,,stim0,2115.4169000219554,,,,34
186,502,6,18,2,part_of_speech_classification,prime_discrimination,prime_discrimination,none,ZYYZ,,,black,gütig,adjective,positive,black,0.9105,,,,0.34,0.47,34
186,502,6,18,2,part_of_speech_classification,prime_discrimination,prime_discrimination,none,ZYYZ,,,black,gütig,adjective,positive,black,,stim2,1020.7384000532329,,,,34
186,503,7,18,2,part_of_speech_classification,prime_discrimination,prime_discrimination,none,XVVX,,,black,lustig,adjective,positive,black,0.8805,,,,0.34,0.47,34
186,503,7,18,2,part_of_speech_classification,prime_discrimination,prime_discrimination,none,XVVX,,,black,lustig,adjective,positive,black,,stim3;XVVX,1662.7386999316514,,,,34
186,504,8,18,2,part_of_speech_classification,prime_discrimination,prime_discrimination,none,XVVX,,,black,einfall,noun,positive,black,0.8805,,,,0.34,0.47,34
186,504,8,18,2,part_of_speech_classification,prime_discrimination,prime_discrimination,none,XVVX,,,black,einfall,noun,positive,black,,stim3,837.4083999078721,,,,34
186,505,9,18,2,part_of_speech_classification,prime_discrimination,prime_discrimination,none,MQQM,,,black,einfall,noun,positive,black,0.8805,,,,0.34,0.47,34
186,505,9,18,2,part_of_speech_classification,prime_discrimination,prime_discrimination,none,MQQM,,,black,einfall,noun,positive,black,,stim1,831.1749999411404,,,,34
186,506,10,18,2,part_of_speech_classification,prime_discrimination,prime_discrimination,none,ZYYZ,,,black,spaß,noun,positive,black,0.8805,,,,0.34,0.47,34
186,506,10,18,2,part_of_speech_classification,prime_discrimination,prime_discrimination,none,ZYYZ,,,black,spaß,noun,positive,black,,stim2;ZYYZ,1961.1472999677062,,,,34
186,507,11,18,2,part_of_speech_classification,prime_discrimination,prime_discrimination,none,ZYYZ,,,black,lustig,adjective,positive,black,0.8805,,,,0.34,0.47,34
186,507,11,18,2,part_of_speech_classification,prime_discrimination,prime_discrimination,none,ZYYZ,,,black,lustig,adjective,positive,black,,stim2;ZYYZ,1203.7345001008362,,,,34
186,508,12,18,2,part_of_speech_classification,prime_discrimination,prime_discrimination,none,ZYYZ,,,black,gütig,adjective,positive,black,0.8805,,,,0.34,0.47,34
186,508,12,18,2,part_of_speech_classification,prime_discrimination,prime_discrimination,none,ZYYZ,,,black,gütig,adjective,positive,black,,stim0;WJJW,1454.9662999343127,,,,34
186,509,13,18,2,part_of_speech_classification,prime_discrimination,prime_discrimination,none,WJJW,,,black,launisch,adjective,negative,black,0.8804,,,,0.34,0.47,34
186,509,13,18,2,part_of_speech_classification,prime_discrimination,prime_discrimination,none,WJJW,,,black,launisch,adjective,negative,black,,stim0,1097.784399986267,,,,34
186,510,14,18,2,part_of_speech_classification,prime_discrimination,prime_discrimination,none,WJJW,,,black,gütig,adjective,positive,black,0.8805,,,,0.34,0.47,34
186,510,14,18,2,part_of_speech_classification,prime_discrimination,prime_discrimination,none,WJJW,,,black,gütig,adjective,positive,black,,stim0;WJJW,2731.0589000117034,,,,34
186,511,15,18,2,part_of_speech_classification,prime_discrimination,prime_discrimination,none,XVVX,,,black,schlecht,adjective,negative,black,0.8805,,,,0.34,0.47,34
186,511,15,18,2,part_of_speech_classification,prime_discrimination,prime_discrimination,none,XVVX,,,black,schlecht,adjective,negative,black,,stim3;XVVX,833.030599867925,,,,34
186,512,16,18,2,part_of_speech_classification,prime_discrimination,prime_discrimination,none,XVVX,,,black,schön,adjective,positive,black,0.8809,,,,0.34,0.47,34
186,512,16,18,2,part_of_speech_classification,prime_discrimination,prime_discrimination,none,XVVX,,,black,schön,adjective,positive,black,,stim3,1120.4838000703603,,,,34
186,513,17,18,2,part_of_speech_classification,prime_discrimination,prime_discrimination,none,MQQM,,,black,ehrlich,adjective,positive,black,0.8805,,,,0.34,0.47,34
186,513,17,18,2,part_of_speech_classification,prime_discrimination,prime_discrimination,none,MQQM,,,black,ehrlich,adjective,positive,black,,stim1;MQQM,686.0001999884844,,,,34
186,514,18,18,2,part_of_speech_classification,prime_discrimination,prime_discrimination,none,MQQM,,,black,schleim,noun,negative,black,0.8806,,,,0.34,0.47,34
186,514,18,18,2,part_of_speech_classification,prime_discrimination,prime_discrimination,none,MQQM,,,black,schleim,noun,negative,black,,stim1,655.0812998320907,,,,34
186,515,19,18,2,part_of_speech_classification,prime_discrimination,prime_discrimination,none,ZYYZ,,,black,entführung,noun,negative,black,0.8805,,,,0.34,0.47,34
186,515,19,18,2,part_of_speech_classification,prime_discrimination,prime_discrimination,none,ZYYZ,,,black,entführung,noun,negative,black,,stim2,858.7783998809755,,,,34
186,516,20,18,2,part_of_speech_classification,prime_discrimination,prime_discrimination,none,ZYYZ,,,black,schlecht,adjective,negative,black,0.8804,,,,0.34,0.47,34
186,516,20,18,2,part_of_speech_classification,prime_discrimination,prime_discrimination,none,ZYYZ,,,black,schlecht,adjective,negative,black,,stim2,1576.6193999443203,,,,34
186,517,21,18,2,part_of_speech_classification,prime_discrimination,prime_discrimination,none,ZYYZ,,,black,gierig,adjective,negative,black,0.8805,,,,0.34,0.47,34
186,517,21,18,2,part_of_speech_classification,prime_discrimination,prime_discrimination,none,ZYYZ,,,black,gierig,adjective,negative,black,,stim0;WJJW,1707.6095999218524,,,,34
186,518,22,18,2,part_of_speech_classification,prime_discrimination,prime_discrimination,none,MQQM,,,black,schlecht,adjective,negative,black,0.8809,,,,0.34,0.47,34
186,518,22,18,2,part_of_speech_classification,prime_discrimination,prime_discrimination,none,MQQM,,,black,schlecht,adjective,negative,black,,stim1,1311.3007999490947,,,,34
186,519,23,18,2,part_of_speech_classification,prime_discrimination,prime_discrimination,none,WJJW,,,black,leiche,noun,negative,black,0.8805,,,,0.34,0.47,34
186,519,23,18,2,part_of_speech_classification,prime_discrimination,prime_discrimination,none,WJJW,,,black,leiche,noun,negative,black,,stim3,1928.857399849221,,,,34
186,520,24,18,2,part_of_speech_classification,prime_discrimination,prime_discrimination,none,WJJW,,,black,glück,noun,positive,black,0.9105,,,,0.34,0.47,34
186,520,24,18,2,part_of_speech_classification,prime_discrimination,prime_discrimination,none,WJJW,,,black,glück,noun,positive,black,,stim0;WJJW,1280.0168001558632,,,,34
186,521,25,18,2,part_of_speech_classification,prime_discrimination,prime_discrimination,none,MQQM,,,black,lustig,adjective,positive,black,0.8805,,,,0.34,0.47,34
186,521,25,18,2,part_of_speech_classification,prime_discrimination,prime_discrimination,none,MQQM,,,black,lustig,adjective,positive,black,,stim1,1023.0165000539273,,,,34
186,522,26,18,2,part_of_speech_classification,prime_discrimination,prime_discrimination,none,MQQM,,,black,eitel,adjective,negative,black,0.8805,,,,0.34,0.47,34
186,522,26,18,2,part_of_speech_classification,prime_discrimination,prime_discrimination,none,MQQM,,,black,eitel,adjective,negative,black,,stim1,1044.283599825576,,,,34
186,523,27,18,2,part_of_speech_classification,prime_discrimination,prime_discrimination,none,WJJW,,,black,eitel,adjective,negative,black,0.9105,,,,0.34,0.47,34
186,523,27,18,2,part_of_speech_classification,prime_discrimination,prime_discrimination,none,WJJW,,,black,eitel,adjective,negative,black,,stim0,745.4943999182433,,,,34
186,524,28,18,2,part_of_speech_classification,prime_discrimination,prime_discrimination,none,WJJW,,,black,gift,noun,negative,black,0.8805,,,,0.34,0.47,34
186,524,28,18,2,part_of_speech_classification,prime_discrimination,prime_discrimination,none,WJJW,,,black,gift,noun,negative,black,,stim0;WJJW,552.6201000902802,,,,34
186,525,29,18,2,part_of_speech_classification,prime_discrimination,prime_discrimination,none,ZYYZ,,,black,schleim,noun,negative,black,0.8805,,,,0.34,0.47,34
186,525,29,18,2,part_of_speech_classification,prime_discrimination,prime_discrimination,none,ZYYZ,,,black,schleim,noun,negative,black,,stim2;ZYYZ,694.4301000330597,,,,34
186,526,30,18,2,part_of_speech_classification,prime_discrimination,prime_discrimination,none,WJJW,,,black,gierig,adjective,negative,black,0.8805,,,,0.34,0.47,34
186,526,30,18,2,part_of_speech_classification,prime_discrimination,prime_discrimination,none,WJJW,,,black,gierig,adjective,negative,black,,stim0,553.7956999614835,,,,34
186,527,31,18,2,part_of_speech_classification,prime_discrimination,prime_discrimination,none,WJJW,,,black,liebe,noun,positive,black,0.8805,,,,0.34,0.47,34
186,527,31,18,2,part_of_speech_classification,prime_discrimination,prime_discrimination,none,WJJW,,,black,liebe,noun,positive,black,,stim0,1298.3931000344455,,,,34
186,528,32,18,2,part_of_speech_classification,prime_discrimination,prime_discrimination,none,MQQM,,,black,launisch,adjective,negative,black,0.8805,,,,0.34,0.47,34
186,528,32,18,2,part_of_speech_classification,prime_discrimination,prime_discrimination,none,MQQM,,,black,launisch,adjective,negative,black,,stim1;MQQM,752.7155000716448,,,,34
186,529,33,18,2,part_of_speech_classification,prime_discrimination,prime_discrimination,none,XVVX,,,black,ehrlich,adjective,positive,black,0.8804,,,,0.34,0.47,34
186,529,33,18,2,part_of_speech_classification,prime_discrimination,prime_discrimination,none,XVVX,,,black,ehrlich,adjective,positive,black,,stim3,693.2259001769125,,,,34
186,530,34,18,2,part_of_speech_classification,prime_discrimination,prime_discrimination,none,MQQM,,,black,schön,adjective,positive,black,0.8805,,,,0.34,0.47,34
186,530,34,18,2,part_of_speech_classification,prime_discrimination,prime_discrimination,none,MQQM,,,black,schön,adjective,positive,black,,stim1,797.7227000519633,,,,34
186,531,35,18,2,part_of_speech_classification,prime_discrimination,prime_discrimination,none,WJJW,,,black,entführung,noun,negative,black,0.8805,,,,0.34,0.47,34
186,531,35,18,2,part_of_speech_classification,prime_discrimination,prime_discrimination,none,WJJW,,,black,entführung,noun,negative,black,,stim0,1094.5509001612663,,,,34
186,532,36,18,2,part_of_speech_classification,prime_discrimination,prime_discrimination,none,ZYYZ,,,black,ehrlich,adjective,positive,black,0.8805,,,,0.34,0.47,34
186,532,36,18,2,part_of_speech_classification,prime_discrimination,prime_discrimination,none,ZYYZ,,,black,ehrlich,adjective,positive,black,,stim2,855.0193998962641,,,,34
186,533,37,18,2,part_of_speech_classification,prime_discrimination,prime_discrimination,none,WJJW,,,black,spaß,noun,positive,black,0.8805,,,,0.34,0.47,34
186,533,37,18,2,part_of_speech_classification,prime_discrimination,prime_discrimination,none,WJJW,,,black,spaß,noun,positive,black,,stim0;WJJW,1389.5509999711066,,,,34
186,534,38,18,2,part_of_speech_classification,prime_discrimination,prime_discrimination,none,XVVX,,,black,einfall,noun,positive,black,0.8805,,,,0.34,0.47,34
186,534,38,18,2,part_of_speech_classification,prime_discrimination,prime_discrimination,none,XVVX,,,black,einfall,noun,positive,black,,stim3,2954.4941000640392,,,,34
186,535,39,18,2,part_of_speech_classification,prime_discrimination,prime_discrimination,none,ZYYZ,,,black,glück,noun,positive,black,0.8805,,,,0.34,0.47,34
186,535,39,18,2,part_of_speech_classification,prime_discrimination,prime_discrimination,none,ZYYZ,,,black,glück,noun,positive,black,,stim2,2445.780900074169,,,,34
186,536,40,18,2,part_of_speech_classification,prime_discrimination,prime_discrimination,none,ZYYZ,,,black,leiche,noun,negative,black,0.8805,,,,0.34,0.47,34
186,536,40,18,2,part_of_speech_classification,prime_discrimination,prime_discrimination,none,ZYYZ,,,black,leiche,noun,negative,black,,stim2;ZYYZ,2422.183800023049,,,,34
186,537,41,18,2,part_of_speech_classification,prime_discrimination,prime_discrimination,none,XVVX,,,black,lustig,adjective,positive,black,0.8805,,,,0.34,0.47,34
186,537,41,18,2,part_of_speech_classification,prime_discrimination,prime_discrimination,none,XVVX,,,black,lustig,adjective,positive,black,,stim3,901.1387000791728,,,,34
186,538,42,18,2,part_of_speech_classification,prime_discrimination,prime_discrimination,none,XVVX,,,black,gütig,adjective,positive,black,0.9106,,,,0.34,0.47,34
186,538,42,18,2,part_of_speech_classification,prime_discrimination,prime_discrimination,none,XVVX,,,black,gütig,adjective,positive,black,,stim3,1520.8248998969793,,,,34
186,539,43,18,2,part_of_speech_classification,prime_discrimination,prime_discrimination,none,MQQM,,,black,schön,adjective,positive,black,0.8805,,,,0.34,0.47,34
186,539,43,18,2,part_of_speech_classification,prime_discrimination,prime_discrimination,none,MQQM,,,black,schön,adjective,positive,black,,stim1,638.5793001390994,,,,34
186,540,44,18,2,part_of_speech_classification,prime_discrimination,prime_discrimination,none,MQQM,,,black,glück,noun,positive,black,0.8806,,,,0.34,0.47,34
186,540,44,18,2,part_of_speech_classification,prime_discrimination,prime_discrimination,none,MQQM,,,black,glück,noun,positive,black,,stim1,1273.932799929753,,,,34
186,541,45,18,2,part_of_speech_classification,prime_discrimination,prime_discrimination,none,MQQM,,,black,ehrlich,adjective,positive,black,0.8805,,,,0.34,0.47,34
186,541,45,18,2,part_of_speech_classification,prime_discrimination,prime_discrimination,none,MQQM,,,black,ehrlich,adjective,positive,black,,stim3;XVVX,3072.1970999147743,,,,34
186,542,46,18,2,part_of_speech_classification,prime_discrimination,prime_discrimination,none,XVVX,,,black,leiche,noun,negative,black,0.8805,,,,0.34,0.47,34
186,542,46,18,2,part_of_speech_classification,prime_discrimination,prime_discrimination,none,XVVX,,,black,leiche,noun,negative,black,,stim2,4034.5461000688374,,,,34
186,543,47,18,2,part_of_speech_classification,prime_discrimination,prime_discrimination,none,WJJW,,,black,gierig,adjective,negative,black,0.8805,,,,0.34,0.47,34
186,543,47,18,2,part_of_speech_classification,prime_discrimination,prime_discrimination,none,WJJW,,,black,gierig,adjective,negative,black,,stim0,1209.84679996036,,,,34
186,544,48,18,2,part_of_speech_classification,prime_discrimination,prime_discrimination,none,WJJW,,,black,eitel,adjective,negative,black,0.8805,,,,0.34,0.47,34
186,544,48,18,2,part_of_speech_classification,prime_discrimination,prime_discrimination,none,WJJW,,,black,eitel,adjective,negative,black,,stim0,657.1208999957889,,,,34
186,545,49,18,2,part_of_speech_classification,prime_discrimination,prime_discrimination,none,ZYYZ,,,black,liebe,noun,positive,black,0.8804,,,,0.34,0.47,34
186,545,49,18,2,part_of_speech_classification,prime_discrimination,prime_discrimination,none,ZYYZ,,,black,liebe,noun,positive,black,,stim3;XVVX,1613.5635999962687,,,,34
186,546,50,18,2,part_of_speech_classification,prime_discrimination,prime_discrimination,none,XVVX,,,black,entführung,noun,negative,black,0.8805,,,,0.34,0.47,34
186,546,50,18,2,part_of_speech_classification,prime_discrimination,prime_discrimination,none,XVVX,,,black,entführung,noun,negative,black,,stim3;XVVX,1760.0843999534845,,,,34
186,547,51,18,2,part_of_speech_classification,prime_discrimination,prime_discrimination,none,MQQM,,,black,schön,adjective,positive,black,0.8805,,,,0.34,0.47,34
186,547,51,18,2,part_of_speech_classification,prime_discrimination,prime_discrimination,none,MQQM,,,black,schön,adjective,positive,black,,stim1,597.2039999905974,,,,34
186,548,52,18,2,part_of_speech_classification,prime_discrimination,prime_discrimination,none,XVVX,,,black,schleim,noun,negative,black,0.8804,,,,0.34,0.47,34
186,548,52,18,2,part_of_speech_classification,prime_discrimination,prime_discrimination,none,XVVX,,,black,schleim,noun,negative,black,,stim3,1084.6377999987453,,,,34
186,549,1,19,3,part_of_speech_classification,prime_discrimination,prime_discrimination,none,ZYYZ,,,black,gütig,adjective,positive,black,0.8807,,,,0.34,0.47,34
186,549,1,19,3,part_of_speech_classification,prime_discrimination,prime_discrimination,none,ZYYZ,,,black,gütig,adjective,positive,black,,stim0,3215.927900047973,,,,34
186,550,2,19,3,part_of_speech_classification,prime_discrimination,prime_discrimination,none,MQQM,,,black,schön,adjective,positive,black,0.8805,,,,0.34,0.47,34
186,550,2,19,3,part_of_speech_classification,prime_discrimination,prime_discrimination,none,MQQM,,,black,schön,adjective,positive,black,,stim1,1267.4213000573218,,,,34
186,551,3,19,3,part_of_speech_classification,prime_discrimination,prime_discrimination,none,WJJW,,,black,ehrlich,adjective,positive,black,0.9105,,,,0.34,0.47,34
186,551,3,19,3,part_of_speech_classification,prime_discrimination,prime_discrimination,none,WJJW,,,black,ehrlich,adjective,positive,black,,stim0,1085.8815999235958,,,,34
186,552,4,19,3,part_of_speech_classification,prime_discrimination,prime_discrimination,none,XVVX,,,black,entführung,noun,negative,black,0.8805,,,,0.34,0.47,34
186,552,4,19,3,part_of_speech_classification,prime_discrimination,prime_discrimination,none,XVVX,,,black,entführung,noun,negative,black,,stim3;XVVX,1491.349299903959,,,,34
186,553,5,19,3,part_of_speech_classification,prime_discrimination,prime_discrimination,none,WJJW,,,black,lustig,adjective,positive,black,0.8805,,,,0.34,0.47,34
186,553,5,19,3,part_of_speech_classification,prime_discrimination,prime_discrimination,none,WJJW,,,black,lustig,adjective,positive,black,,stim0,3277.231500018388,,,,34
186,554,6,19,3,part_of_speech_classification,prime_discrimination,prime_discrimination,none,WJJW,,,black,schleim,noun,negative,black,0.8805,,,,0.34,0.47,34
186,554,6,19,3,part_of_speech_classification,prime_discrimination,prime_discrimination,none,WJJW,,,black,schleim,noun,negative,black,,stim0,1376.3837998267263,,,,34
186,555,7,19,3,part_of_speech_classification,prime_discrimination,prime_discrimination,none,ZYYZ,,,black,lustig,adjective,positive,black,0.8805,,,,0.34,0.47,34
186,555,7,19,3,part_of_speech_classification,prime_discrimination,prime_discrimination,none,ZYYZ,,,black,lustig,adjective,positive,black,,stim2,1524.6997000649571,,,,34
186,556,8,19,3,part_of_speech_classification,prime_discrimination,prime_discrimination,none,XVVX,,,black,schön,adjective,positive,black,0.8805,,,,0.34,0.47,34
186,556,8,19,3,part_of_speech_classification,prime_discrimination,prime_discrimination,none,XVVX,,,black,schön,adjective,positive,black,,stim3,849.253399996087,,,,34
186,557,9,19,3,part_of_speech_classification,prime_discrimination,prime_discrimination,none,MQQM,,,black,gütig,adjective,positive,black,0.8804,,,,0.34,0.47,34
186,557,9,19,3,part_of_speech_classification,prime_discrimination,prime_discrimination,none,MQQM,,,black,gütig,adjective,positive,black,,stim1;MQQM,663.9313001651317,,,,34
186,558,10,19,3,part_of_speech_classification,prime_discrimination,prime_discrimination,none,ZYYZ,,,black,spaß,noun,positive,black,0.8805,,,,0.34,0.47,34
186,558,10,19,3,part_of_speech_classification,prime_discrimination,prime_discrimination,none,ZYYZ,,,black,spaß,noun,positive,black,,stim3,767.1183000784367,,,,34
186,559,11,19,3,part_of_speech_classification,prime_discrimination,prime_discrimination,none,XVVX,,,black,glück,noun,positive,black,0.8805,,,,0.34,0.47,34
186,559,11,19,3,part_of_speech_classification,prime_discrimination,prime_discrimination,none,XVVX,,,black,glück,noun,positive,black,,stim3,1095.891400007531,,,,34
186,560,12,19,3,part_of_speech_classification,prime_discrimination,prime_discrimination,none,XVVX,,,black,ehrlich,adjective,positive,black,0.8806,,,,0.34,0.47,34
186,560,12,19,3,part_of_speech_classification,prime_discrimination,prime_discrimination,none,XVVX,,,black,ehrlich,adjective,positive,black,,stim3,722.9283999186009,,,,34
186,561,13,19,3,part_of_speech_classification,prime_discrimination,prime_discrimination,none,ZYYZ,,,black,einfall,noun,positive,black,0.8805,,,,0.34,0.47,34
186,561,13,19,3,part_of_speech_classification,prime_discrimination,prime_discrimination,none,ZYYZ,,,black,einfall,noun,positive,black,,stim3,825.316600035876,,,,34
186,562,14,19,3,part_of_speech_classification,prime_discrimination,prime_discrimination,none,MQQM,,,black,leiche,noun,negative,black,0.8805,,,,0.34,0.47,34
186,562,14,19,3,part_of_speech_classification,prime_discrimination,prime_discrimination,none,MQQM,,,black,leiche,noun,negative,black,,stim1,801.30759999156,,,,34
186,563,15,19,3,part_of_speech_classification,prime_discrimination,prime_discrimination,none,ZYYZ,,,black,eitel,adjective,negative,black,0.8805,,,,0.34,0.47,34
186,563,15,19,3,part_of_speech_classification,prime_discrimination,prime_discrimination,none,ZYYZ,,,black,eitel,adjective,negative,black,,stim2;ZYYZ,1737.749099964276,,,,34
186,564,16,19,3,part_of_speech_classification,prime_discrimination,prime_discrimination,none,ZYYZ,,,black,einfall,noun,positive,black,0.8812,,,,0.34,0.47,34
186,564,16,19,3,part_of_speech_classification,prime_discrimination,prime_discrimination,none,ZYYZ,,,black,einfall,noun,positive,black,,stim2,1359.6723000518978,,,,34
186,565,17,19,3,part_of_speech_classification,prime_discrimination,prime_discrimination,none,XVVX,,,black,leiche,noun,negative,black,0.8805,,,,0.34,0.47,34
186,565,17,19,3,part_of_speech_classification,prime_discrimination,prime_discrimination,none,XVVX,,,black,leiche,noun,negative,black,,stim3;XVVX,675.3586998675019,,,,34
186,566,18,19,3,part_of_speech_classification,prime_discrimination,prime_discrimination,none,WJJW,,,black,lustig,adjective,positive,black,0.8805,,,,0.34,0.47,34
186,566,18,19,3,part_of_speech_classification,prime_discrimination,prime_discrimination,none,WJJW,,,black,lustig,adjective,positive,black,,stim0,695.8346001338214,,,,34
186,567,19,19,3,part_of_speech_classification,prime_discrimination,prime_discrimination,none,XVVX,,,black,entführung,noun,negative,black,0.8805,,,,0.34,0.47,34
186,567,19,19,3,part_of_speech_classification,prime_discrimination,prime_discrimination,none,XVVX,,,black,entführung,noun,negative,black,,stim0,5232.294799992815,,,,34
186,568,20,19,3,part_of_speech_classification,prime_discrimination,prime_discrimination,none,WJJW,,,black,spaß,noun,positive,black,0.8809,,,,0.34,0.47,34
186,568,20,19,3,part_of_speech_classification,prime_discrimination,prime_discrimination,none,WJJW,,,black,spaß,noun,positive,black,,stim0,2214.6770001854748,,,,34
186,569,21,19,3,part_of_speech_classification,prime_discrimination,prime_discrimination,none,WJJW,,,black,launisch,adjective,negative,black,0.8805,,,,0.34,0.47,34
186,569,21,19,3,part_of_speech_classification,prime_discrimination,prime_discrimination,none,WJJW,,,black,launisch,adjective,negative,black,,stim0;WJJW,1027.6846000924706,,,,34
186,570,22,19,3,part_of_speech_classification,prime_discrimination,prime_discrimination,none,MQQM,,,black,schlecht,adjective,negative,black,0.8804,,,,0.34,0.47,34
186,570,22,19,3,part_of_speech_classification,prime_discrimination,prime_discrimination,none,MQQM,,,black,schlecht,adjective,negative,black,,stim1,495.07080018520355,,,,34
186,571,23,19,3,part_of_speech_classification,prime_discrimination,prime_discrimination,none,ZYYZ,,,black,schleim,noun,negative,black,0.9105,,,,0.34,0.47,34
186,571,23,19,3,part_of_speech_classification,prime_discrimination,prime_discrimination,none,ZYYZ,,,black,schleim,noun,negative,black,,stim2;ZYYZ,567.053200211376,,,,34
186,572,24,19,3,part_of_speech_classification,prime_discrimination,prime_discrimination,none,MQQM,,,black,eitel,adjective,negative,black,0.8804,,,,0.34,0.47,34
186,572,24,19,3,part_of_speech_classification,prime_discrimination,prime_discrimination,none,MQQM,,,black,eitel,adjective,negative,black,,stim1,799.0250999573618,,,,34
186,573,25,19,3,part_of_speech_classification,prime_discrimination,prime_discrimination,none,ZYYZ,,,black,einfall,noun,positive,black,0.8805,,,,0.34,0.47,34
186,573,25,19,3,part_of_speech_classification,prime_discrimination,prime_discrimination,none,ZYYZ,,,black,einfall,noun,positive,black,,stim2,1790.6639000866562,,,,34
186,574,26,19,3,part_of_speech_classification,prime_discrimination,prime_discrimination,none,MQQM,,,black,gift,noun,negative,black,0.8805,,,,0.34,0.47,34
186,574,26,19,3,part_of_speech_classification,prime_discrimination,prime_discrimination,none,MQQM,,,black,gift,noun,negative,black,,stim1,575.2248000353575,,,,34
186,575,27,19,3,part_of_speech_classification,prime_discrimination,prime_discrimination,none,XVVX,,,black,schlecht,adjective,negative,black,0.8804,,,,0.34,0.47,34
186,575,27,19,3,part_of_speech_classification,prime_discrimination,prime_discrimination,none,XVVX,,,black,schlecht,adjective,negative,black,,stim0;WJJW,1807.2118000127375,,,,34
186,576,28,19,3,part_of_speech_classification,prime_discrimination,prime_discrimination,none,WJJW,,,black,entführung,noun,negative,black,0.8805,,,,0.34,0.47,34
186,576,28,19,3,part_of_speech_classification,prime_discrimination,prime_discrimination,none,WJJW,,,black,entführung,noun,negative,black,,stim0,807.8923998400569,,,,34
186,577,29,19,3,part_of_speech_classification,prime_discrimination,prime_discrimination,none,XVVX,,,black,gierig,adjective,negative,black,0.8805,,,,0.34,0.47,34
186,577,29,19,3,part_of_speech_classification,prime_discrimination,prime_discrimination,none,XVVX,,,black,gierig,adjective,negative,black,,stim3,1234.9916999228299,,,,34
186,578,30,19,3,part_of_speech_classification,prime_discrimination,prime_discrimination,none,WJJW,,,black,launisch,adjective,negative,black,0.8804,,,,0.34,0.47,34
186,578,30,19,3,part_of_speech_classification,prime_discrimination,prime_discrimination,none,WJJW,,,black,launisch,adjective,negative,black,,stim0,2577.8203001245856,,,,34
186,579,31,19,3,part_of_speech_classification,prime_discrimination,prime_discrimination,none,MQQM,,,black,spaß,noun,positive,black,0.8805,,,,0.34,0.47,34
186,579,31,19,3,part_of_speech_classification,prime_discrimination,prime_discrimination,none,MQQM,,,black,spaß,noun,positive,black,,stim1;MQQM,921.6397998388857,,,,34
186,580,32,19,3,part_of_speech_classification,prime_discrimination,prime_discrimination,none,ZYYZ,,,black,ehrlich,adjective,positive,black,0.8805,,,,0.34,0.47,34
186,580,32,19,3,part_of_speech_classification,prime_discrimination,prime_discrimination,none,ZYYZ,,,black,ehrlich,adjective,positive,black,,stim2,1941.5275000501424,,,,34
186,581,33,19,3,part_of_speech_classification,prime_discrimination,prime_discrimination,none,XVVX,,,black,ehrlich,adjective,positive,black,0.8805,,,,0.34,0.47,34
186,581,33,19,3,part_of_speech_classification,prime_discrimination,prime_discrimination,none,XVVX,,,black,ehrlich,adjective,positive,black,,stim2;ZYYZ,1384.7020999528468,,,,34
186,582,34,19,3,part_of_speech_classification,prime_discrimination,prime_discrimination,none,WJJW,,,black,glück,noun,positive,black,0.8805,,,,0.34,0.47,34
186,582,34,19,3,part_of_speech_classification,prime_discrimination,prime_discrimination,none,WJJW,,,black,glück,noun,positive,black,,stim0;WJJW,885.5282999575138,,,,34
186,583,35,19,3,part_of_speech_classification,prime_discrimination,prime_discrimination,none,ZYYZ,,,black,lustig,adjective,positive,black,0.8805,,,,0.34,0.47,34
186,583,35,19,3,part_of_speech_classification,prime_discrimination,prime_discrimination,none,ZYYZ,,,black,lustig,adjective,positive,black,,stim0,1766.7904000263661,,,,34
186,584,36,19,3,part_of_speech_classification,prime_discrimination,prime_discrimination,none,XVVX,,,black,liebe,noun,positive,black,0.8806,,,,0.34,0.47,34
186,584,36,19,3,part_of_speech_classification,prime_discrimination,prime_discrimination,none,XVVX,,,black,liebe,noun,positive,black,,stim0;WJJW,1158.358900109306,,,,34
186,585,37,19,3,part_of_speech_classification,prime_discrimination,prime_discrimination,none,WJJW,,,black,launisch,adjective,negative,black,0.8805,,,,0.34,0.47,34
186,585,37,19,3,part_of_speech_classification,prime_discrimination,prime_discrimination,none,WJJW,,,black,launisch,adjective,negative,black,,stim0,852.889500092715,,,,34
186,586,38,19,3,part_of_speech_classification,prime_discrimination,prime_discrimination,none,WJJW,,,black,liebe,noun,positive,black,0.9105,,,,0.34,0.47,34
186,586,38,19,3,part_of_speech_classification,prime_discrimination,prime_discrimination,none,WJJW,,,black,liebe,noun,positive,black,,stim0,616.7694998439401,,,,34
186,587,39,19,3,part_of_speech_classification,prime_discrimination,prime_discrimination,none,ZYYZ,,,black,gierig,adjective,negative,black,0.8805,,,,0.34,0.47,34
186,587,39,19,3,part_of_speech_classification,prime_discrimination,prime_discrimination,none,ZYYZ,,,black,gierig,adjective,negative,black,,stim2;ZYYZ,1036.7674001026899,,,,34
186,588,40,19,3,part_of_speech_classification,prime_discrimination,prime_discrimination,none,MQQM,,,black,gierig,adjective,negative,black,0.8805,,,,0.34,0.47,34
186,588,40,19,3,part_of_speech_classification,prime_discrimination,prime_discrimination,none,MQQM,,,black,gierig,adjective,negative,black,,stim1;MQQM,669.4607001263648,,,,34
186,589,41,19,3,part_of_speech_classification,prime_discrimination,prime_discrimination,none,MQQM,,,black,eitel,adjective,negative,black,0.8806,,,,0.34,0.47,34
186,589,41,19,3,part_of_speech_classification,prime_discrimination,prime_discrimination,none,MQQM,,,black,eitel,adjective,negative,black,,stim1,876.6816998831928,,,,34
186,590,42,19,3,part_of_speech_classification,prime_discrimination,prime_discrimination,none,WJJW,,,black,leiche,noun,negative,black,0.8805,,,,0.34,0.47,34
186,590,42,19,3,part_of_speech_classification,prime_discrimination,prime_discrimination,none,WJJW,,,black,leiche,noun,negative,black,,stim0,1031.2102001626045,,,,34
186,591,43,19,3,part_of_speech_classification,prime_discrimination,prime_discrimination,none,MQQM,,,black,schön,adjective,positive,black,0.9106,,,,0.34,0.47,34
186,591,43,19,3,part_of_speech_classification,prime_discrimination,prime_discrimination,none,MQQM,,,black,schön,adjective,positive,black,,stim1,663.131200009957,,,,34
186,592,44,19,3,part_of_speech_classification,prime_discrimination,prime_discrimination,none,MQQM,,,black,schlecht,adjective,negative,black,0.8804,,,,0.34,0.47,34
186,592,44,19,3,part_of_speech_classification,prime_discrimination,prime_discrimination,none,MQQM,,,black,schlecht,adjective,negative,black,,stim1;MQQM,341.80229995399714,,,,34
186,593,45,19,3,part_of_speech_classification,prime_discrimination,prime_discrimination,none,ZYYZ,,,black,glück,noun,positive,black,0.8805,,,,0.34,0.47,34
186,593,45,19,3,part_of_speech_classification,prime_discrimination,prime_discrimination,none,ZYYZ,,,black,glück,noun,positive,black,,stim2,1724.6070001274347,,,,34
186,594,46,19,3,part_of_speech_classification,prime_discrimination,prime_discrimination,none,MQQM,,,black,schön,adjective,positive,black,0.8804,,,,0.34,0.47,34
186,594,46,19,3,part_of_speech_classification,prime_discrimination,prime_discrimination,none,MQQM,,,black,schön,adjective,positive,black,,stim1,834.7362999338657,,,,34
186,595,47,19,3,part_of_speech_classification,prime_discrimination,prime_discrimination,none,ZYYZ,,,black,gift,noun,negative,black,0.8805,,,,0.34,0.47,34
186,595,47,19,3,part_of_speech_classification,prime_discrimination,prime_discrimination,none,ZYYZ,,,black,gift,noun,negative,black,,stim2,842.6395999267697,,,,34
186,596,48,19,3,part_of_speech_classification,prime_discrimination,prime_discrimination,none,WJJW,,,black,gütig,adjective,positive,black,0.8805,,,,0.34,0.47,34
186,596,48,19,3,part_of_speech_classification,prime_discrimination,prime_discrimination,none,WJJW,,,black,gütig,adjective,positive,black,,stim0,819.9256998486817,,,,34
186,597,49,19,3,part_of_speech_classification,prime_discrimination,prime_discrimination,none,XVVX,,,black,liebe,noun,positive,black,0.8804,,,,0.34,0.47,34
186,597,49,19,3,part_of_speech_classification,prime_discrimination,prime_discrimination,none,XVVX,,,black,liebe,noun,positive,black,,stim3,630.0233001820743,,,,34
186,598,50,19,3,part_of_speech_classification,prime_discrimination,prime_discrimination,none,XVVX,,,black,schleim,noun,negative,black,0.8804,,,,0.34,0.47,34
186,598,50,19,3,part_of_speech_classification,prime_discrimination,prime_discrimination,none,XVVX,,,black,schleim,noun,negative,black,,stim3,4536.326400004327,,,,34
186,599,51,19,3,part_of_speech_classification,prime_discrimination,prime_discrimination,none,XVVX,,,black,gütig,adjective,positive,black,0.8807,,,,0.34,0.47,34
186,599,51,19,3,part_of_speech_classification,prime_discrimination,prime_discrimination,none,XVVX,,,black,gütig,adjective,positive,black,,stim3;XVVX,707.9620999284089,,,,34
186,600,52,19,3,part_of_speech_classification,prime_discrimination,prime_discrimination,none,MQQM,,,black,gift,noun,negative,black,0.8805,,,,0.34,0.47,34
186,600,52,19,3,part_of_speech_classification,prime_discrimination,prime_discrimination,none,MQQM,,,black,gift,noun,negative,black,,stim1,966.4443000219762,,,,34
186,601,1,20,1,part_of_speech_classification,color_matching,matching,match_right,MQQM,noun,positive,brown,✲✲✲liebe✲✲✲✲,noun,positive,brown,0.5538,match,0.5687,0,0.4671,0.6028,65.39199293522232
186,602,2,20,1,part_of_speech_classification,color_matching,matching,match_right,MQQM,noun,positive,blue,✲✲✲gütig✲✲✲✲,adjective,positive,blue,0.4932,nonmatch,3.3006,1,0.4671,0.6028,65.39199293522232
186,603,3,20,1,part_of_speech_classification,color_matching,matching,match_right,MQQM,noun,positive,blue,✲✲einfall✲✲✲,noun,positive,blue,0.4933,match,0.4462,0,0.4671,0.6028,65.39199293522232
186,604,4,20,1,part_of_speech_classification,color_matching,matching,match_right,MQQM,noun,positive,blue,✲✲schlecht✲✲,adjective,negative,brown,0.4933,nonmatch,1.026,0,0.4671,0.6028,65.39199293522232
186,605,5,20,1,part_of_speech_classification,color_matching,matching,match_right,XVVX,adjective,negative,blue,✲✲✲leiche✲✲✲,noun,negative,blue,0.4933,match,0.6227,0,0.4671,0.6028,65.39199293522232
186,606,6,20,1,part_of_speech_classification,color_matching,matching,match_right,WJJW,adjective,positive,blue,✲✲launisch✲✲,adjective,negative,blue,0.4932,match,0.3982,0,0.4671,0.6028,65.39199293522232
186,607,7,20,1,part_of_speech_classification,color_matching,matching,match_right,ZYYZ,noun,negative,blue,✲✲✲gütig✲✲✲✲,adjective,positive,blue,0.4932,match,0.3674,0,0.4671,0.6028,65.39199293522232
186,608,8,20,1,part_of_speech_classification,color_matching,matching,match_right,WJJW,adjective,positive,blue,✲✲einfall✲✲✲,noun,positive,blue,0.4932,match,0.3316,0,0.4671,0.6028,65.39199293522232
186,609,9,20,1,part_of_speech_classification,color_matching,matching,match_right,MQQM,noun,positive,brown,✲entführung✲,noun,negative,blue,0.4933,nonmatch,0.4204,0,0.4671,0.6028,65.39199293522232
186,610,10,20,1,part_of_speech_classification,color_matching,matching,match_right,ZYYZ,noun,negative,blue,✲✲✲leiche✲✲✲,noun,negative,blue,0.4932,match,0.296,0,0.4671,0.6028,65.39199293522232
186,611,11,20,1,part_of_speech_classification,color_matching,matching,match_right,WJJW,adjective,positive,brown,✲entführung✲,noun,negative,blue,0.4932,nonmatch,0.3674,0,0.4671,0.6028,65.39199293522232
186,612,12,20,1,part_of_speech_classification,color_matching,matching,match_right,ZYYZ,noun,negative,brown,✲✲✲glück✲✲✲✲,noun,positive,brown,0.4932,nonmatch,0.8127,1,0.4671,0.6028,65.39199293522232
186,613,13,20,1,part_of_speech_classification,color_matching,matching,match_right,XVVX,adjective,negative,blue,✲✲launisch✲✲,adjective,negative,blue,0.4932,match,0.3534,0,0.4671,0.6028,65.39199293522232
186,614,14,20,1,part_of_speech_classification,color_matching,matching,match_right,WJJW,adjective,positive,brown,✲✲✲lustig✲✲✲,adjective,positive,brown,0.4932,nonmatch,0.4033,1,0.4671,0.6028,65.39199293522232
186,615,15,20,1,part_of_speech_classification,color_matching,matching,match_right,XVVX,adjective,negative,blue,✲✲✲gütig✲✲✲✲,adjective,positive,blue,0.4932,match,0.3785,0,0.4671,0.6028,65.39199293522232
186,616,16,20,1,part_of_speech_classification,color_matching,matching,match_right,MQQM,noun,positive,blue,✲✲✲✲gift✲✲✲✲,noun,negative,brown,0.4932,nonmatch,0.4104,0,0.4671,0.6028,65.39199293522232
186,617,17,20,1,part_of_speech_classification,color_matching,matching,match_right,ZYYZ,noun,negative,brown,✲✲schlecht✲✲,adjective,negative,blue,0.4932,nonmatch,3.0123,0,0.4671,0.6028,65.39199293522232
186,618,18,20,1,part_of_speech_classification,color_matching,matching,match_right,ZYYZ,noun,negative,brown,✲✲✲✲spaß✲✲✲✲,noun,positive,blue,0.4936,nonmatch,0.5651,0,0.4671,0.6028,65.39199293522232
186,619,19,20,1,part_of_speech_classification,color_matching,matching,match_right,MQQM,noun,positive,blue,✲✲schleim✲✲✲,noun,negative,blue,0.4932,match,0.4051,0,0.4671,0.6028,65.39199293522232
186,620,20,20,1,part_of_speech_classification,color_matching,matching,match_right,MQQM,noun,positive,brown,✲✲launisch✲✲,adjective,negative,blue,0.4933,nonmatch,0.4143,0,0.4671,0.6028,65.39199293522232
186,621,21,20,1,part_of_speech_classification,color_matching,matching,match_right,XVVX,adjective,negative,brown,✲✲✲lustig✲✲✲,adjective,positive,brown,0.4932,nonmatch,1.6348,1,0.4671,0.6028,65.39199293522232
186,622,22,20,1,part_of_speech_classification,color_matching,matching,match_right,WJJW,adjective,positive,blue,✲✲schleim✲✲✲,noun,negative,blue,0.4932,match,0.6044,0,0.4671,0.6028,65.39199293522232
186,623,23,20,1,part_of_speech_classification,color_matching,matching,match_right,MQQM,noun,positive,blue,✲✲✲schön✲✲✲✲,adjective,positive,brown,0.497,nonmatch,0.6032,0,0.4671,0.6028,65.39199293522232
186,624,24,20,1,part_of_speech_classification,color_matching,matching,match_right,ZYYZ,noun,negative,brown,✲✲✲lustig✲✲✲,adjective,positive,brown,0.4932,match,0.5035,0,0.4671,0.6028,65.39199293522232
186,625,25,20,1,part_of_speech_classification,color_matching,matching,match_right,ZYYZ,noun,negative,brown,✲✲ehrlich✲✲✲,adjective,positive,blue,0.4932,nonmatch,0.9585,0,0.4671,0.6028,65.39199293522232
186,626,26,20,1,part_of_speech_classification,color_matching,matching,match_right,WJJW,adjective,positive,blue,✲✲✲glück✲✲✲✲,noun,positive,brown,0.4962,nonmatch,0.5153,0,0.4671,0.6028,65.39199293522232
186,627,27,20,1,part_of_speech_classification,color_matching,matching,match_right,XVVX,adjective,negative,brown,✲✲einfall✲✲✲,noun,positive,blue,0.4932,nonmatch,0.4322,0,0.4671,0.6028,65.39199293522232
186,628,28,20,1,part_of_speech_classification,color_matching,matching,match_right,XVVX,adjective,negative,brown,✲✲✲gierig✲✲✲,adjective,negative,blue,0.4933,nonmatch,0.4129,0,0.4671,0.6028,65.39199293522232
186,629,29,20,1,part_of_speech_classification,color_matching,matching,match_right,ZYYZ,noun,negative,blue,✲✲einfall✲✲✲,noun,positive,brown,0.4933,nonmatch,0.3603,0,0.4671,0.6028,65.39199293522232
186,630,30,20,1,part_of_speech_classification,color_matching,matching,match_right,XVVX,adjective,negative,blue,✲✲✲glück✲✲✲✲,noun,positive,blue,0.4932,match,0.5028,0,0.4671,0.6028,65.39199293522232
186,631,31,20,1,part_of_speech_classification,color_matching,matching,match_right,ZYYZ,noun,negative,brown,✲entführung✲,noun,negative,brown,0.4932,match,0.7361,0,0.4671,0.6028,65.39199293522232
186,632,32,20,1,part_of_speech_classification,color_matching,matching,match_right,ZYYZ,noun,negative,blue,✲✲✲eitel✲✲✲✲,adjective,negative,blue,0.4932,match,0.5594,0,0.4671,0.6028,65.39199293522232
186,633,33,20,1,part_of_speech_classification,color_matching,matching,match_right,MQQM,noun,positive,brown,✲✲✲leiche✲✲✲,noun,negative,brown,0.5519,nonmatch,0.4753,1,0.4671,0.6028,65.39199293522232
186,634,34,20,1,part_of_speech_classification,color_matching,matching,match_right,WJJW,adjective,positive,brown,✲✲✲✲gift✲✲✲✲,noun,negative,brown,0.4932,match,0.8145,0,0.5319,0.6676,74.4638331198342
186,635,35,20,1,part_of_speech_classification,color_matching,matching,match_right,WJJW,adjective,positive,blue,✲✲ehrlich✲✲✲,adjective,positive,blue,0.4932,match,0.4827,0,0.5162,0.6519,72.26233535731113
186,636,36,20,1,part_of_speech_classification,color_matching,matching,match_right,MQQM,noun,positive,blue,✲✲✲✲spaß✲✲✲✲,noun,positive,brown,0.4932,nonmatch,0.5489,0,0.5023,0.638,70.32077159523402
186,637,37,20,1,part_of_speech_classification,color_matching,matching,match_right,MQQM,noun,positive,brown,✲✲ehrlich✲✲✲,adjective,positive,blue,0.4932,match,0.7851,1,0.4901,0.6258,68.61456567761391
186,638,38,20,1,part_of_speech_classification,color_matching,matching,match_right,ZYYZ,noun,negative,brown,✲✲schleim✲✲✲,noun,negative,blue,0.4932,nonmatch,0.6742,0,0.5256,0.6613,73.58591920374046
186,639,39,20,1,part_of_speech_classification,color_matching,matching,match_right,MQQM,noun,positive,blue,✲✲✲eitel✲✲✲✲,adjective,negative,blue,0.4975,nonmatch,0.6064,1,0.5146,0.6504,72.04986541554345
186,640,40,20,1,part_of_speech_classification,color_matching,matching,match_right,XVVX,adjective,negative,brown,✲✲✲✲gift✲✲✲✲,noun,negative,blue,0.4932,match,0.3914,1,0.5468,0.6825,76.55678794595487
186,641,41,20,1,part_of_speech_classification,color_matching,matching,match_right,ZYYZ,noun,negative,blue,✲✲✲schön✲✲✲✲,adjective,positive,brown,0.4932,match,0.5979,1,0.5817,0.7174,81.43201887335668
186,642,42,20,1,part_of_speech_classification,color_matching,matching,match_right,XVVX,adjective,negative,brown,✲✲ehrlich✲✲✲,adjective,positive,blue,0.4932,nonmatch,0.3969,0,0.6182,0.7539,86.54191129929414
186,643,43,20,1,part_of_speech_classification,color_matching,matching,match_right,XVVX,adjective,negative,blue,✲✲✲liebe✲✲✲✲,noun,positive,brown,0.4936,nonmatch,0.5106,0,0.6066,0.7423,84.9286585846332
186,644,44,20,1,part_of_speech_classification,color_matching,matching,match_right,ZYYZ,noun,negative,blue,✲✲launisch✲✲,adjective,negative,brown,0.4934,nonmatch,0.9109,0,0.5964,0.7321,83.49519489326417
186,645,45,20,1,part_of_speech_classification,color_matching,matching,match_right,WJJW,adjective,positive,blue,✲✲✲eitel✲✲✲✲,adjective,negative,brown,0.4932,nonmatch,0.7905,0,0.5873,0.723,82.21608927083975
186,646,46,20,1,part_of_speech_classification,color_matching,matching,match_right,WJJW,adjective,positive,brown,✲✲✲liebe✲✲✲✲,noun,positive,blue,0.4932,match,0.4207,1,0.5792,0.7149,81.08472431116259
186,647,47,20,1,part_of_speech_classification,color_matching,matching,match_right,WJJW,adjective,positive,blue,✲✲✲gütig✲✲✲✲,adjective,positive,brown,0.4932,nonmatch,4.5375,0,0.6035,0.7392,84.48492373753876
186,648,48,20,1,part_of_speech_classification,color_matching,matching,match_right,WJJW,adjective,positive,brown,✲✲✲gierig✲✲✲,adjective,negative,blue,0.4932,nonmatch,0.7547,0,0.5955,0.7312,83.3646900557338
186,649,49,20,1,part_of_speech_classification,color_matching,matching,match_right,MQQM,noun,positive,brown,✲✲✲lustig✲✲✲,adjective,positive,brown,0.5213,match,0.5141,0,0.5883,0.724,82.3642697719626
186,650,50,20,1,part_of_speech_classification,color_matching,matching,match_right,XVVX,adjective,negative,brown,✲✲schleim✲✲✲,noun,negative,brown,0.4932,match,0.7842,0,0.5819,0.7176,81.46602841074231
186,651,51,20,1,part_of_speech_classification,color_matching,matching,match_right,XVVX,adjective,negative,brown,✲✲✲eitel✲✲✲✲,adjective,negative,brown,0.4933,match,0.5857,0,0.5761,0.7118,80.65759013026255
186,652,52,20,1,part_of_speech_classification,color_matching,matching,match_right,XVVX,adjective,negative,brown,✲✲✲✲spaß✲✲✲✲,noun,positive,brown,0.4932,match,0.5269,0,0.5709,0.7066,79.92624749512369
186,653,53,20,1,part_of_speech_classification,color_matching,matching,match_right,WJJW,adjective,positive,blue,✲✲✲leiche✲✲✲,noun,negative,brown,0.4932,nonmatch,0.7435,0,0.5661,0.7019,79.25964037794989
186,654,54,20,1,part_of_speech_classification,color_matching,matching,match_right,ZYYZ,noun,negative,blue,✲✲✲liebe✲✲✲✲,noun,positive,blue,0.4932,match,0.5757,0,0.5618,0.6975,78.64642845326718
186,655,55,20,1,part_of_speech_classification,color_matching,matching,match_right,WJJW,adjective,positive,brown,✲✲✲schön✲✲✲✲,adjective,positive,blue,0.4932,nonmatch,0.5193,0,0.5577,0.6934,78.0769059230966
186,656,56,20,1,part_of_speech_classification,color_matching,matching,match_right,XVVX,adjective,negative,blue,✲✲✲schön✲✲✲✲,adjective,positive,brown,0.4932,nonmatch,0.7681,0,0.5539,0.6896,77.54594782477174
186,657,57,20,1,part_of_speech_classification,color_matching,matching,match_right,WJJW,adjective,positive,brown,✲✲schlecht✲✲,adjective,negative,brown,0.4933,match,0.585,0,0.5504,0.6861,77.05868471697289
186,658,58,20,1,part_of_speech_classification,color_matching,matching,match_right,WJJW,adjective,positive,brown,✲✲✲✲spaß✲✲✲✲,noun,positive,brown,0.4933,match,0.6185,0,0.5471,0.6828,76.5946579223868
186,659,59,20,1,part_of_speech_classification,color_matching,matching,match_right,MQQM,noun,positive,brown,✲✲✲glück✲✲✲✲,noun,positive,blue,0.4933,nonmatch,0.6128,0,0.544,0.6797,76.16321368023038
186,660,60,20,1,part_of_speech_classification,color_matching,matching,match_right,XVVX,adjective,negative,blue,✲✲schlecht✲✲,adjective,negative,brown,0.4932,nonmatch,0.5393,0,0.5411,0.6768,75.75299973172838
186,661,61,20,1,part_of_speech_classification,color_matching,matching,match_right,XVVX,adjective,negative,blue,✲entführung✲,noun,negative,brown,0.4932,match,0.7409,1,0.5383,0.674,75.36485542452441
186,662,62,20,1,part_of_speech_classification,color_matching,matching,match_right,MQQM,noun,positive,brown,✲✲✲gierig✲✲✲,adjective,negative,brown,0.4933,match,0.4059,0,0.5463,0.682,76.48170195137457
186,663,63,20,1,part_of_speech_classification,color_matching,matching,match_right,ZYYZ,noun,negative,blue,✲✲✲✲gift✲✲✲✲,noun,negative,brown,0.4937,nonmatch,0.5832,0,0.5435,0.6792,76.09347381854305
186,664,64,20,1,part_of_speech_classification,color_matching,matching,match_right,ZYYZ,noun,negative,brown,✲✲✲gierig✲✲✲,adjective,negative,brown,0.4933,nonmatch,0.6398,1,0.5409,0.6766,75.72818119962518
186,665,1,21,2,part_of_speech_classification,color_matching,matching,match_right,XVVX,adjective,negative,blue,✲✲✲gierig✲✲✲,adjective,negative,brown,0.4936,nonmatch,0.5198,0,0.5487,0.6845,76.82333893736173
186,666,2,21,2,part_of_speech_classification,color_matching,matching,match_right,MQQM,noun,positive,blue,✲✲✲leiche✲✲✲,noun,negative,brown,0.4939,nonmatch,0.642,0,0.5461,0.6818,76.45742933047555
186,667,3,21,2,part_of_speech_classification,color_matching,matching,match_right,ZYYZ,noun,negative,brown,✲✲schleim✲✲✲,noun,negative,blue,0.4932,nonmatch,0.5901,0,0.5436,0.6793,76.10678811853015
186,668,4,21,2,part_of_speech_classification,color_matching,matching,match_right,MQQM,noun,positive,blue,✲✲✲liebe✲✲✲✲,noun,positive,brown,0.4933,nonmatch,0.6113,0,0.5412,0.677,75.77479968436123
186,669,5,21,2,part_of_speech_classification,color_matching,matching,match_right,MQQM,noun,positive,brown,✲✲✲eitel✲✲✲✲,adjective,negative,brown,0.4932,nonmatch,0.5782,1,0.539,0.6747,75.46085828474115
186,670,6,21,2,part_of_speech_classification,color_matching,matching,match_right,MQQM,noun,positive,blue,✲✲✲✲gift✲✲✲✲,noun,negative,blue,0.4932,match,0.4059,0,0.5454,0.6812,76.36136628936829
186,671,7,21,2,part_of_speech_classification,color_matching,matching,match_right,ZYYZ,noun,negative,brown,✲✲launisch✲✲,adjective,negative,brown,0.4932,match,0.7374,0,0.5431,0.6789,76.03945212353001
186,672,8,21,2,part_of_speech_classification,color_matching,matching,match_right,MQQM,noun,positive,brown,✲entführung✲,noun,negative,brown,0.4932,match,0.6886,0,0.541,0.6767,75.73950809065049
186,673,9,21,2,part_of_speech_classification,color_matching,matching,match_right,MQQM,noun,positive,brown,✲✲✲gierig✲✲✲,adjective,negative,blue,0.4932,nonmatch,0.5545,0,0.5389,0.6747,75.45204886462093
186,674,10,21,2,part_of_speech_classification,color_matching,matching,match_right,XVVX,adjective,negative,brown,✲✲✲liebe✲✲✲✲,noun,positive,brown,0.4932,match,0.6062,0,0.5369,0.6726,75.16873922622229
186,675,11,21,2,part_of_speech_classification,color_matching,matching,match_right,WJJW,adjective,positive,blue,✲✲✲leiche✲✲✲,noun,negative,blue,0.4932,match,0.5063,0,0.5351,0.6708,74.90975486870825
186,676,12,21,2,part_of_speech_classification,color_matching,matching,match_right,WJJW,adjective,positive,brown,✲✲✲liebe✲✲✲✲,noun,positive,blue,0.4932,nonmatch,0.6805,0,0.5332,0.669,74.65369695889059
186,677,13,21,2,part_of_speech_classification,color_matching,matching,match_right,ZYYZ,noun,negative,brown,✲✲✲leiche✲✲✲,noun,negative,brown,0.4933,match,0.7476,0,0.5314,0.6672,74.40211630818659
186,678,14,21,2,part_of_speech_classification,color_matching,matching,match_right,WJJW,adjective,positive,blue,✲✲schlecht✲✲,adjective,negative,brown,0.4933,nonmatch,0.4189,0,0.5298,0.6655,74.17062095134878
186,679,15,21,2,part_of_speech_classification,color_matching,matching,match_right,WJJW,adjective,positive,blue,✲✲einfall✲✲✲,noun,positive,blue,0.4932,match,0.7167,0,0.5282,0.6639,73.9413003908064
186,680,16,21,2,part_of_speech_classification,color_matching,matching,match_right,ZYYZ,noun,negative,brown,✲✲✲lustig✲✲✲,adjective,positive,brown,0.4933,nonmatch,0.6328,1,0.5265,0.6622,73.71253725668558
186,681,17,21,2,part_of_speech_classification,color_matching,matching,match_right,ZYYZ,noun,negative,blue,✲✲✲eitel✲✲✲✲,adjective,negative,brown,0.4932,nonmatch,0.5756,0,0.5312,0.6669,74.36478329854211
186,682,18,21,2,part_of_speech_classification,color_matching,matching,match_right,MQQM,noun,positive,blue,✲✲✲gütig✲✲✲✲,adjective,positive,brown,0.4932,nonmatch,0.5755,0,0.5296,0.6653,74.14791394468699
186,683,19,21,2,part_of_speech_classification,color_matching,matching,match_right,XVVX,adjective,negative,blue,✲✲✲lustig✲✲✲,adjective,positive,brown,0.4933,nonmatch,0.5349,0,0.5281,0.6638,73.93278208665707
186,684,20,21,2,part_of_speech_classification,color_matching,matching,match_right,ZYYZ,noun,negative,brown,✲✲✲liebe✲✲✲✲,noun,positive,blue,0.4933,nonmatch,0.5792,0,0.5266,0.6623,73.71804372275527
186,685,21,21,2,part_of_speech_classification,color_matching,matching,match_right,WJJW,adjective,positive,brown,✲entführung✲,noun,negative,brown,0.4932,match,0.6356,0,0.5251,0.6609,73.52085420158092
186,686,22,21,2,part_of_speech_classification,color_matching,matching,match_right,MQQM,noun,positive,blue,✲✲✲glück✲✲✲✲,noun,positive,blue,0.4932,nonmatch,0.6256,1,0.5238,0.6595,73.32754129481712
186,687,23,21,2,part_of_speech_classification,color_matching,matching,match_right,XVVX,adjective,negative,brown,✲✲✲✲gift✲✲✲✲,noun,negative,blue,0.4936,nonmatch,0.4963,0,0.5277,0.6634,73.87973102671666
186,688,24,21,2,part_of_speech_classification,color_matching,matching,match_right,ZYYZ,noun,negative,blue,✲✲✲✲gift✲✲✲✲,noun,negative,blue,0.4932,match,0.6469,0,0.5263,0.662,73.67774675685524
186,689,25,21,2,part_of_speech_classification,color_matching,matching,match_right,ZYYZ,noun,negative,blue,✲✲einfall✲✲✲,noun,positive,blue,0.4932,match,0.5969,0,0.525,0.6607,73.49313427553008
186,690,26,21,2,part_of_speech_classification,color_matching,matching,match_right,WJJW,adjective,positive,blue,✲✲✲glück✲✲✲✲,noun,positive,brown,0.4932,nonmatch,0.554,0,0.5236,0.6594,73.3103885040623
186,691,27,21,2,part_of_speech_classification,color_matching,matching,match_right,WJJW,adjective,positive,brown,✲✲✲eitel✲✲✲✲,adjective,negative,brown,0.4932,match,0.6072,0,0.5223,0.6581,73.12876353295499
186,692,28,21,2,part_of_speech_classification,color_matching,matching,match_right,ZYYZ,noun,negative,brown,✲✲✲glück✲✲✲✲,noun,positive,brown,0.4935,match,0.6043,0,0.5211,0.6568,72.94729880555815
186,693,29,21,2,part_of_speech_classification,color_matching,matching,match_right,XVVX,adjective,negative,brown,✲✲✲glück✲✲✲✲,noun,positive,blue,0.4932,nonmatch,0.5425,0,0.5199,0.6556,72.78146765227065
186,694,30,21,2,part_of_speech_classification,color_matching,matching,match_right,XVVX,adjective,negative,brown,✲✲✲eitel✲✲✲✲,adjective,negative,blue,0.4932,nonmatch,0.5775,0,0.5187,0.6544,72.61721613782919
186,695,31,21,2,part_of_speech_classification,color_matching,matching,match_right,MQQM,noun,positive,blue,✲✲launisch✲✲,adjective,negative,blue,0.4932,match,0.5469,0,0.5175,0.6532,72.45316120181997
186,696,32,21,2,part_of_speech_classification,color_matching,matching,match_right,ZYYZ,noun,negative,brown,✲✲schlecht✲✲,adjective,negative,blue,0.4932,nonmatch,0.529,0,0.5163,0.6521,72.28868531716564
186,857,1,24,5,part_of_speech_classification,color_matching,matching,match_right,WJJW,adjective,positive,brown,✲✲✲leiche✲✲✲,noun,negative,brown,0.4932,match,0.6863,0,0.5163,0.6521,72.28868531716564
186,858,2,24,5,part_of_speech_classification,color_matching,matching,match_right,ZYYZ,noun,negative,brown,✲✲✲gütig✲✲✲✲,adjective,positive,blue,0.4932,nonmatch,0.4461,0,0.5152,0.651,72.13398564717357
186,859,3,24,5,part_of_speech_classification,color_matching,matching,match_right,ZYYZ,noun,negative,brown,✲entführung✲,noun,negative,blue,0.4932,nonmatch,0.6803,0,0.5142,0.6499,71.98539573450878
186,860,4,24,5,part_of_speech_classification,color_matching,matching,match_right,MQQM,noun,positive,brown,✲✲✲schön✲✲✲✲,adjective,positive,brown,0.4932,match,0.5253,0,0.5131,0.6488,71.83746324353912
186,861,5,24,5,part_of_speech_classification,color_matching,matching,match_right,WJJW,adjective,positive,blue,✲✲✲gütig✲✲✲✲,adjective,positive,brown,0.4932,nonmatch,0.5643,0,0.5121,0.6478,71.68981835728214
186,862,6,24,5,part_of_speech_classification,color_matching,matching,match_right,WJJW,adjective,positive,blue,✲✲ehrlich✲✲✲,adjective,positive,blue,0.4932,match,0.5826,0,0.511,0.6467,71.54034184117269
186,863,7,24,5,part_of_speech_classification,color_matching,matching,match_right,WJJW,adjective,positive,blue,✲✲launisch✲✲,adjective,negative,brown,0.4933,nonmatch,0.5772,0,0.51,0.6457,71.40255535723834
186,864,8,24,5,part_of_speech_classification,color_matching,matching,match_right,XVVX,adjective,negative,brown,✲entführung✲,noun,negative,brown,0.4932,match,0.5929,0,0.5091,0.6448,71.26788265917264
186,865,9,24,5,part_of_speech_classification,color_matching,matching,match_right,ZYYZ,noun,negative,blue,✲✲schleim✲✲✲,noun,negative,blue,0.4932,match,0.5648,0,0.5081,0.6438,71.13362591244362
186,866,10,24,5,part_of_speech_classification,color_matching,matching,match_right,MQQM,noun,positive,blue,✲✲✲✲gift✲✲✲✲,noun,negative,brown,0.4934,nonmatch,0.6112,0,0.5071,0.6429,70.99954275005967
186,867,11,24,5,part_of_speech_classification,color_matching,matching,match_right,MQQM,noun,positive,blue,✲✲launisch✲✲,adjective,negative,brown,0.4934,nonmatch,0.5977,0,0.5062,0.6419,70.86379323227176
186,868,12,24,5,part_of_speech_classification,color_matching,matching,match_right,WJJW,adjective,positive,brown,✲✲✲liebe✲✲✲✲,noun,positive,blue,0.4933,match,0.571,1,0.5052,0.641,70.73439030430855
186,869,13,24,5,part_of_speech_classification,color_matching,matching,match_right,WJJW,adjective,positive,brown,✲✲✲eitel✲✲✲✲,adjective,negative,blue,0.4932,nonmatch,0.5397,0,0.508,0.6437,71.12304649649244
186,870,14,24,5,part_of_speech_classification,color_matching,matching,match_right,XVVX,adjective,negative,blue,✲✲einfall✲✲✲,noun,positive,brown,0.4933,nonmatch,0.5113,0,0.5071,0.6428,70.99391214056912
186,871,15,24,5,part_of_speech_classification,color_matching,matching,match_right,WJJW,adjective,positive,brown,✲✲✲✲gift✲✲✲✲,noun,negative,blue,0.4932,nonmatch,0.4469,0,0.5062,0.6419,70.8631582054935
186,872,16,24,5,part_of_speech_classification,color_matching,matching,match_right,XVVX,adjective,negative,brown,✲✲✲eitel✲✲✲✲,adjective,negative,brown,0.4932,match,0.6654,0,0.5053,0.641,70.73853273819543
186,873,17,24,5,part_of_speech_classification,color_matching,matching,match_right,ZYYZ,noun,negative,blue,✲✲einfall✲✲✲,noun,positive,brown,0.4933,nonmatch,0.4902,0,0.5044,0.6401,70.62013423420369
186,874,18,24,5,part_of_speech_classification,color_matching,matching,match_right,ZYYZ,noun,negative,brown,✲✲✲gierig✲✲✲,adjective,negative,blue,0.4932,nonmatch,0.6624,0,0.5036,0.6393,70.5023671579019
186,875,19,24,5,part_of_speech_classification,color_matching,matching,match_right,ZYYZ,noun,negative,brown,✲✲✲eitel✲✲✲✲,adjective,negative,brown,0.4932,match,0.5076,0,0.5027,0.6385,70.38449237166273
186,876,20,24,5,part_of_speech_classification,color_matching,matching,match_right,MQQM,noun,positive,blue,✲✲✲✲spaß✲✲✲✲,noun,positive,brown,0.4932,nonmatch,0.5524,0,0.5019,0.6376,70.26637299363887
186,877,21,24,5,part_of_speech_classification,color_matching,matching,match_right,XVVX,adjective,negative,blue,✲✲✲gierig✲✲✲,adjective,negative,brown,0.4932,nonmatch,0.5626,0,0.501,0.6368,70.14652105948912
186,878,22,24,5,part_of_speech_classification,color_matching,matching,match_right,XVVX,adjective,negative,brown,✲✲✲liebe✲✲✲✲,noun,positive,brown,0.4932,match,0.5754,0,0.5002,0.636,70.03306306913807
186,879,23,24,5,part_of_speech_classification,color_matching,matching,match_right,XVVX,adjective,negative,brown,✲✲✲lustig✲✲✲,adjective,positive,brown,0.4932,match,0.6042,0,0.4995,0.6352,69.92456134470017
186,880,24,24,5,part_of_speech_classification,color_matching,matching,match_right,XVVX,adjective,negative,blue,✲✲schleim✲✲✲,noun,negative,brown,0.4932,nonmatch,0.5253,0,0.4987,0.6344,69.8165652843031
186,881,25,24,5,part_of_speech_classification,color_matching,matching,match_right,XVVX,adjective,negative,brown,✲✲✲✲spaß✲✲✲✲,noun,positive,blue,0.4932,nonmatch,0.5994,0,0.4979,0.6336,69.70844409369401
186,882,26,24,5,part_of_speech_classification,color_matching,matching,match_right,MQQM,noun,positive,blue,✲✲schlecht✲✲,adjective,negative,blue,0.4932,nonmatch,0.6542,1,0.4971,0.6329,69.60013196730002
186,883,27,24,5,part_of_speech_classification,color_matching,matching,match_right,MQQM,noun,positive,blue,✲✲schleim✲✲✲,noun,negative,blue,0.4932,match,0.5479,0,0.4993,0.6351,69.90763868181577
186,884,28,24,5,part_of_speech_classification,color_matching,matching,match_right,MQQM,noun,positive,brown,✲✲✲glück✲✲✲✲,noun,positive,blue,0.4932,nonmatch,0.5404,0,0.4986,0.6343,69.80317022617487
186,885,29,24,5,part_of_speech_classification,color_matching,matching,match_right,ZYYZ,noun,negative,blue,✲✲✲schön✲✲✲✲,adjective,positive,blue,0.4932,match,0.5759,0,0.4978,0.6336,69.69852386742261
186,886,30,24,5,part_of_speech_classification,color_matching,matching,match_right,ZYYZ,noun,negative,brown,✲✲✲glück✲✲✲✲,noun,positive,blue,0.4932,nonmatch,0.5041,0,0.4971,0.6328,69.59365771727384
186,887,31,24,5,part_of_speech_classification,color_matching,matching,match_right,ZYYZ,noun,negative,brown,✲✲✲lustig✲✲✲,adjective,positive,brown,0.5022,match,0.5255,0,0.4963,0.6321,69.48731067035415
186,888,32,24,5,part_of_speech_classification,color_matching,matching,match_right,XVVX,adjective,negative,brown,✲✲launisch✲✲,adjective,negative,blue,0.4932,nonmatch,0.5397,0,0.4956,0.6313,69.3819168992217
186,889,33,24,5,part_of_speech_classification,color_matching,matching,match_right,ZYYZ,noun,negative,brown,✲✲✲✲gift✲✲✲✲,noun,negative,brown,0.4932,match,0.5906,0,0.4949,0.6306,69.28470468546452
186,890,34,24,5,part_of_speech_classification,color_matching,matching,match_right,MQQM,noun,positive,brown,✲✲✲eitel✲✲✲✲,adjective,negative,brown,0.4932,match,0.5398,0,0.4942,0.6299,69.18816389827575
186,891,35,24,5,part_of_speech_classification,color_matching,matching,match_right,WJJW,adjective,positive,brown,✲✲✲gierig✲✲✲,adjective,negative,brown,0.4932,match,0.5418,0,0.4935,0.6292,69.09178054135386
186,892,36,24,5,part_of_speech_classification,color_matching,matching,match_right,WJJW,adjective,positive,brown,✲✲✲schön✲✲✲✲,adjective,positive,brown,0.4932,match,0.5209,0,0.4928,0.6285,68.99504602129645
186,893,37,24,5,part_of_speech_classification,color_matching,matching,match_right,ZYYZ,noun,negative,blue,✲✲launisch✲✲,adjective,negative,brown,0.4932,nonmatch,0.5686,0,0.4921,0.6278,68.89794640246215
186,894,38,24,5,part_of_speech_classification,color_matching,matching,match_right,XVVX,adjective,negative,blue,✲✲ehrlich✲✲✲,adjective,positive,brown,0.4932,nonmatch,0.4993,0,0.4914,0.6271,68.79936335091057
186,895,39,24,5,part_of_speech_classification,color_matching,matching,match_right,WJJW,adjective,positive,blue,✲✲schleim✲✲✲,noun,negative,blue,0.4932,match,0.5357,0,0.4907,0.6264,68.70067085161001
186,896,40,24,5,part_of_speech_classification,color_matching,matching,match_right,MQQM,noun,positive,brown,✲✲✲leiche✲✲✲,noun,negative,blue,0.4932,nonmatch,0.536,0,0.4901,0.6258,68.61011268607227
186,897,41,24,5,part_of_speech_classification,color_matching,matching,match_right,WJJW,adjective,positive,brown,✲✲✲lustig✲✲✲,adjective,positive,blue,0.4932,nonmatch,0.5695,0,0.4894,0.6251,68.52016462221027
186,898,42,24,5,part_of_speech_classification,color_matching,matching,match_right,XVVX,adjective,negative,blue,✲✲✲schön✲✲✲✲,adjective,positive,blue,0.4932,match,0.4918,0,0.4888,0.6245,68.43037402254363
186,899,43,24,5,part_of_speech_classification,color_matching,matching,match_right,WJJW,adjective,positive,blue,✲✲einfall✲✲✲,noun,positive,blue,0.4932,match,0.6112,0,0.4881,0.6239,68.34029200103711
186,900,44,24,5,part_of_speech_classification,color_matching,matching,match_right,XVVX,adjective,negative,blue,✲✲✲glück✲✲✲✲,noun,positive,blue,0.4933,match,0.5218,0,0.4875,0.6232,68.24994342645098
186,901,45,24,5,part_of_speech_classification,color_matching,matching,match_right,WJJW,adjective,positive,brown,✲✲✲glück✲✲✲✲,noun,positive,brown,0.4932,nonmatch,0.5487,1,0.4868,0.6226,68.15830149678564
186,902,46,24,5,part_of_speech_classification,color_matching,matching,match_right,XVVX,adjective,negative,blue,✲✲schlecht✲✲,adjective,negative,blue,0.4932,match,0.4061,0,0.4887,0.6244,68.4196934482176
186,903,47,24,5,part_of_speech_classification,color_matching,matching,match_right,ZYYZ,noun,negative,blue,✲✲✲leiche✲✲✲,noun,negative,brown,0.4932,nonmatch,0.5919,0,0.4881,0.6238,68.33204854896579
186,904,48,24,5,part_of_speech_classification,color_matching,matching,match_right,WJJW,adjective,positive,blue,✲✲✲✲spaß✲✲✲✲,noun,positive,brown,0.4961,nonmatch,0.661,0,0.4875,0.6232,68.24412706189214
186,905,49,24,5,part_of_speech_classification,color_matching,matching,match_right,MQQM,noun,positive,blue,✲✲einfall✲✲✲,noun,positive,blue,0.4932,match,0.5397,0,0.4868,0.6225,68.15494399162019
186,906,50,24,5,part_of_speech_classification,color_matching,matching,match_right,MQQM,noun,positive,brown,✲entführung✲,noun,negative,brown,0.4932,match,0.6608,0,0.4862,0.6219,68.06406348709116
186,907,51,24,5,part_of_speech_classification,color_matching,matching,match_right,ZYYZ,noun,negative,blue,✲✲ehrlich✲✲✲,adjective,positive,brown,0.4932,nonmatch,0.4389,0,0.4856,0.6213,67.97797061330493
186,908,52,24,5,part_of_speech_classification,color_matching,matching,match_right,MQQM,noun,positive,brown,✲✲✲gütig✲✲✲✲,adjective,positive,blue,0.4932,nonmatch,0.5692,0,0.485,0.6207,67.89550294892007
186,909,53,24,5,part_of_speech_classification,color_matching,matching,match_right,MQQM,noun,positive,brown,✲✲✲liebe✲✲✲✲,noun,positive,brown,0.4932,match,0.5041,0,0.4844,0.6201,67.81338234440678
186,910,54,24,5,part_of_speech_classification,color_matching,matching,match_right,MQQM,noun,positive,brown,✲✲✲gierig✲✲✲,adjective,negative,blue,0.4932,nonmatch,0.4747,0,0.4838,0.6195,67.73122684107194
186,911,55,24,5,part_of_speech_classification,color_matching,matching,match_right,MQQM,noun,positive,blue,✲✲ehrlich✲✲✲,adjective,positive,brown,0.4932,nonmatch,0.5969,0,0.4832,0.6189,67.64865523890636
186,912,56,24,5,part_of_speech_classification,color_matching,matching,match_right,XVVX,adjective,negative,blue,✲✲✲✲gift✲✲✲✲,noun,negative,blue,0.4937,nonmatch,0.4919,1,0.4826,0.6183,67.5657127972435
186,912,56,24,5,part_of_speech_classification,color_matching,matching,match_right,XVVX,adjective,negative,blue,✲✲✲✲gift✲✲✲✲,noun,negative,blue,0.4937,match,0.5503,0,0.4826,0.6183,67.5657127972435
186,913,57,24,5,part_of_speech_classification,color_matching,matching,match_right,ZYYZ,noun,negative,brown,✲✲✲liebe✲✲✲✲,noun,positive,brown,0.4962,nonmatch,0.5061,1,0.482,0.6177,67.48149820685637
186,914,58,24,5,part_of_speech_classification,color_matching,matching,match_right,ZYYZ,noun,negative,blue,✲✲✲✲spaß✲✲✲✲,noun,positive,blue,0.4932,match,0.5341,0,0.4837,0.6194,67.72182137421369
186,915,59,24,5,part_of_speech_classification,color_matching,matching,match_right,WJJW,adjective,positive,blue,✲✲schlecht✲✲,adjective,negative,blue,0.4932,match,0.4343,0,0.4832,0.6189,67.64131826279342
186,916,60,24,5,part_of_speech_classification,color_matching,matching,match_right,ZYYZ,noun,negative,blue,✲✲schlecht✲✲,adjective,negative,blue,0.4932,match,0.6332,0,0.4826,0.6183,67.5604426295035
186,917,61,24,5,part_of_speech_classification,color_matching,matching,match_right,XVVX,adjective,negative,brown,✲✲✲gütig✲✲✲✲,adjective,positive,blue,0.4966,nonmatch,0.5624,0,0.482,0.6177,67.47832673537846
186,918,62,24,5,part_of_speech_classification,color_matching,matching,match_right,XVVX,adjective,negative,brown,✲✲✲leiche✲✲✲,noun,negative,blue,0.4932,match,0.6681,1,0.4814,0.6171,67.39459335221014
186,919,63,24,5,part_of_speech_classification,color_matching,matching,match_right,WJJW,adjective,positive,blue,✲entführung✲,noun,negative,brown,0.4932,nonmatch,0.5149,0,0.4831,0.6188,67.6345179986876
186,920,64,24,5,part_of_speech_classification,color_matching,matching,match_right,MQQM,noun,positive,blue,✲✲✲lustig✲✲✲,adjective,positive,blue,0.4932,match,0.5838,0,0.4825,0.6183,67.55555661866005
186,921,1,25,6,part_of_speech_classification,color_matching,matching,match_right,MQQM,noun,positive,blue,✲✲schleim✲✲✲,noun,negative,brown,0.4933,nonmatch,0.5495,0,0.482,0.6177,67.47538386443654
186,922,2,25,6,part_of_speech_classification,color_matching,matching,match_right,MQQM,noun,positive,brown,✲✲✲gütig✲✲✲✲,adjective,positive,brown,0.4932,match,0.5421,0,0.4814,0.6171,67.39364075406479
186,923,3,25,6,part_of_speech_classification,color_matching,matching,match_right,WJJW,adjective,positive,blue,✲✲✲✲spaß✲✲✲✲,noun,positive,brown,0.4965,nonmatch,0.5398,0,0.4808,0.6165,67.31510447022885
186,924,4,25,6,part_of_speech_classification,color_matching,matching,match_right,XVVX,adjective,negative,blue,✲✲✲eitel✲✲✲✲,adjective,negative,blue,0.4932,match,0.5547,0,0.4803,0.616,67.24074243342292
186,925,5,25,6,part_of_speech_classification,color_matching,matching,match_right,WJJW,adjective,positive,brown,✲✲✲lustig✲✲✲,adjective,positive,brown,0.4932,nonmatch,0.4968,1,0.4798,0.6155,67.16674843008131
186,926,6,25,6,part_of_speech_classification,color_matching,matching,match_right,ZYYZ,noun,negative,blue,✲✲✲liebe✲✲✲✲,noun,positive,blue,0.4932,match,0.5278,0,0.4814,0.6171,67.39245239642948
186,927,7,25,6,part_of_speech_classification,color_matching,matching,match_right,ZYYZ,noun,negative,blue,✲entführung✲,noun,negative,brown,0.4932,nonmatch,0.5003,0,0.4808,0.6165,67.31585380970064
186,928,8,25,6,part_of_speech_classification,color_matching,matching,match_right,WJJW,adjective,positive,brown,✲✲✲eitel✲✲✲✲,adjective,negative,blue,0.4932,nonmatch,0.4968,0,0.4803,0.616,67.24338572781642
186,929,9,25,6,part_of_speech_classification,color_matching,matching,match_right,WJJW,adjective,positive,blue,✲✲launisch✲✲,adjective,negative,brown,0.4932,nonmatch,0.5427,0,0.4798,0.6155,67.17130546358865
186,930,10,25,6,part_of_speech_classification,color_matching,matching,match_right,XVVX,adjective,negative,brown,✲✲✲leiche✲✲✲,noun,negative,brown,0.4932,match,0.5047,0,0.4793,0.615,67.09931475455394
186,931,11,25,6,part_of_speech_classification,color_matching,matching,match_right,MQQM,noun,positive,blue,✲✲✲liebe✲✲✲✲,noun,positive,brown,0.4932,nonmatch,0.5426,0,0.4788,0.6145,67.02711655543887
186,932,12,25,6,part_of_speech_classification,color_matching,matching,match_right,ZYYZ,noun,negative,brown,✲✲✲eitel✲✲✲✲,adjective,negative,blue,0.4932,nonmatch,0.5397,0,0.4782,0.614,66.95441263841339
186,933,13,25,6,part_of_speech_classification,color_matching,matching,match_right,XVVX,adjective,negative,brown,✲✲ehrlich✲✲✲,adjective,positive,blue,0.4932,nonmatch,0.4824,0,0.4777,0.6134,66.88127834702797
186,934,14,25,6,part_of_speech_classification,color_matching,matching,match_right,XVVX,adjective,negative,blue,✲✲✲gütig✲✲✲✲,adjective,positive,brown,0.4936,nonmatch,0.3702,0,0.4772,0.6129,66.80696651531555
186,935,15,25,6,part_of_speech_classification,color_matching,matching,match_right,XVVX,adjective,negative,blue,✲✲✲lustig✲✲✲,adjective,positive,blue,0.4967,match,0.4969,0,0.4767,0.6124,66.73116265729747
186,936,16,25,6,part_of_speech_classification,color_matching,matching,match_right,MQQM,noun,positive,brown,✲✲launisch✲✲,adjective,negative,brown,0.4932,match,0.5396,0,0.4761,0.6118,66.65706713614492
186,937,17,25,6,part_of_speech_classification,color_matching,matching,match_right,XVVX,adjective,negative,brown,✲✲einfall✲✲✲,noun,positive,brown,0.4932,match,0.5469,0,0.4756,0.6113,66.58769502977472
186,938,18,25,6,part_of_speech_classification,color_matching,matching,match_right,WJJW,adjective,positive,blue,✲✲✲leiche✲✲✲,noun,negative,blue,0.4932,match,0.5782,0,0.4751,0.6108,66.51868813653508
186,939,19,25,6,part_of_speech_classification,color_matching,matching,match_right,XVVX,adjective,negative,brown,✲✲✲schön✲✲✲✲,adjective,positive,brown,0.4933,match,0.5859,0,0.4746,0.6104,66.44977033656643
186,940,20,25,6,part_of_speech_classification,color_matching,matching,match_right,ZYYZ,noun,negative,brown,✲✲✲✲spaß✲✲✲✲,noun,positive,blue,0.4932,nonmatch,0.4418,0,0.4741,0.6099,66.38066617143186
186,941,21,25,6,part_of_speech_classification,color_matching,matching,match_right,XVVX,adjective,negative,blue,✲entführung✲,noun,negative,brown,0.4932,nonmatch,0.5917,0,0.4737,0.6094,66.31109869206522
186,942,22,25,6,part_of_speech_classification,color_matching,matching,match_right,MQQM,noun,positive,blue,✲✲✲glück✲✲✲✲,noun,positive,blue,0.4932,match,0.5182,0,0.4732,0.6089,66.24115381769893
186,943,23,25,6,part_of_speech_classification,color_matching,matching,match_right,ZYYZ,noun,negative,brown,✲✲ehrlich✲✲✲,adjective,positive,blue,0.4963,nonmatch,0.5925,0,0.4726,0.6084,66.1701205575875
186,944,24,25,6,part_of_speech_classification,color_matching,matching,match_right,XVVX,adjective,negative,brown,✲✲✲liebe✲✲✲✲,noun,positive,blue,0.4932,nonmatch,0.4933,0,0.4721,0.6078,66.09770603715941
186,945,25,25,6,part_of_speech_classification,color_matching,matching,match_right,XVVX,adjective,negative,blue,✲✲schleim✲✲✲,noun,negative,blue,0.4932,match,0.5852,0,0.4716,0.6073,66.02360603638621
186,946,26,25,6,part_of_speech_classification,color_matching,matching,match_right,ZYYZ,noun,negative,blue,✲✲✲lustig✲✲✲,adjective,positive,blue,0.4932,match,0.4927,0,0.4711,0.6068,65.95605703069133
186,947,27,25,6,part_of_speech_classification,color_matching,matching,match_right,WJJW,adjective,positive,blue,✲✲✲schön✲✲✲✲,adjective,positive,blue,0.4932,match,0.5207,0,0.4706,0.6064,65.8890079365734
186,948,28,25,6,part_of_speech_classification,color_matching,matching,match_right,MQQM,noun,positive,brown,✲✲✲leiche✲✲✲,noun,negative,blue,0.4932,nonmatch,0.5111,0,0.4702,0.6059,65.82211715251458
186,949,29,25,6,part_of_speech_classification,color_matching,matching,match_right,XVVX,adjective,negative,brown,✲✲schlecht✲✲,adjective,negative,blue,0.4932,nonmatch,0.5467,0,0.4697,0.6054,65.75512305658324
186,950,30,25,6,part_of_speech_classification,color_matching,matching,match_right,MQQM,noun,positive,brown,✲✲✲✲spaß✲✲✲✲,noun,positive,blue,0.4932,nonmatch,0.6453,0,0.4692,0.6049,65.68776280269974
186,951,31,25,6,part_of_speech_classification,color_matching,matching,match_right,ZYYZ,noun,negative,brown,✲✲✲gierig✲✲✲,adjective,negative,brown,0.4932,match,0.439,0,0.4687,0.6044,65.62013689403544
186,952,32,25,6,part_of_speech_classification,color_matching,matching,match_right,WJJW,adjective,positive,brown,✲entführung✲,noun,negative,blue,0.4932,nonmatch,0.4611,0,0.4682,0.6039,65.55155157100894
186,953,33,25,6,part_of_speech_classification,color_matching,matching,match_right,MQQM,noun,positive,blue,✲✲ehrlich✲✲✲,adjective,positive,blue,0.4932,match,0.5577,0,0.4677,0.6034,65.48172983425599
186,954,34,25,6,part_of_speech_classification,color_matching,matching,match_right,XVVX,adjective,negative,brown,✲✲✲✲gift✲✲✲✲,noun,negative,blue,0.4932,nonmatch,0.4896,0,0.4672,0.6029,65.41038428691017
186,955,35,25,6,part_of_speech_classification,color_matching,matching,match_right,ZYYZ,noun,negative,brown,✲✲schleim✲✲✲,noun,negative,brown,0.4933,match,0.5867,0,0.4667,0.6024,65.34008505825507
186,956,36,25,6,part_of_speech_classification,color_matching,matching,match_right,MQQM,noun,positive,blue,✲✲✲eitel✲✲✲✲,adjective,negative,blue,0.4932,match,0.6741,0,0.4662,0.602,65.2740275362379
186,957,37,25,6,part_of_speech_classification,color_matching,matching,match_right,MQQM,noun,positive,brown,✲entführung✲,noun,negative,brown,0.4936,nonmatch,0.5202,1,0.4658,0.6015,65.20823748633508
186,958,38,25,6,part_of_speech_classification,color_matching,matching,match_right,ZYYZ,noun,negative,brown,✲✲✲leiche✲✲✲,noun,negative,blue,0.4932,match,0.4423,1,0.4672,0.6029,65.40966230703121
186,959,39,25,6,part_of_speech_classification,color_matching,matching,match_right,ZYYZ,noun,negative,blue,✲✲schlecht✲✲,adjective,negative,brown,0.4932,nonmatch,0.5395,0,0.4686,0.6044,65.61001502279309
186,960,40,25,6,part_of_speech_classification,color_matching,matching,match_right,MQQM,noun,positive,blue,✲✲✲✲gift✲✲✲✲,noun,negative,blue,0.4932,match,0.4971,0,0.4682,0.6039,65.54418911624036
186,961,41,25,6,part_of_speech_classification,color_matching,matching,match_right,MQQM,noun,positive,brown,✲✲einfall✲✲✲,noun,positive,brown,0.4932,match,0.547,0,0.4677,0.6034,65.47718663431037
186,962,42,25,6,part_of_speech_classification,color_matching,matching,match_right,WJJW,adjective,positive,brown,✲✲einfall✲✲✲,noun,positive,blue,0.4932,nonmatch,0.653,0,0.4672,0.6029,65.40874390534503
186,963,43,25,6,part_of_speech_classification,color_matching,matching,match_right,ZYYZ,noun,negative,brown,✲✲✲glück✲✲✲✲,noun,positive,brown,0.4932,match,0.4574,0,0.4667,0.6024,65.34141524261884
186,964,44,25,6,part_of_speech_classification,color_matching,matching,match_right,WJJW,adjective,positive,blue,✲✲✲gütig✲✲✲✲,adjective,positive,brown,0.4933,nonmatch,0.6228,0,0.4663,0.602,65.27836433876013
186,965,45,25,6,part_of_speech_classification,color_matching,matching,match_right,MQQM,noun,positive,brown,✲✲✲lustig✲✲✲,adjective,positive,blue,0.4932,nonmatch,0.5472,0,0.4658,0.6015,65.21562193967452
186,966,46,25,6,part_of_speech_classification,color_matching,matching,match_right,WJJW,adjective,positive,blue,✲✲✲glück✲✲✲✲,noun,positive,blue,0.4932,nonmatch,0.5253,1,0.4654,0.6011,65.15295697406694
186,967,47,25,6,part_of_speech_classification,color_matching,matching,match_right,WJJW,adjective,positive,blue,✲✲schleim✲✲✲,noun,negative,brown,0.4932,nonmatch,0.5063,0,0.4667,0.6024,65.34173698298194
186,968,48,25,6,part_of_speech_classification,color_matching,matching,match_right,XVVX,adjective,negative,brown,✲✲✲gierig✲✲✲,adjective,negative,brown,0.4933,match,0.5183,0,0.4663,0.602,65.28008152141555
186,969,49,25,6,part_of_speech_classification,color_matching,matching,match_right,ZYYZ,noun,negative,blue,✲✲einfall✲✲✲,noun,positive,brown,0.4932,nonmatch,0.5183,0,0.4658,0.6016,65.21875007838128
186,970,50,25,6,part_of_speech_classification,color_matching,matching,match_right,ZYYZ,noun,negative,blue,✲✲✲✲gift✲✲✲✲,noun,negative,blue,0.4932,match,0.5343,0,0.4654,0.6011,65.15752178876335
186,971,51,25,6,part_of_speech_classification,color_matching,matching,match_right,XVVX,adjective,negative,blue,✲✲✲✲spaß✲✲✲✲,noun,positive,blue,0.4938,match,0.6036,0,0.465,0.6007,65.09617611944005
186,972,52,25,6,part_of_speech_classification,color_matching,matching,match_right,WJJW,adjective,positive,brown,✲✲schlecht✲✲,adjective,negative,brown,0.4932,nonmatch,0.3967,1,0.4645,0.6002,65.03449132823711
186,973,53,25,6,part_of_speech_classification,color_matching,matching,match_right,WJJW,adjective,positive,blue,✲✲✲gierig✲✲✲,adjective,negative,blue,0.4936,match,0.5615,0,0.4658,0.6015,65.20760969238344
186,974,54,25,6,part_of_speech_classification,color_matching,matching,match_right,ZYYZ,noun,negative,blue,✲✲✲schön✲✲✲✲,adjective,positive,brown,0.4932,nonmatch,0.5855,0,0.4653,0.6011,65.14764692982689
186,975,55,25,6,part_of_speech_classification,color_matching,matching,match_right,WJJW,adjective,positive,brown,✲✲✲liebe✲✲✲✲,noun,positive,brown,0.4932,match,0.3835,0,0.4649,0.6006,65.08754800484763
186,976,56,25,6,part_of_speech_classification,color_matching,matching,match_right,ZYYZ,noun,negative,brown,✲✲✲gütig✲✲✲✲,adjective,positive,brown,0.4933,match,0.5995,0,0.4645,0.6002,65.02710005796924
186,977,57,25,6,part_of_speech_classification,color_matching,matching,match_right,WJJW,adjective,positive,brown,✲✲ehrlich✲✲✲,adjective,positive,blue,0.4935,nonmatch,0.561,0,0.464,0.5998,64.96642408547882
186,978,58,25,6,part_of_speech_classification,color_matching,matching,match_right,MQQM,noun,positive,brown,✲✲schlecht✲✲,adjective,negative,blue,0.4932,nonmatch,0.5325,0,0.4636,0.5993,64.90491972422642
186,979,59,25,6,part_of_speech_classification,color_matching,matching,match_right,MQQM,noun,positive,blue,✲✲✲gierig✲✲✲,adjective,negative,brown,0.4932,nonmatch,0.5264,0,0.4632,0.5989,64.84236319785931
186,980,60,25,6,part_of_speech_classification,color_matching,matching,match_right,WJJW,adjective,positive,brown,✲✲✲✲gift✲✲✲✲,noun,negative,brown,0.4938,match,0.5497,0,0.4627,0.5984,64.77852285518097
186,981,61,25,6,part_of_speech_classification,color_matching,matching,match_right,XVVX,adjective,negative,blue,✲✲✲glück✲✲✲✲,noun,positive,brown,0.4932,nonmatch,0.4983,0,0.4622,0.598,64.7133853527939
186,982,62,25,6,part_of_speech_classification,color_matching,matching,match_right,ZYYZ,noun,negative,blue,✲✲launisch✲✲,adjective,negative,blue,0.4932,match,0.5827,0,0.4618,0.5975,64.65404865802105
186,983,63,25,6,part_of_speech_classification,color_matching,matching,match_right,MQQM,noun,positive,blue,✲✲✲schön✲✲✲✲,adjective,positive,brown,0.4932,nonmatch,0.4461,0,0.4614,0.5971,64.59509930577273
186,984,64,25,6,part_of_speech_classification,color_matching,matching,match_right,XVVX,adjective,negative,blue,✲✲launisch✲✲,adjective,negative,brown,0.4932,nonmatch,0.597,0,0.461,0.5967,64.53633256573447
186,985,1,26,7,part_of_speech_classification,color_matching,matching,match_right,ZYYZ,noun,negative,brown,✲✲✲✲spaß✲✲✲✲,noun,positive,brown,0.4932,match,0.6393,0,0.4606,0.5963,64.47754449782303
186,986,2,26,7,part_of_speech_classification,color_matching,matching,match_right,WJJW,adjective,positive,brown,✲✲schleim✲✲✲,noun,negative,brown,0.4932,match,0.45,0,0.4601,0.5958,64.4185305820263
186,987,3,26,7,part_of_speech_classification,color_matching,matching,match_right,MQQM,noun,positive,brown,✲entführung✲,noun,negative,blue,0.4932,nonmatch,0.5132,0,0.4597,0.5954,64.35908434629378
186,988,4,26,7,part_of_speech_classification,color_matching,matching,match_right,WJJW,adjective,positive,brown,✲✲✲gierig✲✲✲,adjective,negative,brown,0.4933,nonmatch,0.5639,1,0.4593,0.595,64.29931755514465
186,989,5,26,7,part_of_speech_classification,color_matching,matching,match_right,XVVX,adjective,negative,blue,✲✲schleim✲✲✲,noun,negative,brown,0.4932,nonmatch,0.4775,0,0.4605,0.5962,64.46896704839948
186,990,6,26,7,part_of_speech_classification,color_matching,matching,match_right,ZYYZ,noun,negative,blue,✲✲✲glück✲✲✲✲,noun,positive,blue,0.4932,match,0.414,0,0.4601,0.5958,64.4110763273821
186,991,7,26,7,part_of_speech_classification,color_matching,matching,match_right,XVVX,adjective,negative,blue,✲✲✲✲gift✲✲✲✲,noun,negative,blue,0.4965,match,0.5404,0,0.4597,0.5954,64.35274859255044
186,992,8,26,7,part_of_speech_classification,color_matching,matching,match_right,MQQM,noun,positive,blue,✲✲schlecht✲✲,adjective,negative,brown,0.4932,nonmatch,0.5254,0,0.4592,0.595,64.29409764761928
186,993,9,26,7,part_of_speech_classification,color_matching,matching,match_right,ZYYZ,noun,negative,brown,✲✲einfall✲✲✲,noun,positive,blue,0.4936,nonmatch,0.5328,0,0.4588,0.5945,64.23456109344716
186,994,10,26,7,part_of_speech_classification,color_matching,matching,match_right,MQQM,noun,positive,brown,✲✲ehrlich✲✲✲,adjective,positive,blue,0.4932,nonmatch,0.543,0,0.4584,0.5941,64.1739278137094
186,995,11,26,7,part_of_speech_classification,color_matching,matching,match_right,WJJW,adjective,positive,brown,✲✲ehrlich✲✲✲,adjective,positive,blue,0.4961,nonmatch,0.391,0,0.4579,0.5937,64.11197875458441
186,996,12,26,7,part_of_speech_classification,color_matching,matching,match_right,MQQM,noun,positive,blue,✲✲✲leiche✲✲✲,noun,negative,blue,0.4932,match,0.5182,0,0.4575,0.5932,64.05092450423014
186,997,13,26,7,part_of_speech_classification,color_matching,matching,match_right,XVVX,adjective,negative,brown,✲✲✲eitel✲✲✲✲,adjective,negative,brown,0.4932,nonmatch,0.5965,1,0.4571,0.5928,63.99399717917498
186,998,14,26,7,part_of_speech_classification,color_matching,matching,match_right,WJJW,adjective,positive,brown,✲✲✲liebe✲✲✲✲,noun,positive,brown,0.4932,match,0.4205,0,0.4584,0.5941,64.17148661821543
186,999,15,26,7,part_of_speech_classification,color_matching,matching,match_right,WJJW,adjective,positive,brown,✲✲✲lustig✲✲✲,adjective,positive,brown,0.4961,match,0.6403,0,0.4579,0.5936,64.11062841773108
186,1000,16,26,7,part_of_speech_classification,color_matching,matching,match_right,MQQM,noun,positive,blue,✲✲✲liebe✲✲✲✲,noun,positive,brown,0.4932,nonmatch,0.4967,0,0.4575,0.5932,64.05076616483385
186,1001,17,26,7,part_of_speech_classification,color_matching,matching,match_right,WJJW,adjective,positive,blue,✲✲✲glück✲✲✲✲,noun,positive,blue,0.4932,match,0.5183,0,0.4571,0.5928,63.994982089090115
186,1002,18,26,7,part_of_speech_classification,color_matching,matching,match_right,XVVX,adjective,negative,brown,✲✲einfall✲✲✲,noun,positive,blue,0.4932,match,0.4848,1,0.4567,0.5924,63.939530927840835
186,1003,19,26,7,part_of_speech_classification,color_matching,matching,match_right,MQQM,noun,positive,brown,✲✲einfall✲✲✲,noun,positive,blue,0.4932,nonmatch,0.6196,0,0.4579,0.5936,64.10918242424044
186,1004,20,26,7,part_of_speech_classification,color_matching,matching,match_right,MQQM,noun,positive,brown,✲✲✲✲gift✲✲✲✲,noun,negative,brown,0.4932,match,0.6369,0,0.4575,0.5932,64.05048015207801
186,1005,21,26,7,part_of_speech_classification,color_matching,matching,match_right,WJJW,adjective,positive,blue,✲✲schlecht✲✲,adjective,negative,brown,0.4932,nonmatch,0.5264,0,0.4571,0.5928,63.99579222168391
186,1006,22,26,7,part_of_speech_classification,color_matching,matching,match_right,ZYYZ,noun,negative,blue,✲✲schlecht✲✲,adjective,negative,brown,0.4933,nonmatch,0.3744,0,0.4567,0.5924,63.94144469550306
186,1007,23,26,7,part_of_speech_classification,color_matching,matching,match_right,MQQM,noun,positive,brown,✲✲✲eitel✲✲✲✲,adjective,negative,brown,0.4932,match,0.5835,0,0.4563,0.5921,63.88726210844972
186,1008,24,26,7,part_of_speech_classification,color_matching,matching,match_right,ZYYZ,noun,negative,blue,✲✲launisch✲✲,adjective,negative,blue,0.4933,match,0.5253,0,0.456,0.5917,63.83306972698976
186,1009,25,26,7,part_of_speech_classification,color_matching,matching,match_right,ZYYZ,noun,negative,blue,✲✲✲lustig✲✲✲,adjective,positive,blue,0.4933,match,0.5005,0,0.4556,0.5913,63.77869246209103
186,1010,26,26,7,part_of_speech_classification,color_matching,matching,match_right,ZYYZ,noun,negative,brown,✲✲✲schön✲✲✲✲,adjective,positive,blue,0.4932,nonmatch,0.361,0,0.4552,0.5909,63.72395378205838
186,1011,27,26,7,part_of_speech_classification,color_matching,matching,match_right,XVVX,adjective,negative,brown,✲✲launisch✲✲,adjective,negative,blue,0.4937,nonmatch,0.5611,0,0.4548,0.5905,63.668980989062376
186,1012,28,26,7,part_of_speech_classification,color_matching,matching,match_right,MQQM,noun,positive,brown,✲✲✲schön✲✲✲✲,adjective,positive,brown,0.4933,match,0.5079,0,0.4544,0.5901,63.61324947571386
186,1013,29,26,7,part_of_speech_classification,color_matching,matching,match_right,WJJW,adjective,positive,brown,✲✲✲leiche✲✲✲,noun,negative,blue,0.4935,nonmatch,0.4319,0,0.454,0.5897,63.55657315816993
186,1014,30,26,7,part_of_speech_classification,color_matching,matching,match_right,WJJW,adjective,positive,blue,✲✲✲✲spaß✲✲✲✲,noun,positive,brown,0.4932,nonmatch,0.5612,0,0.4536,0.5893,63.49875950082717
186,1015,31,26,7,part_of_speech_classification,color_matching,matching,match_right,MQQM,noun,positive,brown,✲✲launisch✲✲,adjective,negative,blue,0.4932,nonmatch,0.6299,0,0.4531,0.5889,63.43960827408663
186,1016,32,26,7,part_of_speech_classification,color_matching,matching,match_right,MQQM,noun,positive,blue,✲✲✲gierig✲✲✲,adjective,negative,blue,0.4932,match,0.4986,0,0.4528,0.5885,63.38549733039097
186,1017,33,26,7,part_of_speech_classification,color_matching,matching,match_right,MQQM,noun,positive,blue,✲✲✲✲spaß✲✲✲✲,noun,positive,blue,0.532,match,0.3784,0,0.4524,0.5881,63.33238632549026
186,1018,34,26,7,part_of_speech_classification,color_matching,matching,match_right,ZYYZ,noun,negative,blue,✲✲✲gütig✲✲✲✲,adjective,positive,brown,0.4932,nonmatch,0.4538,0,0.452,0.5877,63.27952727442148
186,1019,35,26,7,part_of_speech_classification,color_matching,matching,match_right,XVVX,adjective,negative,blue,✲✲✲liebe✲✲✲✲,noun,positive,brown,0.4932,nonmatch,0.4575,0,0.4516,0.5873,63.226752294135075
186,1020,36,26,7,part_of_speech_classification,color_matching,matching,match_right,WJJW,adjective,positive,blue,✲entführung✲,noun,negative,blue,0.4932,match,0.5053,0,0.4512,0.587,63.17389369091134
186,1021,37,26,7,part_of_speech_classification,color_matching,matching,match_right,MQQM,noun,positive,blue,✲✲schleim✲✲✲,noun,negative,brown,0.4932,nonmatch,0.5328,0,0.4509,0.5866,63.12078293305425
186,1022,38,26,7,part_of_speech_classification,color_matching,matching,match_right,WJJW,adjective,positive,brown,✲✲einfall✲✲✲,noun,positive,blue,0.4966,nonmatch,0.5327,0,0.4505,0.5862,63.06724961819312
186,1023,39,26,7,part_of_speech_classification,color_matching,matching,match_right,XVVX,adjective,negative,brown,✲entführung✲,noun,negative,blue,0.4933,nonmatch,0.5476,0,0.4501,0.5858,63.01341289903674
186,1024,40,26,7,part_of_speech_classification,color_matching,matching,match_right,ZYYZ,noun,negative,brown,✲✲✲leiche✲✲✲,noun,negative,blue,0.4932,nonmatch,0.4104,0,0.4497,0.5854,62.958769380836195
186,1025,41,26,7,part_of_speech_classification,color_matching,matching,match_right,XVVX,adjective,negative,blue,✲✲✲glück✲✲✲✲,noun,positive,blue,0.4932,match,0.5189,0,0.4493,0.585,62.90313792057154
186,1026,42,26,7,part_of_speech_classification,color_matching,matching,match_right,ZYYZ,noun,negative,brown,✲✲✲eitel✲✲✲✲,adjective,negative,brown,0.4932,match,0.6039,0,0.4489,0.5846,62.846330695010934
186,1027,43,26,7,part_of_speech_classification,color_matching,matching,match_right,XVVX,adjective,negative,brown,✲✲ehrlich✲✲✲,adjective,positive,blue,0.4932,nonmatch,0.4711,0,0.4485,0.5842,62.78978222290237
186,1028,44,26,7,part_of_speech_classification,color_matching,matching,match_right,ZYYZ,noun,negative,brown,✲✲ehrlich✲✲✲,adjective,positive,brown,0.4932,match,0.5629,0,0.4481,0.5838,62.73787313657975
186,1029,45,26,7,part_of_speech_classification,color_matching,matching,match_right,WJJW,adjective,positive,blue,✲✲✲gütig✲✲✲✲,adjective,positive,brown,0.4932,nonmatch,0.4939,0,0.4478,0.5835,62.68632282671093
186,1030,46,26,7,part_of_speech_classification,color_matching,matching,match_right,MQQM,noun,positive,blue,✲✲✲lustig✲✲✲,adjective,positive,blue,0.4932,match,0.5469,0,0.4474,0.5831,62.634969320502975
186,1031,47,26,7,part_of_speech_classification,color_matching,matching,match_right,XVVX,adjective,negative,blue,✲✲✲gütig✲✲✲✲,adjective,positive,brown,0.4932,nonmatch,0.4692,0,0.447,0.5827,62.583651458369246
186,1032,48,26,7,part_of_speech_classification,color_matching,matching,match_right,MQQM,noun,positive,blue,✲✲✲gütig✲✲✲✲,adjective,positive,brown,0.4932,nonmatch,0.5503,0,0.4467,0.5824,62.53220791303397
186,1033,49,26,7,part_of_speech_classification,color_matching,matching,match_right,ZYYZ,noun,negative,blue,✲entführung✲,noun,negative,blue,0.4932,match,0.462,0,0.4463,0.582,62.480476208191455
186,1034,50,26,7,part_of_speech_classification,color_matching,matching,match_right,WJJW,adjective,positive,blue,✲✲✲✲gift✲✲✲✲,noun,negative,brown,0.4932,nonmatch,0.4895,0,0.4459,0.5816,62.428589285195436
186,1035,51,26,7,part_of_speech_classification,color_matching,matching,match_right,ZYYZ,noun,negative,blue,✲✲✲liebe✲✲✲✲,noun,positive,brown,0.4932,nonmatch,0.4541,0,0.4455,0.5813,62.376048729964836
186,1036,52,26,7,part_of_speech_classification,color_matching,matching,match_right,XVVX,adjective,negative,blue,✲✲✲lustig✲✲✲,adjective,positive,blue,0.4932,match,0.4346,0,0.4452,0.5809,62.32268402098823
186,1037,53,26,7,part_of_speech_classification,color_matching,matching,match_right,XVVX,adjective,negative,brown,✲✲✲schön✲✲✲✲,adjective,positive,brown,0.4934,match,0.696,0,0.4448,0.5805,62.26831896119234
186,1038,54,26,7,part_of_speech_classification,color_matching,matching,match_right,WJJW,adjective,positive,blue,✲✲✲eitel✲✲✲✲,adjective,negative,blue,0.4932,nonmatch,0.4175,1,0.4444,0.5801,62.21277055620617
186,1039,55,26,7,part_of_speech_classification,color_matching,matching,match_right,XVVX,adjective,negative,blue,✲✲schlecht✲✲,adjective,negative,brown,0.4932,nonmatch,0.4839,0,0.4455,0.5812,62.37194478535293
186,1040,56,26,7,part_of_speech_classification,color_matching,matching,match_right,XVVX,adjective,negative,brown,✲✲✲leiche✲✲✲,noun,negative,brown,0.4932,match,0.5469,0,0.4451,0.5809,62.31943308960392
186,1041,57,26,7,part_of_speech_classification,color_matching,matching,match_right,WJJW,adjective,positive,brown,✲✲launisch✲✲,adjective,negative,blue,0.4932,nonmatch,0.4933,0,0.4448,0.5805,62.26593791260101
186,1042,58,26,7,part_of_speech_classification,color_matching,matching,match_right,ZYYZ,noun,negative,blue,✲✲✲✲gift✲✲✲✲,noun,negative,brown,0.4933,match,0.6053,1,0.4444,0.5801,62.211282342636224
186,1043,59,26,7,part_of_speech_classification,color_matching,matching,match_right,ZYYZ,noun,negative,brown,✲✲schleim✲✲✲,noun,negative,brown,0.4932,match,0.4903,0,0.4455,0.5812,62.367873352237325
186,1044,60,26,7,part_of_speech_classification,color_matching,matching,match_right,XVVX,adjective,negative,brown,✲✲✲✲spaß✲✲✲✲,noun,positive,brown,0.4933,match,0.5039,0,0.4451,0.5808,62.3161821183671
186,1045,61,26,7,part_of_speech_classification,color_matching,matching,match_right,WJJW,adjective,positive,blue,✲✲✲schön✲✲✲✲,adjective,positive,blue,0.4932,nonmatch,0.5407,1,0.4447,0.5805,62.263523018859615
186,1046,62,26,7,part_of_speech_classification,color_matching,matching,match_right,XVVX,adjective,negative,blue,✲✲✲gierig✲✲✲,adjective,negative,blue,0.4932,match,0.4119,0,0.4458,0.5815,62.413945393572305
186,1047,63,26,7,part_of_speech_classification,color_matching,matching,match_right,ZYYZ,noun,negative,brown,✲✲✲gierig✲✲✲,adjective,negative,blue,0.4932,nonmatch,0.561,0,0.4455,0.5812,62.36383759429728
186,1048,64,26,7,part_of_speech_classification,color_matching,matching,match_right,MQQM,noun,positive,brown,✲✲✲glück✲✲✲✲,noun,positive,brown,0.4932,nonmatch,0.5293,1,0.4451,0.5808,62.3129362064617
186,1049,1,27,8,part_of_speech_classification,color_matching,matching,match_right,WJJW,adjective,positive,brown,✲✲✲eitel✲✲✲✲,adjective,negative,brown,0.4932,match,0.4617,0,0.4461,0.5818,62.45791597636959
186,1050,2,27,8,part_of_speech_classification,color_matching,matching,match_right,XVVX,adjective,negative,blue,✲✲ehrlich✲✲✲,adjective,positive,brown,0.4932,nonmatch,0.4475,0,0.4458,0.5815,62.40919549208077
186,1051,3,27,8,part_of_speech_classification,color_matching,matching,match_right,XVVX,adjective,negative,brown,✲✲✲eitel✲✲✲✲,adjective,negative,brown,0.4932,match,0.4925,0,0.4454,0.5811,62.35984006829638
186,1052,4,27,8,part_of_speech_classification,color_matching,matching,match_right,XVVX,adjective,negative,blue,✲entführung✲,noun,negative,blue,0.4932,match,0.439,0,0.4451,0.5808,62.30969967720005
186,1053,5,27,8,part_of_speech_classification,color_matching,matching,match_right,MQQM,noun,positive,brown,✲✲launisch✲✲,adjective,negative,brown,0.4932,match,0.6601,0,0.4447,0.5804,62.25861941814282
186,1054,6,27,8,part_of_speech_classification,color_matching,matching,match_right,XVVX,adjective,negative,brown,✲✲✲glück✲✲✲✲,noun,positive,blue,0.4932,nonmatch,0.4423,0,0.4443,0.58,62.20643860391399
186,1055,7,27,8,part_of_speech_classification,color_matching,matching,match_right,XVVX,adjective,negative,brown,✲✲✲leiche✲✲✲,noun,negative,brown,0.4933,match,0.5754,0,0.444,0.5797,62.15601257795449
186,1056,8,27,8,part_of_speech_classification,color_matching,matching,match_right,MQQM,noun,positive,blue,✲✲✲leiche✲✲✲,noun,negative,brown,0.4932,nonmatch,0.5326,0,0.4436,0.5794,62.10905344900724
186,1057,9,27,8,part_of_speech_classification,color_matching,matching,match_right,ZYYZ,noun,negative,brown,✲✲✲✲gift✲✲✲✲,noun,negative,brown,0.4932,match,0.6323,0,0.4433,0.579,62.062432515427425
186,1058,10,27,8,part_of_speech_classification,color_matching,matching,match_right,WJJW,adjective,positive,blue,✲✲✲schön✲✲✲✲,adjective,positive,brown,0.4932,nonmatch,0.4103,0,0.443,0.5787,62.01601441219475
186,1059,11,27,8,part_of_speech_classification,color_matching,matching,match_right,ZYYZ,noun,negative,blue,✲✲✲gierig✲✲✲,adjective,negative,blue,0.4933,match,0.4923,0,0.4426,0.5784,61.969664644716865
186,1060,12,27,8,part_of_speech_classification,color_matching,matching,match_right,XVVX,adjective,negative,blue,✲✲schlecht✲✲,adjective,negative,blue,0.4959,match,0.5611,0,0.4423,0.578,61.92324883106018
186,1061,13,27,8,part_of_speech_classification,color_matching,matching,match_right,MQQM,noun,positive,blue,✲✲✲gierig✲✲✲,adjective,negative,brown,0.4932,nonmatch,0.55,0,0.442,0.5777,61.87663194613153
186,1062,14,27,8,part_of_speech_classification,color_matching,matching,match_right,MQQM,noun,positive,brown,✲✲schleim✲✲✲,noun,negative,blue,0.4932,match,0.5274,1,0.4416,0.5774,61.82967756152604
186,1063,15,27,8,part_of_speech_classification,color_matching,matching,match_right,XVVX,adjective,negative,blue,✲✲✲✲spaß✲✲✲✲,noun,positive,blue,0.4932,match,0.471,0,0.4426,0.5783,61.96152634383328
186,1064,16,27,8,part_of_speech_classification,color_matching,matching,match_right,MQQM,noun,positive,blue,✲✲✲schön✲✲✲✲,adjective,positive,brown,0.4932,nonmatch,0.6976,0,0.4423,0.578,61.91586261324004
186,1065,17,27,8,part_of_speech_classification,color_matching,matching,match_right,WJJW,adjective,positive,blue,✲✲✲liebe✲✲✲✲,noun,positive,blue,0.4932,match,0.4681,0,0.4419,0.5776,61.86998706772035
186,1066,18,27,8,part_of_speech_classification,color_matching,matching,match_right,ZYYZ,noun,negative,brown,✲entführung✲,noun,negative,blue,0.4932,nonmatch,0.5005,0,0.4416,0.5773,61.823767573830445
186,1067,19,27,8,part_of_speech_classification,color_matching,matching,match_right,XVVX,adjective,negative,blue,✲✲✲gütig✲✲✲✲,adjective,positive,blue,0.4932,match,0.511,0,0.4413,0.577,61.777331362772
186,1068,20,27,8,part_of_speech_classification,color_matching,matching,match_right,MQQM,noun,positive,brown,✲✲einfall✲✲✲,noun,positive,blue,0.4932,nonmatch,0.4104,0,0.4409,0.5766,61.730254299945656
186,1069,21,27,8,part_of_speech_classification,color_matching,matching,match_right,XVVX,adjective,negative,blue,✲✲✲liebe✲✲✲✲,noun,positive,brown,0.4932,nonmatch,0.5181,0,0.4406,0.5763,61.68239672683443
186,1070,22,27,8,part_of_speech_classification,color_matching,matching,match_right,MQQM,noun,positive,brown,✲✲✲✲spaß✲✲✲✲,noun,positive,brown,0.4932,match,0.526,0,0.4402,0.576,61.63361422738175
186,1071,23,27,8,part_of_speech_classification,color_matching,matching,match_right,MQQM,noun,positive,brown,✲✲✲lustig✲✲✲,adjective,positive,blue,0.5036,nonmatch,0.4549,0,0.4399,0.5756,61.58375679051029
186,1072,24,27,8,part_of_speech_classification,color_matching,matching,match_right,MQQM,noun,positive,blue,✲✲✲liebe✲✲✲✲,noun,positive,blue,0.4932,match,0.5395,0,0.4395,0.5753,61.53592064840307
186,1073,25,27,8,part_of_speech_classification,color_matching,matching,match_right,WJJW,adjective,positive,blue,✲✲einfall✲✲✲,noun,positive,brown,0.4932,nonmatch,0.4754,0,0.4392,0.5749,61.491124717199796
186,1074,26,27,8,part_of_speech_classification,color_matching,matching,match_right,ZYYZ,noun,negative,blue,✲✲✲leiche✲✲✲,noun,negative,blue,0.4962,match,0.5144,0,0.4389,0.5746,61.446641094813955
186,1075,27,27,8,part_of_speech_classification,color_matching,matching,match_right,XVVX,adjective,negative,brown,✲✲einfall✲✲✲,noun,positive,brown,0.4932,nonmatch,0.4325,1,0.4386,0.5743,61.40234426768896
186,1076,28,27,8,part_of_speech_classification,color_matching,matching,match_right,MQQM,noun,positive,blue,✲✲schlecht✲✲,adjective,negative,blue,0.4932,match,0.5189,0,0.4395,0.5753,61.53521241519476
186,1077,29,27,8,part_of_speech_classification,color_matching,matching,match_right,MQQM,noun,positive,brown,✲entführung✲,noun,negative,brown,0.4932,nonmatch,0.4475,1,0.4392,0.5749,61.491166749156
186,1078,30,27,8,part_of_speech_classification,color_matching,matching,match_right,MQQM,noun,positive,blue,✲✲✲glück✲✲✲✲,noun,positive,brown,0.4932,nonmatch,0.6652,0,0.4402,0.5759,61.62901196599923
186,1079,31,27,8,part_of_speech_classification,color_matching,matching,match_right,WJJW,adjective,positive,blue,✲✲✲gierig✲✲✲,adjective,negative,brown,0.4932,nonmatch,0.3833,0,0.4399,0.5756,61.5805413102668
186,1080,32,27,8,part_of_speech_classification,color_matching,matching,match_right,ZYYZ,noun,negative,brown,✲✲✲✲spaß✲✲✲✲,noun,positive,blue,0.4933,nonmatch,0.5207,0,0.4395,0.5752,61.53445039748437
186,1081,33,27,8,part_of_speech_classification,color_matching,matching,match_right,XVVX,adjective,negative,blue,✲✲launisch✲✲,adjective,negative,brown,0.4933,nonmatch,0.4431,0,0.4392,0.5749,61.491129328032244
186,1082,34,27,8,part_of_speech_classification,color_matching,matching,match_right,WJJW,adjective,positive,brown,✲✲launisch✲✲,adjective,negative,blue,0.4932,nonmatch,0.3862,0,0.4389,0.5746,61.44812461283945
186,1083,35,27,8,part_of_speech_classification,color_matching,matching,match_right,XVVX,adjective,negative,brown,✲✲✲✲gift✲✲✲✲,noun,negative,blue,0.4932,nonmatch,0.4864,0,0.4386,0.5743,61.40531883745155
186,1084,36,27,8,part_of_speech_classification,color_matching,matching,match_right,WJJW,adjective,positive,blue,✲✲schlecht✲✲,adjective,negative,blue,0.4932,match,0.5202,0,0.4383,0.574,61.36259538424973
186,1085,37,27,8,part_of_speech_classification,color_matching,matching,match_right,WJJW,adjective,positive,brown,✲✲ehrlich✲✲✲,adjective,positive,blue,0.4932,nonmatch,0.5038,0,0.438,0.5737,61.31983781316803
186,1086,38,27,8,part_of_speech_classification,color_matching,matching,match_right,WJJW,adjective,positive,brown,✲✲✲glück✲✲✲✲,noun,positive,blue,0.4932,nonmatch,0.4328,0,0.4377,0.5734,61.27692924445733
186,1087,39,27,8,part_of_speech_classification,color_matching,matching,match_right,MQQM,noun,positive,blue,✲✲ehrlich✲✲✲,adjective,positive,blue,0.4932,match,0.4624,0,0.4374,0.5731,61.23375173864709
186,1088,40,27,8,part_of_speech_classification,color_matching,matching,match_right,ZYYZ,noun,negative,brown,✲✲ehrlich✲✲✲,adjective,positive,blue,0.4932,nonmatch,0.5049,0,0.4371,0.5728,61.190438368070105
186,1089,41,27,8,part_of_speech_classification,color_matching,matching,match_right,WJJW,adjective,positive,blue,✲✲✲gütig✲✲✲✲,adjective,positive,blue,0.4932,match,0.4853,0,0.4368,0.5725,61.14659147304358
186,1090,42,27,8,part_of_speech_classification,color_matching,matching,match_right,ZYYZ,noun,negative,blue,✲✲schleim✲✲✲,noun,negative,brown,0.4932,nonmatch,0.5908,0,0.4364,0.5722,61.10208727248003
186,1091,43,27,8,part_of_speech_classification,color_matching,matching,match_right,ZYYZ,noun,negative,blue,✲✲✲lustig✲✲✲,adjective,positive,blue,0.4932,nonmatch,0.6688,1,0.4361,0.5718,61.056798067371
186,1092,44,27,8,part_of_speech_classification,color_matching,matching,match_right,XVVX,adjective,negative,brown,✲✲✲schön✲✲✲✲,adjective,positive,blue,0.4935,nonmatch,0.405,0,0.437,0.5728,61.18596760045326
186,1093,45,27,8,part_of_speech_classification,color_matching,matching,match_right,WJJW,adjective,positive,brown,✲✲✲✲gift✲✲✲✲,noun,negative,brown,0.4932,match,0.5611,0,0.4367,0.5724,61.14271485331888
186,1094,46,27,8,part_of_speech_classification,color_matching,matching,match_right,XVVX,adjective,negative,blue,✲✲schleim✲✲✲,noun,negative,brown,0.4933,nonmatch,0.5182,0,0.4364,0.5721,61.09881007281938
186,1095,47,27,8,part_of_speech_classification,color_matching,matching,match_right,ZYYZ,noun,negative,brown,✲✲launisch✲✲,adjective,negative,blue,0.4965,nonmatch,0.5038,0,0.4361,0.5718,61.054129089389185
186,1096,48,27,8,part_of_speech_classification,color_matching,matching,match_right,WJJW,adjective,positive,brown,✲✲schleim✲✲✲,noun,negative,blue,0.4933,nonmatch,0.5819,0,0.4358,0.5715,61.008543256969716
186,1097,49,27,8,part_of_speech_classification,color_matching,matching,match_right,MQQM,noun,positive,brown,✲✲✲eitel✲✲✲✲,adjective,negative,blue,0.4932,nonmatch,0.5038,0,0.4354,0.5712,60.961918740551994
186,1098,50,27,8,part_of_speech_classification,color_matching,matching,match_right,XVVX,adjective,negative,brown,✲✲✲gierig✲✲✲,adjective,negative,blue,0.4932,nonmatch,0.4176,0,0.4351,0.5708,60.91820359786736
186,1099,51,27,8,part_of_speech_classification,color_matching,matching,match_right,MQQM,noun,positive,brown,✲✲✲gütig✲✲✲✲,adjective,positive,brown,0.4932,match,0.5333,0,0.4348,0.5705,60.87653814233536
186,1100,52,27,8,part_of_speech_classification,color_matching,matching,match_right,ZYYZ,noun,negative,blue,✲✲✲glück✲✲✲✲,noun,positive,blue,0.4932,match,0.5111,0,0.4345,0.5703,60.83515202687366
186,1101,53,27,8,part_of_speech_classification,color_matching,matching,match_right,ZYYZ,noun,negative,brown,✲✲✲eitel✲✲✲✲,adjective,negative,brown,0.4932,match,0.4709,0,0.4342,0.57,60.79393510698259
186,1102,54,27,8,part_of_speech_classification,color_matching,matching,match_right,WJJW,adjective,positive,brown,✲✲✲lustig✲✲✲,adjective,positive,brown,0.4932,match,0.4635,0,0.4339,0.5697,60.75277778766314
186,1103,55,27,8,part_of_speech_classification,color_matching,matching,match_right,WJJW,adjective,positive,blue,✲✲✲leiche✲✲✲,noun,negative,blue,0.4932,match,0.4977,0,0.4337,0.5694,60.71157045524753
186,1104,56,27,8,part_of_speech_classification,color_matching,matching,match_right,ZYYZ,noun,negative,brown,✲✲✲gütig✲✲✲✲,adjective,positive,brown,0.4932,match,0.4828,0,0.4334,0.5691,60.670202909198714
186,1105,57,27,8,part_of_speech_classification,color_matching,matching,match_right,XVVX,adjective,negative,brown,✲✲✲lustig✲✲✲,adjective,positive,brown,0.4933,match,0.4825,0,0.4331,0.5688,60.62856378951853
186,1106,58,27,8,part_of_speech_classification,color_matching,matching,match_right,WJJW,adjective,positive,blue,✲entführung✲,noun,negative,brown,0.4932,nonmatch,0.5205,0,0.4328,0.5685,60.5867832230499
186,1107,59,27,8,part_of_speech_classification,color_matching,matching,match_right,ZYYZ,noun,negative,blue,✲✲✲liebe✲✲✲✲,noun,positive,brown,0.4932,nonmatch,0.4325,0,0.4325,0.5682,60.544480973218924
186,1108,60,27,8,part_of_speech_classification,color_matching,matching,match_right,ZYYZ,noun,negative,blue,✲✲schlecht✲✲,adjective,negative,brown,0.4932,nonmatch,0.5075,0,0.4322,0.5679,60.50153972166583
186,1109,61,27,8,part_of_speech_classification,color_matching,matching,match_right,ZYYZ,noun,negative,brown,✲✲einfall✲✲✲,noun,positive,brown,0.4933,nonmatch,0.4396,1,0.4318,0.5676,60.45783833610429
186,1110,62,27,8,part_of_speech_classification,color_matching,matching,match_right,MQQM,noun,positive,blue,✲✲✲✲gift✲✲✲✲,noun,negative,blue,0.4932,match,0.5145,0,0.4327,0.5684,60.58247628551889
186,1111,63,27,8,part_of_speech_classification,color_matching,matching,match_right,WJJW,adjective,positive,brown,✲✲✲✲spaß✲✲✲✲,noun,positive,brown,0.4932,match,0.4395,0,0.4324,0.5681,60.540734936738865
186,1112,64,27,8,part_of_speech_classification,color_matching,matching,match_right,ZYYZ,noun,negative,blue,✲✲✲schön✲✲✲✲,adjective,positive,brown,0.4932,nonmatch,0.3818,0,0.4321,0.5678,60.4983599668704
186,1113,1,28,9,part_of_speech_classification,color_matching,matching,match_right,launisch,adjective,negative,blue,✲✲✲lustig✲✲✲,adjective,positive,brown,0.5533,nonmatch,0.541,0,0.4318,0.5675,60.45523352459412
186,1114,2,28,9,part_of_speech_classification,color_matching,matching,match_right,gütig,adjective,positive,brown,✲✲✲lustig✲✲✲,adjective,positive,brown,0.4933,match,0.5141,0,0.4315,0.5672,60.41123342597896
186,1115,3,28,9,part_of_speech_classification,color_matching,matching,match_right,lustig,adjective,positive,brown,✲✲✲glück✲✲✲✲,noun,positive,blue,0.4932,nonmatch,0.4199,0,0.4312,0.5669,60.36623248648683
186,1116,4,28,9,part_of_speech_classification,color_matching,matching,match_right,schön,adjective,positive,brown,✲✲✲eitel✲✲✲✲,adjective,negative,blue,0.4933,nonmatch,0.4936,0,0.4309,0.5666,60.3224724489891
186,1117,5,28,9,part_of_speech_classification,color_matching,matching,match_right,gierig,adjective,negative,blue,✲✲✲eitel✲✲✲✲,adjective,negative,brown,0.4932,nonmatch,0.5281,0,0.4306,0.5663,60.28172779776117
186,1118,6,28,9,part_of_speech_classification,color_matching,matching,match_right,liebe,noun,positive,brown,✲✲einfall✲✲✲,noun,positive,blue,0.4932,nonmatch,0.4426,0,0.4303,0.566,60.24126553353628
186,1119,7,28,9,part_of_speech_classification,color_matching,matching,match_right,eitel,adjective,negative,blue,✲✲schleim✲✲✲,noun,negative,blue,0.4932,match,0.4206,0,0.43,0.5657,60.20097988146675
186,1120,8,28,9,part_of_speech_classification,color_matching,matching,match_right,eitel,adjective,negative,brown,✲✲schlecht✲✲,adjective,negative,brown,0.4932,match,0.609,0,0.4297,0.5654,60.16076558364561
186,1121,9,28,9,part_of_speech_classification,color_matching,matching,match_right,leiche,noun,negative,blue,✲✲✲eitel✲✲✲✲,adjective,negative,blue,0.4932,match,0.4774,0,0.4294,0.5651,60.12051736445674
186,1122,10,28,9,part_of_speech_classification,color_matching,matching,match_right,entführung,noun,negative,blue,✲✲schlecht✲✲,adjective,negative,brown,0.4932,nonmatch,0.4396,0,0.4291,0.5649,60.08012939557206
186,1123,11,28,9,part_of_speech_classification,color_matching,matching,match_right,glück,noun,positive,brown,✲✲✲✲gift✲✲✲✲,noun,negative,brown,0.4932,match,0.442,0,0.4289,0.5646,60.03949475657918
186,1124,12,28,9,part_of_speech_classification,color_matching,matching,match_right,einfall,noun,positive,brown,✲✲launisch✲✲,adjective,negative,brown,0.4932,match,0.4332,0,0.4286,0.5643,59.99850488720261
186,1125,13,28,9,part_of_speech_classification,color_matching,matching,match_right,eitel,adjective,negative,blue,✲✲einfall✲✲✲,noun,positive,brown,0.4932,nonmatch,0.3931,0,0.4283,0.564,59.957278697417564
186,1126,14,28,9,part_of_speech_classification,color_matching,matching,match_right,schlecht,adjective,negative,brown,✲✲✲✲gift✲✲✲✲,noun,negative,blue,0.4932,nonmatch,0.5433,0,0.428,0.5637,59.915452823248344
186,1127,15,28,9,part_of_speech_classification,color_matching,matching,match_right,ehrlich,adjective,positive,blue,✲✲✲gierig✲✲✲,adjective,negative,brown,0.4932,nonmatch,0.5552,0,0.4277,0.5634,59.872911239152636
186,1128,16,28,9,part_of_speech_classification,color_matching,matching,match_right,gift,noun,negative,blue,✲✲schleim✲✲✲,noun,negative,brown,0.4932,nonmatch,0.5133,0,0.4274,0.5631,59.829533703414334
186,1129,17,28,9,part_of_speech_classification,color_matching,matching,match_right,gift,noun,negative,blue,✲✲✲✲spaß✲✲✲✲,noun,positive,blue,0.4932,match,0.4897,0,0.427,0.5628,59.78519510177386
186,1130,18,28,9,part_of_speech_classification,color_matching,matching,match_right,einfall,noun,positive,blue,✲✲✲leiche✲✲✲,noun,negative,brown,0.4932,nonmatch,0.4682,0,0.4267,0.5624,59.739778203818446
186,1131,19,28,9,part_of_speech_classification,color_matching,matching,match_right,gütig,adjective,positive,blue,✲✲einfall✲✲✲,noun,positive,brown,0.4937,match,0.5398,1,0.4264,0.5621,59.69882552816077
186,1132,20,28,9,part_of_speech_classification,color_matching,matching,match_right,leiche,noun,negative,brown,✲entführung✲,noun,negative,blue,0.4932,nonmatch,0.4131,0,0.4273,0.5631,59.8273901598934
186,1133,21,28,9,part_of_speech_classification,color_matching,matching,match_right,einfall,noun,positive,blue,✲✲✲✲spaß✲✲✲✲,noun,positive,brown,0.4933,nonmatch,0.604,0,0.427,0.5627,59.78362816838963
186,1134,22,28,9,part_of_speech_classification,color_matching,matching,match_right,gierig,adjective,negative,brown,✲entführung✲,noun,negative,brown,0.4933,match,0.4249,0,0.4267,0.5624,59.73891069918525
186,1135,23,28,9,part_of_speech_classification,color_matching,matching,match_right,ehrlich,adjective,positive,brown,✲✲✲✲spaß✲✲✲✲,noun,positive,brown,0.4932,match,0.454,0,0.4264,0.5621,59.69859408450925
186,1136,24,28,9,part_of_speech_classification,color_matching,matching,match_right,launisch,adjective,negative,blue,✲✲✲leiche✲✲✲,noun,negative,brown,0.4933,nonmatch,0.4628,0,0.4261,0.5618,59.65858836158179
186,1137,25,28,9,part_of_speech_classification,color_matching,matching,match_right,spaß,noun,positive,blue,✲✲✲glück✲✲✲✲,noun,positive,blue,0.4932,match,0.4648,0,0.4258,0.5616,59.61879026551156
186,1138,26,28,9,part_of_speech_classification,color_matching,matching,match_right,liebe,noun,positive,blue,✲✲schlecht✲✲,adjective,negative,brown,0.4932,nonmatch,0.4429,0,0.4256,0.5613,59.57909717436539
186,1139,27,28,9,part_of_speech_classification,color_matching,matching,match_right,gift,noun,negative,brown,✲✲✲lustig✲✲✲,adjective,positive,blue,0.4932,nonmatch,0.4554,0,0.4253,0.561,59.53940659769795
186,1140,28,28,9,part_of_speech_classification,color_matching,matching,match_right,ehrlich,adjective,positive,blue,✲✲✲schön✲✲✲✲,adjective,positive,brown,0.4938,nonmatch,0.4979,0,0.425,0.5607,59.499615665760295
186,1141,29,28,9,part_of_speech_classification,color_matching,matching,match_right,lustig,adjective,positive,brown,✲✲launisch✲✲,adjective,negative,brown,0.4932,match,0.4757,0,0.4247,0.5604,59.45962061563562
186,1142,30,28,9,part_of_speech_classification,color_matching,matching,match_right,spaß,noun,positive,blue,✲✲✲lustig✲✲✲,adjective,positive,blue,0.4934,match,0.4698,0,0.4244,0.5601,59.4193162705414
186,1143,31,28,9,part_of_speech_classification,color_matching,matching,match_right,gierig,adjective,negative,blue,✲✲ehrlich✲✲✲,adjective,positive,blue,0.4932,match,0.4399,0,0.4241,0.5598,59.37882659189628
186,1144,32,28,9,part_of_speech_classification,color_matching,matching,match_right,schön,adjective,positive,brown,✲✲✲✲gift✲✲✲✲,noun,negative,brown,0.4932,nonmatch,0.396,1,0.4238,0.5596,59.33779104542762
186,1145,33,28,9,part_of_speech_classification,color_matching,matching,match_right,leiche,noun,negative,blue,✲✲einfall✲✲✲,noun,positive,brown,0.4932,match,0.5064,1,0.4247,0.5604,59.45433150058955
186,1145,33,28,9,part_of_speech_classification,color_matching,matching,match_right,leiche,noun,negative,blue,✲✲einfall✲✲✲,noun,positive,brown,0.4932,nonmatch,0.6104,0,0.4247,0.5604,59.45433150058955
186,1146,34,28,9,part_of_speech_classification,color_matching,matching,match_right,schleim,noun,negative,brown,✲✲✲liebe✲✲✲✲,noun,positive,brown,0.4933,match,0.4752,0,0.4244,0.5601,59.41456486928892
186,1147,35,28,9,part_of_speech_classification,color_matching,matching,match_right,liebe,noun,positive,blue,✲entführung✲,noun,negative,blue,0.4933,match,0.5149,0,0.4241,0.5598,59.374608785184904
186,1148,36,28,9,part_of_speech_classification,color_matching,matching,match_right,spaß,noun,positive,brown,✲✲schleim✲✲✲,noun,negative,blue,0.4932,nonmatch,0.4004,0,0.4238,0.5595,59.33410965247802
186,1149,37,28,9,part_of_speech_classification,color_matching,matching,match_right,gütig,adjective,positive,blue,✲✲schlecht✲✲,adjective,negative,blue,0.4932,match,0.4555,0,0.4235,0.5592,59.29295868041803
186,1150,38,28,9,part_of_speech_classification,color_matching,matching,match_right,entführung,noun,negative,blue,✲✲✲gütig✲✲✲✲,adjective,positive,brown,0.4932,nonmatch,0.52,0,0.4232,0.5589,59.251043342666456
186,1151,39,28,9,part_of_speech_classification,color_matching,matching,match_right,eitel,adjective,negative,brown,✲✲✲schön✲✲✲✲,adjective,positive,blue,0.4932,nonmatch,0.5262,0,0.4229,0.5586,59.20824678733559
186,1152,40,28,9,part_of_speech_classification,color_matching,matching,match_right,schleim,noun,negative,brown,✲✲✲schön✲✲✲✲,adjective,positive,brown,0.4932,match,0.419,0,0.4226,0.5583,59.16444721456158
186,1153,41,28,9,part_of_speech_classification,color_matching,matching,match_right,lustig,adjective,positive,brown,✲✲✲leiche✲✲✲,noun,negative,blue,0.4932,nonmatch,0.5558,0,0.4223,0.558,59.122533354215655
186,1154,42,28,9,part_of_speech_classification,color_matching,matching,match_right,glück,noun,positive,blue,✲✲✲eitel✲✲✲✲,adjective,negative,blue,0.4932,match,0.5185,0,0.422,0.5577,59.08286997616137
186,1155,43,28,9,part_of_speech_classification,color_matching,matching,match_right,gift,noun,negative,brown,✲✲launisch✲✲,adjective,negative,blue,0.4932,nonmatch,0.5284,0,0.4217,0.5575,59.04346190751572
186,1156,44,28,9,part_of_speech_classification,color_matching,matching,match_right,einfall,noun,positive,blue,✲✲✲gütig✲✲✲✲,adjective,positive,brown,0.4932,nonmatch,0.5705,0,0.4215,0.5572,59.004208747219174
186,1157,45,28,9,part_of_speech_classification,color_matching,matching,match_right,schleim,noun,negative,brown,✲✲✲gierig✲✲✲,adjective,negative,brown,0.4932,match,0.4254,0,0.4212,0.5569,58.965010500538064
186,1158,46,28,9,part_of_speech_classification,color_matching,matching,match_right,glück,noun,positive,brown,✲✲ehrlich✲✲✲,adjective,positive,brown,0.4932,match,0.5058,0,0.4209,0.5566,58.92576709056891
186,1159,47,28,9,part_of_speech_classification,color_matching,matching,match_right,schön,adjective,positive,blue,✲✲✲liebe✲✲✲✲,noun,positive,blue,0.4932,match,0.559,0,0.4206,0.5563,58.88637786905557
186,1160,48,28,9,part_of_speech_classification,color_matching,matching,match_right,launisch,adjective,negative,blue,✲✲✲✲spaß✲✲✲✲,noun,positive,blue,0.4932,match,0.4625,0,0.4203,0.556,58.846741123020465
186,1161,49,28,9,part_of_speech_classification,color_matching,matching,match_right,launisch,adjective,negative,blue,✲✲✲gierig✲✲✲,adjective,negative,blue,0.4932,match,0.4769,0,0.42,0.5558,58.806988106355796
186,1162,50,28,9,part_of_speech_classification,color_matching,matching,match_right,schlecht,adjective,negative,brown,✲✲✲liebe✲✲✲✲,noun,positive,brown,0.4932,match,0.5255,0,0.4198,0.5555,58.76675931401401
186,1163,51,28,9,part_of_speech_classification,color_matching,matching,match_right,schleim,noun,negative,blue,✲✲✲leiche✲✲✲,noun,negative,blue,0.4932,match,0.4718,0,0.4195,0.5552,58.7259478161046
186,1164,52,28,9,part_of_speech_classification,color_matching,matching,match_right,gierig,adjective,negative,brown,✲✲✲glück✲✲✲✲,noun,positive,blue,0.4932,match,0.4987,1,0.4192,0.5549,58.684443336195095
186,1165,53,28,9,part_of_speech_classification,color_matching,matching,match_right,ehrlich,adjective,positive,blue,✲✲schleim✲✲✲,noun,negative,brown,0.4963,nonmatch,0.3969,0,0.42,0.5557,58.80271676697724
186,1166,54,28,9,part_of_speech_classification,color_matching,matching,match_right,spaß,noun,positive,brown,✲✲✲gierig✲✲✲,adjective,negative,blue,0.4932,nonmatch,0.497,0,0.4197,0.5554,58.76299694663955
186,1167,55,28,9,part_of_speech_classification,color_matching,matching,match_right,leiche,noun,negative,blue,✲✲ehrlich✲✲✲,adjective,positive,blue,0.4932,match,0.4342,0,0.4194,0.5552,58.72269811856038
186,1168,56,28,9,part_of_speech_classification,color_matching,matching,match_right,schlecht,adjective,negative,brown,✲✲launisch✲✲,adjective,negative,blue,0.496,nonmatch,0.3993,0,0.4192,0.5549,58.681712779569644
186,1169,57,28,9,part_of_speech_classification,color_matching,matching,match_right,gütig,adjective,positive,blue,✲entführung✲,noun,negative,blue,0.4932,match,0.5829,0,0.4189,0.5546,58.63992962265274
186,1170,58,28,9,part_of_speech_classification,color_matching,matching,match_right,glück,noun,positive,brown,✲✲✲liebe✲✲✲✲,noun,positive,brown,0.4932,match,0.4895,0,0.4186,0.5543,58.59723296342638
186,1171,59,28,9,part_of_speech_classification,color_matching,matching,match_right,lustig,adjective,positive,blue,✲✲✲gütig✲✲✲✲,adjective,positive,blue,0.4933,match,0.4189,0,0.4182,0.554,58.55388686291186
186,1172,60,28,9,part_of_speech_classification,color_matching,matching,match_right,liebe,noun,positive,brown,✲✲✲schön✲✲✲✲,adjective,positive,blue,0.4932,nonmatch,0.5118,0,0.418,0.5537,58.514770107824724
186,1173,61,28,9,part_of_speech_classification,color_matching,matching,match_right,entführung,noun,negative,brown,✲✲✲✲gift✲✲✲✲,noun,negative,brown,0.4932,match,0.5199,0,0.4177,0.5534,58.47597193323855
186,1174,62,28,9,part_of_speech_classification,color_matching,matching,match_right,schlecht,adjective,negative,brown,✲✲✲gütig✲✲✲✲,adjective,positive,brown,0.4935,match,0.4578,0,0.4174,0.5531,58.43739479226134
186,1175,63,28,9,part_of_speech_classification,color_matching,matching,match_right,entführung,noun,negative,brown,✲✲✲glück✲✲✲✲,noun,positive,blue,0.4932,nonmatch,0.4684,0,0.4171,0.5528,58.39894192906547
186,1176,64,28,9,part_of_speech_classification,color_matching,matching,match_right,schön,adjective,positive,brown,✲✲ehrlich✲✲✲,adjective,positive,blue,0.4933,nonmatch,0.5267,0,0.4169,0.5526,58.36051691529977
186,1177,1,29,10,part_of_speech_classification,color_matching,matching,match_right,liebe,noun,positive,brown,✲✲✲schön✲✲✲✲,adjective,positive,brown,0.4932,match,0.4638,0,0.4166,0.5523,58.322023189056075
186,1178,2,29,10,part_of_speech_classification,color_matching,matching,match_right,leiche,noun,negative,brown,✲✲✲gierig✲✲✲,adjective,negative,blue,0.4932,nonmatch,0.3777,0,0.4163,0.552,58.28336359315873
186,1179,3,29,10,part_of_speech_classification,color_matching,matching,match_right,schleim,noun,negative,brown,✲✲✲✲spaß✲✲✲✲,noun,positive,brown,0.4933,match,0.4059,0,0.416,0.5517,58.244439909559134
186,1180,4,29,10,part_of_speech_classification,color_matching,matching,match_right,schleim,noun,negative,brown,✲✲✲eitel✲✲✲✲,adjective,negative,brown,0.4932,match,0.508,0,0.4158,0.5515,58.20538104167357
186,1181,5,29,10,part_of_speech_classification,color_matching,matching,match_right,ehrlich,adjective,positive,brown,✲✲✲schön✲✲✲✲,adjective,positive,blue,0.4932,nonmatch,0.5147,0,0.4155,0.5512,58.16583800653766
186,1182,6,29,10,part_of_speech_classification,color_matching,matching,match_right,eitel,adjective,negative,blue,✲✲schlecht✲✲,adjective,negative,brown,0.4932,nonmatch,0.5537,0,0.4152,0.5509,58.125707532608246
186,1183,7,29,10,part_of_speech_classification,color_matching,matching,match_right,eitel,adjective,negative,blue,✲✲✲✲gift✲✲✲✲,noun,negative,brown,0.4932,nonmatch,0.4681,0,0.4149,0.5506,58.08488313935493
186,1184,8,29,10,part_of_speech_classification,color_matching,matching,match_right,glück,noun,positive,brown,✲✲schleim✲✲✲,noun,negative,blue,0.4932,nonmatch,0.4552,0,0.4146,0.5503,58.04325460346013
186,1185,9,29,10,part_of_speech_classification,color_matching,matching,match_right,spaß,noun,positive,blue,✲✲einfall✲✲✲,noun,positive,blue,0.4973,match,0.5076,0,0.4143,0.55,58.00070739844178
186,1186,10,29,10,part_of_speech_classification,color_matching,matching,match_right,schön,adjective,positive,brown,✲✲einfall✲✲✲,noun,positive,blue,0.4932,nonmatch,0.6355,0,0.414,0.5497,57.95919998105659
186,1187,11,29,10,part_of_speech_classification,color_matching,matching,match_right,ehrlich,adjective,positive,brown,✲✲schleim✲✲✲,noun,negative,blue,0.4932,nonmatch,0.4495,0,0.4137,0.5494,57.920853509182166
186,1188,12,29,10,part_of_speech_classification,color_matching,matching,match_right,leiche,noun,negative,blue,✲entführung✲,noun,negative,brown,0.4932,nonmatch,0.4639,0,0.4134,0.5492,57.88281208555115
186,1189,13,29,10,part_of_speech_classification,color_matching,matching,match_right,glück,noun,positive,brown,✲✲schlecht✲✲,adjective,negative,blue,0.4932,nonmatch,0.4681,0,0.4132,0.5489,57.844980825166274
186,1190,14,29,10,part_of_speech_classification,color_matching,matching,match_right,einfall,noun,positive,blue,✲entführung✲,noun,negative,blue,0.4932,match,0.4968,0,0.4129,0.5486,57.80726564943388
186,1191,15,29,10,part_of_speech_classification,color_matching,matching,match_right,lustig,adjective,positive,blue,✲✲✲liebe✲✲✲✲,noun,positive,brown,0.4932,nonmatch,0.4146,0,0.4126,0.5484,57.769572839663454
186,1192,16,29,10,part_of_speech_classification,color_matching,matching,match_right,schlecht,adjective,negative,brown,✲✲ehrlich✲✲✲,adjective,positive,blue,0.4932,nonmatch,0.5437,0,0.4124,0.5481,57.73180859362099
186,1193,17,29,10,part_of_speech_classification,color_matching,matching,match_right,gütig,adjective,positive,blue,✲✲✲lustig✲✲✲,adjective,positive,brown,0.4937,nonmatch,0.4824,0,0.4121,0.5478,57.69387858205935
186,1194,18,29,10,part_of_speech_classification,color_matching,matching,match_right,liebe,noun,positive,brown,✲✲✲leiche✲✲✲,noun,negative,brown,0.4932,match,0.5396,0,0.4118,0.5475,57.65568750216957
186,1195,19,29,10,part_of_speech_classification,color_matching,matching,match_right,eitel,adjective,negative,blue,✲✲✲gütig✲✲✲✲,adjective,positive,blue,0.4932,match,0.5649,0,0.4116,0.5473,57.6173632699378
186,1196,20,29,10,part_of_speech_classification,color_matching,matching,match_right,gierig,adjective,negative,brown,✲✲✲eitel✲✲✲✲,adjective,negative,blue,0.4932,nonmatch,0.5468,0,0.4113,0.547,57.578564763411826
186,1197,21,29,10,part_of_speech_classification,color_matching,matching,match_right,lustig,adjective,positive,blue,✲entführung✲,noun,negative,brown,0.4933,nonmatch,0.4909,0,0.411,0.5467,57.53919201453552
186,1198,22,29,10,part_of_speech_classification,color_matching,matching,match_right,ehrlich,adjective,positive,blue,✲✲schlecht✲✲,adjective,negative,blue,0.4932,nonmatch,0.5325,1,0.4107,0.5464,57.499142030047025
186,1199,23,29,10,part_of_speech_classification,color_matching,matching,match_right,glück,noun,positive,brown,✲✲✲✲spaß✲✲✲✲,noun,positive,brown,0.4933,match,0.5992,0,0.4115,0.5472,57.613281931485
186,1200,24,29,10,part_of_speech_classification,color_matching,matching,match_right,liebe,noun,positive,blue,✲✲✲eitel✲✲✲✲,adjective,negative,brown,0.4932,nonmatch,0.773,0,0.4112,0.547,57.57495166525012
186,1201,25,29,10,part_of_speech_classification,color_matching,matching,match_right,entführung,noun,negative,brown,✲✲✲lustig✲✲✲,adjective,positive,blue,0.4932,nonmatch,0.4715,0,0.411,0.5467,57.53604973429433
186,1202,26,29,10,part_of_speech_classification,color_matching,matching,match_right,schlecht,adjective,negative,brown,✲✲schleim✲✲✲,noun,negative,brown,0.4932,match,0.4968,0,0.4107,0.5464,57.49647559541511
186,1203,27,29,10,part_of_speech_classification,color_matching,matching,match_right,entführung,noun,negative,blue,✲✲schleim✲✲✲,noun,negative,blue,0.4932,match,0.4252,0,0.4104,0.5461,57.4561252608144
186,1204,28,29,10,part_of_speech_classification,color_matching,matching,match_right,schleim,noun,negative,blue,✲✲✲schön✲✲✲✲,adjective,positive,blue,0.4932,match,0.5117,0,0.4101,0.5458,57.4148907859362
186,1205,29,29,10,part_of_speech_classification,color_matching,matching,match_right,schlecht,adjective,negative,brown,✲✲launisch✲✲,adjective,negative,brown,0.4932,match,0.4786,0,0.4098,0.5455,57.375898201126965
186,1206,30,29,10,part_of_speech_classification,color_matching,matching,match_right,schlecht,adjective,negative,blue,✲✲✲glück✲✲✲✲,noun,positive,brown,0.4932,nonmatch,0.4483,0,0.4096,0.5453,57.33929347699852
186,1207,31,29,10,part_of_speech_classification,color_matching,matching,match_right,eitel,adjective,negative,brown,✲✲einfall✲✲✲,noun,positive,blue,0.4932,nonmatch,0.4397,0,0.4093,0.545,57.30299197140999
186,1208,32,29,10,part_of_speech_classification,color_matching,matching,match_right,einfall,noun,positive,brown,✲✲✲gierig✲✲✲,adjective,negative,brown,0.4932,match,0.5061,0,0.409,0.5448,57.26690559037538
186,1209,33,29,10,part_of_speech_classification,color_matching,matching,match_right,schön,adjective,positive,brown,✲✲ehrlich✲✲✲,adjective,positive,brown,0.5168,match,0.5181,0,0.4088,0.5445,57.23094712212881
186,1210,34,29,10,part_of_speech_classification,color_matching,matching,match_right,liebe,noun,positive,blue,✲✲✲glück✲✲✲✲,noun,positive,brown,0.4932,nonmatch,0.4285,0,0.4085,0.5443,57.195029833286696
186,1211,35,29,10,part_of_speech_classification,color_matching,matching,match_right,schön,adjective,positive,blue,✲✲✲leiche✲✲✲,noun,negative,blue,0.4932,match,0.4323,0,0.4083,0.544,57.15906706902441
186,1212,36,29,10,part_of_speech_classification,color_matching,matching,match_right,gütig,adjective,positive,brown,✲✲✲gierig✲✲✲,adjective,negative,brown,0.4933,match,0.4334,0,0.408,0.5437,57.12297185454814
186,1213,37,29,10,part_of_speech_classification,color_matching,matching,match_right,entführung,noun,negative,brown,✲✲einfall✲✲✲,noun,positive,blue,0.4932,nonmatch,0.4132,0,0.4078,0.5435,57.08665649517651
186,1214,38,29,10,part_of_speech_classification,color_matching,matching,match_right,gierig,adjective,negative,brown,✲✲✲✲spaß✲✲✲✲,noun,positive,brown,0.4932,match,0.7499,0,0.4075,0.5432,57.05025033551634
186,1215,39,29,10,part_of_speech_classification,color_matching,matching,match_right,schleim,noun,negative,brown,✲✲✲✲gift✲✲✲✲,noun,negative,blue,0.4932,nonmatch,0.407,0,0.4072,0.543,57.01342834587823
186,1216,40,29,10,part_of_speech_classification,color_matching,matching,match_right,glück,noun,positive,blue,✲✲✲gütig✲✲✲✲,adjective,positive,brown,0.4932,nonmatch,0.4629,0,0.407,0.5427,56.97609923254634
186,1217,41,29,10,part_of_speech_classification,color_matching,matching,match_right,lustig,adjective,positive,blue,✲✲launisch✲✲,adjective,negative,brown,0.4932,nonmatch,0.4357,0,0.4067,0.5424,56.93816916031096
186,1218,42,29,10,part_of_speech_classification,color_matching,matching,match_right,gütig,adjective,positive,blue,✲✲✲glück✲✲✲✲,noun,positive,blue,0.4961,match,0.4183,0,0.4064,0.5421,56.89954130723475
186,1219,43,29,10,part_of_speech_classification,color_matching,matching,match_right,launisch,adjective,negative,blue,✲✲✲gierig✲✲✲,adjective,negative,blue,0.4932,match,0.4357,0,0.4061,0.5419,56.86011539957647
186,1220,44,29,10,part_of_speech_classification,color_matching,matching,match_right,gierig,adjective,negative,brown,✲✲✲schön✲✲✲✲,adjective,positive,brown,0.4932,match,0.5041,0,0.4059,0.5416,56.820627781748286
186,1221,45,29,10,part_of_speech_classification,color_matching,matching,match_right,launisch,adjective,negative,blue,✲entführung✲,noun,negative,blue,0.4932,match,0.4986,0,0.4056,0.5413,56.7853503168256
186,1222,46,29,10,part_of_speech_classification,color_matching,matching,match_right,gütig,adjective,positive,brown,✲✲✲✲gift✲✲✲✲,noun,negative,brown,0.4932,match,0.4609,0,0.4054,0.5411,56.75041494223551
186,1223,47,29,10,part_of_speech_classification,color_matching,matching,match_right,launisch,adjective,negative,blue,✲✲✲lustig✲✲✲,adjective,positive,brown,0.4933,nonmatch,0.4031,0,0.4051,0.5408,56.7157383400431
186,1224,48,29,10,part_of_speech_classification,color_matching,matching,match_right,lustig,adjective,positive,blue,✲✲✲gütig✲✲✲✲,adjective,positive,blue,0.4932,match,0.4681,0,0.4049,0.5406,56.68123828046973
186,1225,49,29,10,part_of_speech_classification,color_matching,matching,match_right,schön,adjective,positive,brown,✲✲✲eitel✲✲✲✲,adjective,negative,blue,0.4934,nonmatch,0.5504,0,0.4046,0.5403,56.646833245176154
186,1226,50,29,10,part_of_speech_classification,color_matching,matching,match_right,leiche,noun,negative,blue,✲✲✲glück✲✲✲✲,noun,positive,brown,0.4932,nonmatch,0.63,0,0.4044,0.5401,56.612442056042006
186,1227,51,29,10,part_of_speech_classification,color_matching,matching,match_right,leiche,noun,negative,blue,✲✲✲gütig✲✲✲✲,adjective,positive,brown,0.4932,nonmatch,0.5219,0,0.4041,0.5398,56.57798350692392
186,1228,52,29,10,part_of_speech_classification,color_matching,matching,match_right,gift,noun,negative,blue,✲✲✲liebe✲✲✲✲,noun,positive,blue,0.4932,match,0.4695,0,0.4039,0.5396,56.54337599591804
186,1229,53,29,10,part_of_speech_classification,color_matching,matching,match_right,gift,noun,negative,blue,✲✲launisch✲✲,adjective,negative,blue,0.4932,match,0.3992,0,0.4036,0.5393,56.508537155672805
186,1230,54,29,10,part_of_speech_classification,color_matching,matching,match_right,gierig,adjective,negative,brown,✲✲✲leiche✲✲✲,noun,negative,blue,0.4932,nonmatch,0.6181,0,0.4034,0.5391,56.47359123337482
186,1231,55,29,10,part_of_speech_classification,color_matching,matching,match_right,einfall,noun,positive,blue,✲✲ehrlich✲✲✲,adjective,positive,blue,0.4932,match,0.4836,0,0.4031,0.5388,56.43823024068036
186,1232,56,29,10,part_of_speech_classification,color_matching,matching,match_right,gift,noun,negative,brown,✲✲ehrlich✲✲✲,adjective,positive,brown,0.4932,nonmatch,0.5643,1,0.4029,0.5386,56.40236817524379
186,1233,57,29,10,part_of_speech_classification,color_matching,matching,match_right,einfall,noun,positive,brown,✲✲✲liebe✲✲✲✲,noun,positive,blue,0.4932,nonmatch,0.461,0,0.4036,0.5393,56.50424658581794
186,1234,58,29,10,part_of_speech_classification,color_matching,matching,match_right,spaß,noun,positive,brown,✲✲✲lustig✲✲✲,adjective,positive,blue,0.4933,nonmatch,0.5112,0,0.4034,0.5391,56.46970037089205
186,1235,59,29,10,part_of_speech_classification,color_matching,matching,match_right,entführung,noun,negative,blue,✲✲schlecht✲✲,adjective,negative,brown,0.4932,nonmatch,0.4466,0,0.4031,0.5388,56.4347382239686
186,1236,60,29,10,part_of_speech_classification,color_matching,matching,match_right,spaß,noun,positive,blue,✲✲launisch✲✲,adjective,negative,blue,0.4932,nonmatch,0.5182,1,0.4029,0.5386,56.39927607977927
186,1237,61,29,10,part_of_speech_classification,color_matching,matching,match_right,spaß,noun,positive,blue,✲✲✲✲gift✲✲✲✲,noun,negative,brown,0.4932,match,0.4054,1,0.4036,0.5393,56.50002683587628
186,1238,62,29,10,part_of_speech_classification,color_matching,matching,match_right,launisch,adjective,negative,blue,✲✲✲liebe✲✲✲✲,noun,positive,blue,0.4932,match,0.56,0,0.4043,0.54,56.59548618745863
186,1239,63,29,10,part_of_speech_classification,color_matching,matching,match_right,gift,noun,negative,brown,✲✲✲leiche✲✲✲,noun,negative,brown,0.4932,match,0.4967,0,0.404,0.5397,56.56227302019041
186,1240,64,29,10,part_of_speech_classification,color_matching,matching,match_right,ehrlich,adjective,positive,brown,✲✲✲✲spaß✲✲✲✲,noun,positive,brown,0.4932,match,0.3557,0,0.4038,0.5395,56.528888990363505
186,1241,1,30,11,part_of_speech_classification,color_matching,matching,match_right,liebe,noun,positive,blue,✲✲schlecht✲✲,adjective,negative,blue,0.4932,match,0.4776,0,0.4035,0.5393,56.495463552953275
186,1242,2,30,11,part_of_speech_classification,color_matching,matching,match_right,entführung,noun,negative,blue,✲✲ehrlich✲✲✲,adjective,positive,blue,0.4932,match,0.3889,0,0.4033,0.539,56.461698248433656
186,1243,3,30,11,part_of_speech_classification,color_matching,matching,match_right,launisch,adjective,negative,blue,✲entführung✲,noun,negative,blue,0.4932,match,0.4126,0,0.4031,0.5388,56.42751467947042
186,1244,4,30,11,part_of_speech_classification,color_matching,matching,match_right,ehrlich,adjective,positive,brown,✲✲✲lustig✲✲✲,adjective,positive,brown,0.4932,nonmatch,0.3988,1,0.4028,0.5385,56.39283249189395
186,1245,5,30,11,part_of_speech_classification,color_matching,matching,match_right,gierig,adjective,negative,brown,✲✲✲gütig✲✲✲✲,adjective,positive,blue,0.5197,nonmatch,0.5568,0,0.4035,0.5392,56.491386314256005
186,1246,6,30,11,part_of_speech_classification,color_matching,matching,match_right,schlecht,adjective,negative,brown,✲✲schleim✲✲✲,noun,negative,blue,0.4932,nonmatch,0.4612,0,0.4033,0.539,56.457988298704905
186,1247,7,30,11,part_of_speech_classification,color_matching,matching,match_right,gift,noun,negative,brown,✲✲einfall✲✲✲,noun,positive,brown,0.4932,match,0.6024,0,0.403,0.5387,56.42417120468934
186,1248,8,30,11,part_of_speech_classification,color_matching,matching,match_right,schlecht,adjective,negative,blue,✲✲✲lustig✲✲✲,adjective,positive,blue,0.4937,match,0.4686,0,0.4028,0.5385,56.38985639538371
186,1249,9,30,11,part_of_speech_classification,color_matching,matching,match_right,gütig,adjective,positive,brown,✲✲✲schön✲✲✲✲,adjective,positive,blue,0.4932,nonmatch,0.4895,0,0.4025,0.5382,56.3549629607553
186,1250,10,30,11,part_of_speech_classification,color_matching,matching,match_right,schlecht,adjective,negative,brown,✲✲einfall✲✲✲,noun,positive,blue,0.4932,nonmatch,0.5903,0,0.4023,0.538,56.31940735698506
186,1251,11,30,11,part_of_speech_classification,color_matching,matching,match_right,einfall,noun,positive,brown,✲✲✲✲spaß✲✲✲✲,noun,positive,blue,0.4932,nonmatch,0.4609,0,0.402,0.5377,56.28310302962622
186,1252,12,30,11,part_of_speech_classification,color_matching,matching,match_right,launisch,adjective,negative,brown,✲✲schlecht✲✲,adjective,negative,blue,0.4933,match,0.4886,1,0.4018,0.5375,56.248025026058855
186,1253,13,30,11,part_of_speech_classification,color_matching,matching,match_right,ehrlich,adjective,positive,brown,✲✲launisch✲✲,adjective,negative,brown,0.4932,match,0.5591,0,0.4025,0.5382,56.35238320872974
186,1254,14,30,11,part_of_speech_classification,color_matching,matching,match_right,einfall,noun,positive,brown,✲✲launisch✲✲,adjective,negative,brown,0.4932,match,0.411,0,0.4023,0.538,56.31719197519602
186,1255,15,30,11,part_of_speech_classification,color_matching,matching,match_right,lustig,adjective,positive,blue,✲entführung✲,noun,negative,brown,0.4932,nonmatch,0.3691,0,0.402,0.5377,56.28125812147444
186,1256,16,30,11,part_of_speech_classification,color_matching,matching,match_right,eitel,adjective,negative,brown,✲✲✲schön✲✲✲✲,adjective,positive,brown,0.4932,match,0.6087,0,0.4018,0.5375,56.24678893453299
186,1257,17,30,11,part_of_speech_classification,color_matching,matching,match_right,eitel,adjective,negative,blue,✲✲✲gierig✲✲✲,adjective,negative,brown,0.4932,nonmatch,0.5565,0,0.4015,0.5373,56.21521927448792
186,1258,18,30,11,part_of_speech_classification,color_matching,matching,match_right,schön,adjective,positive,blue,✲✲ehrlich✲✲✲,adjective,positive,blue,0.4932,match,0.4278,0,0.4013,0.537,56.183959886491
186,1259,19,30,11,part_of_speech_classification,color_matching,matching,match_right,schön,adjective,positive,brown,✲✲✲glück✲✲✲✲,noun,positive,blue,0.4932,nonmatch,0.4924,0,0.4011,0.5368,56.152942303049954
186,1260,20,30,11,part_of_speech_classification,color_matching,matching,match_right,gütig,adjective,positive,brown,✲✲✲✲spaß✲✲✲✲,noun,positive,brown,0.4932,match,0.5393,0,0.4009,0.5366,56.1220990118679
186,1261,21,30,11,part_of_speech_classification,color_matching,matching,match_right,spaß,noun,positive,blue,✲entführung✲,noun,negative,blue,0.4932,match,0.3973,0,0.4007,0.5364,56.09136317008983
186,1262,22,30,11,part_of_speech_classification,color_matching,matching,match_right,schön,adjective,positive,blue,✲✲✲eitel✲✲✲✲,adjective,negative,blue,0.4932,match,0.4968,0,0.4004,0.5361,56.06066832330602
186,1263,23,30,11,part_of_speech_classification,color_matching,matching,match_right,eitel,adjective,negative,blue,✲✲✲liebe✲✲✲✲,noun,positive,brown,0.4932,nonmatch,0.5456,0,0.4002,0.5359,56.029948127537914
186,1264,24,30,11,part_of_speech_classification,color_matching,matching,match_right,gierig,adjective,negative,brown,✲✲✲leiche✲✲✲,noun,negative,brown,0.4962,match,0.4407,0,0.4,0.5357,55.99913607246734
186,1265,25,30,11,part_of_speech_classification,color_matching,matching,match_right,gütig,adjective,positive,blue,✲✲✲✲gift✲✲✲✲,noun,negative,blue,0.4933,match,0.4753,0,0.3998,0.5355,55.968165204191706
186,1266,26,30,11,part_of_speech_classification,color_matching,matching,match_right,leiche,noun,negative,blue,✲✲schlecht✲✲,adjective,negative,blue,0.4962,match,0.4395,0,0.3996,0.5353,55.937160577561656
186,1267,27,30,11,part_of_speech_classification,color_matching,matching,match_right,gift,noun,negative,brown,✲✲✲schön✲✲✲✲,adjective,positive,blue,0.4933,nonmatch,0.4825,0,0.3993,0.535,55.90584824511321
186,1268,28,30,11,part_of_speech_classification,color_matching,matching,match_right,launisch,adjective,negative,blue,✲✲ehrlich✲✲✲,adjective,positive,brown,0.4932,nonmatch,0.4498,0,0.3991,0.5348,55.874159096768366
186,1269,29,30,11,part_of_speech_classification,color_matching,matching,match_right,gift,noun,negative,blue,✲✲✲leiche✲✲✲,noun,negative,brown,0.4932,nonmatch,0.4001,0,0.3989,0.5346,55.84202232616777
186,1270,30,30,11,part_of_speech_classification,color_matching,matching,match_right,lustig,adjective,positive,blue,✲✲✲liebe✲✲✲✲,noun,positive,brown,0.4936,nonmatch,0.4794,0,0.3986,0.5344,55.8093651278362
186,1271,31,30,11,part_of_speech_classification,color_matching,matching,match_right,gierig,adjective,negative,brown,✲✲✲eitel✲✲✲✲,adjective,negative,brown,0.4932,match,0.4618,0,0.3984,0.5341,55.776112382204126
186,1272,32,30,11,part_of_speech_classification,color_matching,matching,match_right,leiche,noun,negative,brown,✲✲✲✲gift✲✲✲✲,noun,negative,blue,0.4932,nonmatch,0.4897,0,0.3982,0.5339,55.74218632652644
186,1273,33,30,11,part_of_speech_classification,color_matching,matching,match_right,schlecht,adjective,negative,blue,✲✲launisch✲✲,adjective,negative,blue,0.5185,match,0.4752,0,0.3979,0.5336,55.70750620963465
186,1274,34,30,11,part_of_speech_classification,color_matching,matching,match_right,gütig,adjective,positive,brown,✲✲✲gierig✲✲✲,adjective,negative,blue,0.4932,match,0.3745,1,0.3977,0.5334,55.6762133721226
186,1275,35,30,11,part_of_speech_classification,color_matching,matching,match_right,eitel,adjective,negative,blue,✲✲✲✲gift✲✲✲✲,noun,negative,brown,0.4935,nonmatch,0.4284,0,0.3984,0.5341,55.77384752250947
186,1276,36,30,11,part_of_speech_classification,color_matching,matching,match_right,schleim,noun,negative,brown,✲✲✲gierig✲✲✲,adjective,negative,brown,0.4966,match,0.4563,0,0.3981,0.5339,55.74025217018624
186,1277,37,30,11,part_of_speech_classification,color_matching,matching,match_right,ehrlich,adjective,positive,brown,✲✲✲leiche✲✲✲,noun,negative,brown,0.4932,match,0.4072,0,0.3979,0.5336,55.70590929447572
186,1278,38,30,11,part_of_speech_classification,color_matching,matching,match_right,glück,noun,positive,blue,✲✲ehrlich✲✲✲,adjective,positive,brown,0.4932,nonmatch,0.4466,0,0.3977,0.5334,55.6751945772767
186,1279,39,30,11,part_of_speech_classification,color_matching,matching,match_right,spaß,noun,positive,blue,✲✲✲lustig✲✲✲,adjective,positive,blue,0.4932,match,0.419,0,0.3975,0.5332,55.645436934502285
186,1280,40,30,11,part_of_speech_classification,color_matching,matching,match_right,lustig,adjective,positive,blue,✲✲schlecht✲✲,adjective,negative,brown,0.4932,nonmatch,0.4466,0,0.3973,0.533,55.61594428387222
186,1281,41,30,11,part_of_speech_classification,color_matching,matching,match_right,entführung,noun,negative,blue,✲✲schleim✲✲✲,noun,negative,blue,0.4932,match,0.4181,0,0.397,0.5328,55.586654519238586
186,1282,42,30,11,part_of_speech_classification,color_matching,matching,match_right,leiche,noun,negative,blue,✲✲✲glück✲✲✲✲,noun,positive,blue,0.4932,match,0.4537,0,0.3968,0.5326,55.55750625727877
186,1283,43,30,11,part_of_speech_classification,color_matching,matching,match_right,liebe,noun,positive,blue,✲✲schleim✲✲✲,noun,negative,brown,0.4932,nonmatch,0.4428,0,0.3966,0.5323,55.52843858636092
186,1284,44,30,11,part_of_speech_classification,color_matching,matching,match_right,gierig,adjective,negative,blue,✲✲✲✲spaß✲✲✲✲,noun,positive,blue,0.4932,match,0.4627,0,0.3964,0.5321,55.499390818504004
186,1285,45,30,11,part_of_speech_classification,color_matching,matching,match_right,liebe,noun,positive,brown,✲✲✲gütig✲✲✲✲,adjective,positive,blue,0.4933,nonmatch,0.4073,0,0.3962,0.5319,55.47030224290879
186,1286,46,30,11,part_of_speech_classification,color_matching,matching,match_right,gift,noun,negative,blue,✲✲✲eitel✲✲✲✲,adjective,negative,brown,0.4932,nonmatch,0.4465,0,0.396,0.5317,55.44111187955839
186,1287,47,30,11,part_of_speech_classification,color_matching,matching,match_right,einfall,noun,positive,brown,✲✲✲✲gift✲✲✲✲,noun,negative,brown,0.4963,match,0.4253,0,0.3958,0.5315,55.4117582313929
186,1288,48,30,11,part_of_speech_classification,color_matching,matching,match_right,entführung,noun,negative,brown,✲✲✲✲spaß✲✲✲✲,noun,positive,blue,0.4932,nonmatch,0.398,0,0.3956,0.5313,55.38236102753383
186,1289,49,30,11,part_of_speech_classification,color_matching,matching,match_right,liebe,noun,positive,blue,✲✲✲glück✲✲✲✲,noun,positive,blue,0.4932,match,0.436,0,0.3954,0.5311,55.352663652768584
186,1290,50,30,11,part_of_speech_classification,color_matching,matching,match_right,schleim,noun,negative,blue,✲✲✲lustig✲✲✲,adjective,positive,brown,0.4932,nonmatch,0.47,0,0.3952,0.5309,55.32260230971857
186,1291,51,30,11,part_of_speech_classification,color_matching,matching,match_right,schön,adjective,positive,brown,✲✲schleim✲✲✲,noun,negative,blue,0.4932,nonmatch,0.4713,0,0.3949,0.5307,55.29211155572613
186,1292,52,30,11,part_of_speech_classification,color_matching,matching,match_right,einfall,noun,positive,brown,✲✲✲schön✲✲✲✲,adjective,positive,brown,0.4932,match,0.4326,0,0.3947,0.5304,55.26112402698781
186,1293,53,30,11,part_of_speech_classification,color_matching,matching,match_right,leiche,noun,negative,brown,✲✲✲gütig✲✲✲✲,adjective,positive,brown,0.4932,match,0.4682,0,0.3945,0.5302,55.229570150872824
186,1294,54,30,11,part_of_speech_classification,color_matching,matching,match_right,glück,noun,positive,blue,✲✲✲gierig✲✲✲,adjective,negative,brown,0.4932,nonmatch,0.4203,0,0.3943,0.53,55.19737784463658
186,1295,55,30,11,part_of_speech_classification,color_matching,matching,match_right,schleim,noun,negative,brown,✲entführung✲,noun,negative,brown,0.4932,match,0.4402,0,0.394,0.5297,55.164472198639494
186,1296,56,30,11,part_of_speech_classification,color_matching,matching,match_right,glück,noun,positive,brown,✲✲✲liebe✲✲✲✲,noun,positive,brown,0.4932,match,0.3968,0,0.3938,0.5295,55.13298222735709
186,1297,57,30,11,part_of_speech_classification,color_matching,matching,match_right,ehrlich,adjective,positive,blue,✲✲einfall✲✲✲,noun,positive,blue,0.4932,match,0.4287,0,0.3936,0.5293,55.10394967433306
186,1298,58,30,11,part_of_speech_classification,color_matching,matching,match_right,lustig,adjective,positive,blue,✲✲✲gütig✲✲✲✲,adjective,positive,brown,0.4933,nonmatch,0.4323,0,0.3934,0.5291,55.07518244017891
186,1299,59,30,11,part_of_speech_classification,color_matching,matching,match_right,schleim,noun,negative,blue,✲✲✲liebe✲✲✲✲,noun,positive,brown,0.4933,nonmatch,0.5285,0,0.3932,0.5289,55.04662072230341
186,1300,60,30,11,part_of_speech_classification,color_matching,matching,match_right,spaß,noun,positive,brown,✲✲✲eitel✲✲✲✲,adjective,negative,blue,0.4936,nonmatch,0.5111,0,0.393,0.5287,55.0182053702843
186,1301,61,30,11,part_of_speech_classification,color_matching,matching,match_right,entführung,noun,negative,brown,✲✲launisch✲✲,adjective,negative,blue,0.4932,nonmatch,0.4192,0,0.3928,0.5285,54.989877645779856
186,1302,62,30,11,part_of_speech_classification,color_matching,matching,match_right,launisch,adjective,negative,brown,✲✲✲glück✲✲✲✲,noun,positive,brown,0.4934,match,0.4055,0,0.3926,0.5283,54.96157898470328
186,1303,63,30,11,part_of_speech_classification,color_matching,matching,match_right,glück,noun,positive,brown,✲✲✲leiche✲✲✲,noun,negative,blue,0.4932,nonmatch,0.4069,0,0.3924,0.5281,54.93325076020106
186,1304,64,30,11,part_of_speech_classification,color_matching,matching,match_right,spaß,noun,positive,blue,✲✲einfall✲✲✲,noun,positive,brown,0.4932,nonmatch,0.411,0,0.3922,0.5279,54.90483404498721
186,1305,1,31,12,part_of_speech_classification,color_matching,matching,match_right,liebe,noun,positive,brown,✲✲✲✲spaß✲✲✲✲,noun,positive,blue,0.5126,nonmatch,0.3678,0,0.392,0.5277,54.876269371582005
186,1306,2,31,12,part_of_speech_classification,color_matching,matching,match_right,launisch,adjective,negative,blue,✲✲✲lustig✲✲✲,adjective,positive,brown,0.4932,nonmatch,0.3467,0,0.3918,0.5275,54.84749648899271
186,1307,3,31,12,part_of_speech_classification,color_matching,matching,match_right,launisch,adjective,negative,brown,✲✲schlecht✲✲,adjective,negative,brown,0.4932,match,0.5192,0,0.3916,0.5273,54.8186269465725
186,1308,4,31,12,part_of_speech_classification,color_matching,matching,match_right,gierig,adjective,negative,blue,✲✲✲✲gift✲✲✲✲,noun,negative,blue,0.4933,match,0.3927,0,0.3914,0.5271,54.78941468526315
186,1309,5,31,12,part_of_speech_classification,color_matching,matching,match_right,einfall,noun,positive,blue,✲✲schlecht✲✲,adjective,negative,brown,0.4932,nonmatch,0.4395,0,0.3911,0.5269,54.75979625059859
186,1310,6,31,12,part_of_speech_classification,color_matching,matching,match_right,launisch,adjective,negative,brown,✲✲schleim✲✲✲,noun,negative,blue,0.4932,nonmatch,0.4147,0,0.3909,0.5266,54.729706276167306
186,1311,7,31,12,part_of_speech_classification,color_matching,matching,match_right,entführung,noun,negative,brown,✲✲✲leiche✲✲✲,noun,negative,brown,0.4932,match,0.5718,0,0.3907,0.5264,54.69907719997772
186,1312,8,31,12,part_of_speech_classification,color_matching,matching,match_right,leiche,noun,negative,brown,✲✲✲✲gift✲✲✲✲,noun,negative,blue,0.4932,nonmatch,0.4117,0,0.3905,0.5262,54.66783896658085
186,1313,9,31,12,part_of_speech_classification,color_matching,matching,match_right,schleim,noun,negative,blue,✲✲schlecht✲✲,adjective,negative,brown,0.4933,nonmatch,0.3746,0,0.3903,0.526,54.635918713012515
186,1314,10,31,12,part_of_speech_classification,color_matching,matching,match_right,liebe,noun,positive,brown,✲✲✲eitel✲✲✲✲,adjective,negative,blue,0.4932,nonmatch,0.4976,0,0.39,0.5257,54.60324043648897
186,1315,11,31,12,part_of_speech_classification,color_matching,matching,match_right,spaß,noun,positive,blue,✲✲ehrlich✲✲✲,adjective,positive,blue,0.4932,match,0.4906,0,0.3898,0.5255,54.57360726815341
186,1316,12,31,12,part_of_speech_classification,color_matching,matching,match_right,spaß,noun,positive,brown,✲✲schleim✲✲✲,noun,negative,brown,0.4932,match,0.5611,0,0.3896,0.5253,54.54486376877045
186,1317,13,31,12,part_of_speech_classification,color_matching,matching,match_right,lustig,adjective,positive,blue,✲✲✲schön✲✲✲✲,adjective,positive,brown,0.4933,nonmatch,0.3822,0,0.3894,0.5251,54.51633621261277
186,1318,14,31,12,part_of_speech_classification,color_matching,matching,match_right,gierig,adjective,negative,blue,✲✲✲gütig✲✲✲✲,adjective,positive,blue,0.4933,match,0.5062,0,0.3892,0.5249,54.48796511240329
186,1319,15,31,12,part_of_speech_classification,color_matching,matching,match_right,entführung,noun,negative,blue,✲✲✲lustig✲✲✲,adjective,positive,brown,0.4974,nonmatch,0.5298,0,0.389,0.5247,54.45969133842316
186,1320,16,31,12,part_of_speech_classification,color_matching,matching,match_right,einfall,noun,positive,blue,✲✲✲schön✲✲✲✲,adjective,positive,brown,0.4932,nonmatch,0.4394,0,0.3888,0.5245,54.43145587590844
186,1321,17,31,12,part_of_speech_classification,color_matching,matching,match_right,gift,noun,negative,blue,✲✲schleim✲✲✲,noun,negative,blue,0.4935,match,0.4275,0,0.3886,0.5243,54.40319958229932
186,1322,18,31,12,part_of_speech_classification,color_matching,matching,match_right,liebe,noun,positive,brown,✲entführung✲,noun,negative,blue,0.4934,match,0.4294,1,0.3884,0.5241,54.37486294282412
186,1323,19,31,12,part_of_speech_classification,color_matching,matching,match_right,leiche,noun,negative,brown,✲✲ehrlich✲✲✲,adjective,positive,brown,0.4932,match,0.4909,0,0.389,0.5247,54.46036594654347
186,1324,20,31,12,part_of_speech_classification,color_matching,matching,match_right,liebe,noun,positive,brown,✲✲✲gütig✲✲✲✲,adjective,positive,brown,0.4936,match,0.4181,0,0.3888,0.5245,54.43249448143353
186,1325,21,31,12,part_of_speech_classification,color_matching,matching,match_right,glück,noun,positive,blue,✲✲einfall✲✲✲,noun,positive,blue,0.4933,match,0.4508,0,0.3886,0.5243,54.4046083112425
186,1326,22,31,12,part_of_speech_classification,color_matching,matching,match_right,gütig,adjective,positive,brown,✲✲✲leiche✲✲✲,noun,negative,brown,0.4932,match,0.4994,0,0.3884,0.5241,54.37664951116617
186,1327,23,31,12,part_of_speech_classification,color_matching,matching,match_right,gift,noun,negative,blue,✲✲✲gütig✲✲✲✲,adjective,positive,blue,0.4932,match,0.4467,0,0.3882,0.5239,54.34855959297462
186,1328,24,31,12,part_of_speech_classification,color_matching,matching,match_right,lustig,adjective,positive,brown,✲✲schlecht✲✲,adjective,negative,brown,0.4932,match,0.457,0,0.388,0.5237,54.32027926359804
186,1329,25,31,12,part_of_speech_classification,color_matching,matching,match_right,lustig,adjective,positive,blue,✲✲✲✲gift✲✲✲✲,noun,negative,blue,0.4932,match,0.418,0,0.3878,0.5235,54.291919565979775
186,1330,26,31,12,part_of_speech_classification,color_matching,matching,match_right,ehrlich,adjective,positive,brown,✲✲✲gierig✲✲✲,adjective,negative,blue,0.4932,nonmatch,0.5557,0,0.3876,0.5233,54.26323671229414
186,1331,27,31,12,part_of_speech_classification,color_matching,matching,match_right,ehrlich,adjective,positive,blue,✲✲schleim✲✲✲,noun,negative,brown,0.4932,nonmatch,0.4109,0,0.3874,0.5231,54.234168117733006
186,1332,28,31,12,part_of_speech_classification,color_matching,matching,match_right,schleim,noun,negative,blue,✲entführung✲,noun,negative,brown,0.4932,nonmatch,0.3425,0,0.3872,0.5229,54.20464926367128
186,1333,29,31,12,part_of_speech_classification,color_matching,matching,match_right,gift,noun,negative,brown,✲✲✲✲spaß✲✲✲✲,noun,positive,brown,0.4932,match,0.4561,0,0.387,0.5227,54.17461341151017
186,1334,30,31,12,part_of_speech_classification,color_matching,matching,match_right,lustig,adjective,positive,brown,✲✲✲glück✲✲✲✲,noun,positive,brown,0.4932,match,0.4119,0,0.3867,0.5225,54.14399130128582
186,1335,31,31,12,part_of_speech_classification,color_matching,matching,match_right,leiche,noun,negative,blue,✲✲einfall✲✲✲,noun,positive,brown,0.4932,nonmatch,0.3675,0,0.3865,0.5222,54.11271083300325
186,1336,32,31,12,part_of_speech_classification,color_matching,matching,match_right,eitel,adjective,negative,brown,✲entführung✲,noun,negative,brown,0.4932,match,0.4774,0,0.3863,0.522,54.080696728506126
186,1337,33,31,12,part_of_speech_classification,color_matching,matching,match_right,gütig,adjective,positive,blue,✲✲launisch✲✲,adjective,negative,blue,0.5107,match,0.4644,0,0.3861,0.5218,54.04870507410791
186,1338,34,31,12,part_of_speech_classification,color_matching,matching,match_right,schön,adjective,positive,blue,✲✲ehrlich✲✲✲,adjective,positive,blue,0.4932,match,0.3602,0,0.3859,0.5216,54.019649080300326
186,1339,35,31,12,part_of_speech_classification,color_matching,matching,match_right,ehrlich,adjective,positive,blue,✲✲✲liebe✲✲✲✲,noun,positive,brown,0.4967,nonmatch,0.3966,0,0.3856,0.5214,53.990820197219485
186,1340,36,31,12,part_of_speech_classification,color_matching,matching,match_right,gierig,adjective,negative,brown,✲✲✲liebe✲✲✲✲,noun,positive,brown,0.4932,nonmatch,0.5038,1,0.3854,0.5212,53.962157424174826
186,1341,37,31,12,part_of_speech_classification,color_matching,matching,match_right,einfall,noun,positive,blue,✲✲✲✲gift✲✲✲✲,noun,negative,brown,0.4932,nonmatch,0.468,0,0.3861,0.5218,54.04790231024889
186,1342,38,31,12,part_of_speech_classification,color_matching,matching,match_right,eitel,adjective,negative,brown,✲✲✲schön✲✲✲✲,adjective,positive,blue,0.4932,nonmatch,0.4351,0,0.3859,0.5216,54.019210492848785
186,1343,39,31,12,part_of_speech_classification,color_matching,matching,match_right,schön,adjective,positive,brown,✲entführung✲,noun,negative,blue,0.4932,nonmatch,0.4423,0,0.3856,0.5214,53.99074638493332
186,1344,40,31,12,part_of_speech_classification,color_matching,matching,match_right,schlecht,adjective,negative,blue,✲✲✲leiche✲✲✲,noun,negative,brown,0.4935,nonmatch,0.4211,0,0.3854,0.5212,53.9624505295942
186,1345,41,31,12,part_of_speech_classification,color_matching,matching,match_right,spaß,noun,positive,brown,✲✲launisch✲✲,adjective,negative,brown,0.4932,match,0.469,0,0.3852,0.521,53.93426379250124
186,1346,42,31,12,part_of_speech_classification,color_matching,matching,match_right,leiche,noun,negative,blue,✲✲launisch✲✲,adjective,negative,blue,0.4932,match,0.4538,0,0.385,0.5208,53.90612711812622
186,1347,43,31,12,part_of_speech_classification,color_matching,matching,match_right,glück,noun,positive,blue,✲✲✲gierig✲✲✲,adjective,negative,blue,0.4932,match,0.4073,0,0.3848,0.5206,53.87798128509486
186,1348,44,31,12,part_of_speech_classification,color_matching,matching,match_right,schleim,noun,negative,brown,✲✲✲schön✲✲✲✲,adjective,positive,blue,0.4932,nonmatch,0.4077,0,0.3846,0.5204,53.84976665911811
186,1349,45,31,12,part_of_speech_classification,color_matching,matching,match_right,spaß,noun,positive,blue,✲✲✲liebe✲✲✲✲,noun,positive,brown,0.4932,nonmatch,0.4633,0,0.3844,0.5202,53.821422941928056
186,1350,46,31,12,part_of_speech_classification,color_matching,matching,match_right,entführung,noun,negative,brown,✲✲✲gierig✲✲✲,adjective,negative,brown,0.4932,match,0.4426,0,0.3842,0.5199,53.79288891460505
186,1351,47,31,12,part_of_speech_classification,color_matching,matching,match_right,gift,noun,negative,brown,✲✲✲eitel✲✲✲✲,adjective,negative,blue,0.4932,nonmatch,0.4215,0,0.384,0.5197,53.76410217362912
186,1352,48,31,12,part_of_speech_classification,color_matching,matching,match_right,gütig,adjective,positive,brown,✲✲✲lustig✲✲✲,adjective,positive,brown,0.4932,nonmatch,0.4682,1,0.3838,0.5195,53.73516561100075
186,1353,49,31,12,part_of_speech_classification,color_matching,matching,match_right,schlecht,adjective,negative,blue,✲✲✲gierig✲✲✲,adjective,negative,brown,0.4932,nonmatch,0.4618,0,0.3844,0.5201,53.81712328334734
186,1354,50,31,12,part_of_speech_classification,color_matching,matching,match_right,schön,adjective,positive,blue,✲✲✲eitel✲✲✲✲,adjective,negative,brown,0.4934,nonmatch,0.4651,0,0.3842,0.5199,53.78890495479209
186,1355,51,31,12,part_of_speech_classification,color_matching,matching,match_right,eitel,adjective,negative,brown,✲✲launisch✲✲,adjective,negative,blue,0.4937,nonmatch,0.4546,0,0.384,0.5197,53.760432455655426
186,1356,52,31,12,part_of_speech_classification,color_matching,matching,match_right,gütig,adjective,positive,brown,✲✲✲✲spaß✲✲✲✲,noun,positive,blue,0.4932,nonmatch,0.4569,0,0.3838,0.5195,53.731808130780685
186,1357,53,31,12,part_of_speech_classification,color_matching,matching,match_right,gierig,adjective,negative,blue,✲✲✲eitel✲✲✲✲,adjective,negative,blue,0.4932,match,0.457,0,0.3836,0.5193,53.7027925351762
186,1358,54,31,12,part_of_speech_classification,color_matching,matching,match_right,schön,adjective,positive,blue,✲✲einfall✲✲✲,noun,positive,blue,0.4932,match,0.3818,0,0.3834,0.5191,53.6733200846969
186,1359,55,31,12,part_of_speech_classification,color_matching,matching,match_right,launisch,adjective,negative,blue,✲✲✲✲spaß✲✲✲✲,noun,positive,blue,0.4934,match,0.3977,0,0.3832,0.5189,53.643322817011615
186,1360,56,31,12,part_of_speech_classification,color_matching,matching,match_right,schleim,noun,negative,blue,✲✲✲liebe✲✲✲✲,noun,positive,blue,0.4932,match,0.4505,0,0.3829,0.5187,53.612730074358325
186,1361,57,31,12,part_of_speech_classification,color_matching,matching,match_right,glück,noun,positive,brown,✲✲✲lustig✲✲✲,adjective,positive,blue,0.4932,nonmatch,0.435,0,0.3827,0.5184,53.5814681668797
186,1362,58,31,12,part_of_speech_classification,color_matching,matching,match_right,schlecht,adjective,negative,brown,✲✲einfall✲✲✲,noun,positive,blue,0.4932,nonmatch,0.486,0,0.3825,0.5182,53.54946001411851
186,1363,59,31,12,part_of_speech_classification,color_matching,matching,match_right,entführung,noun,negative,brown,✲✲✲glück✲✲✲✲,noun,positive,blue,0.4932,nonmatch,0.5058,0,0.3823,0.518,53.51666918975494
186,1364,60,31,12,part_of_speech_classification,color_matching,matching,match_right,ehrlich,adjective,positive,brown,✲✲✲gütig✲✲✲✲,adjective,positive,blue,0.4937,nonmatch,0.3898,0,0.3821,0.5178,53.48713896227971
186,1365,61,31,12,part_of_speech_classification,color_matching,matching,match_right,schlecht,adjective,negative,brown,✲✲ehrlich✲✲✲,adjective,positive,brown,0.4932,nonmatch,0.3965,1,0.3818,0.5176,53.45782480289812
186,1366,62,31,12,part_of_speech_classification,color_matching,matching,match_right,eitel,adjective,negative,blue,✲✲✲glück✲✲✲✲,noun,positive,brown,0.4962,nonmatch,0.4548,0,0.3825,0.5182,53.54831795559428
186,1367,63,31,12,part_of_speech_classification,color_matching,matching,match_right,glück,noun,positive,blue,✲✲✲leiche✲✲✲,noun,negative,blue,0.4933,match,0.6454,0,0.3823,0.518,53.515955791051056
186,1368,64,31,12,part_of_speech_classification,color_matching,matching,match_right,einfall,noun,positive,brown,✲✲✲glück✲✲✲✲,noun,positive,brown,0.4972,match,0.5828,0,0.382,0.5178,53.48680515115682
