sid,tid,tix,bid,bix,study_task,current_task,study_phase,key_assignment,prime_identity,prime_part_of_speech,prime_valence,prime_color,target_identity,target_part_of_speech,target_valence,target_color,target_onset,response,response_time,error,response_window_start,response_window_end,n_target
190,1,1,1,1,part_of_speech_classification,part_of_speech_classification,acquisition,noun_left,MQQM,,,black,lustig,adjective,positive,black,0.9076,adjective,1.6595,0,0.41,0.54,41
190,2,2,1,1,part_of_speech_classification,part_of_speech_classification,acquisition,noun_left,XVVX,,,black,schleim,noun,negative,black,0.8804,noun,1.4621,0,0.41,0.54,41
190,3,3,1,1,part_of_speech_classification,part_of_speech_classification,acquisition,noun_left,XVVX,,,black,entführung,noun,negative,black,0.8809,noun,1.7009,0,0.41,0.54,41
190,4,4,1,1,part_of_speech_classification,part_of_speech_classification,acquisition,noun_left,XVVX,,,black,gift,noun,negative,black,0.8805,noun,0.9489,0,0.41,0.54,41
190,5,5,1,1,part_of_speech_classification,part_of_speech_classification,acquisition,noun_left,ZYYZ,,,black,eitel,adjective,negative,black,0.8804,noun,0.9621,1,0.41,0.54,41
190,6,6,1,1,part_of_speech_classification,part_of_speech_classification,acquisition,noun_left,MQQM,,,black,gütig,adjective,positive,black,0.8808,adjective,2.0334,0,0.41,0.54,41
190,7,7,1,1,part_of_speech_classification,part_of_speech_classification,acquisition,noun_left,WJJW,,,black,einfall,noun,positive,black,0.8804,noun,1.7433,0,0.41,0.54,41
190,8,8,1,1,part_of_speech_classification,part_of_speech_classification,acquisition,noun_left,WJJW,,,black,glück,noun,positive,black,0.8805,noun,0.889,0,0.41,0.54,41
190,9,9,1,1,part_of_speech_classification,part_of_speech_classification,acquisition,noun_left,MQQM,,,black,gütig,adjective,positive,black,0.8804,adjective,1.0994,0,0.41,0.54,41
190,10,10,1,1,part_of_speech_classification,part_of_speech_classification,acquisition,noun_left,ZYYZ,,,black,schlecht,adjective,negative,black,0.8804,adjective,0.9749,0,0.41,0.54,41
190,11,11,1,1,part_of_speech_classification,part_of_speech_classification,acquisition,noun_left,ZYYZ,,,black,gierig,adjective,negative,black,0.8804,adjective,0.6532,0,0.41,0.54,41
190,12,12,1,1,part_of_speech_classification,part_of_speech_classification,acquisition,noun_left,MQQM,,,black,schön,adjective,positive,black,0.8804,adjective,0.6804,0,0.41,0.54,41
190,13,13,1,1,part_of_speech_classification,part_of_speech_classification,acquisition,noun_left,ZYYZ,,,black,launisch,adjective,negative,black,0.8805,adjective,0.7478,0,0.41,0.54,41
190,14,14,1,1,part_of_speech_classification,part_of_speech_classification,acquisition,noun_left,MQQM,,,black,ehrlich,adjective,positive,black,0.8804,adjective,0.7307,0,0.41,0.54,41
190,15,15,1,1,part_of_speech_classification,part_of_speech_classification,acquisition,noun_left,ZYYZ,,,black,gierig,adjective,negative,black,0.8804,adjective,0.744,0,0.41,0.54,41
190,16,16,1,1,part_of_speech_classification,part_of_speech_classification,acquisition,noun_left,MQQM,,,black,ehrlich,adjective,positive,black,0.8804,adjective,0.6676,0,0.41,0.54,41
190,17,17,1,1,part_of_speech_classification,part_of_speech_classification,acquisition,noun_left,XVVX,,,black,entführung,noun,negative,black,0.8804,noun,0.995,0,0.41,0.54,41
190,18,18,1,1,part_of_speech_classification,part_of_speech_classification,acquisition,noun_left,XVVX,,,black,leiche,noun,negative,black,0.8804,noun,0.8366,0,0.41,0.54,41
190,19,19,1,1,part_of_speech_classification,part_of_speech_classification,acquisition,noun_left,XVVX,,,black,gift,noun,negative,black,0.8804,noun,0.9813,0,0.41,0.54,41
190,20,20,1,1,part_of_speech_classification,part_of_speech_classification,acquisition,noun_left,WJJW,,,black,liebe,noun,positive,black,0.8804,noun,0.6759,0,0.41,0.54,41
190,21,21,1,1,part_of_speech_classification,part_of_speech_classification,acquisition,noun_left,WJJW,,,black,einfall,noun,positive,black,0.8804,noun,0.7505,0,0.41,0.54,41
190,22,22,1,1,part_of_speech_classification,part_of_speech_classification,acquisition,noun_left,ZYYZ,,,black,eitel,adjective,negative,black,0.8804,noun,0.7692,1,0.41,0.54,41
190,23,23,1,1,part_of_speech_classification,part_of_speech_classification,acquisition,noun_left,WJJW,,,black,glück,noun,positive,black,0.8804,noun,1.2063,0,0.41,0.54,41
190,24,24,1,1,part_of_speech_classification,part_of_speech_classification,acquisition,noun_left,WJJW,,,black,spaß,noun,positive,black,0.8805,noun,0.7458,0,0.41,0.54,41
190,25,1,2,2,part_of_speech_classification,part_of_speech_classification,acquisition,noun_left,XVVX,,,black,gift,noun,negative,black,0.8808,noun,7.0414,0,0.41,0.54,41
190,26,2,2,2,part_of_speech_classification,part_of_speech_classification,acquisition,noun_left,WJJW,,,black,glück,noun,positive,black,0.8804,noun,0.5905,0,0.41,0.54,41
190,27,3,2,2,part_of_speech_classification,part_of_speech_classification,acquisition,noun_left,XVVX,,,black,schleim,noun,negative,black,0.8804,adjective,0.4654,1,0.41,0.54,41
190,28,4,2,2,part_of_speech_classification,part_of_speech_classification,acquisition,noun_left,MQQM,,,black,ehrlich,adjective,positive,black,0.8805,noun,0.3379,1,0.41,0.54,41
190,29,5,2,2,part_of_speech_classification,part_of_speech_classification,acquisition,noun_left,WJJW,,,black,glück,noun,positive,black,0.8804,noun,0.3763,0,0.41,0.54,41
190,30,6,2,2,part_of_speech_classification,part_of_speech_classification,acquisition,noun_left,ZYYZ,,,black,gierig,adjective,negative,black,0.8804,adjective,0.5044,0,0.41,0.54,41
190,31,7,2,2,part_of_speech_classification,part_of_speech_classification,acquisition,noun_left,WJJW,,,black,einfall,noun,positive,black,0.8804,noun,0.38,0,0.41,0.54,41
190,32,8,2,2,part_of_speech_classification,part_of_speech_classification,acquisition,noun_left,MQQM,,,black,lustig,adjective,positive,black,0.8804,noun,0.3328,1,0.41,0.54,41
190,33,9,2,2,part_of_speech_classification,part_of_speech_classification,acquisition,noun_left,XVVX,,,black,entführung,noun,negative,black,0.8804,noun,0.6524,0,0.41,0.54,41
190,34,10,2,2,part_of_speech_classification,part_of_speech_classification,acquisition,noun_left,XVVX,,,black,leiche,noun,negative,black,0.8804,adjective,0.4254,1,0.41,0.54,41
190,35,11,2,2,part_of_speech_classification,part_of_speech_classification,acquisition,noun_left,ZYYZ,,,black,launisch,adjective,negative,black,0.8805,adjective,0.4406,0,0.41,0.54,41
190,36,12,2,2,part_of_speech_classification,part_of_speech_classification,acquisition,noun_left,XVVX,,,black,gift,noun,negative,black,0.8804,noun,0.3899,0,0.41,0.54,41
190,37,13,2,2,part_of_speech_classification,part_of_speech_classification,acquisition,noun_left,ZYYZ,,,black,eitel,adjective,negative,black,0.8804,noun,0.3468,1,0.41,0.54,41
190,38,14,2,2,part_of_speech_classification,part_of_speech_classification,acquisition,noun_left,ZYYZ,,,black,gierig,adjective,negative,black,0.8804,noun,0.3554,1,0.41,0.54,41
190,39,15,2,2,part_of_speech_classification,part_of_speech_classification,acquisition,noun_left,MQQM,,,black,gütig,adjective,positive,black,0.8804,noun,4.3322,1,0.41,0.54,41
190,40,16,2,2,part_of_speech_classification,part_of_speech_classification,acquisition,noun_left,WJJW,,,black,einfall,noun,positive,black,0.8804,noun,0.914,0,0.41,0.54,41
190,41,17,2,2,part_of_speech_classification,part_of_speech_classification,acquisition,noun_left,WJJW,,,black,spaß,noun,positive,black,0.8805,noun,0.513,0,0.41,0.54,41
190,42,18,2,2,part_of_speech_classification,part_of_speech_classification,acquisition,noun_left,MQQM,,,black,ehrlich,adjective,positive,black,0.8804,adjective,1.0016,0,0.41,0.54,41
190,43,19,2,2,part_of_speech_classification,part_of_speech_classification,acquisition,noun_left,ZYYZ,,,black,schlecht,adjective,negative,black,0.8804,adjective,0.3729,0,0.41,0.54,41
190,44,20,2,2,part_of_speech_classification,part_of_speech_classification,acquisition,noun_left,MQQM,,,black,gütig,adjective,positive,black,0.8805,adjective,0.4331,0,0.41,0.54,41
190,45,21,2,2,part_of_speech_classification,part_of_speech_classification,acquisition,noun_left,WJJW,,,black,liebe,noun,positive,black,0.8805,adjective,0.319,1,0.41,0.54,41
190,46,22,2,2,part_of_speech_classification,part_of_speech_classification,acquisition,noun_left,ZYYZ,,,black,eitel,adjective,negative,black,0.8804,adjective,1.1386,0,0.41,0.54,41
190,47,23,2,2,part_of_speech_classification,part_of_speech_classification,acquisition,noun_left,MQQM,,,black,schön,adjective,positive,black,0.8804,adjective,0.5203,0,0.41,0.54,41
190,48,24,2,2,part_of_speech_classification,part_of_speech_classification,acquisition,noun_left,XVVX,,,black,entführung,noun,negative,black,0.8804,noun,0.4029,0,0.41,0.54,41
190,48,24,2,2,part_of_speech_classification,part_of_speech_classification,acquisition,noun_left,XVVX,,,black,entführung,noun,negative,black,0.8804,adjective,0.5359,1,0.41,0.54,41
190,49,1,3,3,part_of_speech_classification,part_of_speech_classification,acquisition,noun_left,MQQM,,,black,ehrlich,adjective,positive,black,0.8816,adjective,0.4349,0,0.39,0.52,39
190,50,2,3,3,part_of_speech_classification,part_of_speech_classification,acquisition,noun_left,ZYYZ,,,black,schlecht,adjective,negative,black,0.8805,adjective,0.3237,0,0.39,0.52,39
190,51,3,3,3,part_of_speech_classification,part_of_speech_classification,acquisition,noun_left,ZYYZ,,,black,schlecht,adjective,negative,black,0.8804,adjective,0.3791,0,0.39,0.52,39
190,52,4,3,3,part_of_speech_classification,part_of_speech_classification,acquisition,noun_left,ZYYZ,,,black,schlecht,adjective,negative,black,0.8804,adjective,0.3552,0,0.39,0.52,39
190,53,5,3,3,part_of_speech_classification,part_of_speech_classification,acquisition,noun_left,WJJW,,,black,einfall,noun,positive,black,0.8805,adjective,0.3655,1,0.39,0.52,39
190,54,6,3,3,part_of_speech_classification,part_of_speech_classification,acquisition,noun_left,XVVX,,,black,entführung,noun,negative,black,0.8804,noun,0.5131,0,0.39,0.52,39
190,55,7,3,3,part_of_speech_classification,part_of_speech_classification,acquisition,noun_left,WJJW,,,black,liebe,noun,positive,black,0.8804,adjective,0.4161,1,0.39,0.52,39
190,56,8,3,3,part_of_speech_classification,part_of_speech_classification,acquisition,noun_left,XVVX,,,black,schleim,noun,negative,black,0.8804,noun,0.5393,0,0.39,0.52,39
190,57,9,3,3,part_of_speech_classification,part_of_speech_classification,acquisition,noun_left,XVVX,,,black,entführung,noun,negative,black,0.8804,noun,0.6027,0,0.39,0.52,39
190,58,10,3,3,part_of_speech_classification,part_of_speech_classification,acquisition,noun_left,XVVX,,,black,gift,noun,negative,black,0.8804,noun,0.5031,0,0.39,0.52,39
190,59,11,3,3,part_of_speech_classification,part_of_speech_classification,acquisition,noun_left,MQQM,,,black,gütig,adjective,positive,black,0.8804,noun,0.3099,1,0.39,0.52,39
190,60,12,3,3,part_of_speech_classification,part_of_speech_classification,acquisition,noun_left,MQQM,,,black,lustig,adjective,positive,black,0.8804,adjective,0.473,0,0.39,0.52,39
190,61,13,3,3,part_of_speech_classification,part_of_speech_classification,acquisition,noun_left,MQQM,,,black,schön,adjective,positive,black,0.8804,adjective,0.5566,0,0.39,0.52,39
190,62,14,3,3,part_of_speech_classification,part_of_speech_classification,acquisition,noun_left,WJJW,,,black,liebe,noun,positive,black,0.8804,adjective,0.338,1,0.39,0.52,39
190,63,15,3,3,part_of_speech_classification,part_of_speech_classification,acquisition,noun_left,XVVX,,,black,leiche,noun,negative,black,0.8804,noun,0.6242,0,0.39,0.52,39
190,64,16,3,3,part_of_speech_classification,part_of_speech_classification,acquisition,noun_left,WJJW,,,black,spaß,noun,positive,black,0.8804,noun,0.52,0,0.39,0.52,39
190,65,17,3,3,part_of_speech_classification,part_of_speech_classification,acquisition,noun_left,WJJW,,,black,glück,noun,positive,black,0.8804,adjective,0.4102,1,0.39,0.52,39
190,65,17,3,3,part_of_speech_classification,part_of_speech_classification,acquisition,noun_left,WJJW,,,black,glück,noun,positive,black,0.8804,noun,0.6031,0,0.39,0.52,39
190,66,18,3,3,part_of_speech_classification,part_of_speech_classification,acquisition,noun_left,MQQM,,,black,lustig,adjective,positive,black,0.8805,adjective,0.7951,0,0.39,0.52,39
190,67,19,3,3,part_of_speech_classification,part_of_speech_classification,acquisition,noun_left,WJJW,,,black,spaß,noun,positive,black,0.8804,noun,0.4931,0,0.39,0.52,39
190,68,20,3,3,part_of_speech_classification,part_of_speech_classification,acquisition,noun_left,ZYYZ,,,black,gierig,adjective,negative,black,0.8804,adjective,0.5234,0,0.39,0.52,39
190,69,21,3,3,part_of_speech_classification,part_of_speech_classification,acquisition,noun_left,XVVX,,,black,gift,noun,negative,black,0.8806,noun,0.5131,0,0.39,0.52,39
190,70,22,3,3,part_of_speech_classification,part_of_speech_classification,acquisition,noun_left,WJJW,,,black,einfall,noun,positive,black,0.8804,adjective,0.4453,1,0.39,0.52,39
190,71,23,3,3,part_of_speech_classification,part_of_speech_classification,acquisition,noun_left,WJJW,,,black,glück,noun,positive,black,0.8804,noun,0.4859,0,0.39,0.52,39
190,72,24,3,3,part_of_speech_classification,part_of_speech_classification,acquisition,noun_left,ZYYZ,,,black,gierig,adjective,negative,black,0.8804,adjective,0.5627,0,0.39,0.52,39
190,73,25,3,3,part_of_speech_classification,part_of_speech_classification,acquisition,noun_left,XVVX,,,black,leiche,noun,negative,black,0.8805,noun,0.5293,0,0.39,0.52,39
190,74,26,3,3,part_of_speech_classification,part_of_speech_classification,acquisition,noun_left,MQQM,,,black,schön,adjective,positive,black,0.8804,adjective,0.567,0,0.39,0.52,39
190,75,27,3,3,part_of_speech_classification,part_of_speech_classification,acquisition,noun_left,ZYYZ,,,black,eitel,adjective,negative,black,0.8804,noun,0.5267,1,0.39,0.52,39
190,76,28,3,3,part_of_speech_classification,part_of_speech_classification,acquisition,noun_left,MQQM,,,black,gütig,adjective,positive,black,0.8804,adjective,0.795,0,0.39,0.52,39
190,77,29,3,3,part_of_speech_classification,part_of_speech_classification,acquisition,noun_left,XVVX,,,black,gift,noun,negative,black,0.8804,adjective,0.4595,1,0.39,0.52,39
190,78,30,3,3,part_of_speech_classification,part_of_speech_classification,acquisition,noun_left,ZYYZ,,,black,gierig,adjective,negative,black,0.8804,adjective,0.6417,0,0.39,0.52,39
190,79,31,3,3,part_of_speech_classification,part_of_speech_classification,acquisition,noun_left,MQQM,,,black,lustig,adjective,positive,black,0.8805,adjective,0.7777,0,0.39,0.52,39
190,80,32,3,3,part_of_speech_classification,part_of_speech_classification,acquisition,noun_left,XVVX,,,black,entführung,noun,negative,black,0.8804,noun,0.4732,0,0.39,0.52,39
190,81,33,3,3,part_of_speech_classification,part_of_speech_classification,acquisition,noun_left,MQQM,,,black,schön,adjective,positive,black,0.8804,adjective,0.4952,0,0.39,0.52,39
190,82,34,3,3,part_of_speech_classification,part_of_speech_classification,acquisition,noun_left,MQQM,,,black,ehrlich,adjective,positive,black,0.8804,adjective,0.5344,0,0.39,0.52,39
190,83,35,3,3,part_of_speech_classification,part_of_speech_classification,acquisition,noun_left,XVVX,,,black,leiche,noun,negative,black,0.8804,noun,0.6563,0,0.39,0.52,39
190,84,36,3,3,part_of_speech_classification,part_of_speech_classification,acquisition,noun_left,WJJW,,,black,liebe,noun,positive,black,0.8804,noun,0.4431,0,0.39,0.52,39
190,85,37,3,3,part_of_speech_classification,part_of_speech_classification,acquisition,noun_left,MQQM,,,black,gütig,adjective,positive,black,0.8804,adjective,0.4868,0,0.39,0.52,39
190,86,38,3,3,part_of_speech_classification,part_of_speech_classification,acquisition,noun_left,WJJW,,,black,einfall,noun,positive,black,0.8804,noun,0.6598,0,0.39,0.52,39
190,87,39,3,3,part_of_speech_classification,part_of_speech_classification,acquisition,noun_left,ZYYZ,,,black,eitel,adjective,negative,black,0.8804,noun,0.403,1,0.39,0.52,39
190,88,40,3,3,part_of_speech_classification,part_of_speech_classification,acquisition,noun_left,XVVX,,,black,schleim,noun,negative,black,0.8804,noun,0.4652,0,0.39,0.52,39
190,89,41,3,3,part_of_speech_classification,part_of_speech_classification,acquisition,noun_left,ZYYZ,,,black,launisch,adjective,negative,black,0.8804,adjective,0.5365,0,0.39,0.52,39
190,90,42,3,3,part_of_speech_classification,part_of_speech_classification,acquisition,noun_left,WJJW,,,black,glück,noun,positive,black,0.8805,noun,0.4901,0,0.39,0.52,39
190,91,43,3,3,part_of_speech_classification,part_of_speech_classification,acquisition,noun_left,ZYYZ,,,black,launisch,adjective,negative,black,0.8804,adjective,0.7153,0,0.39,0.52,39
190,92,44,3,3,part_of_speech_classification,part_of_speech_classification,acquisition,noun_left,ZYYZ,,,black,eitel,adjective,negative,black,0.8804,adjective,0.493,0,0.39,0.52,39
190,93,45,3,3,part_of_speech_classification,part_of_speech_classification,acquisition,noun_left,XVVX,,,black,schleim,noun,negative,black,0.8804,adjective,0.4866,1,0.39,0.52,39
190,94,46,3,3,part_of_speech_classification,part_of_speech_classification,acquisition,noun_left,ZYYZ,,,black,launisch,adjective,negative,black,0.8805,adjective,0.4453,0,0.39,0.52,39
190,95,47,3,3,part_of_speech_classification,part_of_speech_classification,acquisition,noun_left,MQQM,,,black,ehrlich,adjective,positive,black,0.8804,noun,0.5544,1,0.39,0.52,39
190,96,48,3,3,part_of_speech_classification,part_of_speech_classification,acquisition,noun_left,WJJW,,,black,spaß,noun,positive,black,0.8804,noun,0.4731,0,0.39,0.52,39
190,97,1,4,4,part_of_speech_classification,part_of_speech_classification,acquisition,noun_left,MQQM,,,black,lustig,adjective,positive,black,0.8836,adjective,0.5598,0,0.34,0.47,34
190,98,2,4,4,part_of_speech_classification,part_of_speech_classification,acquisition,noun_left,MQQM,,,black,gütig,adjective,positive,black,0.8804,adjective,0.423,0,0.34,0.47,34
190,99,3,4,4,part_of_speech_classification,part_of_speech_classification,acquisition,noun_left,WJJW,,,black,einfall,noun,positive,black,0.8804,adjective,0.3785,1,0.34,0.47,34
190,100,4,4,4,part_of_speech_classification,part_of_speech_classification,acquisition,noun_left,MQQM,,,black,lustig,adjective,positive,black,0.8804,adjective,0.707,0,0.34,0.47,34
190,101,5,4,4,part_of_speech_classification,part_of_speech_classification,acquisition,noun_left,WJJW,,,black,glück,noun,positive,black,0.8805,noun,0.6301,0,0.34,0.47,34
190,102,6,4,4,part_of_speech_classification,part_of_speech_classification,acquisition,noun_left,ZYYZ,,,black,launisch,adjective,negative,black,0.8804,adjective,0.4852,0,0.34,0.47,34
190,103,7,4,4,part_of_speech_classification,part_of_speech_classification,acquisition,noun_left,ZYYZ,,,black,schlecht,adjective,negative,black,0.8804,adjective,0.4868,0,0.34,0.47,34
190,104,8,4,4,part_of_speech_classification,part_of_speech_classification,acquisition,noun_left,WJJW,,,black,liebe,noun,positive,black,0.8804,noun,0.4481,0,0.34,0.47,34
190,105,9,4,4,part_of_speech_classification,part_of_speech_classification,acquisition,noun_left,XVVX,,,black,gift,noun,negative,black,0.8804,noun,0.5264,0,0.34,0.47,34
190,106,10,4,4,part_of_speech_classification,part_of_speech_classification,acquisition,noun_left,XVVX,,,black,entführung,noun,negative,black,0.8805,noun,0.6409,0,0.34,0.47,34
190,107,11,4,4,part_of_speech_classification,part_of_speech_classification,acquisition,noun_left,XVVX,,,black,schleim,noun,negative,black,0.8804,adjective,0.4232,1,0.34,0.47,34
190,108,12,4,4,part_of_speech_classification,part_of_speech_classification,acquisition,noun_left,MQQM,,,black,ehrlich,adjective,positive,black,0.8804,adjective,0.5738,0,0.34,0.47,34
190,109,13,4,4,part_of_speech_classification,part_of_speech_classification,acquisition,noun_left,MQQM,,,black,schön,adjective,positive,black,0.8804,adjective,0.4727,0,0.34,0.47,34
190,110,14,4,4,part_of_speech_classification,part_of_speech_classification,acquisition,noun_left,XVVX,,,black,leiche,noun,negative,black,0.8804,noun,0.5207,0,0.34,0.47,34
190,111,15,4,4,part_of_speech_classification,part_of_speech_classification,acquisition,noun_left,WJJW,,,black,spaß,noun,positive,black,0.8804,noun,0.4812,0,0.34,0.47,34
190,112,16,4,4,part_of_speech_classification,part_of_speech_classification,acquisition,noun_left,XVVX,,,black,entführung,noun,negative,black,0.8804,noun,0.5382,0,0.34,0.47,34
190,113,17,4,4,part_of_speech_classification,part_of_speech_classification,acquisition,noun_left,MQQM,,,black,schön,adjective,positive,black,0.8804,adjective,0.5436,0,0.34,0.47,34
190,114,18,4,4,part_of_speech_classification,part_of_speech_classification,acquisition,noun_left,ZYYZ,,,black,gierig,adjective,negative,black,0.8804,adjective,0.4029,0,0.34,0.47,34
190,115,19,4,4,part_of_speech_classification,part_of_speech_classification,acquisition,noun_left,XVVX,,,black,gift,noun,negative,black,0.8804,noun,0.5839,0,0.34,0.47,34
190,116,20,4,4,part_of_speech_classification,part_of_speech_classification,acquisition,noun_left,MQQM,,,black,lustig,adjective,positive,black,0.8804,adjective,0.552,0,0.34,0.47,34
190,117,21,4,4,part_of_speech_classification,part_of_speech_classification,acquisition,noun_left,MQQM,,,black,gütig,adjective,positive,black,0.8804,adjective,0.5295,0,0.34,0.47,34
190,118,22,4,4,part_of_speech_classification,part_of_speech_classification,acquisition,noun_left,XVVX,,,black,gift,noun,negative,black,0.8804,adjective,0.4765,1,0.34,0.47,34
190,119,23,4,4,part_of_speech_classification,part_of_speech_classification,acquisition,noun_left,MQQM,,,black,ehrlich,adjective,positive,black,0.8804,adjective,0.5579,0,0.34,0.47,34
190,120,24,4,4,part_of_speech_classification,part_of_speech_classification,acquisition,noun_left,WJJW,,,black,glück,noun,positive,black,0.8804,noun,0.5501,0,0.34,0.47,34
190,121,25,4,4,part_of_speech_classification,part_of_speech_classification,acquisition,noun_left,ZYYZ,,,black,eitel,adjective,negative,black,0.8805,adjective,0.773,0,0.34,0.47,34
190,122,26,4,4,part_of_speech_classification,part_of_speech_classification,acquisition,noun_left,ZYYZ,,,black,launisch,adjective,negative,black,0.8804,adjective,0.5522,0,0.34,0.47,34
190,123,27,4,4,part_of_speech_classification,part_of_speech_classification,acquisition,noun_left,WJJW,,,black,einfall,noun,positive,black,0.8804,noun,0.6201,0,0.34,0.47,34
190,124,28,4,4,part_of_speech_classification,part_of_speech_classification,acquisition,noun_left,WJJW,,,black,liebe,noun,positive,black,0.8805,noun,0.5085,0,0.34,0.47,34
190,125,29,4,4,part_of_speech_classification,part_of_speech_classification,acquisition,noun_left,ZYYZ,,,black,gierig,adjective,negative,black,0.8804,adjective,0.6475,0,0.34,0.47,34
190,126,30,4,4,part_of_speech_classification,part_of_speech_classification,acquisition,noun_left,ZYYZ,,,black,launisch,adjective,negative,black,0.8804,adjective,0.522,0,0.34,0.47,34
190,127,31,4,4,part_of_speech_classification,part_of_speech_classification,acquisition,noun_left,WJJW,,,black,glück,noun,positive,black,0.8805,noun,0.4591,0,0.34,0.47,34
190,128,32,4,4,part_of_speech_classification,part_of_speech_classification,acquisition,noun_left,XVVX,,,black,leiche,noun,negative,black,0.8804,noun,0.528,0,0.34,0.47,34
190,129,33,4,4,part_of_speech_classification,part_of_speech_classification,acquisition,noun_left,ZYYZ,,,black,gierig,adjective,negative,black,0.8804,adjective,0.5014,0,0.34,0.47,34
190,130,34,4,4,part_of_speech_classification,part_of_speech_classification,acquisition,noun_left,XVVX,,,black,schleim,noun,negative,black,0.8804,noun,0.5018,0,0.34,0.47,34
190,131,35,4,4,part_of_speech_classification,part_of_speech_classification,acquisition,noun_left,ZYYZ,,,black,schlecht,adjective,negative,black,0.8804,adjective,0.5364,0,0.34,0.47,34
190,132,36,4,4,part_of_speech_classification,part_of_speech_classification,acquisition,noun_left,MQQM,,,black,schön,adjective,positive,black,0.8805,adjective,0.5494,0,0.34,0.47,34
190,133,37,4,4,part_of_speech_classification,part_of_speech_classification,acquisition,noun_left,WJJW,,,black,einfall,noun,positive,black,0.8804,noun,0.6536,0,0.34,0.47,34
190,134,38,4,4,part_of_speech_classification,part_of_speech_classification,acquisition,noun_left,MQQM,,,black,gütig,adjective,positive,black,0.8805,adjective,0.5227,0,0.34,0.47,34
190,135,39,4,4,part_of_speech_classification,part_of_speech_classification,acquisition,noun_left,ZYYZ,,,black,eitel,adjective,negative,black,0.8805,adjective,0.7163,0,0.34,0.47,34
190,136,40,4,4,part_of_speech_classification,part_of_speech_classification,acquisition,noun_left,XVVX,,,black,schleim,noun,negative,black,0.8804,noun,0.482,0,0.34,0.47,34
190,137,41,4,4,part_of_speech_classification,part_of_speech_classification,acquisition,noun_left,ZYYZ,,,black,schlecht,adjective,negative,black,0.8804,adjective,0.4928,0,0.34,0.47,34
190,138,42,4,4,part_of_speech_classification,part_of_speech_classification,acquisition,noun_left,XVVX,,,black,entführung,noun,negative,black,0.8805,noun,0.4663,0,0.34,0.47,34
190,139,43,4,4,part_of_speech_classification,part_of_speech_classification,acquisition,noun_left,ZYYZ,,,black,eitel,adjective,negative,black,0.8804,adjective,0.4553,0,0.34,0.47,34
190,140,44,4,4,part_of_speech_classification,part_of_speech_classification,acquisition,noun_left,MQQM,,,black,ehrlich,adjective,positive,black,0.8804,adjective,0.5987,0,0.34,0.47,34
190,141,45,4,4,part_of_speech_classification,part_of_speech_classification,acquisition,noun_left,XVVX,,,black,leiche,noun,negative,black,0.8805,noun,0.5065,0,0.34,0.47,34
190,142,46,4,4,part_of_speech_classification,part_of_speech_classification,acquisition,noun_left,WJJW,,,black,spaß,noun,positive,black,0.8804,noun,0.4912,0,0.34,0.47,34
190,143,47,4,4,part_of_speech_classification,part_of_speech_classification,acquisition,noun_left,WJJW,,,black,spaß,noun,positive,black,0.8804,noun,0.4429,0,0.34,0.47,34
190,144,48,4,4,part_of_speech_classification,part_of_speech_classification,acquisition,noun_left,WJJW,,,black,liebe,noun,positive,black,0.8804,noun,0.4765,0,0.34,0.47,34
190,145,1,5,5,part_of_speech_classification,part_of_speech_classification,acquisition,noun_left,MQQM,,,black,ehrlich,adjective,positive,black,0.8816,adjective,0.5685,0,0.34,0.47,34
190,146,2,5,5,part_of_speech_classification,part_of_speech_classification,acquisition,noun_left,XVVX,,,black,gift,noun,negative,black,0.8804,adjective,0.4159,1,0.34,0.47,34
190,147,3,5,5,part_of_speech_classification,part_of_speech_classification,acquisition,noun_left,WJJW,,,black,einfall,noun,positive,black,0.8804,adjective,0.5248,1,0.34,0.47,34
190,148,4,5,5,part_of_speech_classification,part_of_speech_classification,acquisition,noun_left,XVVX,,,black,schleim,noun,negative,black,0.8806,noun,0.5143,0,0.34,0.47,34
190,149,5,5,5,part_of_speech_classification,part_of_speech_classification,acquisition,noun_left,ZYYZ,,,black,schlecht,adjective,negative,black,0.8804,noun,0.3564,1,0.34,0.47,34
190,150,6,5,5,part_of_speech_classification,part_of_speech_classification,acquisition,noun_left,ZYYZ,,,black,launisch,adjective,negative,black,0.8804,adjective,0.4481,0,0.34,0.47,34
190,151,7,5,5,part_of_speech_classification,part_of_speech_classification,acquisition,noun_left,ZYYZ,,,black,gierig,adjective,negative,black,0.8804,adjective,0.3729,0,0.34,0.47,34
190,152,8,5,5,part_of_speech_classification,part_of_speech_classification,acquisition,noun_left,WJJW,,,black,glück,noun,positive,black,0.8804,adjective,0.3689,1,0.34,0.47,34
190,153,9,5,5,part_of_speech_classification,part_of_speech_classification,acquisition,noun_left,MQQM,,,black,gütig,adjective,positive,black,0.8804,adjective,0.4437,0,0.34,0.47,34
190,154,10,5,5,part_of_speech_classification,part_of_speech_classification,acquisition,noun_left,XVVX,,,black,entführung,noun,negative,black,0.8804,noun,0.4385,0,0.34,0.47,34
190,155,11,5,5,part_of_speech_classification,part_of_speech_classification,acquisition,noun_left,MQQM,,,black,lustig,adjective,positive,black,0.8804,adjective,0.4302,0,0.34,0.47,34
190,156,12,5,5,part_of_speech_classification,part_of_speech_classification,acquisition,noun_left,ZYYZ,,,black,eitel,adjective,negative,black,0.8804,adjective,0.4137,0,0.34,0.47,34
190,157,13,5,5,part_of_speech_classification,part_of_speech_classification,acquisition,noun_left,MQQM,,,black,schön,adjective,positive,black,0.8804,adjective,0.3673,0,0.34,0.47,34
190,158,14,5,5,part_of_speech_classification,part_of_speech_classification,acquisition,noun_left,WJJW,,,black,spaß,noun,positive,black,0.8804,noun,0.4698,0,0.34,0.47,34
190,159,15,5,5,part_of_speech_classification,part_of_speech_classification,acquisition,noun_left,XVVX,,,black,entführung,noun,negative,black,0.8804,noun,0.4792,0,0.34,0.47,34
190,160,16,5,5,part_of_speech_classification,part_of_speech_classification,acquisition,noun_left,MQQM,,,black,lustig,adjective,positive,black,0.8804,adjective,0.3579,0,0.34,0.47,34
190,161,17,5,5,part_of_speech_classification,part_of_speech_classification,acquisition,noun_left,ZYYZ,,,black,schlecht,adjective,negative,black,0.8804,adjective,0.4567,0,0.34,0.47,34
190,162,18,5,5,part_of_speech_classification,part_of_speech_classification,acquisition,noun_left,ZYYZ,,,black,launisch,adjective,negative,black,0.8804,adjective,0.3496,0,0.34,0.47,34
190,163,19,5,5,part_of_speech_classification,part_of_speech_classification,acquisition,noun_left,XVVX,,,black,leiche,noun,negative,black,0.8804,adjective,0.3096,1,0.34,0.47,34
190,164,20,5,5,part_of_speech_classification,part_of_speech_classification,acquisition,noun_left,WJJW,,,black,liebe,noun,positive,black,0.8804,adjective,0.4352,1,0.34,0.47,34
190,165,21,5,5,part_of_speech_classification,part_of_speech_classification,acquisition,noun_left,XVVX,,,black,schleim,noun,negative,black,0.8804,adjective,0.4197,1,0.34,0.47,34
190,166,22,5,5,part_of_speech_classification,part_of_speech_classification,acquisition,noun_left,MQQM,,,black,lustig,adjective,positive,black,0.8804,adjective,0.3329,0,0.34,0.47,34
190,167,23,5,5,part_of_speech_classification,part_of_speech_classification,acquisition,noun_left,MQQM,,,black,gütig,adjective,positive,black,0.8804,adjective,0.3529,0,0.34,0.47,34
190,168,24,5,5,part_of_speech_classification,part_of_speech_classification,acquisition,noun_left,MQQM,,,black,schön,adjective,positive,black,0.8804,adjective,0.47,0,0.34,0.47,34
190,169,25,5,5,part_of_speech_classification,part_of_speech_classification,acquisition,noun_left,ZYYZ,,,black,schlecht,adjective,negative,black,0.8805,adjective,2.235,0,0.34,0.47,34
190,170,26,5,5,part_of_speech_classification,part_of_speech_classification,acquisition,noun_left,MQQM,,,black,gütig,adjective,positive,black,0.8804,noun,0.3175,1,0.34,0.47,34
190,171,27,5,5,part_of_speech_classification,part_of_speech_classification,acquisition,noun_left,XVVX,,,black,entführung,noun,negative,black,0.8804,noun,0.4886,0,0.34,0.47,34
190,172,28,5,5,part_of_speech_classification,part_of_speech_classification,acquisition,noun_left,XVVX,,,black,schleim,noun,negative,black,0.8804,noun,0.688,0,0.34,0.47,34
190,173,29,5,5,part_of_speech_classification,part_of_speech_classification,acquisition,noun_left,WJJW,,,black,glück,noun,positive,black,0.8804,noun,0.4853,0,0.34,0.47,34
190,173,29,5,5,part_of_speech_classification,part_of_speech_classification,acquisition,noun_left,WJJW,,,black,glück,noun,positive,black,0.8804,noun,0.7592,0,0.34,0.47,34
190,174,30,5,5,part_of_speech_classification,part_of_speech_classification,acquisition,noun_left,WJJW,,,black,einfall,noun,positive,black,0.8804,adjective,0.403,1,0.34,0.47,34
190,175,31,5,5,part_of_speech_classification,part_of_speech_classification,acquisition,noun_left,XVVX,,,black,leiche,noun,negative,black,0.8804,noun,0.4951,0,0.34,0.47,34
190,176,32,5,5,part_of_speech_classification,part_of_speech_classification,acquisition,noun_left,WJJW,,,black,spaß,noun,positive,black,0.8804,noun,0.4499,0,0.34,0.47,34
190,177,33,5,5,part_of_speech_classification,part_of_speech_classification,acquisition,noun_left,ZYYZ,,,black,eitel,adjective,negative,black,0.8804,noun,0.4301,1,0.34,0.47,34
190,178,34,5,5,part_of_speech_classification,part_of_speech_classification,acquisition,noun_left,MQQM,,,black,schön,adjective,positive,black,0.8804,noun,0.4251,1,0.34,0.47,34
190,179,35,5,5,part_of_speech_classification,part_of_speech_classification,acquisition,noun_left,WJJW,,,black,liebe,noun,positive,black,0.8804,noun,0.5198,0,0.34,0.47,34
190,180,36,5,5,part_of_speech_classification,part_of_speech_classification,acquisition,noun_left,ZYYZ,,,black,launisch,adjective,negative,black,0.8804,noun,0.4449,1,0.34,0.47,34
190,181,37,5,5,part_of_speech_classification,part_of_speech_classification,acquisition,noun_left,XVVX,,,black,leiche,noun,negative,black,0.8821,noun,0.5378,0,0.34,0.47,34
190,182,38,5,5,part_of_speech_classification,part_of_speech_classification,acquisition,noun_left,MQQM,,,black,ehrlich,adjective,positive,black,0.8804,noun,0.3676,1,0.34,0.47,34
190,183,39,5,5,part_of_speech_classification,part_of_speech_classification,acquisition,noun_left,ZYYZ,,,black,gierig,adjective,negative,black,0.8805,adjective,0.4942,0,0.34,0.47,34
190,184,40,5,5,part_of_speech_classification,part_of_speech_classification,acquisition,noun_left,WJJW,,,black,einfall,noun,positive,black,0.8804,noun,0.5372,0,0.34,0.47,34
190,185,41,5,5,part_of_speech_classification,part_of_speech_classification,acquisition,noun_left,XVVX,,,black,gift,noun,negative,black,0.8804,adjective,0.5045,1,0.34,0.47,34
190,186,42,5,5,part_of_speech_classification,part_of_speech_classification,acquisition,noun_left,ZYYZ,,,black,eitel,adjective,negative,black,0.8804,adjective,1.0507,0,0.34,0.47,34
190,187,43,5,5,part_of_speech_classification,part_of_speech_classification,acquisition,noun_left,XVVX,,,black,gift,noun,negative,black,0.8805,noun,0.4964,0,0.34,0.47,34
190,188,44,5,5,part_of_speech_classification,part_of_speech_classification,acquisition,noun_left,WJJW,,,black,spaß,noun,positive,black,0.8804,noun,0.4881,0,0.34,0.47,34
190,189,45,5,5,part_of_speech_classification,part_of_speech_classification,acquisition,noun_left,ZYYZ,,,black,gierig,adjective,negative,black,0.8804,adjective,0.443,0,0.34,0.47,34
190,190,46,5,5,part_of_speech_classification,part_of_speech_classification,acquisition,noun_left,WJJW,,,black,liebe,noun,positive,black,0.8804,noun,0.5527,0,0.34,0.47,34
190,191,47,5,5,part_of_speech_classification,part_of_speech_classification,acquisition,noun_left,MQQM,,,black,ehrlich,adjective,positive,black,0.8804,adjective,0.5518,0,0.34,0.47,34
190,192,48,5,5,part_of_speech_classification,part_of_speech_classification,acquisition,noun_left,WJJW,,,black,glück,noun,positive,black,0.8804,noun,0.5701,0,0.34,0.47,34
190,193,1,9,4,part_of_speech_classification,part_of_speech_classification,classification_1,noun_left,ZYYZ,,,black,gierig,adjective,negative,black,0.8806,adjective,0.5637,0,0.34,0.47,34
190,194,2,9,4,part_of_speech_classification,part_of_speech_classification,classification_1,noun_left,WJJW,,,black,schön,adjective,positive,black,0.8804,adjective,0.3741,0,0.34,0.47,34
190,195,3,9,4,part_of_speech_classification,part_of_speech_classification,classification_1,noun_left,MQQM,,,black,gütig,adjective,positive,black,0.8804,adjective,0.3729,0,0.34,0.47,34
190,196,4,9,4,part_of_speech_classification,part_of_speech_classification,classification_1,noun_left,XVVX,,,black,schlecht,adjective,negative,black,0.8804,adjective,0.3731,0,0.34,0.47,34
190,197,5,9,4,part_of_speech_classification,part_of_speech_classification,classification_1,noun_left,XVVX,,,black,leiche,noun,negative,black,0.8805,adjective,0.4037,1,0.34,0.47,34
190,198,6,9,4,part_of_speech_classification,part_of_speech_classification,classification_1,noun_left,XVVX,,,black,launisch,adjective,negative,black,0.8804,adjective,0.4629,0,0.34,0.47,34
190,199,7,9,4,part_of_speech_classification,part_of_speech_classification,classification_1,noun_left,XVVX,,,black,eitel,adjective,negative,black,0.8804,adjective,0.7141,0,0.34,0.47,34
190,200,8,9,4,part_of_speech_classification,part_of_speech_classification,classification_1,noun_left,ZYYZ,,,black,entführung,noun,negative,black,0.8804,noun,0.52,0,0.34,0.47,34
190,200,8,9,4,part_of_speech_classification,part_of_speech_classification,classification_1,noun_left,ZYYZ,,,black,entführung,noun,negative,black,0.8804,noun,0.7724,0,0.34,0.47,34
190,201,9,9,4,part_of_speech_classification,part_of_speech_classification,classification_1,noun_left,WJJW,,,black,ehrlich,adjective,positive,black,0.8804,adjective,0.4273,0,0.34,0.47,34
190,202,10,9,4,part_of_speech_classification,part_of_speech_classification,classification_1,noun_left,XVVX,,,black,entführung,noun,negative,black,0.8804,noun,0.453,0,0.34,0.47,34
190,203,11,9,4,part_of_speech_classification,part_of_speech_classification,classification_1,noun_left,XVVX,,,black,gierig,adjective,negative,black,0.8804,adjective,0.3866,0,0.34,0.47,34
190,204,12,9,4,part_of_speech_classification,part_of_speech_classification,classification_1,noun_left,MQQM,,,black,lustig,adjective,positive,black,0.8805,adjective,0.4458,0,0.34,0.47,34
190,205,13,9,4,part_of_speech_classification,part_of_speech_classification,classification_1,noun_left,MQQM,,,black,gütig,adjective,positive,black,0.8804,noun,0.3702,1,0.34,0.47,34
190,206,14,9,4,part_of_speech_classification,part_of_speech_classification,classification_1,noun_left,WJJW,,,black,lustig,adjective,positive,black,0.8804,adjective,0.4957,0,0.34,0.47,34
190,207,15,9,4,part_of_speech_classification,part_of_speech_classification,classification_1,noun_left,ZYYZ,,,black,gift,noun,negative,black,0.8805,adjective,0.3556,1,0.34,0.47,34
190,208,16,9,4,part_of_speech_classification,part_of_speech_classification,classification_1,noun_left,WJJW,,,black,schön,adjective,positive,black,0.8804,adjective,0.4386,0,0.34,0.47,34
190,209,17,9,4,part_of_speech_classification,part_of_speech_classification,classification_1,noun_left,XVVX,,,black,entführung,noun,negative,black,0.8804,noun,0.4594,0,0.34,0.47,34
190,210,18,9,4,part_of_speech_classification,part_of_speech_classification,classification_1,noun_left,MQQM,,,black,gütig,adjective,positive,black,0.8804,adjective,0.383,0,0.34,0.47,34
190,211,19,9,4,part_of_speech_classification,part_of_speech_classification,classification_1,noun_left,ZYYZ,,,black,schlecht,adjective,negative,black,0.8804,adjective,0.3529,0,0.34,0.47,34
190,212,20,9,4,part_of_speech_classification,part_of_speech_classification,classification_1,noun_left,MQQM,,,black,glück,noun,positive,black,0.8804,adjective,0.3602,1,0.34,0.47,34
190,213,21,9,4,part_of_speech_classification,part_of_speech_classification,classification_1,noun_left,WJJW,,,black,spaß,noun,positive,black,0.8804,noun,0.4666,0,0.34,0.47,34
190,214,22,9,4,part_of_speech_classification,part_of_speech_classification,classification_1,noun_left,XVVX,,,black,gierig,adjective,negative,black,0.8805,adjective,0.4061,0,0.34,0.47,34
190,215,23,9,4,part_of_speech_classification,part_of_speech_classification,classification_1,noun_left,MQQM,,,black,ehrlich,adjective,positive,black,0.8804,adjective,0.4029,0,0.34,0.47,34
190,216,24,9,4,part_of_speech_classification,part_of_speech_classification,classification_1,noun_left,ZYYZ,,,black,schleim,noun,negative,black,0.8804,adjective,0.4154,1,0.34,0.47,34
190,217,25,9,4,part_of_speech_classification,part_of_speech_classification,classification_1,noun_left,MQQM,,,black,einfall,noun,positive,black,0.8804,adjective,0.3551,1,0.34,0.47,34
190,218,26,9,4,part_of_speech_classification,part_of_speech_classification,classification_1,noun_left,MQQM,,,black,liebe,noun,positive,black,0.8804,noun,0.5217,0,0.34,0.47,34
190,219,27,9,4,part_of_speech_classification,part_of_speech_classification,classification_1,noun_left,XVVX,,,black,schleim,noun,negative,black,0.8804,noun,0.4895,0,0.34,0.47,34
190,220,28,9,4,part_of_speech_classification,part_of_speech_classification,classification_1,noun_left,XVVX,,,black,launisch,adjective,negative,black,0.8804,adjective,0.5019,0,0.34,0.47,34
190,221,29,9,4,part_of_speech_classification,part_of_speech_classification,classification_1,noun_left,XVVX,,,black,leiche,noun,negative,black,0.8804,noun,0.5131,0,0.34,0.47,34
190,222,30,9,4,part_of_speech_classification,part_of_speech_classification,classification_1,noun_left,WJJW,,,black,schön,adjective,positive,black,0.8804,adjective,0.6399,0,0.34,0.47,34
190,223,31,9,4,part_of_speech_classification,part_of_speech_classification,classification_1,noun_left,MQQM,,,black,liebe,noun,positive,black,0.8805,noun,0.5979,0,0.34,0.47,34
190,224,32,9,4,part_of_speech_classification,part_of_speech_classification,classification_1,noun_left,WJJW,,,black,glück,noun,positive,black,0.8804,adjective,0.4793,1,0.34,0.47,34
190,224,32,9,4,part_of_speech_classification,part_of_speech_classification,classification_1,noun_left,WJJW,,,black,glück,noun,positive,black,0.8804,noun,0.5416,0,0.34,0.47,34
190,225,33,9,4,part_of_speech_classification,part_of_speech_classification,classification_1,noun_left,ZYYZ,,,black,launisch,adjective,negative,black,0.8804,adjective,0.4925,0,0.34,0.47,34
190,226,34,9,4,part_of_speech_classification,part_of_speech_classification,classification_1,noun_left,WJJW,,,black,liebe,noun,positive,black,0.8804,noun,0.4958,0,0.34,0.47,34
190,227,35,9,4,part_of_speech_classification,part_of_speech_classification,classification_1,noun_left,ZYYZ,,,black,eitel,adjective,negative,black,0.8804,noun,0.4944,1,0.34,0.47,34
190,228,36,9,4,part_of_speech_classification,part_of_speech_classification,classification_1,noun_left,WJJW,,,black,lustig,adjective,positive,black,0.8804,adjective,0.3594,0,0.34,0.47,34
190,229,37,9,4,part_of_speech_classification,part_of_speech_classification,classification_1,noun_left,MQQM,,,black,einfall,noun,positive,black,0.8805,adjective,0.3455,1,0.34,0.47,34
190,230,38,9,4,part_of_speech_classification,part_of_speech_classification,classification_1,noun_left,WJJW,,,black,glück,noun,positive,black,0.8804,noun,0.468,0,0.34,0.47,34
190,231,39,9,4,part_of_speech_classification,part_of_speech_classification,classification_1,noun_left,MQQM,,,black,spaß,noun,positive,black,0.8804,adjective,0.3275,1,0.34,0.47,34
190,232,40,9,4,part_of_speech_classification,part_of_speech_classification,classification_1,noun_left,ZYYZ,,,black,leiche,noun,negative,black,0.8804,noun,0.6202,0,0.34,0.47,34
190,233,41,9,4,part_of_speech_classification,part_of_speech_classification,classification_1,noun_left,WJJW,,,black,einfall,noun,positive,black,0.8804,adjective,0.3896,1,0.34,0.47,34
190,234,42,9,4,part_of_speech_classification,part_of_speech_classification,classification_1,noun_left,MQQM,,,black,ehrlich,adjective,positive,black,0.8804,noun,0.4386,1,0.34,0.47,34
190,235,43,9,4,part_of_speech_classification,part_of_speech_classification,classification_1,noun_left,ZYYZ,,,black,schlecht,adjective,negative,black,0.8805,adjective,0.6315,0,0.34,0.47,34
190,236,44,9,4,part_of_speech_classification,part_of_speech_classification,classification_1,noun_left,ZYYZ,,,black,gift,noun,negative,black,0.8804,noun,0.69,0,0.34,0.47,34
190,237,45,9,4,part_of_speech_classification,part_of_speech_classification,classification_1,noun_left,ZYYZ,,,black,gift,noun,negative,black,0.8804,noun,0.437,0,0.34,0.47,34
190,238,46,9,4,part_of_speech_classification,part_of_speech_classification,classification_1,noun_left,WJJW,,,black,spaß,noun,positive,black,0.8804,noun,0.3981,0,0.34,0.47,34
190,239,47,9,4,part_of_speech_classification,part_of_speech_classification,classification_1,noun_left,XVVX,,,black,schleim,noun,negative,black,0.8804,adjective,0.4531,1,0.34,0.47,34
190,240,48,9,4,part_of_speech_classification,part_of_speech_classification,classification_1,noun_left,ZYYZ,,,black,eitel,adjective,negative,black,0.8805,noun,0.3842,1,0.34,0.47,34
190,241,1,10,5,part_of_speech_classification,part_of_speech_classification,classification_1,noun_left,ZYYZ,,,black,gift,noun,negative,black,0.8814,adjective,0.5749,1,0.34,0.47,34
190,242,2,10,5,part_of_speech_classification,part_of_speech_classification,classification_1,noun_left,WJJW,,,black,ehrlich,adjective,positive,black,0.8804,adjective,0.5967,0,0.34,0.47,34
190,243,3,10,5,part_of_speech_classification,part_of_speech_classification,classification_1,noun_left,WJJW,,,black,schön,adjective,positive,black,0.8804,adjective,0.3028,0,0.34,0.47,34
190,244,4,10,5,part_of_speech_classification,part_of_speech_classification,classification_1,noun_left,ZYYZ,,,black,gierig,adjective,negative,black,0.8804,adjective,0.3246,0,0.34,0.47,34
190,245,5,10,5,part_of_speech_classification,part_of_speech_classification,classification_1,noun_left,ZYYZ,,,black,eitel,adjective,negative,black,0.8804,adjective,0.3059,0,0.34,0.47,34
190,246,6,10,5,part_of_speech_classification,part_of_speech_classification,classification_1,noun_left,WJJW,,,black,ehrlich,adjective,positive,black,0.8804,adjective,0.3148,0,0.34,0.47,34
190,247,7,10,5,part_of_speech_classification,part_of_speech_classification,classification_1,noun_left,MQQM,,,black,lustig,adjective,positive,black,0.8804,adjective,0.2974,0,0.34,0.47,34
190,248,8,10,5,part_of_speech_classification,part_of_speech_classification,classification_1,noun_left,MQQM,,,black,gütig,adjective,positive,black,0.8804,adjective,0.3751,0,0.34,0.47,34
190,249,9,10,5,part_of_speech_classification,part_of_speech_classification,classification_1,noun_left,ZYYZ,,,black,schleim,noun,negative,black,0.8804,adjective,0.2783,1,0.34,0.47,34
190,250,10,10,5,part_of_speech_classification,part_of_speech_classification,classification_1,noun_left,MQQM,,,black,lustig,adjective,positive,black,0.8804,adjective,0.4693,0,0.34,0.47,34
190,251,11,10,5,part_of_speech_classification,part_of_speech_classification,classification_1,noun_left,MQQM,,,black,gütig,adjective,positive,black,0.8809,adjective,0.3705,0,0.34,0.47,34
190,252,12,10,5,part_of_speech_classification,part_of_speech_classification,classification_1,noun_left,ZYYZ,,,black,schlecht,adjective,negative,black,0.8809,adjective,0.3436,0,0.34,0.47,34
190,253,13,10,5,part_of_speech_classification,part_of_speech_classification,classification_1,noun_left,WJJW,,,black,liebe,noun,positive,black,0.8806,adjective,0.3588,1,0.34,0.47,34
190,254,14,10,5,part_of_speech_classification,part_of_speech_classification,classification_1,noun_left,WJJW,,,black,einfall,noun,positive,black,0.8804,adjective,0.4709,1,0.34,0.47,34
190,255,15,10,5,part_of_speech_classification,part_of_speech_classification,classification_1,noun_left,WJJW,,,black,spaß,noun,positive,black,0.8804,noun,0.3741,0,0.34,0.47,34
190,256,16,10,5,part_of_speech_classification,part_of_speech_classification,classification_1,noun_left,WJJW,,,black,glück,noun,positive,black,0.8804,adjective,0.4603,1,0.34,0.47,34
190,257,17,10,5,part_of_speech_classification,part_of_speech_classification,classification_1,noun_left,ZYYZ,,,black,schleim,noun,negative,black,0.8804,adjective,0.5017,1,0.34,0.47,34
190,257,17,10,5,part_of_speech_classification,part_of_speech_classification,classification_1,noun_left,ZYYZ,,,black,schleim,noun,negative,black,0.8804,noun,0.5679,0,0.34,0.47,34
190,258,18,10,5,part_of_speech_classification,part_of_speech_classification,classification_1,noun_left,ZYYZ,,,black,launisch,adjective,negative,black,0.8804,adjective,0.4751,0,0.34,0.47,34
190,259,19,10,5,part_of_speech_classification,part_of_speech_classification,classification_1,noun_left,XVVX,,,black,entführung,noun,negative,black,0.8805,noun,0.395,0,0.34,0.47,34
190,260,20,10,5,part_of_speech_classification,part_of_speech_classification,classification_1,noun_left,MQQM,,,black,lustig,adjective,positive,black,0.8804,noun,0.3756,1,0.34,0.47,34
190,261,21,10,5,part_of_speech_classification,part_of_speech_classification,classification_1,noun_left,ZYYZ,,,black,entführung,noun,negative,black,0.8804,adjective,0.3767,1,0.34,0.47,34
190,262,22,10,5,part_of_speech_classification,part_of_speech_classification,classification_1,noun_left,XVVX,,,black,eitel,adjective,negative,black,0.8804,noun,0.463,1,0.34,0.47,34
190,263,23,10,5,part_of_speech_classification,part_of_speech_classification,classification_1,noun_left,XVVX,,,black,leiche,noun,negative,black,0.8805,noun,0.5457,0,0.34,0.47,34
190,264,24,10,5,part_of_speech_classification,part_of_speech_classification,classification_1,noun_left,MQQM,,,black,gütig,adjective,positive,black,0.8805,adjective,0.4632,0,0.34,0.47,34
190,265,25,10,5,part_of_speech_classification,part_of_speech_classification,classification_1,noun_left,MQQM,,,black,glück,noun,positive,black,0.8805,adjective,0.373,1,0.34,0.47,34
190,266,26,10,5,part_of_speech_classification,part_of_speech_classification,classification_1,noun_left,XVVX,,,black,gierig,adjective,negative,black,0.8804,adjective,0.4191,0,0.34,0.47,34
190,267,27,10,5,part_of_speech_classification,part_of_speech_classification,classification_1,noun_left,WJJW,,,black,ehrlich,adjective,positive,black,0.8805,adjective,0.4331,0,0.34,0.47,34
190,268,28,10,5,part_of_speech_classification,part_of_speech_classification,classification_1,noun_left,ZYYZ,,,black,schlecht,adjective,negative,black,0.8805,adjective,0.3532,0,0.34,0.47,34
190,269,29,10,5,part_of_speech_classification,part_of_speech_classification,classification_1,noun_left,ZYYZ,,,black,gift,noun,negative,black,0.8804,noun,0.333,0,0.34,0.47,34
190,270,30,10,5,part_of_speech_classification,part_of_speech_classification,classification_1,noun_left,MQQM,,,black,einfall,noun,positive,black,0.8804,adjective,0.4455,1,0.34,0.47,34
190,271,31,10,5,part_of_speech_classification,part_of_speech_classification,classification_1,noun_left,WJJW,,,black,glück,noun,positive,black,0.8804,adjective,0.4551,1,0.34,0.47,34
190,271,31,10,5,part_of_speech_classification,part_of_speech_classification,classification_1,noun_left,WJJW,,,black,glück,noun,positive,black,0.8804,noun,0.5552,0,0.34,0.47,34
190,272,32,10,5,part_of_speech_classification,part_of_speech_classification,classification_1,noun_left,XVVX,,,black,gierig,adjective,negative,black,0.8804,adjective,0.5279,0,0.34,0.47,34
190,273,33,10,5,part_of_speech_classification,part_of_speech_classification,classification_1,noun_left,MQQM,,,black,liebe,noun,positive,black,0.8804,noun,0.5157,0,0.34,0.47,34
190,274,34,10,5,part_of_speech_classification,part_of_speech_classification,classification_1,noun_left,ZYYZ,,,black,gift,noun,negative,black,0.8808,noun,0.3587,0,0.34,0.47,34
190,275,35,10,5,part_of_speech_classification,part_of_speech_classification,classification_1,noun_left,XVVX,,,black,entführung,noun,negative,black,0.8805,noun,0.4857,0,0.34,0.47,34
190,275,35,10,5,part_of_speech_classification,part_of_speech_classification,classification_1,noun_left,XVVX,,,black,entführung,noun,negative,black,0.8805,noun,0.8036,0,0.34,0.47,34
190,276,36,10,5,part_of_speech_classification,part_of_speech_classification,classification_1,noun_left,WJJW,,,black,einfall,noun,positive,black,0.8804,noun,0.3692,0,0.34,0.47,34
190,277,37,10,5,part_of_speech_classification,part_of_speech_classification,classification_1,noun_left,ZYYZ,,,black,launisch,adjective,negative,black,0.8804,noun,0.3251,1,0.34,0.47,34
190,278,38,10,5,part_of_speech_classification,part_of_speech_classification,classification_1,noun_left,XVVX,,,black,leiche,noun,negative,black,0.8804,adjective,0.4726,1,0.34,0.47,34
190,279,39,10,5,part_of_speech_classification,part_of_speech_classification,classification_1,noun_left,XVVX,,,black,schleim,noun,negative,black,0.8804,adjective,0.4368,1,0.34,0.47,34
190,280,40,10,5,part_of_speech_classification,part_of_speech_classification,classification_1,noun_left,XVVX,,,black,eitel,adjective,negative,black,0.8804,adjective,0.4176,0,0.34,0.47,34
190,281,41,10,5,part_of_speech_classification,part_of_speech_classification,classification_1,noun_left,XVVX,,,black,schlecht,adjective,negative,black,0.8804,adjective,0.533,0,0.34,0.47,34
190,282,42,10,5,part_of_speech_classification,part_of_speech_classification,classification_1,noun_left,WJJW,,,black,schön,adjective,positive,black,0.8804,adjective,0.5292,0,0.34,0.47,34
190,283,43,10,5,part_of_speech_classification,part_of_speech_classification,classification_1,noun_left,MQQM,,,black,spaß,noun,positive,black,0.8804,noun,0.494,0,0.34,0.47,34
190,284,44,10,5,part_of_speech_classification,part_of_speech_classification,classification_1,noun_left,XVVX,,,black,leiche,noun,negative,black,0.8804,adjective,0.4353,1,0.34,0.47,34
190,285,45,10,5,part_of_speech_classification,part_of_speech_classification,classification_1,noun_left,MQQM,,,black,liebe,noun,positive,black,0.8804,noun,0.3552,0,0.34,0.47,34
190,286,46,10,5,part_of_speech_classification,part_of_speech_classification,classification_1,noun_left,MQQM,,,black,spaß,noun,positive,black,0.8804,noun,0.3881,0,0.34,0.47,34
190,287,47,10,5,part_of_speech_classification,part_of_speech_classification,classification_1,noun_left,WJJW,,,black,schön,adjective,positive,black,0.8804,adjective,0.3853,0,0.34,0.47,34
190,288,48,10,5,part_of_speech_classification,part_of_speech_classification,classification_1,noun_left,XVVX,,,black,launisch,adjective,negative,black,0.8804,adjective,0.4272,0,0.34,0.47,34
190,289,1,11,1,part_of_speech_classification,valence_classification,classification_2,negative_left,XVVX,,,black,entführung,noun,negative,black,0.881,negative,2.8888,0,0.34,0.47,34
190,290,2,11,1,part_of_speech_classification,valence_classification,classification_2,negative_left,ZYYZ,,,black,lustig,adjective,positive,black,0.8804,positive,0.8295,0,0.34,0.47,34
190,291,3,11,1,part_of_speech_classification,valence_classification,classification_2,negative_left,WJJW,,,black,glück,noun,positive,black,0.8804,positive,0.4274,0,0.34,0.47,34
190,292,4,11,1,part_of_speech_classification,valence_classification,classification_2,negative_left,ZYYZ,,,black,ehrlich,adjective,positive,black,0.8804,positive,0.503,0,0.34,0.47,34
190,293,5,11,1,part_of_speech_classification,valence_classification,classification_2,negative_left,XVVX,,,black,glück,noun,positive,black,0.8804,positive,0.473,0,0.34,0.47,34
190,294,6,11,1,part_of_speech_classification,valence_classification,classification_2,negative_left,MQQM,,,black,schlecht,adjective,negative,black,0.8804,negative,0.4743,0,0.34,0.47,34
190,295,7,11,1,part_of_speech_classification,valence_classification,classification_2,negative_left,WJJW,,,black,schleim,noun,negative,black,0.8804,negative,0.4831,0,0.34,0.47,34
190,296,8,11,1,part_of_speech_classification,valence_classification,classification_2,negative_left,ZYYZ,,,black,eitel,adjective,negative,black,0.8804,negative,0.369,0,0.34,0.47,34
190,297,9,11,1,part_of_speech_classification,valence_classification,classification_2,negative_left,MQQM,,,black,ehrlich,adjective,positive,black,0.8804,positive,0.625,0,0.34,0.47,34
190,298,10,11,1,part_of_speech_classification,valence_classification,classification_2,negative_left,MQQM,,,black,launisch,adjective,negative,black,0.8804,positive,0.6202,1,0.34,0.47,34
190,299,11,11,1,part_of_speech_classification,valence_classification,classification_2,negative_left,ZYYZ,,,black,eitel,adjective,negative,black,0.8804,negative,1.6054,0,0.34,0.47,34
190,300,12,11,1,part_of_speech_classification,valence_classification,classification_2,negative_left,MQQM,,,black,gütig,adjective,positive,black,0.8804,positive,1.5001,0,0.34,0.47,34
190,301,13,11,1,part_of_speech_classification,valence_classification,classification_2,negative_left,XVVX,,,black,entführung,noun,negative,black,0.8804,negative,0.6448,0,0.34,0.47,34
190,302,14,11,1,part_of_speech_classification,valence_classification,classification_2,negative_left,MQQM,,,black,schön,adjective,positive,black,0.8805,positive,0.627,0,0.34,0.47,34
190,303,15,11,1,part_of_speech_classification,valence_classification,classification_2,negative_left,ZYYZ,,,black,gierig,adjective,negative,black,0.8804,negative,0.7578,0,0.34,0.47,34
190,304,16,11,1,part_of_speech_classification,valence_classification,classification_2,negative_left,WJJW,,,black,liebe,noun,positive,black,0.8804,positive,0.5618,0,0.34,0.47,34
190,305,17,11,1,part_of_speech_classification,valence_classification,classification_2,negative_left,XVVX,,,black,spaß,noun,positive,black,0.8804,positive,0.4825,0,0.34,0.47,34
190,306,18,11,1,part_of_speech_classification,valence_classification,classification_2,negative_left,ZYYZ,,,black,gütig,adjective,positive,black,0.8804,positive,0.5965,0,0.34,0.47,34
190,307,19,11,1,part_of_speech_classification,valence_classification,classification_2,negative_left,MQQM,,,black,gierig,adjective,negative,black,0.8804,positive,0.4653,1,0.34,0.47,34
190,308,20,11,1,part_of_speech_classification,valence_classification,classification_2,negative_left,WJJW,,,black,einfall,noun,positive,black,0.8804,positive,1.3825,0,0.34,0.47,34
190,309,21,11,1,part_of_speech_classification,valence_classification,classification_2,negative_left,WJJW,,,black,leiche,noun,negative,black,0.8804,negative,0.675,0,0.34,0.47,34
190,310,22,11,1,part_of_speech_classification,valence_classification,classification_2,negative_left,XVVX,,,black,gift,noun,negative,black,0.8804,negative,1.735,0,0.34,0.47,34
190,311,23,11,1,part_of_speech_classification,valence_classification,classification_2,negative_left,WJJW,,,black,gift,noun,negative,black,0.8804,negative,1.2657,0,0.34,0.47,34
190,312,24,11,1,part_of_speech_classification,valence_classification,classification_2,negative_left,XVVX,,,black,einfall,noun,positive,black,0.8804,positive,0.9564,0,0.34,0.47,34
190,313,1,12,2,part_of_speech_classification,valence_classification,classification_2,negative_left,ZYYZ,,,black,gierig,adjective,negative,black,0.8816,negative,0.6639,0,0.34,0.47,34
190,314,2,12,2,part_of_speech_classification,valence_classification,classification_2,negative_left,XVVX,,,black,glück,noun,positive,black,0.8805,negative,0.3683,1,0.34,0.47,34
190,315,3,12,2,part_of_speech_classification,valence_classification,classification_2,negative_left,MQQM,,,black,ehrlich,adjective,positive,black,0.8804,negative,0.4999,1,0.34,0.47,34
190,315,3,12,2,part_of_speech_classification,valence_classification,classification_2,negative_left,MQQM,,,black,ehrlich,adjective,positive,black,0.8804,positive,0.6328,0,0.34,0.47,34
190,316,4,12,2,part_of_speech_classification,valence_classification,classification_2,negative_left,MQQM,,,black,gütig,adjective,positive,black,0.8804,positive,0.7287,0,0.34,0.47,34
190,317,5,12,2,part_of_speech_classification,valence_classification,classification_2,negative_left,XVVX,,,black,glück,noun,positive,black,0.8805,positive,0.3739,0,0.34,0.47,34
190,318,6,12,2,part_of_speech_classification,valence_classification,classification_2,negative_left,MQQM,,,black,lustig,adjective,positive,black,0.8804,positive,0.3287,0,0.34,0.47,34
190,319,7,12,2,part_of_speech_classification,valence_classification,classification_2,negative_left,ZYYZ,,,black,schlecht,adjective,negative,black,0.8805,negative,0.5107,0,0.34,0.47,34
190,320,8,12,2,part_of_speech_classification,valence_classification,classification_2,negative_left,MQQM,,,black,eitel,adjective,negative,black,0.8804,positive,0.5225,1,0.34,0.47,34
190,321,9,12,2,part_of_speech_classification,valence_classification,classification_2,negative_left,XVVX,,,black,leiche,noun,negative,black,0.8804,negative,0.5093,0,0.34,0.47,34
190,322,10,12,2,part_of_speech_classification,valence_classification,classification_2,negative_left,WJJW,,,black,einfall,noun,positive,black,0.8804,negative,0.6177,1,0.34,0.47,34
190,323,11,12,2,part_of_speech_classification,valence_classification,classification_2,negative_left,ZYYZ,,,black,schön,adjective,positive,black,0.8804,positive,0.4052,0,0.34,0.47,34
190,324,12,12,2,part_of_speech_classification,valence_classification,classification_2,negative_left,MQQM,,,black,eitel,adjective,negative,black,0.8804,positive,0.3573,1,0.34,0.47,34
190,325,13,12,2,part_of_speech_classification,valence_classification,classification_2,negative_left,MQQM,,,black,launisch,adjective,negative,black,0.8804,positive,0.5345,1,0.34,0.47,34
190,326,14,12,2,part_of_speech_classification,valence_classification,classification_2,negative_left,WJJW,,,black,liebe,noun,positive,black,0.8804,negative,0.5421,1,0.34,0.47,34
190,327,15,12,2,part_of_speech_classification,valence_classification,classification_2,negative_left,WJJW,,,black,schleim,noun,negative,black,0.8804,negative,0.4694,0,0.34,0.47,34
190,328,16,12,2,part_of_speech_classification,valence_classification,classification_2,negative_left,ZYYZ,,,black,ehrlich,adjective,positive,black,0.8804,positive,0.4631,0,0.34,0.47,34
190,329,17,12,2,part_of_speech_classification,valence_classification,classification_2,negative_left,ZYYZ,,,black,gierig,adjective,negative,black,0.8805,negative,0.6579,0,0.34,0.47,34
190,330,18,12,2,part_of_speech_classification,valence_classification,classification_2,negative_left,WJJW,,,black,einfall,noun,positive,black,0.8804,positive,0.3253,0,0.34,0.47,34
190,331,19,12,2,part_of_speech_classification,valence_classification,classification_2,negative_left,WJJW,,,black,gift,noun,negative,black,0.8805,positive,0.3328,1,0.34,0.47,34
190,332,20,12,2,part_of_speech_classification,valence_classification,classification_2,negative_left,XVVX,,,black,entführung,noun,negative,black,0.8804,negative,0.2528,0,0.34,0.47,34
190,333,21,12,2,part_of_speech_classification,valence_classification,classification_2,negative_left,XVVX,,,black,gift,noun,negative,black,0.8804,negative,0.3329,0,0.34,0.47,34
190,334,22,12,2,part_of_speech_classification,valence_classification,classification_2,negative_left,ZYYZ,,,black,gütig,adjective,positive,black,0.8804,negative,0.2828,1,0.34,0.47,34
190,335,23,12,2,part_of_speech_classification,valence_classification,classification_2,negative_left,XVVX,,,black,spaß,noun,positive,black,0.8804,negative,0.4938,1,0.34,0.47,34
190,336,24,12,2,part_of_speech_classification,valence_classification,classification_2,negative_left,WJJW,,,black,entführung,noun,negative,black,0.8804,positive,0.413,1,0.34,0.47,34
190,337,1,13,3,part_of_speech_classification,valence_classification,classification_2,negative_left,ZYYZ,,,black,lustig,adjective,positive,black,0.8805,positive,0.3401,0,0.34,0.47,34
190,338,2,13,3,part_of_speech_classification,valence_classification,classification_2,negative_left,WJJW,,,black,liebe,noun,positive,black,0.8805,positive,0.2401,0,0.34,0.47,34
190,339,3,13,3,part_of_speech_classification,valence_classification,classification_2,negative_left,XVVX,,,black,entführung,noun,negative,black,0.8804,positive,0.235,1,0.34,0.47,34
190,340,4,13,3,part_of_speech_classification,valence_classification,classification_2,negative_left,XVVX,,,black,glück,noun,positive,black,0.8804,negative,0.2728,1,0.34,0.47,34
190,341,5,13,3,part_of_speech_classification,valence_classification,classification_2,negative_left,WJJW,,,black,liebe,noun,positive,black,0.8804,positive,0.2985,0,0.34,0.47,34
190,342,6,13,3,part_of_speech_classification,valence_classification,classification_2,negative_left,MQQM,,,black,schön,adjective,positive,black,0.8804,positive,0.3239,0,0.34,0.47,34
190,343,7,13,3,part_of_speech_classification,valence_classification,classification_2,negative_left,XVVX,,,black,glück,noun,positive,black,0.8804,positive,0.3392,0,0.34,0.47,34
190,344,8,13,3,part_of_speech_classification,valence_classification,classification_2,negative_left,WJJW,,,black,schleim,noun,negative,black,0.8805,positive,0.3864,1,0.34,0.47,34
190,345,9,13,3,part_of_speech_classification,valence_classification,classification_2,negative_left,MQQM,,,black,gierig,adjective,negative,black,0.8804,negative,0.4152,0,0.34,0.47,34
190,346,10,13,3,part_of_speech_classification,valence_classification,classification_2,negative_left,WJJW,,,black,gift,noun,negative,black,0.8805,negative,0.4131,0,0.34,0.47,34
190,347,11,13,3,part_of_speech_classification,valence_classification,classification_2,negative_left,MQQM,,,black,schön,adjective,positive,black,0.8804,positive,0.4403,0,0.34,0.47,34
190,348,12,13,3,part_of_speech_classification,valence_classification,classification_2,negative_left,XVVX,,,black,einfall,noun,positive,black,0.8804,positive,0.3487,0,0.34,0.47,34
190,349,13,13,3,part_of_speech_classification,valence_classification,classification_2,negative_left,XVVX,,,black,einfall,noun,positive,black,0.8804,positive,0.4192,0,0.34,0.47,34
190,350,14,13,3,part_of_speech_classification,valence_classification,classification_2,negative_left,ZYYZ,,,black,ehrlich,adjective,positive,black,0.8804,negative,0.3029,1,0.34,0.47,34
190,351,15,13,3,part_of_speech_classification,valence_classification,classification_2,negative_left,XVVX,,,black,gift,noun,negative,black,0.8804,negative,0.4912,0,0.34,0.47,34
190,352,16,13,3,part_of_speech_classification,valence_classification,classification_2,negative_left,MQQM,,,black,ehrlich,adjective,positive,black,0.8804,negative,0.344,1,0.34,0.47,34
190,353,17,13,3,part_of_speech_classification,valence_classification,classification_2,negative_left,ZYYZ,,,black,gütig,adjective,positive,black,0.8804,positive,0.459,0,0.34,0.47,34
190,354,18,13,3,part_of_speech_classification,valence_classification,classification_2,negative_left,WJJW,,,black,spaß,noun,positive,black,0.8805,positive,0.428,0,0.34,0.47,34
190,355,19,13,3,part_of_speech_classification,valence_classification,classification_2,negative_left,WJJW,,,black,entführung,noun,negative,black,0.8805,negative,0.6466,0,0.34,0.47,34
190,356,20,13,3,part_of_speech_classification,valence_classification,classification_2,negative_left,ZYYZ,,,black,gütig,adjective,positive,black,0.8804,negative,0.4139,1,0.34,0.47,34
190,357,21,13,3,part_of_speech_classification,valence_classification,classification_2,negative_left,ZYYZ,,,black,launisch,adjective,negative,black,0.8805,positive,0.373,1,0.34,0.47,34
190,358,22,13,3,part_of_speech_classification,valence_classification,classification_2,negative_left,WJJW,,,black,leiche,noun,negative,black,0.8805,negative,0.495,0,0.34,0.47,34
190,359,23,13,3,part_of_speech_classification,valence_classification,classification_2,negative_left,MQQM,,,black,gütig,adjective,positive,black,0.8804,positive,0.5115,0,0.34,0.47,34
190,360,24,13,3,part_of_speech_classification,valence_classification,classification_2,negative_left,WJJW,,,black,schleim,noun,negative,black,0.8805,negative,0.443,0,0.34,0.47,34
190,361,25,13,3,part_of_speech_classification,valence_classification,classification_2,negative_left,MQQM,,,black,launisch,adjective,negative,black,0.8804,negative,0.3829,0,0.34,0.47,34
190,362,26,13,3,part_of_speech_classification,valence_classification,classification_2,negative_left,MQQM,,,black,schlecht,adjective,negative,black,0.8804,negative,0.349,0,0.34,0.47,34
190,363,27,13,3,part_of_speech_classification,valence_classification,classification_2,negative_left,XVVX,,,black,spaß,noun,positive,black,0.8804,positive,0.4652,0,0.34,0.47,34
190,364,28,13,3,part_of_speech_classification,valence_classification,classification_2,negative_left,ZYYZ,,,black,launisch,adjective,negative,black,0.8804,negative,0.3362,0,0.34,0.47,34
190,365,29,13,3,part_of_speech_classification,valence_classification,classification_2,negative_left,MQQM,,,black,gierig,adjective,negative,black,0.8804,positive,0.2227,1,0.34,0.47,34
190,366,30,13,3,part_of_speech_classification,valence_classification,classification_2,negative_left,MQQM,,,black,eitel,adjective,negative,black,0.8804,negative,0.5434,0,0.34,0.47,34
190,367,31,13,3,part_of_speech_classification,valence_classification,classification_2,negative_left,XVVX,,,black,leiche,noun,negative,black,0.8804,positive,0.3452,1,0.34,0.47,34
190,368,32,13,3,part_of_speech_classification,valence_classification,classification_2,negative_left,XVVX,,,black,gift,noun,negative,black,0.8804,positive,0.3853,1,0.34,0.47,34
190,368,32,13,3,part_of_speech_classification,valence_classification,classification_2,negative_left,XVVX,,,black,gift,noun,negative,black,0.8804,negative,0.539,0,0.34,0.47,34
190,369,33,13,3,part_of_speech_classification,valence_classification,classification_2,negative_left,XVVX,,,black,einfall,noun,positive,black,0.8804,negative,0.2858,1,0.34,0.47,34
190,370,34,13,3,part_of_speech_classification,valence_classification,classification_2,negative_left,ZYYZ,,,black,schlecht,adjective,negative,black,0.8804,positive,0.3256,1,0.34,0.47,34
190,371,35,13,3,part_of_speech_classification,valence_classification,classification_2,negative_left,ZYYZ,,,black,eitel,adjective,negative,black,0.8804,negative,0.3349,0,0.34,0.47,34
190,372,36,13,3,part_of_speech_classification,valence_classification,classification_2,negative_left,ZYYZ,,,black,eitel,adjective,negative,black,0.8804,negative,0.328,0,0.34,0.47,34
190,373,37,13,3,part_of_speech_classification,valence_classification,classification_2,negative_left,WJJW,,,black,glück,noun,positive,black,0.8804,negative,0.3056,1,0.34,0.47,34
190,374,38,13,3,part_of_speech_classification,valence_classification,classification_2,negative_left,WJJW,,,black,liebe,noun,positive,black,0.8804,positive,0.413,0,0.34,0.47,34
190,375,39,13,3,part_of_speech_classification,valence_classification,classification_2,negative_left,ZYYZ,,,black,schön,adjective,positive,black,0.8804,positive,0.4052,0,0.34,0.47,34
190,376,40,13,3,part_of_speech_classification,valence_classification,classification_2,negative_left,ZYYZ,,,black,lustig,adjective,positive,black,0.8804,positive,0.3251,0,0.34,0.47,34
190,377,41,13,3,part_of_speech_classification,valence_classification,classification_2,negative_left,ZYYZ,,,black,schlecht,adjective,negative,black,0.8804,positive,0.3951,1,0.34,0.47,34
190,378,42,13,3,part_of_speech_classification,valence_classification,classification_2,negative_left,MQQM,,,black,ehrlich,adjective,positive,black,0.8804,positive,0.7407,0,0.34,0.47,34
190,379,43,13,3,part_of_speech_classification,valence_classification,classification_2,negative_left,MQQM,,,black,gierig,adjective,negative,black,0.8804,positive,0.3451,1,0.34,0.47,34
190,380,44,13,3,part_of_speech_classification,valence_classification,classification_2,negative_left,WJJW,,,black,schleim,noun,negative,black,0.8804,negative,0.3228,0,0.34,0.47,34
190,381,45,13,3,part_of_speech_classification,valence_classification,classification_2,negative_left,XVVX,,,black,leiche,noun,negative,black,0.8804,negative,0.3153,0,0.34,0.47,34
190,382,46,13,3,part_of_speech_classification,valence_classification,classification_2,negative_left,MQQM,,,black,lustig,adjective,positive,black,0.8804,negative,0.4179,1,0.34,0.47,34
190,383,47,13,3,part_of_speech_classification,valence_classification,classification_2,negative_left,XVVX,,,black,entführung,noun,negative,black,0.8805,negative,0.4454,0,0.34,0.47,34
190,384,48,13,3,part_of_speech_classification,valence_classification,classification_2,negative_left,WJJW,,,black,spaß,noun,positive,black,0.8804,positive,0.3149,0,0.34,0.47,34
190,385,1,14,4,part_of_speech_classification,valence_classification,classification_2,negative_left,MQQM,,,black,gierig,adjective,negative,black,0.8852,negative,0.4998,0,0.34,0.47,34
190,386,2,14,4,part_of_speech_classification,valence_classification,classification_2,negative_left,XVVX,,,black,liebe,noun,positive,black,0.8804,negative,0.1877,1,0.34,0.47,34
190,387,3,14,4,part_of_speech_classification,valence_classification,classification_2,negative_left,XVVX,,,black,gift,noun,negative,black,0.8809,positive,0.4104,1,0.34,0.47,34
190,388,4,14,4,part_of_speech_classification,valence_classification,classification_2,negative_left,ZYYZ,,,black,gütig,adjective,positive,black,0.8804,negative,0.2628,1,0.34,0.47,34
190,389,5,14,4,part_of_speech_classification,valence_classification,classification_2,negative_left,WJJW,,,black,glück,noun,positive,black,0.8804,positive,0.4996,0,0.34,0.47,34
190,390,6,14,4,part_of_speech_classification,valence_classification,classification_2,negative_left,XVVX,,,black,entführung,noun,negative,black,0.8804,positive,0.3387,1,0.34,0.47,34
190,391,7,14,4,part_of_speech_classification,valence_classification,classification_2,negative_left,XVVX,,,black,spaß,noun,positive,black,0.8804,positive,0.3554,0,0.34,0.47,34
190,392,8,14,4,part_of_speech_classification,valence_classification,classification_2,negative_left,MQQM,,,black,schlecht,adjective,negative,black,0.8804,positive,0.304,1,0.34,0.47,34
190,393,9,14,4,part_of_speech_classification,valence_classification,classification_2,negative_left,ZYYZ,,,black,lustig,adjective,positive,black,0.8804,positive,0.5076,0,0.34,0.47,34
190,394,10,14,4,part_of_speech_classification,valence_classification,classification_2,negative_left,ZYYZ,,,black,launisch,adjective,negative,black,0.8804,negative,0.6116,0,0.34,0.47,34
190,395,11,14,4,part_of_speech_classification,valence_classification,classification_2,negative_left,ZYYZ,,,black,eitel,adjective,negative,black,0.8804,positive,0.4726,1,0.34,0.47,34
190,396,12,14,4,part_of_speech_classification,valence_classification,classification_2,negative_left,XVVX,,,black,spaß,noun,positive,black,0.8804,positive,0.4186,0,0.34,0.47,34
190,397,13,14,4,part_of_speech_classification,valence_classification,classification_2,negative_left,ZYYZ,,,black,eitel,adjective,negative,black,0.8804,positive,0.4054,1,0.34,0.47,34
190,397,13,14,4,part_of_speech_classification,valence_classification,classification_2,negative_left,ZYYZ,,,black,eitel,adjective,negative,black,0.8804,negative,0.5337,0,0.34,0.47,34
190,398,14,14,4,part_of_speech_classification,valence_classification,classification_2,negative_left,WJJW,,,black,leiche,noun,negative,black,0.8804,negative,0.4989,0,0.34,0.47,34
190,399,15,14,4,part_of_speech_classification,valence_classification,classification_2,negative_left,ZYYZ,,,black,schlecht,adjective,negative,black,0.8804,negative,0.3482,0,0.34,0.47,34
190,400,16,14,4,part_of_speech_classification,valence_classification,classification_2,negative_left,MQQM,,,black,eitel,adjective,negative,black,0.8804,negative,0.3964,0,0.34,0.47,34
190,401,17,14,4,part_of_speech_classification,valence_classification,classification_2,negative_left,XVVX,,,black,glück,noun,positive,black,0.8804,negative,0.4466,1,0.34,0.47,34
190,402,18,14,4,part_of_speech_classification,valence_classification,classification_2,negative_left,WJJW,,,black,liebe,noun,positive,black,0.8804,negative,0.4835,1,0.34,0.47,34
190,403,19,14,4,part_of_speech_classification,valence_classification,classification_2,negative_left,ZYYZ,,,black,ehrlich,adjective,positive,black,0.8804,negative,0.3829,1,0.34,0.47,34
190,404,20,14,4,part_of_speech_classification,valence_classification,classification_2,negative_left,MQQM,,,black,gütig,adjective,positive,black,0.8804,positive,0.3248,0,0.34,0.47,34
190,405,21,14,4,part_of_speech_classification,valence_classification,classification_2,negative_left,XVVX,,,black,liebe,noun,positive,black,0.8804,positive,0.3248,0,0.34,0.47,34
190,406,22,14,4,part_of_speech_classification,valence_classification,classification_2,negative_left,MQQM,,,black,gütig,adjective,positive,black,0.8804,positive,0.3436,0,0.34,0.47,34
190,407,23,14,4,part_of_speech_classification,valence_classification,classification_2,negative_left,MQQM,,,black,launisch,adjective,negative,black,0.8804,positive,0.4893,1,0.34,0.47,34
190,408,24,14,4,part_of_speech_classification,valence_classification,classification_2,negative_left,ZYYZ,,,black,ehrlich,adjective,positive,black,0.8807,positive,0.463,0,0.34,0.47,34
190,409,25,14,4,part_of_speech_classification,valence_classification,classification_2,negative_left,WJJW,,,black,entführung,noun,negative,black,0.8804,positive,0.3002,1,0.34,0.47,34
190,410,26,14,4,part_of_speech_classification,valence_classification,classification_2,negative_left,XVVX,,,black,schleim,noun,negative,black,0.8804,negative,0.3683,0,0.34,0.47,34
190,411,27,14,4,part_of_speech_classification,valence_classification,classification_2,negative_left,MQQM,,,black,schön,adjective,positive,black,0.8804,positive,0.2885,0,0.34,0.47,34
190,412,28,14,4,part_of_speech_classification,valence_classification,classification_2,negative_left,WJJW,,,black,leiche,noun,negative,black,0.8804,negative,0.2328,0,0.34,0.47,34
190,413,29,14,4,part_of_speech_classification,valence_classification,classification_2,negative_left,ZYYZ,,,black,launisch,adjective,negative,black,0.8804,positive,0.2463,1,0.34,0.47,34
190,414,30,14,4,part_of_speech_classification,valence_classification,classification_2,negative_left,WJJW,,,black,einfall,noun,positive,black,0.8804,negative,0.3149,1,0.34,0.47,34
190,415,31,14,4,part_of_speech_classification,valence_classification,classification_2,negative_left,XVVX,,,black,gift,noun,negative,black,0.8804,positive,0.3992,1,0.34,0.47,34
190,416,32,14,4,part_of_speech_classification,valence_classification,classification_2,negative_left,MQQM,,,black,schön,adjective,positive,black,0.8804,positive,0.3931,0,0.34,0.47,34
190,417,33,14,4,part_of_speech_classification,valence_classification,classification_2,negative_left,WJJW,,,black,spaß,noun,positive,black,0.8804,positive,0.4076,0,0.34,0.47,34
190,418,34,14,4,part_of_speech_classification,valence_classification,classification_2,negative_left,ZYYZ,,,black,schön,adjective,positive,black,0.8804,negative,0.4051,1,0.34,0.47,34
190,419,35,14,4,part_of_speech_classification,valence_classification,classification_2,negative_left,MQQM,,,black,gierig,adjective,negative,black,0.8804,positive,0.373,1,0.34,0.47,34
190,420,36,14,4,part_of_speech_classification,valence_classification,classification_2,negative_left,XVVX,,,black,gift,noun,negative,black,0.8804,negative,0.5974,0,0.34,0.47,34
190,421,37,14,4,part_of_speech_classification,valence_classification,classification_2,negative_left,WJJW,,,black,einfall,noun,positive,black,0.8804,positive,0.4552,0,0.34,0.47,34
190,422,38,14,4,part_of_speech_classification,valence_classification,classification_2,negative_left,WJJW,,,black,schleim,noun,negative,black,0.8804,negative,0.4096,0,0.34,0.47,34
190,423,39,14,4,part_of_speech_classification,valence_classification,classification_2,negative_left,XVVX,,,black,schleim,noun,negative,black,0.8804,positive,0.3957,1,0.34,0.47,34
190,424,40,14,4,part_of_speech_classification,valence_classification,classification_2,negative_left,WJJW,,,black,entführung,noun,negative,black,0.8805,negative,0.5389,0,0.34,0.47,34
190,425,41,14,4,part_of_speech_classification,valence_classification,classification_2,negative_left,MQQM,,,black,lustig,adjective,positive,black,0.8804,negative,0.3829,1,0.34,0.47,34
190,426,42,14,4,part_of_speech_classification,valence_classification,classification_2,negative_left,WJJW,,,black,leiche,noun,negative,black,0.8805,positive,0.3569,1,0.34,0.47,34
190,427,43,14,4,part_of_speech_classification,valence_classification,classification_2,negative_left,MQQM,,,black,schlecht,adjective,negative,black,0.8804,negative,0.4468,0,0.34,0.47,34
190,428,44,14,4,part_of_speech_classification,valence_classification,classification_2,negative_left,ZYYZ,,,black,lustig,adjective,positive,black,0.8805,positive,0.3674,0,0.34,0.47,34
190,429,45,14,4,part_of_speech_classification,valence_classification,classification_2,negative_left,MQQM,,,black,ehrlich,adjective,positive,black,0.8804,negative,0.3464,1,0.34,0.47,34
190,430,46,14,4,part_of_speech_classification,valence_classification,classification_2,negative_left,WJJW,,,black,glück,noun,positive,black,0.8804,positive,0.3454,0,0.34,0.47,34
190,431,47,14,4,part_of_speech_classification,valence_classification,classification_2,negative_left,ZYYZ,,,black,gierig,adjective,negative,black,0.8805,positive,0.3757,1,0.34,0.47,34
190,432,48,14,4,part_of_speech_classification,valence_classification,classification_2,negative_left,XVVX,,,black,einfall,noun,positive,black,0.8804,negative,0.3584,1,0.34,0.47,34
190,433,1,15,5,part_of_speech_classification,valence_classification,classification_2,negative_left,XVVX,,,black,liebe,noun,positive,black,0.8817,positive,0.4929,0,0.34,0.47,34
190,434,2,15,5,part_of_speech_classification,valence_classification,classification_2,negative_left,WJJW,,,black,spaß,noun,positive,black,0.8804,positive,0.3466,0,0.34,0.47,34
190,435,3,15,5,part_of_speech_classification,valence_classification,classification_2,negative_left,WJJW,,,black,liebe,noun,positive,black,0.8804,positive,0.3281,0,0.34,0.47,34
190,436,4,15,5,part_of_speech_classification,valence_classification,classification_2,negative_left,MQQM,,,black,eitel,adjective,negative,black,0.8804,positive,0.3028,1,0.34,0.47,34
190,437,5,15,5,part_of_speech_classification,valence_classification,classification_2,negative_left,ZYYZ,,,black,schlecht,adjective,negative,black,0.8804,negative,0.4681,0,0.34,0.47,34
190,438,6,15,5,part_of_speech_classification,valence_classification,classification_2,negative_left,WJJW,,,black,entführung,noun,negative,black,0.8804,negative,0.4631,0,0.34,0.47,34
190,439,7,15,5,part_of_speech_classification,valence_classification,classification_2,negative_left,ZYYZ,,,black,gierig,adjective,negative,black,0.8804,negative,0.383,0,0.34,0.47,34
190,440,8,15,5,part_of_speech_classification,valence_classification,classification_2,negative_left,XVVX,,,black,glück,noun,positive,black,0.8804,negative,0.4029,1,0.34,0.47,34
190,441,9,15,5,part_of_speech_classification,valence_classification,classification_2,negative_left,ZYYZ,,,black,gierig,adjective,negative,black,0.8804,negative,0.4748,0,0.34,0.47,34
190,442,10,15,5,part_of_speech_classification,valence_classification,classification_2,negative_left,ZYYZ,,,black,ehrlich,adjective,positive,black,0.8804,negative,0.4807,1,0.34,0.47,34
190,443,11,15,5,part_of_speech_classification,valence_classification,classification_2,negative_left,WJJW,,,black,spaß,noun,positive,black,0.8804,positive,0.3454,0,0.34,0.47,34
190,444,12,15,5,part_of_speech_classification,valence_classification,classification_2,negative_left,ZYYZ,,,black,lustig,adjective,positive,black,0.8805,positive,0.3228,0,0.34,0.47,34
190,445,13,15,5,part_of_speech_classification,valence_classification,classification_2,negative_left,XVVX,,,black,gift,noun,negative,black,0.8804,negative,0.4893,0,0.34,0.47,34
190,446,14,15,5,part_of_speech_classification,valence_classification,classification_2,negative_left,ZYYZ,,,black,schlecht,adjective,negative,black,0.8804,positive,0.3162,1,0.34,0.47,34
190,447,15,15,5,part_of_speech_classification,valence_classification,classification_2,negative_left,MQQM,,,black,gütig,adjective,positive,black,0.8804,positive,0.4852,0,0.34,0.47,34
190,448,16,15,5,part_of_speech_classification,valence_classification,classification_2,negative_left,MQQM,,,black,lustig,adjective,positive,black,0.8804,negative,0.3765,1,0.34,0.47,34
190,449,17,15,5,part_of_speech_classification,valence_classification,classification_2,negative_left,WJJW,,,black,einfall,noun,positive,black,0.8804,positive,0.618,0,0.34,0.47,34
190,450,18,15,5,part_of_speech_classification,valence_classification,classification_2,negative_left,XVVX,,,black,gift,noun,negative,black,0.8804,negative,0.453,0,0.34,0.47,34
190,451,19,15,5,part_of_speech_classification,valence_classification,classification_2,negative_left,XVVX,,,black,entführung,noun,negative,black,0.8804,positive,0.4979,1,0.34,0.47,34
190,452,20,15,5,part_of_speech_classification,valence_classification,classification_2,negative_left,MQQM,,,black,ehrlich,adjective,positive,black,0.8804,positive,0.5036,0,0.34,0.47,34
190,453,21,15,5,part_of_speech_classification,valence_classification,classification_2,negative_left,XVVX,,,black,einfall,noun,positive,black,0.8805,positive,0.3829,0,0.34,0.47,34
190,454,22,15,5,part_of_speech_classification,valence_classification,classification_2,negative_left,WJJW,,,black,entführung,noun,negative,black,0.8804,negative,0.5789,0,0.34,0.47,34
190,455,23,15,5,part_of_speech_classification,valence_classification,classification_2,negative_left,MQQM,,,black,launisch,adjective,negative,black,0.8804,positive,0.423,1,0.34,0.47,34
190,456,24,15,5,part_of_speech_classification,valence_classification,classification_2,negative_left,XVVX,,,black,liebe,noun,positive,black,0.8804,positive,0.3599,0,0.34,0.47,34
190,457,25,15,5,part_of_speech_classification,valence_classification,classification_2,negative_left,WJJW,,,black,gift,noun,negative,black,0.8805,negative,0.3991,0,0.34,0.47,34
190,458,26,15,5,part_of_speech_classification,valence_classification,classification_2,negative_left,ZYYZ,,,black,gütig,adjective,positive,black,0.8804,positive,0.4377,0,0.34,0.47,34
190,459,27,15,5,part_of_speech_classification,valence_classification,classification_2,negative_left,XVVX,,,black,spaß,noun,positive,black,0.8804,negative,0.3456,1,0.34,0.47,34
190,460,28,15,5,part_of_speech_classification,valence_classification,classification_2,negative_left,XVVX,,,black,glück,noun,positive,black,0.8805,positive,0.3852,0,0.34,0.47,34
190,461,29,15,5,part_of_speech_classification,valence_classification,classification_2,negative_left,MQQM,,,black,launisch,adjective,negative,black,0.8804,negative,0.5348,0,0.34,0.47,34
190,462,30,15,5,part_of_speech_classification,valence_classification,classification_2,negative_left,MQQM,,,black,ehrlich,adjective,positive,black,0.8804,positive,0.3271,0,0.34,0.47,34
190,463,31,15,5,part_of_speech_classification,valence_classification,classification_2,negative_left,WJJW,,,black,einfall,noun,positive,black,0.8804,positive,0.4051,0,0.34,0.47,34
190,464,32,15,5,part_of_speech_classification,valence_classification,classification_2,negative_left,MQQM,,,black,eitel,adjective,negative,black,0.8804,negative,0.3429,0,0.34,0.47,34
190,465,33,15,5,part_of_speech_classification,valence_classification,classification_2,negative_left,ZYYZ,,,black,schlecht,adjective,negative,black,0.8804,positive,0.2173,1,0.34,0.47,34
190,466,34,15,5,part_of_speech_classification,valence_classification,classification_2,negative_left,WJJW,,,black,schleim,noun,negative,black,0.8804,positive,0.2252,1,0.34,0.47,34
190,467,35,15,5,part_of_speech_classification,valence_classification,classification_2,negative_left,XVVX,,,black,leiche,noun,negative,black,0.8804,negative,0.5219,0,0.34,0.47,34
190,468,36,15,5,part_of_speech_classification,valence_classification,classification_2,negative_left,XVVX,,,black,schleim,noun,negative,black,0.8804,negative,0.5597,0,0.34,0.47,34
190,469,37,15,5,part_of_speech_classification,valence_classification,classification_2,negative_left,MQQM,,,black,schön,adjective,positive,black,0.8804,positive,0.448,0,0.34,0.47,34
190,470,38,15,5,part_of_speech_classification,valence_classification,classification_2,negative_left,WJJW,,,black,leiche,noun,negative,black,0.8804,positive,0.5218,1,0.34,0.47,34
190,471,39,15,5,part_of_speech_classification,valence_classification,classification_2,negative_left,XVVX,,,black,schleim,noun,negative,black,0.8804,negative,0.4203,0,0.34,0.47,34
190,472,40,15,5,part_of_speech_classification,valence_classification,classification_2,negative_left,ZYYZ,,,black,gütig,adjective,positive,black,0.8804,positive,0.3451,0,0.34,0.47,34
190,473,41,15,5,part_of_speech_classification,valence_classification,classification_2,negative_left,MQQM,,,black,gierig,adjective,negative,black,0.8804,negative,0.4052,0,0.34,0.47,34
190,474,42,15,5,part_of_speech_classification,valence_classification,classification_2,negative_left,ZYYZ,,,black,launisch,adjective,negative,black,0.8804,negative,0.4354,0,0.34,0.47,34
190,475,43,15,5,part_of_speech_classification,valence_classification,classification_2,negative_left,WJJW,,,black,leiche,noun,negative,black,0.8804,negative,0.491,0,0.34,0.47,34
190,476,44,15,5,part_of_speech_classification,valence_classification,classification_2,negative_left,ZYYZ,,,black,schön,adjective,positive,black,0.8804,positive,0.4801,0,0.34,0.47,34
190,477,45,15,5,part_of_speech_classification,valence_classification,classification_2,negative_left,MQQM,,,black,schön,adjective,positive,black,0.8804,positive,0.4357,0,0.34,0.47,34
190,478,46,15,5,part_of_speech_classification,valence_classification,classification_2,negative_left,WJJW,,,black,glück,noun,positive,black,0.8804,positive,0.5342,0,0.34,0.47,34
190,479,47,15,5,part_of_speech_classification,valence_classification,classification_2,negative_left,ZYYZ,,,black,lustig,adjective,positive,black,0.8808,positive,0.4939,0,0.34,0.47,34
190,480,48,15,5,part_of_speech_classification,valence_classification,classification_2,negative_left,MQQM,,,black,eitel,adjective,negative,black,0.8804,positive,0.3161,1,0.34,0.47,34
190,485,1,17,1,part_of_speech_classification,prime_discrimination,prime_discrimination,none,WJJW,,,black,schlecht,adjective,negative,black,0.9313,,,,0.34,0.47,34
190,485,1,17,1,part_of_speech_classification,prime_discrimination,prime_discrimination,none,WJJW,,,black,schlecht,adjective,negative,black,,x,7946.639199974015,,,,34
190,486,2,17,1,part_of_speech_classification,prime_discrimination,prime_discrimination,none,ZYYZ,,,black,schön,adjective,positive,black,0.9305,,,,0.34,0.47,34
190,486,2,17,1,part_of_speech_classification,prime_discrimination,prime_discrimination,none,ZYYZ,,,black,schön,adjective,positive,black,,s,4118.0958999320865,,,,34
190,487,3,17,1,part_of_speech_classification,prime_discrimination,prime_discrimination,none,ZYYZ,,,black,einfall,noun,positive,black,0.9305,,,,0.34,0.47,34
190,487,3,17,1,part_of_speech_classification,prime_discrimination,prime_discrimination,none,ZYYZ,,,black,einfall,noun,positive,black,,k,2485.5676000006497,,,,34
190,488,4,17,1,part_of_speech_classification,prime_discrimination,prime_discrimination,none,MQQM,,,black,glück,noun,positive,black,0.9305,,,,0.34,0.47,34
190,488,4,17,1,part_of_speech_classification,prime_discrimination,prime_discrimination,none,MQQM,,,black,glück,noun,positive,black,,m,3011.3734998740256,,,,34
190,489,5,17,1,part_of_speech_classification,prime_discrimination,prime_discrimination,none,XVVX,,,black,ehrlich,adjective,positive,black,0.9305,,,,0.34,0.47,34
190,489,5,17,1,part_of_speech_classification,prime_discrimination,prime_discrimination,none,XVVX,,,black,ehrlich,adjective,positive,black,,s,4700.938699999824,,,,34
190,490,6,17,1,part_of_speech_classification,prime_discrimination,prime_discrimination,none,ZYYZ,,,black,gierig,adjective,negative,black,0.9305,,,,0.34,0.47,34
190,490,6,17,1,part_of_speech_classification,prime_discrimination,prime_discrimination,none,ZYYZ,,,black,gierig,adjective,negative,black,,x,3689.593399874866,,,,34
190,491,7,17,1,part_of_speech_classification,prime_discrimination,prime_discrimination,none,WJJW,,,black,lustig,adjective,positive,black,0.9305,,,,0.34,0.47,34
190,491,7,17,1,part_of_speech_classification,prime_discrimination,prime_discrimination,none,WJJW,,,black,lustig,adjective,positive,black,,m,757.3593999259174,,,,34
190,492,8,17,1,part_of_speech_classification,prime_discrimination,prime_discrimination,none,MQQM,,,black,gütig,adjective,positive,black,0.9305,,,,0.34,0.47,34
190,492,8,17,1,part_of_speech_classification,prime_discrimination,prime_discrimination,none,MQQM,,,black,gütig,adjective,positive,black,,m,1494.272500043735,,,,34
190,493,9,17,1,part_of_speech_classification,prime_discrimination,prime_discrimination,none,XVVX,,,black,spaß,noun,positive,black,0.9305,,,,0.34,0.47,34
190,493,9,17,1,part_of_speech_classification,prime_discrimination,prime_discrimination,none,XVVX,,,black,spaß,noun,positive,black,,k,3703.676200006157,,,,34
190,494,10,17,1,part_of_speech_classification,prime_discrimination,prime_discrimination,none,MQQM,,,black,eitel,adjective,negative,black,0.9305,,,,0.34,0.47,34
190,494,10,17,1,part_of_speech_classification,prime_discrimination,prime_discrimination,none,MQQM,,,black,eitel,adjective,negative,black,,x,1487.0607999619097,,,,34
190,495,11,17,1,part_of_speech_classification,prime_discrimination,prime_discrimination,none,WJJW,,,black,liebe,noun,positive,black,0.9305,,,,0.34,0.47,34
190,495,11,17,1,part_of_speech_classification,prime_discrimination,prime_discrimination,none,WJJW,,,black,liebe,noun,positive,black,,x,1025.6447999272496,,,,34
190,496,12,17,1,part_of_speech_classification,prime_discrimination,prime_discrimination,none,XVVX,,,black,launisch,adjective,negative,black,0.9304,,,,0.34,0.47,34
190,496,12,17,1,part_of_speech_classification,prime_discrimination,prime_discrimination,none,XVVX,,,black,launisch,adjective,negative,black,,k,2171.224599936977,,,,34
190,497,1,18,2,part_of_speech_classification,prime_discrimination,prime_discrimination,none,WJJW,,,black,eitel,adjective,negative,black,0.8808,,,,0.34,0.47,34
190,497,1,18,2,part_of_speech_classification,prime_discrimination,prime_discrimination,none,WJJW,,,black,eitel,adjective,negative,black,,x,995.658400002867,,,,34
190,498,2,18,2,part_of_speech_classification,prime_discrimination,prime_discrimination,none,MQQM,,,black,leiche,noun,negative,black,0.9105,,,,0.34,0.47,34
190,498,2,18,2,part_of_speech_classification,prime_discrimination,prime_discrimination,none,MQQM,,,black,leiche,noun,negative,black,,s,1645.9399999585003,,,,34
190,499,3,18,2,part_of_speech_classification,prime_discrimination,prime_discrimination,none,ZYYZ,,,black,launisch,adjective,negative,black,0.8804,,,,0.34,0.47,34
190,499,3,18,2,part_of_speech_classification,prime_discrimination,prime_discrimination,none,ZYYZ,,,black,launisch,adjective,negative,black,,k,969.112099846825,,,,34
190,500,4,18,2,part_of_speech_classification,prime_discrimination,prime_discrimination,none,WJJW,,,black,entführung,noun,negative,black,0.8805,,,,0.34,0.47,34
190,500,4,18,2,part_of_speech_classification,prime_discrimination,prime_discrimination,none,WJJW,,,black,entführung,noun,negative,black,,x,979.352300055325,,,,34
190,501,5,18,2,part_of_speech_classification,prime_discrimination,prime_discrimination,none,MQQM,,,black,liebe,noun,positive,black,0.8804,,,,0.34,0.47,34
190,501,5,18,2,part_of_speech_classification,prime_discrimination,prime_discrimination,none,MQQM,,,black,liebe,noun,positive,black,,m,427.64510004781187,,,,34
190,502,6,18,2,part_of_speech_classification,prime_discrimination,prime_discrimination,none,XVVX,,,black,gift,noun,negative,black,0.8804,,,,0.34,0.47,34
190,502,6,18,2,part_of_speech_classification,prime_discrimination,prime_discrimination,none,XVVX,,,black,gift,noun,negative,black,,m,468.78180000931025,,,,34
190,503,7,18,2,part_of_speech_classification,prime_discrimination,prime_discrimination,none,XVVX,,,black,gierig,adjective,negative,black,0.8805,,,,0.34,0.47,34
190,503,7,18,2,part_of_speech_classification,prime_discrimination,prime_discrimination,none,XVVX,,,black,gierig,adjective,negative,black,,m,606.9508001673967,,,,34
190,504,8,18,2,part_of_speech_classification,prime_discrimination,prime_discrimination,none,XVVX,,,black,gift,noun,negative,black,0.8805,,,,0.34,0.47,34
190,504,8,18,2,part_of_speech_classification,prime_discrimination,prime_discrimination,none,XVVX,,,black,gift,noun,negative,black,,s,1176.3904998078942,,,,34
190,505,9,18,2,part_of_speech_classification,prime_discrimination,prime_discrimination,none,XVVX,,,black,einfall,noun,positive,black,0.8804,,,,0.34,0.47,34
190,505,9,18,2,part_of_speech_classification,prime_discrimination,prime_discrimination,none,XVVX,,,black,einfall,noun,positive,black,,s,1262.77400017716,,,,34
190,506,10,18,2,part_of_speech_classification,prime_discrimination,prime_discrimination,none,ZYYZ,,,black,schön,adjective,positive,black,0.8804,,,,0.34,0.47,34
190,506,10,18,2,part_of_speech_classification,prime_discrimination,prime_discrimination,none,ZYYZ,,,black,schön,adjective,positive,black,,s,3480.457999976352,,,,34
190,507,11,18,2,part_of_speech_classification,prime_discrimination,prime_discrimination,none,WJJW,,,black,leiche,noun,negative,black,0.8804,,,,0.34,0.47,34
190,507,11,18,2,part_of_speech_classification,prime_discrimination,prime_discrimination,none,WJJW,,,black,leiche,noun,negative,black,,x,1796.325899893418,,,,34
190,508,12,18,2,part_of_speech_classification,prime_discrimination,prime_discrimination,none,XVVX,,,black,gütig,adjective,positive,black,0.8805,,,,0.34,0.47,34
190,508,12,18,2,part_of_speech_classification,prime_discrimination,prime_discrimination,none,XVVX,,,black,gütig,adjective,positive,black,,m,1087.6853000372648,,,,34
190,509,13,18,2,part_of_speech_classification,prime_discrimination,prime_discrimination,none,MQQM,,,black,spaß,noun,positive,black,0.8804,,,,0.34,0.47,34
190,509,13,18,2,part_of_speech_classification,prime_discrimination,prime_discrimination,none,MQQM,,,black,spaß,noun,positive,black,,m,1677.699400112033,,,,34
190,510,14,18,2,part_of_speech_classification,prime_discrimination,prime_discrimination,none,ZYYZ,,,black,gütig,adjective,positive,black,0.8804,,,,0.34,0.47,34
190,510,14,18,2,part_of_speech_classification,prime_discrimination,prime_discrimination,none,ZYYZ,,,black,gütig,adjective,positive,black,,k,1264.1125998925418,,,,34
190,511,15,18,2,part_of_speech_classification,prime_discrimination,prime_discrimination,none,WJJW,,,black,schön,adjective,positive,black,0.8804,,,,0.34,0.47,34
190,511,15,18,2,part_of_speech_classification,prime_discrimination,prime_discrimination,none,WJJW,,,black,schön,adjective,positive,black,,x,764.5457999315113,,,,34
190,512,16,18,2,part_of_speech_classification,prime_discrimination,prime_discrimination,none,ZYYZ,,,black,lustig,adjective,positive,black,0.8805,,,,0.34,0.47,34
190,512,16,18,2,part_of_speech_classification,prime_discrimination,prime_discrimination,none,ZYYZ,,,black,lustig,adjective,positive,black,,x,328.7516999989748,,,,34
190,513,17,18,2,part_of_speech_classification,prime_discrimination,prime_discrimination,none,WJJW,,,black,gütig,adjective,positive,black,0.9105,,,,0.34,0.47,34
190,513,17,18,2,part_of_speech_classification,prime_discrimination,prime_discrimination,none,WJJW,,,black,gütig,adjective,positive,black,,k,646.283500129357,,,,34
190,514,18,18,2,part_of_speech_classification,prime_discrimination,prime_discrimination,none,WJJW,,,black,lustig,adjective,positive,black,0.8804,,,,0.34,0.47,34
190,514,18,18,2,part_of_speech_classification,prime_discrimination,prime_discrimination,none,WJJW,,,black,lustig,adjective,positive,black,,m,387.5071001239121,,,,34
190,515,19,18,2,part_of_speech_classification,prime_discrimination,prime_discrimination,none,XVVX,,,black,schön,adjective,positive,black,0.8804,,,,0.34,0.47,34
190,515,19,18,2,part_of_speech_classification,prime_discrimination,prime_discrimination,none,XVVX,,,black,schön,adjective,positive,black,,s,965.9031999763101,,,,34
190,516,20,18,2,part_of_speech_classification,prime_discrimination,prime_discrimination,none,XVVX,,,black,liebe,noun,positive,black,0.8805,,,,0.34,0.47,34
190,516,20,18,2,part_of_speech_classification,prime_discrimination,prime_discrimination,none,XVVX,,,black,liebe,noun,positive,black,,k,921.0665000136942,,,,34
190,517,21,18,2,part_of_speech_classification,prime_discrimination,prime_discrimination,none,MQQM,,,black,liebe,noun,positive,black,0.8804,,,,0.34,0.47,34
190,517,21,18,2,part_of_speech_classification,prime_discrimination,prime_discrimination,none,MQQM,,,black,liebe,noun,positive,black,,m,1368.2655999436975,,,,34
190,518,22,18,2,part_of_speech_classification,prime_discrimination,prime_discrimination,none,WJJW,,,black,spaß,noun,positive,black,0.8804,,,,0.34,0.47,34
190,518,22,18,2,part_of_speech_classification,prime_discrimination,prime_discrimination,none,WJJW,,,black,spaß,noun,positive,black,,k,1144.7278999257833,,,,34
190,519,23,18,2,part_of_speech_classification,prime_discrimination,prime_discrimination,none,WJJW,,,black,leiche,noun,negative,black,0.8805,,,,0.34,0.47,34
190,519,23,18,2,part_of_speech_classification,prime_discrimination,prime_discrimination,none,WJJW,,,black,leiche,noun,negative,black,,s,1840.8731000963598,,,,34
190,520,24,18,2,part_of_speech_classification,prime_discrimination,prime_discrimination,none,XVVX,,,black,ehrlich,adjective,positive,black,0.8805,,,,0.34,0.47,34
190,520,24,18,2,part_of_speech_classification,prime_discrimination,prime_discrimination,none,XVVX,,,black,ehrlich,adjective,positive,black,,x,450.9341998491436,,,,34
190,521,25,18,2,part_of_speech_classification,prime_discrimination,prime_discrimination,none,ZYYZ,,,black,ehrlich,adjective,positive,black,0.8805,,,,0.34,0.47,34
190,521,25,18,2,part_of_speech_classification,prime_discrimination,prime_discrimination,none,ZYYZ,,,black,ehrlich,adjective,positive,black,,m,1178.7330000661314,,,,34
190,522,26,18,2,part_of_speech_classification,prime_discrimination,prime_discrimination,none,WJJW,,,black,einfall,noun,positive,black,0.8805,,,,0.34,0.47,34
190,522,26,18,2,part_of_speech_classification,prime_discrimination,prime_discrimination,none,WJJW,,,black,einfall,noun,positive,black,,x,991.1390000488609,,,,34
190,523,27,18,2,part_of_speech_classification,prime_discrimination,prime_discrimination,none,MQQM,,,black,schlecht,adjective,negative,black,0.8804,,,,0.34,0.47,34
190,523,27,18,2,part_of_speech_classification,prime_discrimination,prime_discrimination,none,MQQM,,,black,schlecht,adjective,negative,black,,s,876.2145000509918,,,,34
190,524,28,18,2,part_of_speech_classification,prime_discrimination,prime_discrimination,none,WJJW,,,black,glück,noun,positive,black,0.9105,,,,0.34,0.47,34
190,524,28,18,2,part_of_speech_classification,prime_discrimination,prime_discrimination,none,WJJW,,,black,glück,noun,positive,black,,s,496.9262999948114,,,,34
190,525,29,18,2,part_of_speech_classification,prime_discrimination,prime_discrimination,none,ZYYZ,,,black,lustig,adjective,positive,black,0.8804,,,,0.34,0.47,34
190,525,29,18,2,part_of_speech_classification,prime_discrimination,prime_discrimination,none,ZYYZ,,,black,lustig,adjective,positive,black,,m,537.1766998432577,,,,34
190,526,30,18,2,part_of_speech_classification,prime_discrimination,prime_discrimination,none,XVVX,,,black,einfall,noun,positive,black,0.8804,,,,0.34,0.47,34
190,526,30,18,2,part_of_speech_classification,prime_discrimination,prime_discrimination,none,XVVX,,,black,einfall,noun,positive,black,,m,2283.4934000857174,,,,34
190,527,31,18,2,part_of_speech_classification,prime_discrimination,prime_discrimination,none,WJJW,,,black,spaß,noun,positive,black,0.8805,,,,0.34,0.47,34
190,527,31,18,2,part_of_speech_classification,prime_discrimination,prime_discrimination,none,WJJW,,,black,spaß,noun,positive,black,,x,815.2524998877198,,,,34
190,528,32,18,2,part_of_speech_classification,prime_discrimination,prime_discrimination,none,ZYYZ,,,black,schlecht,adjective,negative,black,0.8806,,,,0.34,0.47,34
190,528,32,18,2,part_of_speech_classification,prime_discrimination,prime_discrimination,none,ZYYZ,,,black,schlecht,adjective,negative,black,,k,407.0401999633759,,,,34
190,529,33,18,2,part_of_speech_classification,prime_discrimination,prime_discrimination,none,MQQM,,,black,schleim,noun,negative,black,0.8804,,,,0.34,0.47,34
190,529,33,18,2,part_of_speech_classification,prime_discrimination,prime_discrimination,none,MQQM,,,black,schleim,noun,negative,black,,x,400.7999000605196,,,,34
190,530,34,18,2,part_of_speech_classification,prime_discrimination,prime_discrimination,none,ZYYZ,,,black,gütig,adjective,positive,black,0.8804,,,,0.34,0.47,34
190,530,34,18,2,part_of_speech_classification,prime_discrimination,prime_discrimination,none,ZYYZ,,,black,gütig,adjective,positive,black,,x,322.84880010411143,,,,34
190,531,35,18,2,part_of_speech_classification,prime_discrimination,prime_discrimination,none,ZYYZ,,,black,gift,noun,negative,black,0.8804,,,,0.34,0.47,34
190,531,35,18,2,part_of_speech_classification,prime_discrimination,prime_discrimination,none,ZYYZ,,,black,gift,noun,negative,black,,s,1252.064900007099,,,,34
190,532,36,18,2,part_of_speech_classification,prime_discrimination,prime_discrimination,none,MQQM,,,black,gierig,adjective,negative,black,0.8807,,,,0.34,0.47,34
190,532,36,18,2,part_of_speech_classification,prime_discrimination,prime_discrimination,none,MQQM,,,black,gierig,adjective,negative,black,,s,630.1977999974042,,,,34
190,533,37,18,2,part_of_speech_classification,prime_discrimination,prime_discrimination,none,MQQM,,,black,ehrlich,adjective,positive,black,0.8804,,,,0.34,0.47,34
190,533,37,18,2,part_of_speech_classification,prime_discrimination,prime_discrimination,none,MQQM,,,black,ehrlich,adjective,positive,black,,s,301.24630010686815,,,,34
190,534,38,18,2,part_of_speech_classification,prime_discrimination,prime_discrimination,none,ZYYZ,,,black,schlecht,adjective,negative,black,0.8805,,,,0.34,0.47,34
190,534,38,18,2,part_of_speech_classification,prime_discrimination,prime_discrimination,none,ZYYZ,,,black,schlecht,adjective,negative,black,,x,492.0041998848319,,,,34
190,535,39,18,2,part_of_speech_classification,prime_discrimination,prime_discrimination,none,MQQM,,,black,glück,noun,positive,black,0.8805,,,,0.34,0.47,34
190,535,39,18,2,part_of_speech_classification,prime_discrimination,prime_discrimination,none,MQQM,,,black,glück,noun,positive,black,,m,1779.1190000716597,,,,34
190,536,40,18,2,part_of_speech_classification,prime_discrimination,prime_discrimination,none,MQQM,,,black,eitel,adjective,negative,black,0.8804,,,,0.34,0.47,34
190,536,40,18,2,part_of_speech_classification,prime_discrimination,prime_discrimination,none,MQQM,,,black,eitel,adjective,negative,black,,s,1499.7545999940485,,,,34
190,537,41,18,2,part_of_speech_classification,prime_discrimination,prime_discrimination,none,WJJW,,,black,gierig,adjective,negative,black,0.8804,,,,0.34,0.47,34
190,537,41,18,2,part_of_speech_classification,prime_discrimination,prime_discrimination,none,WJJW,,,black,gierig,adjective,negative,black,,k,2235.407300060615,,,,34
190,538,42,18,2,part_of_speech_classification,prime_discrimination,prime_discrimination,none,WJJW,,,black,schleim,noun,negative,black,0.881,,,,0.34,0.47,34
190,538,42,18,2,part_of_speech_classification,prime_discrimination,prime_discrimination,none,WJJW,,,black,schleim,noun,negative,black,,m,647.4813998211175,,,,34
190,539,43,18,2,part_of_speech_classification,prime_discrimination,prime_discrimination,none,MQQM,,,black,glück,noun,positive,black,0.8804,,,,0.34,0.47,34
190,539,43,18,2,part_of_speech_classification,prime_discrimination,prime_discrimination,none,MQQM,,,black,glück,noun,positive,black,,s,2106.4687999896705,,,,34
190,540,44,18,2,part_of_speech_classification,prime_discrimination,prime_discrimination,none,XVVX,,,black,ehrlich,adjective,positive,black,0.9105,,,,0.34,0.47,34
190,540,44,18,2,part_of_speech_classification,prime_discrimination,prime_discrimination,none,XVVX,,,black,ehrlich,adjective,positive,black,,m,951.1753998231143,,,,34
190,541,45,18,2,part_of_speech_classification,prime_discrimination,prime_discrimination,none,MQQM,,,black,entführung,noun,negative,black,0.8804,,,,0.34,0.47,34
190,541,45,18,2,part_of_speech_classification,prime_discrimination,prime_discrimination,none,MQQM,,,black,entführung,noun,negative,black,,m,382.939700037241,,,,34
190,542,46,18,2,part_of_speech_classification,prime_discrimination,prime_discrimination,none,XVVX,,,black,entführung,noun,negative,black,0.8805,,,,0.34,0.47,34
190,542,46,18,2,part_of_speech_classification,prime_discrimination,prime_discrimination,none,XVVX,,,black,entführung,noun,negative,black,,x,2405.0948000513017,,,,34
190,543,47,18,2,part_of_speech_classification,prime_discrimination,prime_discrimination,none,ZYYZ,,,black,launisch,adjective,negative,black,0.8804,,,,0.34,0.47,34
190,543,47,18,2,part_of_speech_classification,prime_discrimination,prime_discrimination,none,ZYYZ,,,black,launisch,adjective,negative,black,,x,1466.8956000823528,,,,34
190,544,48,18,2,part_of_speech_classification,prime_discrimination,prime_discrimination,none,XVVX,,,black,launisch,adjective,negative,black,0.8805,,,,0.34,0.47,34
190,544,48,18,2,part_of_speech_classification,prime_discrimination,prime_discrimination,none,XVVX,,,black,launisch,adjective,negative,black,,k,3924.2434001062065,,,,34
190,545,49,18,2,part_of_speech_classification,prime_discrimination,prime_discrimination,none,ZYYZ,,,black,schleim,noun,negative,black,0.8805,,,,0.34,0.47,34
190,545,49,18,2,part_of_speech_classification,prime_discrimination,prime_discrimination,none,ZYYZ,,,black,schleim,noun,negative,black,,s,1155.8475999627262,,,,34
190,546,50,18,2,part_of_speech_classification,prime_discrimination,prime_discrimination,none,XVVX,,,black,lustig,adjective,positive,black,0.8804,,,,0.34,0.47,34
190,546,50,18,2,part_of_speech_classification,prime_discrimination,prime_discrimination,none,XVVX,,,black,lustig,adjective,positive,black,,s,1786.7085000034422,,,,34
190,547,51,18,2,part_of_speech_classification,prime_discrimination,prime_discrimination,none,MQQM,,,black,schön,adjective,positive,black,0.8804,,,,0.34,0.47,34
190,547,51,18,2,part_of_speech_classification,prime_discrimination,prime_discrimination,none,MQQM,,,black,schön,adjective,positive,black,,m,1439.9294001050293,,,,34
190,548,52,18,2,part_of_speech_classification,prime_discrimination,prime_discrimination,none,ZYYZ,,,black,eitel,adjective,negative,black,0.8804,,,,0.34,0.47,34
190,548,52,18,2,part_of_speech_classification,prime_discrimination,prime_discrimination,none,ZYYZ,,,black,eitel,adjective,negative,black,,m,1262.807099847123,,,,34
190,549,1,19,3,part_of_speech_classification,prime_discrimination,prime_discrimination,none,WJJW,,,black,einfall,noun,positive,black,0.8823,,,,0.34,0.47,34
190,549,1,19,3,part_of_speech_classification,prime_discrimination,prime_discrimination,none,WJJW,,,black,einfall,noun,positive,black,,s,1020.2377999667078,,,,34
190,550,2,19,3,part_of_speech_classification,prime_discrimination,prime_discrimination,none,XVVX,,,black,gift,noun,negative,black,0.8804,,,,0.34,0.47,34
190,550,2,19,3,part_of_speech_classification,prime_discrimination,prime_discrimination,none,XVVX,,,black,gift,noun,negative,black,,x,1938.8519001659006,,,,34
190,551,3,19,3,part_of_speech_classification,prime_discrimination,prime_discrimination,none,MQQM,,,black,schleim,noun,negative,black,0.8808,,,,0.34,0.47,34
190,551,3,19,3,part_of_speech_classification,prime_discrimination,prime_discrimination,none,MQQM,,,black,schleim,noun,negative,black,,x,868.7603001017123,,,,34
190,552,4,19,3,part_of_speech_classification,prime_discrimination,prime_discrimination,none,WJJW,,,black,liebe,noun,positive,black,0.8804,,,,0.34,0.47,34
190,552,4,19,3,part_of_speech_classification,prime_discrimination,prime_discrimination,none,WJJW,,,black,liebe,noun,positive,black,,m,1755.9672999195755,,,,34
190,553,5,19,3,part_of_speech_classification,prime_discrimination,prime_discrimination,none,ZYYZ,,,black,launisch,adjective,negative,black,0.8804,,,,0.34,0.47,34
190,553,5,19,3,part_of_speech_classification,prime_discrimination,prime_discrimination,none,ZYYZ,,,black,launisch,adjective,negative,black,,m,88.93779991194606,,,,34
190,554,6,19,3,part_of_speech_classification,prime_discrimination,prime_discrimination,none,ZYYZ,,,black,gierig,adjective,negative,black,0.8805,,,,0.34,0.47,34
190,554,6,19,3,part_of_speech_classification,prime_discrimination,prime_discrimination,none,ZYYZ,,,black,gierig,adjective,negative,black,,x,993.8517999835312,,,,34
190,555,7,19,3,part_of_speech_classification,prime_discrimination,prime_discrimination,none,WJJW,,,black,einfall,noun,positive,black,0.8804,,,,0.34,0.47,34
190,555,7,19,3,part_of_speech_classification,prime_discrimination,prime_discrimination,none,WJJW,,,black,einfall,noun,positive,black,,x,1626.2580000329763,,,,34
190,556,8,19,3,part_of_speech_classification,prime_discrimination,prime_discrimination,none,MQQM,,,black,spaß,noun,positive,black,0.8804,,,,0.34,0.47,34
190,556,8,19,3,part_of_speech_classification,prime_discrimination,prime_discrimination,none,MQQM,,,black,spaß,noun,positive,black,,m,444.7504999116063,,,,34
190,557,9,19,3,part_of_speech_classification,prime_discrimination,prime_discrimination,none,WJJW,,,black,spaß,noun,positive,black,0.8804,,,,0.34,0.47,34
190,557,9,19,3,part_of_speech_classification,prime_discrimination,prime_discrimination,none,WJJW,,,black,spaß,noun,positive,black,,x,601.3857999350876,,,,34
190,558,10,19,3,part_of_speech_classification,prime_discrimination,prime_discrimination,none,MQQM,,,black,entführung,noun,negative,black,0.8804,,,,0.34,0.47,34
190,558,10,19,3,part_of_speech_classification,prime_discrimination,prime_discrimination,none,MQQM,,,black,entführung,noun,negative,black,,m,414.98019988648593,,,,34
190,559,11,19,3,part_of_speech_classification,prime_discrimination,prime_discrimination,none,WJJW,,,black,schlecht,adjective,negative,black,0.8804,,,,0.34,0.47,34
190,559,11,19,3,part_of_speech_classification,prime_discrimination,prime_discrimination,none,WJJW,,,black,schlecht,adjective,negative,black,,x,1716.0950999241322,,,,34
190,560,12,19,3,part_of_speech_classification,prime_discrimination,prime_discrimination,none,WJJW,,,black,schön,adjective,positive,black,0.9105,,,,0.34,0.47,34
190,560,12,19,3,part_of_speech_classification,prime_discrimination,prime_discrimination,none,WJJW,,,black,schön,adjective,positive,black,,x,733.591299969703,,,,34
190,561,13,19,3,part_of_speech_classification,prime_discrimination,prime_discrimination,none,WJJW,,,black,liebe,noun,positive,black,0.8804,,,,0.34,0.47,34
190,561,13,19,3,part_of_speech_classification,prime_discrimination,prime_discrimination,none,WJJW,,,black,liebe,noun,positive,black,,s,451.2799000367522,,,,34
190,562,14,19,3,part_of_speech_classification,prime_discrimination,prime_discrimination,none,WJJW,,,black,gift,noun,negative,black,0.9105,,,,0.34,0.47,34
190,562,14,19,3,part_of_speech_classification,prime_discrimination,prime_discrimination,none,WJJW,,,black,gift,noun,negative,black,,s,1471.8561000190675,,,,34
190,563,15,19,3,part_of_speech_classification,prime_discrimination,prime_discrimination,none,XVVX,,,black,schlecht,adjective,negative,black,0.8804,,,,0.34,0.47,34
190,563,15,19,3,part_of_speech_classification,prime_discrimination,prime_discrimination,none,XVVX,,,black,schlecht,adjective,negative,black,,s,2024.9677000101656,,,,34
190,564,16,19,3,part_of_speech_classification,prime_discrimination,prime_discrimination,none,XVVX,,,black,entführung,noun,negative,black,0.8805,,,,0.34,0.47,34
190,564,16,19,3,part_of_speech_classification,prime_discrimination,prime_discrimination,none,XVVX,,,black,entführung,noun,negative,black,,m,2674.9287000857294,,,,34
190,565,17,19,3,part_of_speech_classification,prime_discrimination,prime_discrimination,none,WJJW,,,black,gierig,adjective,negative,black,0.8805,,,,0.34,0.47,34
190,565,17,19,3,part_of_speech_classification,prime_discrimination,prime_discrimination,none,WJJW,,,black,gierig,adjective,negative,black,,s,1454.2847000993788,,,,34
190,566,18,19,3,part_of_speech_classification,prime_discrimination,prime_discrimination,none,WJJW,,,black,leiche,noun,negative,black,0.8805,,,,0.34,0.47,34
190,566,18,19,3,part_of_speech_classification,prime_discrimination,prime_discrimination,none,WJJW,,,black,leiche,noun,negative,black,,s,674.2167000193149,,,,34
190,567,19,19,3,part_of_speech_classification,prime_discrimination,prime_discrimination,none,MQQM,,,black,lustig,adjective,positive,black,0.8805,,,,0.34,0.47,34
190,567,19,19,3,part_of_speech_classification,prime_discrimination,prime_discrimination,none,MQQM,,,black,lustig,adjective,positive,black,,s,765.8722999040037,,,,34
190,568,20,19,3,part_of_speech_classification,prime_discrimination,prime_discrimination,none,WJJW,,,black,launisch,adjective,negative,black,0.8804,,,,0.34,0.47,34
190,568,20,19,3,part_of_speech_classification,prime_discrimination,prime_discrimination,none,WJJW,,,black,launisch,adjective,negative,black,,s,164.97100004926324,,,,34
190,569,21,19,3,part_of_speech_classification,prime_discrimination,prime_discrimination,none,XVVX,,,black,launisch,adjective,negative,black,0.8805,,,,0.34,0.47,34
190,569,21,19,3,part_of_speech_classification,prime_discrimination,prime_discrimination,none,XVVX,,,black,launisch,adjective,negative,black,,x,1479.9226999748498,,,,34
190,570,22,19,3,part_of_speech_classification,prime_discrimination,prime_discrimination,none,MQQM,,,black,schön,adjective,positive,black,0.8804,,,,0.34,0.47,34
190,570,22,19,3,part_of_speech_classification,prime_discrimination,prime_discrimination,none,MQQM,,,black,schön,adjective,positive,black,,s,119.18090004473925,,,,34
190,571,23,19,3,part_of_speech_classification,prime_discrimination,prime_discrimination,none,ZYYZ,,,black,glück,noun,positive,black,0.8804,,,,0.34,0.47,34
190,571,23,19,3,part_of_speech_classification,prime_discrimination,prime_discrimination,none,ZYYZ,,,black,glück,noun,positive,black,,s,1636.7286001332104,,,,34
190,572,24,19,3,part_of_speech_classification,prime_discrimination,prime_discrimination,none,MQQM,,,black,schön,adjective,positive,black,0.8804,,,,0.34,0.47,34
190,572,24,19,3,part_of_speech_classification,prime_discrimination,prime_discrimination,none,MQQM,,,black,schön,adjective,positive,black,,s,1338.7723001651466,,,,34
190,573,25,19,3,part_of_speech_classification,prime_discrimination,prime_discrimination,none,MQQM,,,black,schön,adjective,positive,black,0.8804,,,,0.34,0.47,34
190,573,25,19,3,part_of_speech_classification,prime_discrimination,prime_discrimination,none,MQQM,,,black,schön,adjective,positive,black,,s,990.8463999163359,,,,34
190,574,26,19,3,part_of_speech_classification,prime_discrimination,prime_discrimination,none,XVVX,,,black,ehrlich,adjective,positive,black,0.8804,,,,0.34,0.47,34
190,574,26,19,3,part_of_speech_classification,prime_discrimination,prime_discrimination,none,XVVX,,,black,ehrlich,adjective,positive,black,,m,902.6226999703795,,,,34
190,575,27,19,3,part_of_speech_classification,prime_discrimination,prime_discrimination,none,XVVX,,,black,gütig,adjective,positive,black,0.8809,,,,0.34,0.47,34
190,575,27,19,3,part_of_speech_classification,prime_discrimination,prime_discrimination,none,XVVX,,,black,gütig,adjective,positive,black,,m,864.4354999996722,,,,34
190,576,28,19,3,part_of_speech_classification,prime_discrimination,prime_discrimination,none,XVVX,,,black,schleim,noun,negative,black,0.8807,,,,0.34,0.47,34
190,576,28,19,3,part_of_speech_classification,prime_discrimination,prime_discrimination,none,XVVX,,,black,schleim,noun,negative,black,,x,1374.9312998261303,,,,34
190,577,29,19,3,part_of_speech_classification,prime_discrimination,prime_discrimination,none,XVVX,,,black,spaß,noun,positive,black,0.8805,,,,0.34,0.47,34
190,577,29,19,3,part_of_speech_classification,prime_discrimination,prime_discrimination,none,XVVX,,,black,spaß,noun,positive,black,,m,1587.2289000544697,,,,34
190,578,30,19,3,part_of_speech_classification,prime_discrimination,prime_discrimination,none,MQQM,,,black,eitel,adjective,negative,black,0.8804,,,,0.34,0.47,34
190,578,30,19,3,part_of_speech_classification,prime_discrimination,prime_discrimination,none,MQQM,,,black,eitel,adjective,negative,black,,k,1996.3928000070155,,,,34
190,579,31,19,3,part_of_speech_classification,prime_discrimination,prime_discrimination,none,WJJW,,,black,glück,noun,positive,black,0.8805,,,,0.34,0.47,34
190,579,31,19,3,part_of_speech_classification,prime_discrimination,prime_discrimination,none,WJJW,,,black,glück,noun,positive,black,,s,1976.9435999915004,,,,34
190,580,32,19,3,part_of_speech_classification,prime_discrimination,prime_discrimination,none,ZYYZ,,,black,eitel,adjective,negative,black,0.8806,,,,0.34,0.47,34
190,580,32,19,3,part_of_speech_classification,prime_discrimination,prime_discrimination,none,ZYYZ,,,black,eitel,adjective,negative,black,,m,1806.457000086084,,,,34
190,581,33,19,3,part_of_speech_classification,prime_discrimination,prime_discrimination,none,ZYYZ,,,black,schleim,noun,negative,black,0.8804,,,,0.34,0.47,34
190,581,33,19,3,part_of_speech_classification,prime_discrimination,prime_discrimination,none,ZYYZ,,,black,schleim,noun,negative,black,,m,879.9692001193762,,,,34
190,582,34,19,3,part_of_speech_classification,prime_discrimination,prime_discrimination,none,ZYYZ,,,black,ehrlich,adjective,positive,black,0.8805,,,,0.34,0.47,34
190,582,34,19,3,part_of_speech_classification,prime_discrimination,prime_discrimination,none,ZYYZ,,,black,ehrlich,adjective,positive,black,,m,840.7304999418557,,,,34
190,583,35,19,3,part_of_speech_classification,prime_discrimination,prime_discrimination,none,XVVX,,,black,ehrlich,adjective,positive,black,0.8804,,,,0.34,0.47,34
190,583,35,19,3,part_of_speech_classification,prime_discrimination,prime_discrimination,none,XVVX,,,black,ehrlich,adjective,positive,black,,m,655.5136998649687,,,,34
190,584,36,19,3,part_of_speech_classification,prime_discrimination,prime_discrimination,none,ZYYZ,,,black,einfall,noun,positive,black,0.8805,,,,0.34,0.47,34
190,584,36,19,3,part_of_speech_classification,prime_discrimination,prime_discrimination,none,ZYYZ,,,black,einfall,noun,positive,black,,s,441.2414999678731,,,,34
190,585,37,19,3,part_of_speech_classification,prime_discrimination,prime_discrimination,none,MQQM,,,black,entführung,noun,negative,black,0.8804,,,,0.34,0.47,34
190,585,37,19,3,part_of_speech_classification,prime_discrimination,prime_discrimination,none,MQQM,,,black,entführung,noun,negative,black,,s,745.1671999879181,,,,34
190,586,38,19,3,part_of_speech_classification,prime_discrimination,prime_discrimination,none,ZYYZ,,,black,leiche,noun,negative,black,0.8804,,,,0.34,0.47,34
190,586,38,19,3,part_of_speech_classification,prime_discrimination,prime_discrimination,none,ZYYZ,,,black,leiche,noun,negative,black,,s,439.45259996689856,,,,34
190,587,39,19,3,part_of_speech_classification,prime_discrimination,prime_discrimination,none,ZYYZ,,,black,eitel,adjective,negative,black,0.9104,,,,0.34,0.47,34
190,587,39,19,3,part_of_speech_classification,prime_discrimination,prime_discrimination,none,ZYYZ,,,black,eitel,adjective,negative,black,,s,1311.378600075841,,,,34
190,588,40,19,3,part_of_speech_classification,prime_discrimination,prime_discrimination,none,XVVX,,,black,gierig,adjective,negative,black,0.8804,,,,0.34,0.47,34
190,588,40,19,3,part_of_speech_classification,prime_discrimination,prime_discrimination,none,XVVX,,,black,gierig,adjective,negative,black,,m,922.7682000491768,,,,34
190,589,41,19,3,part_of_speech_classification,prime_discrimination,prime_discrimination,none,XVVX,,,black,lustig,adjective,positive,black,0.8804,,,,0.34,0.47,34
190,589,41,19,3,part_of_speech_classification,prime_discrimination,prime_discrimination,none,XVVX,,,black,lustig,adjective,positive,black,,m,2135.059099877253,,,,34
190,590,42,19,3,part_of_speech_classification,prime_discrimination,prime_discrimination,none,XVVX,,,black,lustig,adjective,positive,black,0.8809,,,,0.34,0.47,34
190,590,42,19,3,part_of_speech_classification,prime_discrimination,prime_discrimination,none,XVVX,,,black,lustig,adjective,positive,black,,k,482.59110003709793,,,,34
190,591,43,19,3,part_of_speech_classification,prime_discrimination,prime_discrimination,none,MQQM,,,black,gütig,adjective,positive,black,0.8804,,,,0.34,0.47,34
190,591,43,19,3,part_of_speech_classification,prime_discrimination,prime_discrimination,none,MQQM,,,black,gütig,adjective,positive,black,,m,936.4195999223739,,,,34
190,592,44,19,3,part_of_speech_classification,prime_discrimination,prime_discrimination,none,XVVX,,,black,gift,noun,negative,black,0.8804,,,,0.34,0.47,34
190,592,44,19,3,part_of_speech_classification,prime_discrimination,prime_discrimination,none,XVVX,,,black,gift,noun,negative,black,,m,1333.6332999169827,,,,34
190,593,45,19,3,part_of_speech_classification,prime_discrimination,prime_discrimination,none,ZYYZ,,,black,gütig,adjective,positive,black,0.8804,,,,0.34,0.47,34
190,593,45,19,3,part_of_speech_classification,prime_discrimination,prime_discrimination,none,ZYYZ,,,black,gütig,adjective,positive,black,,s,914.2044999171048,,,,34
190,594,46,19,3,part_of_speech_classification,prime_discrimination,prime_discrimination,none,ZYYZ,,,black,glück,noun,positive,black,0.8804,,,,0.34,0.47,34
190,594,46,19,3,part_of_speech_classification,prime_discrimination,prime_discrimination,none,ZYYZ,,,black,glück,noun,positive,black,,s,874.9855000060052,,,,34
190,595,47,19,3,part_of_speech_classification,prime_discrimination,prime_discrimination,none,ZYYZ,,,black,leiche,noun,negative,black,0.8804,,,,0.34,0.47,34
190,595,47,19,3,part_of_speech_classification,prime_discrimination,prime_discrimination,none,ZYYZ,,,black,leiche,noun,negative,black,,s,914.2818001564592,,,,34
190,596,48,19,3,part_of_speech_classification,prime_discrimination,prime_discrimination,none,MQQM,,,black,liebe,noun,positive,black,0.9104,,,,0.34,0.47,34
190,596,48,19,3,part_of_speech_classification,prime_discrimination,prime_discrimination,none,MQQM,,,black,liebe,noun,positive,black,,s,443.5246998909861,,,,34
190,597,49,19,3,part_of_speech_classification,prime_discrimination,prime_discrimination,none,ZYYZ,,,black,lustig,adjective,positive,black,0.8804,,,,0.34,0.47,34
190,597,49,19,3,part_of_speech_classification,prime_discrimination,prime_discrimination,none,ZYYZ,,,black,lustig,adjective,positive,black,,m,647.6472998037934,,,,34
190,598,50,19,3,part_of_speech_classification,prime_discrimination,prime_discrimination,none,MQQM,,,black,ehrlich,adjective,positive,black,0.8805,,,,0.34,0.47,34
190,598,50,19,3,part_of_speech_classification,prime_discrimination,prime_discrimination,none,MQQM,,,black,ehrlich,adjective,positive,black,,m,238.54520008899271,,,,34
190,599,51,19,3,part_of_speech_classification,prime_discrimination,prime_discrimination,none,MQQM,,,black,schlecht,adjective,negative,black,0.8804,,,,0.34,0.47,34
190,599,51,19,3,part_of_speech_classification,prime_discrimination,prime_discrimination,none,MQQM,,,black,schlecht,adjective,negative,black,,m,391.74479991197586,,,,34
190,600,52,19,3,part_of_speech_classification,prime_discrimination,prime_discrimination,none,WJJW,,,black,gütig,adjective,positive,black,0.8804,,,,0.34,0.47,34
190,600,52,19,3,part_of_speech_classification,prime_discrimination,prime_discrimination,none,WJJW,,,black,gütig,adjective,positive,black,,k,1127.3974000941962,,,,34
190,601,1,20,1,part_of_speech_classification,color_matching,matching,match_right,XVVX,noun,negative,brown,✲✲launisch✲✲,adjective,negative,blue,0.5491,nonmatch,6.4987,0,0.4671,0.6028,65.39199293522232
190,602,2,20,1,part_of_speech_classification,color_matching,matching,match_right,ZYYZ,adjective,negative,blue,✲✲✲lustig✲✲✲,adjective,positive,blue,0.4933,match,0.7795,0,0.4671,0.6028,65.39199293522232
190,603,3,20,1,part_of_speech_classification,color_matching,matching,match_right,WJJW,noun,positive,brown,✲✲ehrlich✲✲✲,adjective,positive,brown,0.4932,match,1.2716,0,0.4671,0.6028,65.39199293522232
190,604,4,20,1,part_of_speech_classification,color_matching,matching,match_right,ZYYZ,adjective,negative,brown,✲✲✲gierig✲✲✲,adjective,negative,blue,0.4932,nonmatch,0.6802,0,0.4671,0.6028,65.39199293522232
190,605,5,20,1,part_of_speech_classification,color_matching,matching,match_right,MQQM,adjective,positive,blue,✲✲schlecht✲✲,adjective,negative,brown,0.4932,nonmatch,1.1142,0,0.4671,0.6028,65.39199293522232
190,606,6,20,1,part_of_speech_classification,color_matching,matching,match_right,XVVX,noun,negative,brown,✲✲✲glück✲✲✲✲,noun,positive,brown,0.4932,match,0.6049,0,0.4671,0.6028,65.39199293522232
190,607,7,20,1,part_of_speech_classification,color_matching,matching,match_right,MQQM,adjective,positive,brown,✲✲✲liebe✲✲✲✲,noun,positive,brown,0.4932,match,0.5059,0,0.4671,0.6028,65.39199293522232
190,608,8,20,1,part_of_speech_classification,color_matching,matching,match_right,XVVX,noun,negative,blue,✲✲✲liebe✲✲✲✲,noun,positive,brown,0.4932,nonmatch,0.5652,0,0.4671,0.6028,65.39199293522232
190,609,9,20,1,part_of_speech_classification,color_matching,matching,match_right,ZYYZ,adjective,negative,blue,✲✲✲glück✲✲✲✲,noun,positive,brown,0.4932,nonmatch,0.5504,0,0.4671,0.6028,65.39199293522232
190,610,10,20,1,part_of_speech_classification,color_matching,matching,match_right,WJJW,noun,positive,blue,✲✲✲✲spaß✲✲✲✲,noun,positive,brown,0.4932,nonmatch,0.5331,0,0.4671,0.6028,65.39199293522232
190,611,11,20,1,part_of_speech_classification,color_matching,matching,match_right,MQQM,adjective,positive,brown,✲✲✲leiche✲✲✲,noun,negative,brown,0.4932,match,0.4918,0,0.4671,0.6028,65.39199293522232
190,612,12,20,1,part_of_speech_classification,color_matching,matching,match_right,XVVX,noun,negative,blue,✲✲schlecht✲✲,adjective,negative,blue,0.4932,match,1.3722,0,0.4671,0.6028,65.39199293522232
190,613,13,20,1,part_of_speech_classification,color_matching,matching,match_right,ZYYZ,adjective,negative,blue,✲entführung✲,noun,negative,brown,0.4932,nonmatch,0.657,0,0.4671,0.6028,65.39199293522232
190,614,14,20,1,part_of_speech_classification,color_matching,matching,match_right,WJJW,noun,positive,blue,✲✲schlecht✲✲,adjective,negative,brown,0.4932,nonmatch,1.22,0,0.4671,0.6028,65.39199293522232
190,615,15,20,1,part_of_speech_classification,color_matching,matching,match_right,ZYYZ,adjective,negative,brown,✲✲✲liebe✲✲✲✲,noun,positive,brown,0.4932,match,0.493,0,0.4671,0.6028,65.39199293522232
190,616,16,20,1,part_of_speech_classification,color_matching,matching,match_right,MQQM,adjective,positive,blue,✲✲✲eitel✲✲✲✲,adjective,negative,blue,0.4932,match,0.6902,0,0.4671,0.6028,65.39199293522232
190,617,17,20,1,part_of_speech_classification,color_matching,matching,match_right,ZYYZ,adjective,negative,brown,✲✲✲gütig✲✲✲✲,adjective,positive,blue,0.4933,nonmatch,1.4458,0,0.4671,0.6028,65.39199293522232
190,618,18,20,1,part_of_speech_classification,color_matching,matching,match_right,ZYYZ,adjective,negative,brown,✲✲✲leiche✲✲✲,noun,negative,blue,0.4932,nonmatch,0.5669,0,0.4671,0.6028,65.39199293522232
190,619,19,20,1,part_of_speech_classification,color_matching,matching,match_right,XVVX,noun,negative,blue,✲✲einfall✲✲✲,noun,positive,blue,0.4933,match,0.4971,0,0.4671,0.6028,65.39199293522232
190,620,20,20,1,part_of_speech_classification,color_matching,matching,match_right,XVVX,noun,negative,blue,✲✲✲schön✲✲✲✲,adjective,positive,blue,0.4932,match,0.4558,0,0.4671,0.6028,65.39199293522232
190,621,21,20,1,part_of_speech_classification,color_matching,matching,match_right,WJJW,noun,positive,brown,✲✲✲✲gift✲✲✲✲,noun,negative,blue,0.4932,nonmatch,0.3319,0,0.4671,0.6028,65.39199293522232
190,622,22,20,1,part_of_speech_classification,color_matching,matching,match_right,MQQM,adjective,positive,blue,✲✲✲✲gift✲✲✲✲,noun,negative,brown,0.4932,nonmatch,0.8929,0,0.4671,0.6028,65.39199293522232
190,623,23,20,1,part_of_speech_classification,color_matching,matching,match_right,WJJW,noun,positive,brown,✲✲✲liebe✲✲✲✲,noun,positive,blue,0.4932,nonmatch,0.7901,0,0.4671,0.6028,65.39199293522232
190,624,24,20,1,part_of_speech_classification,color_matching,matching,match_right,MQQM,adjective,positive,brown,✲entführung✲,noun,negative,blue,0.4932,nonmatch,0.5019,0,0.4671,0.6028,65.39199293522232
190,625,25,20,1,part_of_speech_classification,color_matching,matching,match_right,ZYYZ,adjective,negative,blue,✲✲✲✲spaß✲✲✲✲,noun,positive,blue,0.4932,match,1.4168,0,0.4671,0.6028,65.39199293522232
190,626,26,20,1,part_of_speech_classification,color_matching,matching,match_right,ZYYZ,adjective,negative,blue,✲✲ehrlich✲✲✲,adjective,positive,brown,0.4932,nonmatch,0.6258,0,0.4671,0.6028,65.39199293522232
190,627,27,20,1,part_of_speech_classification,color_matching,matching,match_right,XVVX,noun,negative,brown,✲✲✲leiche✲✲✲,noun,negative,blue,0.4933,nonmatch,0.6579,0,0.4671,0.6028,65.39199293522232
190,628,28,20,1,part_of_speech_classification,color_matching,matching,match_right,WJJW,noun,positive,blue,✲✲✲glück✲✲✲✲,noun,positive,blue,0.4937,match,0.4532,0,0.4671,0.6028,65.39199293522232
190,629,29,20,1,part_of_speech_classification,color_matching,matching,match_right,XVVX,noun,negative,brown,✲entführung✲,noun,negative,brown,0.4932,match,1.1221,0,0.4671,0.6028,65.39199293522232
190,630,30,20,1,part_of_speech_classification,color_matching,matching,match_right,XVVX,noun,negative,brown,✲✲✲eitel✲✲✲✲,adjective,negative,brown,0.4932,match,0.4531,0,0.4671,0.6028,65.39199293522232
190,631,31,20,1,part_of_speech_classification,color_matching,matching,match_right,WJJW,noun,positive,blue,✲✲schleim✲✲✲,noun,negative,blue,0.4932,nonmatch,0.4755,1,0.4671,0.6028,65.39199293522232
190,632,32,20,1,part_of_speech_classification,color_matching,matching,match_right,WJJW,noun,positive,brown,✲entführung✲,noun,negative,brown,0.4932,match,1.0587,0,0.4671,0.6028,65.39199293522232
190,633,33,20,1,part_of_speech_classification,color_matching,matching,match_right,MQQM,adjective,positive,blue,✲✲schleim✲✲✲,noun,negative,blue,0.5427,nonmatch,3.6736,1,0.4671,0.6028,65.39199293522232
190,634,34,20,1,part_of_speech_classification,color_matching,matching,match_right,MQQM,adjective,positive,blue,✲✲✲lustig✲✲✲,adjective,positive,brown,0.4932,nonmatch,1.0331,0,0.5319,0.6676,74.4638331198342
190,635,35,20,1,part_of_speech_classification,color_matching,matching,match_right,XVVX,noun,negative,blue,✲✲schleim✲✲✲,noun,negative,brown,0.4932,match,0.802,1,0.5162,0.6519,72.26233535731113
190,636,36,20,1,part_of_speech_classification,color_matching,matching,match_right,WJJW,noun,positive,brown,✲✲✲lustig✲✲✲,adjective,positive,blue,0.4932,match,0.4914,1,0.5611,0.6968,78.54725247969797
190,637,37,20,1,part_of_speech_classification,color_matching,matching,match_right,WJJW,noun,positive,blue,✲✲✲schön✲✲✲✲,adjective,positive,blue,0.4932,match,0.532,0,0.6023,0.738,84.31505612996068
190,638,38,20,1,part_of_speech_classification,color_matching,matching,match_right,MQQM,adjective,positive,brown,✲✲✲✲spaß✲✲✲✲,noun,positive,blue,0.4932,nonmatch,0.3217,0,0.5897,0.7254,82.55722718862948
190,639,39,20,1,part_of_speech_classification,color_matching,matching,match_right,MQQM,adjective,positive,blue,✲✲✲schön✲✲✲✲,adjective,positive,blue,0.4932,nonmatch,0.3059,1,0.5785,0.7142,80.98986409151938
190,640,40,20,1,part_of_speech_classification,color_matching,matching,match_right,ZYYZ,adjective,negative,blue,✲✲✲eitel✲✲✲✲,adjective,negative,brown,0.4932,nonmatch,0.3825,0,0.61,0.7457,85.39866078039934
190,641,41,20,1,part_of_speech_classification,color_matching,matching,match_right,MQQM,adjective,positive,brown,✲✲ehrlich✲✲✲,adjective,positive,brown,0.4932,nonmatch,0.2494,1,0.5996,0.7353,83.94615743879473
190,642,42,20,1,part_of_speech_classification,color_matching,matching,match_right,WJJW,noun,positive,brown,✲✲✲eitel✲✲✲✲,adjective,negative,brown,0.4932,nonmatch,0.5859,1,0.6295,0.7652,88.1323443401157
190,643,43,20,1,part_of_speech_classification,color_matching,matching,match_right,WJJW,noun,positive,brown,✲✲einfall✲✲✲,noun,positive,brown,0.4932,match,1.1116,0,0.6615,0.7972,92.61031933073838
190,644,44,20,1,part_of_speech_classification,color_matching,matching,match_right,WJJW,noun,positive,brown,✲✲✲gierig✲✲✲,adjective,negative,blue,0.4932,nonmatch,3.09,0,0.6512,0.7869,91.17207884934872
190,645,45,20,1,part_of_speech_classification,color_matching,matching,match_right,WJJW,noun,positive,blue,✲✲✲leiche✲✲✲,noun,negative,brown,0.4932,nonmatch,1.2188,0,0.642,0.7777,89.87897449976802
190,646,46,20,1,part_of_speech_classification,color_matching,matching,match_right,XVVX,noun,negative,blue,✲✲✲gierig✲✲✲,adjective,negative,brown,0.4932,nonmatch,0.9059,0,0.6337,0.7694,88.7217910365295
190,647,47,20,1,part_of_speech_classification,color_matching,matching,match_right,ZYYZ,adjective,negative,brown,✲✲✲schön✲✲✲✲,adjective,positive,brown,0.4932,match,0.977,0,0.6263,0.762,87.67837236318388
190,648,48,20,1,part_of_speech_classification,color_matching,matching,match_right,ZYYZ,adjective,negative,brown,✲✲schleim✲✲✲,noun,negative,brown,0.4932,match,0.846,0,0.6196,0.7553,86.73737086614216
190,649,49,20,1,part_of_speech_classification,color_matching,matching,match_right,ZYYZ,adjective,negative,brown,✲✲schlecht✲✲,adjective,negative,brown,0.5364,match,1.8125,0,0.6134,0.7492,85.8824845901831
190,650,50,20,1,part_of_speech_classification,color_matching,matching,match_right,XVVX,noun,negative,blue,✲✲ehrlich✲✲✲,adjective,positive,brown,0.4932,nonmatch,0.396,0,0.6079,0.7436,85.10245131849953
190,651,51,20,1,part_of_speech_classification,color_matching,matching,match_right,XVVX,noun,negative,brown,✲✲✲gütig✲✲✲✲,adjective,positive,blue,0.4937,nonmatch,1.0305,0,0.6028,0.7385,84.38625116131392
190,652,52,20,1,part_of_speech_classification,color_matching,matching,match_right,MQQM,adjective,positive,brown,✲✲✲gierig✲✲✲,adjective,negative,blue,0.4932,nonmatch,0.4961,0,0.598,0.7337,83.72199790654676
190,653,53,20,1,part_of_speech_classification,color_matching,matching,match_right,MQQM,adjective,positive,brown,✲✲✲gütig✲✲✲✲,adjective,positive,blue,0.4932,match,1.0546,1,0.5936,0.7293,83.10485656241195
190,654,54,20,1,part_of_speech_classification,color_matching,matching,match_right,ZYYZ,adjective,negative,blue,✲✲✲✲gift✲✲✲✲,noun,negative,blue,0.4936,nonmatch,0.6182,1,0.6064,0.7421,84.89111687534783
190,655,55,20,1,part_of_speech_classification,color_matching,matching,match_right,MQQM,adjective,positive,blue,✲✲✲glück✲✲✲✲,noun,positive,brown,0.4932,nonmatch,0.8424,0,0.6201,0.7558,86.8088989142085
190,656,56,20,1,part_of_speech_classification,color_matching,matching,match_right,MQQM,adjective,positive,blue,✲✲einfall✲✲✲,noun,positive,blue,0.4961,nonmatch,0.7405,1,0.6153,0.751,86.1395428661884
190,657,57,20,1,part_of_speech_classification,color_matching,matching,match_right,MQQM,adjective,positive,brown,✲✲launisch✲✲,adjective,negative,brown,0.4932,match,0.7361,0,0.6296,0.7654,88.15053036060071
190,658,58,20,1,part_of_speech_classification,color_matching,matching,match_right,XVVX,noun,negative,brown,✲✲✲✲spaß✲✲✲✲,noun,positive,blue,0.4932,nonmatch,0.8413,0,0.6248,0.7605,87.46657570893352
190,659,59,20,1,part_of_speech_classification,color_matching,matching,match_right,WJJW,noun,positive,blue,✲✲launisch✲✲,adjective,negative,blue,0.4932,nonmatch,0.8167,1,0.6203,0.756,86.84308887843716
190,660,60,20,1,part_of_speech_classification,color_matching,matching,match_right,WJJW,noun,positive,blue,✲✲✲gütig✲✲✲✲,adjective,positive,brown,0.4932,nonmatch,0.504,0,0.633,0.7687,88.61611866490863
190,661,61,20,1,part_of_speech_classification,color_matching,matching,match_right,XVVX,noun,negative,blue,✲✲✲✲gift✲✲✲✲,noun,negative,blue,0.4932,nonmatch,0.9518,1,0.6284,0.7641,87.97622081697462
190,662,62,20,1,part_of_speech_classification,color_matching,matching,match_right,ZYYZ,adjective,negative,blue,✲✲launisch✲✲,adjective,negative,blue,0.4936,nonmatch,0.6329,1,0.642,0.7777,89.8803488684901
190,663,63,20,1,part_of_speech_classification,color_matching,matching,match_right,XVVX,noun,negative,brown,✲✲✲lustig✲✲✲,adjective,positive,brown,0.4932,nonmatch,1.041,1,0.6571,0.7929,92.00046124959104
190,664,64,20,1,part_of_speech_classification,color_matching,matching,match_right,ZYYZ,adjective,negative,brown,✲✲einfall✲✲✲,noun,positive,blue,0.4932,nonmatch,0.6081,0,0.6739,0.8096,94.34359960133334
190,665,1,21,2,part_of_speech_classification,color_matching,matching,match_right,WJJW,noun,positive,brown,✲✲ehrlich✲✲✲,adjective,positive,brown,0.4932,nonmatch,0.1886,1,0.6679,0.8036,93.50329799004675
190,666,2,21,2,part_of_speech_classification,color_matching,matching,match_right,ZYYZ,adjective,negative,brown,✲✲launisch✲✲,adjective,negative,brown,0.4933,nonmatch,0.5049,1,0.6855,0.8212,95.97400353766473
190,667,3,21,2,part_of_speech_classification,color_matching,matching,match_right,WJJW,noun,positive,brown,✲✲launisch✲✲,adjective,negative,blue,0.4932,nonmatch,0.969,0,0.7047,0.8404,98.65227633451823
190,668,4,21,2,part_of_speech_classification,color_matching,matching,match_right,XVVX,noun,negative,blue,✲entführung✲,noun,negative,blue,0.4932,nonmatch,0.7827,1,0.6977,0.8335,97.68487774678495
190,669,5,21,2,part_of_speech_classification,color_matching,matching,match_right,XVVX,noun,negative,brown,✲✲✲✲spaß✲✲✲✲,noun,positive,blue,0.4932,nonmatch,0.9145,0,0.7175,0.8533,100.45624898030941
190,670,6,21,2,part_of_speech_classification,color_matching,matching,match_right,WJJW,noun,positive,blue,✲✲✲lustig✲✲✲,adjective,positive,brown,0.4932,nonmatch,0.498,0,0.7105,0.8462,99.47210099683602
190,671,7,21,2,part_of_speech_classification,color_matching,matching,match_right,XVVX,noun,negative,brown,✲✲✲✲gift✲✲✲✲,noun,negative,brown,0.4932,nonmatch,0.9314,1,0.7042,0.8399,98.58394459541647
190,672,8,21,2,part_of_speech_classification,color_matching,matching,match_right,MQQM,adjective,positive,blue,✲✲✲leiche✲✲✲,noun,negative,brown,0.4932,nonmatch,0.8408,0,0.7226,0.8583,101.15810021233487
190,673,9,21,2,part_of_speech_classification,color_matching,matching,match_right,MQQM,adjective,positive,blue,✲✲launisch✲✲,adjective,negative,brown,0.4932,nonmatch,0.9429,0,0.7161,0.8518,100.249098044641
190,674,10,21,2,part_of_speech_classification,color_matching,matching,match_right,WJJW,noun,positive,brown,✲✲✲gierig✲✲✲,adjective,negative,brown,0.4932,nonmatch,0.7634,1,0.7101,0.8459,99.41986516496935
190,675,11,21,2,part_of_speech_classification,color_matching,matching,match_right,ZYYZ,adjective,negative,blue,✲✲✲gierig✲✲✲,adjective,negative,blue,0.4932,nonmatch,0.9409,1,0.7274,0.8631,101.83259513760862
190,676,12,21,2,part_of_speech_classification,color_matching,matching,match_right,WJJW,noun,positive,blue,✲✲einfall✲✲✲,noun,positive,blue,0.4932,nonmatch,0.6185,1,0.7461,0.8818,104.44754667869334
190,677,13,21,2,part_of_speech_classification,color_matching,matching,match_right,ZYYZ,adjective,negative,blue,✲✲✲leiche✲✲✲,noun,negative,brown,0.4932,nonmatch,0.9514,0,0.7677,0.9034,107.47490817832619
190,678,14,21,2,part_of_speech_classification,color_matching,matching,match_right,XVVX,noun,negative,brown,✲✲einfall✲✲✲,noun,positive,brown,0.4932,nonmatch,0.6614,1,0.7602,0.896,106.43438056431322
190,679,15,21,2,part_of_speech_classification,color_matching,matching,match_right,WJJW,noun,positive,brown,✲✲✲liebe✲✲✲✲,noun,positive,blue,0.4932,nonmatch,0.84,0,0.7822,0.9179,109.51233269499426
190,680,16,21,2,part_of_speech_classification,color_matching,matching,match_right,ZYYZ,adjective,negative,brown,✲✲schleim✲✲✲,noun,negative,blue,0.4938,nonmatch,0.6766,0,0.7748,0.9105,108.46642119944306
190,680,16,21,2,part_of_speech_classification,color_matching,matching,match_right,ZYYZ,adjective,negative,brown,✲✲schleim✲✲✲,noun,negative,blue,0.4938,nonmatch,0.9297,0,0.7748,0.9105,108.46642119944306
190,681,17,21,2,part_of_speech_classification,color_matching,matching,match_right,WJJW,noun,positive,brown,✲✲✲✲spaß✲✲✲✲,noun,positive,brown,0.4933,match,0.4935,0,0.7679,0.9037,107.51125110674154
190,682,18,21,2,part_of_speech_classification,color_matching,matching,match_right,WJJW,noun,positive,blue,✲entführung✲,noun,negative,blue,0.4932,nonmatch,0.6623,1,0.7617,0.8974,106.63443929615947
190,683,19,21,2,part_of_speech_classification,color_matching,matching,match_right,XVVX,noun,negative,blue,✲✲✲gierig✲✲✲,adjective,negative,blue,0.4932,nonmatch,0.7426,1,0.7799,0.9156,109.18685384367056
190,684,20,21,2,part_of_speech_classification,color_matching,matching,match_right,WJJW,noun,positive,brown,✲✲✲✲gift✲✲✲✲,noun,negative,blue,0.4932,nonmatch,0.6644,0,0.7994,0.9352,111.92281132927292
190,685,21,21,2,part_of_speech_classification,color_matching,matching,match_right,WJJW,noun,positive,brown,✲✲✲leiche✲✲✲,noun,negative,brown,0.4933,match,0.2901,0,0.7925,0.9282,110.95102751900114
190,686,22,21,2,part_of_speech_classification,color_matching,matching,match_right,MQQM,adjective,positive,brown,✲entführung✲,noun,negative,brown,0.4932,match,0.4962,0,0.7862,0.9219,110.06398739881718
190,687,23,21,2,part_of_speech_classification,color_matching,matching,match_right,WJJW,noun,positive,blue,✲✲✲glück✲✲✲✲,noun,positive,brown,0.4932,nonmatch,0.3602,0,0.7804,0.9161,109.25296099607145
190,688,24,21,2,part_of_speech_classification,color_matching,matching,match_right,XVVX,noun,negative,brown,✲✲launisch✲✲,adjective,negative,brown,0.4932,match,0.2887,0,0.775,0.9107,108.49846365368703
190,689,25,21,2,part_of_speech_classification,color_matching,matching,match_right,XVVX,noun,negative,blue,✲✲✲glück✲✲✲✲,noun,positive,blue,0.4932,nonmatch,0.4935,1,0.7699,0.9056,107.78918476677933
190,690,26,21,2,part_of_speech_classification,color_matching,matching,match_right,MQQM,adjective,positive,blue,✲✲einfall✲✲✲,noun,positive,brown,0.4932,nonmatch,1.2503,0,0.7845,0.9202,109.82859741979438
190,691,27,21,2,part_of_speech_classification,color_matching,matching,match_right,MQQM,adjective,positive,brown,✲✲✲lustig✲✲✲,adjective,positive,blue,0.4937,nonmatch,0.5819,0,0.7794,0.9152,109.12111102993245
190,692,28,21,2,part_of_speech_classification,color_matching,matching,match_right,ZYYZ,adjective,negative,brown,✲entführung✲,noun,negative,brown,0.4932,nonmatch,0.6471,1,0.7747,0.9104,108.46215505555737
190,693,29,21,2,part_of_speech_classification,color_matching,matching,match_right,ZYYZ,adjective,negative,blue,✲✲ehrlich✲✲✲,adjective,positive,blue,0.4932,match,0.6151,0,0.7889,0.9246,110.44776466196181
190,694,30,21,2,part_of_speech_classification,color_matching,matching,match_right,XVVX,noun,negative,blue,✲✲✲liebe✲✲✲✲,noun,positive,brown,0.4932,nonmatch,0.5468,0,0.7841,0.9198,109.76809514711799
190,695,31,21,2,part_of_speech_classification,color_matching,matching,match_right,ZYYZ,adjective,negative,brown,✲✲schlecht✲✲,adjective,negative,blue,0.4932,nonmatch,0.4133,0,0.7796,0.9153,109.14074583148316
190,696,32,21,2,part_of_speech_classification,color_matching,matching,match_right,WJJW,noun,positive,brown,✲✲✲gütig✲✲✲✲,adjective,positive,blue,0.4932,nonmatch,0.6211,0,0.7754,0.9111,108.55226406804235
190,697,33,21,2,part_of_speech_classification,color_matching,matching,match_right,ZYYZ,adjective,negative,blue,✲✲✲schön✲✲✲✲,adjective,positive,brown,0.5259,match,1.7412,1,0.7714,0.9071,107.99867569022443
190,698,34,21,2,part_of_speech_classification,color_matching,matching,match_right,XVVX,noun,negative,blue,✲✲✲lustig✲✲✲,adjective,positive,brown,0.4932,nonmatch,0.5828,0,0.7828,0.9185,109.5852248324616
190,699,35,21,2,part_of_speech_classification,color_matching,matching,match_right,ZYYZ,adjective,negative,blue,✲✲✲✲gift✲✲✲✲,noun,negative,blue,0.4932,nonmatch,0.5968,1,0.7787,0.9144,109.0189715759004
190,700,36,21,2,part_of_speech_classification,color_matching,matching,match_right,MQQM,adjective,positive,brown,✲✲✲liebe✲✲✲✲,noun,positive,blue,0.4932,nonmatch,0.3063,0,0.7903,0.926,110.64239762430921
190,701,37,21,2,part_of_speech_classification,color_matching,matching,match_right,ZYYZ,adjective,negative,blue,✲✲✲liebe✲✲✲✲,noun,positive,blue,0.4962,match,0.5684,0,0.7862,0.9219,110.06287502661398
190,702,38,21,2,part_of_speech_classification,color_matching,matching,match_right,ZYYZ,adjective,negative,blue,✲✲✲✲spaß✲✲✲✲,noun,positive,brown,0.4932,nonmatch,0.4112,0,0.7824,0.9181,109.53237396039022
190,703,39,21,2,part_of_speech_classification,color_matching,matching,match_right,ZYYZ,adjective,negative,brown,✲✲✲glück✲✲✲✲,noun,positive,blue,0.4932,match,0.3129,1,0.7787,0.9144,109.02185299121858
190,704,40,21,2,part_of_speech_classification,color_matching,matching,match_right,XVVX,noun,negative,blue,✲✲✲gütig✲✲✲✲,adjective,positive,blue,0.4932,nonmatch,0.2544,1,0.7892,0.9249,110.48390934045025
190,705,41,21,2,part_of_speech_classification,color_matching,matching,match_right,MQQM,adjective,positive,brown,✲✲✲gierig✲✲✲,adjective,negative,brown,0.4932,match,0.7923,0,0.8001,0.9358,112.01629583215018
190,706,42,21,2,part_of_speech_classification,color_matching,matching,match_right,XVVX,noun,negative,brown,✲✲✲leiche✲✲✲,noun,negative,blue,0.4932,nonmatch,0.7895,0,0.7962,0.9319,111.46370121751544
190,707,43,21,2,part_of_speech_classification,color_matching,matching,match_right,ZYYZ,adjective,negative,brown,✲✲✲gütig✲✲✲✲,adjective,positive,blue,0.4932,nonmatch,1.0914,0,0.7924,0.9281,110.9327951121298
190,708,44,21,2,part_of_speech_classification,color_matching,matching,match_right,XVVX,noun,negative,brown,✲✲schlecht✲✲,adjective,negative,blue,0.4932,nonmatch,1.0321,0,0.7889,0.9246,110.44630541734159
190,709,45,21,2,part_of_speech_classification,color_matching,matching,match_right,MQQM,adjective,positive,brown,✲✲✲glück✲✲✲✲,noun,positive,brown,0.4932,nonmatch,0.5325,1,0.7855,0.9212,109.96911909068884
190,710,46,21,2,part_of_speech_classification,color_matching,matching,match_right,WJJW,noun,positive,blue,✲✲✲eitel✲✲✲✲,adjective,negative,brown,0.4962,nonmatch,1.0435,0,0.7953,0.931,111.34036681583217
190,711,47,21,2,part_of_speech_classification,color_matching,matching,match_right,MQQM,adjective,positive,blue,✲✲✲✲gift✲✲✲✲,noun,negative,blue,0.4932,nonmatch,0.6607,1,0.7919,0.9276,110.86013883538334
190,712,48,21,2,part_of_speech_classification,color_matching,matching,match_right,WJJW,noun,positive,blue,✲✲✲schön✲✲✲✲,adjective,positive,blue,0.4936,match,0.7413,0,0.8019,0.9377,112.27154613881822
190,713,49,21,2,part_of_speech_classification,color_matching,matching,match_right,MQQM,adjective,positive,brown,✲✲✲eitel✲✲✲✲,adjective,negative,blue,0.4932,nonmatch,0.8229,0,0.7985,0.9342,111.78918389499569
190,714,50,21,2,part_of_speech_classification,color_matching,matching,match_right,ZYYZ,adjective,negative,brown,✲✲einfall✲✲✲,noun,positive,brown,0.4932,nonmatch,1.0251,1,0.7952,0.9309,111.32544202662068
190,715,51,21,2,part_of_speech_classification,color_matching,matching,match_right,MQQM,adjective,positive,blue,✲✲schlecht✲✲,adjective,negative,blue,0.4932,match,0.7967,0,0.8046,0.9404,112.65075132071173
190,716,52,21,2,part_of_speech_classification,color_matching,matching,match_right,XVVX,noun,negative,blue,✲✲✲eitel✲✲✲✲,adjective,negative,brown,0.4932,nonmatch,1.0164,0,0.8012,0.9369,112.1673429216693
190,717,53,21,2,part_of_speech_classification,color_matching,matching,match_right,MQQM,adjective,positive,blue,✲✲✲✲spaß✲✲✲✲,noun,positive,blue,0.4932,match,1.022,0,0.7981,0.9338,111.73293730525855
190,718,54,21,2,part_of_speech_classification,color_matching,matching,match_right,XVVX,noun,negative,brown,✲✲✲schön✲✲✲✲,adjective,positive,blue,0.4932,nonmatch,0.8348,0,0.795,0.9308,111.30634476503207
190,719,55,21,2,part_of_speech_classification,color_matching,matching,match_right,XVVX,noun,negative,brown,✲✲ehrlich✲✲✲,adjective,positive,brown,0.4933,match,0.9846,0,0.7921,0.9279,110.90005508725774
190,720,56,21,2,part_of_speech_classification,color_matching,matching,match_right,XVVX,noun,negative,blue,✲✲schleim✲✲✲,noun,negative,brown,0.4932,match,0.6622,1,0.7895,0.9252,110.52395131602032
190,721,57,21,2,part_of_speech_classification,color_matching,matching,match_right,MQQM,adjective,positive,brown,✲✲schleim✲✲✲,noun,negative,blue,0.4932,nonmatch,1.015,0,0.7978,0.9335,111.68781914381215
190,722,58,21,2,part_of_speech_classification,color_matching,matching,match_right,WJJW,noun,positive,blue,✲✲schlecht✲✲,adjective,negative,blue,0.4932,match,0.6499,0,0.7949,0.9307,111.2916863505429
190,723,59,21,2,part_of_speech_classification,color_matching,matching,match_right,ZYYZ,adjective,negative,brown,✲✲✲lustig✲✲✲,adjective,positive,brown,0.4932,match,1.0457,0,0.7922,0.928,110.91375343857993
190,724,60,21,2,part_of_speech_classification,color_matching,matching,match_right,MQQM,adjective,positive,blue,✲✲✲schön✲✲✲✲,adjective,positive,brown,0.4932,match,0.6536,1,0.7897,0.9255,110.5643634078196
190,725,61,21,2,part_of_speech_classification,color_matching,matching,match_right,ZYYZ,adjective,negative,blue,✲✲✲eitel✲✲✲✲,adjective,negative,brown,0.4932,nonmatch,0.9043,0,0.7975,0.9332,111.64627222059019
190,726,62,21,2,part_of_speech_classification,color_matching,matching,match_right,MQQM,adjective,positive,brown,✲✲✲gütig✲✲✲✲,adjective,positive,brown,0.4932,match,0.9382,0,0.7948,0.9305,111.27658890056952
190,727,63,21,2,part_of_speech_classification,color_matching,matching,match_right,WJJW,noun,positive,blue,✲✲schleim✲✲✲,noun,negative,brown,0.4932,nonmatch,0.7781,0,0.7923,0.928,110.92353709513799
190,728,64,21,2,part_of_speech_classification,color_matching,matching,match_right,MQQM,adjective,positive,blue,✲✲ehrlich✲✲✲,adjective,positive,blue,0.4932,nonmatch,0.6219,1,0.79,0.9257,110.59740261805595
190,729,1,22,3,part_of_speech_classification,color_matching,matching,match_right,XVVX,noun,negative,blue,✲✲✲eitel✲✲✲✲,adjective,negative,blue,0.5276,nonmatch,0.3634,1,0.7972,0.9329,111.60799038933767
190,730,2,22,3,part_of_speech_classification,color_matching,matching,match_right,ZYYZ,adjective,negative,brown,✲✲✲✲gift✲✲✲✲,noun,negative,brown,0.4932,nonmatch,0.8427,1,0.8044,0.9401,112.60906520162742
190,731,3,22,3,part_of_speech_classification,color_matching,matching,match_right,MQQM,adjective,positive,blue,✲✲✲✲gift✲✲✲✲,noun,negative,blue,0.4932,match,0.5896,0,0.812,0.9477,113.68495306905635
190,732,4,22,3,part_of_speech_classification,color_matching,matching,match_right,WJJW,noun,positive,blue,✲✲✲✲spaß✲✲✲✲,noun,positive,brown,0.4932,nonmatch,0.9349,0,0.8092,0.9449,113.28516826159114
190,733,5,22,3,part_of_speech_classification,color_matching,matching,match_right,ZYYZ,adjective,negative,brown,✲✲✲liebe✲✲✲✲,noun,positive,brown,0.4932,match,0.7406,0,0.8066,0.9423,112.92682189158265
190,734,6,22,3,part_of_speech_classification,color_matching,matching,match_right,MQQM,adjective,positive,brown,✲✲✲leiche✲✲✲,noun,negative,blue,0.4933,nonmatch,0.8508,0,0.8041,0.9398,112.57476397066331
190,735,7,22,3,part_of_speech_classification,color_matching,matching,match_right,MQQM,adjective,positive,brown,✲✲✲lustig✲✲✲,adjective,positive,blue,0.4932,match,0.9213,1,0.8016,0.9373,112.22671909430238
190,736,8,22,3,part_of_speech_classification,color_matching,matching,match_right,XVVX,noun,negative,brown,✲entführung✲,noun,negative,blue,0.4932,nonmatch,0.7291,0,0.8087,0.9444,113.21130440930462
190,737,9,22,3,part_of_speech_classification,color_matching,matching,match_right,ZYYZ,adjective,negative,blue,✲✲launisch✲✲,adjective,negative,brown,0.4932,nonmatch,1.0504,0,0.8063,0.942,112.87581277795104
190,738,10,22,3,part_of_speech_classification,color_matching,matching,match_right,MQQM,adjective,positive,blue,✲✲✲✲spaß✲✲✲✲,noun,positive,blue,0.4932,match,0.6971,0,0.8039,0.9396,112.54533343471901
190,739,11,22,3,part_of_speech_classification,color_matching,matching,match_right,XVVX,noun,negative,brown,✲✲✲glück✲✲✲✲,noun,positive,blue,0.4932,match,1.1022,1,0.8016,0.9373,112.21796194793856
190,740,12,22,3,part_of_speech_classification,color_matching,matching,match_right,XVVX,noun,negative,blue,✲✲✲✲gift✲✲✲✲,noun,negative,blue,0.4932,match,0.9673,0,0.8082,0.9439,113.14480453644973
190,741,13,22,3,part_of_speech_classification,color_matching,matching,match_right,MQQM,adjective,positive,brown,✲entführung✲,noun,negative,brown,0.4932,match,1.3292,0,0.8059,0.9416,112.82943934510426
190,742,14,22,3,part_of_speech_classification,color_matching,matching,match_right,ZYYZ,adjective,negative,blue,✲✲✲leiche✲✲✲,noun,negative,brown,0.4932,nonmatch,0.6535,0,0.8037,0.9394,112.51803289798518
190,743,15,22,3,part_of_speech_classification,color_matching,matching,match_right,WJJW,noun,positive,brown,✲✲ehrlich✲✲✲,adjective,positive,brown,0.4932,nonmatch,1.2233,1,0.8015,0.9372,112.20898290217767
190,744,16,22,3,part_of_speech_classification,color_matching,matching,match_right,WJJW,noun,positive,brown,✲✲✲schön✲✲✲✲,adjective,positive,blue,0.4932,nonmatch,0.7465,0,0.8077,0.9435,113.08461754265866
190,745,17,22,3,part_of_speech_classification,color_matching,matching,match_right,XVVX,noun,negative,brown,✲✲ehrlich✲✲✲,adjective,positive,blue,0.5332,nonmatch,0.608,0,0.8056,0.9413,112.78709315826735
190,746,18,22,3,part_of_speech_classification,color_matching,matching,match_right,WJJW,noun,positive,brown,✲✲✲glück✲✲✲✲,noun,positive,blue,0.4932,nonmatch,1.0012,0,0.8035,0.9392,112.49265252033994
190,747,19,22,3,part_of_speech_classification,color_matching,matching,match_right,WJJW,noun,positive,brown,✲✲launisch✲✲,adjective,negative,blue,0.4932,nonmatch,0.9986,0,0.8014,0.9371,112.19994153684614
190,748,20,22,3,part_of_speech_classification,color_matching,matching,match_right,ZYYZ,adjective,negative,brown,✲✲✲gütig✲✲✲✲,adjective,positive,blue,0.4933,match,0.6186,1,0.7995,0.9353,111.93511253939518
190,749,21,22,3,part_of_speech_classification,color_matching,matching,match_right,ZYYZ,adjective,negative,blue,✲✲ehrlich✲✲✲,adjective,positive,brown,0.5124,nonmatch,0.7965,0,0.8054,0.9411,112.75027880832505
190,750,22,22,3,part_of_speech_classification,color_matching,matching,match_right,XVVX,noun,negative,blue,✲✲✲✲spaß✲✲✲✲,noun,positive,brown,0.4932,match,1.0247,1,0.8034,0.9391,112.47069983229278
190,751,23,22,3,part_of_speech_classification,color_matching,matching,match_right,WJJW,noun,positive,blue,✲✲✲gütig✲✲✲✲,adjective,positive,brown,0.4932,nonmatch,1.0372,0,0.8089,0.9447,113.25136120837526
190,752,24,22,3,part_of_speech_classification,color_matching,matching,match_right,XVVX,noun,negative,brown,✲✲schleim✲✲✲,noun,negative,brown,0.4932,nonmatch,0.7928,1,0.807,0.9427,112.9798584336466
190,753,25,22,3,part_of_speech_classification,color_matching,matching,match_right,WJJW,noun,positive,brown,✲entführung✲,noun,negative,blue,0.4932,match,0.9571,1,0.813,0.9487,113.82456244839159
190,754,26,22,3,part_of_speech_classification,color_matching,matching,match_right,XVVX,noun,negative,brown,✲✲✲schön✲✲✲✲,adjective,positive,brown,0.4932,match,1.0299,0,0.819,0.9547,114.65829854310446
190,755,27,22,3,part_of_speech_classification,color_matching,matching,match_right,ZYYZ,adjective,negative,brown,✲✲einfall✲✲✲,noun,positive,blue,0.4932,nonmatch,1.0788,0,0.8168,0.9525,114.34867611491103
190,756,28,22,3,part_of_speech_classification,color_matching,matching,match_right,XVVX,noun,negative,blue,✲✲✲gierig✲✲✲,adjective,negative,brown,0.4932,nonmatch,0.6542,0,0.8148,0.9505,114.06630052874112
190,757,29,22,3,part_of_speech_classification,color_matching,matching,match_right,ZYYZ,adjective,negative,brown,✲✲schleim✲✲✲,noun,negative,blue,0.4932,nonmatch,1.072,0,0.8128,0.9485,113.7880289299605
190,758,30,22,3,part_of_speech_classification,color_matching,matching,match_right,XVVX,noun,negative,blue,✲✲✲leiche✲✲✲,noun,negative,brown,0.4962,nonmatch,1.0292,0,0.8108,0.9465,113.51288573185681
190,759,31,22,3,part_of_speech_classification,color_matching,matching,match_right,ZYYZ,adjective,negative,blue,✲✲✲✲spaß✲✲✲✲,noun,positive,blue,0.4932,nonmatch,1.0411,1,0.8089,0.9446,113.24272340988189
190,760,32,22,3,part_of_speech_classification,color_matching,matching,match_right,XVVX,noun,negative,brown,✲✲schlecht✲✲,adjective,negative,blue,0.4932,nonmatch,0.6004,0,0.8144,0.9502,114.02287066668373
190,761,33,22,3,part_of_speech_classification,color_matching,matching,match_right,MQQM,adjective,positive,blue,✲✲✲schön✲✲✲✲,adjective,positive,brown,0.5044,nonmatch,0.6606,0,0.8126,0.9483,113.75799828060109
190,762,34,22,3,part_of_speech_classification,color_matching,matching,match_right,MQQM,adjective,positive,blue,✲✲✲eitel✲✲✲✲,adjective,negative,blue,0.4932,match,0.561,0,0.8107,0.9464,113.49565018612037
190,763,35,22,3,part_of_speech_classification,color_matching,matching,match_right,XVVX,noun,negative,blue,✲✲✲liebe✲✲✲✲,noun,positive,blue,0.4933,match,0.926,0,0.8088,0.9446,113.23868564485414
190,764,36,22,3,part_of_speech_classification,color_matching,matching,match_right,ZYYZ,adjective,negative,blue,✲entführung✲,noun,negative,blue,0.4932,match,1.0665,0,0.8072,0.9429,113.00585727926214
190,765,37,22,3,part_of_speech_classification,color_matching,matching,match_right,ZYYZ,adjective,negative,brown,✲✲✲eitel✲✲✲✲,adjective,negative,brown,0.4932,match,0.8486,0,0.8055,0.9413,112.77634422227767
190,766,38,22,3,part_of_speech_classification,color_matching,matching,match_right,MQQM,adjective,positive,brown,✲✲✲glück✲✲✲✲,noun,positive,blue,0.4932,nonmatch,0.5553,0,0.8039,0.9396,112.54835206562908
190,767,39,22,3,part_of_speech_classification,color_matching,matching,match_right,ZYYZ,adjective,negative,brown,✲✲✲lustig✲✲✲,adjective,positive,brown,0.4932,match,1.1213,0,0.8023,0.938,112.32140858097314
190,768,40,22,3,part_of_speech_classification,color_matching,matching,match_right,ZYYZ,adjective,negative,blue,✲✲schlecht✲✲,adjective,negative,blue,0.4932,match,1.0211,0,0.8007,0.9364,112.10101730116813
190,769,41,22,3,part_of_speech_classification,color_matching,matching,match_right,WJJW,noun,positive,blue,✲✲einfall✲✲✲,noun,positive,blue,0.4932,match,0.7723,0,0.7993,0.935,111.89988041531406
190,770,42,22,3,part_of_speech_classification,color_matching,matching,match_right,XVVX,noun,negative,blue,✲✲✲gütig✲✲✲✲,adjective,positive,brown,0.4932,match,1.1087,1,0.7979,0.9336,111.70136648417035
190,771,43,22,3,part_of_speech_classification,color_matching,matching,match_right,MQQM,adjective,positive,blue,✲✲schlecht✲✲,adjective,negative,brown,0.4932,match,0.8041,1,0.8022,0.9379,112.309341414766
190,772,44,22,3,part_of_speech_classification,color_matching,matching,match_right,ZYYZ,adjective,negative,blue,✲✲✲schön✲✲✲✲,adjective,positive,blue,0.4932,match,0.995,0,0.8066,0.9423,112.92774468980159
190,773,45,22,3,part_of_speech_classification,color_matching,matching,match_right,MQQM,adjective,positive,brown,✲✲✲liebe✲✲✲✲,noun,positive,brown,0.4932,match,1.0298,0,0.8051,0.9408,112.71630292449416
190,774,46,22,3,part_of_speech_classification,color_matching,matching,match_right,MQQM,adjective,positive,brown,✲✲launisch✲✲,adjective,negative,brown,0.4932,nonmatch,1.0777,1,0.8036,0.9393,112.50695981790135
190,775,47,22,3,part_of_speech_classification,color_matching,matching,match_right,WJJW,noun,positive,blue,✲✲✲lustig✲✲✲,adjective,positive,blue,0.4932,match,0.8293,0,0.8078,0.9435,113.0961784515007
190,776,48,22,3,part_of_speech_classification,color_matching,matching,match_right,MQQM,adjective,positive,blue,✲✲ehrlich✲✲✲,adjective,positive,blue,0.4932,match,1.0331,0,0.8064,0.9421,112.89098953362468
190,777,49,22,3,part_of_speech_classification,color_matching,matching,match_right,XVVX,noun,negative,brown,✲✲einfall✲✲✲,noun,positive,brown,0.5547,nonmatch,0.8901,1,0.8049,0.9406,112.68769004631667
190,778,50,22,3,part_of_speech_classification,color_matching,matching,match_right,WJJW,noun,positive,blue,✲✲✲gierig✲✲✲,adjective,negative,brown,0.4932,nonmatch,0.8185,0,0.8089,0.9447,113.25228135036483
190,779,51,22,3,part_of_speech_classification,color_matching,matching,match_right,WJJW,noun,positive,brown,✲✲✲eitel✲✲✲✲,adjective,negative,brown,0.4932,nonmatch,0.6287,1,0.8075,0.9432,113.05229997207314
190,780,52,22,3,part_of_speech_classification,color_matching,matching,match_right,ZYYZ,adjective,negative,brown,✲✲✲gierig✲✲✲,adjective,negative,blue,0.4932,match,0.8408,1,0.812,0.9477,113.67777000810064
190,781,53,22,3,part_of_speech_classification,color_matching,matching,match_right,MQQM,adjective,positive,brown,✲✲✲gütig✲✲✲✲,adjective,positive,brown,0.4932,match,0.9262,0,0.8163,0.952,114.28621387340294
190,782,54,22,3,part_of_speech_classification,color_matching,matching,match_right,XVVX,noun,negative,brown,✲✲launisch✲✲,adjective,negative,brown,0.4932,match,0.9059,0,0.8148,0.9505,114.07324612150705
190,783,55,22,3,part_of_speech_classification,color_matching,matching,match_right,MQQM,adjective,positive,blue,✲✲schleim✲✲✲,noun,negative,brown,0.4932,nonmatch,0.8493,0,0.8133,0.949,113.86271035704767
190,784,56,22,3,part_of_speech_classification,color_matching,matching,match_right,MQQM,adjective,positive,blue,✲✲einfall✲✲✲,noun,positive,brown,0.4932,nonmatch,0.8636,0,0.8118,0.9475,113.6544296273079
190,785,57,22,3,part_of_speech_classification,color_matching,matching,match_right,MQQM,adjective,positive,brown,✲✲✲gierig✲✲✲,adjective,negative,blue,0.4949,match,0.84,1,0.8103,0.946,113.44532859695586
190,786,58,22,3,part_of_speech_classification,color_matching,matching,match_right,XVVX,noun,negative,blue,✲✲✲lustig✲✲✲,adjective,positive,blue,0.4932,nonmatch,0.8195,1,0.8146,0.9503,114.03724151244532
190,787,59,22,3,part_of_speech_classification,color_matching,matching,match_right,WJJW,noun,positive,brown,✲✲✲leiche✲✲✲,noun,negative,brown,0.4932,match,0.8257,0,0.8191,0.9548,114.66999799916552
190,788,60,22,3,part_of_speech_classification,color_matching,matching,match_right,WJJW,noun,positive,brown,✲✲✲liebe✲✲✲✲,noun,positive,brown,0.5019,match,0.8655,0,0.8175,0.9532,114.4438111016937
190,789,61,22,3,part_of_speech_classification,color_matching,matching,match_right,WJJW,noun,positive,blue,✲✲✲✲gift✲✲✲✲,noun,negative,blue,0.4962,match,0.8526,0,0.816,0.9517,114.24276975621468
190,790,62,22,3,part_of_speech_classification,color_matching,matching,match_right,WJJW,noun,positive,blue,✲✲schlecht✲✲,adjective,negative,blue,0.4932,match,1.0167,0,0.8146,0.9503,114.04605317405299
190,791,63,22,3,part_of_speech_classification,color_matching,matching,match_right,WJJW,noun,positive,blue,✲✲schleim✲✲✲,noun,negative,brown,0.4932,nonmatch,0.6345,0,0.8132,0.9489,113.85124778473485
190,792,64,22,3,part_of_speech_classification,color_matching,matching,match_right,ZYYZ,adjective,negative,blue,✲✲✲glück✲✲✲✲,noun,positive,brown,0.4932,nonmatch,0.9774,0,0.8118,0.9476,113.658296483119
190,793,1,23,4,part_of_speech_classification,color_matching,matching,match_right,MQQM,adjective,positive,blue,✲✲schleim✲✲✲,noun,negative,brown,0.5317,nonmatch,0.6971,0,0.8105,0.9462,113.46447252251873
190,794,2,23,4,part_of_speech_classification,color_matching,matching,match_right,MQQM,adjective,positive,brown,✲✲launisch✲✲,adjective,negative,blue,0.4932,nonmatch,1.01,0,0.8091,0.9448,113.27179941990468
190,795,3,23,4,part_of_speech_classification,color_matching,matching,match_right,ZYYZ,adjective,negative,brown,✲✲schleim✲✲✲,noun,negative,brown,0.4935,nonmatch,0.9842,1,0.8079,0.9436,113.09997760973492
190,796,4,23,4,part_of_speech_classification,color_matching,matching,match_right,WJJW,noun,positive,blue,✲✲✲leiche✲✲✲,noun,negative,blue,0.4934,nonmatch,0.9427,1,0.8117,0.9474,113.63961289465355
190,797,5,23,4,part_of_speech_classification,color_matching,matching,match_right,WJJW,noun,positive,brown,✲✲✲gütig✲✲✲✲,adjective,positive,brown,0.4932,match,1.0309,0,0.8155,0.9512,114.16514419663332
190,798,6,23,4,part_of_speech_classification,color_matching,matching,match_right,WJJW,noun,positive,blue,✲✲schlecht✲✲,adjective,negative,blue,0.4932,match,0.8109,0,0.8142,0.9499,113.98203965426057
190,799,7,23,4,part_of_speech_classification,color_matching,matching,match_right,MQQM,adjective,positive,blue,✲✲einfall✲✲✲,noun,positive,brown,0.4932,nonmatch,0.9623,0,0.8129,0.9486,113.80020842839821
190,800,8,23,4,part_of_speech_classification,color_matching,matching,match_right,MQQM,adjective,positive,blue,✲✲ehrlich✲✲✲,adjective,positive,blue,0.4932,nonmatch,0.9709,1,0.8116,0.9473,113.61965789258865
190,801,9,23,4,part_of_speech_classification,color_matching,matching,match_right,XVVX,noun,negative,blue,✲✲ehrlich✲✲✲,adjective,positive,brown,0.4932,nonmatch,0.934,0,0.8152,0.9509,114.12838205995904
190,802,10,23,4,part_of_speech_classification,color_matching,matching,match_right,ZYYZ,adjective,negative,blue,✲✲✲liebe✲✲✲✲,noun,positive,brown,0.4932,nonmatch,1.0189,0,0.8139,0.9497,113.95150113915682
190,803,11,23,4,part_of_speech_classification,color_matching,matching,match_right,WJJW,noun,positive,brown,✲✲✲glück✲✲✲✲,noun,positive,blue,0.4932,nonmatch,1.0724,0,0.8127,0.9484,113.7756178321367
190,804,12,23,4,part_of_speech_classification,color_matching,matching,match_right,XVVX,noun,negative,blue,✲✲einfall✲✲✲,noun,positive,brown,0.4932,nonmatch,0.727,0,0.8114,0.9471,113.60076513600364
190,805,13,23,4,part_of_speech_classification,color_matching,matching,match_right,MQQM,adjective,positive,brown,✲✲✲glück✲✲✲✲,noun,positive,blue,0.4932,nonmatch,0.995,0,0.8102,0.9459,113.42465842650374
190,806,14,23,4,part_of_speech_classification,color_matching,matching,match_right,XVVX,noun,negative,blue,✲✲schlecht✲✲,adjective,negative,blue,0.4932,nonmatch,1.0736,1,0.8089,0.9447,113.25245160664242
190,807,15,23,4,part_of_speech_classification,color_matching,matching,match_right,WJJW,noun,positive,blue,✲✲✲gierig✲✲✲,adjective,negative,brown,0.4932,nonmatch,0.5976,0,0.8125,0.9482,113.75462751751158
190,808,16,23,4,part_of_speech_classification,color_matching,matching,match_right,MQQM,adjective,positive,brown,✲entführung✲,noun,negative,brown,0.4932,match,0.6351,0,0.8113,0.947,113.5848762028652
190,809,17,23,4,part_of_speech_classification,color_matching,matching,match_right,WJJW,noun,positive,blue,✲✲✲✲spaß✲✲✲✲,noun,positive,brown,0.5196,nonmatch,0.4543,0,0.8101,0.9458,113.41378419564965
190,810,18,23,4,part_of_speech_classification,color_matching,matching,match_right,XVVX,noun,negative,brown,✲✲✲leiche✲✲✲,noun,negative,blue,0.4932,nonmatch,0.8152,0,0.8089,0.9446,113.2473887354698
190,811,19,23,4,part_of_speech_classification,color_matching,matching,match_right,ZYYZ,adjective,negative,blue,✲✲launisch✲✲,adjective,negative,brown,0.4932,nonmatch,0.806,0,0.8078,0.9435,113.09680596370332
190,812,20,23,4,part_of_speech_classification,color_matching,matching,match_right,ZYYZ,adjective,negative,brown,✲✲✲schön✲✲✲✲,adjective,positive,blue,0.4932,nonmatch,1.0102,0,0.8068,0.9425,112.94823167690278
190,813,21,23,4,part_of_speech_classification,color_matching,matching,match_right,XVVX,noun,negative,brown,✲✲schleim✲✲✲,noun,negative,brown,0.4932,nonmatch,0.7034,1,0.8057,0.9414,112.80089746276593
190,814,22,23,4,part_of_speech_classification,color_matching,matching,match_right,XVVX,noun,negative,brown,✲✲✲glück✲✲✲✲,noun,positive,blue,0.4932,nonmatch,0.89,0,0.8089,0.9446,113.24246073186353
190,815,23,23,4,part_of_speech_classification,color_matching,matching,match_right,MQQM,adjective,positive,brown,✲✲✲gierig✲✲✲,adjective,negative,brown,0.4932,match,1.0,0,0.8078,0.9435,113.09630086458537
190,816,24,23,4,part_of_speech_classification,color_matching,matching,match_right,MQQM,adjective,positive,brown,✲✲✲schön✲✲✲✲,adjective,positive,blue,0.4932,nonmatch,0.9658,0,0.8068,0.9425,112.95205984899741
190,817,25,23,4,part_of_speech_classification,color_matching,matching,match_right,ZYYZ,adjective,negative,blue,✲entführung✲,noun,negative,blue,0.4932,nonmatch,1.0394,1,0.8058,0.9415,112.8090129775669
190,818,26,23,4,part_of_speech_classification,color_matching,matching,match_right,WJJW,noun,positive,blue,✲entführung✲,noun,negative,brown,0.4932,nonmatch,0.9657,0,0.8088,0.9446,113.23766356356646
190,819,27,23,4,part_of_speech_classification,color_matching,matching,match_right,XVVX,noun,negative,blue,✲✲✲liebe✲✲✲✲,noun,positive,blue,0.4932,nonmatch,0.8763,1,0.8078,0.9435,113.09567809581208
190,820,28,23,4,part_of_speech_classification,color_matching,matching,match_right,XVVX,noun,negative,blue,✲✲✲gierig✲✲✲,adjective,negative,brown,0.4932,nonmatch,0.814,0,0.811,0.9467,113.5413628501725
190,821,29,23,4,part_of_speech_classification,color_matching,matching,match_right,ZYYZ,adjective,negative,brown,✲✲✲leiche✲✲✲,noun,negative,blue,0.4932,nonmatch,0.9996,0,0.8099,0.9456,113.38360863114606
190,822,30,23,4,part_of_speech_classification,color_matching,matching,match_right,ZYYZ,adjective,negative,brown,✲✲schlecht✲✲,adjective,negative,brown,0.4932,nonmatch,1.0652,1,0.8088,0.9445,113.23299306780522
190,823,31,23,4,part_of_speech_classification,color_matching,matching,match_right,ZYYZ,adjective,negative,blue,✲✲✲lustig✲✲✲,adjective,positive,brown,0.4932,nonmatch,1.1022,0,0.812,0.9477,113.68028755895357
190,824,32,23,4,part_of_speech_classification,color_matching,matching,match_right,WJJW,noun,positive,brown,✲✲launisch✲✲,adjective,negative,blue,0.4932,nonmatch,1.1387,0,0.8109,0.9466,113.5280777064979
190,825,33,23,4,part_of_speech_classification,color_matching,matching,match_right,XVVX,noun,negative,blue,✲entführung✲,noun,negative,blue,0.5132,match,0.8782,0,0.8098,0.9455,113.37427788133618
190,826,34,23,4,part_of_speech_classification,color_matching,matching,match_right,MQQM,adjective,positive,blue,✲✲✲gütig✲✲✲✲,adjective,positive,brown,0.4932,nonmatch,0.8715,0,0.8088,0.9445,113.22844503069012
190,827,35,23,4,part_of_speech_classification,color_matching,matching,match_right,MQQM,adjective,positive,blue,✲✲✲✲spaß✲✲✲✲,noun,positive,blue,0.4932,match,0.7337,0,0.8078,0.9435,113.09414185004351
190,828,36,23,4,part_of_speech_classification,color_matching,matching,match_right,ZYYZ,adjective,negative,blue,✲✲✲✲gift✲✲✲✲,noun,negative,brown,0.4962,nonmatch,0.9249,0,0.8069,0.9426,112.96152407812099
190,829,37,23,4,part_of_speech_classification,color_matching,matching,match_right,WJJW,noun,positive,brown,✲✲ehrlich✲✲✲,adjective,positive,blue,0.4932,nonmatch,0.9788,0,0.8059,0.9416,112.82997798808655
190,830,38,23,4,part_of_speech_classification,color_matching,matching,match_right,ZYYZ,adjective,negative,blue,✲✲einfall✲✲✲,noun,positive,blue,0.4932,match,0.7823,0,0.805,0.9407,112.69890978363745
190,831,39,23,4,part_of_speech_classification,color_matching,matching,match_right,ZYYZ,adjective,negative,brown,✲✲✲✲spaß✲✲✲✲,noun,positive,brown,0.4932,match,0.8542,0,0.8041,0.9398,112.5685715008204
190,832,40,23,4,part_of_speech_classification,color_matching,matching,match_right,WJJW,noun,positive,brown,✲✲schleim✲✲✲,noun,negative,blue,0.4932,nonmatch,0.9596,0,0.8031,0.9388,112.43743552116551
190,833,41,23,4,part_of_speech_classification,color_matching,matching,match_right,WJJW,noun,positive,blue,✲✲✲lustig✲✲✲,adjective,positive,blue,0.4932,nonmatch,0.9079,1,0.8022,0.9379,112.30494532456676
190,834,42,23,4,part_of_speech_classification,color_matching,matching,match_right,WJJW,noun,positive,blue,✲✲✲schön✲✲✲✲,adjective,positive,brown,0.4932,nonmatch,0.8972,0,0.8049,0.9406,112.68098312236887
190,835,43,23,4,part_of_speech_classification,color_matching,matching,match_right,WJJW,noun,positive,brown,✲✲✲eitel✲✲✲✲,adjective,negative,brown,0.4932,match,0.6786,0,0.804,0.9397,112.55353732459922
190,836,44,23,4,part_of_speech_classification,color_matching,matching,match_right,MQQM,adjective,positive,brown,✲✲✲liebe✲✲✲✲,noun,positive,brown,0.4932,match,0.8121,0,0.803,0.9388,112.42523560534043
190,837,45,23,4,part_of_speech_classification,color_matching,matching,match_right,MQQM,adjective,positive,blue,✲✲schlecht✲✲,adjective,negative,brown,0.4932,nonmatch,0.8643,0,0.8021,0.9378,112.29554568809485
190,838,46,23,4,part_of_speech_classification,color_matching,matching,match_right,ZYYZ,adjective,negative,brown,✲✲✲glück✲✲✲✲,noun,positive,blue,0.4932,nonmatch,1.0244,0,0.8012,0.9369,112.16449594283337
190,839,47,23,4,part_of_speech_classification,color_matching,matching,match_right,MQQM,adjective,positive,brown,✲✲✲leiche✲✲✲,noun,negative,blue,0.4932,nonmatch,1.0013,0,0.8004,0.9361,112.05011263066895
190,840,48,23,4,part_of_speech_classification,color_matching,matching,match_right,XVVX,noun,negative,brown,✲✲✲gütig✲✲✲✲,adjective,positive,brown,0.4932,nonmatch,1.0048,1,0.7996,0.9353,111.93735433990076
190,841,49,23,4,part_of_speech_classification,color_matching,matching,match_right,MQQM,adjective,positive,brown,✲✲✲lustig✲✲✲,adjective,positive,brown,0.5334,nonmatch,0.9116,1,0.802,0.9378,112.28644488371805
190,842,50,23,4,part_of_speech_classification,color_matching,matching,match_right,XVVX,noun,negative,blue,✲✲✲lustig✲✲✲,adjective,positive,blue,0.4932,match,0.8069,0,0.8046,0.9403,112.64719726682668
190,843,51,23,4,part_of_speech_classification,color_matching,matching,match_right,WJJW,noun,positive,brown,✲✲einfall✲✲✲,noun,positive,brown,0.5001,nonmatch,0.9958,1,0.8038,0.9395,112.52512629556286
190,844,52,23,4,part_of_speech_classification,color_matching,matching,match_right,XVVX,noun,negative,brown,✲✲✲eitel✲✲✲✲,adjective,negative,blue,0.4932,nonmatch,0.9674,0,0.8062,0.9419,112.86926699439825
190,845,53,23,4,part_of_speech_classification,color_matching,matching,match_right,MQQM,adjective,positive,blue,✲✲✲✲gift✲✲✲✲,noun,negative,blue,0.4932,match,0.8201,0,0.8054,0.9411,112.74944525875448
190,846,54,23,4,part_of_speech_classification,color_matching,matching,match_right,XVVX,noun,negative,brown,✲✲✲schön✲✲✲✲,adjective,positive,blue,0.4961,nonmatch,0.9047,0,0.8045,0.9402,112.62967525790205
190,847,55,23,4,part_of_speech_classification,color_matching,matching,match_right,ZYYZ,adjective,negative,blue,✲✲✲eitel✲✲✲✲,adjective,negative,blue,0.4932,nonmatch,0.8399,1,0.8036,0.9394,112.5102115066037
190,848,56,23,4,part_of_speech_classification,color_matching,matching,match_right,XVVX,noun,negative,brown,✲✲✲✲spaß✲✲✲✲,noun,positive,brown,0.4932,match,0.8399,0,0.8061,0.9418,112.84718228707533
190,849,57,23,4,part_of_speech_classification,color_matching,matching,match_right,ZYYZ,adjective,negative,brown,✲✲✲gierig✲✲✲,adjective,negative,blue,0.4932,nonmatch,0.7776,0,0.8052,0.9409,112.73002652734256
190,850,58,23,4,part_of_speech_classification,color_matching,matching,match_right,XVVX,noun,negative,brown,✲✲launisch✲✲,adjective,negative,brown,0.4932,match,0.9616,0,0.8044,0.9401,112.61359509559492
190,851,59,23,4,part_of_speech_classification,color_matching,matching,match_right,MQQM,adjective,positive,blue,✲✲✲eitel✲✲✲✲,adjective,negative,blue,0.4932,match,0.9258,0,0.8035,0.9393,112.49656383045834
190,852,60,23,4,part_of_speech_classification,color_matching,matching,match_right,XVVX,noun,negative,blue,✲✲✲✲gift✲✲✲✲,noun,negative,brown,0.4932,nonmatch,0.7558,0,0.8027,0.9384,112.37848522500066
190,853,61,23,4,part_of_speech_classification,color_matching,matching,match_right,WJJW,noun,positive,brown,✲✲✲✲gift✲✲✲✲,noun,negative,brown,0.4933,match,1.0027,0,0.8018,0.9376,112.25890979154521
190,854,62,23,4,part_of_speech_classification,color_matching,matching,match_right,ZYYZ,adjective,negative,brown,✲✲✲gütig✲✲✲✲,adjective,positive,brown,0.4932,match,0.8714,0,0.801,0.9367,112.14163205104084
190,855,63,23,4,part_of_speech_classification,color_matching,matching,match_right,ZYYZ,adjective,negative,blue,✲✲ehrlich✲✲✲,adjective,positive,blue,0.4932,match,0.7864,0,0.8003,0.936,112.03718015147213
190,856,64,23,4,part_of_speech_classification,color_matching,matching,match_right,WJJW,noun,positive,blue,✲✲✲liebe✲✲✲✲,noun,positive,blue,0.4932,match,0.9398,0,0.7995,0.9352,111.93413162466985
190,857,1,24,5,part_of_speech_classification,color_matching,matching,match_right,WJJW,noun,positive,blue,✲entführung✲,noun,negative,blue,0.4932,match,0.4995,0,0.7988,0.9345,111.83210746214966
190,858,2,24,5,part_of_speech_classification,color_matching,matching,match_right,ZYYZ,adjective,negative,blue,✲✲✲gütig✲✲✲✲,adjective,positive,brown,0.4932,nonmatch,0.4852,0,0.7981,0.9338,111.73074053988242
190,859,3,24,5,part_of_speech_classification,color_matching,matching,match_right,MQQM,adjective,positive,brown,✲✲✲eitel✲✲✲✲,adjective,negative,brown,0.4932,match,0.6892,0,0.7974,0.9331,111.62967284848291
190,860,4,24,5,part_of_speech_classification,color_matching,matching,match_right,MQQM,adjective,positive,brown,✲✲✲lustig✲✲✲,adjective,positive,blue,0.4932,nonmatch,0.9049,0,0.7966,0.9323,111.52855288289818
190,861,5,24,5,part_of_speech_classification,color_matching,matching,match_right,WJJW,noun,positive,blue,✲✲✲glück✲✲✲✲,noun,positive,blue,0.4932,match,0.7144,0,0.7959,0.9316,111.42766555513542
190,862,6,24,5,part_of_speech_classification,color_matching,matching,match_right,MQQM,adjective,positive,blue,✲✲einfall✲✲✲,noun,positive,brown,0.4932,nonmatch,1.0014,0,0.7952,0.9309,111.32596059133685
190,863,7,24,5,part_of_speech_classification,color_matching,matching,match_right,XVVX,noun,negative,blue,✲✲schlecht✲✲,adjective,negative,blue,0.4932,match,1.0256,0,0.7945,0.9302,111.22309711347664
190,864,8,24,5,part_of_speech_classification,color_matching,matching,match_right,MQQM,adjective,positive,blue,✲✲✲gütig✲✲✲✲,adjective,positive,blue,0.4932,match,0.9074,0,0.7937,0.9294,111.11873032396448
190,865,9,24,5,part_of_speech_classification,color_matching,matching,match_right,MQQM,adjective,positive,brown,✲✲✲liebe✲✲✲✲,noun,positive,brown,0.4932,match,0.6556,0,0.793,0.9287,111.01821575195139
190,866,10,24,5,part_of_speech_classification,color_matching,matching,match_right,MQQM,adjective,positive,brown,✲✲✲schön✲✲✲✲,adjective,positive,brown,0.4932,match,0.9571,0,0.7923,0.9281,110.92769458227014
190,867,11,24,5,part_of_speech_classification,color_matching,matching,match_right,MQQM,adjective,positive,brown,✲entführung✲,noun,negative,brown,0.4932,match,0.955,0,0.7917,0.9274,110.83834489196992
190,868,12,24,5,part_of_speech_classification,color_matching,matching,match_right,XVVX,noun,negative,blue,✲✲✲gütig✲✲✲✲,adjective,positive,brown,0.4932,nonmatch,0.7296,0,0.7911,0.9268,110.74987819398463
190,869,13,24,5,part_of_speech_classification,color_matching,matching,match_right,XVVX,noun,negative,blue,✲✲launisch✲✲,adjective,negative,brown,0.4932,match,0.8685,1,0.7904,0.9262,110.66201436748227
190,870,14,24,5,part_of_speech_classification,color_matching,matching,match_right,MQQM,adjective,positive,blue,✲✲✲✲spaß✲✲✲✲,noun,positive,blue,0.4932,nonmatch,0.5199,1,0.7923,0.928,110.92497888307845
190,871,15,24,5,part_of_speech_classification,color_matching,matching,match_right,ZYYZ,adjective,negative,blue,✲✲✲eitel✲✲✲✲,adjective,negative,brown,0.4932,nonmatch,0.799,0,0.7943,0.93,111.2062599370784
190,872,16,24,5,part_of_speech_classification,color_matching,matching,match_right,WJJW,noun,positive,brown,✲✲✲gütig✲✲✲✲,adjective,positive,blue,0.4932,nonmatch,1.0714,0,0.7936,0.9293,111.10515146943976
190,873,17,24,5,part_of_speech_classification,color_matching,matching,match_right,WJJW,noun,positive,brown,✲✲✲lustig✲✲✲,adjective,positive,brown,0.4932,match,0.4488,0,0.7929,0.9286,111.00955530070318
190,874,18,24,5,part_of_speech_classification,color_matching,matching,match_right,MQQM,adjective,positive,blue,✲✲ehrlich✲✲✲,adjective,positive,brown,0.4932,match,1.0151,1,0.7923,0.928,110.92230905518818
190,875,19,24,5,part_of_speech_classification,color_matching,matching,match_right,MQQM,adjective,positive,brown,✲✲launisch✲✲,adjective,negative,blue,0.4933,nonmatch,0.7899,0,0.7943,0.93,111.19816852842328
190,876,20,24,5,part_of_speech_classification,color_matching,matching,match_right,ZYYZ,adjective,negative,brown,✲✲schlecht✲✲,adjective,negative,brown,0.4933,match,0.968,0,0.7936,0.9293,111.0986002178228
190,877,21,24,5,part_of_speech_classification,color_matching,matching,match_right,MQQM,adjective,positive,blue,✲✲schleim✲✲✲,noun,negative,brown,0.4932,nonmatch,0.5975,0,0.7929,0.9286,111.00537834351411
190,878,22,24,5,part_of_speech_classification,color_matching,matching,match_right,WJJW,noun,positive,blue,✲✲schlecht✲✲,adjective,negative,blue,0.4932,nonmatch,0.9392,1,0.7923,0.928,110.91968424617959
190,879,23,24,5,part_of_speech_classification,color_matching,matching,match_right,WJJW,noun,positive,blue,✲✲ehrlich✲✲✲,adjective,positive,brown,0.4932,nonmatch,0.7821,0,0.7942,0.9299,111.19028198165572
190,880,24,24,5,part_of_speech_classification,color_matching,matching,match_right,XVVX,noun,negative,brown,✲✲✲schön✲✲✲✲,adjective,positive,blue,0.4932,nonmatch,1.132,0,0.7935,0.9292,111.09219862887912
190,881,25,24,5,part_of_speech_classification,color_matching,matching,match_right,ZYYZ,adjective,negative,brown,✲✲✲liebe✲✲✲✲,noun,positive,blue,0.4932,nonmatch,0.847,0,0.7929,0.9286,111.00129853586046
190,882,26,24,5,part_of_speech_classification,color_matching,matching,match_right,MQQM,adjective,positive,blue,✲✲✲gierig✲✲✲,adjective,negative,blue,0.4932,match,0.8549,0,0.7923,0.928,110.91710358456399
190,883,27,24,5,part_of_speech_classification,color_matching,matching,match_right,ZYYZ,adjective,negative,brown,✲✲ehrlich✲✲✲,adjective,positive,blue,0.5601,nonmatch,0.8542,0,0.7917,0.9274,110.83395523266094
190,884,28,24,5,part_of_speech_classification,color_matching,matching,match_right,XVVX,noun,negative,brown,✲✲ehrlich✲✲✲,adjective,positive,brown,0.4932,match,0.9325,0,0.7911,0.9268,110.75160313926956
190,885,29,24,5,part_of_speech_classification,color_matching,matching,match_right,XVVX,noun,negative,blue,✲✲✲glück✲✲✲✲,noun,positive,brown,0.4932,match,0.8509,1,0.7905,0.9262,110.66980388585331
190,886,30,24,5,part_of_speech_classification,color_matching,matching,match_right,XVVX,noun,negative,blue,✲✲✲✲gift✲✲✲✲,noun,negative,brown,0.4932,match,0.9134,1,0.7922,0.928,110.91456618670041
190,887,31,24,5,part_of_speech_classification,color_matching,matching,match_right,XVVX,noun,negative,brown,✲✲✲gierig✲✲✲,adjective,negative,blue,0.4932,match,0.8616,1,0.7941,0.9298,111.1750872357947
190,888,32,24,5,part_of_speech_classification,color_matching,matching,match_right,ZYYZ,adjective,negative,brown,✲✲✲gierig✲✲✲,adjective,negative,blue,0.4932,match,0.6185,1,0.796,0.9317,111.44145746234086
190,889,33,24,5,part_of_speech_classification,color_matching,matching,match_right,XVVX,noun,negative,blue,✲✲✲lustig✲✲✲,adjective,positive,blue,0.4932,match,0.8973,0,0.7978,0.9335,111.69351440926361
190,890,34,24,5,part_of_speech_classification,color_matching,matching,match_right,ZYYZ,adjective,negative,brown,✲✲✲lustig✲✲✲,adjective,positive,brown,0.4932,nonmatch,0.6855,1,0.7972,0.9329,111.60550007479536
190,891,35,24,5,part_of_speech_classification,color_matching,matching,match_right,MQQM,adjective,positive,blue,✲✲✲✲gift✲✲✲✲,noun,negative,blue,0.4932,match,0.7866,0,0.7989,0.9346,111.85037202167514
190,892,36,24,5,part_of_speech_classification,color_matching,matching,match_right,WJJW,noun,positive,brown,✲✲launisch✲✲,adjective,negative,brown,0.4932,nonmatch,1.0518,1,0.7983,0.934,111.76346586425944
190,893,37,24,5,part_of_speech_classification,color_matching,matching,match_right,XVVX,noun,negative,brown,✲✲einfall✲✲✲,noun,positive,blue,0.4932,match,0.8206,1,0.8002,0.9359,112.02359491698859
190,894,38,24,5,part_of_speech_classification,color_matching,matching,match_right,MQQM,adjective,positive,blue,✲✲schlecht✲✲,adjective,negative,brown,0.4932,nonmatch,0.8614,0,0.8021,0.9379,112.30015268705371
190,895,39,24,5,part_of_speech_classification,color_matching,matching,match_right,WJJW,noun,positive,brown,✲✲✲✲gift✲✲✲✲,noun,negative,brown,0.4932,match,0.8185,0,0.8014,0.9371,112.19919296007082
190,896,40,24,5,part_of_speech_classification,color_matching,matching,match_right,WJJW,noun,positive,brown,✲✲✲✲spaß✲✲✲✲,noun,positive,blue,0.4962,match,0.7899,1,0.8008,0.9365,112.10733156569903
190,897,41,24,5,part_of_speech_classification,color_matching,matching,match_right,WJJW,noun,positive,brown,✲✲✲leiche✲✲✲,noun,negative,blue,0.4932,match,1.014,1,0.8028,0.9385,112.39014967030234
190,898,42,24,5,part_of_speech_classification,color_matching,matching,match_right,WJJW,noun,positive,blue,✲✲schleim✲✲✲,noun,negative,brown,0.4932,match,0.8275,1,0.8047,0.9405,112.66386176725965
190,899,43,24,5,part_of_speech_classification,color_matching,matching,match_right,XVVX,noun,negative,brown,✲✲schleim✲✲✲,noun,negative,blue,0.4962,nonmatch,0.7342,0,0.8066,0.9423,112.92528568318183
190,900,44,24,5,part_of_speech_classification,color_matching,matching,match_right,WJJW,noun,positive,blue,✲✲einfall✲✲✲,noun,positive,brown,0.4932,nonmatch,1.2026,0,0.806,0.9417,112.83301903341759
190,901,45,24,5,part_of_speech_classification,color_matching,matching,match_right,MQQM,adjective,positive,brown,✲✲✲leiche✲✲✲,noun,negative,blue,0.4932,match,0.8759,1,0.8053,0.941,112.74095316269124
190,902,46,24,5,part_of_speech_classification,color_matching,matching,match_right,ZYYZ,adjective,negative,blue,✲✲einfall✲✲✲,noun,positive,blue,0.4933,nonmatch,1.0158,1,0.8073,0.943,113.01781231098232
190,903,47,24,5,part_of_speech_classification,color_matching,matching,match_right,ZYYZ,adjective,negative,blue,✲✲✲leiche✲✲✲,noun,negative,blue,0.4932,nonmatch,0.9882,1,0.8092,0.9449,113.2912650746384
190,904,48,24,5,part_of_speech_classification,color_matching,matching,match_right,WJJW,noun,positive,blue,✲✲✲eitel✲✲✲✲,adjective,negative,brown,0.4932,match,0.9688,1,0.8114,0.9471,113.59767543936205
190,905,49,24,5,part_of_speech_classification,color_matching,matching,match_right,WJJW,noun,positive,brown,✲✲✲liebe✲✲✲✲,noun,positive,brown,0.4932,match,0.8899,0,0.8135,0.9492,113.8855602189481
190,906,50,24,5,part_of_speech_classification,color_matching,matching,match_right,XVVX,noun,negative,blue,✲✲✲liebe✲✲✲✲,noun,positive,blue,0.4932,nonmatch,0.7695,1,0.8128,0.9485,113.78579085177303
190,907,51,24,5,part_of_speech_classification,color_matching,matching,match_right,ZYYZ,adjective,negative,blue,✲entführung✲,noun,negative,brown,0.4932,match,1.0949,1,0.8147,0.9505,114.06393029376954
190,908,52,24,5,part_of_speech_classification,color_matching,matching,match_right,XVVX,noun,negative,brown,✲✲✲leiche✲✲✲,noun,negative,brown,0.4932,nonmatch,0.7126,1,0.8168,0.9526,114.35878524502668
190,909,53,24,5,part_of_speech_classification,color_matching,matching,match_right,XVVX,noun,negative,blue,✲entführung✲,noun,negative,blue,0.4932,match,0.7901,0,0.8192,0.9549,114.6817717739319
190,910,54,24,5,part_of_speech_classification,color_matching,matching,match_right,ZYYZ,adjective,negative,brown,✲✲schleim✲✲✲,noun,negative,blue,0.4932,nonmatch,0.894,0,0.8184,0.9541,114.56969337348943
190,911,55,24,5,part_of_speech_classification,color_matching,matching,match_right,WJJW,noun,positive,brown,✲✲✲gierig✲✲✲,adjective,negative,blue,0.4932,nonmatch,1.0567,0,0.8175,0.9533,114.4559552421354
190,912,56,24,5,part_of_speech_classification,color_matching,matching,match_right,XVVX,noun,negative,brown,✲✲✲eitel✲✲✲✲,adjective,negative,brown,0.4932,nonmatch,0.9115,1,0.8168,0.9525,114.35449794664228
190,913,57,24,5,part_of_speech_classification,color_matching,matching,match_right,ZYYZ,adjective,negative,blue,✲✲✲schön✲✲✲✲,adjective,positive,blue,0.4932,nonmatch,0.9134,1,0.8191,0.9548,114.67094477305528
190,914,58,24,5,part_of_speech_classification,color_matching,matching,match_right,WJJW,noun,positive,blue,✲✲✲schön✲✲✲✲,adjective,positive,blue,0.4932,nonmatch,0.8971,1,0.8213,0.957,114.97903728985321
190,915,59,24,5,part_of_speech_classification,color_matching,matching,match_right,ZYYZ,adjective,negative,brown,✲✲✲glück✲✲✲✲,noun,positive,brown,0.4932,match,0.6677,0,0.8234,0.9591,115.27401798565002
190,916,60,24,5,part_of_speech_classification,color_matching,matching,match_right,ZYYZ,adjective,negative,blue,✲✲launisch✲✲,adjective,negative,blue,0.4932,match,1.2708,0,0.8226,0.9584,115.16936657451016
190,917,61,24,5,part_of_speech_classification,color_matching,matching,match_right,ZYYZ,adjective,negative,blue,✲✲✲✲spaß✲✲✲✲,noun,positive,brown,0.4932,match,0.9879,1,0.8219,0.9576,115.06523557799848
190,918,62,24,5,part_of_speech_classification,color_matching,matching,match_right,MQQM,adjective,positive,brown,✲✲✲glück✲✲✲✲,noun,positive,blue,0.4932,match,0.9514,1,0.8241,0.9598,115.37766402964427
190,919,63,24,5,part_of_speech_classification,color_matching,matching,match_right,ZYYZ,adjective,negative,brown,✲✲✲✲gift✲✲✲✲,noun,negative,brown,0.4932,match,1.0279,0,0.8264,0.9622,115.70281570905037
190,920,64,24,5,part_of_speech_classification,color_matching,matching,match_right,XVVX,noun,negative,brown,✲✲✲✲spaß✲✲✲✲,noun,positive,brown,0.4932,match,1.0581,0,0.8256,0.9613,115.58226416164793
190,921,1,25,6,part_of_speech_classification,color_matching,matching,match_right,MQQM,adjective,positive,brown,✲✲✲glück✲✲✲✲,noun,positive,brown,0.4932,match,0.7751,0,0.8248,0.9606,115.47824688305548
190,922,2,25,6,part_of_speech_classification,color_matching,matching,match_right,XVVX,noun,negative,brown,✲✲✲eitel✲✲✲✲,adjective,negative,brown,0.4932,match,0.8327,0,0.8241,0.9598,115.37579387610212
190,923,3,25,6,part_of_speech_classification,color_matching,matching,match_right,XVVX,noun,negative,blue,✲✲✲gierig✲✲✲,adjective,negative,blue,0.4932,match,0.9114,0,0.8234,0.9591,115.27453622482912
190,924,4,25,6,part_of_speech_classification,color_matching,matching,match_right,ZYYZ,adjective,negative,blue,✲✲einfall✲✲✲,noun,positive,brown,0.4932,nonmatch,0.9259,0,0.8227,0.9584,115.17411809539547
190,925,5,25,6,part_of_speech_classification,color_matching,matching,match_right,MQQM,adjective,positive,blue,✲✲✲liebe✲✲✲✲,noun,positive,brown,0.4932,nonmatch,0.9138,0,0.822,0.9577,115.07419406272228
190,926,6,25,6,part_of_speech_classification,color_matching,matching,match_right,XVVX,noun,negative,brown,✲✲✲glück✲✲✲✲,noun,positive,blue,0.4936,nonmatch,0.85,0,0.8212,0.957,114.97442660872923
190,927,7,25,6,part_of_speech_classification,color_matching,matching,match_right,WJJW,noun,positive,brown,✲✲✲✲spaß✲✲✲✲,noun,positive,brown,0.4932,match,0.6351,0,0.8205,0.9563,114.87513626886089
190,928,8,25,6,part_of_speech_classification,color_matching,matching,match_right,XVVX,noun,negative,blue,✲✲✲schön✲✲✲✲,adjective,positive,blue,0.4932,match,1.0219,0,0.8198,0.9555,114.7752713767545
190,929,9,25,6,part_of_speech_classification,color_matching,matching,match_right,ZYYZ,adjective,negative,brown,✲✲schleim✲✲✲,noun,negative,brown,0.4932,match,0.8257,0,0.8191,0.9548,114.6745104221543
190,930,10,25,6,part_of_speech_classification,color_matching,matching,match_right,ZYYZ,adjective,negative,blue,✲✲✲leiche✲✲✲,noun,negative,brown,0.4932,nonmatch,0.6759,0,0.8184,0.9541,114.57252999868889
190,931,11,25,6,part_of_speech_classification,color_matching,matching,match_right,WJJW,noun,positive,brown,✲✲✲eitel✲✲✲✲,adjective,negative,blue,0.4932,nonmatch,1.1271,0,0.8176,0.9534,114.46900282228388
190,932,12,25,6,part_of_speech_classification,color_matching,matching,match_right,WJJW,noun,positive,brown,✲✲✲gütig✲✲✲✲,adjective,positive,blue,0.4932,nonmatch,0.9258,0,0.817,0.9527,114.37447779166784
190,933,13,25,6,part_of_speech_classification,color_matching,matching,match_right,XVVX,noun,negative,blue,✲✲schlecht✲✲,adjective,negative,brown,0.4964,nonmatch,0.8928,0,0.8163,0.952,114.28618155949545
190,934,14,25,6,part_of_speech_classification,color_matching,matching,match_right,MQQM,adjective,positive,blue,✲✲✲leiche✲✲✲,noun,negative,blue,0.4932,match,0.9687,0,0.8157,0.9514,114.19901815360511
190,935,15,25,6,part_of_speech_classification,color_matching,matching,match_right,XVVX,noun,negative,blue,✲✲✲✲gift✲✲✲✲,noun,negative,blue,0.4932,match,0.983,0,0.8151,0.9508,114.11271888855939
190,936,16,25,6,part_of_speech_classification,color_matching,matching,match_right,WJJW,noun,positive,blue,✲✲✲schön✲✲✲✲,adjective,positive,blue,0.4932,match,0.8471,0,0.8145,0.9502,114.0270230634937
190,937,17,25,6,part_of_speech_classification,color_matching,matching,match_right,WJJW,noun,positive,brown,✲✲✲lustig✲✲✲,adjective,positive,brown,0.4932,match,0.9053,0,0.8139,0.9496,113.94167631105807
190,938,18,25,6,part_of_speech_classification,color_matching,matching,match_right,WJJW,noun,positive,blue,✲entführung✲,noun,negative,brown,0.4933,match,0.948,1,0.8133,0.949,113.85642903566367
190,939,19,25,6,part_of_speech_classification,color_matching,matching,match_right,XVVX,noun,negative,blue,✲entführung✲,noun,negative,brown,0.4932,match,1.0179,1,0.815,0.9507,114.09355275703179
190,940,20,25,6,part_of_speech_classification,color_matching,matching,match_right,WJJW,noun,positive,brown,✲✲✲glück✲✲✲✲,noun,positive,blue,0.4932,nonmatch,0.9674,0,0.8168,0.9525,114.34654808737932
190,941,21,25,6,part_of_speech_classification,color_matching,matching,match_right,ZYYZ,adjective,negative,brown,✲entführung✲,noun,negative,blue,0.4932,nonmatch,0.9171,0,0.8162,0.9519,114.26145868418098
190,942,22,25,6,part_of_speech_classification,color_matching,matching,match_right,ZYYZ,adjective,negative,brown,✲✲ehrlich✲✲✲,adjective,positive,brown,0.4932,match,0.8485,0,0.8156,0.9513,114.17738183745651
190,943,23,25,6,part_of_speech_classification,color_matching,matching,match_right,WJJW,noun,positive,brown,✲✲launisch✲✲,adjective,negative,brown,0.4932,nonmatch,0.847,1,0.815,0.9507,114.09406798342566
190,944,24,25,6,part_of_speech_classification,color_matching,matching,match_right,ZYYZ,adjective,negative,brown,✲✲✲gütig✲✲✲✲,adjective,positive,blue,0.4932,nonmatch,0.784,0,0.8167,0.9524,114.34275727438573
190,945,25,25,6,part_of_speech_classification,color_matching,matching,match_right,ZYYZ,adjective,negative,brown,✲✲✲✲spaß✲✲✲✲,noun,positive,brown,0.4932,nonmatch,1.0621,1,0.8161,0.9519,114.25911226404627
190,946,26,25,6,part_of_speech_classification,color_matching,matching,match_right,XVVX,noun,negative,brown,✲✲✲liebe✲✲✲✲,noun,positive,brown,0.4932,nonmatch,1.0375,1,0.818,0.9537,114.5186151438498
190,947,27,25,6,part_of_speech_classification,color_matching,matching,match_right,XVVX,noun,negative,blue,✲✲ehrlich✲✲✲,adjective,positive,brown,0.4932,nonmatch,1.02,0,0.82,0.9557,114.79304957903162
190,948,28,25,6,part_of_speech_classification,color_matching,matching,match_right,MQQM,adjective,positive,blue,✲entführung✲,noun,negative,brown,0.4932,nonmatch,0.8402,0,0.8193,0.955,114.70032452910914
190,949,29,25,6,part_of_speech_classification,color_matching,matching,match_right,MQQM,adjective,positive,blue,✲✲✲schön✲✲✲✲,adjective,positive,brown,0.4932,nonmatch,0.8366,0,0.8186,0.9543,114.60652071766064
190,950,30,25,6,part_of_speech_classification,color_matching,matching,match_right,MQQM,adjective,positive,blue,✲✲einfall✲✲✲,noun,positive,blue,0.4932,match,0.9923,0,0.8179,0.9537,114.51135929713976
190,951,31,25,6,part_of_speech_classification,color_matching,matching,match_right,MQQM,adjective,positive,brown,✲✲✲gütig✲✲✲✲,adjective,positive,blue,0.4932,nonmatch,0.892,0,0.8173,0.953,114.41750962766967
190,952,32,25,6,part_of_speech_classification,color_matching,matching,match_right,ZYYZ,adjective,negative,blue,✲✲✲glück✲✲✲✲,noun,positive,blue,0.4932,match,0.8855,0,0.8167,0.9524,114.33544891069957
190,953,33,25,6,part_of_speech_classification,color_matching,matching,match_right,WJJW,noun,positive,blue,✲✲einfall✲✲✲,noun,positive,blue,0.4932,match,0.7751,0,0.8161,0.9518,114.25455347088186
190,954,34,25,6,part_of_speech_classification,color_matching,matching,match_right,MQQM,adjective,positive,blue,✲✲✲eitel✲✲✲✲,adjective,negative,brown,0.4932,nonmatch,0.8328,0,0.8155,0.9512,114.17458997039702
190,955,35,25,6,part_of_speech_classification,color_matching,matching,match_right,ZYYZ,adjective,negative,blue,✲✲schlecht✲✲,adjective,negative,brown,0.4932,nonmatch,0.6684,0,0.815,0.9507,114.09533243870972
190,956,36,25,6,part_of_speech_classification,color_matching,matching,match_right,XVVX,noun,negative,blue,✲✲einfall✲✲✲,noun,positive,blue,0.4932,nonmatch,0.9266,1,0.8144,0.9501,114.0165609304508
190,957,37,25,6,part_of_speech_classification,color_matching,matching,match_right,MQQM,adjective,positive,blue,✲✲✲gierig✲✲✲,adjective,negative,blue,0.4959,match,0.7321,0,0.8161,0.9518,114.2523381866764
190,958,38,25,6,part_of_speech_classification,color_matching,matching,match_right,XVVX,noun,negative,blue,✲✲✲✲spaß✲✲✲✲,noun,positive,brown,0.4932,nonmatch,0.89,0,0.8155,0.9512,114.17365968814539
190,959,39,25,6,part_of_speech_classification,color_matching,matching,match_right,MQQM,adjective,positive,blue,✲✲✲lustig✲✲✲,adjective,positive,blue,0.4962,match,1.002,0,0.815,0.9507,114.09566970899631
190,960,40,25,6,part_of_speech_classification,color_matching,matching,match_right,WJJW,noun,positive,blue,✲✲✲gierig✲✲✲,adjective,negative,blue,0.5017,nonmatch,0.5057,1,0.8144,0.9501,114.01815516551493
190,961,41,25,6,part_of_speech_classification,color_matching,matching,match_right,MQQM,adjective,positive,brown,✲✲ehrlich✲✲✲,adjective,positive,brown,0.4932,nonmatch,0.9473,1,0.8161,0.9518,114.25016381604811
190,962,42,25,6,part_of_speech_classification,color_matching,matching,match_right,XVVX,noun,negative,brown,✲✲schleim✲✲✲,noun,negative,blue,0.4932,nonmatch,0.9045,0,0.8178,0.9535,114.49060626600999
190,963,43,25,6,part_of_speech_classification,color_matching,matching,match_right,MQQM,adjective,positive,brown,✲✲✲✲spaß✲✲✲✲,noun,positive,blue,0.4932,nonmatch,1.0141,0,0.8172,0.9529,114.40327661751667
190,964,44,25,6,part_of_speech_classification,color_matching,matching,match_right,XVVX,noun,negative,brown,✲✲✲gütig✲✲✲✲,adjective,positive,brown,0.4932,nonmatch,0.8919,1,0.8166,0.9523,114.32511620444339
190,965,45,25,6,part_of_speech_classification,color_matching,matching,match_right,ZYYZ,adjective,negative,blue,✲✲✲schön✲✲✲✲,adjective,positive,brown,0.4932,nonmatch,0.7035,0,0.8184,0.9541,114.57419325470374
190,966,46,25,6,part_of_speech_classification,color_matching,matching,match_right,XVVX,noun,negative,brown,✲✲✲leiche✲✲✲,noun,negative,brown,0.4932,match,0.8778,0,0.8177,0.9535,114.48400245854803
190,967,47,25,6,part_of_speech_classification,color_matching,matching,match_right,WJJW,noun,positive,blue,✲✲ehrlich✲✲✲,adjective,positive,brown,0.4932,nonmatch,0.9729,0,0.8171,0.9528,114.39876658910207
190,968,48,25,6,part_of_speech_classification,color_matching,matching,match_right,ZYYZ,adjective,negative,brown,✲✲✲liebe✲✲✲✲,noun,positive,blue,0.4932,match,0.9911,1,0.8166,0.9523,114.32182705941686
190,969,49,25,6,part_of_speech_classification,color_matching,matching,match_right,ZYYZ,adjective,negative,brown,✲✲✲eitel✲✲✲✲,adjective,negative,blue,0.4932,nonmatch,1.0031,0,0.8183,0.954,114.56659127493401
190,970,50,25,6,part_of_speech_classification,color_matching,matching,match_right,MQQM,adjective,positive,brown,✲✲schlecht✲✲,adjective,negative,brown,0.4932,match,1.0,0,0.8177,0.9534,114.47754448175289
190,971,51,25,6,part_of_speech_classification,color_matching,matching,match_right,WJJW,noun,positive,blue,✲✲schlecht✲✲,adjective,negative,brown,0.4932,nonmatch,0.847,0,0.8171,0.9528,114.39436588491954
190,972,52,25,6,part_of_speech_classification,color_matching,matching,match_right,MQQM,adjective,positive,brown,✲✲launisch✲✲,adjective,negative,blue,0.4932,nonmatch,0.9403,0,0.8166,0.9523,114.31861059908191
190,973,53,25,6,part_of_speech_classification,color_matching,matching,match_right,WJJW,noun,positive,brown,✲✲✲leiche✲✲✲,noun,negative,blue,0.4932,nonmatch,0.9956,0,0.816,0.9517,114.24387354755325
190,974,54,25,6,part_of_speech_classification,color_matching,matching,match_right,ZYYZ,adjective,negative,brown,✲✲✲gierig✲✲✲,adjective,negative,brown,0.4934,match,0.9993,0,0.8155,0.9512,114.16995535969012
190,975,55,25,6,part_of_speech_classification,color_matching,matching,match_right,ZYYZ,adjective,negative,blue,✲✲✲✲gift✲✲✲✲,noun,negative,blue,0.4932,nonmatch,0.7607,1,0.815,0.9507,114.09666257266247
190,976,56,25,6,part_of_speech_classification,color_matching,matching,match_right,MQQM,adjective,positive,brown,✲✲✲✲gift✲✲✲✲,noun,negative,brown,0.4932,match,0.9331,0,0.8165,0.9523,114.31546413659377
190,977,57,25,6,part_of_speech_classification,color_matching,matching,match_right,ZYYZ,adjective,negative,blue,✲✲✲lustig✲✲✲,adjective,positive,blue,0.4932,match,0.954,0,0.816,0.9517,114.2418504709096
190,978,58,25,6,part_of_speech_classification,color_matching,matching,match_right,WJJW,noun,positive,blue,✲✲✲liebe✲✲✲✲,noun,positive,brown,0.4933,match,1.0596,1,0.8155,0.9512,114.16903572619427
190,979,59,25,6,part_of_speech_classification,color_matching,matching,match_right,MQQM,adjective,positive,brown,✲✲schleim✲✲✲,noun,negative,blue,0.4932,nonmatch,0.9042,0,0.817,0.9528,114.38587543951817
190,980,60,25,6,part_of_speech_classification,color_matching,matching,match_right,WJJW,noun,positive,blue,✲✲schleim✲✲✲,noun,negative,blue,0.4932,match,1.0199,0,0.8165,0.9522,114.31238512375182
190,981,61,25,6,part_of_speech_classification,color_matching,matching,match_right,XVVX,noun,negative,brown,✲✲launisch✲✲,adjective,negative,blue,0.4932,nonmatch,1.0833,0,0.816,0.9517,114.23986239429547
190,982,62,25,6,part_of_speech_classification,color_matching,matching,match_right,WJJW,noun,positive,brown,✲✲✲✲gift✲✲✲✲,noun,negative,brown,0.4932,match,0.8257,0,0.8155,0.9512,114.16811942206702
190,983,63,25,6,part_of_speech_classification,color_matching,matching,match_right,XVVX,noun,negative,brown,✲✲✲lustig✲✲✲,adjective,positive,blue,0.4932,nonmatch,0.8716,0,0.815,0.9507,114.0969738119421
190,984,64,25,6,part_of_speech_classification,color_matching,matching,match_right,ZYYZ,adjective,negative,blue,✲✲launisch✲✲,adjective,negative,blue,0.4932,match,0.736,0,0.8145,0.9502,114.0262476368167
190,985,1,26,7,part_of_speech_classification,color_matching,matching,match_right,WJJW,noun,positive,brown,✲✲schlecht✲✲,adjective,negative,brown,0.4961,match,0.726,0,0.814,0.9497,113.95576652056657
190,986,2,26,7,part_of_speech_classification,color_matching,matching,match_right,WJJW,noun,positive,brown,✲✲✲leiche✲✲✲,noun,negative,blue,0.4932,nonmatch,0.8256,0,0.8135,0.9492,113.88535876210369
190,987,3,26,7,part_of_speech_classification,color_matching,matching,match_right,XVVX,noun,negative,brown,✲✲✲liebe✲✲✲✲,noun,positive,blue,0.4932,nonmatch,0.6995,0,0.813,0.9487,113.81485449333326
190,988,4,26,7,part_of_speech_classification,color_matching,matching,match_right,XVVX,noun,negative,brown,✲✲ehrlich✲✲✲,adjective,positive,blue,0.4932,nonmatch,0.8077,0,0.8125,0.9482,113.74454836596912
190,989,5,26,7,part_of_speech_classification,color_matching,matching,match_right,WJJW,noun,positive,blue,✲✲schleim✲✲✲,noun,negative,brown,0.4932,nonmatch,0.9044,0,0.812,0.9477,113.673774432953
190,990,6,26,7,part_of_speech_classification,color_matching,matching,match_right,XVVX,noun,negative,blue,✲✲✲gierig✲✲✲,adjective,negative,blue,0.4932,match,0.8185,0,0.8114,0.9472,113.60236649549451
190,991,7,26,7,part_of_speech_classification,color_matching,matching,match_right,ZYYZ,adjective,negative,brown,✲✲✲✲gift✲✲✲✲,noun,negative,blue,0.4932,nonmatch,0.8338,0,0.8109,0.9466,113.5301567069116
190,992,8,26,7,part_of_speech_classification,color_matching,matching,match_right,XVVX,noun,negative,blue,✲✲einfall✲✲✲,noun,positive,blue,0.4932,match,0.7446,0,0.8104,0.9461,113.4569748301119
190,993,9,26,7,part_of_speech_classification,color_matching,matching,match_right,XVVX,noun,negative,blue,✲entführung✲,noun,negative,brown,0.4932,nonmatch,1.0311,0,0.8099,0.9456,113.38264749053727
190,994,10,26,7,part_of_speech_classification,color_matching,matching,match_right,WJJW,noun,positive,blue,✲✲✲✲gift✲✲✲✲,noun,negative,blue,0.4933,match,0.8567,0,0.8093,0.945,113.30699741979711
190,995,11,26,7,part_of_speech_classification,color_matching,matching,match_right,ZYYZ,adjective,negative,blue,✲✲✲gierig✲✲✲,adjective,negative,brown,0.4932,nonmatch,0.8329,0,0.8089,0.9446,113.24104987916387
190,996,12,26,7,part_of_speech_classification,color_matching,matching,match_right,XVVX,noun,negative,brown,✲✲✲glück✲✲✲✲,noun,positive,brown,0.4932,match,0.7906,0,0.8084,0.9441,113.17783294658948
190,997,13,26,7,part_of_speech_classification,color_matching,matching,match_right,ZYYZ,adjective,negative,blue,✲✲✲liebe✲✲✲✲,noun,positive,brown,0.4932,match,1.0879,1,0.808,0.9437,113.11542711138662
190,998,14,26,7,part_of_speech_classification,color_matching,matching,match_right,XVVX,noun,negative,brown,✲✲✲✲gift✲✲✲✲,noun,negative,brown,0.4932,match,4.0931,0,0.8093,0.945,113.30177159829569
190,999,15,26,7,part_of_speech_classification,color_matching,matching,match_right,WJJW,noun,positive,brown,✲✲einfall✲✲✲,noun,positive,brown,0.5018,match,0.9769,0,0.8088,0.9446,113.2374608494576
190,1000,16,26,7,part_of_speech_classification,color_matching,matching,match_right,WJJW,noun,positive,blue,✲✲✲lustig✲✲✲,adjective,positive,brown,0.4932,nonmatch,0.8691,0,0.8084,0.9441,113.17505938136547
190,1001,17,26,7,part_of_speech_classification,color_matching,matching,match_right,ZYYZ,adjective,negative,brown,✲✲✲✲spaß✲✲✲✲,noun,positive,brown,0.4932,match,0.872,0,0.808,0.9437,113.11345176180285
190,1002,18,26,7,part_of_speech_classification,color_matching,matching,match_right,XVVX,noun,negative,blue,✲✲✲leiche✲✲✲,noun,negative,blue,0.4932,match,0.8334,0,0.8075,0.9432,113.05250045046127
190,1003,19,26,7,part_of_speech_classification,color_matching,matching,match_right,XVVX,noun,negative,blue,✲✲✲gütig✲✲✲✲,adjective,positive,brown,0.4932,nonmatch,0.6975,0,0.8071,0.9428,112.99207160295111
190,1004,20,26,7,part_of_speech_classification,color_matching,matching,match_right,WJJW,noun,positive,blue,✲✲launisch✲✲,adjective,negative,brown,0.4932,nonmatch,0.9833,0,0.8067,0.9424,112.93203446565755
190,1005,21,26,7,part_of_speech_classification,color_matching,matching,match_right,WJJW,noun,positive,brown,✲entführung✲,noun,negative,brown,0.4933,match,0.8724,0,0.8062,0.9419,112.87226079837099
190,1006,22,26,7,part_of_speech_classification,color_matching,matching,match_right,WJJW,noun,positive,brown,✲✲✲schön✲✲✲✲,adjective,positive,brown,0.4963,match,0.9168,0,0.8058,0.9415,112.81262432053255
190,1007,23,26,7,part_of_speech_classification,color_matching,matching,match_right,MQQM,adjective,positive,brown,✲✲✲lustig✲✲✲,adjective,positive,brown,0.4932,match,1.013,0,0.8054,0.9411,112.75300017722607
190,1008,24,26,7,part_of_speech_classification,color_matching,matching,match_right,MQQM,adjective,positive,blue,✲✲ehrlich✲✲✲,adjective,positive,brown,0.4932,nonmatch,0.5219,0,0.805,0.9407,112.693264421291
190,1009,25,26,7,part_of_speech_classification,color_matching,matching,match_right,WJJW,noun,positive,brown,✲✲✲glück✲✲✲✲,noun,positive,blue,0.4932,match,1.162,1,0.8045,0.9402,112.63369059228022
190,1010,26,26,7,part_of_speech_classification,color_matching,matching,match_right,WJJW,noun,positive,blue,✲✲✲✲spaß✲✲✲✲,noun,positive,brown,0.4932,match,0.8972,1,0.8057,0.9414,112.80122742266234
190,1011,27,26,7,part_of_speech_classification,color_matching,matching,match_right,MQQM,adjective,positive,blue,✲✲✲gierig✲✲✲,adjective,negative,blue,0.4966,nonmatch,0.8543,1,0.807,0.9427,112.97825777438104
190,1012,28,26,7,part_of_speech_classification,color_matching,matching,match_right,WJJW,noun,positive,brown,✲✲✲gütig✲✲✲✲,adjective,positive,blue,0.4932,nonmatch,0.9727,0,0.8082,0.944,113.15408076150807
190,1013,29,26,7,part_of_speech_classification,color_matching,matching,match_right,ZYYZ,adjective,negative,blue,✲✲schleim✲✲✲,noun,negative,brown,0.4932,nonmatch,0.9847,0,0.8078,0.9435,113.09483146888608
190,1014,30,26,7,part_of_speech_classification,color_matching,matching,match_right,ZYYZ,adjective,negative,brown,✲✲schlecht✲✲,adjective,negative,blue,0.4932,nonmatch,0.9856,0,0.8074,0.9431,113.03617329024821
190,1015,31,26,7,part_of_speech_classification,color_matching,matching,match_right,MQQM,adjective,positive,brown,✲✲✲glück✲✲✲✲,noun,positive,blue,0.4932,nonmatch,0.6989,0,0.807,0.9427,112.97798223620634
190,1016,32,26,7,part_of_speech_classification,color_matching,matching,match_right,ZYYZ,adjective,negative,blue,✲✲launisch✲✲,adjective,negative,blue,0.4932,nonmatch,0.8272,1,0.8066,0.9423,112.9201370038047
190,1017,33,26,7,part_of_speech_classification,color_matching,matching,match_right,XVVX,noun,negative,brown,✲✲schleim✲✲✲,noun,negative,blue,0.4932,nonmatch,0.5785,0,0.8078,0.9435,113.09313292665998
190,1018,34,26,7,part_of_speech_classification,color_matching,matching,match_right,MQQM,adjective,positive,blue,✲✲schlecht✲✲,adjective,negative,brown,0.4932,nonmatch,0.6477,0,0.8074,0.9431,113.03518615556615
190,1019,35,26,7,part_of_speech_classification,color_matching,matching,match_right,ZYYZ,adjective,negative,blue,✲✲einfall✲✲✲,noun,positive,blue,0.5008,nonmatch,0.8114,1,0.807,0.9427,112.97769801308614
190,1020,36,26,7,part_of_speech_classification,color_matching,matching,match_right,ZYYZ,adjective,negative,brown,✲✲✲schön✲✲✲✲,adjective,positive,blue,0.4932,nonmatch,0.9468,0,0.8082,0.9439,113.14927958547825
190,1021,37,26,7,part_of_speech_classification,color_matching,matching,match_right,WJJW,noun,positive,brown,✲✲✲eitel✲✲✲✲,adjective,negative,blue,0.4965,match,0.9043,1,0.8078,0.9435,113.09145907046005
190,1022,38,26,7,part_of_speech_classification,color_matching,matching,match_right,MQQM,adjective,positive,brown,✲✲einfall✲✲✲,noun,positive,brown,0.4932,match,0.9932,0,0.809,0.9447,113.2633527610201
190,1023,39,26,7,part_of_speech_classification,color_matching,matching,match_right,WJJW,noun,positive,blue,✲✲✲gierig✲✲✲,adjective,negative,blue,0.4932,match,0.822,0,0.8086,0.9443,113.20474736432953
190,1024,40,26,7,part_of_speech_classification,color_matching,matching,match_right,XVVX,noun,negative,blue,✲✲✲✲spaß✲✲✲✲,noun,positive,brown,0.4932,match,0.9332,1,0.8082,0.9439,113.14694016911169
190,1025,41,26,7,part_of_speech_classification,color_matching,matching,match_right,ZYYZ,adjective,negative,blue,✲✲✲leiche✲✲✲,noun,negative,blue,0.4932,nonmatch,0.9082,1,0.8094,0.9452,113.32270934259228
190,1026,42,26,7,part_of_speech_classification,color_matching,matching,match_right,WJJW,noun,positive,blue,✲✲✲liebe✲✲✲✲,noun,positive,blue,0.4932,match,0.9139,0,0.8109,0.9466,113.51968580638875
190,1027,43,26,7,part_of_speech_classification,color_matching,matching,match_right,MQQM,adjective,positive,blue,✲✲✲✲spaß✲✲✲✲,noun,positive,blue,0.4932,match,0.9043,0,0.8104,0.9461,113.45343882693318
190,1028,44,26,7,part_of_speech_classification,color_matching,matching,match_right,MQQM,adjective,positive,brown,✲✲launisch✲✲,adjective,negative,brown,0.4932,match,0.8408,0,0.8099,0.9456,113.38613451178794
190,1029,45,26,7,part_of_speech_classification,color_matching,matching,match_right,XVVX,noun,negative,blue,✲✲✲lustig✲✲✲,adjective,positive,blue,0.4932,match,0.7223,0,0.8094,0.9451,113.31762664176452
190,1030,46,26,7,part_of_speech_classification,color_matching,matching,match_right,ZYYZ,adjective,negative,blue,✲✲✲lustig✲✲✲,adjective,positive,brown,0.4935,nonmatch,1.0403,0,0.809,0.9447,113.25604222058867
190,1031,47,26,7,part_of_speech_classification,color_matching,matching,match_right,MQQM,adjective,positive,brown,✲✲✲leiche✲✲✲,noun,negative,brown,0.5038,match,0.7759,0,0.8086,0.9443,113.19882674138796
190,1032,48,26,7,part_of_speech_classification,color_matching,matching,match_right,MQQM,adjective,positive,brown,✲✲✲eitel✲✲✲✲,adjective,negative,blue,0.4932,nonmatch,1.0555,0,0.8082,0.9439,113.14237803756706
190,1033,49,26,7,part_of_speech_classification,color_matching,matching,match_right,XVVX,noun,negative,brown,✲✲✲schön✲✲✲✲,adjective,positive,brown,0.4932,match,0.87,0,0.8078,0.9435,113.08657981536308
190,1034,50,26,7,part_of_speech_classification,color_matching,matching,match_right,ZYYZ,adjective,negative,blue,✲✲ehrlich✲✲✲,adjective,positive,blue,0.4932,nonmatch,0.8564,1,0.8074,0.9431,113.0313189914009
190,1035,51,26,7,part_of_speech_classification,color_matching,matching,match_right,ZYYZ,adjective,negative,brown,✲entführung✲,noun,negative,brown,0.4932,match,0.8495,0,0.8085,0.9443,113.19594553875316
190,1036,52,26,7,part_of_speech_classification,color_matching,matching,match_right,MQQM,adjective,positive,brown,✲✲schleim✲✲✲,noun,negative,blue,0.4932,nonmatch,0.9043,0,0.8081,0.9439,113.1401531949893
190,1037,53,26,7,part_of_speech_classification,color_matching,matching,match_right,WJJW,noun,positive,blue,✲✲ehrlich✲✲✲,adjective,positive,blue,0.4949,match,0.9187,0,0.8077,0.9435,113.08499899363913
190,1038,54,26,7,part_of_speech_classification,color_matching,matching,match_right,MQQM,adjective,positive,blue,✲✲✲liebe✲✲✲✲,noun,positive,brown,0.4932,nonmatch,0.8767,0,0.8074,0.9431,113.03037239411881
190,1039,55,26,7,part_of_speech_classification,color_matching,matching,match_right,MQQM,adjective,positive,brown,✲✲✲schön✲✲✲✲,adjective,positive,blue,0.4932,nonmatch,0.9441,0,0.807,0.9427,112.97616551013199
190,1040,56,26,7,part_of_speech_classification,color_matching,matching,match_right,MQQM,adjective,positive,blue,✲entführung✲,noun,negative,blue,0.4932,match,0.94,0,0.8066,0.9423,112.92227267525796
190,1041,57,26,7,part_of_speech_classification,color_matching,matching,match_right,MQQM,adjective,positive,blue,✲✲✲✲gift✲✲✲✲,noun,negative,brown,0.4932,nonmatch,0.8759,0,0.8062,0.9419,112.868590026444
190,1042,58,26,7,part_of_speech_classification,color_matching,matching,match_right,XVVX,noun,negative,brown,✲✲schlecht✲✲,adjective,negative,blue,0.4932,nonmatch,0.9335,0,0.8058,0.9415,112.81501510274468
190,1043,59,26,7,part_of_speech_classification,color_matching,matching,match_right,MQQM,adjective,positive,blue,✲✲✲gütig✲✲✲✲,adjective,positive,blue,0.4932,match,0.7986,0,0.8054,0.9412,112.76144645681597
190,1043,59,26,7,part_of_speech_classification,color_matching,matching,match_right,MQQM,adjective,positive,blue,✲✲✲gütig✲✲✲✲,adjective,positive,blue,0.4932,match,1.0016,0,0.8054,0.9412,112.76144645681597
190,1044,60,26,7,part_of_speech_classification,color_matching,matching,match_right,ZYYZ,adjective,negative,brown,✲✲✲gütig✲✲✲✲,adjective,positive,brown,0.4932,match,0.9823,0,0.8051,0.9408,112.707783276818
190,1045,61,26,7,part_of_speech_classification,color_matching,matching,match_right,XVVX,noun,negative,brown,✲✲launisch✲✲,adjective,negative,brown,0.4932,match,0.8686,0,0.8047,0.9404,112.65428654123512
190,1046,62,26,7,part_of_speech_classification,color_matching,matching,match_right,XVVX,noun,negative,blue,✲✲✲eitel✲✲✲✲,adjective,negative,brown,0.4932,nonmatch,0.9227,0,0.8043,0.94,112.60047449354637
190,1047,63,26,7,part_of_speech_classification,color_matching,matching,match_right,ZYYZ,adjective,negative,brown,✲✲✲eitel✲✲✲✲,adjective,negative,brown,0.4932,match,0.8202,0,0.8039,0.9396,112.54624786043398
190,1048,64,26,7,part_of_speech_classification,color_matching,matching,match_right,ZYYZ,adjective,negative,brown,✲✲✲glück✲✲✲✲,noun,positive,blue,0.4932,nonmatch,0.8114,0,0.8035,0.9392,112.49150640762346
190,1049,1,27,8,part_of_speech_classification,color_matching,matching,match_right,ZYYZ,adjective,negative,brown,✲✲✲eitel✲✲✲✲,adjective,negative,blue,0.4932,nonmatch,1.0012,0,0.8031,0.9388,112.43614859276072
190,1050,2,27,8,part_of_speech_classification,color_matching,matching,match_right,MQQM,adjective,positive,blue,✲✲einfall✲✲✲,noun,positive,blue,0.4962,match,0.8401,0,0.8027,0.9384,112.38007121535541
190,1051,3,27,8,part_of_speech_classification,color_matching,matching,match_right,ZYYZ,adjective,negative,brown,✲✲einfall✲✲✲,noun,positive,brown,0.4933,nonmatch,0.7205,1,0.8023,0.938,112.32316906203452
190,1052,4,27,8,part_of_speech_classification,color_matching,matching,match_right,XVVX,noun,negative,blue,✲✲✲gierig✲✲✲,adjective,negative,blue,0.4932,match,0.8982,0,0.8035,0.9392,112.48477022687936
190,1053,5,27,8,part_of_speech_classification,color_matching,matching,match_right,ZYYZ,adjective,negative,blue,✲✲✲lustig✲✲✲,adjective,positive,brown,0.4932,nonmatch,0.8328,0,0.8031,0.9388,112.42985218713291
190,1054,6,27,8,part_of_speech_classification,color_matching,matching,match_right,WJJW,noun,positive,blue,✲✲✲✲gift✲✲✲✲,noun,negative,brown,0.4932,nonmatch,0.7536,0,0.8027,0.9384,112.37420890909287
190,1055,7,27,8,part_of_speech_classification,color_matching,matching,match_right,XVVX,noun,negative,brown,✲✲✲lustig✲✲✲,adjective,positive,brown,0.4932,match,0.908,0,0.8023,0.938,112.31773680734553
190,1056,8,27,8,part_of_speech_classification,color_matching,matching,match_right,ZYYZ,adjective,negative,brown,✲✲ehrlich✲✲✲,adjective,positive,blue,0.4932,nonmatch,0.7936,0,0.8019,0.9376,112.26032992057047
190,1057,9,27,8,part_of_speech_classification,color_matching,matching,match_right,WJJW,noun,positive,brown,✲✲✲liebe✲✲✲✲,noun,positive,blue,0.4962,nonmatch,0.9054,0,0.8014,0.9372,112.20187955092965
190,1058,10,27,8,part_of_speech_classification,color_matching,matching,match_right,XVVX,noun,negative,blue,✲✲✲eitel✲✲✲✲,adjective,negative,brown,0.4958,nonmatch,0.7663,0,0.801,0.9368,112.14685892132434
190,1059,11,27,8,part_of_speech_classification,color_matching,matching,match_right,ZYYZ,adjective,negative,blue,✲✲✲gierig✲✲✲,adjective,negative,blue,0.4932,nonmatch,0.9115,1,0.8007,0.9364,112.09803064624134
190,1060,12,27,8,part_of_speech_classification,color_matching,matching,match_right,WJJW,noun,positive,blue,✲✲launisch✲✲,adjective,negative,brown,0.4932,nonmatch,0.9559,0,0.8018,0.9375,112.25539468566186
190,1061,13,27,8,part_of_speech_classification,color_matching,matching,match_right,ZYYZ,adjective,negative,blue,✲✲schlecht✲✲,adjective,negative,brown,0.4932,match,0.8622,1,0.8014,0.9371,112.19736196827162
190,1062,14,27,8,part_of_speech_classification,color_matching,matching,match_right,ZYYZ,adjective,negative,blue,✲✲✲schön✲✲✲✲,adjective,positive,blue,0.4961,match,0.938,0,0.8026,0.9383,112.3627463845668
190,1063,15,27,8,part_of_speech_classification,color_matching,matching,match_right,XVVX,noun,negative,brown,✲✲schlecht✲✲,adjective,negative,blue,0.4932,nonmatch,0.8687,0,0.8022,0.9379,112.30710620333468
190,1064,16,27,8,part_of_speech_classification,color_matching,matching,match_right,WJJW,noun,positive,blue,✲✲ehrlich✲✲✲,adjective,positive,blue,0.4932,match,0.885,0,0.8018,0.9375,112.25052690736278
190,1065,17,27,8,part_of_speech_classification,color_matching,matching,match_right,ZYYZ,adjective,negative,blue,✲entführung✲,noun,negative,blue,0.4932,match,0.9656,0,0.8014,0.9371,112.19290292558561
190,1066,18,27,8,part_of_speech_classification,color_matching,matching,match_right,WJJW,noun,positive,brown,✲✲✲schön✲✲✲✲,adjective,positive,blue,0.4932,nonmatch,0.7713,0,0.801,0.9367,112.14025903532503
190,1067,19,27,8,part_of_speech_classification,color_matching,matching,match_right,XVVX,noun,negative,blue,✲entführung✲,noun,negative,brown,0.4932,nonmatch,0.9057,0,0.8007,0.9364,112.09241542040715
190,1068,20,27,8,part_of_speech_classification,color_matching,matching,match_right,MQQM,adjective,positive,brown,✲✲✲leiche✲✲✲,noun,negative,brown,0.4932,match,0.905,0,0.8003,0.936,112.04523205493624
190,1069,21,27,8,part_of_speech_classification,color_matching,matching,match_right,MQQM,adjective,positive,blue,✲✲✲lustig✲✲✲,adjective,positive,blue,0.4932,match,0.9934,0,0.8,0.9357,111.99862608397447
190,1070,22,27,8,part_of_speech_classification,color_matching,matching,match_right,ZYYZ,adjective,negative,blue,✲✲✲✲spaß✲✲✲✲,noun,positive,blue,0.4932,match,0.995,0,0.7997,0.9354,111.95251690710165
190,1071,23,27,8,part_of_speech_classification,color_matching,matching,match_right,MQQM,adjective,positive,blue,✲✲schleim✲✲✲,noun,negative,blue,0.4932,match,0.9082,0,0.7993,0.935,111.90682589460202
190,1072,24,27,8,part_of_speech_classification,color_matching,matching,match_right,ZYYZ,adjective,negative,brown,✲✲schleim✲✲✲,noun,negative,blue,0.4932,nonmatch,0.7108,0,0.799,0.9347,111.86147611607284
190,1073,25,27,8,part_of_speech_classification,color_matching,matching,match_right,XVVX,noun,negative,blue,✲✲✲schön✲✲✲✲,adjective,positive,brown,0.4932,nonmatch,0.9525,0,0.7987,0.9344,111.81639207993837
190,1074,26,27,8,part_of_speech_classification,color_matching,matching,match_right,XVVX,noun,negative,brown,✲✲launisch✲✲,adjective,negative,brown,0.4932,match,0.8699,0,0.7984,0.9341,111.77149948244953
190,1075,27,27,8,part_of_speech_classification,color_matching,matching,match_right,MQQM,adjective,positive,blue,✲✲schlecht✲✲,adjective,negative,blue,0.4932,match,0.8614,0,0.798,0.9338,111.72672496483095
190,1076,28,27,8,part_of_speech_classification,color_matching,matching,match_right,MQQM,adjective,positive,blue,✲✲✲gütig✲✲✲✲,adjective,positive,brown,0.4932,nonmatch,0.8905,0,0.7977,0.9334,111.68199587731362
190,1077,29,27,8,part_of_speech_classification,color_matching,matching,match_right,WJJW,noun,positive,blue,✲✲schleim✲✲✲,noun,negative,blue,0.4932,match,0.8614,0,0.7974,0.9331,111.6372400488522
190,1078,30,27,8,part_of_speech_classification,color_matching,matching,match_right,XVVX,noun,negative,brown,✲✲✲✲gift✲✲✲✲,noun,negative,blue,0.4932,nonmatch,0.9196,0,0.7971,0.9328,111.59238556138473
190,1079,31,27,8,part_of_speech_classification,color_matching,matching,match_right,MQQM,adjective,positive,brown,✲entführung✲,noun,negative,blue,0.4933,nonmatch,1.0009,0,0.7968,0.9325,111.54766533079564
190,1080,32,27,8,part_of_speech_classification,color_matching,matching,match_right,WJJW,noun,positive,brown,✲✲schlecht✲✲,adjective,negative,blue,0.4932,nonmatch,0.7606,0,0.7964,0.9322,111.50268891629679
190,1081,33,27,8,part_of_speech_classification,color_matching,matching,match_right,XVVX,noun,negative,blue,✲✲✲liebe✲✲✲✲,noun,positive,blue,0.5346,nonmatch,0.3075,1,0.7961,0.9318,111.45738515147428
190,1082,34,27,8,part_of_speech_classification,color_matching,matching,match_right,XVVX,noun,negative,blue,✲✲schleim✲✲✲,noun,negative,blue,0.4932,match,0.8406,0,0.797,0.9328,111.58506302539806
190,1083,35,27,8,part_of_speech_classification,color_matching,matching,match_right,ZYYZ,adjective,negative,brown,✲✲✲gütig✲✲✲✲,adjective,positive,brown,0.4932,nonmatch,0.9773,1,0.7967,0.9324,111.5406797901228
190,1084,36,27,8,part_of_speech_classification,color_matching,matching,match_right,ZYYZ,adjective,negative,brown,✲✲launisch✲✲,adjective,negative,brown,0.4932,match,0.812,0,0.7976,0.9333,111.66540951581806
190,1085,37,27,8,part_of_speech_classification,color_matching,matching,match_right,MQQM,adjective,positive,blue,✲✲✲liebe✲✲✲✲,noun,positive,brown,0.4932,nonmatch,0.893,0,0.7973,0.933,111.6213869671429
190,1086,38,27,8,part_of_speech_classification,color_matching,matching,match_right,WJJW,noun,positive,brown,✲✲✲eitel✲✲✲✲,adjective,negative,brown,0.4932,match,0.8153,0,0.797,0.9327,111.5772417435053
190,1087,39,27,8,part_of_speech_classification,color_matching,matching,match_right,WJJW,noun,positive,blue,✲✲✲glück✲✲✲✲,noun,positive,blue,0.4932,match,0.9624,0,0.7967,0.9324,111.5332017973301
190,1088,40,27,8,part_of_speech_classification,color_matching,matching,match_right,XVVX,noun,negative,brown,✲✲✲leiche✲✲✲,noun,negative,brown,0.4932,nonmatch,0.9257,1,0.7963,0.9321,111.48888690724758
190,1089,41,27,8,part_of_speech_classification,color_matching,matching,match_right,XVVX,noun,negative,blue,✲✲✲gütig✲✲✲✲,adjective,positive,blue,0.4932,match,0.8433,0,0.7972,0.933,111.6136457905102
190,1090,42,27,8,part_of_speech_classification,color_matching,matching,match_right,ZYYZ,adjective,negative,brown,✲✲✲leiche✲✲✲,noun,negative,brown,0.4932,match,0.8548,0,0.7969,0.9326,111.56984325277928
190,1091,43,27,8,part_of_speech_classification,color_matching,matching,match_right,WJJW,noun,positive,blue,✲✲✲gierig✲✲✲,adjective,negative,blue,0.4932,match,0.8542,0,0.7966,0.9323,111.52613217129961
190,1092,44,27,8,part_of_speech_classification,color_matching,matching,match_right,XVVX,noun,negative,brown,✲✲ehrlich✲✲✲,adjective,positive,blue,0.4932,nonmatch,0.8053,0,0.7963,0.932,111.48213723001186
190,1093,45,27,8,part_of_speech_classification,color_matching,matching,match_right,MQQM,adjective,positive,brown,✲✲✲eitel✲✲✲✲,adjective,negative,blue,0.4932,match,0.713,1,0.796,0.9317,111.43779032734268
190,1094,46,27,8,part_of_speech_classification,color_matching,matching,match_right,ZYYZ,adjective,negative,blue,✲✲✲✲gift✲✲✲✲,noun,negative,brown,0.4932,match,1.0368,1,0.7969,0.9326,111.56285347796761
190,1095,47,27,8,part_of_speech_classification,color_matching,matching,match_right,MQQM,adjective,positive,brown,✲✲launisch✲✲,adjective,negative,brown,0.4932,match,1.1804,0,0.7977,0.9335,111.68408111976409
190,1096,48,27,8,part_of_speech_classification,color_matching,matching,match_right,WJJW,noun,positive,blue,✲✲einfall✲✲✲,noun,positive,brown,0.4932,nonmatch,0.9496,0,0.7974,0.9332,111.64119433112835
190,1097,49,27,8,part_of_speech_classification,color_matching,matching,match_right,WJJW,noun,positive,brown,✲entführung✲,noun,negative,brown,0.5001,match,1.0069,0,0.7971,0.9328,111.59821750165781
190,1098,50,27,8,part_of_speech_classification,color_matching,matching,match_right,MQQM,adjective,positive,blue,✲✲✲gierig✲✲✲,adjective,negative,brown,0.4933,nonmatch,0.934,0,0.7968,0.9325,111.55537794531323
190,1099,51,27,8,part_of_speech_classification,color_matching,matching,match_right,WJJW,noun,positive,brown,✲✲✲✲spaß✲✲✲✲,noun,positive,brown,0.4943,match,0.7967,0,0.7965,0.9322,111.5123031391739
190,1100,52,27,8,part_of_speech_classification,color_matching,matching,match_right,XVVX,noun,negative,blue,✲✲einfall✲✲✲,noun,positive,brown,0.4932,nonmatch,0.9293,0,0.7962,0.9319,111.46892750911552
190,1101,53,27,8,part_of_speech_classification,color_matching,matching,match_right,MQQM,adjective,positive,brown,✲✲✲schön✲✲✲✲,adjective,positive,blue,0.4932,nonmatch,0.8083,0,0.7959,0.9316,111.42518485124339
190,1102,54,27,8,part_of_speech_classification,color_matching,matching,match_right,XVVX,noun,negative,brown,✲✲✲✲spaß✲✲✲✲,noun,positive,brown,0.4932,match,0.8757,0,0.7956,0.9313,111.38100814369089
190,1103,55,27,8,part_of_speech_classification,color_matching,matching,match_right,ZYYZ,adjective,negative,blue,✲✲✲liebe✲✲✲✲,noun,positive,brown,0.4932,nonmatch,0.9511,0,0.7953,0.931,111.33632935653733
190,1104,56,27,8,part_of_speech_classification,color_matching,matching,match_right,MQQM,adjective,positive,brown,✲✲✲✲spaß✲✲✲✲,noun,positive,brown,0.4932,match,1.0038,0,0.7949,0.9307,111.29107925906303
190,1105,57,27,8,part_of_speech_classification,color_matching,matching,match_right,XVVX,noun,negative,brown,✲✲✲glück✲✲✲✲,noun,positive,blue,0.4962,nonmatch,0.9752,0,0.7946,0.9303,111.24518722355347
190,1106,58,27,8,part_of_speech_classification,color_matching,matching,match_right,MQQM,adjective,positive,brown,✲✲ehrlich✲✲✲,adjective,positive,brown,0.4932,nonmatch,1.0258,1,0.7943,0.93,111.19858102486194
190,1107,59,27,8,part_of_speech_classification,color_matching,matching,match_right,MQQM,adjective,positive,blue,✲✲✲✲gift✲✲✲✲,noun,negative,brown,0.4932,nonmatch,0.6508,0,0.7952,0.9309,111.33098812015203
190,1108,60,27,8,part_of_speech_classification,color_matching,matching,match_right,WJJW,noun,positive,brown,✲✲✲leiche✲✲✲,noun,negative,blue,0.4932,nonmatch,0.9857,0,0.7949,0.9306,111.28601019973051
190,1109,61,27,8,part_of_speech_classification,color_matching,matching,match_right,MQQM,adjective,positive,brown,✲✲✲glück✲✲✲✲,noun,positive,blue,0.4932,nonmatch,0.8828,0,0.7946,0.9303,111.24038698981408
190,1110,62,27,8,part_of_speech_classification,color_matching,matching,match_right,WJJW,noun,positive,blue,✲✲✲lustig✲✲✲,adjective,positive,brown,0.4932,nonmatch,0.879,0,0.7942,0.93,111.19404711069264
190,1111,63,27,8,part_of_speech_classification,color_matching,matching,match_right,WJJW,noun,positive,brown,✲✲✲gütig✲✲✲✲,adjective,positive,brown,0.4932,nonmatch,0.7971,1,0.7939,0.9296,111.14691738214498
190,1112,64,27,8,part_of_speech_classification,color_matching,matching,match_right,ZYYZ,adjective,negative,brown,✲✲✲glück✲✲✲✲,noun,positive,blue,0.4932,nonmatch,0.8113,0,0.7949,0.9306,111.28100319047782
190,1113,1,28,9,part_of_speech_classification,color_matching,matching,match_right,liebe,noun,positive,brown,✲✲✲✲gift✲✲✲✲,noun,negative,blue,0.4932,nonmatch,0.7823,0,0.7945,0.9303,111.23564364556525
190,1114,2,28,9,part_of_speech_classification,color_matching,matching,match_right,schlecht,adjective,negative,blue,✲✲✲liebe✲✲✲✲,noun,positive,brown,0.4932,nonmatch,0.6058,0,0.7942,0.9299,111.18956503381511
190,1115,3,28,9,part_of_speech_classification,color_matching,matching,match_right,einfall,noun,positive,blue,✲✲schlecht✲✲,adjective,negative,blue,0.4932,nonmatch,0.6032,1,0.7939,0.9296,111.14269500239878
190,1116,4,28,9,part_of_speech_classification,color_matching,matching,match_right,gift,noun,negative,brown,✲entführung✲,noun,negative,brown,0.4932,nonmatch,0.5845,1,0.7948,0.9305,111.27605675162843
190,1117,5,28,9,part_of_speech_classification,color_matching,matching,match_right,schön,adjective,positive,brown,✲✲launisch✲✲,adjective,negative,blue,0.4932,nonmatch,0.4317,0,0.7957,0.9314,111.40205148553838
190,1118,6,28,9,part_of_speech_classification,color_matching,matching,match_right,entführung,noun,negative,brown,✲✲✲✲gift✲✲✲✲,noun,negative,blue,0.4932,nonmatch,0.4119,0,0.7954,0.9311,111.35896739709695
190,1119,7,28,9,part_of_speech_classification,color_matching,matching,match_right,eitel,adjective,negative,brown,✲✲✲✲spaß✲✲✲✲,noun,positive,blue,0.4932,nonmatch,0.3545,0,0.7951,0.9308,111.31536203504909
190,1120,8,28,9,part_of_speech_classification,color_matching,matching,match_right,eitel,adjective,negative,blue,✲✲launisch✲✲,adjective,negative,brown,0.4932,nonmatch,0.4532,0,0.7948,0.9305,111.27116944889235
190,1121,9,28,9,part_of_speech_classification,color_matching,matching,match_right,launisch,adjective,negative,brown,✲✲✲glück✲✲✲✲,noun,positive,brown,0.4932,match,0.4416,0,0.7945,0.9302,111.22632227366617
190,1122,10,28,9,part_of_speech_classification,color_matching,matching,match_right,schleim,noun,negative,blue,✲✲schlecht✲✲,adjective,negative,brown,0.4932,nonmatch,0.412,0,0.7941,0.9299,111.18075154400951
190,1123,11,28,9,part_of_speech_classification,color_matching,matching,match_right,schleim,noun,negative,blue,✲✲✲leiche✲✲✲,noun,negative,blue,0.4932,match,0.4628,0,0.7938,0.9295,111.13438650318601
190,1124,12,28,9,part_of_speech_classification,color_matching,matching,match_right,lustig,adjective,positive,brown,✲✲schlecht✲✲,adjective,negative,brown,0.4932,nonmatch,0.3787,1,0.7935,0.9292,111.08715440634049
190,1125,13,28,9,part_of_speech_classification,color_matching,matching,match_right,spaß,noun,positive,blue,✲✲✲lustig✲✲✲,adjective,positive,blue,0.4933,nonmatch,0.6908,1,0.7944,0.9302,111.22174167096578
190,1126,14,28,9,part_of_speech_classification,color_matching,matching,match_right,liebe,noun,positive,blue,✲✲✲eitel✲✲✲✲,adjective,negative,brown,0.4932,nonmatch,0.7222,0,0.7953,0.9311,111.34835981101577
190,1127,15,28,9,part_of_speech_classification,color_matching,matching,match_right,lustig,adjective,positive,blue,✲✲ehrlich✲✲✲,adjective,positive,brown,0.4932,nonmatch,0.5496,0,0.795,0.9308,111.30526044954597
190,1128,16,28,9,part_of_speech_classification,color_matching,matching,match_right,schön,adjective,positive,blue,✲✲einfall✲✲✲,noun,positive,blue,0.4932,match,0.6005,0,0.7947,0.9304,111.26156673118403
190,1129,17,28,9,part_of_speech_classification,color_matching,matching,match_right,eitel,adjective,negative,blue,✲✲✲schön✲✲✲✲,adjective,positive,brown,0.4932,nonmatch,0.496,0,0.7944,0.9301,111.2172128046145
190,1130,18,28,9,part_of_speech_classification,color_matching,matching,match_right,schön,adjective,positive,brown,✲✲schleim✲✲✲,noun,negative,blue,0.4932,nonmatch,0.4467,0,0.7941,0.9298,111.17213121899091
190,1131,19,28,9,part_of_speech_classification,color_matching,matching,match_right,entführung,noun,negative,brown,✲✲einfall✲✲✲,noun,positive,blue,0.4932,nonmatch,0.4413,0,0.7938,0.9295,111.1262527395727
190,1132,20,28,9,part_of_speech_classification,color_matching,matching,match_right,einfall,noun,positive,blue,✲✲✲✲spaß✲✲✲✲,noun,positive,brown,0.4932,nonmatch,0.4534,0,0.7934,0.9291,111.07950615765047
190,1133,21,28,9,part_of_speech_classification,color_matching,matching,match_right,ehrlich,adjective,positive,brown,✲✲✲lustig✲✲✲,adjective,positive,brown,0.4932,match,0.5533,0,0.7931,0.9288,111.03565921421497
190,1134,22,28,9,part_of_speech_classification,color_matching,matching,match_right,spaß,noun,positive,blue,✲✲✲liebe✲✲✲✲,noun,positive,blue,0.4932,match,0.5605,0,0.7928,0.9286,110.99717228597999
190,1135,23,28,9,part_of_speech_classification,color_matching,matching,match_right,einfall,noun,positive,blue,✲✲ehrlich✲✲✲,adjective,positive,brown,0.4932,nonmatch,0.4961,0,0.7926,0.9283,110.95923730339776
190,1136,24,28,9,part_of_speech_classification,color_matching,matching,match_right,gift,noun,negative,blue,✲✲✲lustig✲✲✲,adjective,positive,blue,0.4932,match,0.4504,0,0.7923,0.928,110.92179939021719
190,1137,25,28,9,part_of_speech_classification,color_matching,matching,match_right,glück,noun,positive,brown,✲✲✲gütig✲✲✲✲,adjective,positive,blue,0.4932,nonmatch,0.3612,0,0.792,0.9277,110.88480515345931
190,1138,26,28,9,part_of_speech_classification,color_matching,matching,match_right,gierig,adjective,negative,blue,✲✲✲lustig✲✲✲,adjective,positive,blue,0.4932,match,0.3674,0,0.7918,0.9275,110.8482025303576
190,1139,27,28,9,part_of_speech_classification,color_matching,matching,match_right,glück,noun,positive,brown,✲✲✲gierig✲✲✲,adjective,negative,brown,0.4932,nonmatch,0.2907,1,0.7915,0.9272,110.81194064170923
190,1140,28,28,9,part_of_speech_classification,color_matching,matching,match_right,entführung,noun,negative,brown,✲✲launisch✲✲,adjective,negative,blue,0.4932,nonmatch,0.6257,0,0.7923,0.928,110.91990109402522
190,1141,29,28,9,part_of_speech_classification,color_matching,matching,match_right,launisch,adjective,negative,brown,✲✲✲gütig✲✲✲✲,adjective,positive,blue,0.4932,nonmatch,0.5819,0,0.792,0.9277,110.88320343318615
190,1142,30,28,9,part_of_speech_classification,color_matching,matching,match_right,einfall,noun,positive,blue,✲✲✲leiche✲✲✲,noun,negative,brown,0.4932,nonmatch,0.5495,0,0.7918,0.9275,110.84689236346573
190,1143,31,28,9,part_of_speech_classification,color_matching,matching,match_right,leiche,noun,negative,blue,✲✲✲eitel✲✲✲✲,adjective,negative,blue,0.4932,match,0.4327,0,0.7915,0.9272,110.81091778091289
190,1144,32,28,9,part_of_speech_classification,color_matching,matching,match_right,glück,noun,positive,brown,✲✲einfall✲✲✲,noun,positive,blue,0.4932,nonmatch,0.6072,0,0.7913,0.927,110.77523060263303
190,1145,33,28,9,part_of_speech_classification,color_matching,matching,match_right,leiche,noun,negative,blue,✲✲schleim✲✲✲,noun,negative,brown,0.4986,nonmatch,3.7865,0,0.791,0.9267,110.7397826341124
190,1146,34,28,9,part_of_speech_classification,color_matching,matching,match_right,gift,noun,negative,brown,✲✲✲gierig✲✲✲,adjective,negative,brown,0.4932,match,0.4263,0,0.7907,0.9265,110.7045264409421
190,1147,35,28,9,part_of_speech_classification,color_matching,matching,match_right,liebe,noun,positive,brown,✲✲✲schön✲✲✲✲,adjective,positive,brown,0.4932,match,0.8837,0,0.7905,0.9262,110.66941522439987
190,1148,36,28,9,part_of_speech_classification,color_matching,matching,match_right,schlecht,adjective,negative,brown,✲✲ehrlich✲✲✲,adjective,positive,brown,0.4932,match,0.891,0,0.7902,0.926,110.63440270037098
190,1149,37,28,9,part_of_speech_classification,color_matching,matching,match_right,lustig,adjective,positive,brown,✲entführung✲,noun,negative,brown,0.4932,match,0.9817,0,0.79,0.9257,110.5994429811174
190,1150,38,28,9,part_of_speech_classification,color_matching,matching,match_right,schlecht,adjective,negative,blue,✲✲✲eitel✲✲✲✲,adjective,negative,blue,0.4932,nonmatch,0.877,1,0.7897,0.9255,110.56449045942043
190,1151,39,28,9,part_of_speech_classification,color_matching,matching,match_right,launisch,adjective,negative,brown,✲✲✲gierig✲✲✲,adjective,negative,brown,0.4932,match,0.9012,0,0.7905,0.9262,110.66950723003065
190,1152,40,28,9,part_of_speech_classification,color_matching,matching,match_right,gift,noun,negative,brown,✲✲✲✲spaß✲✲✲✲,noun,positive,brown,0.4932,match,0.9556,0,0.7902,0.926,110.63476764076805
190,1153,41,28,9,part_of_speech_classification,color_matching,matching,match_right,ehrlich,adjective,positive,blue,✲✲✲eitel✲✲✲✲,adjective,negative,blue,0.4932,nonmatch,0.9465,1,0.79,0.9257,110.60008089947486
190,1154,42,28,9,part_of_speech_classification,color_matching,matching,match_right,ehrlich,adjective,positive,blue,✲✲✲✲gift✲✲✲✲,noun,negative,blue,0.4932,match,0.8209,0,0.7907,0.9265,110.70416086178723
190,1155,43,28,9,part_of_speech_classification,color_matching,matching,match_right,spaß,noun,positive,brown,✲entführung✲,noun,negative,brown,0.4932,match,1.0524,0,0.7905,0.9262,110.66959275191016
190,1156,44,28,9,part_of_speech_classification,color_matching,matching,match_right,glück,noun,positive,blue,✲✲schleim✲✲✲,noun,negative,blue,0.4932,match,0.8971,0,0.7903,0.926,110.63512207498073
190,1157,45,28,9,part_of_speech_classification,color_matching,matching,match_right,leiche,noun,negative,brown,✲✲ehrlich✲✲✲,adjective,positive,blue,0.4932,nonmatch,0.955,0,0.79,0.9257,110.60070427781811
190,1158,46,28,9,part_of_speech_classification,color_matching,matching,match_right,launisch,adjective,negative,blue,✲✲✲leiche✲✲✲,noun,negative,blue,0.4932,match,0.94,0,0.7898,0.9255,110.56629507893054
190,1159,47,28,9,part_of_speech_classification,color_matching,matching,match_right,ehrlich,adjective,positive,brown,✲✲✲liebe✲✲✲✲,noun,positive,brown,0.4933,nonmatch,1.0508,1,0.7895,0.9252,110.53185035950361
190,1160,48,28,9,part_of_speech_classification,color_matching,matching,match_right,spaß,noun,positive,brown,✲✲launisch✲✲,adjective,negative,blue,0.4932,match,0.9327,1,0.7903,0.926,110.63546629858274
190,1161,49,28,9,part_of_speech_classification,color_matching,matching,match_right,liebe,noun,positive,brown,✲✲✲glück✲✲✲✲,noun,positive,brown,0.4932,nonmatch,1.1722,1,0.791,0.9267,110.73796650809516
190,1162,50,28,9,part_of_speech_classification,color_matching,matching,match_right,gierig,adjective,negative,brown,✲✲schlecht✲✲,adjective,negative,blue,0.4932,nonmatch,0.7923,0,0.7917,0.9274,110.84055011548833
190,1163,51,28,9,part_of_speech_classification,color_matching,matching,match_right,schön,adjective,positive,brown,✲✲✲gütig✲✲✲✲,adjective,positive,blue,0.4932,match,0.9186,1,0.7915,0.9272,110.80594961894032
190,1164,52,28,9,part_of_speech_classification,color_matching,matching,match_right,entführung,noun,negative,brown,✲✲✲gütig✲✲✲✲,adjective,positive,brown,0.4932,match,1.0048,0,0.7922,0.9279,110.90898066005163
190,1165,53,28,9,part_of_speech_classification,color_matching,matching,match_right,schleim,noun,negative,blue,✲✲✲glück✲✲✲✲,noun,positive,blue,0.4932,nonmatch,0.8996,1,0.792,0.9277,110.8739719456316
190,1166,54,28,9,part_of_speech_classification,color_matching,matching,match_right,leiche,noun,negative,blue,✲✲✲liebe✲✲✲✲,noun,positive,brown,0.4932,match,0.8366,1,0.7927,0.9284,110.9779658422289
190,1167,55,28,9,part_of_speech_classification,color_matching,matching,match_right,eitel,adjective,negative,blue,✲✲schleim✲✲✲,noun,negative,brown,0.4932,nonmatch,0.9366,0,0.7935,0.9292,111.09161122499705
190,1168,56,28,9,part_of_speech_classification,color_matching,matching,match_right,lustig,adjective,positive,brown,✲✲✲✲spaß✲✲✲✲,noun,positive,blue,0.4932,nonmatch,0.9569,0,0.7932,0.9289,111.04784644287592
190,1169,57,28,9,part_of_speech_classification,color_matching,matching,match_right,schlecht,adjective,negative,brown,✲entführung✲,noun,negative,brown,0.4932,nonmatch,1.0291,1,0.7929,0.9287,111.01150270721463
190,1170,58,28,9,part_of_speech_classification,color_matching,matching,match_right,gütig,adjective,positive,blue,✲✲✲glück✲✲✲✲,noun,positive,brown,0.4933,match,0.995,1,0.7938,0.9295,111.13163634434254
190,1171,59,28,9,part_of_speech_classification,color_matching,matching,match_right,gütig,adjective,positive,blue,✲✲✲gierig✲✲✲,adjective,negative,brown,0.4932,nonmatch,0.8758,0,0.7947,0.9304,111.25369561938324
190,1172,60,28,9,part_of_speech_classification,color_matching,matching,match_right,gierig,adjective,negative,brown,✲✲✲✲gift✲✲✲✲,noun,negative,blue,0.4932,nonmatch,0.973,0,0.7944,0.9301,111.21243605497929
190,1173,61,28,9,part_of_speech_classification,color_matching,matching,match_right,gütig,adjective,positive,blue,✲✲✲leiche✲✲✲,noun,negative,brown,0.4932,nonmatch,0.8257,0,0.7941,0.9298,111.17049213892867
190,1174,62,28,9,part_of_speech_classification,color_matching,matching,match_right,gütig,adjective,positive,blue,✲✲✲schön✲✲✲✲,adjective,positive,blue,0.4932,match,0.6994,0,0.7938,0.9295,111.12780360254384
190,1175,63,28,9,part_of_speech_classification,color_matching,matching,match_right,schleim,noun,negative,blue,✲✲✲schön✲✲✲✲,adjective,positive,brown,0.4933,match,1.0511,1,0.7935,0.9292,111.08430844807663
190,1176,64,28,9,part_of_speech_classification,color_matching,matching,match_right,gierig,adjective,negative,blue,✲✲einfall✲✲✲,noun,positive,blue,0.4933,nonmatch,0.9649,1,0.7943,0.9301,111.20824778193331
190,1177,1,29,10,part_of_speech_classification,color_matching,matching,match_right,glück,noun,positive,brown,✲✲✲schön✲✲✲✲,adjective,positive,brown,0.4932,match,0.8557,0,0.7952,0.9309,111.32486791332873
190,1178,2,29,10,part_of_speech_classification,color_matching,matching,match_right,ehrlich,adjective,positive,blue,✲✲✲leiche✲✲✲,noun,negative,brown,0.4932,nonmatch,0.7536,0,0.7949,0.9306,111.2852051839496
190,1179,3,29,10,part_of_speech_classification,color_matching,matching,match_right,entführung,noun,negative,blue,✲✲schlecht✲✲,adjective,negative,blue,0.4932,nonmatch,0.8543,1,0.7946,0.9303,111.2449684500817
190,1180,4,29,10,part_of_speech_classification,color_matching,matching,match_right,lustig,adjective,positive,brown,✲✲✲✲gift✲✲✲✲,noun,negative,brown,0.4932,nonmatch,0.8257,1,0.7954,0.9311,111.35912673038409
190,1181,5,29,10,part_of_speech_classification,color_matching,matching,match_right,gierig,adjective,negative,brown,✲✲✲leiche✲✲✲,noun,negative,brown,0.4932,nonmatch,0.927,1,0.7962,0.9319,111.46791101369183
190,1182,6,29,10,part_of_speech_classification,color_matching,matching,match_right,leiche,noun,negative,brown,✲✲✲gierig✲✲✲,adjective,negative,blue,0.4932,nonmatch,0.8651,0,0.7969,0.9327,111.57261408791523
190,1183,7,29,10,part_of_speech_classification,color_matching,matching,match_right,schleim,noun,negative,brown,✲✲launisch✲✲,adjective,negative,brown,0.4932,nonmatch,0.883,1,0.7967,0.9324,111.53616529449106
190,1184,8,29,10,part_of_speech_classification,color_matching,matching,match_right,leiche,noun,negative,brown,✲✲✲✲spaß✲✲✲✲,noun,positive,blue,0.4932,nonmatch,0.6187,0,0.7974,0.9331,111.63861321719902
190,1185,9,29,10,part_of_speech_classification,color_matching,matching,match_right,eitel,adjective,negative,blue,✲✲schleim✲✲✲,noun,negative,brown,0.4932,nonmatch,0.8836,0,0.7972,0.9329,111.60245560952048
190,1186,10,29,10,part_of_speech_classification,color_matching,matching,match_right,gütig,adjective,positive,brown,✲✲schleim✲✲✲,noun,negative,blue,0.4932,nonmatch,0.8185,0,0.7969,0.9326,111.56641610211877
190,1187,11,29,10,part_of_speech_classification,color_matching,matching,match_right,entführung,noun,negative,blue,✲✲✲✲gift✲✲✲✲,noun,negative,blue,0.4932,match,0.8685,0,0.7966,0.9324,111.53018879998474
190,1188,12,29,10,part_of_speech_classification,color_matching,matching,match_right,gütig,adjective,positive,blue,✲✲✲schön✲✲✲✲,adjective,positive,brown,0.4932,nonmatch,0.7938,0,0.7964,0.9321,111.49372647371365
190,1189,13,29,10,part_of_speech_classification,color_matching,matching,match_right,spaß,noun,positive,blue,✲✲ehrlich✲✲✲,adjective,positive,blue,0.4932,nonmatch,0.9356,1,0.7961,0.9318,111.45698145670423
190,1190,14,29,10,part_of_speech_classification,color_matching,matching,match_right,ehrlich,adjective,positive,brown,✲✲✲lustig✲✲✲,adjective,positive,brown,0.4932,nonmatch,0.79,1,0.7969,0.9326,111.56054317937999
190,1191,15,29,10,part_of_speech_classification,color_matching,matching,match_right,schleim,noun,negative,blue,✲✲ehrlich✲✲✲,adjective,positive,blue,0.4932,nonmatch,0.9793,1,0.7976,0.9333,111.6611378348086
190,1192,16,29,10,part_of_speech_classification,color_matching,matching,match_right,eitel,adjective,negative,blue,✲✲schlecht✲✲,adjective,negative,brown,0.4932,nonmatch,0.8137,0,0.7983,0.9341,111.76796743283316
190,1193,17,29,10,part_of_speech_classification,color_matching,matching,match_right,launisch,adjective,negative,brown,✲✲✲schön✲✲✲✲,adjective,positive,blue,0.4932,nonmatch,0.8435,0,0.7981,0.9338,111.73267235964535
190,1194,18,29,10,part_of_speech_classification,color_matching,matching,match_right,liebe,noun,positive,blue,✲✲✲lustig✲✲✲,adjective,positive,brown,0.4932,nonmatch,0.8972,0,0.7978,0.9336,111.69741715984104
190,1195,19,29,10,part_of_speech_classification,color_matching,matching,match_right,liebe,noun,positive,brown,✲✲schlecht✲✲,adjective,negative,blue,0.4932,nonmatch,0.7536,0,0.7976,0.9333,111.66215593810956
190,1196,20,29,10,part_of_speech_classification,color_matching,matching,match_right,einfall,noun,positive,blue,✲✲✲liebe✲✲✲✲,noun,positive,brown,0.4932,nonmatch,1.0017,0,0.7973,0.933,111.62684294525822
190,1197,21,29,10,part_of_speech_classification,color_matching,matching,match_right,gütig,adjective,positive,blue,✲✲schlecht✲✲,adjective,negative,blue,0.4969,nonmatch,0.7464,1,0.7971,0.9328,111.59143246527927
190,1198,22,29,10,part_of_speech_classification,color_matching,matching,match_right,liebe,noun,positive,brown,✲✲✲glück✲✲✲✲,noun,positive,blue,0.4932,nonmatch,0.9999,0,0.7978,0.9335,111.69006119097068
190,1199,23,29,10,part_of_speech_classification,color_matching,matching,match_right,gierig,adjective,negative,blue,✲✲einfall✲✲✲,noun,positive,blue,0.4932,match,0.827,0,0.7975,0.9333,111.655047852454
190,1200,24,29,10,part_of_speech_classification,color_matching,matching,match_right,einfall,noun,positive,brown,✲✲schleim✲✲✲,noun,negative,blue,0.4933,nonmatch,0.7042,0,0.7973,0.933,111.61997381074433
190,1201,25,29,10,part_of_speech_classification,color_matching,matching,match_right,schlecht,adjective,negative,brown,✲✲✲eitel✲✲✲✲,adjective,negative,blue,0.4932,nonmatch,1.0125,0,0.797,0.9327,111.5847939650462
190,1202,26,29,10,part_of_speech_classification,color_matching,matching,match_right,gift,noun,negative,brown,✲✲✲lustig✲✲✲,adjective,positive,brown,0.496,match,0.8455,0,0.7968,0.9325,111.54970345123245
190,1203,27,29,10,part_of_speech_classification,color_matching,matching,match_right,leiche,noun,negative,brown,✲✲schleim✲✲✲,noun,negative,brown,0.4932,match,0.9486,0,0.7965,0.9322,111.51440863565318
190,1204,28,29,10,part_of_speech_classification,color_matching,matching,match_right,gütig,adjective,positive,brown,✲✲✲glück✲✲✲✲,noun,positive,blue,0.4932,nonmatch,0.978,0,0.7963,0.932,111.47886462376317
190,1205,29,29,10,part_of_speech_classification,color_matching,matching,match_right,glück,noun,positive,brown,✲✲✲✲spaß✲✲✲✲,noun,positive,brown,0.4932,match,0.9114,0,0.796,0.9317,111.44302605398738
190,1206,30,29,10,part_of_speech_classification,color_matching,matching,match_right,launisch,adjective,negative,blue,✲entführung✲,noun,negative,blue,0.4932,nonmatch,0.8914,1,0.7958,0.9315,111.40684699100184
190,1207,31,29,10,part_of_speech_classification,color_matching,matching,match_right,schleim,noun,negative,brown,✲✲einfall✲✲✲,noun,positive,brown,0.4932,match,0.885,0,0.7965,0.9322,111.50898399549251
190,1208,32,29,10,part_of_speech_classification,color_matching,matching,match_right,launisch,adjective,negative,brown,✲✲✲gierig✲✲✲,adjective,negative,brown,0.4932,nonmatch,0.9926,1,0.7962,0.932,111.47363231029001
190,1209,33,29,10,part_of_speech_classification,color_matching,matching,match_right,ehrlich,adjective,positive,brown,✲✲launisch✲✲,adjective,negative,brown,0.4932,match,0.8774,0,0.797,0.9327,111.57321188122509
190,1210,34,29,10,part_of_speech_classification,color_matching,matching,match_right,liebe,noun,positive,brown,✲entführung✲,noun,negative,brown,0.4932,match,0.8757,0,0.7967,0.9324,111.53852478140595
190,1211,35,29,10,part_of_speech_classification,color_matching,matching,match_right,gift,noun,negative,blue,✲✲✲eitel✲✲✲✲,adjective,negative,brown,0.4932,nonmatch,0.8932,0,0.7965,0.9322,111.50362175473215
190,1212,36,29,10,part_of_speech_classification,color_matching,matching,match_right,schlecht,adjective,negative,brown,✲✲✲liebe✲✲✲✲,noun,positive,blue,0.4932,nonmatch,0.9528,0,0.7962,0.9319,111.46845888438293
190,1213,37,29,10,part_of_speech_classification,color_matching,matching,match_right,leiche,noun,negative,blue,✲✲✲schön✲✲✲✲,adjective,positive,brown,0.4932,nonmatch,0.8354,0,0.7959,0.9317,111.43299176410396
190,1214,38,29,10,part_of_speech_classification,color_matching,matching,match_right,glück,noun,positive,blue,✲✲✲gierig✲✲✲,adjective,negative,brown,0.4932,nonmatch,0.7725,0,0.7957,0.9314,111.3971753950626
190,1215,39,29,10,part_of_speech_classification,color_matching,matching,match_right,schön,adjective,positive,brown,✲✲✲gierig✲✲✲,adjective,negative,blue,0.4933,nonmatch,0.8863,0,0.7954,0.9311,111.36096408134712
190,1216,40,29,10,part_of_speech_classification,color_matching,matching,match_right,schleim,noun,negative,blue,✲entführung✲,noun,negative,brown,0.4932,nonmatch,0.907,0,0.7952,0.9309,111.32431132375689
190,1217,41,29,10,part_of_speech_classification,color_matching,matching,match_right,schlecht,adjective,negative,brown,✲✲✲✲gift✲✲✲✲,noun,negative,blue,0.4932,nonmatch,0.8542,0,0.7949,0.9306,111.28716971153052
190,1218,42,29,10,part_of_speech_classification,color_matching,matching,match_right,gift,noun,negative,blue,✲✲✲glück✲✲✲✲,noun,positive,blue,0.4937,match,0.7434,0,0.7946,0.9304,111.24949081165238
190,1219,43,29,10,part_of_speech_classification,color_matching,matching,match_right,spaß,noun,positive,blue,✲✲einfall✲✲✲,noun,positive,blue,0.4932,match,0.8261,0,0.7944,0.9301,111.21122505537078
190,1220,44,29,10,part_of_speech_classification,color_matching,matching,match_right,schön,adjective,positive,blue,✲✲✲liebe✲✲✲✲,noun,positive,brown,0.4932,nonmatch,0.8184,0,0.7941,0.9298,111.17232162155582
190,1221,45,29,10,part_of_speech_classification,color_matching,matching,match_right,einfall,noun,positive,brown,✲✲✲eitel✲✲✲✲,adjective,negative,brown,0.4932,match,0.8624,0,0.7938,0.9295,111.13272831651332
190,1222,46,29,10,part_of_speech_classification,color_matching,matching,match_right,gift,noun,negative,brown,✲✲✲leiche✲✲✲,noun,negative,blue,0.4932,nonmatch,0.8151,0,0.7935,0.9292,111.09239144986189
190,1223,47,29,10,part_of_speech_classification,color_matching,matching,match_right,ehrlich,adjective,positive,blue,✲✲✲✲spaß✲✲✲✲,noun,positive,blue,0.4932,match,0.7333,0,0.7932,0.9289,111.05143002785651
190,1224,48,29,10,part_of_speech_classification,color_matching,matching,match_right,lustig,adjective,positive,blue,✲✲✲eitel✲✲✲✲,adjective,negative,brown,0.4932,nonmatch,0.9202,0,0.793,0.9287,111.01816564841309
190,1225,49,29,10,part_of_speech_classification,color_matching,matching,match_right,gierig,adjective,negative,blue,✲✲✲lustig✲✲✲,adjective,positive,blue,0.4932,match,0.7644,0,0.7928,0.9285,110.98540294076821
190,1226,50,29,10,part_of_speech_classification,color_matching,matching,match_right,entführung,noun,negative,blue,✲✲✲liebe✲✲✲✲,noun,positive,brown,0.4932,nonmatch,0.9115,0,0.7925,0.9282,110.9531004094913
190,1227,51,29,10,part_of_speech_classification,color_matching,matching,match_right,launisch,adjective,negative,blue,✲✲✲✲spaß✲✲✲✲,noun,positive,brown,0.4932,match,0.7905,1,0.7923,0.928,110.92121770564898
190,1228,52,29,10,part_of_speech_classification,color_matching,matching,match_right,spaß,noun,positive,blue,✲✲launisch✲✲,adjective,negative,blue,0.4932,nonmatch,1.0406,1,0.793,0.9287,111.01575814466938
190,1229,53,29,10,part_of_speech_classification,color_matching,matching,match_right,schön,adjective,positive,brown,✲✲✲gütig✲✲✲✲,adjective,positive,blue,0.4932,nonmatch,0.891,0,0.7938,0.9295,111.1255510490658
190,1230,54,29,10,part_of_speech_classification,color_matching,matching,match_right,spaß,noun,positive,blue,✲✲✲✲gift✲✲✲✲,noun,negative,brown,0.4936,nonmatch,0.9223,0,0.7935,0.9292,111.08552882291701
190,1231,55,29,10,part_of_speech_classification,color_matching,matching,match_right,entführung,noun,negative,brown,✲✲✲gütig✲✲✲✲,adjective,positive,blue,0.4932,nonmatch,0.8549,0,0.7932,0.9289,111.04616765112257
190,1232,56,29,10,part_of_speech_classification,color_matching,matching,match_right,schlecht,adjective,negative,blue,✲✲ehrlich✲✲✲,adjective,positive,brown,0.4932,nonmatch,0.7392,0,0.793,0.9287,111.0133781770754
190,1233,57,29,10,part_of_speech_classification,color_matching,matching,match_right,einfall,noun,positive,brown,✲✲✲gütig✲✲✲✲,adjective,positive,blue,0.4932,nonmatch,0.8989,0,0.7927,0.9284,110.98107854894286
190,1234,58,29,10,part_of_speech_classification,color_matching,matching,match_right,glück,noun,positive,blue,✲✲✲leiche✲✲✲,noun,negative,blue,0.4932,match,0.8153,0,0.7925,0.9282,110.94922838789948
190,1235,59,29,10,part_of_speech_classification,color_matching,matching,match_right,eitel,adjective,negative,brown,✲✲✲glück✲✲✲✲,noun,positive,brown,0.4962,match,0.9629,0,0.7923,0.928,110.91778841933895
190,1236,60,29,10,part_of_speech_classification,color_matching,matching,match_right,lustig,adjective,positive,brown,✲✲einfall✲✲✲,noun,positive,brown,0.4932,match,0.8593,0,0.792,0.9278,110.88672037645482
190,1237,61,29,10,part_of_speech_classification,color_matching,matching,match_right,eitel,adjective,negative,brown,✲✲✲gütig✲✲✲✲,adjective,positive,brown,0.4932,match,1.0827,0,0.7918,0.9275,110.85598690780861
190,1238,62,29,10,part_of_speech_classification,color_matching,matching,match_right,lustig,adjective,positive,blue,✲✲ehrlich✲✲✲,adjective,positive,blue,0.4932,nonmatch,0.8757,1,0.7916,0.9273,110.82555148852659
190,1239,63,29,10,part_of_speech_classification,color_matching,matching,match_right,schön,adjective,positive,blue,✲entführung✲,noun,negative,blue,0.4932,match,0.8423,0,0.7923,0.928,110.91610129274052
190,1240,64,29,10,part_of_speech_classification,color_matching,matching,match_right,gierig,adjective,negative,blue,✲✲launisch✲✲,adjective,negative,blue,0.4932,match,0.9009,0,0.792,0.9278,110.88524613468024
190,1241,1,30,11,part_of_speech_classification,color_matching,matching,match_right,gift,noun,negative,blue,✲✲launisch✲✲,adjective,negative,blue,0.5122,match,0.8292,0,0.7918,0.9275,110.85472185163037
190,1242,2,30,11,part_of_speech_classification,color_matching,matching,match_right,einfall,noun,positive,brown,✲✲launisch✲✲,adjective,negative,brown,0.4932,nonmatch,0.7622,1,0.7916,0.9273,110.82449239017052
190,1243,3,30,11,part_of_speech_classification,color_matching,matching,match_right,ehrlich,adjective,positive,blue,✲✲schlecht✲✲,adjective,negative,brown,0.4932,nonmatch,0.7828,0,0.7922,0.928,110.91443209552598
190,1244,4,30,11,part_of_speech_classification,color_matching,matching,match_right,ehrlich,adjective,positive,blue,✲✲✲gütig✲✲✲✲,adjective,positive,brown,0.4932,nonmatch,0.8757,0,0.792,0.9277,110.88378710450554
190,1245,5,30,11,part_of_speech_classification,color_matching,matching,match_right,leiche,noun,negative,brown,✲✲schleim✲✲✲,noun,negative,brown,0.4936,nonmatch,0.8983,1,0.7918,0.9275,110.85346935340488
190,1246,6,30,11,part_of_speech_classification,color_matching,matching,match_right,gift,noun,negative,brown,✲✲✲glück✲✲✲✲,noun,positive,blue,0.4932,nonmatch,0.8362,0,0.7925,0.9282,110.94357760364461
190,1247,7,30,11,part_of_speech_classification,color_matching,matching,match_right,liebe,noun,positive,blue,✲entführung✲,noun,negative,blue,0.4932,match,0.7338,0,0.7922,0.9279,110.912780525431
190,1248,8,30,11,part_of_speech_classification,color_matching,matching,match_right,launisch,adjective,negative,brown,✲entführung✲,noun,negative,brown,0.4935,nonmatch,0.8693,1,0.792,0.9277,110.88234303533945
190,1249,9,30,11,part_of_speech_classification,color_matching,matching,match_right,lustig,adjective,positive,blue,✲✲✲schön✲✲✲✲,adjective,positive,blue,0.4961,match,0.7679,0,0.7927,0.9284,110.97271466461717
190,1250,10,30,11,part_of_speech_classification,color_matching,matching,match_right,lustig,adjective,positive,blue,✲✲✲glück✲✲✲✲,noun,positive,brown,0.4934,nonmatch,1.0289,0,0.7924,0.9282,110.94173451011342
190,1251,11,30,11,part_of_speech_classification,color_matching,matching,match_right,schön,adjective,positive,blue,✲✲einfall✲✲✲,noun,positive,blue,0.4932,match,0.8913,0,0.7922,0.9279,110.9111462871218
190,1252,12,30,11,part_of_speech_classification,color_matching,matching,match_right,gierig,adjective,negative,blue,✲✲✲liebe✲✲✲✲,noun,positive,blue,0.4932,match,0.9587,0,0.792,0.9277,110.88091368222256
190,1253,13,30,11,part_of_speech_classification,color_matching,matching,match_right,entführung,noun,negative,brown,✲✲✲gierig✲✲✲,adjective,negative,blue,0.4932,nonmatch,0.8776,0,0.7918,0.9275,110.85100123349793
190,1254,14,30,11,part_of_speech_classification,color_matching,matching,match_right,glück,noun,positive,blue,✲✲schleim✲✲✲,noun,negative,brown,0.4932,nonmatch,0.9859,0,0.7916,0.9273,110.82137424848881
190,1255,15,30,11,part_of_speech_classification,color_matching,matching,match_right,lustig,adjective,positive,blue,✲✲✲gierig✲✲✲,adjective,negative,blue,0.4932,nonmatch,0.8435,1,0.7914,0.9271,110.791998725133
190,1256,16,30,11,part_of_speech_classification,color_matching,matching,match_right,leiche,noun,negative,blue,✲✲✲gütig✲✲✲✲,adjective,positive,brown,0.4932,nonmatch,0.8583,0,0.792,0.9277,110.87949880566902
190,1257,17,30,11,part_of_speech_classification,color_matching,matching,match_right,schleim,noun,negative,brown,✲✲ehrlich✲✲✲,adjective,positive,brown,0.4932,nonmatch,0.9675,1,0.7918,0.9275,110.84978522398494
190,1258,18,30,11,part_of_speech_classification,color_matching,matching,match_right,liebe,noun,positive,blue,✲✲✲gierig✲✲✲,adjective,negative,brown,0.4932,nonmatch,0.84,0,0.7924,0.9281,110.93810702629358
190,1259,19,30,11,part_of_speech_classification,color_matching,matching,match_right,spaß,noun,positive,brown,✲✲ehrlich✲✲✲,adjective,positive,blue,0.4932,nonmatch,0.8076,0,0.7922,0.9279,110.90792865798653
190,1260,20,30,11,part_of_speech_classification,color_matching,matching,match_right,leiche,noun,negative,brown,✲✲✲liebe✲✲✲✲,noun,positive,brown,0.4932,nonmatch,0.8199,1,0.792,0.9277,110.87809817151138
190,1261,21,30,11,part_of_speech_classification,color_matching,matching,match_right,gierig,adjective,negative,blue,✲✲✲✲gift✲✲✲✲,noun,negative,brown,0.4932,nonmatch,0.8922,0,0.7926,0.9283,110.96667830859445
190,1262,22,30,11,part_of_speech_classification,color_matching,matching,match_right,schleim,noun,negative,brown,✲entführung✲,noun,negative,blue,0.4932,nonmatch,0.8864,0,0.7924,0.9281,110.9363219804685
190,1263,23,30,11,part_of_speech_classification,color_matching,matching,match_right,gütig,adjective,positive,brown,✲✲launisch✲✲,adjective,negative,blue,0.4932,nonmatch,0.8114,0,0.7922,0.9279,110.90634470938119
190,1264,24,30,11,part_of_speech_classification,color_matching,matching,match_right,schleim,noun,negative,blue,✲✲einfall✲✲✲,noun,positive,brown,0.4932,nonmatch,0.8184,0,0.792,0.9277,110.87671155075213
190,1265,25,30,11,part_of_speech_classification,color_matching,matching,match_right,glück,noun,positive,brown,✲✲einfall✲✲✲,noun,positive,blue,0.4932,nonmatch,0.8234,0,0.7918,0.9275,110.84738836749885
190,1266,26,30,11,part_of_speech_classification,color_matching,matching,match_right,glück,noun,positive,blue,✲✲✲lustig✲✲✲,adjective,positive,blue,0.4932,match,0.8543,0,0.7916,0.9273,110.81834175262381
190,1267,27,30,11,part_of_speech_classification,color_matching,matching,match_right,entführung,noun,negative,brown,✲✲✲schön✲✲✲✲,adjective,positive,blue,0.4932,nonmatch,0.8257,0,0.7914,0.9271,110.78953895457249
190,1268,28,30,11,part_of_speech_classification,color_matching,matching,match_right,gütig,adjective,positive,brown,✲✲✲lustig✲✲✲,adjective,positive,brown,0.4932,match,0.89,0,0.7911,0.9269,110.76094780509813
190,1269,29,30,11,part_of_speech_classification,color_matching,matching,match_right,eitel,adjective,negative,brown,✲✲✲✲spaß✲✲✲✲,noun,positive,blue,0.4932,nonmatch,0.8471,0,0.7909,0.9267,110.73253664937964
190,1270,30,30,11,part_of_speech_classification,color_matching,matching,match_right,launisch,adjective,negative,blue,✲✲ehrlich✲✲✲,adjective,positive,brown,0.4932,nonmatch,0.9186,0,0.7907,0.9265,110.70427427814981
190,1271,31,30,11,part_of_speech_classification,color_matching,matching,match_right,gütig,adjective,positive,brown,✲✲✲liebe✲✲✲✲,noun,positive,blue,0.4932,nonmatch,0.8155,0,0.7905,0.9263,110.67612986160688
190,1272,32,30,11,part_of_speech_classification,color_matching,matching,match_right,schlecht,adjective,negative,brown,✲✲✲glück✲✲✲✲,noun,positive,brown,0.4932,nonmatch,0.777,1,0.7903,0.9261,110.6480728848864
190,1273,33,30,11,part_of_speech_classification,color_matching,matching,match_right,spaß,noun,positive,brown,✲✲✲leiche✲✲✲,noun,negative,brown,0.4932,match,0.808,0,0.7909,0.9267,110.73209721418813
190,1274,34,30,11,part_of_speech_classification,color_matching,matching,match_right,schlecht,adjective,negative,blue,✲✲✲schön✲✲✲✲,adjective,positive,blue,0.4932,nonmatch,0.8291,1,0.7907,0.9265,110.70401604966166
190,1275,35,30,11,part_of_speech_classification,color_matching,matching,match_right,spaß,noun,positive,brown,✲✲✲eitel✲✲✲✲,adjective,negative,blue,0.4932,match,0.842,1,0.7913,0.9271,110.78793333629537
190,1276,36,30,11,part_of_speech_classification,color_matching,matching,match_right,einfall,noun,positive,blue,✲✲✲glück✲✲✲✲,noun,positive,blue,0.4932,match,0.8688,0,0.7919,0.9277,110.87263355345111
190,1277,37,30,11,part_of_speech_classification,color_matching,matching,match_right,gift,noun,negative,blue,✲✲✲lustig✲✲✲,adjective,positive,blue,0.4932,match,0.864,0,0.7917,0.9275,110.84387829301835
190,1278,38,30,11,part_of_speech_classification,color_matching,matching,match_right,schön,adjective,positive,brown,✲✲ehrlich✲✲✲,adjective,positive,blue,0.4932,nonmatch,0.7607,0,0.7915,0.9273,110.81539113750698
190,1279,39,30,11,part_of_speech_classification,color_matching,matching,match_right,liebe,noun,positive,brown,✲✲✲schön✲✲✲✲,adjective,positive,brown,0.4932,nonmatch,0.9749,1,0.7913,0.9271,110.78714051819263
190,1280,40,30,11,part_of_speech_classification,color_matching,matching,match_right,schlecht,adjective,negative,brown,✲✲launisch✲✲,adjective,negative,brown,0.4932,match,0.9012,0,0.7919,0.9277,110.87130079477318
190,1281,41,30,11,part_of_speech_classification,color_matching,matching,match_right,eitel,adjective,negative,brown,✲✲✲leiche✲✲✲,noun,negative,blue,0.4932,nonmatch,0.8331,0,0.7917,0.9274,110.84273029838133
190,1282,42,30,11,part_of_speech_classification,color_matching,matching,match_right,eitel,adjective,negative,brown,✲✲✲lustig✲✲✲,adjective,positive,blue,0.4932,nonmatch,0.8614,0,0.7915,0.9272,110.81442517680205
190,1283,43,30,11,part_of_speech_classification,color_matching,matching,match_right,launisch,adjective,negative,blue,✲✲✲eitel✲✲✲✲,adjective,negative,blue,0.4932,match,0.8145,0,0.7913,0.927,110.78635424138734
190,1284,44,30,11,part_of_speech_classification,color_matching,matching,match_right,lustig,adjective,positive,blue,✲entführung✲,noun,negative,blue,0.4932,match,0.8328,0,0.7911,0.9268,110.75848684899941
190,1285,45,30,11,part_of_speech_classification,color_matching,matching,match_right,spaß,noun,positive,blue,✲✲✲liebe✲✲✲✲,noun,positive,brown,0.4932,nonmatch,0.8756,0,0.7909,0.9266,110.7307928371008
190,1286,46,30,11,part_of_speech_classification,color_matching,matching,match_right,ehrlich,adjective,positive,blue,✲✲✲leiche✲✲✲,noun,negative,brown,0.4932,match,0.8286,1,0.7907,0.9265,110.70324246068085
190,1287,47,30,11,part_of_speech_classification,color_matching,matching,match_right,launisch,adjective,negative,blue,✲✲einfall✲✲✲,noun,positive,brown,0.4932,nonmatch,0.8618,0,0.7913,0.927,110.78557441838984
190,1288,48,30,11,part_of_speech_classification,color_matching,matching,match_right,einfall,noun,positive,brown,✲✲✲✲gift✲✲✲✲,noun,negative,blue,0.4932,nonmatch,0.9625,0,0.7911,0.9268,110.75788263812717
190,1289,49,30,11,part_of_speech_classification,color_matching,matching,match_right,einfall,noun,positive,blue,✲✲✲gütig✲✲✲✲,adjective,positive,brown,0.4932,nonmatch,0.7132,0,0.7909,0.9266,110.73036264626711
190,1290,50,30,11,part_of_speech_classification,color_matching,matching,match_right,schön,adjective,positive,brown,✲✲schleim✲✲✲,noun,negative,blue,0.4932,nonmatch,0.8868,0,0.7907,0.9264,110.70298504774382
190,1291,51,30,11,part_of_speech_classification,color_matching,matching,match_right,entführung,noun,negative,blue,✲✲✲✲gift✲✲✲✲,noun,negative,brown,0.4932,nonmatch,0.9265,0,0.7905,0.9263,110.67572079803193
190,1292,52,30,11,part_of_speech_classification,color_matching,matching,match_right,gierig,adjective,negative,brown,✲✲✲gütig✲✲✲✲,adjective,positive,brown,0.4959,nonmatch,1.0022,1,0.7903,0.9261,110.648541144186
190,1293,53,30,11,part_of_speech_classification,color_matching,matching,match_right,glück,noun,positive,blue,✲✲schlecht✲✲,adjective,negative,blue,0.4964,nonmatch,0.8686,1,0.7909,0.9266,110.72993473512503
190,1294,54,30,11,part_of_speech_classification,color_matching,matching,match_right,schlecht,adjective,negative,blue,✲✲schleim✲✲✲,noun,negative,blue,0.4932,match,0.7759,0,0.7915,0.9272,110.8115782652241
190,1295,55,30,11,part_of_speech_classification,color_matching,matching,match_right,liebe,noun,positive,brown,✲✲✲✲spaß✲✲✲✲,noun,positive,brown,0.4932,match,0.9259,0,0.7913,0.927,110.78403379181677
190,1296,56,30,11,part_of_speech_classification,color_matching,matching,match_right,gierig,adjective,negative,blue,✲✲schlecht✲✲,adjective,negative,brown,0.4932,nonmatch,0.8488,0,0.7911,0.9268,110.75668710419092
190,1297,57,30,11,part_of_speech_classification,color_matching,matching,match_right,ehrlich,adjective,positive,brown,✲✲✲✲spaß✲✲✲✲,noun,positive,brown,0.4932,nonmatch,0.8153,1,0.7909,0.9266,110.72950909080923
190,1298,58,30,11,part_of_speech_classification,color_matching,matching,match_right,leiche,noun,negative,blue,✲✲✲eitel✲✲✲✲,adjective,negative,brown,0.4932,nonmatch,0.7368,0,0.7915,0.9272,110.81064588175026
190,1299,59,30,11,part_of_speech_classification,color_matching,matching,match_right,entführung,noun,negative,blue,✲✲✲✲spaß✲✲✲✲,noun,positive,blue,0.4932,nonmatch,0.8561,1,0.7913,0.927,110.7832728211113
190,1300,60,30,11,part_of_speech_classification,color_matching,matching,match_right,schön,adjective,positive,brown,✲✲✲eitel✲✲✲✲,adjective,negative,brown,0.4932,nonmatch,0.7901,1,0.7919,0.9276,110.86482716414845
190,1301,61,30,11,part_of_speech_classification,color_matching,matching,match_right,gift,noun,negative,blue,✲✲✲leiche✲✲✲,noun,negative,blue,0.4967,nonmatch,0.9532,1,0.7925,0.9282,110.94788814184821
190,1302,62,30,11,part_of_speech_classification,color_matching,matching,match_right,schleim,noun,negative,brown,✲✲schlecht✲✲,adjective,negative,brown,0.4932,nonmatch,0.8493,1,0.7931,0.9288,111.03322393561727
190,1303,63,30,11,part_of_speech_classification,color_matching,matching,match_right,gütig,adjective,positive,brown,✲✲✲✲gift✲✲✲✲,noun,negative,brown,0.4932,nonmatch,1.0342,1,0.7938,0.9295,111.13548015548882
190,1304,64,30,11,part_of_speech_classification,color_matching,matching,match_right,eitel,adjective,negative,brown,✲✲✲gierig✲✲✲,adjective,negative,blue,0.4976,nonmatch,0.8602,0,0.7945,0.9303,111.23611779732488
190,1305,1,31,12,part_of_speech_classification,color_matching,matching,match_right,leiche,noun,negative,brown,✲✲✲gierig✲✲✲,adjective,negative,blue,0.4932,nonmatch,0.8686,0,0.7943,0.93,111.2020630989582
190,1306,2,31,12,part_of_speech_classification,color_matching,matching,match_right,glück,noun,positive,brown,✲✲✲leiche✲✲✲,noun,negative,brown,0.4932,nonmatch,1.0172,1,0.7941,0.9298,111.1674303106176
190,1307,3,31,12,part_of_speech_classification,color_matching,matching,match_right,gütig,adjective,positive,blue,✲✲✲lustig✲✲✲,adjective,positive,brown,0.4933,nonmatch,0.8192,0,0.7948,0.9305,111.2658962903554
190,1308,4,31,12,part_of_speech_classification,color_matching,matching,match_right,ehrlich,adjective,positive,blue,✲✲einfall✲✲✲,noun,positive,blue,0.4932,nonmatch,0.9042,1,0.7945,0.9302,111.23249619631854
190,1309,5,31,12,part_of_speech_classification,color_matching,matching,match_right,gift,noun,negative,blue,✲✲launisch✲✲,adjective,negative,brown,0.4932,nonmatch,0.8542,0,0.7952,0.9309,111.32729120927215
190,1310,6,31,12,part_of_speech_classification,color_matching,matching,match_right,schön,adjective,positive,blue,✲✲schlecht✲✲,adjective,negative,brown,0.496,nonmatch,0.7868,0,0.795,0.9307,111.2949714165529
190,1311,7,31,12,part_of_speech_classification,color_matching,matching,match_right,spaß,noun,positive,blue,✲✲✲gierig✲✲✲,adjective,negative,brown,0.4932,nonmatch,0.8222,0,0.7947,0.9304,111.26218818119673
190,1312,8,31,12,part_of_speech_classification,color_matching,matching,match_right,leiche,noun,negative,blue,✲✲✲liebe✲✲✲✲,noun,positive,blue,0.4932,nonmatch,0.8843,1,0.7945,0.9302,111.22890338402331
190,1313,9,31,12,part_of_speech_classification,color_matching,matching,match_right,schön,adjective,positive,brown,✲✲✲✲gift✲✲✲✲,noun,negative,brown,0.4932,match,2.795,0,0.7952,0.9309,111.32338058444022
190,1314,10,31,12,part_of_speech_classification,color_matching,matching,match_right,leiche,noun,negative,brown,✲✲✲✲gift✲✲✲✲,noun,negative,brown,0.4932,match,0.8648,0,0.7949,0.9307,111.2911781391011
190,1315,11,31,12,part_of_speech_classification,color_matching,matching,match_right,glück,noun,positive,brown,✲✲✲gütig✲✲✲✲,adjective,positive,blue,0.4932,nonmatch,0.8557,0,0.7947,0.9304,111.25851017277341
190,1316,12,31,12,part_of_speech_classification,color_matching,matching,match_right,schleim,noun,negative,blue,✲✲einfall✲✲✲,noun,positive,brown,0.4932,nonmatch,0.8547,0,0.7945,0.9302,111.22533883637057
190,1317,13,31,12,part_of_speech_classification,color_matching,matching,match_right,gierig,adjective,negative,blue,✲✲✲lustig✲✲✲,adjective,positive,brown,0.4933,nonmatch,0.9005,0,0.7942,0.9299,111.1916253332207
190,1318,14,31,12,part_of_speech_classification,color_matching,matching,match_right,schleim,noun,negative,blue,✲✲schlecht✲✲,adjective,negative,blue,0.4932,nonmatch,0.7617,1,0.794,0.9297,111.15732983885405
190,1319,15,31,12,part_of_speech_classification,color_matching,matching,match_right,spaß,noun,positive,brown,✲✲✲glück✲✲✲✲,noun,positive,blue,0.4932,nonmatch,0.8972,0,0.7947,0.9304,111.25486171849957
190,1320,16,31,12,part_of_speech_classification,color_matching,matching,match_right,entführung,noun,negative,brown,✲✲✲eitel✲✲✲✲,adjective,negative,brown,0.4932,match,0.8209,0,0.7944,0.9302,111.22180204102467
190,1321,17,31,12,part_of_speech_classification,color_matching,matching,match_right,spaß,noun,positive,brown,✲entführung✲,noun,negative,blue,0.4932,nonmatch,0.7249,0,0.7942,0.9299,111.18819869621437
190,1322,18,31,12,part_of_speech_classification,color_matching,matching,match_right,schlecht,adjective,negative,blue,✲✲✲leiche✲✲✲,noun,negative,blue,0.5134,match,0.9152,0,0.794,0.9297,111.15401212622037
190,1323,19,31,12,part_of_speech_classification,color_matching,matching,match_right,einfall,noun,positive,brown,✲✲ehrlich✲✲✲,adjective,positive,brown,0.4932,nonmatch,0.8758,1,0.7937,0.9294,111.11920166464924
190,1324,20,31,12,part_of_speech_classification,color_matching,matching,match_right,schleim,noun,negative,brown,✲✲ehrlich✲✲✲,adjective,positive,blue,0.4932,nonmatch,0.8919,0,0.7944,0.9301,111.21829249705243
190,1325,21,31,12,part_of_speech_classification,color_matching,matching,match_right,lustig,adjective,positive,brown,✲✲schleim✲✲✲,noun,negative,blue,0.4932,nonmatch,0.8122,0,0.7942,0.9299,111.18479757838531
190,1326,22,31,12,part_of_speech_classification,color_matching,matching,match_right,schlecht,adjective,negative,blue,✲✲✲gierig✲✲✲,adjective,negative,brown,0.4932,nonmatch,0.8643,0,0.7939,0.9296,111.15071823211314
190,1327,23,31,12,part_of_speech_classification,color_matching,matching,match_right,gierig,adjective,negative,blue,✲✲✲liebe✲✲✲✲,noun,positive,brown,0.4932,nonmatch,0.9332,0,0.7937,0.9294,111.11601405590022
190,1328,24,31,12,part_of_speech_classification,color_matching,matching,match_right,ehrlich,adjective,positive,blue,✲✲✲leiche✲✲✲,noun,negative,brown,0.4932,nonmatch,0.7678,0,0.7934,0.9291,111.08064345710591
190,1329,25,31,12,part_of_speech_classification,color_matching,matching,match_right,schön,adjective,positive,brown,✲✲✲✲spaß✲✲✲✲,noun,positive,brown,0.4933,match,0.8721,0,0.7932,0.9289,111.04612703442666
190,1330,26,31,12,part_of_speech_classification,color_matching,matching,match_right,gütig,adjective,positive,blue,✲entführung✲,noun,negative,blue,0.4933,nonmatch,0.8759,1,0.793,0.9287,111.01751840943655
190,1331,27,31,12,part_of_speech_classification,color_matching,matching,match_right,gift,noun,negative,blue,✲✲✲schön✲✲✲✲,adjective,positive,brown,0.4932,nonmatch,0.8428,0,0.7937,0.9294,111.11284819379566
190,1332,28,31,12,part_of_speech_classification,color_matching,matching,match_right,lustig,adjective,positive,blue,✲✲✲liebe✲✲✲✲,noun,positive,brown,0.4932,nonmatch,0.7171,0,0.7934,0.9291,111.07758158653407
190,1333,29,31,12,part_of_speech_classification,color_matching,matching,match_right,eitel,adjective,negative,brown,✲✲einfall✲✲✲,noun,positive,brown,0.4932,match,0.9894,0,0.7932,0.9289,111.04379410744708
190,1334,30,31,12,part_of_speech_classification,color_matching,matching,match_right,gierig,adjective,negative,brown,✲✲schlecht✲✲,adjective,negative,brown,0.4932,match,0.7251,0,0.793,0.9287,111.01536499861396
190,1335,31,31,12,part_of_speech_classification,color_matching,matching,match_right,schön,adjective,positive,brown,✲✲ehrlich✲✲✲,adjective,positive,brown,0.4932,match,0.9139,0,0.7928,0.9285,110.98736523607874
190,1336,32,31,12,part_of_speech_classification,color_matching,matching,match_right,lustig,adjective,positive,blue,✲✲✲gierig✲✲✲,adjective,negative,blue,0.4932,match,0.9388,0,0.7926,0.9283,110.95976404248312
190,1337,33,31,12,part_of_speech_classification,color_matching,matching,match_right,entführung,noun,negative,brown,✲✲✲glück✲✲✲✲,noun,positive,brown,0.4932,match,0.8656,0,0.7924,0.9281,110.9325314710464
190,1338,34,31,12,part_of_speech_classification,color_matching,matching,match_right,schlecht,adjective,negative,blue,✲✲ehrlich✲✲✲,adjective,positive,blue,0.4963,nonmatch,0.842,1,0.7922,0.9279,110.9056383416285
190,1339,35,31,12,part_of_speech_classification,color_matching,matching,match_right,einfall,noun,positive,blue,✲✲✲✲spaß✲✲✲✲,noun,positive,blue,0.4932,match,0.8991,0,0.7928,0.9285,110.98540636213988
190,1340,36,31,12,part_of_speech_classification,color_matching,matching,match_right,entführung,noun,negative,brown,✲✲✲lustig✲✲✲,adjective,positive,brown,0.4932,nonmatch,0.8003,1,0.7926,0.9283,110.95797416082566
190,1341,37,31,12,part_of_speech_classification,color_matching,matching,match_right,liebe,noun,positive,blue,✲✲✲✲gift✲✲✲✲,noun,negative,blue,0.4934,match,0.8266,0,0.7931,0.9289,111.03919861154277
190,1342,38,31,12,part_of_speech_classification,color_matching,matching,match_right,spaß,noun,positive,blue,✲✲✲lustig✲✲✲,adjective,positive,brown,0.4932,nonmatch,0.9634,0,0.7929,0.9287,111.01112234348503
190,1343,39,31,12,part_of_speech_classification,color_matching,matching,match_right,glück,noun,positive,brown,✲✲✲eitel✲✲✲✲,adjective,negative,blue,0.4932,nonmatch,0.8471,0,0.7927,0.9285,110.9834666838184
190,1344,40,31,12,part_of_speech_classification,color_matching,matching,match_right,entführung,noun,negative,blue,✲✲schleim✲✲✲,noun,negative,blue,0.4932,match,0.7613,0,0.7925,0.9283,110.95620156790375
190,1345,41,31,12,part_of_speech_classification,color_matching,matching,match_right,einfall,noun,positive,blue,✲✲schleim✲✲✲,noun,negative,brown,0.4932,nonmatch,0.8762,0,0.7924,0.9281,110.92929773530463
190,1346,42,31,12,part_of_speech_classification,color_matching,matching,match_right,gift,noun,negative,blue,✲entführung✲,noun,negative,brown,0.4932,nonmatch,0.8686,0,0.7922,0.9279,110.90272666807483
190,1347,43,31,12,part_of_speech_classification,color_matching,matching,match_right,liebe,noun,positive,blue,✲✲einfall✲✲✲,noun,positive,brown,0.4932,match,0.8115,1,0.792,0.9277,110.876460531504
190,1348,44,31,12,part_of_speech_classification,color_matching,matching,match_right,schleim,noun,negative,brown,✲✲✲leiche✲✲✲,noun,negative,blue,0.4932,nonmatch,0.8542,0,0.7925,0.9282,110.95444600184311
190,1349,45,31,12,part_of_speech_classification,color_matching,matching,match_right,lustig,adjective,positive,brown,✲✲✲gütig✲✲✲✲,adjective,positive,blue,0.4932,nonmatch,0.7972,0,0.7923,0.9281,110.92770379547731
190,1350,46,31,12,part_of_speech_classification,color_matching,matching,match_right,launisch,adjective,negative,brown,✲✲✲gütig✲✲✲✲,adjective,positive,brown,0.4932,nonmatch,0.7437,1,0.7922,0.9279,110.90129109286693
190,1351,47,31,12,part_of_speech_classification,color_matching,matching,match_right,liebe,noun,positive,brown,✲✲schlecht✲✲,adjective,negative,brown,0.4932,match,0.8773,0,0.7927,0.9284,110.9796437444777
190,1352,48,31,12,part_of_speech_classification,color_matching,matching,match_right,ehrlich,adjective,positive,brown,✲✲launisch✲✲,adjective,negative,blue,0.4932,nonmatch,0.797,0,0.7925,0.9282,110.95270720613789
190,1353,49,31,12,part_of_speech_classification,color_matching,matching,match_right,launisch,adjective,negative,blue,✲✲✲eitel✲✲✲✲,adjective,negative,blue,0.4932,match,0.8048,0,0.7923,0.928,110.92612483763948
190,1354,50,31,12,part_of_speech_classification,color_matching,matching,match_right,eitel,adjective,negative,brown,✲✲✲schön✲✲✲✲,adjective,positive,blue,0.4932,nonmatch,0.8328,0,0.7921,0.9279,110.8998687610142
190,1355,51,31,12,part_of_speech_classification,color_matching,matching,match_right,gierig,adjective,negative,blue,✲✲schleim✲✲✲,noun,negative,brown,0.4932,nonmatch,0.8567,0,0.792,0.9277,110.87391176041291
190,1356,52,31,12,part_of_speech_classification,color_matching,matching,match_right,gift,noun,negative,brown,✲✲✲✲spaß✲✲✲✲,noun,positive,blue,0.4932,nonmatch,0.7678,0,0.7918,0.9275,110.84822722703514
190,1357,53,31,12,part_of_speech_classification,color_matching,matching,match_right,gütig,adjective,positive,brown,✲✲✲eitel✲✲✲✲,adjective,negative,brown,0.4932,match,0.9438,0,0.7916,0.9273,110.8227891060441
190,1358,54,31,12,part_of_speech_classification,color_matching,matching,match_right,launisch,adjective,negative,brown,✲✲✲✲spaß✲✲✲✲,noun,positive,blue,0.4932,nonmatch,0.7231,0,0.7914,0.9271,110.79757184529964
190,1359,55,31,12,part_of_speech_classification,color_matching,matching,match_right,leiche,noun,negative,blue,✲✲✲gütig✲✲✲✲,adjective,positive,blue,0.4932,match,0.8686,0,0.7912,0.9269,110.77255034574763
190,1360,56,31,12,part_of_speech_classification,color_matching,matching,match_right,gütig,adjective,positive,brown,✲✲✲glück✲✲✲✲,noun,positive,blue,0.4932,nonmatch,0.827,0,0.7911,0.9268,110.74769991331193
190,1361,57,31,12,part_of_speech_classification,color_matching,matching,match_right,glück,noun,positive,brown,✲✲✲liebe✲✲✲✲,noun,positive,brown,0.4932,match,0.8971,0,0.7909,0.9266,110.72299621214411
190,1362,58,31,12,part_of_speech_classification,color_matching,matching,match_right,eitel,adjective,negative,brown,✲✲✲✲gift✲✲✲✲,noun,negative,brown,0.4932,match,1.0017,0,0.7907,0.9264,110.69841521908964
190,1363,59,31,12,part_of_speech_classification,color_matching,matching,match_right,schlecht,adjective,negative,blue,✲✲✲glück✲✲✲✲,noun,positive,blue,0.4932,nonmatch,0.8638,1,0.7905,0.9262,110.6739331792369
190,1364,60,31,12,part_of_speech_classification,color_matching,matching,match_right,launisch,adjective,negative,brown,✲entführung✲,noun,negative,blue,0.4932,nonmatch,0.8471,0,0.7911,0.9268,110.7471699947879
190,1365,61,31,12,part_of_speech_classification,color_matching,matching,match_right,liebe,noun,positive,blue,✲✲✲schön✲✲✲✲,adjective,positive,blue,0.4932,match,0.8979,0,0.7909,0.9266,110.72260705525031
190,1366,62,31,12,part_of_speech_classification,color_matching,matching,match_right,eitel,adjective,negative,brown,✲✲launisch✲✲,adjective,negative,blue,0.4932,nonmatch,0.8685,0,0.7907,0.9264,110.69816586144621
190,1367,63,31,12,part_of_speech_classification,color_matching,matching,match_right,ehrlich,adjective,positive,blue,✲✲✲schön✲✲✲✲,adjective,positive,blue,0.4932,nonmatch,0.8629,1,0.7905,0.9262,110.67382290879097
190,1368,64,31,12,part_of_speech_classification,color_matching,matching,match_right,einfall,noun,positive,blue,✲✲launisch✲✲,adjective,negative,blue,0.4932,match,0.8792,0,0.791,0.9268,110.7466435783603
