sid,tid,tix,bid,bix,study_task,current_task,study_phase,key_assignment,prime_identity,prime_part_of_speech,prime_valence,prime_color,target_identity,target_part_of_speech,target_valence,target_color,target_onset,response,response_time,error,response_window_start,response_window_end,n_target
24,1,1,1,1,valence_classification,valence_classification,acquisition,negative_left,XVVX,,,black,gütig,adjective,positive,black,0.9069,positive,1.9468,0,0.41,0.54,41
24,2,2,1,1,valence_classification,valence_classification,acquisition,negative_left,ZYYZ,,,black,entführung,noun,negative,black,0.8804,negative,0.7194,0,0.41,0.54,41
24,3,3,1,1,valence_classification,valence_classification,acquisition,negative_left,ZYYZ,,,black,gift,noun,negative,black,0.8807,negative,0.6728,0,0.41,0.54,41
24,4,4,1,1,valence_classification,valence_classification,acquisition,negative_left,WJJW,,,black,glück,noun,positive,black,0.8804,positive,0.5735,0,0.41,0.54,41
24,5,5,1,1,valence_classification,valence_classification,acquisition,negative_left,XVVX,,,black,schön,adjective,positive,black,0.8805,positive,0.5747,0,0.41,0.54,41
24,6,6,1,1,valence_classification,valence_classification,acquisition,negative_left,WJJW,,,black,einfall,noun,positive,black,0.8805,positive,1.3443,0,0.41,0.54,41
24,7,7,1,1,valence_classification,valence_classification,acquisition,negative_left,WJJW,,,black,spaß,noun,positive,black,0.8805,positive,0.5196,0,0.41,0.54,41
24,8,8,1,1,valence_classification,valence_classification,acquisition,negative_left,MQQM,,,black,gierig,adjective,negative,black,0.8804,negative,0.5509,0,0.41,0.54,41
24,9,9,1,1,valence_classification,valence_classification,acquisition,negative_left,MQQM,,,black,eitel,adjective,negative,black,0.8805,negative,0.5692,0,0.41,0.54,41
24,10,10,1,1,valence_classification,valence_classification,acquisition,negative_left,ZYYZ,,,black,schleim,noun,negative,black,0.8804,negative,0.6075,0,0.41,0.54,41
24,11,11,1,1,valence_classification,valence_classification,acquisition,negative_left,XVVX,,,black,lustig,adjective,positive,black,0.8808,positive,0.5052,0,0.41,0.54,41
24,12,12,1,1,valence_classification,valence_classification,acquisition,negative_left,ZYYZ,,,black,leiche,noun,negative,black,0.8804,negative,0.6168,0,0.41,0.54,41
24,13,13,1,1,valence_classification,valence_classification,acquisition,negative_left,XVVX,,,black,ehrlich,adjective,positive,black,0.8805,positive,0.5457,0,0.41,0.54,41
24,14,14,1,1,valence_classification,valence_classification,acquisition,negative_left,XVVX,,,black,gütig,adjective,positive,black,0.8804,positive,0.6738,0,0.41,0.54,41
24,15,15,1,1,valence_classification,valence_classification,acquisition,negative_left,ZYYZ,,,black,entführung,noun,negative,black,0.8804,negative,0.8018,0,0.41,0.54,41
24,16,16,1,1,valence_classification,valence_classification,acquisition,negative_left,MQQM,,,black,eitel,adjective,negative,black,0.8805,negative,0.7422,0,0.41,0.54,41
24,17,17,1,1,valence_classification,valence_classification,acquisition,negative_left,MQQM,,,black,gierig,adjective,negative,black,0.8804,positive,0.9141,1,0.41,0.54,41
24,18,18,1,1,valence_classification,valence_classification,acquisition,negative_left,WJJW,,,black,glück,noun,positive,black,0.8805,positive,0.5298,0,0.41,0.54,41
24,19,19,1,1,valence_classification,valence_classification,acquisition,negative_left,MQQM,,,black,schlecht,adjective,negative,black,0.8805,negative,0.6421,0,0.41,0.54,41
24,20,20,1,1,valence_classification,valence_classification,acquisition,negative_left,XVVX,,,black,ehrlich,adjective,positive,black,0.8804,positive,0.578,0,0.41,0.54,41
24,21,21,1,1,valence_classification,valence_classification,acquisition,negative_left,WJJW,,,black,liebe,noun,positive,black,0.8804,positive,0.5291,0,0.41,0.54,41
24,22,22,1,1,valence_classification,valence_classification,acquisition,negative_left,MQQM,,,black,launisch,adjective,negative,black,0.8804,negative,0.722,0,0.41,0.54,41
24,23,23,1,1,valence_classification,valence_classification,acquisition,negative_left,WJJW,,,black,einfall,noun,positive,black,0.8805,negative,0.4657,1,0.41,0.54,41
24,24,24,1,1,valence_classification,valence_classification,acquisition,negative_left,ZYYZ,,,black,gift,noun,negative,black,0.8804,negative,0.4816,0,0.41,0.54,41
24,25,1,2,2,valence_classification,valence_classification,acquisition,negative_left,ZYYZ,,,black,gift,noun,negative,black,0.884,negative,0.5276,0,0.41,0.54,41
24,26,2,2,2,valence_classification,valence_classification,acquisition,negative_left,MQQM,,,black,launisch,adjective,negative,black,0.8805,negative,0.6294,0,0.41,0.54,41
24,27,3,2,2,valence_classification,valence_classification,acquisition,negative_left,XVVX,,,black,lustig,adjective,positive,black,0.8804,positive,0.4852,0,0.41,0.54,41
24,28,4,2,2,valence_classification,valence_classification,acquisition,negative_left,ZYYZ,,,black,entführung,noun,negative,black,0.8804,negative,0.4937,0,0.41,0.54,41
24,29,5,2,2,valence_classification,valence_classification,acquisition,negative_left,WJJW,,,black,einfall,noun,positive,black,0.8805,negative,0.4238,1,0.41,0.54,41
24,30,6,2,2,valence_classification,valence_classification,acquisition,negative_left,WJJW,,,black,glück,noun,positive,black,0.8805,positive,0.4885,0,0.41,0.54,41
24,31,7,2,2,valence_classification,valence_classification,acquisition,negative_left,XVVX,,,black,schön,adjective,positive,black,0.8804,positive,0.433,0,0.41,0.54,41
24,32,8,2,2,valence_classification,valence_classification,acquisition,negative_left,XVVX,,,black,gütig,adjective,positive,black,0.8804,negative,0.4684,1,0.41,0.54,41
24,33,9,2,2,valence_classification,valence_classification,acquisition,negative_left,MQQM,,,black,gierig,adjective,negative,black,0.8804,positive,0.3783,1,0.41,0.54,41
24,33,9,2,2,valence_classification,valence_classification,acquisition,negative_left,MQQM,,,black,gierig,adjective,negative,black,0.8804,negative,0.501,0,0.41,0.54,41
24,34,10,2,2,valence_classification,valence_classification,acquisition,negative_left,MQQM,,,black,eitel,adjective,negative,black,0.8804,negative,0.4899,0,0.41,0.54,41
24,35,11,2,2,valence_classification,valence_classification,acquisition,negative_left,ZYYZ,,,black,gift,noun,negative,black,0.8805,negative,0.423,0,0.41,0.54,41
24,36,12,2,2,valence_classification,valence_classification,acquisition,negative_left,ZYYZ,,,black,schleim,noun,negative,black,0.8804,negative,0.4891,0,0.41,0.54,41
24,37,13,2,2,valence_classification,valence_classification,acquisition,negative_left,XVVX,,,black,gütig,adjective,positive,black,0.8805,negative,0.4129,1,0.41,0.54,41
24,38,14,2,2,valence_classification,valence_classification,acquisition,negative_left,MQQM,,,black,schlecht,adjective,negative,black,0.8805,negative,0.5242,0,0.41,0.54,41
24,39,15,2,2,valence_classification,valence_classification,acquisition,negative_left,WJJW,,,black,spaß,noun,positive,black,0.8805,positive,0.5814,0,0.41,0.54,41
24,40,16,2,2,valence_classification,valence_classification,acquisition,negative_left,WJJW,,,black,einfall,noun,positive,black,0.8804,positive,0.5514,0,0.41,0.54,41
24,41,17,2,2,valence_classification,valence_classification,acquisition,negative_left,WJJW,,,black,liebe,noun,positive,black,0.8804,positive,0.3778,0,0.41,0.54,41
24,42,18,2,2,valence_classification,valence_classification,acquisition,negative_left,ZYYZ,,,black,leiche,noun,negative,black,0.8804,negative,0.5664,0,0.41,0.54,41
24,43,19,2,2,valence_classification,valence_classification,acquisition,negative_left,XVVX,,,black,ehrlich,adjective,positive,black,0.8805,positive,0.716,0,0.41,0.54,41
24,44,20,2,2,valence_classification,valence_classification,acquisition,negative_left,MQQM,,,black,gierig,adjective,negative,black,0.8805,negative,0.4731,0,0.41,0.54,41
24,45,21,2,2,valence_classification,valence_classification,acquisition,negative_left,ZYYZ,,,black,entführung,noun,negative,black,0.8804,negative,0.4581,0,0.41,0.54,41
24,46,22,2,2,valence_classification,valence_classification,acquisition,negative_left,MQQM,,,black,eitel,adjective,negative,black,0.8804,negative,0.5086,0,0.41,0.54,41
24,47,23,2,2,valence_classification,valence_classification,acquisition,negative_left,XVVX,,,black,ehrlich,adjective,positive,black,0.8804,positive,0.4702,0,0.41,0.54,41
24,48,24,2,2,valence_classification,valence_classification,acquisition,negative_left,WJJW,,,black,glück,noun,positive,black,0.8804,positive,0.4753,0,0.41,0.54,41
24,49,1,3,3,valence_classification,valence_classification,acquisition,negative_left,XVVX,,,black,gütig,adjective,positive,black,0.8816,positive,0.5803,0,0.39,0.52,39
24,50,2,3,3,valence_classification,valence_classification,acquisition,negative_left,WJJW,,,black,einfall,noun,positive,black,0.8804,positive,0.393,0,0.39,0.52,39
24,51,3,3,3,valence_classification,valence_classification,acquisition,negative_left,MQQM,,,black,schlecht,adjective,negative,black,0.8804,negative,0.4931,0,0.39,0.52,39
24,52,4,3,3,valence_classification,valence_classification,acquisition,negative_left,ZYYZ,,,black,entführung,noun,negative,black,0.8805,negative,0.533,0,0.39,0.52,39
24,53,5,3,3,valence_classification,valence_classification,acquisition,negative_left,WJJW,,,black,liebe,noun,positive,black,0.8805,positive,0.3489,0,0.39,0.52,39
24,54,6,3,3,valence_classification,valence_classification,acquisition,negative_left,ZYYZ,,,black,leiche,noun,negative,black,0.8805,negative,0.5973,0,0.39,0.52,39
24,55,7,3,3,valence_classification,valence_classification,acquisition,negative_left,XVVX,,,black,schön,adjective,positive,black,0.8805,positive,0.6454,0,0.39,0.52,39
24,56,8,3,3,valence_classification,valence_classification,acquisition,negative_left,MQQM,,,black,eitel,adjective,negative,black,0.8805,positive,0.3768,1,0.39,0.52,39
24,57,9,3,3,valence_classification,valence_classification,acquisition,negative_left,XVVX,,,black,ehrlich,adjective,positive,black,0.8805,negative,0.3229,1,0.39,0.52,39
24,58,10,3,3,valence_classification,valence_classification,acquisition,negative_left,WJJW,,,black,spaß,noun,positive,black,0.8804,positive,0.4794,0,0.39,0.52,39
24,59,11,3,3,valence_classification,valence_classification,acquisition,negative_left,XVVX,,,black,lustig,adjective,positive,black,0.8804,positive,0.5374,0,0.39,0.52,39
24,60,12,3,3,valence_classification,valence_classification,acquisition,negative_left,MQQM,,,black,gierig,adjective,negative,black,0.8805,negative,0.3043,0,0.39,0.52,39
24,61,13,3,3,valence_classification,valence_classification,acquisition,negative_left,MQQM,,,black,gierig,adjective,negative,black,0.8804,negative,0.4029,0,0.39,0.52,39
24,62,14,3,3,valence_classification,valence_classification,acquisition,negative_left,XVVX,,,black,ehrlich,adjective,positive,black,0.8804,negative,0.2572,1,0.39,0.52,39
24,63,15,3,3,valence_classification,valence_classification,acquisition,negative_left,MQQM,,,black,schlecht,adjective,negative,black,0.8805,negative,0.4895,0,0.39,0.52,39
24,64,16,3,3,valence_classification,valence_classification,acquisition,negative_left,ZYYZ,,,black,gift,noun,negative,black,0.8808,positive,0.3237,1,0.39,0.52,39
24,65,17,3,3,valence_classification,valence_classification,acquisition,negative_left,WJJW,,,black,glück,noun,positive,black,0.8804,positive,0.3429,0,0.39,0.52,39
24,66,18,3,3,valence_classification,valence_classification,acquisition,negative_left,MQQM,,,black,eitel,adjective,negative,black,0.8805,positive,0.3841,1,0.39,0.52,39
24,67,19,3,3,valence_classification,valence_classification,acquisition,negative_left,WJJW,,,black,spaß,noun,positive,black,0.8805,positive,0.4497,0,0.39,0.52,39
24,68,20,3,3,valence_classification,valence_classification,acquisition,negative_left,MQQM,,,black,gierig,adjective,negative,black,0.8804,negative,0.3466,0,0.39,0.52,39
24,69,21,3,3,valence_classification,valence_classification,acquisition,negative_left,ZYYZ,,,black,schleim,noun,negative,black,0.8805,negative,0.4575,0,0.39,0.52,39
24,70,22,3,3,valence_classification,valence_classification,acquisition,negative_left,XVVX,,,black,ehrlich,adjective,positive,black,0.8804,negative,0.3465,1,0.39,0.52,39
24,71,23,3,3,valence_classification,valence_classification,acquisition,negative_left,XVVX,,,black,gütig,adjective,positive,black,0.8805,positive,0.3552,0,0.39,0.52,39
24,72,24,3,3,valence_classification,valence_classification,acquisition,negative_left,WJJW,,,black,einfall,noun,positive,black,0.8804,negative,0.5686,1,0.39,0.52,39
24,73,25,3,3,valence_classification,valence_classification,acquisition,negative_left,ZYYZ,,,black,entführung,noun,negative,black,0.8804,negative,0.6285,0,0.39,0.52,39
24,74,26,3,3,valence_classification,valence_classification,acquisition,negative_left,MQQM,,,black,launisch,adjective,negative,black,0.8805,negative,0.5155,0,0.39,0.52,39
24,75,27,3,3,valence_classification,valence_classification,acquisition,negative_left,WJJW,,,black,spaß,noun,positive,black,0.8804,positive,0.4704,0,0.39,0.52,39
24,76,28,3,3,valence_classification,valence_classification,acquisition,negative_left,MQQM,,,black,eitel,adjective,negative,black,0.8805,negative,0.5152,0,0.39,0.52,39
24,77,29,3,3,valence_classification,valence_classification,acquisition,negative_left,XVVX,,,black,gütig,adjective,positive,black,0.8804,positive,0.2384,0,0.39,0.52,39
24,78,30,3,3,valence_classification,valence_classification,acquisition,negative_left,ZYYZ,,,black,entführung,noun,negative,black,0.8808,negative,0.5054,0,0.39,0.52,39
24,79,31,3,3,valence_classification,valence_classification,acquisition,negative_left,WJJW,,,black,liebe,noun,positive,black,0.8804,positive,0.4494,0,0.39,0.52,39
24,80,32,3,3,valence_classification,valence_classification,acquisition,negative_left,WJJW,,,black,liebe,noun,positive,black,0.8805,positive,0.4096,0,0.39,0.52,39
24,81,33,3,3,valence_classification,valence_classification,acquisition,negative_left,XVVX,,,black,schön,adjective,positive,black,0.8804,positive,0.4176,0,0.39,0.52,39
24,82,34,3,3,valence_classification,valence_classification,acquisition,negative_left,ZYYZ,,,black,gift,noun,negative,black,0.8804,negative,0.503,0,0.39,0.52,39
24,83,35,3,3,valence_classification,valence_classification,acquisition,negative_left,ZYYZ,,,black,schleim,noun,negative,black,0.8805,positive,0.4151,1,0.39,0.52,39
24,84,36,3,3,valence_classification,valence_classification,acquisition,negative_left,XVVX,,,black,lustig,adjective,positive,black,0.8804,positive,0.4152,0,0.39,0.52,39
24,85,37,3,3,valence_classification,valence_classification,acquisition,negative_left,ZYYZ,,,black,gift,noun,negative,black,0.8804,negative,0.5494,0,0.39,0.52,39
24,86,38,3,3,valence_classification,valence_classification,acquisition,negative_left,WJJW,,,black,glück,noun,positive,black,0.8804,negative,0.3691,1,0.39,0.52,39
24,87,39,3,3,valence_classification,valence_classification,acquisition,negative_left,MQQM,,,black,launisch,adjective,negative,black,0.8804,negative,0.3551,0,0.39,0.52,39
24,88,40,3,3,valence_classification,valence_classification,acquisition,negative_left,MQQM,,,black,schlecht,adjective,negative,black,0.8804,negative,0.3929,0,0.39,0.52,39
24,89,41,3,3,valence_classification,valence_classification,acquisition,negative_left,MQQM,,,black,launisch,adjective,negative,black,0.8804,negative,0.6549,0,0.39,0.52,39
24,90,42,3,3,valence_classification,valence_classification,acquisition,negative_left,WJJW,,,black,glück,noun,positive,black,0.8805,positive,0.453,0,0.39,0.52,39
24,91,43,3,3,valence_classification,valence_classification,acquisition,negative_left,WJJW,,,black,einfall,noun,positive,black,0.8805,negative,0.335,1,0.39,0.52,39
24,92,44,3,3,valence_classification,valence_classification,acquisition,negative_left,ZYYZ,,,black,schleim,noun,negative,black,0.8805,positive,0.5226,1,0.39,0.52,39
24,92,44,3,3,valence_classification,valence_classification,acquisition,negative_left,ZYYZ,,,black,schleim,noun,negative,black,0.8805,negative,0.5878,0,0.39,0.52,39
24,93,45,3,3,valence_classification,valence_classification,acquisition,negative_left,ZYYZ,,,black,leiche,noun,negative,black,0.8804,negative,0.5424,0,0.39,0.52,39
24,94,46,3,3,valence_classification,valence_classification,acquisition,negative_left,ZYYZ,,,black,leiche,noun,negative,black,0.8804,negative,0.3964,0,0.39,0.52,39
24,95,47,3,3,valence_classification,valence_classification,acquisition,negative_left,XVVX,,,black,schön,adjective,positive,black,0.8805,positive,0.4577,0,0.39,0.52,39
24,96,48,3,3,valence_classification,valence_classification,acquisition,negative_left,XVVX,,,black,lustig,adjective,positive,black,0.8805,positive,0.393,0,0.39,0.52,39
24,97,1,4,4,valence_classification,valence_classification,acquisition,negative_left,WJJW,,,black,einfall,noun,positive,black,0.8839,negative,0.3761,1,0.34,0.47,34
24,98,2,4,4,valence_classification,valence_classification,acquisition,negative_left,ZYYZ,,,black,schleim,noun,negative,black,0.8804,negative,0.3267,0,0.34,0.47,34
24,99,3,4,4,valence_classification,valence_classification,acquisition,negative_left,MQQM,,,black,schlecht,adjective,negative,black,0.8804,negative,0.4556,0,0.34,0.47,34
24,100,4,4,4,valence_classification,valence_classification,acquisition,negative_left,MQQM,,,black,schlecht,adjective,negative,black,0.8805,negative,0.4678,0,0.34,0.47,34
24,101,5,4,4,valence_classification,valence_classification,acquisition,negative_left,MQQM,,,black,gierig,adjective,negative,black,0.8805,negative,0.3593,0,0.34,0.47,34
24,102,6,4,4,valence_classification,valence_classification,acquisition,negative_left,WJJW,,,black,liebe,noun,positive,black,0.8804,positive,0.3847,0,0.34,0.47,34
24,103,7,4,4,valence_classification,valence_classification,acquisition,negative_left,MQQM,,,black,launisch,adjective,negative,black,0.8804,positive,0.516,1,0.34,0.47,34
24,104,8,4,4,valence_classification,valence_classification,acquisition,negative_left,ZYYZ,,,black,gift,noun,negative,black,0.8804,negative,0.6246,0,0.34,0.47,34
24,105,9,4,4,valence_classification,valence_classification,acquisition,negative_left,MQQM,,,black,launisch,adjective,negative,black,0.8805,negative,0.3729,0,0.34,0.47,34
24,106,10,4,4,valence_classification,valence_classification,acquisition,negative_left,XVVX,,,black,ehrlich,adjective,positive,black,0.8805,negative,0.425,1,0.34,0.47,34
24,107,11,4,4,valence_classification,valence_classification,acquisition,negative_left,XVVX,,,black,gütig,adjective,positive,black,0.8805,negative,0.9035,1,0.34,0.47,34
24,107,11,4,4,valence_classification,valence_classification,acquisition,negative_left,XVVX,,,black,gütig,adjective,positive,black,0.8805,positive,1.4763,0,0.34,0.47,34
24,108,12,4,4,valence_classification,valence_classification,acquisition,negative_left,MQQM,,,black,eitel,adjective,negative,black,0.8804,negative,0.6739,0,0.34,0.47,34
24,109,13,4,4,valence_classification,valence_classification,acquisition,negative_left,WJJW,,,black,einfall,noun,positive,black,0.8804,positive,0.5018,0,0.34,0.47,34
24,110,14,4,4,valence_classification,valence_classification,acquisition,negative_left,XVVX,,,black,gütig,adjective,positive,black,0.8804,positive,0.3131,0,0.34,0.47,34
24,111,15,4,4,valence_classification,valence_classification,acquisition,negative_left,XVVX,,,black,ehrlich,adjective,positive,black,0.8804,positive,0.4171,0,0.34,0.47,34
24,112,16,4,4,valence_classification,valence_classification,acquisition,negative_left,MQQM,,,black,gierig,adjective,negative,black,0.8804,negative,0.6351,0,0.34,0.47,34
24,113,17,4,4,valence_classification,valence_classification,acquisition,negative_left,MQQM,,,black,gierig,adjective,negative,black,0.8805,positive,0.3529,1,0.34,0.47,34
24,114,18,4,4,valence_classification,valence_classification,acquisition,negative_left,ZYYZ,,,black,entführung,noun,negative,black,0.8804,negative,0.8483,0,0.34,0.47,34
24,115,19,4,4,valence_classification,valence_classification,acquisition,negative_left,ZYYZ,,,black,leiche,noun,negative,black,0.8805,negative,0.5132,0,0.34,0.47,34
24,116,20,4,4,valence_classification,valence_classification,acquisition,negative_left,ZYYZ,,,black,entführung,noun,negative,black,0.8804,negative,0.3531,0,0.34,0.47,34
24,117,21,4,4,valence_classification,valence_classification,acquisition,negative_left,XVVX,,,black,gütig,adjective,positive,black,0.8804,positive,0.6248,0,0.34,0.47,34
24,118,22,4,4,valence_classification,valence_classification,acquisition,negative_left,WJJW,,,black,liebe,noun,positive,black,0.8805,positive,0.359,0,0.34,0.47,34
24,119,23,4,4,valence_classification,valence_classification,acquisition,negative_left,WJJW,,,black,liebe,noun,positive,black,0.8806,positive,0.3902,0,0.34,0.47,34
24,120,24,4,4,valence_classification,valence_classification,acquisition,negative_left,XVVX,,,black,schön,adjective,positive,black,0.8805,positive,0.5156,0,0.34,0.47,34
24,121,25,4,4,valence_classification,valence_classification,acquisition,negative_left,WJJW,,,black,glück,noun,positive,black,0.8805,positive,0.4673,0,0.34,0.47,34
24,122,26,4,4,valence_classification,valence_classification,acquisition,negative_left,ZYYZ,,,black,gift,noun,negative,black,0.8804,positive,0.4568,1,0.34,0.47,34
24,122,26,4,4,valence_classification,valence_classification,acquisition,negative_left,ZYYZ,,,black,gift,noun,negative,black,0.8804,negative,0.4872,0,0.34,0.47,34
24,123,27,4,4,valence_classification,valence_classification,acquisition,negative_left,XVVX,,,black,schön,adjective,positive,black,0.8804,positive,0.4748,0,0.34,0.47,34
24,124,28,4,4,valence_classification,valence_classification,acquisition,negative_left,WJJW,,,black,einfall,noun,positive,black,0.8804,negative,0.3368,1,0.34,0.47,34
24,125,29,4,4,valence_classification,valence_classification,acquisition,negative_left,ZYYZ,,,black,leiche,noun,negative,black,0.8804,negative,0.3759,0,0.34,0.47,34
24,126,30,4,4,valence_classification,valence_classification,acquisition,negative_left,XVVX,,,black,lustig,adjective,positive,black,0.8804,positive,0.5641,0,0.34,0.47,34
24,127,31,4,4,valence_classification,valence_classification,acquisition,negative_left,MQQM,,,black,eitel,adjective,negative,black,0.8804,positive,0.5281,1,0.34,0.47,34
24,128,32,4,4,valence_classification,valence_classification,acquisition,negative_left,ZYYZ,,,black,gift,noun,negative,black,0.8805,negative,0.532,0,0.34,0.47,34
24,129,33,4,4,valence_classification,valence_classification,acquisition,negative_left,MQQM,,,black,launisch,adjective,negative,black,0.8805,negative,0.603,0,0.34,0.47,34
24,130,34,4,4,valence_classification,valence_classification,acquisition,negative_left,WJJW,,,black,spaß,noun,positive,black,0.8805,positive,0.3094,0,0.34,0.47,34
24,131,35,4,4,valence_classification,valence_classification,acquisition,negative_left,ZYYZ,,,black,schleim,noun,negative,black,0.8804,negative,0.5704,0,0.34,0.47,34
24,132,36,4,4,valence_classification,valence_classification,acquisition,negative_left,ZYYZ,,,black,schleim,noun,negative,black,0.8805,negative,0.4877,0,0.34,0.47,34
24,133,37,4,4,valence_classification,valence_classification,acquisition,negative_left,MQQM,,,black,eitel,adjective,negative,black,0.8804,positive,0.3766,1,0.34,0.47,34
24,134,38,4,4,valence_classification,valence_classification,acquisition,negative_left,WJJW,,,black,spaß,noun,positive,black,0.8804,positive,0.5149,0,0.34,0.47,34
24,135,39,4,4,valence_classification,valence_classification,acquisition,negative_left,XVVX,,,black,lustig,adjective,positive,black,0.8804,positive,0.4667,0,0.34,0.47,34
24,136,40,4,4,valence_classification,valence_classification,acquisition,negative_left,ZYYZ,,,black,leiche,noun,negative,black,0.8805,negative,0.4655,0,0.34,0.47,34
24,137,41,4,4,valence_classification,valence_classification,acquisition,negative_left,ZYYZ,,,black,entführung,noun,negative,black,0.8805,negative,0.4972,0,0.34,0.47,34
24,138,42,4,4,valence_classification,valence_classification,acquisition,negative_left,WJJW,,,black,spaß,noun,positive,black,0.8804,positive,0.3964,0,0.34,0.47,34
24,139,43,4,4,valence_classification,valence_classification,acquisition,negative_left,XVVX,,,black,lustig,adjective,positive,black,0.8804,negative,0.3588,1,0.34,0.47,34
24,140,44,4,4,valence_classification,valence_classification,acquisition,negative_left,XVVX,,,black,schön,adjective,positive,black,0.8805,positive,0.505,0,0.34,0.47,34
24,141,45,4,4,valence_classification,valence_classification,acquisition,negative_left,WJJW,,,black,glück,noun,positive,black,0.8804,positive,0.4077,0,0.34,0.47,34
24,142,46,4,4,valence_classification,valence_classification,acquisition,negative_left,WJJW,,,black,glück,noun,positive,black,0.8805,positive,0.3869,0,0.34,0.47,34
24,143,47,4,4,valence_classification,valence_classification,acquisition,negative_left,XVVX,,,black,ehrlich,adjective,positive,black,0.8804,positive,0.5023,0,0.34,0.47,34
24,144,48,4,4,valence_classification,valence_classification,acquisition,negative_left,MQQM,,,black,schlecht,adjective,negative,black,0.8804,negative,0.4877,0,0.34,0.47,34
24,145,1,5,5,valence_classification,valence_classification,acquisition,negative_left,MQQM,,,black,eitel,adjective,negative,black,0.8836,negative,0.443,0,0.34,0.47,34
24,146,2,5,5,valence_classification,valence_classification,acquisition,negative_left,WJJW,,,black,liebe,noun,positive,black,0.8804,negative,0.3067,1,0.34,0.47,34
24,146,2,5,5,valence_classification,valence_classification,acquisition,negative_left,WJJW,,,black,liebe,noun,positive,black,0.8804,positive,0.5391,0,0.34,0.47,34
24,147,3,5,5,valence_classification,valence_classification,acquisition,negative_left,ZYYZ,,,black,leiche,noun,negative,black,0.8804,positive,0.328,1,0.34,0.47,34
24,148,4,5,5,valence_classification,valence_classification,acquisition,negative_left,XVVX,,,black,gütig,adjective,positive,black,0.8804,positive,0.6415,0,0.34,0.47,34
24,149,5,5,5,valence_classification,valence_classification,acquisition,negative_left,ZYYZ,,,black,leiche,noun,negative,black,0.8805,negative,0.3035,0,0.34,0.47,34
24,150,6,5,5,valence_classification,valence_classification,acquisition,negative_left,WJJW,,,black,liebe,noun,positive,black,0.8804,negative,0.4166,1,0.34,0.47,34
24,150,6,5,5,valence_classification,valence_classification,acquisition,negative_left,WJJW,,,black,liebe,noun,positive,black,0.8804,positive,0.5063,0,0.34,0.47,34
24,151,7,5,5,valence_classification,valence_classification,acquisition,negative_left,WJJW,,,black,spaß,noun,positive,black,0.8804,negative,0.4751,1,0.34,0.47,34
24,152,8,5,5,valence_classification,valence_classification,acquisition,negative_left,MQQM,,,black,schlecht,adjective,negative,black,0.8805,negative,0.6119,0,0.34,0.47,34
24,153,9,5,5,valence_classification,valence_classification,acquisition,negative_left,WJJW,,,black,glück,noun,positive,black,0.8805,positive,0.433,0,0.34,0.47,34
24,154,10,5,5,valence_classification,valence_classification,acquisition,negative_left,WJJW,,,black,einfall,noun,positive,black,0.8804,negative,0.2928,1,0.34,0.47,34
24,155,11,5,5,valence_classification,valence_classification,acquisition,negative_left,XVVX,,,black,gütig,adjective,positive,black,0.8804,positive,0.457,0,0.34,0.47,34
24,156,12,5,5,valence_classification,valence_classification,acquisition,negative_left,ZYYZ,,,black,entführung,noun,negative,black,0.8805,positive,0.4338,1,0.34,0.47,34
24,157,13,5,5,valence_classification,valence_classification,acquisition,negative_left,WJJW,,,black,glück,noun,positive,black,0.8805,positive,0.3571,0,0.34,0.47,34
24,158,14,5,5,valence_classification,valence_classification,acquisition,negative_left,ZYYZ,,,black,gift,noun,negative,black,0.8805,negative,0.626,0,0.34,0.47,34
24,159,15,5,5,valence_classification,valence_classification,acquisition,negative_left,XVVX,,,black,lustig,adjective,positive,black,0.8806,positive,0.469,0,0.34,0.47,34
24,160,16,5,5,valence_classification,valence_classification,acquisition,negative_left,MQQM,,,black,launisch,adjective,negative,black,0.8805,negative,0.2552,0,0.34,0.47,34
24,161,17,5,5,valence_classification,valence_classification,acquisition,negative_left,ZYYZ,,,black,leiche,noun,negative,black,0.8805,negative,0.4991,0,0.34,0.47,34
24,162,18,5,5,valence_classification,valence_classification,acquisition,negative_left,WJJW,,,black,einfall,noun,positive,black,0.8805,negative,0.4752,1,0.34,0.47,34
24,163,19,5,5,valence_classification,valence_classification,acquisition,negative_left,ZYYZ,,,black,gift,noun,negative,black,0.8805,negative,0.3893,0,0.34,0.47,34
24,164,20,5,5,valence_classification,valence_classification,acquisition,negative_left,MQQM,,,black,launisch,adjective,negative,black,0.8805,negative,0.4989,0,0.34,0.47,34
24,165,21,5,5,valence_classification,valence_classification,acquisition,negative_left,WJJW,,,black,liebe,noun,positive,black,0.8805,positive,0.3401,0,0.34,0.47,34
24,166,22,5,5,valence_classification,valence_classification,acquisition,negative_left,ZYYZ,,,black,schleim,noun,negative,black,0.8805,positive,0.3935,1,0.34,0.47,34
24,167,23,5,5,valence_classification,valence_classification,acquisition,negative_left,ZYYZ,,,black,schleim,noun,negative,black,0.8805,negative,0.5558,0,0.34,0.47,34
24,168,24,5,5,valence_classification,valence_classification,acquisition,negative_left,MQQM,,,black,eitel,adjective,negative,black,0.8805,negative,0.3651,0,0.34,0.47,34
24,169,25,5,5,valence_classification,valence_classification,acquisition,negative_left,ZYYZ,,,black,gift,noun,negative,black,0.8804,negative,0.3654,0,0.34,0.47,34
24,170,26,5,5,valence_classification,valence_classification,acquisition,negative_left,XVVX,,,black,ehrlich,adjective,positive,black,0.8804,positive,0.5145,0,0.34,0.47,34
24,171,27,5,5,valence_classification,valence_classification,acquisition,negative_left,XVVX,,,black,schön,adjective,positive,black,0.8805,positive,0.3229,0,0.34,0.47,34
24,172,28,5,5,valence_classification,valence_classification,acquisition,negative_left,ZYYZ,,,black,entführung,noun,negative,black,0.8805,negative,0.4803,0,0.34,0.47,34
24,173,29,5,5,valence_classification,valence_classification,acquisition,negative_left,WJJW,,,black,glück,noun,positive,black,0.8805,positive,0.4852,0,0.34,0.47,34
24,174,30,5,5,valence_classification,valence_classification,acquisition,negative_left,XVVX,,,black,ehrlich,adjective,positive,black,0.8804,positive,0.4826,0,0.34,0.47,34
24,175,31,5,5,valence_classification,valence_classification,acquisition,negative_left,XVVX,,,black,gütig,adjective,positive,black,0.8804,negative,0.5524,1,0.34,0.47,34
24,176,32,5,5,valence_classification,valence_classification,acquisition,negative_left,WJJW,,,black,spaß,noun,positive,black,0.8804,positive,0.3686,0,0.34,0.47,34
24,177,33,5,5,valence_classification,valence_classification,acquisition,negative_left,XVVX,,,black,lustig,adjective,positive,black,0.8805,positive,0.5212,0,0.34,0.47,34
24,178,34,5,5,valence_classification,valence_classification,acquisition,negative_left,XVVX,,,black,schön,adjective,positive,black,0.8805,positive,0.423,0,0.34,0.47,34
24,179,35,5,5,valence_classification,valence_classification,acquisition,negative_left,XVVX,,,black,ehrlich,adjective,positive,black,0.8804,positive,0.5146,0,0.34,0.47,34
24,180,36,5,5,valence_classification,valence_classification,acquisition,negative_left,ZYYZ,,,black,schleim,noun,negative,black,0.8804,positive,0.3601,1,0.34,0.47,34
24,181,37,5,5,valence_classification,valence_classification,acquisition,negative_left,XVVX,,,black,lustig,adjective,positive,black,0.8805,positive,0.5624,0,0.34,0.47,34
24,182,38,5,5,valence_classification,valence_classification,acquisition,negative_left,MQQM,,,black,schlecht,adjective,negative,black,0.8805,positive,0.3275,1,0.34,0.47,34
24,183,39,5,5,valence_classification,valence_classification,acquisition,negative_left,MQQM,,,black,launisch,adjective,negative,black,0.8804,positive,0.3149,1,0.34,0.47,34
24,184,40,5,5,valence_classification,valence_classification,acquisition,negative_left,WJJW,,,black,spaß,noun,positive,black,0.8805,positive,0.4557,0,0.34,0.47,34
24,185,41,5,5,valence_classification,valence_classification,acquisition,negative_left,MQQM,,,black,gierig,adjective,negative,black,0.8804,negative,0.5387,0,0.34,0.47,34
24,186,42,5,5,valence_classification,valence_classification,acquisition,negative_left,ZYYZ,,,black,entführung,noun,negative,black,0.8805,negative,0.403,0,0.34,0.47,34
24,187,43,5,5,valence_classification,valence_classification,acquisition,negative_left,MQQM,,,black,schlecht,adjective,negative,black,0.8804,negative,0.4154,0,0.34,0.47,34
24,188,44,5,5,valence_classification,valence_classification,acquisition,negative_left,MQQM,,,black,eitel,adjective,negative,black,0.8805,negative,0.3294,0,0.34,0.47,34
24,189,45,5,5,valence_classification,valence_classification,acquisition,negative_left,MQQM,,,black,gierig,adjective,negative,black,0.8804,positive,0.346,1,0.34,0.47,34
24,190,46,5,5,valence_classification,valence_classification,acquisition,negative_left,XVVX,,,black,schön,adjective,positive,black,0.8806,positive,0.3028,0,0.34,0.47,34
24,191,47,5,5,valence_classification,valence_classification,acquisition,negative_left,MQQM,,,black,gierig,adjective,negative,black,0.8804,negative,0.3657,0,0.34,0.47,34
24,192,48,5,5,valence_classification,valence_classification,acquisition,negative_left,WJJW,,,black,einfall,noun,positive,black,0.8805,negative,0.3452,1,0.34,0.47,34
24,193,1,9,4,valence_classification,valence_classification,classification_1,negative_left,XVVX,,,black,eitel,adjective,negative,black,0.8839,negative,0.5563,0,0.34,0.47,34
24,194,2,9,4,valence_classification,valence_classification,classification_1,negative_left,ZYYZ,,,black,glück,noun,positive,black,0.8804,negative,0.3493,1,0.34,0.47,34
24,195,3,9,4,valence_classification,valence_classification,classification_1,negative_left,ZYYZ,,,black,spaß,noun,positive,black,0.8805,positive,0.4345,0,0.34,0.47,34
24,196,4,9,4,valence_classification,valence_classification,classification_1,negative_left,ZYYZ,,,black,schleim,noun,negative,black,0.8804,negative,0.4479,0,0.34,0.47,34
24,197,5,9,4,valence_classification,valence_classification,classification_1,negative_left,ZYYZ,,,black,liebe,noun,positive,black,0.8805,positive,0.438,0,0.34,0.47,34
24,198,6,9,4,valence_classification,valence_classification,classification_1,negative_left,WJJW,,,black,einfall,noun,positive,black,0.8804,negative,0.4492,1,0.34,0.47,34
24,199,7,9,4,valence_classification,valence_classification,classification_1,negative_left,ZYYZ,,,black,liebe,noun,positive,black,0.8804,negative,0.375,1,0.34,0.47,34
24,200,8,9,4,valence_classification,valence_classification,classification_1,negative_left,ZYYZ,,,black,spaß,noun,positive,black,0.8805,positive,0.5105,0,0.34,0.47,34
24,201,9,9,4,valence_classification,valence_classification,classification_1,negative_left,XVVX,,,black,lustig,adjective,positive,black,0.8804,positive,0.4368,0,0.34,0.47,34
24,202,10,9,4,valence_classification,valence_classification,classification_1,negative_left,WJJW,,,black,leiche,noun,negative,black,0.8804,negative,0.5047,0,0.34,0.47,34
24,203,11,9,4,valence_classification,valence_classification,classification_1,negative_left,MQQM,,,black,schön,adjective,positive,black,0.8804,positive,0.3181,0,0.34,0.47,34
24,204,12,9,4,valence_classification,valence_classification,classification_1,negative_left,MQQM,,,black,launisch,adjective,negative,black,0.8805,positive,0.394,1,0.34,0.47,34
24,205,13,9,4,valence_classification,valence_classification,classification_1,negative_left,MQQM,,,black,ehrlich,adjective,positive,black,0.8805,negative,0.3929,1,0.34,0.47,34
24,206,14,9,4,valence_classification,valence_classification,classification_1,negative_left,ZYYZ,,,black,liebe,noun,positive,black,0.8804,positive,0.8294,0,0.34,0.47,34
24,207,15,9,4,valence_classification,valence_classification,classification_1,negative_left,WJJW,,,black,schleim,noun,negative,black,0.8804,negative,0.4136,0,0.34,0.47,34
24,208,16,9,4,valence_classification,valence_classification,classification_1,negative_left,WJJW,,,black,spaß,noun,positive,black,0.8805,positive,0.3253,0,0.34,0.47,34
24,209,17,9,4,valence_classification,valence_classification,classification_1,negative_left,XVVX,,,black,schlecht,adjective,negative,black,0.8805,positive,0.2886,1,0.34,0.47,34
24,210,18,9,4,valence_classification,valence_classification,classification_1,negative_left,MQQM,,,black,ehrlich,adjective,positive,black,0.8804,negative,0.4499,1,0.34,0.47,34
24,211,19,9,4,valence_classification,valence_classification,classification_1,negative_left,MQQM,,,black,gütig,adjective,positive,black,0.8804,positive,1.1741,0,0.34,0.47,34
24,212,20,9,4,valence_classification,valence_classification,classification_1,negative_left,XVVX,,,black,gierig,adjective,negative,black,0.8805,negative,0.319,0,0.34,0.47,34
24,213,21,9,4,valence_classification,valence_classification,classification_1,negative_left,ZYYZ,,,black,gift,noun,negative,black,0.8805,negative,0.5018,0,0.34,0.47,34
24,214,22,9,4,valence_classification,valence_classification,classification_1,negative_left,WJJW,,,black,entführung,noun,negative,black,0.8804,negative,0.4871,0,0.34,0.47,34
24,215,23,9,4,valence_classification,valence_classification,classification_1,negative_left,ZYYZ,,,black,schleim,noun,negative,black,0.8805,negative,0.3887,0,0.34,0.47,34
24,216,24,9,4,valence_classification,valence_classification,classification_1,negative_left,MQQM,,,black,schlecht,adjective,negative,black,0.8804,negative,0.3551,0,0.34,0.47,34
24,217,25,9,4,valence_classification,valence_classification,classification_1,negative_left,WJJW,,,black,leiche,noun,negative,black,0.8804,negative,0.3882,0,0.34,0.47,34
24,218,26,9,4,valence_classification,valence_classification,classification_1,negative_left,WJJW,,,black,einfall,noun,positive,black,0.8805,negative,0.425,1,0.34,0.47,34
24,219,27,9,4,valence_classification,valence_classification,classification_1,negative_left,XVVX,,,black,lustig,adjective,positive,black,0.8804,positive,0.3861,0,0.34,0.47,34
24,220,28,9,4,valence_classification,valence_classification,classification_1,negative_left,XVVX,,,black,launisch,adjective,negative,black,0.8805,positive,0.4925,1,0.34,0.47,34
24,221,29,9,4,valence_classification,valence_classification,classification_1,negative_left,MQQM,,,black,lustig,adjective,positive,black,0.8804,positive,0.4156,0,0.34,0.47,34
24,222,30,9,4,valence_classification,valence_classification,classification_1,negative_left,MQQM,,,black,schön,adjective,positive,black,0.8804,positive,0.4726,0,0.34,0.47,34
24,223,31,9,4,valence_classification,valence_classification,classification_1,negative_left,XVVX,,,black,eitel,adjective,negative,black,0.8805,negative,0.5103,0,0.34,0.47,34
24,224,32,9,4,valence_classification,valence_classification,classification_1,negative_left,ZYYZ,,,black,gift,noun,negative,black,0.8804,positive,0.3791,1,0.34,0.47,34
24,225,33,9,4,valence_classification,valence_classification,classification_1,negative_left,ZYYZ,,,black,gift,noun,negative,black,0.8804,positive,0.4272,1,0.34,0.47,34
24,226,34,9,4,valence_classification,valence_classification,classification_1,negative_left,XVVX,,,black,ehrlich,adjective,positive,black,0.8805,positive,0.5761,0,0.34,0.47,34
24,227,35,9,4,valence_classification,valence_classification,classification_1,negative_left,XVVX,,,black,gütig,adjective,positive,black,0.8805,negative,0.3161,1,0.34,0.47,34
24,228,36,9,4,valence_classification,valence_classification,classification_1,negative_left,MQQM,,,black,gierig,adjective,negative,black,0.8805,negative,0.8359,0,0.34,0.47,34
24,229,37,9,4,valence_classification,valence_classification,classification_1,negative_left,MQQM,,,black,eitel,adjective,negative,black,0.8805,positive,0.6292,1,0.34,0.47,34
24,230,38,9,4,valence_classification,valence_classification,classification_1,negative_left,XVVX,,,black,gütig,adjective,positive,black,0.8804,positive,0.5358,0,0.34,0.47,34
24,231,39,9,4,valence_classification,valence_classification,classification_1,negative_left,XVVX,,,black,schön,adjective,positive,black,0.8804,positive,0.423,0,0.34,0.47,34
24,232,40,9,4,valence_classification,valence_classification,classification_1,negative_left,MQQM,,,black,schlecht,adjective,negative,black,0.8804,negative,0.5042,0,0.34,0.47,34
24,233,41,9,4,valence_classification,valence_classification,classification_1,negative_left,WJJW,,,black,einfall,noun,positive,black,0.8804,positive,1.0342,0,0.34,0.47,34
24,234,42,9,4,valence_classification,valence_classification,classification_1,negative_left,WJJW,,,black,entführung,noun,negative,black,0.8805,negative,0.3329,0,0.34,0.47,34
24,235,43,9,4,valence_classification,valence_classification,classification_1,negative_left,WJJW,,,black,leiche,noun,negative,black,0.8804,negative,0.469,0,0.34,0.47,34
24,236,44,9,4,valence_classification,valence_classification,classification_1,negative_left,WJJW,,,black,glück,noun,positive,black,0.8804,positive,0.4072,0,0.34,0.47,34
24,237,45,9,4,valence_classification,valence_classification,classification_1,negative_left,XVVX,,,black,gierig,adjective,negative,black,0.8804,negative,0.403,0,0.34,0.47,34
24,238,46,9,4,valence_classification,valence_classification,classification_1,negative_left,WJJW,,,black,glück,noun,positive,black,0.8804,positive,0.3468,0,0.34,0.47,34
24,239,47,9,4,valence_classification,valence_classification,classification_1,negative_left,ZYYZ,,,black,entführung,noun,negative,black,0.8804,negative,0.3061,0,0.34,0.47,34
24,240,48,9,4,valence_classification,valence_classification,classification_1,negative_left,MQQM,,,black,launisch,adjective,negative,black,0.8805,negative,0.4262,0,0.34,0.47,34
24,241,1,10,5,valence_classification,valence_classification,classification_1,negative_left,MQQM,,,black,lustig,adjective,positive,black,0.8805,positive,0.4153,0,0.34,0.47,34
24,242,2,10,5,valence_classification,valence_classification,classification_1,negative_left,MQQM,,,black,eitel,adjective,negative,black,0.8805,positive,0.3228,1,0.34,0.47,34
24,243,3,10,5,valence_classification,valence_classification,classification_1,negative_left,XVVX,,,black,lustig,adjective,positive,black,0.8804,positive,0.5905,0,0.34,0.47,34
24,244,4,10,5,valence_classification,valence_classification,classification_1,negative_left,WJJW,,,black,einfall,noun,positive,black,0.8805,negative,0.3893,1,0.34,0.47,34
24,245,5,10,5,valence_classification,valence_classification,classification_1,negative_left,ZYYZ,,,black,spaß,noun,positive,black,0.8804,positive,0.3593,0,0.34,0.47,34
24,246,6,10,5,valence_classification,valence_classification,classification_1,negative_left,XVVX,,,black,eitel,adjective,negative,black,0.8804,positive,0.4787,1,0.34,0.47,34
24,247,7,10,5,valence_classification,valence_classification,classification_1,negative_left,XVVX,,,black,ehrlich,adjective,positive,black,0.8804,positive,0.4877,0,0.34,0.47,34
24,248,8,10,5,valence_classification,valence_classification,classification_1,negative_left,WJJW,,,black,spaß,noun,positive,black,0.8804,positive,0.4065,0,0.34,0.47,34
24,249,9,10,5,valence_classification,valence_classification,classification_1,negative_left,XVVX,,,black,ehrlich,adjective,positive,black,0.8804,negative,0.3896,1,0.34,0.47,34
24,250,10,10,5,valence_classification,valence_classification,classification_1,negative_left,MQQM,,,black,gierig,adjective,negative,black,0.8804,negative,0.3851,0,0.34,0.47,34
24,251,11,10,5,valence_classification,valence_classification,classification_1,negative_left,ZYYZ,,,black,einfall,noun,positive,black,0.8804,positive,0.3064,0,0.34,0.47,34
24,252,12,10,5,valence_classification,valence_classification,classification_1,negative_left,WJJW,,,black,gift,noun,negative,black,0.8805,positive,0.3693,1,0.34,0.47,34
24,253,13,10,5,valence_classification,valence_classification,classification_1,negative_left,WJJW,,,black,glück,noun,positive,black,0.8804,positive,0.3257,0,0.34,0.47,34
24,254,14,10,5,valence_classification,valence_classification,classification_1,negative_left,WJJW,,,black,schleim,noun,negative,black,0.8805,negative,0.4752,0,0.34,0.47,34
24,255,15,10,5,valence_classification,valence_classification,classification_1,negative_left,ZYYZ,,,black,gift,noun,negative,black,0.8805,positive,0.3636,1,0.34,0.47,34
24,256,16,10,5,valence_classification,valence_classification,classification_1,negative_left,ZYYZ,,,black,leiche,noun,negative,black,0.8805,negative,0.7969,0,0.34,0.47,34
24,257,17,10,5,valence_classification,valence_classification,classification_1,negative_left,ZYYZ,,,black,entführung,noun,negative,black,0.881,negative,0.4827,0,0.34,0.47,34
24,258,18,10,5,valence_classification,valence_classification,classification_1,negative_left,MQQM,,,black,gütig,adjective,positive,black,0.8805,negative,0.305,1,0.34,0.47,34
24,259,19,10,5,valence_classification,valence_classification,classification_1,negative_left,MQQM,,,black,schön,adjective,positive,black,0.8804,positive,0.6744,0,0.34,0.47,34
24,260,20,10,5,valence_classification,valence_classification,classification_1,negative_left,MQQM,,,black,schlecht,adjective,negative,black,0.8804,negative,0.6418,0,0.34,0.47,34
24,261,21,10,5,valence_classification,valence_classification,classification_1,negative_left,MQQM,,,black,schön,adjective,positive,black,0.8804,positive,0.2394,0,0.34,0.47,34
24,262,22,10,5,valence_classification,valence_classification,classification_1,negative_left,WJJW,,,black,glück,noun,positive,black,0.8805,positive,0.4261,0,0.34,0.47,34
24,263,23,10,5,valence_classification,valence_classification,classification_1,negative_left,XVVX,,,black,gierig,adjective,negative,black,0.8804,negative,0.2358,0,0.34,0.47,34
24,264,24,10,5,valence_classification,valence_classification,classification_1,negative_left,XVVX,,,black,gütig,adjective,positive,black,0.8804,positive,0.3858,0,0.34,0.47,34
24,265,25,10,5,valence_classification,valence_classification,classification_1,negative_left,WJJW,,,black,liebe,noun,positive,black,0.8805,positive,0.383,0,0.34,0.47,34
24,266,26,10,5,valence_classification,valence_classification,classification_1,negative_left,ZYYZ,,,black,spaß,noun,positive,black,0.8804,positive,0.433,0,0.34,0.47,34
24,267,27,10,5,valence_classification,valence_classification,classification_1,negative_left,ZYYZ,,,black,leiche,noun,negative,black,0.8804,positive,0.3294,1,0.34,0.47,34
24,267,27,10,5,valence_classification,valence_classification,classification_1,negative_left,ZYYZ,,,black,leiche,noun,negative,black,0.8804,negative,0.7918,0,0.34,0.47,34
24,268,28,10,5,valence_classification,valence_classification,classification_1,negative_left,ZYYZ,,,black,liebe,noun,positive,black,0.8805,positive,0.565,0,0.34,0.47,34
24,269,29,10,5,valence_classification,valence_classification,classification_1,negative_left,XVVX,,,black,schön,adjective,positive,black,0.8804,positive,0.3729,0,0.34,0.47,34
24,270,30,10,5,valence_classification,valence_classification,classification_1,negative_left,WJJW,,,black,glück,noun,positive,black,0.8805,positive,0.4438,0,0.34,0.47,34
24,271,31,10,5,valence_classification,valence_classification,classification_1,negative_left,WJJW,,,black,leiche,noun,negative,black,0.8804,negative,0.4637,0,0.34,0.47,34
24,272,32,10,5,valence_classification,valence_classification,classification_1,negative_left,MQQM,,,black,launisch,adjective,negative,black,0.8805,negative,0.4478,0,0.34,0.47,34
24,273,33,10,5,valence_classification,valence_classification,classification_1,negative_left,ZYYZ,,,black,entführung,noun,negative,black,0.8807,negative,0.4385,0,0.34,0.47,34
24,274,34,10,5,valence_classification,valence_classification,classification_1,negative_left,XVVX,,,black,gütig,adjective,positive,black,0.8804,positive,0.373,0,0.34,0.47,34
24,275,35,10,5,valence_classification,valence_classification,classification_1,negative_left,WJJW,,,black,schleim,noun,negative,black,0.8805,negative,0.4552,0,0.34,0.47,34
24,276,36,10,5,valence_classification,valence_classification,classification_1,negative_left,MQQM,,,black,schlecht,adjective,negative,black,0.8804,negative,0.4653,0,0.34,0.47,34
24,277,37,10,5,valence_classification,valence_classification,classification_1,negative_left,WJJW,,,black,schleim,noun,negative,black,0.8804,negative,0.4271,0,0.34,0.47,34
24,278,38,10,5,valence_classification,valence_classification,classification_1,negative_left,XVVX,,,black,launisch,adjective,negative,black,0.8804,negative,0.3757,0,0.34,0.47,34
24,279,39,10,5,valence_classification,valence_classification,classification_1,negative_left,ZYYZ,,,black,liebe,noun,positive,black,0.8804,positive,0.4231,0,0.34,0.47,34
24,280,40,10,5,valence_classification,valence_classification,classification_1,negative_left,XVVX,,,black,schlecht,adjective,negative,black,0.8805,negative,0.3902,0,0.34,0.47,34
24,281,41,10,5,valence_classification,valence_classification,classification_1,negative_left,ZYYZ,,,black,gift,noun,negative,black,0.8805,negative,0.4941,0,0.34,0.47,34
24,282,42,10,5,valence_classification,valence_classification,classification_1,negative_left,MQQM,,,black,ehrlich,adjective,positive,black,0.8805,positive,0.3804,0,0.34,0.47,34
24,283,43,10,5,valence_classification,valence_classification,classification_1,negative_left,XVVX,,,black,gierig,adjective,negative,black,0.8804,negative,0.4767,0,0.34,0.47,34
24,284,44,10,5,valence_classification,valence_classification,classification_1,negative_left,WJJW,,,black,entführung,noun,negative,black,0.8805,negative,0.383,0,0.34,0.47,34
24,285,45,10,5,valence_classification,valence_classification,classification_1,negative_left,ZYYZ,,,black,einfall,noun,positive,black,0.8804,negative,0.4352,1,0.34,0.47,34
24,286,46,10,5,valence_classification,valence_classification,classification_1,negative_left,XVVX,,,black,launisch,adjective,negative,black,0.8804,negative,0.4292,0,0.34,0.47,34
24,287,47,10,5,valence_classification,valence_classification,classification_1,negative_left,MQQM,,,black,eitel,adjective,negative,black,0.8804,positive,0.3978,1,0.34,0.47,34
24,288,48,10,5,valence_classification,valence_classification,classification_1,negative_left,MQQM,,,black,lustig,adjective,positive,black,0.8805,positive,0.3252,0,0.34,0.47,34
24,289,1,11,1,valence_classification,part_of_speech_classification,classification_2,adjective_left,ZYYZ,,,black,entführung,noun,negative,black,0.884,adjective,1.7687,1,0.34,0.47,34
24,290,2,11,1,valence_classification,part_of_speech_classification,classification_2,adjective_left,WJJW,,,black,ehrlich,adjective,positive,black,0.8804,adjective,1.1297,0,0.34,0.47,34
24,291,3,11,1,valence_classification,part_of_speech_classification,classification_2,adjective_left,XVVX,,,black,spaß,noun,positive,black,0.8805,noun,1.0714,0,0.34,0.47,34
24,292,4,11,1,valence_classification,part_of_speech_classification,classification_2,adjective_left,WJJW,,,black,liebe,noun,positive,black,0.8805,noun,0.9918,0,0.34,0.47,34
24,293,5,11,1,valence_classification,part_of_speech_classification,classification_2,adjective_left,WJJW,,,black,glück,noun,positive,black,0.8805,noun,0.5443,0,0.34,0.47,34
24,294,6,11,1,valence_classification,part_of_speech_classification,classification_2,adjective_left,MQQM,,,black,leiche,noun,negative,black,0.8805,noun,0.8486,0,0.34,0.47,34
24,295,7,11,1,valence_classification,part_of_speech_classification,classification_2,adjective_left,XVVX,,,black,lustig,adjective,positive,black,0.8804,adjective,0.6809,0,0.34,0.47,34
24,296,8,11,1,valence_classification,part_of_speech_classification,classification_2,adjective_left,ZYYZ,,,black,schleim,noun,negative,black,0.8804,noun,0.9126,0,0.34,0.47,34
24,297,9,11,1,valence_classification,part_of_speech_classification,classification_2,adjective_left,WJJW,,,black,einfall,noun,positive,black,0.8805,noun,1.0409,0,0.34,0.47,34
24,298,10,11,1,valence_classification,part_of_speech_classification,classification_2,adjective_left,MQQM,,,black,gierig,adjective,negative,black,0.8804,adjective,0.657,0,0.34,0.47,34
24,299,11,11,1,valence_classification,part_of_speech_classification,classification_2,adjective_left,MQQM,,,black,launisch,adjective,negative,black,0.8805,adjective,1.018,0,0.34,0.47,34
24,300,12,11,1,valence_classification,part_of_speech_classification,classification_2,adjective_left,WJJW,,,black,gütig,adjective,positive,black,0.8805,adjective,1.3541,0,0.34,0.47,34
24,301,13,11,1,valence_classification,part_of_speech_classification,classification_2,adjective_left,ZYYZ,,,black,eitel,adjective,negative,black,0.8804,adjective,0.8172,0,0.34,0.47,34
24,302,14,11,1,valence_classification,part_of_speech_classification,classification_2,adjective_left,ZYYZ,,,black,gift,noun,negative,black,0.8804,noun,1.0023,0,0.34,0.47,34
24,303,15,11,1,valence_classification,part_of_speech_classification,classification_2,adjective_left,MQQM,,,black,gift,noun,negative,black,0.8805,noun,0.546,0,0.34,0.47,34
24,304,16,11,1,valence_classification,part_of_speech_classification,classification_2,adjective_left,ZYYZ,,,black,gierig,adjective,negative,black,0.8805,adjective,0.7141,0,0.34,0.47,34
24,305,17,11,1,valence_classification,part_of_speech_classification,classification_2,adjective_left,XVVX,,,black,glück,noun,positive,black,0.8804,noun,0.7381,0,0.34,0.47,34
24,306,18,11,1,valence_classification,part_of_speech_classification,classification_2,adjective_left,XVVX,,,black,gütig,adjective,positive,black,0.8804,adjective,0.8413,0,0.34,0.47,34
24,307,19,11,1,valence_classification,part_of_speech_classification,classification_2,adjective_left,MQQM,,,black,schlecht,adjective,negative,black,0.8805,adjective,0.802,0,0.34,0.47,34
24,308,20,11,1,valence_classification,part_of_speech_classification,classification_2,adjective_left,MQQM,,,black,entführung,noun,negative,black,0.8805,noun,0.7699,0,0.34,0.47,34
24,309,21,11,1,valence_classification,part_of_speech_classification,classification_2,adjective_left,ZYYZ,,,black,eitel,adjective,negative,black,0.8804,adjective,0.5299,0,0.34,0.47,34
24,310,22,11,1,valence_classification,part_of_speech_classification,classification_2,adjective_left,WJJW,,,black,ehrlich,adjective,positive,black,0.8804,adjective,1.7778,0,0.34,0.47,34
24,311,23,11,1,valence_classification,part_of_speech_classification,classification_2,adjective_left,XVVX,,,black,einfall,noun,positive,black,0.8804,noun,0.6739,0,0.34,0.47,34
24,312,24,11,1,valence_classification,part_of_speech_classification,classification_2,adjective_left,XVVX,,,black,schön,adjective,positive,black,0.8804,noun,0.6645,1,0.34,0.47,34
24,313,1,12,2,valence_classification,part_of_speech_classification,classification_2,adjective_left,MQQM,,,black,schleim,noun,negative,black,0.8839,adjective,0.5001,1,0.34,0.47,34
24,313,1,12,2,valence_classification,part_of_speech_classification,classification_2,adjective_left,MQQM,,,black,schleim,noun,negative,black,0.8839,noun,0.8725,0,0.34,0.47,34
24,314,2,12,2,valence_classification,part_of_speech_classification,classification_2,adjective_left,WJJW,,,black,ehrlich,adjective,positive,black,0.8805,noun,0.5906,1,0.34,0.47,34
24,315,3,12,2,valence_classification,part_of_speech_classification,classification_2,adjective_left,MQQM,,,black,eitel,adjective,negative,black,0.8804,adjective,0.5322,0,0.34,0.47,34
24,316,4,12,2,valence_classification,part_of_speech_classification,classification_2,adjective_left,ZYYZ,,,black,gift,noun,negative,black,0.8805,adjective,0.5347,1,0.34,0.47,34
24,317,5,12,2,valence_classification,part_of_speech_classification,classification_2,adjective_left,XVVX,,,black,einfall,noun,positive,black,0.8804,adjective,0.5255,1,0.34,0.47,34
24,318,6,12,2,valence_classification,part_of_speech_classification,classification_2,adjective_left,WJJW,,,black,glück,noun,positive,black,0.8805,noun,0.5406,0,0.34,0.47,34
24,319,7,12,2,valence_classification,part_of_speech_classification,classification_2,adjective_left,XVVX,,,black,spaß,noun,positive,black,0.8805,noun,0.4847,0,0.34,0.47,34
24,320,8,12,2,valence_classification,part_of_speech_classification,classification_2,adjective_left,XVVX,,,black,einfall,noun,positive,black,0.8804,adjective,0.4279,1,0.34,0.47,34
24,321,9,12,2,valence_classification,part_of_speech_classification,classification_2,adjective_left,XVVX,,,black,lustig,adjective,positive,black,0.8804,noun,0.4579,1,0.34,0.47,34
24,322,10,12,2,valence_classification,part_of_speech_classification,classification_2,adjective_left,WJJW,,,black,liebe,noun,positive,black,0.8804,adjective,0.4036,1,0.34,0.47,34
24,323,11,12,2,valence_classification,part_of_speech_classification,classification_2,adjective_left,ZYYZ,,,black,launisch,adjective,negative,black,0.8809,noun,0.4299,1,0.34,0.47,34
24,324,12,12,2,valence_classification,part_of_speech_classification,classification_2,adjective_left,MQQM,,,black,leiche,noun,negative,black,0.8804,noun,0.8012,0,0.34,0.47,34
24,325,13,12,2,valence_classification,part_of_speech_classification,classification_2,adjective_left,ZYYZ,,,black,entführung,noun,negative,black,0.8805,adjective,0.3193,1,0.34,0.47,34
24,326,14,12,2,valence_classification,part_of_speech_classification,classification_2,adjective_left,ZYYZ,,,black,gierig,adjective,negative,black,0.8804,adjective,0.4499,0,0.34,0.47,34
24,327,15,12,2,valence_classification,part_of_speech_classification,classification_2,adjective_left,WJJW,,,black,glück,noun,positive,black,0.8804,noun,0.3837,0,0.34,0.47,34
24,328,16,12,2,valence_classification,part_of_speech_classification,classification_2,adjective_left,XVVX,,,black,gütig,adjective,positive,black,0.8804,noun,0.4489,1,0.34,0.47,34
24,329,17,12,2,valence_classification,part_of_speech_classification,classification_2,adjective_left,ZYYZ,,,black,schlecht,adjective,negative,black,0.8804,adjective,0.4237,0,0.34,0.47,34
24,330,18,12,2,valence_classification,part_of_speech_classification,classification_2,adjective_left,WJJW,,,black,ehrlich,adjective,positive,black,0.8805,adjective,0.3458,0,0.34,0.47,34
24,331,19,12,2,valence_classification,part_of_speech_classification,classification_2,adjective_left,MQQM,,,black,eitel,adjective,negative,black,0.8805,adjective,0.5757,0,0.34,0.47,34
24,332,20,12,2,valence_classification,part_of_speech_classification,classification_2,adjective_left,MQQM,,,black,gierig,adjective,negative,black,0.8804,adjective,0.6263,0,0.34,0.47,34
24,333,21,12,2,valence_classification,part_of_speech_classification,classification_2,adjective_left,MQQM,,,black,gift,noun,negative,black,0.8805,adjective,0.4163,1,0.34,0.47,34
24,334,22,12,2,valence_classification,part_of_speech_classification,classification_2,adjective_left,XVVX,,,black,schön,adjective,positive,black,0.8804,adjective,0.3129,0,0.34,0.47,34
24,335,23,12,2,valence_classification,part_of_speech_classification,classification_2,adjective_left,ZYYZ,,,black,entführung,noun,negative,black,0.8804,noun,0.632,0,0.34,0.47,34
24,336,24,12,2,valence_classification,part_of_speech_classification,classification_2,adjective_left,WJJW,,,black,gütig,adjective,positive,black,0.8804,adjective,0.4826,0,0.34,0.47,34
24,337,1,13,3,valence_classification,part_of_speech_classification,classification_2,adjective_left,WJJW,,,black,lustig,adjective,positive,black,0.8835,noun,0.522,1,0.34,0.47,34
24,338,2,13,3,valence_classification,part_of_speech_classification,classification_2,adjective_left,XVVX,,,black,schön,adjective,positive,black,0.8804,adjective,0.4196,0,0.34,0.47,34
24,339,3,13,3,valence_classification,part_of_speech_classification,classification_2,adjective_left,ZYYZ,,,black,gift,noun,negative,black,0.8805,noun,0.6231,0,0.34,0.47,34
24,340,4,13,3,valence_classification,part_of_speech_classification,classification_2,adjective_left,WJJW,,,black,liebe,noun,positive,black,0.8804,noun,0.4951,0,0.34,0.47,34
24,341,5,13,3,valence_classification,part_of_speech_classification,classification_2,adjective_left,WJJW,,,black,schön,adjective,positive,black,0.8805,adjective,0.418,0,0.34,0.47,34
24,342,6,13,3,valence_classification,part_of_speech_classification,classification_2,adjective_left,WJJW,,,black,einfall,noun,positive,black,0.8805,noun,0.5664,0,0.34,0.47,34
24,343,7,13,3,valence_classification,part_of_speech_classification,classification_2,adjective_left,WJJW,,,black,glück,noun,positive,black,0.8804,noun,0.4928,0,0.34,0.47,34
24,344,8,13,3,valence_classification,part_of_speech_classification,classification_2,adjective_left,XVVX,,,black,gütig,adjective,positive,black,0.8805,adjective,0.6261,0,0.34,0.47,34
24,345,9,13,3,valence_classification,part_of_speech_classification,classification_2,adjective_left,ZYYZ,,,black,eitel,adjective,negative,black,0.8804,adjective,0.6336,0,0.34,0.47,34
24,346,10,13,3,valence_classification,part_of_speech_classification,classification_2,adjective_left,WJJW,,,black,lustig,adjective,positive,black,0.8805,noun,0.4726,1,0.34,0.47,34
24,347,11,13,3,valence_classification,part_of_speech_classification,classification_2,adjective_left,ZYYZ,,,black,leiche,noun,negative,black,0.8804,noun,0.635,0,0.34,0.47,34
24,348,12,13,3,valence_classification,part_of_speech_classification,classification_2,adjective_left,MQQM,,,black,entführung,noun,negative,black,0.8804,adjective,0.357,1,0.34,0.47,34
24,349,13,13,3,valence_classification,part_of_speech_classification,classification_2,adjective_left,WJJW,,,black,glück,noun,positive,black,0.8805,adjective,0.3282,1,0.34,0.47,34
24,350,14,13,3,valence_classification,part_of_speech_classification,classification_2,adjective_left,ZYYZ,,,black,eitel,adjective,negative,black,0.8805,adjective,0.5315,0,0.34,0.47,34
24,351,15,13,3,valence_classification,part_of_speech_classification,classification_2,adjective_left,XVVX,,,black,gütig,adjective,positive,black,0.8804,adjective,0.7109,0,0.34,0.47,34
24,352,16,13,3,valence_classification,part_of_speech_classification,classification_2,adjective_left,WJJW,,,black,spaß,noun,positive,black,0.8804,noun,0.4183,0,0.34,0.47,34
24,353,17,13,3,valence_classification,part_of_speech_classification,classification_2,adjective_left,ZYYZ,,,black,eitel,adjective,negative,black,0.8805,adjective,0.517,0,0.34,0.47,34
24,354,18,13,3,valence_classification,part_of_speech_classification,classification_2,adjective_left,XVVX,,,black,glück,noun,positive,black,0.8804,noun,0.4647,0,0.34,0.47,34
24,355,19,13,3,valence_classification,part_of_speech_classification,classification_2,adjective_left,XVVX,,,black,einfall,noun,positive,black,0.8804,adjective,0.4816,1,0.34,0.47,34
24,356,20,13,3,valence_classification,part_of_speech_classification,classification_2,adjective_left,MQQM,,,black,entführung,noun,negative,black,0.8804,adjective,0.5084,1,0.34,0.47,34
24,357,21,13,3,valence_classification,part_of_speech_classification,classification_2,adjective_left,ZYYZ,,,black,schleim,noun,negative,black,0.8804,adjective,0.4776,1,0.34,0.47,34
24,358,22,13,3,valence_classification,part_of_speech_classification,classification_2,adjective_left,XVVX,,,black,ehrlich,adjective,positive,black,0.8805,adjective,0.5536,0,0.34,0.47,34
24,359,23,13,3,valence_classification,part_of_speech_classification,classification_2,adjective_left,WJJW,,,black,liebe,noun,positive,black,0.8805,noun,0.4942,0,0.34,0.47,34
24,360,24,13,3,valence_classification,part_of_speech_classification,classification_2,adjective_left,ZYYZ,,,black,launisch,adjective,negative,black,0.8804,adjective,0.4988,0,0.34,0.47,34
24,361,25,13,3,valence_classification,part_of_speech_classification,classification_2,adjective_left,MQQM,,,black,leiche,noun,negative,black,0.8804,noun,0.3652,0,0.34,0.47,34
24,362,26,13,3,valence_classification,part_of_speech_classification,classification_2,adjective_left,MQQM,,,black,gierig,adjective,negative,black,0.8804,adjective,0.4726,0,0.34,0.47,34
24,363,27,13,3,valence_classification,part_of_speech_classification,classification_2,adjective_left,WJJW,,,black,gütig,adjective,positive,black,0.8804,noun,0.6391,1,0.34,0.47,34
24,364,28,13,3,valence_classification,part_of_speech_classification,classification_2,adjective_left,WJJW,,,black,schön,adjective,positive,black,0.8805,noun,0.5105,1,0.34,0.47,34
24,365,29,13,3,valence_classification,part_of_speech_classification,classification_2,adjective_left,ZYYZ,,,black,schleim,noun,negative,black,0.8805,adjective,0.4606,1,0.34,0.47,34
24,366,30,13,3,valence_classification,part_of_speech_classification,classification_2,adjective_left,WJJW,,,black,ehrlich,adjective,positive,black,0.8804,adjective,0.4578,0,0.34,0.47,34
24,367,31,13,3,valence_classification,part_of_speech_classification,classification_2,adjective_left,MQQM,,,black,schlecht,adjective,negative,black,0.8805,adjective,0.2828,0,0.34,0.47,34
24,368,32,13,3,valence_classification,part_of_speech_classification,classification_2,adjective_left,MQQM,,,black,gierig,adjective,negative,black,0.8804,adjective,0.3267,0,0.34,0.47,34
24,369,33,13,3,valence_classification,part_of_speech_classification,classification_2,adjective_left,XVVX,,,black,einfall,noun,positive,black,0.8805,adjective,0.418,1,0.34,0.47,34
24,370,34,13,3,valence_classification,part_of_speech_classification,classification_2,adjective_left,XVVX,,,black,liebe,noun,positive,black,0.8806,noun,0.5149,0,0.34,0.47,34
24,371,35,13,3,valence_classification,part_of_speech_classification,classification_2,adjective_left,XVVX,,,black,spaß,noun,positive,black,0.8804,noun,0.353,0,0.34,0.47,34
24,372,36,13,3,valence_classification,part_of_speech_classification,classification_2,adjective_left,ZYYZ,,,black,leiche,noun,negative,black,0.8804,noun,0.2899,0,0.34,0.47,34
24,373,37,13,3,valence_classification,part_of_speech_classification,classification_2,adjective_left,XVVX,,,black,lustig,adjective,positive,black,0.8805,noun,0.3902,1,0.34,0.47,34
24,374,38,13,3,valence_classification,part_of_speech_classification,classification_2,adjective_left,XVVX,,,black,spaß,noun,positive,black,0.8804,adjective,0.2928,1,0.34,0.47,34
24,375,39,13,3,valence_classification,part_of_speech_classification,classification_2,adjective_left,ZYYZ,,,black,gift,noun,negative,black,0.8805,noun,0.8301,0,0.34,0.47,34
24,376,40,13,3,valence_classification,part_of_speech_classification,classification_2,adjective_left,MQQM,,,black,entführung,noun,negative,black,0.8804,adjective,0.4454,1,0.34,0.47,34
24,377,41,13,3,valence_classification,part_of_speech_classification,classification_2,adjective_left,MQQM,,,black,launisch,adjective,negative,black,0.8804,adjective,0.3699,0,0.34,0.47,34
24,378,42,13,3,valence_classification,part_of_speech_classification,classification_2,adjective_left,MQQM,,,black,schleim,noun,negative,black,0.8805,noun,0.591,0,0.34,0.47,34
24,379,43,13,3,valence_classification,part_of_speech_classification,classification_2,adjective_left,MQQM,,,black,gift,noun,negative,black,0.8805,noun,0.4809,0,0.34,0.47,34
24,380,44,13,3,valence_classification,part_of_speech_classification,classification_2,adjective_left,ZYYZ,,,black,schlecht,adjective,negative,black,0.8804,adjective,0.4154,0,0.34,0.47,34
24,381,45,13,3,valence_classification,part_of_speech_classification,classification_2,adjective_left,ZYYZ,,,black,launisch,adjective,negative,black,0.8804,adjective,0.5136,0,0.34,0.47,34
24,382,46,13,3,valence_classification,part_of_speech_classification,classification_2,adjective_left,XVVX,,,black,ehrlich,adjective,positive,black,0.8804,noun,0.4065,1,0.34,0.47,34
24,383,47,13,3,valence_classification,part_of_speech_classification,classification_2,adjective_left,MQQM,,,black,schlecht,adjective,negative,black,0.8805,adjective,0.5067,0,0.34,0.47,34
24,384,48,13,3,valence_classification,part_of_speech_classification,classification_2,adjective_left,MQQM,,,black,gierig,adjective,negative,black,0.8804,adjective,0.4372,0,0.34,0.47,34
24,385,1,14,4,valence_classification,part_of_speech_classification,classification_2,adjective_left,XVVX,,,black,einfall,noun,positive,black,0.8841,adjective,0.4977,1,0.34,0.47,34
24,386,2,14,4,valence_classification,part_of_speech_classification,classification_2,adjective_left,WJJW,,,black,gütig,adjective,positive,black,0.8804,adjective,0.3984,0,0.34,0.47,34
24,387,3,14,4,valence_classification,part_of_speech_classification,classification_2,adjective_left,ZYYZ,,,black,gift,noun,negative,black,0.8805,adjective,0.3529,1,0.34,0.47,34
24,388,4,14,4,valence_classification,part_of_speech_classification,classification_2,adjective_left,WJJW,,,black,gütig,adjective,positive,black,0.8808,adjective,0.5882,0,0.34,0.47,34
24,389,5,14,4,valence_classification,part_of_speech_classification,classification_2,adjective_left,MQQM,,,black,gierig,adjective,negative,black,0.8805,adjective,0.4726,0,0.34,0.47,34
24,390,6,14,4,valence_classification,part_of_speech_classification,classification_2,adjective_left,ZYYZ,,,black,leiche,noun,negative,black,0.8804,adjective,0.5206,1,0.34,0.47,34
24,391,7,14,4,valence_classification,part_of_speech_classification,classification_2,adjective_left,MQQM,,,black,schlecht,adjective,negative,black,0.8804,adjective,0.5277,0,0.34,0.47,34
24,392,8,14,4,valence_classification,part_of_speech_classification,classification_2,adjective_left,ZYYZ,,,black,eitel,adjective,negative,black,0.8805,adjective,0.6204,0,0.34,0.47,34
24,393,9,14,4,valence_classification,part_of_speech_classification,classification_2,adjective_left,WJJW,,,black,liebe,noun,positive,black,0.8805,adjective,0.4447,1,0.34,0.47,34
24,394,10,14,4,valence_classification,part_of_speech_classification,classification_2,adjective_left,MQQM,,,black,launisch,adjective,negative,black,0.8804,adjective,0.5224,0,0.34,0.47,34
24,395,11,14,4,valence_classification,part_of_speech_classification,classification_2,adjective_left,ZYYZ,,,black,eitel,adjective,negative,black,0.8805,adjective,0.4368,0,0.34,0.47,34
24,396,12,14,4,valence_classification,part_of_speech_classification,classification_2,adjective_left,MQQM,,,black,schleim,noun,negative,black,0.8804,adjective,0.5443,1,0.34,0.47,34
24,397,13,14,4,valence_classification,part_of_speech_classification,classification_2,adjective_left,XVVX,,,black,gütig,adjective,positive,black,0.8804,adjective,0.3963,0,0.34,0.47,34
24,398,14,14,4,valence_classification,part_of_speech_classification,classification_2,adjective_left,MQQM,,,black,schlecht,adjective,negative,black,0.8804,adjective,0.3957,0,0.34,0.47,34
24,399,15,14,4,valence_classification,part_of_speech_classification,classification_2,adjective_left,MQQM,,,black,gift,noun,negative,black,0.8805,noun,0.453,0,0.34,0.47,34
24,400,16,14,4,valence_classification,part_of_speech_classification,classification_2,adjective_left,ZYYZ,,,black,entführung,noun,negative,black,0.8805,adjective,0.4917,1,0.34,0.47,34
24,401,17,14,4,valence_classification,part_of_speech_classification,classification_2,adjective_left,WJJW,,,black,liebe,noun,positive,black,0.8805,noun,0.463,0,0.34,0.47,34
24,402,18,14,4,valence_classification,part_of_speech_classification,classification_2,adjective_left,WJJW,,,black,liebe,noun,positive,black,0.8805,noun,0.3888,0,0.34,0.47,34
24,403,19,14,4,valence_classification,part_of_speech_classification,classification_2,adjective_left,WJJW,,,black,spaß,noun,positive,black,0.8804,noun,0.468,0,0.34,0.47,34
24,404,20,14,4,valence_classification,part_of_speech_classification,classification_2,adjective_left,WJJW,,,black,ehrlich,adjective,positive,black,0.8804,adjective,0.5874,0,0.34,0.47,34
24,405,21,14,4,valence_classification,part_of_speech_classification,classification_2,adjective_left,ZYYZ,,,black,gierig,adjective,negative,black,0.8804,noun,0.2728,1,0.34,0.47,34
24,406,22,14,4,valence_classification,part_of_speech_classification,classification_2,adjective_left,XVVX,,,black,einfall,noun,positive,black,0.8804,noun,0.6789,0,0.34,0.47,34
24,407,23,14,4,valence_classification,part_of_speech_classification,classification_2,adjective_left,XVVX,,,black,schön,adjective,positive,black,0.8805,adjective,0.4,0,0.34,0.47,34
24,408,24,14,4,valence_classification,part_of_speech_classification,classification_2,adjective_left,XVVX,,,black,schön,adjective,positive,black,0.8804,noun,0.7656,1,0.34,0.47,34
24,409,25,14,4,valence_classification,part_of_speech_classification,classification_2,adjective_left,XVVX,,,black,schön,adjective,positive,black,0.8805,adjective,1.0985,0,0.34,0.47,34
24,410,26,14,4,valence_classification,part_of_speech_classification,classification_2,adjective_left,XVVX,,,black,einfall,noun,positive,black,0.8804,noun,0.5439,0,0.34,0.47,34
24,411,27,14,4,valence_classification,part_of_speech_classification,classification_2,adjective_left,MQQM,,,black,gierig,adjective,negative,black,0.8805,adjective,0.3063,0,0.34,0.47,34
24,412,28,14,4,valence_classification,part_of_speech_classification,classification_2,adjective_left,XVVX,,,black,lustig,adjective,positive,black,0.8804,adjective,0.363,0,0.34,0.47,34
24,413,29,14,4,valence_classification,part_of_speech_classification,classification_2,adjective_left,ZYYZ,,,black,eitel,adjective,negative,black,0.8807,adjective,0.7001,0,0.34,0.47,34
24,414,30,14,4,valence_classification,part_of_speech_classification,classification_2,adjective_left,MQQM,,,black,launisch,adjective,negative,black,0.8804,adjective,0.4799,0,0.34,0.47,34
24,415,31,14,4,valence_classification,part_of_speech_classification,classification_2,adjective_left,WJJW,,,black,ehrlich,adjective,positive,black,0.8804,adjective,0.6826,0,0.34,0.47,34
24,416,32,14,4,valence_classification,part_of_speech_classification,classification_2,adjective_left,MQQM,,,black,schleim,noun,negative,black,0.8805,adjective,0.4076,1,0.34,0.47,34
24,417,33,14,4,valence_classification,part_of_speech_classification,classification_2,adjective_left,XVVX,,,black,lustig,adjective,positive,black,0.8804,noun,0.4505,1,0.34,0.47,34
24,418,34,14,4,valence_classification,part_of_speech_classification,classification_2,adjective_left,ZYYZ,,,black,gift,noun,negative,black,0.8805,noun,0.4637,0,0.34,0.47,34
24,419,35,14,4,valence_classification,part_of_speech_classification,classification_2,adjective_left,WJJW,,,black,ehrlich,adjective,positive,black,0.8805,adjective,0.433,0,0.34,0.47,34
24,420,36,14,4,valence_classification,part_of_speech_classification,classification_2,adjective_left,XVVX,,,black,spaß,noun,positive,black,0.8805,noun,0.5649,0,0.34,0.47,34
24,421,37,14,4,valence_classification,part_of_speech_classification,classification_2,adjective_left,WJJW,,,black,glück,noun,positive,black,0.8804,noun,0.4442,0,0.34,0.47,34
24,422,38,14,4,valence_classification,part_of_speech_classification,classification_2,adjective_left,WJJW,,,black,lustig,adjective,positive,black,0.8804,noun,0.3993,1,0.34,0.47,34
24,423,39,14,4,valence_classification,part_of_speech_classification,classification_2,adjective_left,ZYYZ,,,black,entführung,noun,negative,black,0.8804,adjective,0.7244,1,0.34,0.47,34
24,424,40,14,4,valence_classification,part_of_speech_classification,classification_2,adjective_left,MQQM,,,black,schleim,noun,negative,black,0.8804,adjective,0.5171,1,0.34,0.47,34
24,425,41,14,4,valence_classification,part_of_speech_classification,classification_2,adjective_left,ZYYZ,,,black,schlecht,adjective,negative,black,0.8805,adjective,0.453,0,0.34,0.47,34
24,426,42,14,4,valence_classification,part_of_speech_classification,classification_2,adjective_left,ZYYZ,,,black,leiche,noun,negative,black,0.8804,noun,0.5123,0,0.34,0.47,34
24,427,43,14,4,valence_classification,part_of_speech_classification,classification_2,adjective_left,XVVX,,,black,glück,noun,positive,black,0.8804,noun,0.4333,0,0.34,0.47,34
24,428,44,14,4,valence_classification,part_of_speech_classification,classification_2,adjective_left,WJJW,,,black,glück,noun,positive,black,0.8804,noun,0.4163,0,0.34,0.47,34
24,429,45,14,4,valence_classification,part_of_speech_classification,classification_2,adjective_left,XVVX,,,black,spaß,noun,positive,black,0.8804,noun,0.3981,0,0.34,0.47,34
24,430,46,14,4,valence_classification,part_of_speech_classification,classification_2,adjective_left,MQQM,,,black,leiche,noun,negative,black,0.8804,noun,0.5434,0,0.34,0.47,34
24,431,47,14,4,valence_classification,part_of_speech_classification,classification_2,adjective_left,ZYYZ,,,black,launisch,adjective,negative,black,0.8804,adjective,0.552,0,0.34,0.47,34
24,432,48,14,4,valence_classification,part_of_speech_classification,classification_2,adjective_left,MQQM,,,black,entführung,noun,negative,black,0.8805,adjective,0.423,1,0.34,0.47,34
24,433,1,15,5,valence_classification,part_of_speech_classification,classification_2,adjective_left,ZYYZ,,,black,gierig,adjective,negative,black,0.8814,adjective,0.4948,0,0.34,0.47,34
24,434,2,15,5,valence_classification,part_of_speech_classification,classification_2,adjective_left,ZYYZ,,,black,schlecht,adjective,negative,black,0.8804,adjective,0.3729,0,0.34,0.47,34
24,435,3,15,5,valence_classification,part_of_speech_classification,classification_2,adjective_left,WJJW,,,black,gütig,adjective,positive,black,0.8804,adjective,0.363,0,0.34,0.47,34
24,436,4,15,5,valence_classification,part_of_speech_classification,classification_2,adjective_left,XVVX,,,black,spaß,noun,positive,black,0.8805,noun,0.463,0,0.34,0.47,34
24,437,5,15,5,valence_classification,part_of_speech_classification,classification_2,adjective_left,XVVX,,,black,ehrlich,adjective,positive,black,0.8804,adjective,0.5045,0,0.34,0.47,34
24,438,6,15,5,valence_classification,part_of_speech_classification,classification_2,adjective_left,WJJW,,,black,ehrlich,adjective,positive,black,0.8804,adjective,0.383,0,0.34,0.47,34
24,439,7,15,5,valence_classification,part_of_speech_classification,classification_2,adjective_left,ZYYZ,,,black,entführung,noun,negative,black,0.8805,noun,0.6004,0,0.34,0.47,34
24,440,8,15,5,valence_classification,part_of_speech_classification,classification_2,adjective_left,MQQM,,,black,launisch,adjective,negative,black,0.8804,adjective,0.4362,0,0.34,0.47,34
24,441,9,15,5,valence_classification,part_of_speech_classification,classification_2,adjective_left,WJJW,,,black,glück,noun,positive,black,0.8805,noun,0.4276,0,0.34,0.47,34
24,442,10,15,5,valence_classification,part_of_speech_classification,classification_2,adjective_left,XVVX,,,black,spaß,noun,positive,black,0.8805,adjective,0.3304,1,0.34,0.47,34
24,443,11,15,5,valence_classification,part_of_speech_classification,classification_2,adjective_left,MQQM,,,black,schleim,noun,negative,black,0.8805,adjective,0.5134,1,0.34,0.47,34
24,444,12,15,5,valence_classification,part_of_speech_classification,classification_2,adjective_left,XVVX,,,black,schön,adjective,positive,black,0.8804,adjective,0.5703,0,0.34,0.47,34
24,445,13,15,5,valence_classification,part_of_speech_classification,classification_2,adjective_left,WJJW,,,black,lustig,adjective,positive,black,0.8804,noun,0.443,1,0.34,0.47,34
24,446,14,15,5,valence_classification,part_of_speech_classification,classification_2,adjective_left,ZYYZ,,,black,schlecht,adjective,negative,black,0.8804,noun,0.463,1,0.34,0.47,34
24,447,15,15,5,valence_classification,part_of_speech_classification,classification_2,adjective_left,MQQM,,,black,launisch,adjective,negative,black,0.8804,adjective,0.5284,0,0.34,0.47,34
24,448,16,15,5,valence_classification,part_of_speech_classification,classification_2,adjective_left,ZYYZ,,,black,leiche,noun,negative,black,0.8805,adjective,0.4379,1,0.34,0.47,34
24,449,17,15,5,valence_classification,part_of_speech_classification,classification_2,adjective_left,WJJW,,,black,liebe,noun,positive,black,0.8805,adjective,0.4997,1,0.34,0.47,34
24,450,18,15,5,valence_classification,part_of_speech_classification,classification_2,adjective_left,ZYYZ,,,black,gierig,adjective,negative,black,0.8804,adjective,0.3598,0,0.34,0.47,34
24,451,19,15,5,valence_classification,part_of_speech_classification,classification_2,adjective_left,WJJW,,,black,gütig,adjective,positive,black,0.8804,adjective,0.4087,0,0.34,0.47,34
24,452,20,15,5,valence_classification,part_of_speech_classification,classification_2,adjective_left,XVVX,,,black,schön,adjective,positive,black,0.8805,noun,0.3955,1,0.34,0.47,34
24,453,21,15,5,valence_classification,part_of_speech_classification,classification_2,adjective_left,MQQM,,,black,entführung,noun,negative,black,0.8804,adjective,0.528,1,0.34,0.47,34
24,453,21,15,5,valence_classification,part_of_speech_classification,classification_2,adjective_left,MQQM,,,black,entführung,noun,negative,black,0.8804,noun,1.0631,0,0.34,0.47,34
24,454,22,15,5,valence_classification,part_of_speech_classification,classification_2,adjective_left,ZYYZ,,,black,gierig,adjective,negative,black,0.8804,adjective,0.6061,0,0.34,0.47,34
24,455,23,15,5,valence_classification,part_of_speech_classification,classification_2,adjective_left,ZYYZ,,,black,schleim,noun,negative,black,0.8804,noun,0.3851,0,0.34,0.47,34
24,456,24,15,5,valence_classification,part_of_speech_classification,classification_2,adjective_left,MQQM,,,black,leiche,noun,negative,black,0.8804,adjective,0.4929,1,0.34,0.47,34
24,457,25,15,5,valence_classification,part_of_speech_classification,classification_2,adjective_left,XVVX,,,black,lustig,adjective,positive,black,0.8804,adjective,0.5221,0,0.34,0.47,34
24,458,26,15,5,valence_classification,part_of_speech_classification,classification_2,adjective_left,ZYYZ,,,black,eitel,adjective,negative,black,0.8804,noun,0.3689,1,0.34,0.47,34
24,459,27,15,5,valence_classification,part_of_speech_classification,classification_2,adjective_left,XVVX,,,black,schön,adjective,positive,black,0.8804,adjective,0.4181,0,0.34,0.47,34
24,460,28,15,5,valence_classification,part_of_speech_classification,classification_2,adjective_left,MQQM,,,black,schlecht,adjective,negative,black,0.8804,adjective,0.3451,0,0.34,0.47,34
24,461,29,15,5,valence_classification,part_of_speech_classification,classification_2,adjective_left,WJJW,,,black,gütig,adjective,positive,black,0.8804,adjective,0.3283,0,0.34,0.47,34
24,462,30,15,5,valence_classification,part_of_speech_classification,classification_2,adjective_left,MQQM,,,black,leiche,noun,negative,black,0.8804,noun,0.4501,0,0.34,0.47,34
24,463,31,15,5,valence_classification,part_of_speech_classification,classification_2,adjective_left,XVVX,,,black,spaß,noun,positive,black,0.8804,adjective,0.4876,1,0.34,0.47,34
24,464,32,15,5,valence_classification,part_of_speech_classification,classification_2,adjective_left,XVVX,,,black,lustig,adjective,positive,black,0.8804,noun,0.3429,1,0.34,0.47,34
24,465,33,15,5,valence_classification,part_of_speech_classification,classification_2,adjective_left,WJJW,,,black,einfall,noun,positive,black,0.8804,adjective,0.3953,1,0.34,0.47,34
24,466,34,15,5,valence_classification,part_of_speech_classification,classification_2,adjective_left,MQQM,,,black,eitel,adjective,negative,black,0.8804,noun,0.5709,1,0.34,0.47,34
24,467,35,15,5,valence_classification,part_of_speech_classification,classification_2,adjective_left,MQQM,,,black,eitel,adjective,negative,black,0.8804,adjective,0.6498,0,0.34,0.47,34
24,468,36,15,5,valence_classification,part_of_speech_classification,classification_2,adjective_left,WJJW,,,black,liebe,noun,positive,black,0.8804,adjective,0.3966,1,0.34,0.47,34
24,469,37,15,5,valence_classification,part_of_speech_classification,classification_2,adjective_left,XVVX,,,black,glück,noun,positive,black,0.8805,adjective,0.4366,1,0.34,0.47,34
24,470,38,15,5,valence_classification,part_of_speech_classification,classification_2,adjective_left,XVVX,,,black,liebe,noun,positive,black,0.8805,noun,0.4929,0,0.34,0.47,34
24,471,39,15,5,valence_classification,part_of_speech_classification,classification_2,adjective_left,WJJW,,,black,ehrlich,adjective,positive,black,0.8804,noun,0.3451,1,0.34,0.47,34
24,472,40,15,5,valence_classification,part_of_speech_classification,classification_2,adjective_left,ZYYZ,,,black,gift,noun,negative,black,0.8805,noun,0.7988,0,0.34,0.47,34
24,473,41,15,5,valence_classification,part_of_speech_classification,classification_2,adjective_left,MQQM,,,black,launisch,adjective,negative,black,0.8805,adjective,0.2628,0,0.34,0.47,34
24,474,42,15,5,valence_classification,part_of_speech_classification,classification_2,adjective_left,ZYYZ,,,black,gift,noun,negative,black,0.8804,adjective,0.2052,1,0.34,0.47,34
24,475,43,15,5,valence_classification,part_of_speech_classification,classification_2,adjective_left,WJJW,,,black,einfall,noun,positive,black,0.8804,adjective,0.4994,1,0.34,0.47,34
24,476,44,15,5,valence_classification,part_of_speech_classification,classification_2,adjective_left,MQQM,,,black,entführung,noun,negative,black,0.8805,noun,0.336,0,0.34,0.47,34
24,477,45,15,5,valence_classification,part_of_speech_classification,classification_2,adjective_left,XVVX,,,black,einfall,noun,positive,black,0.8804,noun,0.3301,0,0.34,0.47,34
24,478,46,15,5,valence_classification,part_of_speech_classification,classification_2,adjective_left,MQQM,,,black,schleim,noun,negative,black,0.8804,noun,0.4029,0,0.34,0.47,34
24,479,47,15,5,valence_classification,part_of_speech_classification,classification_2,adjective_left,WJJW,,,black,glück,noun,positive,black,0.8804,noun,0.403,0,0.34,0.47,34
24,480,48,15,5,valence_classification,part_of_speech_classification,classification_2,adjective_left,ZYYZ,,,black,gift,noun,negative,black,0.8804,noun,0.3182,0,0.34,0.47,34
24,485,1,17,1,valence_classification,prime_discrimination,prime_discrimination,none,MQQM,,,black,liebe,noun,positive,black,0.9332,,,,0.34,0.47,34
24,485,1,17,1,valence_classification,prime_discrimination,prime_discrimination,none,MQQM,,,black,liebe,noun,positive,black,,s,2658.996199999936,,,,34
24,486,2,17,1,valence_classification,prime_discrimination,prime_discrimination,none,XVVX,,,black,ehrlich,adjective,positive,black,0.9305,,,,0.34,0.47,34
24,486,2,17,1,valence_classification,prime_discrimination,prime_discrimination,none,XVVX,,,black,ehrlich,adjective,positive,black,,k,2059.1111000003293,,,,34
24,487,3,17,1,valence_classification,prime_discrimination,prime_discrimination,none,WJJW,,,black,spaß,noun,positive,black,0.9305,,,,0.34,0.47,34
24,487,3,17,1,valence_classification,prime_discrimination,prime_discrimination,none,WJJW,,,black,spaß,noun,positive,black,,k,453.46769999922253,,,,34
24,488,4,17,1,valence_classification,prime_discrimination,prime_discrimination,none,MQQM,,,black,gierig,adjective,negative,black,0.9305,,,,0.34,0.47,34
24,488,4,17,1,valence_classification,prime_discrimination,prime_discrimination,none,MQQM,,,black,gierig,adjective,negative,black,,s,1017.0190999999177,,,,34
24,489,5,17,1,valence_classification,prime_discrimination,prime_discrimination,none,XVVX,,,black,einfall,noun,positive,black,0.9305,,,,0.34,0.47,34
24,489,5,17,1,valence_classification,prime_discrimination,prime_discrimination,none,XVVX,,,black,einfall,noun,positive,black,,m,1045.3436000007205,,,,34
24,490,6,17,1,valence_classification,prime_discrimination,prime_discrimination,none,XVVX,,,black,schlecht,adjective,negative,black,0.9305,,,,0.34,0.47,34
24,490,6,17,1,valence_classification,prime_discrimination,prime_discrimination,none,XVVX,,,black,schlecht,adjective,negative,black,,m,343.1632999998983,,,,34
24,491,7,17,1,valence_classification,prime_discrimination,prime_discrimination,none,ZYYZ,,,black,launisch,adjective,negative,black,0.9305,,,,0.34,0.47,34
24,491,7,17,1,valence_classification,prime_discrimination,prime_discrimination,none,ZYYZ,,,black,launisch,adjective,negative,black,,x,353.35759999998845,,,,34
24,492,8,17,1,valence_classification,prime_discrimination,prime_discrimination,none,WJJW,,,black,eitel,adjective,negative,black,0.9305,,,,0.34,0.47,34
24,492,8,17,1,valence_classification,prime_discrimination,prime_discrimination,none,WJJW,,,black,eitel,adjective,negative,black,,k,478.6853999996092,,,,34
24,493,9,17,1,valence_classification,prime_discrimination,prime_discrimination,none,MQQM,,,black,gütig,adjective,positive,black,0.9305,,,,0.34,0.47,34
24,493,9,17,1,valence_classification,prime_discrimination,prime_discrimination,none,MQQM,,,black,gütig,adjective,positive,black,,s,423.33799999952316,,,,34
24,494,10,17,1,valence_classification,prime_discrimination,prime_discrimination,none,WJJW,,,black,schön,adjective,positive,black,0.9308,,,,0.34,0.47,34
24,494,10,17,1,valence_classification,prime_discrimination,prime_discrimination,none,WJJW,,,black,schön,adjective,positive,black,,k,1523.1376999998465,,,,34
24,495,11,17,1,valence_classification,prime_discrimination,prime_discrimination,none,ZYYZ,,,black,lustig,adjective,positive,black,0.9305,,,,0.34,0.47,34
24,495,11,17,1,valence_classification,prime_discrimination,prime_discrimination,none,ZYYZ,,,black,lustig,adjective,positive,black,,x,593,,,,34
24,496,12,17,1,valence_classification,prime_discrimination,prime_discrimination,none,ZYYZ,,,black,glück,noun,positive,black,0.9305,,,,0.34,0.47,34
24,496,12,17,1,valence_classification,prime_discrimination,prime_discrimination,none,ZYYZ,,,black,glück,noun,positive,black,,x,389.0093999998644,,,,34
24,497,1,18,2,valence_classification,prime_discrimination,prime_discrimination,none,ZYYZ,,,black,schleim,noun,negative,black,0.8805,,,,0.34,0.47,34
24,497,1,18,2,valence_classification,prime_discrimination,prime_discrimination,none,ZYYZ,,,black,schleim,noun,negative,black,,x,980.7852000002749,,,,34
24,498,2,18,2,valence_classification,prime_discrimination,prime_discrimination,none,XVVX,,,black,lustig,adjective,positive,black,0.8804,,,,0.34,0.47,34
24,498,2,18,2,valence_classification,prime_discrimination,prime_discrimination,none,XVVX,,,black,lustig,adjective,positive,black,,m,1179.5951000002678,,,,34
24,499,3,18,2,valence_classification,prime_discrimination,prime_discrimination,none,WJJW,,,black,einfall,noun,positive,black,0.8804,,,,0.34,0.47,34
24,499,3,18,2,valence_classification,prime_discrimination,prime_discrimination,none,WJJW,,,black,einfall,noun,positive,black,,s,454.99659999948926,,,,34
24,500,4,18,2,valence_classification,prime_discrimination,prime_discrimination,none,WJJW,,,black,gütig,adjective,positive,black,0.8805,,,,0.34,0.47,34
24,500,4,18,2,valence_classification,prime_discrimination,prime_discrimination,none,WJJW,,,black,gütig,adjective,positive,black,,k,621.3342999997549,,,,34
24,501,5,18,2,valence_classification,prime_discrimination,prime_discrimination,none,WJJW,,,black,launisch,adjective,negative,black,0.8805,,,,0.34,0.47,34
24,501,5,18,2,valence_classification,prime_discrimination,prime_discrimination,none,WJJW,,,black,launisch,adjective,negative,black,,k,344.77250000066124,,,,34
24,502,6,18,2,valence_classification,prime_discrimination,prime_discrimination,none,WJJW,,,black,eitel,adjective,negative,black,0.9105,,,,0.34,0.47,34
24,502,6,18,2,valence_classification,prime_discrimination,prime_discrimination,none,WJJW,,,black,eitel,adjective,negative,black,,k,112.91610000003129,,,,34
24,503,7,18,2,valence_classification,prime_discrimination,prime_discrimination,none,XVVX,,,black,gift,noun,negative,black,0.8804,,,,0.34,0.47,34
24,503,7,18,2,valence_classification,prime_discrimination,prime_discrimination,none,XVVX,,,black,gift,noun,negative,black,,x,510.54819999984466,,,,34
24,504,8,18,2,valence_classification,prime_discrimination,prime_discrimination,none,MQQM,,,black,schleim,noun,negative,black,0.8805,,,,0.34,0.47,34
24,504,8,18,2,valence_classification,prime_discrimination,prime_discrimination,none,MQQM,,,black,schleim,noun,negative,black,,m,686.1374000001233,,,,34
24,505,9,18,2,valence_classification,prime_discrimination,prime_discrimination,none,WJJW,,,black,schön,adjective,positive,black,0.8805,,,,0.34,0.47,34
24,505,9,18,2,valence_classification,prime_discrimination,prime_discrimination,none,WJJW,,,black,schön,adjective,positive,black,,k,420.9523999998346,,,,34
24,506,10,18,2,valence_classification,prime_discrimination,prime_discrimination,none,XVVX,,,black,liebe,noun,positive,black,0.8805,,,,0.34,0.47,34
24,506,10,18,2,valence_classification,prime_discrimination,prime_discrimination,none,XVVX,,,black,liebe,noun,positive,black,,k,320.75449999957345,,,,34
24,507,11,18,2,valence_classification,prime_discrimination,prime_discrimination,none,MQQM,,,black,einfall,noun,positive,black,0.8806,,,,0.34,0.47,34
24,507,11,18,2,valence_classification,prime_discrimination,prime_discrimination,none,MQQM,,,black,einfall,noun,positive,black,,s,406.955400000792,,,,34
24,508,12,18,2,valence_classification,prime_discrimination,prime_discrimination,none,MQQM,,,black,launisch,adjective,negative,black,0.8805,,,,0.34,0.47,34
24,508,12,18,2,valence_classification,prime_discrimination,prime_discrimination,none,MQQM,,,black,launisch,adjective,negative,black,,s,254.9652999995742,,,,34
24,509,13,18,2,valence_classification,prime_discrimination,prime_discrimination,none,MQQM,,,black,schlecht,adjective,negative,black,0.8804,,,,0.34,0.47,34
24,509,13,18,2,valence_classification,prime_discrimination,prime_discrimination,none,MQQM,,,black,schlecht,adjective,negative,black,,s,206.96649999986403,,,,34
24,510,14,18,2,valence_classification,prime_discrimination,prime_discrimination,none,WJJW,,,black,gütig,adjective,positive,black,0.8805,,,,0.34,0.47,34
24,510,14,18,2,valence_classification,prime_discrimination,prime_discrimination,none,WJJW,,,black,gütig,adjective,positive,black,,x,719.4848999998067,,,,34
24,511,15,18,2,valence_classification,prime_discrimination,prime_discrimination,none,ZYYZ,,,black,launisch,adjective,negative,black,0.8805,,,,0.34,0.47,34
24,511,15,18,2,valence_classification,prime_discrimination,prime_discrimination,none,ZYYZ,,,black,launisch,adjective,negative,black,,m,347.6785000001546,,,,34
24,512,16,18,2,valence_classification,prime_discrimination,prime_discrimination,none,WJJW,,,black,entführung,noun,negative,black,0.8805,,,,0.34,0.47,34
24,512,16,18,2,valence_classification,prime_discrimination,prime_discrimination,none,WJJW,,,black,entführung,noun,negative,black,,k,229.91009999997914,,,,34
24,513,17,18,2,valence_classification,prime_discrimination,prime_discrimination,none,ZYYZ,,,black,ehrlich,adjective,positive,black,0.8804,,,,0.34,0.47,34
24,513,17,18,2,valence_classification,prime_discrimination,prime_discrimination,none,ZYYZ,,,black,ehrlich,adjective,positive,black,,s,351.1657999998424,,,,34
24,514,18,18,2,valence_classification,prime_discrimination,prime_discrimination,none,ZYYZ,,,black,liebe,noun,positive,black,0.8804,,,,0.34,0.47,34
24,514,18,18,2,valence_classification,prime_discrimination,prime_discrimination,none,ZYYZ,,,black,liebe,noun,positive,black,,x,877.7808999991976,,,,34
24,515,19,18,2,valence_classification,prime_discrimination,prime_discrimination,none,WJJW,,,black,einfall,noun,positive,black,0.9105,,,,0.34,0.47,34
24,515,19,18,2,valence_classification,prime_discrimination,prime_discrimination,none,WJJW,,,black,einfall,noun,positive,black,,s,1009.8265999995638,,,,34
24,516,20,18,2,valence_classification,prime_discrimination,prime_discrimination,none,MQQM,,,black,ehrlich,adjective,positive,black,0.8805,,,,0.34,0.47,34
24,516,20,18,2,valence_classification,prime_discrimination,prime_discrimination,none,MQQM,,,black,ehrlich,adjective,positive,black,,s,249.19959999993443,,,,34
24,517,21,18,2,valence_classification,prime_discrimination,prime_discrimination,none,XVVX,,,black,eitel,adjective,negative,black,0.8808,,,,0.34,0.47,34
24,517,21,18,2,valence_classification,prime_discrimination,prime_discrimination,none,XVVX,,,black,eitel,adjective,negative,black,,k,286.17180000036024,,,,34
24,518,22,18,2,valence_classification,prime_discrimination,prime_discrimination,none,XVVX,,,black,schleim,noun,negative,black,0.8804,,,,0.34,0.47,34
24,518,22,18,2,valence_classification,prime_discrimination,prime_discrimination,none,XVVX,,,black,schleim,noun,negative,black,,m,358.2894999999553,,,,34
24,519,23,18,2,valence_classification,prime_discrimination,prime_discrimination,none,ZYYZ,,,black,eitel,adjective,negative,black,0.8804,,,,0.34,0.47,34
24,519,23,18,2,valence_classification,prime_discrimination,prime_discrimination,none,ZYYZ,,,black,eitel,adjective,negative,black,,m,382.38889999943785,,,,34
24,520,24,18,2,valence_classification,prime_discrimination,prime_discrimination,none,ZYYZ,,,black,schön,adjective,positive,black,0.8804,,,,0.34,0.47,34
24,520,24,18,2,valence_classification,prime_discrimination,prime_discrimination,none,ZYYZ,,,black,schön,adjective,positive,black,,x,784.2279999984894,,,,34
24,521,25,18,2,valence_classification,prime_discrimination,prime_discrimination,none,ZYYZ,,,black,entführung,noun,negative,black,0.8804,,,,0.34,0.47,34
24,521,25,18,2,valence_classification,prime_discrimination,prime_discrimination,none,ZYYZ,,,black,entführung,noun,negative,black,,x,405.11680000065826,,,,34
24,522,26,18,2,valence_classification,prime_discrimination,prime_discrimination,none,WJJW,,,black,gift,noun,negative,black,0.8804,,,,0.34,0.47,34
24,522,26,18,2,valence_classification,prime_discrimination,prime_discrimination,none,WJJW,,,black,gift,noun,negative,black,,k,101.01949999993667,,,,34
24,523,27,18,2,valence_classification,prime_discrimination,prime_discrimination,none,MQQM,,,black,liebe,noun,positive,black,0.8804,,,,0.34,0.47,34
24,523,27,18,2,valence_classification,prime_discrimination,prime_discrimination,none,MQQM,,,black,liebe,noun,positive,black,,s,823.6713000005111,,,,34
24,524,28,18,2,valence_classification,prime_discrimination,prime_discrimination,none,XVVX,,,black,schön,adjective,positive,black,0.8805,,,,0.34,0.47,34
24,524,28,18,2,valence_classification,prime_discrimination,prime_discrimination,none,XVVX,,,black,schön,adjective,positive,black,,s,705.0400999996345,,,,34
24,525,29,18,2,valence_classification,prime_discrimination,prime_discrimination,none,MQQM,,,black,spaß,noun,positive,black,0.8809,,,,0.34,0.47,34
24,525,29,18,2,valence_classification,prime_discrimination,prime_discrimination,none,MQQM,,,black,spaß,noun,positive,black,,k,1070.0885999994352,,,,34
24,526,30,18,2,valence_classification,prime_discrimination,prime_discrimination,none,MQQM,,,black,gütig,adjective,positive,black,0.8806,,,,0.34,0.47,34
24,526,30,18,2,valence_classification,prime_discrimination,prime_discrimination,none,MQQM,,,black,gütig,adjective,positive,black,,m,1076.2126999998,,,,34
24,527,31,18,2,valence_classification,prime_discrimination,prime_discrimination,none,ZYYZ,,,black,glück,noun,positive,black,0.8805,,,,0.34,0.47,34
24,527,31,18,2,valence_classification,prime_discrimination,prime_discrimination,none,ZYYZ,,,black,glück,noun,positive,black,,x,432.4976999994833,,,,34
24,528,32,18,2,valence_classification,prime_discrimination,prime_discrimination,none,XVVX,,,black,schlecht,adjective,negative,black,0.8804,,,,0.34,0.47,34
24,528,32,18,2,valence_classification,prime_discrimination,prime_discrimination,none,XVVX,,,black,schlecht,adjective,negative,black,,x,398.7971999994479,,,,34
24,529,33,18,2,valence_classification,prime_discrimination,prime_discrimination,none,ZYYZ,,,black,glück,noun,positive,black,0.8805,,,,0.34,0.47,34
24,529,33,18,2,valence_classification,prime_discrimination,prime_discrimination,none,ZYYZ,,,black,glück,noun,positive,black,,x,294.89579999959096,,,,34
24,530,34,18,2,valence_classification,prime_discrimination,prime_discrimination,none,XVVX,,,black,schön,adjective,positive,black,0.8804,,,,0.34,0.47,34
24,530,34,18,2,valence_classification,prime_discrimination,prime_discrimination,none,XVVX,,,black,schön,adjective,positive,black,,k,550.6193000001367,,,,34
24,531,35,18,2,valence_classification,prime_discrimination,prime_discrimination,none,ZYYZ,,,black,gierig,adjective,negative,black,0.9105,,,,0.34,0.47,34
24,531,35,18,2,valence_classification,prime_discrimination,prime_discrimination,none,ZYYZ,,,black,gierig,adjective,negative,black,,m,520.5150000003632,,,,34
24,532,36,18,2,valence_classification,prime_discrimination,prime_discrimination,none,MQQM,,,black,spaß,noun,positive,black,0.8805,,,,0.34,0.47,34
24,532,36,18,2,valence_classification,prime_discrimination,prime_discrimination,none,MQQM,,,black,spaß,noun,positive,black,,s,750.432599999709,,,,34
24,533,37,18,2,valence_classification,prime_discrimination,prime_discrimination,none,WJJW,,,black,entführung,noun,negative,black,0.8804,,,,0.34,0.47,34
24,533,37,18,2,valence_classification,prime_discrimination,prime_discrimination,none,WJJW,,,black,entführung,noun,negative,black,,k,1400.0579000001308,,,,34
24,534,38,18,2,valence_classification,prime_discrimination,prime_discrimination,none,XVVX,,,black,glück,noun,positive,black,0.8805,,,,0.34,0.47,34
24,534,38,18,2,valence_classification,prime_discrimination,prime_discrimination,none,XVVX,,,black,glück,noun,positive,black,,x,519.9023999995552,,,,34
24,535,39,18,2,valence_classification,prime_discrimination,prime_discrimination,none,XVVX,,,black,gierig,adjective,negative,black,0.8804,,,,0.34,0.47,34
24,535,39,18,2,valence_classification,prime_discrimination,prime_discrimination,none,XVVX,,,black,gierig,adjective,negative,black,,m,694.9692999988329,,,,34
24,536,40,18,2,valence_classification,prime_discrimination,prime_discrimination,none,XVVX,,,black,gierig,adjective,negative,black,0.8804,,,,0.34,0.47,34
24,536,40,18,2,valence_classification,prime_discrimination,prime_discrimination,none,XVVX,,,black,gierig,adjective,negative,black,,m,472.55980000062846,,,,34
24,537,41,18,2,valence_classification,prime_discrimination,prime_discrimination,none,XVVX,,,black,spaß,noun,positive,black,0.8805,,,,0.34,0.47,34
24,537,41,18,2,valence_classification,prime_discrimination,prime_discrimination,none,XVVX,,,black,spaß,noun,positive,black,,k,431.1219999997411,,,,34
24,538,42,18,2,valence_classification,prime_discrimination,prime_discrimination,none,ZYYZ,,,black,leiche,noun,negative,black,0.8804,,,,0.34,0.47,34
24,538,42,18,2,valence_classification,prime_discrimination,prime_discrimination,none,ZYYZ,,,black,leiche,noun,negative,black,,s,479.14649999979883,,,,34
24,539,43,18,2,valence_classification,prime_discrimination,prime_discrimination,none,MQQM,,,black,leiche,noun,negative,black,0.8804,,,,0.34,0.47,34
24,539,43,18,2,valence_classification,prime_discrimination,prime_discrimination,none,MQQM,,,black,leiche,noun,negative,black,,s,215.08489999896847,,,,34
24,540,44,18,2,valence_classification,prime_discrimination,prime_discrimination,none,ZYYZ,,,black,gift,noun,negative,black,0.8804,,,,0.34,0.47,34
24,540,44,18,2,valence_classification,prime_discrimination,prime_discrimination,none,ZYYZ,,,black,gift,noun,negative,black,,x,927.8501999997534,,,,34
24,541,45,18,2,valence_classification,prime_discrimination,prime_discrimination,none,WJJW,,,black,gütig,adjective,positive,black,0.8804,,,,0.34,0.47,34
24,541,45,18,2,valence_classification,prime_discrimination,prime_discrimination,none,WJJW,,,black,gütig,adjective,positive,black,,k,358.5315999991726,,,,34
24,542,46,18,2,valence_classification,prime_discrimination,prime_discrimination,none,MQQM,,,black,lustig,adjective,positive,black,0.9105,,,,0.34,0.47,34
24,542,46,18,2,valence_classification,prime_discrimination,prime_discrimination,none,MQQM,,,black,lustig,adjective,positive,black,,s,344.7978000002913,,,,34
24,543,47,18,2,valence_classification,prime_discrimination,prime_discrimination,none,MQQM,,,black,lustig,adjective,positive,black,0.8804,,,,0.34,0.47,34
24,543,47,18,2,valence_classification,prime_discrimination,prime_discrimination,none,MQQM,,,black,lustig,adjective,positive,black,,s,95.77139999950305,,,,34
24,544,48,18,2,valence_classification,prime_discrimination,prime_discrimination,none,XVVX,,,black,lustig,adjective,positive,black,0.8804,,,,0.34,0.47,34
24,544,48,18,2,valence_classification,prime_discrimination,prime_discrimination,none,XVVX,,,black,lustig,adjective,positive,black,,m,335.45250000152737,,,,34
24,545,49,18,2,valence_classification,prime_discrimination,prime_discrimination,none,WJJW,,,black,ehrlich,adjective,positive,black,0.8804,,,,0.34,0.47,34
24,545,49,18,2,valence_classification,prime_discrimination,prime_discrimination,none,WJJW,,,black,ehrlich,adjective,positive,black,,k,313.1985999988392,,,,34
24,546,50,18,2,valence_classification,prime_discrimination,prime_discrimination,none,ZYYZ,,,black,ehrlich,adjective,positive,black,0.8804,,,,0.34,0.47,34
24,546,50,18,2,valence_classification,prime_discrimination,prime_discrimination,none,ZYYZ,,,black,ehrlich,adjective,positive,black,,k,309.4204999997746,,,,34
24,547,51,18,2,valence_classification,prime_discrimination,prime_discrimination,none,WJJW,,,black,leiche,noun,negative,black,0.8805,,,,0.34,0.47,34
24,547,51,18,2,valence_classification,prime_discrimination,prime_discrimination,none,WJJW,,,black,leiche,noun,negative,black,,m,303.2027999998536,,,,34
24,548,52,18,2,valence_classification,prime_discrimination,prime_discrimination,none,MQQM,,,black,schlecht,adjective,negative,black,0.8804,,,,0.34,0.47,34
24,548,52,18,2,valence_classification,prime_discrimination,prime_discrimination,none,MQQM,,,black,schlecht,adjective,negative,black,,x,295.8902999998536,,,,34
24,549,1,19,3,valence_classification,prime_discrimination,prime_discrimination,none,MQQM,,,black,schön,adjective,positive,black,0.8805,,,,0.34,0.47,34
24,549,1,19,3,valence_classification,prime_discrimination,prime_discrimination,none,MQQM,,,black,schön,adjective,positive,black,,s,616.2409999996889,,,,34
24,550,2,19,3,valence_classification,prime_discrimination,prime_discrimination,none,MQQM,,,black,gift,noun,negative,black,0.8805,,,,0.34,0.47,34
24,550,2,19,3,valence_classification,prime_discrimination,prime_discrimination,none,MQQM,,,black,gift,noun,negative,black,,s,219.1698000007309,,,,34
24,551,3,19,3,valence_classification,prime_discrimination,prime_discrimination,none,WJJW,,,black,schleim,noun,negative,black,0.8805,,,,0.34,0.47,34
24,551,3,19,3,valence_classification,prime_discrimination,prime_discrimination,none,WJJW,,,black,schleim,noun,negative,black,,k,548.5224999994971,,,,34
24,552,4,19,3,valence_classification,prime_discrimination,prime_discrimination,none,MQQM,,,black,schleim,noun,negative,black,0.8804,,,,0.34,0.47,34
24,552,4,19,3,valence_classification,prime_discrimination,prime_discrimination,none,MQQM,,,black,schleim,noun,negative,black,,x,403.67970000067726,,,,34
24,553,5,19,3,valence_classification,prime_discrimination,prime_discrimination,none,XVVX,,,black,launisch,adjective,negative,black,0.8804,,,,0.34,0.47,34
24,553,5,19,3,valence_classification,prime_discrimination,prime_discrimination,none,XVVX,,,black,launisch,adjective,negative,black,,m,342.98350000055507,,,,34
24,554,6,19,3,valence_classification,prime_discrimination,prime_discrimination,none,WJJW,,,black,einfall,noun,positive,black,0.8805,,,,0.34,0.47,34
24,554,6,19,3,valence_classification,prime_discrimination,prime_discrimination,none,WJJW,,,black,einfall,noun,positive,black,,k,544.0887999995612,,,,34
24,555,7,19,3,valence_classification,prime_discrimination,prime_discrimination,none,XVVX,,,black,launisch,adjective,negative,black,0.9105,,,,0.34,0.47,34
24,555,7,19,3,valence_classification,prime_discrimination,prime_discrimination,none,XVVX,,,black,launisch,adjective,negative,black,,s,713.6854999989737,,,,34
24,556,8,19,3,valence_classification,prime_discrimination,prime_discrimination,none,ZYYZ,,,black,gierig,adjective,negative,black,0.8804,,,,0.34,0.47,34
24,556,8,19,3,valence_classification,prime_discrimination,prime_discrimination,none,ZYYZ,,,black,gierig,adjective,negative,black,,m,357.5094999996945,,,,34
24,557,9,19,3,valence_classification,prime_discrimination,prime_discrimination,none,ZYYZ,,,black,lustig,adjective,positive,black,0.8804,,,,0.34,0.47,34
24,557,9,19,3,valence_classification,prime_discrimination,prime_discrimination,none,ZYYZ,,,black,lustig,adjective,positive,black,,x,2049.027600000147,,,,34
24,558,10,19,3,valence_classification,prime_discrimination,prime_discrimination,none,WJJW,,,black,entführung,noun,negative,black,0.8805,,,,0.34,0.47,34
24,558,10,19,3,valence_classification,prime_discrimination,prime_discrimination,none,WJJW,,,black,entführung,noun,negative,black,,x,904.2484000001568,,,,34
24,559,11,19,3,valence_classification,prime_discrimination,prime_discrimination,none,WJJW,,,black,spaß,noun,positive,black,0.8805,,,,0.34,0.47,34
24,559,11,19,3,valence_classification,prime_discrimination,prime_discrimination,none,WJJW,,,black,spaß,noun,positive,black,,k,175.6718000015244,,,,34
24,560,12,19,3,valence_classification,prime_discrimination,prime_discrimination,none,MQQM,,,black,ehrlich,adjective,positive,black,0.8805,,,,0.34,0.47,34
24,560,12,19,3,valence_classification,prime_discrimination,prime_discrimination,none,MQQM,,,black,ehrlich,adjective,positive,black,,s,637.0693999996874,,,,34
24,561,13,19,3,valence_classification,prime_discrimination,prime_discrimination,none,WJJW,,,black,einfall,noun,positive,black,0.8805,,,,0.34,0.47,34
24,561,13,19,3,valence_classification,prime_discrimination,prime_discrimination,none,WJJW,,,black,einfall,noun,positive,black,,k,247.9569000005722,,,,34
24,562,14,19,3,valence_classification,prime_discrimination,prime_discrimination,none,ZYYZ,,,black,ehrlich,adjective,positive,black,0.8804,,,,0.34,0.47,34
24,562,14,19,3,valence_classification,prime_discrimination,prime_discrimination,none,ZYYZ,,,black,ehrlich,adjective,positive,black,,m,311.4310000000987,,,,34
24,563,15,19,3,valence_classification,prime_discrimination,prime_discrimination,none,WJJW,,,black,liebe,noun,positive,black,0.8805,,,,0.34,0.47,34
24,563,15,19,3,valence_classification,prime_discrimination,prime_discrimination,none,WJJW,,,black,liebe,noun,positive,black,,k,1189.9100999999791,,,,34
24,564,16,19,3,valence_classification,prime_discrimination,prime_discrimination,none,XVVX,,,black,schön,adjective,positive,black,0.8805,,,,0.34,0.47,34
24,564,16,19,3,valence_classification,prime_discrimination,prime_discrimination,none,XVVX,,,black,schön,adjective,positive,black,,x,383.83989999978803,,,,34
24,565,17,19,3,valence_classification,prime_discrimination,prime_discrimination,none,WJJW,,,black,lustig,adjective,positive,black,0.8805,,,,0.34,0.47,34
24,565,17,19,3,valence_classification,prime_discrimination,prime_discrimination,none,WJJW,,,black,lustig,adjective,positive,black,,m,1223.5704000012483,,,,34
24,566,18,19,3,valence_classification,prime_discrimination,prime_discrimination,none,XVVX,,,black,glück,noun,positive,black,0.8804,,,,0.34,0.47,34
24,566,18,19,3,valence_classification,prime_discrimination,prime_discrimination,none,XVVX,,,black,glück,noun,positive,black,,k,1205.9852000002284,,,,34
24,567,19,19,3,valence_classification,prime_discrimination,prime_discrimination,none,XVVX,,,black,liebe,noun,positive,black,0.8805,,,,0.34,0.47,34
24,567,19,19,3,valence_classification,prime_discrimination,prime_discrimination,none,XVVX,,,black,liebe,noun,positive,black,,s,198.4212999995798,,,,34
24,568,20,19,3,valence_classification,prime_discrimination,prime_discrimination,none,WJJW,,,black,einfall,noun,positive,black,0.8804,,,,0.34,0.47,34
24,568,20,19,3,valence_classification,prime_discrimination,prime_discrimination,none,WJJW,,,black,einfall,noun,positive,black,,m,296.0860999992583,,,,34
24,569,21,19,3,valence_classification,prime_discrimination,prime_discrimination,none,XVVX,,,black,gütig,adjective,positive,black,0.8804,,,,0.34,0.47,34
24,569,21,19,3,valence_classification,prime_discrimination,prime_discrimination,none,XVVX,,,black,gütig,adjective,positive,black,,k,118.409600001527,,,,34
24,570,22,19,3,valence_classification,prime_discrimination,prime_discrimination,none,MQQM,,,black,leiche,noun,negative,black,0.8805,,,,0.34,0.47,34
24,570,22,19,3,valence_classification,prime_discrimination,prime_discrimination,none,MQQM,,,black,leiche,noun,negative,black,,x,377.10019999952056,,,,34
24,571,23,19,3,valence_classification,prime_discrimination,prime_discrimination,none,ZYYZ,,,black,entführung,noun,negative,black,0.9105,,,,0.34,0.47,34
24,571,23,19,3,valence_classification,prime_discrimination,prime_discrimination,none,ZYYZ,,,black,entführung,noun,negative,black,,k,495.3879999993369,,,,34
24,572,24,19,3,valence_classification,prime_discrimination,prime_discrimination,none,XVVX,,,black,gierig,adjective,negative,black,0.8805,,,,0.34,0.47,34
24,572,24,19,3,valence_classification,prime_discrimination,prime_discrimination,none,XVVX,,,black,gierig,adjective,negative,black,,m,292.9790000000503,,,,34
24,573,25,19,3,valence_classification,prime_discrimination,prime_discrimination,none,ZYYZ,,,black,glück,noun,positive,black,0.8804,,,,0.34,0.47,34
24,573,25,19,3,valence_classification,prime_discrimination,prime_discrimination,none,ZYYZ,,,black,glück,noun,positive,black,,k,341.5012000002898,,,,34
24,574,26,19,3,valence_classification,prime_discrimination,prime_discrimination,none,MQQM,,,black,schleim,noun,negative,black,0.8804,,,,0.34,0.47,34
24,574,26,19,3,valence_classification,prime_discrimination,prime_discrimination,none,MQQM,,,black,schleim,noun,negative,black,,k,480.48350000125356,,,,34
24,575,27,19,3,valence_classification,prime_discrimination,prime_discrimination,none,ZYYZ,,,black,schön,adjective,positive,black,0.8804,,,,0.34,0.47,34
24,575,27,19,3,valence_classification,prime_discrimination,prime_discrimination,none,ZYYZ,,,black,schön,adjective,positive,black,,s,263.90999999968335,,,,34
24,576,28,19,3,valence_classification,prime_discrimination,prime_discrimination,none,MQQM,,,black,schlecht,adjective,negative,black,0.8804,,,,0.34,0.47,34
24,576,28,19,3,valence_classification,prime_discrimination,prime_discrimination,none,MQQM,,,black,schlecht,adjective,negative,black,,s,175.07409999961965,,,,34
24,577,29,19,3,valence_classification,prime_discrimination,prime_discrimination,none,ZYYZ,,,black,gift,noun,negative,black,0.8805,,,,0.34,0.47,34
24,577,29,19,3,valence_classification,prime_discrimination,prime_discrimination,none,ZYYZ,,,black,gift,noun,negative,black,,x,77.23250000155531,,,,34
24,578,30,19,3,valence_classification,prime_discrimination,prime_discrimination,none,ZYYZ,,,black,schlecht,adjective,negative,black,0.8805,,,,0.34,0.47,34
24,578,30,19,3,valence_classification,prime_discrimination,prime_discrimination,none,ZYYZ,,,black,schlecht,adjective,negative,black,,m,263.9424999996554,,,,34
24,579,31,19,3,valence_classification,prime_discrimination,prime_discrimination,none,XVVX,,,black,lustig,adjective,positive,black,0.8804,,,,0.34,0.47,34
24,579,31,19,3,valence_classification,prime_discrimination,prime_discrimination,none,XVVX,,,black,lustig,adjective,positive,black,,x,703.1339000004809,,,,34
24,580,32,19,3,valence_classification,prime_discrimination,prime_discrimination,none,MQQM,,,black,eitel,adjective,negative,black,0.8804,,,,0.34,0.47,34
24,580,32,19,3,valence_classification,prime_discrimination,prime_discrimination,none,MQQM,,,black,eitel,adjective,negative,black,,s,439.69800000009127,,,,34
24,581,33,19,3,valence_classification,prime_discrimination,prime_discrimination,none,XVVX,,,black,schlecht,adjective,negative,black,0.9105,,,,0.34,0.47,34
24,581,33,19,3,valence_classification,prime_discrimination,prime_discrimination,none,XVVX,,,black,schlecht,adjective,negative,black,,k,241.3992000001017,,,,34
24,582,34,19,3,valence_classification,prime_discrimination,prime_discrimination,none,WJJW,,,black,spaß,noun,positive,black,0.8804,,,,0.34,0.47,34
24,582,34,19,3,valence_classification,prime_discrimination,prime_discrimination,none,WJJW,,,black,spaß,noun,positive,black,,k,271.95009999908507,,,,34
24,583,35,19,3,valence_classification,prime_discrimination,prime_discrimination,none,ZYYZ,,,black,entführung,noun,negative,black,0.8805,,,,0.34,0.47,34
24,583,35,19,3,valence_classification,prime_discrimination,prime_discrimination,none,ZYYZ,,,black,entführung,noun,negative,black,,m,365.8245000008028,,,,34
24,584,36,19,3,valence_classification,prime_discrimination,prime_discrimination,none,ZYYZ,,,black,eitel,adjective,negative,black,0.8805,,,,0.34,0.47,34
24,584,36,19,3,valence_classification,prime_discrimination,prime_discrimination,none,ZYYZ,,,black,eitel,adjective,negative,black,,m,476.6937000004109,,,,34
24,585,37,19,3,valence_classification,prime_discrimination,prime_discrimination,none,MQQM,,,black,launisch,adjective,negative,black,0.8804,,,,0.34,0.47,34
24,585,37,19,3,valence_classification,prime_discrimination,prime_discrimination,none,MQQM,,,black,launisch,adjective,negative,black,,s,759.7633000004571,,,,34
24,586,38,19,3,valence_classification,prime_discrimination,prime_discrimination,none,XVVX,,,black,gütig,adjective,positive,black,0.8804,,,,0.34,0.47,34
24,586,38,19,3,valence_classification,prime_discrimination,prime_discrimination,none,XVVX,,,black,gütig,adjective,positive,black,,k,372.07649999973364,,,,34
24,587,39,19,3,valence_classification,prime_discrimination,prime_discrimination,none,MQQM,,,black,leiche,noun,negative,black,0.8804,,,,0.34,0.47,34
24,587,39,19,3,valence_classification,prime_discrimination,prime_discrimination,none,MQQM,,,black,leiche,noun,negative,black,,m,409.18890000111423,,,,34
24,588,40,19,3,valence_classification,prime_discrimination,prime_discrimination,none,ZYYZ,,,black,gütig,adjective,positive,black,0.8804,,,,0.34,0.47,34
24,588,40,19,3,valence_classification,prime_discrimination,prime_discrimination,none,ZYYZ,,,black,gütig,adjective,positive,black,,x,311.67329999874346,,,,34
24,589,41,19,3,valence_classification,prime_discrimination,prime_discrimination,none,MQQM,,,black,leiche,noun,negative,black,0.8804,,,,0.34,0.47,34
24,589,41,19,3,valence_classification,prime_discrimination,prime_discrimination,none,MQQM,,,black,leiche,noun,negative,black,,x,629.5448000000324,,,,34
24,590,42,19,3,valence_classification,prime_discrimination,prime_discrimination,none,XVVX,,,black,glück,noun,positive,black,0.8804,,,,0.34,0.47,34
24,590,42,19,3,valence_classification,prime_discrimination,prime_discrimination,none,XVVX,,,black,glück,noun,positive,black,,k,1176.317399998894,,,,34
24,591,43,19,3,valence_classification,prime_discrimination,prime_discrimination,none,WJJW,,,black,eitel,adjective,negative,black,0.8804,,,,0.34,0.47,34
24,591,43,19,3,valence_classification,prime_discrimination,prime_discrimination,none,WJJW,,,black,eitel,adjective,negative,black,,m,277.96710000094026,,,,34
24,592,44,19,3,valence_classification,prime_discrimination,prime_discrimination,none,WJJW,,,black,lustig,adjective,positive,black,0.8808,,,,0.34,0.47,34
24,592,44,19,3,valence_classification,prime_discrimination,prime_discrimination,none,WJJW,,,black,lustig,adjective,positive,black,,k,293.9812000002712,,,,34
24,593,45,19,3,valence_classification,prime_discrimination,prime_discrimination,none,MQQM,,,black,schön,adjective,positive,black,0.8805,,,,0.34,0.47,34
24,593,45,19,3,valence_classification,prime_discrimination,prime_discrimination,none,MQQM,,,black,schön,adjective,positive,black,,s,1198.0818999998737,,,,34
24,594,46,19,3,valence_classification,prime_discrimination,prime_discrimination,none,WJJW,,,black,ehrlich,adjective,positive,black,0.8804,,,,0.34,0.47,34
24,594,46,19,3,valence_classification,prime_discrimination,prime_discrimination,none,WJJW,,,black,ehrlich,adjective,positive,black,,s,318.5236999997869,,,,34
24,595,47,19,3,valence_classification,prime_discrimination,prime_discrimination,none,XVVX,,,black,spaß,noun,positive,black,0.8805,,,,0.34,0.47,34
24,595,47,19,3,valence_classification,prime_discrimination,prime_discrimination,none,XVVX,,,black,spaß,noun,positive,black,,m,367.0550000006333,,,,34
24,596,48,19,3,valence_classification,prime_discrimination,prime_discrimination,none,XVVX,,,black,gift,noun,negative,black,0.9105,,,,0.34,0.47,34
24,596,48,19,3,valence_classification,prime_discrimination,prime_discrimination,none,XVVX,,,black,gift,noun,negative,black,,m,1161.5120999997016,,,,34
24,597,49,19,3,valence_classification,prime_discrimination,prime_discrimination,none,WJJW,,,black,liebe,noun,positive,black,0.8804,,,,0.34,0.47,34
24,597,49,19,3,valence_classification,prime_discrimination,prime_discrimination,none,WJJW,,,black,liebe,noun,positive,black,,k,332.8999999994412,,,,34
24,598,50,19,3,valence_classification,prime_discrimination,prime_discrimination,none,ZYYZ,,,black,gütig,adjective,positive,black,0.8804,,,,0.34,0.47,34
24,598,50,19,3,valence_classification,prime_discrimination,prime_discrimination,none,ZYYZ,,,black,gütig,adjective,positive,black,,x,756.6198000004515,,,,34
24,599,51,19,3,valence_classification,prime_discrimination,prime_discrimination,none,MQQM,,,black,gierig,adjective,negative,black,0.8804,,,,0.34,0.47,34
24,599,51,19,3,valence_classification,prime_discrimination,prime_discrimination,none,MQQM,,,black,gierig,adjective,negative,black,,s,292.789400000358,,,,34
24,600,52,19,3,valence_classification,prime_discrimination,prime_discrimination,none,ZYYZ,,,black,ehrlich,adjective,positive,black,0.8805,,,,0.34,0.47,34
24,600,52,19,3,valence_classification,prime_discrimination,prime_discrimination,none,ZYYZ,,,black,ehrlich,adjective,positive,black,,k,1029.0366999998223,,,,34
24,601,1,20,1,valence_classification,color_matching,matching,match_right,XVVX,adjective,positive,blue,✲✲schlecht✲✲,adjective,negative,brown,0.5481,nonmatch,1.9011,0,0.4671,0.6028,65.39199293522232
24,602,2,20,1,valence_classification,color_matching,matching,match_right,MQQM,adjective,negative,brown,✲✲schleim✲✲✲,noun,negative,blue,0.4954,nonmatch,1.4661,0,0.4671,0.6028,65.39199293522232
24,603,3,20,1,valence_classification,color_matching,matching,match_right,WJJW,noun,positive,brown,✲✲✲glück✲✲✲✲,noun,positive,blue,0.4932,nonmatch,0.6131,0,0.4671,0.6028,65.39199293522232
24,604,4,20,1,valence_classification,color_matching,matching,match_right,MQQM,adjective,negative,blue,✲✲einfall✲✲✲,noun,positive,brown,0.4932,nonmatch,0.6862,0,0.4671,0.6028,65.39199293522232
24,605,5,20,1,valence_classification,color_matching,matching,match_right,XVVX,adjective,positive,blue,✲✲launisch✲✲,adjective,negative,blue,0.4932,nonmatch,0.4782,1,0.4671,0.6028,65.39199293522232
24,606,6,20,1,valence_classification,color_matching,matching,match_right,WJJW,noun,positive,blue,✲✲launisch✲✲,adjective,negative,blue,0.4932,match,0.4892,0,0.4671,0.6028,65.39199293522232
24,607,7,20,1,valence_classification,color_matching,matching,match_right,XVVX,adjective,positive,brown,✲✲✲eitel✲✲✲✲,adjective,negative,blue,0.4932,nonmatch,0.5508,0,0.4671,0.6028,65.39199293522232
24,608,8,20,1,valence_classification,color_matching,matching,match_right,ZYYZ,noun,negative,blue,✲✲ehrlich✲✲✲,adjective,positive,blue,0.4932,match,0.5503,0,0.4671,0.6028,65.39199293522232
24,609,9,20,1,valence_classification,color_matching,matching,match_right,MQQM,adjective,negative,brown,✲✲✲glück✲✲✲✲,noun,positive,brown,0.4932,nonmatch,0.5917,1,0.4671,0.6028,65.39199293522232
24,610,10,20,1,valence_classification,color_matching,matching,match_right,ZYYZ,noun,negative,blue,✲✲schleim✲✲✲,noun,negative,brown,0.4932,match,0.7772,1,0.4671,0.6028,65.39199293522232
24,611,11,20,1,valence_classification,color_matching,matching,match_right,MQQM,adjective,negative,blue,✲✲✲gierig✲✲✲,adjective,negative,blue,0.4932,nonmatch,0.5052,1,0.4671,0.6028,65.39199293522232
24,612,12,20,1,valence_classification,color_matching,matching,match_right,MQQM,adjective,negative,blue,✲✲✲✲gift✲✲✲✲,noun,negative,brown,0.4932,nonmatch,0.8411,0,0.4671,0.6028,65.39199293522232
24,613,13,20,1,valence_classification,color_matching,matching,match_right,WJJW,noun,positive,brown,✲✲✲liebe✲✲✲✲,noun,positive,brown,0.4934,match,0.8381,0,0.4671,0.6028,65.39199293522232
24,614,14,20,1,valence_classification,color_matching,matching,match_right,WJJW,noun,positive,brown,✲entführung✲,noun,negative,blue,0.4932,nonmatch,0.6561,0,0.4671,0.6028,65.39199293522232
24,615,15,20,1,valence_classification,color_matching,matching,match_right,WJJW,noun,positive,brown,✲✲✲lustig✲✲✲,adjective,positive,brown,0.4932,match,0.44,0,0.4671,0.6028,65.39199293522232
24,616,16,20,1,valence_classification,color_matching,matching,match_right,WJJW,noun,positive,brown,✲✲schlecht✲✲,adjective,negative,brown,0.4932,match,0.4102,0,0.4671,0.6028,65.39199293522232
24,617,17,20,1,valence_classification,color_matching,matching,match_right,XVVX,adjective,positive,blue,✲✲ehrlich✲✲✲,adjective,positive,brown,0.4932,nonmatch,0.6464,0,0.4671,0.6028,65.39199293522232
24,618,18,20,1,valence_classification,color_matching,matching,match_right,ZYYZ,noun,negative,blue,✲✲✲schön✲✲✲✲,adjective,positive,brown,0.4966,nonmatch,0.3213,0,0.4671,0.6028,65.39199293522232
24,619,19,20,1,valence_classification,color_matching,matching,match_right,ZYYZ,noun,negative,brown,✲✲launisch✲✲,adjective,negative,blue,0.4932,nonmatch,0.4174,0,0.4671,0.6028,65.39199293522232
24,620,20,20,1,valence_classification,color_matching,matching,match_right,ZYYZ,noun,negative,blue,✲✲schlecht✲✲,adjective,negative,brown,0.4932,nonmatch,0.3745,0,0.4671,0.6028,65.39199293522232
24,621,21,20,1,valence_classification,color_matching,matching,match_right,ZYYZ,noun,negative,brown,✲✲✲glück✲✲✲✲,noun,positive,blue,0.4932,nonmatch,0.356,0,0.4671,0.6028,65.39199293522232
24,622,22,20,1,valence_classification,color_matching,matching,match_right,MQQM,adjective,negative,blue,✲✲✲schön✲✲✲✲,adjective,positive,blue,0.4932,match,0.575,0,0.4671,0.6028,65.39199293522232
24,623,23,20,1,valence_classification,color_matching,matching,match_right,MQQM,adjective,negative,blue,✲✲schlecht✲✲,adjective,negative,brown,0.4932,nonmatch,0.504,0,0.4671,0.6028,65.39199293522232
24,624,24,20,1,valence_classification,color_matching,matching,match_right,ZYYZ,noun,negative,brown,✲✲✲✲spaß✲✲✲✲,noun,positive,brown,0.4932,nonmatch,0.4786,1,0.4671,0.6028,65.39199293522232
24,625,25,20,1,valence_classification,color_matching,matching,match_right,XVVX,adjective,positive,brown,✲✲schleim✲✲✲,noun,negative,brown,0.4932,match,0.5271,0,0.4671,0.6028,65.39199293522232
24,626,26,20,1,valence_classification,color_matching,matching,match_right,XVVX,adjective,positive,blue,✲entführung✲,noun,negative,brown,0.4932,nonmatch,0.4867,0,0.4671,0.6028,65.39199293522232
24,627,27,20,1,valence_classification,color_matching,matching,match_right,ZYYZ,noun,negative,blue,✲✲✲liebe✲✲✲✲,noun,positive,blue,0.4932,match,0.9034,0,0.4671,0.6028,65.39199293522232
24,628,28,20,1,valence_classification,color_matching,matching,match_right,XVVX,adjective,positive,brown,✲✲✲✲gift✲✲✲✲,noun,negative,blue,0.4932,nonmatch,0.5123,0,0.4671,0.6028,65.39199293522232
24,629,29,20,1,valence_classification,color_matching,matching,match_right,MQQM,adjective,negative,brown,✲✲✲gütig✲✲✲✲,adjective,positive,blue,0.4932,nonmatch,1.48,0,0.4671,0.6028,65.39199293522232
24,630,30,20,1,valence_classification,color_matching,matching,match_right,MQQM,adjective,negative,blue,✲✲✲leiche✲✲✲,noun,negative,blue,0.4932,match,0.6083,0,0.4671,0.6028,65.39199293522232
24,631,31,20,1,valence_classification,color_matching,matching,match_right,WJJW,noun,positive,brown,✲✲✲eitel✲✲✲✲,adjective,negative,blue,0.4932,nonmatch,0.5906,0,0.4671,0.6028,65.39199293522232
24,632,32,20,1,valence_classification,color_matching,matching,match_right,XVVX,adjective,positive,brown,✲✲✲liebe✲✲✲✲,noun,positive,brown,0.4932,match,0.4717,0,0.4671,0.6028,65.39199293522232
24,633,33,20,1,valence_classification,color_matching,matching,match_right,XVVX,adjective,positive,brown,✲✲✲gierig✲✲✲,adjective,negative,brown,0.4972,match,0.7409,0,0.4671,0.6028,65.39199293522232
24,634,34,20,1,valence_classification,color_matching,matching,match_right,ZYYZ,noun,negative,brown,✲✲✲✲gift✲✲✲✲,noun,negative,brown,0.4932,match,0.5502,0,0.4456,0.5813,62.37822643615296
24,635,35,20,1,valence_classification,color_matching,matching,match_right,ZYYZ,noun,negative,blue,✲✲✲eitel✲✲✲✲,adjective,negative,blue,0.4932,match,0.6217,0,0.4264,0.5621,59.693179820877624
24,636,36,20,1,valence_classification,color_matching,matching,match_right,ZYYZ,noun,negative,brown,✲entführung✲,noun,negative,blue,0.4932,nonmatch,0.3777,0,0.4098,0.5455,57.36541505149836
24,637,37,20,1,valence_classification,color_matching,matching,match_right,WJJW,noun,positive,blue,✲✲einfall✲✲✲,noun,positive,brown,0.4932,nonmatch,0.6238,0,0.3953,0.5311,55.34778965485692
24,638,38,20,1,valence_classification,color_matching,matching,match_right,ZYYZ,noun,negative,brown,✲✲✲gierig✲✲✲,adjective,negative,brown,0.4932,nonmatch,0.3,1,0.3827,0.5184,53.57112291376739
24,639,39,20,1,valence_classification,color_matching,matching,match_right,MQQM,adjective,negative,brown,✲entführung✲,noun,negative,brown,0.4932,match,0.4252,0,0.4191,0.5549,58.68015453699102
24,640,40,20,1,valence_classification,color_matching,matching,match_right,XVVX,adjective,positive,blue,✲✲✲✲spaß✲✲✲✲,noun,positive,blue,0.4932,nonmatch,0.6095,1,0.4085,0.5442,57.1830913349786
24,641,41,20,1,valence_classification,color_matching,matching,match_right,WJJW,noun,positive,blue,✲✲✲gierig✲✲✲,adjective,negative,brown,0.4932,nonmatch,0.7876,0,0.44,0.5758,61.60529009999538
24,642,42,20,1,valence_classification,color_matching,matching,match_right,MQQM,adjective,negative,brown,✲✲✲liebe✲✲✲✲,noun,positive,blue,0.4932,match,0.6702,1,0.4296,0.5653,60.14813780042606
24,643,43,20,1,valence_classification,color_matching,matching,match_right,XVVX,adjective,positive,blue,✲✲✲leiche✲✲✲,noun,negative,blue,0.4932,match,0.4997,0,0.4602,0.5959,64.43203776954745
24,644,44,20,1,valence_classification,color_matching,matching,match_right,XVVX,adjective,positive,blue,✲✲einfall✲✲✲,noun,positive,brown,0.4932,nonmatch,0.4824,0,0.4497,0.5854,62.96120905760428
24,645,45,20,1,valence_classification,color_matching,matching,match_right,MQQM,adjective,negative,blue,✲✲ehrlich✲✲✲,adjective,positive,brown,0.4973,nonmatch,0.3701,0,0.441,0.5768,61.746568070455716
24,646,46,20,1,valence_classification,color_matching,matching,match_right,WJJW,noun,positive,brown,✲✲✲schön✲✲✲✲,adjective,positive,blue,0.4932,nonmatch,0.4966,0,0.4338,0.5695,60.72678983114755
24,647,47,20,1,valence_classification,color_matching,matching,match_right,WJJW,noun,positive,blue,✲✲✲gütig✲✲✲✲,adjective,positive,brown,0.4932,nonmatch,0.5203,0,0.4275,0.5633,59.85512977857688
24,648,48,20,1,valence_classification,color_matching,matching,match_right,ZYYZ,noun,negative,blue,✲✲einfall✲✲✲,noun,positive,brown,0.4932,nonmatch,0.5467,0,0.4222,0.5579,59.102422863002865
24,649,49,20,1,valence_classification,color_matching,matching,match_right,WJJW,noun,positive,blue,✲✲ehrlich✲✲✲,adjective,positive,blue,0.4932,match,0.3912,0,0.4175,0.5532,58.44411143657395
24,650,50,20,1,valence_classification,color_matching,matching,match_right,MQQM,adjective,negative,brown,✲✲✲eitel✲✲✲✲,adjective,negative,blue,0.4932,nonmatch,0.5676,0,0.4133,0.549,57.85723639551621
24,651,51,20,1,valence_classification,color_matching,matching,match_right,WJJW,noun,positive,blue,✲✲✲✲spaß✲✲✲✲,noun,positive,blue,0.4932,match,0.625,0,0.4095,0.5452,57.328272591438
24,652,52,20,1,valence_classification,color_matching,matching,match_right,XVVX,adjective,positive,brown,✲✲✲glück✲✲✲✲,noun,positive,blue,0.4932,nonmatch,0.5111,0,0.4061,0.5418,56.847429389540125
24,653,53,20,1,valence_classification,color_matching,matching,match_right,WJJW,noun,positive,brown,✲✲schleim✲✲✲,noun,negative,brown,0.4932,nonmatch,0.5755,1,0.4029,0.5386,56.410824717780834
24,654,54,20,1,valence_classification,color_matching,matching,match_right,ZYYZ,noun,negative,blue,✲✲✲leiche✲✲✲,noun,negative,blue,0.4932,match,0.5325,0,0.4119,0.5476,57.668958254120426
24,655,55,20,1,valence_classification,color_matching,matching,match_right,ZYYZ,noun,negative,brown,✲✲✲gütig✲✲✲✲,adjective,positive,brown,0.4932,nonmatch,0.3641,1,0.4088,0.5445,57.22758512940457
24,656,56,20,1,valence_classification,color_matching,matching,match_right,MQQM,adjective,negative,brown,✲✲launisch✲✲,adjective,negative,brown,0.4932,match,0.6171,0,0.4181,0.5538,58.53809286515404
24,657,57,20,1,valence_classification,color_matching,matching,match_right,MQQM,adjective,negative,brown,✲✲✲lustig✲✲✲,adjective,positive,brown,0.4932,match,0.3143,0,0.4149,0.5506,58.08853692054117
24,658,58,20,1,valence_classification,color_matching,matching,match_right,ZYYZ,noun,negative,brown,✲✲✲lustig✲✲✲,adjective,positive,blue,0.4932,nonmatch,0.4785,0,0.412,0.5477,57.67845274060304
24,659,59,20,1,valence_classification,color_matching,matching,match_right,WJJW,noun,positive,blue,✲✲✲leiche✲✲✲,noun,negative,blue,0.4932,nonmatch,0.4394,1,0.4093,0.545,57.29762885139127
24,660,60,20,1,valence_classification,color_matching,matching,match_right,XVVX,adjective,positive,brown,✲✲✲gütig✲✲✲✲,adjective,positive,blue,0.4932,nonmatch,0.6459,0,0.4173,0.553,58.41791857879118
24,661,61,20,1,valence_classification,color_matching,matching,match_right,WJJW,noun,positive,blue,✲✲✲✲gift✲✲✲✲,noun,negative,brown,0.4962,nonmatch,0.4255,0,0.4145,0.5502,58.02620238197398
24,662,62,20,1,valence_classification,color_matching,matching,match_right,XVVX,adjective,positive,blue,✲✲✲lustig✲✲✲,adjective,positive,blue,0.4932,nonmatch,0.2765,1,0.4119,0.5477,57.67236973669836
24,663,63,20,1,valence_classification,color_matching,matching,match_right,MQQM,adjective,negative,blue,✲✲✲✲spaß✲✲✲✲,noun,positive,blue,0.4932,match,0.5253,0,0.4191,0.5548,58.673272303610766
24,664,64,20,1,valence_classification,color_matching,matching,match_right,XVVX,adjective,positive,brown,✲✲✲schön✲✲✲✲,adjective,positive,brown,0.4932,nonmatch,0.4689,1,0.4165,0.5522,58.30893548604789
24,665,1,21,2,valence_classification,color_matching,matching,match_right,MQQM,adjective,negative,brown,✲✲launisch✲✲,adjective,negative,blue,0.4933,nonmatch,0.4331,0,0.4244,0.5601,59.410439493711664
24,666,2,21,2,valence_classification,color_matching,matching,match_right,ZYYZ,noun,negative,blue,✲✲✲liebe✲✲✲✲,noun,positive,brown,0.4932,nonmatch,0.3673,0,0.4216,0.5573,59.02748825173512
24,667,3,21,2,valence_classification,color_matching,matching,match_right,WJJW,noun,positive,blue,✲✲✲✲gift✲✲✲✲,noun,negative,brown,0.4932,nonmatch,0.6217,0,0.4191,0.5548,58.6774280336953
24,668,4,21,2,valence_classification,color_matching,matching,match_right,XVVX,adjective,positive,blue,✲✲✲eitel✲✲✲✲,adjective,negative,blue,0.4932,nonmatch,0.2784,1,0.4168,0.5525,58.355751540219984
24,668,4,21,2,valence_classification,color_matching,matching,match_right,XVVX,adjective,positive,blue,✲✲✲eitel✲✲✲✲,adjective,negative,blue,0.4932,match,0.5529,0,0.4168,0.5525,58.355751540219984
24,669,5,21,2,valence_classification,color_matching,matching,match_right,WJJW,noun,positive,blue,✲entführung✲,noun,negative,blue,0.4932,match,0.4967,0,0.4147,0.5504,58.05234398779959
24,670,6,21,2,valence_classification,color_matching,matching,match_right,WJJW,noun,positive,blue,✲✲✲liebe✲✲✲✲,noun,positive,brown,0.4932,nonmatch,0.4207,0,0.4127,0.5484,57.774331562357546
24,671,7,21,2,valence_classification,color_matching,matching,match_right,WJJW,noun,positive,brown,✲✲✲✲spaß✲✲✲✲,noun,positive,brown,0.4932,nonmatch,0.4135,1,0.4108,0.5465,57.5090529049778
24,672,8,21,2,valence_classification,color_matching,matching,match_right,WJJW,noun,positive,blue,✲✲✲lustig✲✲✲,adjective,positive,brown,0.4967,nonmatch,0.5664,0,0.4162,0.5519,58.26765287583083
24,673,9,21,2,valence_classification,color_matching,matching,match_right,ZYYZ,noun,negative,blue,✲✲✲eitel✲✲✲✲,adjective,negative,brown,0.4932,nonmatch,0.4348,0,0.4142,0.5499,57.99249489179504
24,674,10,21,2,valence_classification,color_matching,matching,match_right,ZYYZ,noun,negative,brown,✲✲ehrlich✲✲✲,adjective,positive,blue,0.4932,nonmatch,0.353,0,0.4125,0.5482,57.74526115096465
24,675,11,21,2,valence_classification,color_matching,matching,match_right,XVVX,adjective,positive,blue,✲✲✲leiche✲✲✲,noun,negative,blue,0.4932,match,0.7178,0,0.4107,0.5465,57.50452570238041
24,676,12,21,2,valence_classification,color_matching,matching,match_right,XVVX,adjective,positive,brown,✲✲✲✲spaß✲✲✲✲,noun,positive,blue,0.4932,match,0.4538,1,0.4091,0.5448,57.27861822309691
24,677,13,21,2,valence_classification,color_matching,matching,match_right,XVVX,adjective,positive,blue,✲✲✲gütig✲✲✲✲,adjective,positive,blue,0.4932,match,0.3823,0,0.4139,0.5496,57.946182963462604
24,678,14,21,2,valence_classification,color_matching,matching,match_right,ZYYZ,noun,negative,brown,✲✲✲✲gift✲✲✲✲,noun,negative,brown,0.4932,nonmatch,0.3072,1,0.4123,0.548,57.7211972361052
24,679,15,21,2,valence_classification,color_matching,matching,match_right,ZYYZ,noun,negative,blue,✲✲launisch✲✲,adjective,negative,blue,0.4932,nonmatch,0.4638,1,0.4173,0.553,58.41538933439232
24,680,16,21,2,valence_classification,color_matching,matching,match_right,WJJW,noun,positive,brown,✲✲✲leiche✲✲✲,noun,negative,brown,0.4932,match,0.4558,0,0.4225,0.5583,59.15572702811959
24,681,17,21,2,valence_classification,color_matching,matching,match_right,WJJW,noun,positive,brown,✲✲einfall✲✲✲,noun,positive,blue,0.4932,match,0.4502,1,0.4207,0.5565,58.90335859928254
24,682,18,21,2,valence_classification,color_matching,matching,match_right,MQQM,adjective,negative,brown,✲✲✲✲gift✲✲✲✲,noun,negative,blue,0.4932,nonmatch,0.4609,0,0.4263,0.562,59.676785362408204
24,683,19,21,2,valence_classification,color_matching,matching,match_right,MQQM,adjective,negative,brown,✲✲✲eitel✲✲✲✲,adjective,negative,brown,0.4932,match,0.5181,0,0.4244,0.5601,59.4132774226905
24,684,20,21,2,valence_classification,color_matching,matching,match_right,WJJW,noun,positive,brown,✲✲✲schön✲✲✲✲,adjective,positive,brown,0.4932,match,0.3699,0,0.4225,0.5583,59.156547300852495
24,685,21,21,2,valence_classification,color_matching,matching,match_right,XVVX,adjective,positive,brown,✲✲launisch✲✲,adjective,negative,blue,0.4932,nonmatch,0.4252,0,0.4209,0.5566,58.92635242725073
24,686,22,21,2,valence_classification,color_matching,matching,match_right,MQQM,adjective,negative,blue,✲✲✲liebe✲✲✲✲,noun,positive,blue,0.4932,nonmatch,0.4031,1,0.4193,0.555,58.70219208301729
24,687,23,21,2,valence_classification,color_matching,matching,match_right,ZYYZ,noun,negative,brown,✲✲schleim✲✲✲,noun,negative,blue,0.4932,match,0.5888,1,0.4239,0.5596,59.34015567082129
24,688,24,21,2,valence_classification,color_matching,matching,match_right,XVVX,adjective,positive,blue,✲✲ehrlich✲✲✲,adjective,positive,brown,0.4932,nonmatch,3.6451,0,0.4288,0.5645,60.029442586921036
24,689,25,21,2,valence_classification,color_matching,matching,match_right,ZYYZ,noun,negative,brown,✲✲schlecht✲✲,adjective,negative,blue,0.4932,nonmatch,0.6011,0,0.427,0.5627,59.77427461162637
24,690,26,21,2,valence_classification,color_matching,matching,match_right,XVVX,adjective,positive,brown,✲✲✲✲gift✲✲✲✲,noun,negative,blue,0.4932,nonmatch,0.3968,0,0.4253,0.561,59.5435442817257
24,691,27,21,2,valence_classification,color_matching,matching,match_right,ZYYZ,noun,negative,blue,✲✲✲leiche✲✲✲,noun,negative,brown,0.4932,nonmatch,0.311,0,0.4237,0.5594,59.32145871799155
24,692,28,21,2,valence_classification,color_matching,matching,match_right,ZYYZ,noun,negative,blue,✲entführung✲,noun,negative,blue,0.4932,nonmatch,0.6107,1,0.4222,0.5579,59.10694795708875
24,693,29,21,2,valence_classification,color_matching,matching,match_right,WJJW,noun,positive,blue,✲✲ehrlich✲✲✲,adjective,positive,blue,0.4964,nonmatch,0.3388,1,0.4266,0.5623,59.721588431301775
24,694,30,21,2,valence_classification,color_matching,matching,match_right,XVVX,adjective,positive,brown,✲✲schlecht✲✲,adjective,negative,brown,0.4964,match,0.4189,0,0.4314,0.5671,60.391003896975405
24,695,31,21,2,valence_classification,color_matching,matching,match_right,WJJW,noun,positive,brown,✲✲schleim✲✲✲,noun,negative,blue,0.4932,nonmatch,0.5539,0,0.4297,0.5654,60.158104548748355
24,696,32,21,2,valence_classification,color_matching,matching,match_right,XVVX,adjective,positive,blue,✲✲✲gierig✲✲✲,adjective,negative,brown,0.4932,nonmatch,0.4707,0,0.4281,0.5638,59.93580282884926
24,697,33,21,2,valence_classification,color_matching,matching,match_right,XVVX,adjective,positive,blue,✲✲schleim✲✲✲,noun,negative,brown,0.4932,nonmatch,0.332,0,0.4266,0.5623,59.719564895926595
24,698,34,21,2,valence_classification,color_matching,matching,match_right,XVVX,adjective,positive,brown,✲✲✲lustig✲✲✲,adjective,positive,brown,0.4932,nonmatch,0.766,1,0.4252,0.5609,59.52570678223047
24,699,35,21,2,valence_classification,color_matching,matching,match_right,XVVX,adjective,positive,brown,✲✲✲schön✲✲✲✲,adjective,positive,blue,0.4932,nonmatch,0.4359,0,0.4295,0.5652,60.12539217150413
24,700,36,21,2,valence_classification,color_matching,matching,match_right,ZYYZ,noun,negative,blue,✲✲✲lustig✲✲✲,adjective,positive,blue,0.4932,nonmatch,0.3674,1,0.428,0.5637,59.919102608539035
24,701,37,21,2,valence_classification,color_matching,matching,match_right,WJJW,noun,positive,blue,✲✲✲glück✲✲✲✲,noun,positive,blue,0.4932,match,0.6464,0,0.4322,0.5679,60.50452544149151
24,702,38,21,2,valence_classification,color_matching,matching,match_right,XVVX,adjective,positive,brown,✲✲✲glück✲✲✲✲,noun,positive,brown,0.4932,nonmatch,0.6169,1,0.4306,0.5663,60.288815137570104
24,703,39,21,2,valence_classification,color_matching,matching,match_right,MQQM,adjective,negative,brown,✲✲✲gütig✲✲✲✲,adjective,positive,brown,0.4932,nonmatch,0.4031,1,0.4351,0.5708,60.909263322189354
24,704,40,21,2,valence_classification,color_matching,matching,match_right,WJJW,noun,positive,brown,✲✲✲eitel✲✲✲✲,adjective,negative,brown,0.4932,match,0.6875,0,0.4399,0.5756,61.58883192052406
24,705,41,21,2,valence_classification,color_matching,matching,match_right,ZYYZ,noun,negative,brown,✲✲✲gierig✲✲✲,adjective,negative,brown,0.4932,match,0.4824,0,0.4382,0.5739,61.352406786418975
24,706,42,21,2,valence_classification,color_matching,matching,match_right,XVVX,adjective,positive,blue,✲✲einfall✲✲✲,noun,positive,blue,0.4932,nonmatch,0.371,1,0.4366,0.5723,61.12503996135593
24,707,43,21,2,valence_classification,color_matching,matching,match_right,MQQM,adjective,negative,blue,✲✲✲gierig✲✲✲,adjective,negative,blue,0.4932,match,0.6644,0,0.4412,0.5769,61.77056900412492
24,708,44,21,2,valence_classification,color_matching,matching,match_right,MQQM,adjective,negative,blue,✲✲✲lustig✲✲✲,adjective,positive,blue,0.4932,match,0.5395,0,0.4395,0.5752,61.52985186644587
24,709,45,21,2,valence_classification,color_matching,matching,match_right,WJJW,noun,positive,brown,✲✲✲gütig✲✲✲✲,adjective,positive,blue,0.4932,match,0.5972,1,0.438,0.5737,61.3148689391989
24,710,46,21,2,valence_classification,color_matching,matching,match_right,ZYYZ,noun,negative,brown,✲✲✲✲spaß✲✲✲✲,noun,positive,brown,0.4932,nonmatch,0.3917,1,0.4427,0.5784,61.978846498342115
24,711,47,21,2,valence_classification,color_matching,matching,match_right,ZYYZ,noun,negative,brown,✲✲✲gütig✲✲✲✲,adjective,positive,brown,0.4932,match,0.5978,0,0.4479,0.5836,62.708400921464616
24,712,48,21,2,valence_classification,color_matching,matching,match_right,MQQM,adjective,negative,blue,✲✲✲leiche✲✲✲,noun,negative,blue,0.4932,match,0.4546,0,0.4461,0.5818,62.455233150676435
24,713,49,21,2,valence_classification,color_matching,matching,match_right,MQQM,adjective,negative,brown,✲✲✲✲spaß✲✲✲✲,noun,positive,brown,0.4932,match,0.4609,0,0.4444,0.5801,62.209162329662334
24,714,50,21,2,valence_classification,color_matching,matching,match_right,MQQM,adjective,negative,brown,✲✲einfall✲✲✲,noun,positive,blue,0.4932,nonmatch,0.4267,0,0.4428,0.5785,61.988351477452994
24,715,51,21,2,valence_classification,color_matching,matching,match_right,MQQM,adjective,negative,brown,✲✲ehrlich✲✲✲,adjective,positive,blue,0.4932,nonmatch,0.6403,0,0.4413,0.577,61.776250918000756
24,716,52,21,2,valence_classification,color_matching,matching,match_right,XVVX,adjective,positive,brown,✲entführung✲,noun,negative,brown,0.4932,match,0.3855,0,0.4398,0.5755,61.56807718058664
24,717,53,21,2,valence_classification,color_matching,matching,match_right,MQQM,adjective,negative,blue,✲✲✲glück✲✲✲✲,noun,positive,brown,0.4932,nonmatch,0.7285,0,0.4384,0.5742,61.382790441472444
24,718,54,21,2,valence_classification,color_matching,matching,match_right,ZYYZ,noun,negative,blue,✲✲✲glück✲✲✲✲,noun,positive,blue,0.4932,nonmatch,0.6174,1,0.4372,0.5729,61.20244381000595
24,719,55,21,2,valence_classification,color_matching,matching,match_right,WJJW,noun,positive,blue,✲✲schlecht✲✲,adjective,negative,brown,0.4932,nonmatch,0.4855,0,0.4408,0.5765,61.71419413857516
24,720,56,21,2,valence_classification,color_matching,matching,match_right,WJJW,noun,positive,brown,✲✲launisch✲✲,adjective,negative,blue,0.4932,nonmatch,0.4624,0,0.4394,0.5752,61.52258332014329
24,721,57,21,2,valence_classification,color_matching,matching,match_right,ZYYZ,noun,negative,brown,✲✲einfall✲✲✲,noun,positive,blue,0.4932,nonmatch,0.4255,0,0.4382,0.5739,61.350085441334365
24,722,58,21,2,valence_classification,color_matching,matching,match_right,WJJW,noun,positive,blue,✲✲✲gierig✲✲✲,adjective,negative,blue,0.4932,nonmatch,0.6591,1,0.437,0.5727,61.18077973056315
24,723,59,21,2,valence_classification,color_matching,matching,match_right,MQQM,adjective,negative,blue,✲entführung✲,noun,negative,brown,0.4933,nonmatch,0.6722,0,0.4404,0.5761,61.658837691814604
24,724,60,21,2,valence_classification,color_matching,matching,match_right,MQQM,adjective,negative,blue,✲✲✲schön✲✲✲✲,adjective,positive,brown,0.4932,nonmatch,0.4317,0,0.4392,0.5749,61.48300225687425
24,725,61,21,2,valence_classification,color_matching,matching,match_right,ZYYZ,noun,negative,blue,✲✲✲schön✲✲✲✲,adjective,positive,brown,0.4932,nonmatch,0.6861,0,0.438,0.5737,61.32090514603565
24,726,62,21,2,valence_classification,color_matching,matching,match_right,MQQM,adjective,negative,blue,✲✲schlecht✲✲,adjective,negative,brown,0.4932,nonmatch,0.3531,0,0.4369,0.5726,61.16131169233532
24,727,63,21,2,valence_classification,color_matching,matching,match_right,MQQM,adjective,negative,brown,✲✲schleim✲✲✲,noun,negative,brown,0.4932,match,0.5682,0,0.4357,0.5715,61.003495676077094
24,728,64,21,2,valence_classification,color_matching,matching,match_right,XVVX,adjective,positive,blue,✲✲✲liebe✲✲✲✲,noun,positive,brown,0.4932,nonmatch,0.5252,0,0.4347,0.5704,60.85662398279027
24,729,1,22,3,valence_classification,color_matching,matching,match_right,WJJW,noun,positive,blue,✲✲schlecht✲✲,adjective,negative,blue,0.4932,match,0.4186,0,0.4337,0.5694,60.71845471305534
24,730,2,22,3,valence_classification,color_matching,matching,match_right,XVVX,adjective,positive,brown,✲✲schlecht✲✲,adjective,negative,brown,0.4932,nonmatch,0.4318,1,0.4327,0.5684,60.582016175694775
24,731,3,22,3,valence_classification,color_matching,matching,match_right,MQQM,adjective,negative,blue,✲✲✲schön✲✲✲✲,adjective,positive,blue,0.4932,match,0.6388,0,0.4354,0.5712,60.96242024119999
24,732,4,22,3,valence_classification,color_matching,matching,match_right,ZYYZ,noun,negative,brown,✲✲✲eitel✲✲✲✲,adjective,negative,brown,0.4932,match,0.4967,0,0.4345,0.5702,60.82686815826882
24,733,5,22,3,valence_classification,color_matching,matching,match_right,ZYYZ,noun,negative,blue,✲✲ehrlich✲✲✲,adjective,positive,blue,0.4932,nonmatch,0.5414,1,0.4335,0.5693,60.69546872322566
24,734,6,22,3,valence_classification,color_matching,matching,match_right,XVVX,adjective,positive,blue,✲✲einfall✲✲✲,noun,positive,blue,0.4932,match,0.4894,0,0.4364,0.5722,61.10128674563915
24,735,7,22,3,valence_classification,color_matching,matching,match_right,MQQM,adjective,negative,brown,✲✲✲liebe✲✲✲✲,noun,positive,brown,0.4932,nonmatch,0.3624,1,0.4354,0.5711,60.95741463828827
24,736,8,22,3,valence_classification,color_matching,matching,match_right,XVVX,adjective,positive,blue,✲✲launisch✲✲,adjective,negative,blue,0.4932,match,0.6569,0,0.4383,0.574,61.36506815241026
24,737,9,22,3,valence_classification,color_matching,matching,match_right,ZYYZ,noun,negative,blue,✲✲✲glück✲✲✲✲,noun,positive,blue,0.4932,match,0.4031,0,0.4373,0.573,61.226308223974804
24,738,10,22,3,valence_classification,color_matching,matching,match_right,MQQM,adjective,negative,brown,✲✲einfall✲✲✲,noun,positive,blue,0.4932,match,0.3143,1,0.4364,0.5721,61.089348568899005
24,739,11,22,3,valence_classification,color_matching,matching,match_right,MQQM,adjective,negative,blue,✲✲schlecht✲✲,adjective,negative,blue,0.4932,match,0.9001,0,0.4391,0.5748,61.4746343968312
24,740,12,22,3,valence_classification,color_matching,matching,match_right,ZYYZ,noun,negative,brown,✲✲✲leiche✲✲✲,noun,negative,brown,0.4932,match,0.5396,0,0.4381,0.5739,61.340582890752394
24,741,13,22,3,valence_classification,color_matching,matching,match_right,XVVX,adjective,positive,brown,✲✲✲eitel✲✲✲✲,adjective,negative,blue,0.4932,nonmatch,0.6908,0,0.4372,0.5729,61.2083039467646
24,742,14,22,3,valence_classification,color_matching,matching,match_right,MQQM,adjective,negative,blue,✲✲✲leiche✲✲✲,noun,negative,brown,0.4932,nonmatch,0.4272,0,0.4363,0.572,61.07747776490669
24,743,15,22,3,valence_classification,color_matching,matching,match_right,ZYYZ,noun,negative,brown,✲✲✲liebe✲✲✲✲,noun,positive,brown,0.4932,match,0.8124,0,0.4353,0.571,60.94609585417349
24,744,16,22,3,valence_classification,color_matching,matching,match_right,XVVX,adjective,positive,brown,✲✲schleim✲✲✲,noun,negative,blue,0.4932,match,0.6976,1,0.4345,0.5702,60.82999746878811
24,745,17,22,3,valence_classification,color_matching,matching,match_right,MQQM,adjective,negative,brown,✲✲schleim✲✲✲,noun,negative,brown,0.4932,match,0.3929,0,0.4371,0.5728,61.19342717521873
24,746,18,22,3,valence_classification,color_matching,matching,match_right,MQQM,adjective,negative,blue,✲entführung✲,noun,negative,blue,0.4932,match,0.5038,0,0.4362,0.5719,61.067944951185474
24,747,19,22,3,valence_classification,color_matching,matching,match_right,WJJW,noun,positive,brown,✲✲✲gütig✲✲✲✲,adjective,positive,brown,0.4963,match,0.5148,0,0.4353,0.571,60.942280266177036
24,748,20,22,3,valence_classification,color_matching,matching,match_right,WJJW,noun,positive,blue,✲✲✲lustig✲✲✲,adjective,positive,brown,0.4932,nonmatch,0.5432,0,0.4345,0.5702,60.83100133623256
24,749,21,22,3,valence_classification,color_matching,matching,match_right,XVVX,adjective,positive,brown,✲✲✲lustig✲✲✲,adjective,positive,brown,0.4932,match,0.5324,0,0.4337,0.5694,60.721537573271796
24,750,22,22,3,valence_classification,color_matching,matching,match_right,WJJW,noun,positive,brown,✲✲launisch✲✲,adjective,negative,blue,0.4932,nonmatch,0.474,0,0.433,0.5687,60.61310791895219
24,751,23,22,3,valence_classification,color_matching,matching,match_right,MQQM,adjective,negative,blue,✲✲✲eitel✲✲✲✲,adjective,negative,brown,0.4932,nonmatch,0.3569,0,0.4322,0.5679,60.50562778349783
24,752,24,22,3,valence_classification,color_matching,matching,match_right,ZYYZ,noun,negative,brown,✲✲✲schön✲✲✲✲,adjective,positive,brown,0.4932,match,0.4701,0,0.4314,0.5671,60.39755618592815
24,753,25,22,3,valence_classification,color_matching,matching,match_right,WJJW,noun,positive,blue,✲✲✲✲spaß✲✲✲✲,noun,positive,blue,0.4932,match,0.6909,0,0.4307,0.5664,60.29462048690721
24,754,26,22,3,valence_classification,color_matching,matching,match_right,WJJW,noun,positive,blue,✲✲✲liebe✲✲✲✲,noun,positive,brown,0.4932,nonmatch,0.4849,0,0.43,0.5657,60.19961312173893
24,755,27,22,3,valence_classification,color_matching,matching,match_right,WJJW,noun,positive,brown,✲✲✲gierig✲✲✲,adjective,negative,brown,0.4932,match,0.6391,0,0.4293,0.565,60.10580626882941
24,756,28,22,3,valence_classification,color_matching,matching,match_right,ZYYZ,noun,negative,blue,✲✲launisch✲✲,adjective,negative,blue,0.4932,match,0.5189,0,0.4287,0.5644,60.012627869530576
24,757,29,22,3,valence_classification,color_matching,matching,match_right,WJJW,noun,positive,blue,✲✲✲✲gift✲✲✲✲,noun,negative,brown,0.4932,nonmatch,0.5467,0,0.428,0.5637,59.9200970801632
24,758,30,22,3,valence_classification,color_matching,matching,match_right,WJJW,noun,positive,brown,✲✲einfall✲✲✲,noun,positive,blue,0.4932,match,0.3775,1,0.4273,0.563,59.826986286667015
24,759,31,22,3,valence_classification,color_matching,matching,match_right,ZYYZ,noun,negative,brown,✲✲✲gütig✲✲✲✲,adjective,positive,blue,0.4932,nonmatch,0.7441,0,0.4292,0.5649,60.09076089180844
24,760,32,22,3,valence_classification,color_matching,matching,match_right,ZYYZ,noun,negative,blue,✲entführung✲,noun,negative,blue,0.4932,nonmatch,0.5181,1,0.4286,0.5643,60.00049939083466
24,761,33,22,3,valence_classification,color_matching,matching,match_right,MQQM,adjective,negative,brown,✲✲✲✲gift✲✲✲✲,noun,negative,blue,0.4933,match,0.4175,1,0.4304,0.5661,60.25169752235959
24,762,34,22,3,valence_classification,color_matching,matching,match_right,MQQM,adjective,negative,brown,✲✲launisch✲✲,adjective,negative,blue,0.4932,nonmatch,0.4916,0,0.4324,0.5681,60.53517905143982
24,763,35,22,3,valence_classification,color_matching,matching,match_right,WJJW,noun,positive,brown,✲✲✲schön✲✲✲✲,adjective,positive,blue,0.4932,nonmatch,0.4702,0,0.4317,0.5674,60.4370666500979
24,764,36,22,3,valence_classification,color_matching,matching,match_right,XVVX,adjective,positive,blue,✲✲✲gütig✲✲✲✲,adjective,positive,blue,0.4932,nonmatch,0.5181,1,0.431,0.5667,60.33821192779941
24,765,37,22,3,valence_classification,color_matching,matching,match_right,ZYYZ,noun,negative,blue,✲✲schleim✲✲✲,noun,negative,brown,0.4932,match,0.5468,1,0.433,0.5687,60.62001160240187
24,766,38,22,3,valence_classification,color_matching,matching,match_right,WJJW,noun,positive,blue,✲✲✲eitel✲✲✲✲,adjective,negative,brown,0.4932,nonmatch,0.4774,0,0.4349,0.5706,60.884932581640626
24,767,39,22,3,valence_classification,color_matching,matching,match_right,ZYYZ,noun,negative,blue,✲✲einfall✲✲✲,noun,positive,brown,0.4932,nonmatch,0.3101,0,0.4342,0.5699,60.790994607576565
24,768,40,22,3,valence_classification,color_matching,matching,match_right,WJJW,noun,positive,brown,✲✲schleim✲✲✲,noun,negative,blue,0.4932,nonmatch,0.6689,0,0.4336,0.5693,60.6981977126529
24,769,41,22,3,valence_classification,color_matching,matching,match_right,MQQM,adjective,negative,blue,✲✲✲glück✲✲✲✲,noun,positive,brown,0.4962,nonmatch,0.3253,0,0.4329,0.5686,60.60598670353542
24,770,42,22,3,valence_classification,color_matching,matching,match_right,WJJW,noun,positive,brown,✲✲✲glück✲✲✲✲,noun,positive,brown,0.4932,match,0.5903,0,0.4322,0.568,60.51439115359131
24,771,43,22,3,valence_classification,color_matching,matching,match_right,ZYYZ,noun,negative,brown,✲✲schlecht✲✲,adjective,negative,blue,0.4932,nonmatch,0.3899,0,0.4316,0.5673,60.42220894093703
24,772,44,22,3,valence_classification,color_matching,matching,match_right,MQQM,adjective,negative,blue,✲✲✲✲spaß✲✲✲✲,noun,positive,blue,0.4932,nonmatch,0.4174,1,0.4309,0.5666,60.33032958438738
24,773,45,22,3,valence_classification,color_matching,matching,match_right,MQQM,adjective,negative,blue,✲✲✲gütig✲✲✲✲,adjective,positive,brown,0.4932,match,0.5963,1,0.4328,0.5685,60.59455656651293
24,774,46,22,3,valence_classification,color_matching,matching,match_right,XVVX,adjective,positive,blue,✲✲✲✲spaß✲✲✲✲,noun,positive,brown,0.4932,nonmatch,0.4931,0,0.4346,0.5703,60.84353717494114
24,775,47,22,3,valence_classification,color_matching,matching,match_right,ZYYZ,noun,negative,blue,✲✲✲lustig✲✲✲,adjective,positive,brown,0.4986,nonmatch,0.3733,0,0.434,0.5697,60.75568858763204
24,776,48,22,3,valence_classification,color_matching,matching,match_right,XVVX,adjective,positive,brown,✲✲✲glück✲✲✲✲,noun,positive,blue,0.4932,match,0.3555,1,0.4333,0.5691,60.66866322839121
24,777,49,22,3,valence_classification,color_matching,matching,match_right,WJJW,noun,positive,blue,✲✲ehrlich✲✲✲,adjective,positive,blue,0.4932,match,0.3531,0,0.4352,0.5709,60.92941140102797
24,778,50,22,3,valence_classification,color_matching,matching,match_right,MQQM,adjective,negative,brown,✲✲ehrlich✲✲✲,adjective,positive,blue,0.4932,nonmatch,0.4609,0,0.4346,0.5703,60.84311818117162
24,779,51,22,3,valence_classification,color_matching,matching,match_right,XVVX,adjective,positive,brown,✲✲✲schön✲✲✲✲,adjective,positive,blue,0.4932,nonmatch,0.5403,0,0.434,0.5697,60.75808275765356
24,780,52,22,3,valence_classification,color_matching,matching,match_right,WJJW,noun,positive,brown,✲entführung✲,noun,negative,brown,0.4932,match,0.5782,0,0.4334,0.5691,60.673832630595804
24,781,53,22,3,valence_classification,color_matching,matching,match_right,WJJW,noun,positive,blue,✲✲✲leiche✲✲✲,noun,negative,blue,0.4932,nonmatch,0.4697,1,0.4328,0.5685,60.589913990242735
24,782,54,22,3,valence_classification,color_matching,matching,match_right,XVVX,adjective,positive,blue,✲✲✲leiche✲✲✲,noun,negative,brown,0.4932,nonmatch,0.4057,0,0.4345,0.5702,60.82366654253951
24,783,55,22,3,valence_classification,color_matching,matching,match_right,MQQM,adjective,negative,brown,✲✲✲gierig✲✲✲,adjective,negative,brown,0.4932,nonmatch,0.6262,1,0.4339,0.5696,60.741291406674044
24,784,56,22,3,valence_classification,color_matching,matching,match_right,MQQM,adjective,negative,brown,✲✲✲lustig✲✲✲,adjective,positive,brown,0.4932,match,0.4823,0,0.4357,0.5714,60.99229116325479
24,785,57,22,3,valence_classification,color_matching,matching,match_right,ZYYZ,noun,negative,brown,✲✲✲✲spaß✲✲✲✲,noun,positive,blue,0.4932,nonmatch,0.3273,0,0.435,0.5707,60.90465735453532
24,786,58,22,3,valence_classification,color_matching,matching,match_right,XVVX,adjective,positive,blue,✲✲ehrlich✲✲✲,adjective,positive,brown,0.4932,match,0.456,1,0.4345,0.5702,60.82372468656395
24,787,59,22,3,valence_classification,color_matching,matching,match_right,XVVX,adjective,positive,blue,✲✲✲gierig✲✲✲,adjective,negative,brown,0.4932,nonmatch,0.3217,0,0.4363,0.572,61.07700573086448
24,788,60,22,3,valence_classification,color_matching,matching,match_right,ZYYZ,noun,negative,brown,✲✲✲✲gift✲✲✲✲,noun,negative,blue,0.4932,match,0.6264,1,0.4356,0.5713,60.986871888798326
24,789,61,22,3,valence_classification,color_matching,matching,match_right,XVVX,adjective,positive,blue,✲✲✲✲gift✲✲✲✲,noun,negative,blue,0.4932,nonmatch,0.3646,1,0.4374,0.5732,61.242761499645056
24,790,62,22,3,valence_classification,color_matching,matching,match_right,XVVX,adjective,positive,brown,✲entführung✲,noun,negative,brown,0.4932,nonmatch,0.2398,1,0.4392,0.5749,61.4848472145839
24,791,63,22,3,valence_classification,color_matching,matching,match_right,XVVX,adjective,positive,brown,✲✲✲liebe✲✲✲✲,noun,positive,brown,0.4932,match,0.3995,0,0.4412,0.5769,61.76169671808078
24,792,64,22,3,valence_classification,color_matching,matching,match_right,ZYYZ,noun,negative,blue,✲✲✲gierig✲✲✲,adjective,negative,brown,0.4932,nonmatch,0.6407,0,0.4405,0.5762,61.66592447829038
24,793,1,23,4,valence_classification,color_matching,matching,match_right,XVVX,adjective,positive,blue,✲entführung✲,noun,negative,brown,0.4932,nonmatch,0.3849,0,0.4398,0.5755,61.569246048456975
24,794,2,23,4,valence_classification,color_matching,matching,match_right,WJJW,noun,positive,brown,✲✲✲lustig✲✲✲,adjective,positive,brown,0.4932,match,0.5861,0,0.4392,0.5749,61.48321262580737
24,795,3,23,4,valence_classification,color_matching,matching,match_right,MQQM,adjective,negative,brown,✲✲✲lustig✲✲✲,adjective,positive,brown,0.4933,match,0.2958,0,0.4386,0.5743,61.399788806229616
24,796,4,23,4,valence_classification,color_matching,matching,match_right,MQQM,adjective,negative,brown,✲✲✲✲gift✲✲✲✲,noun,negative,blue,0.4932,match,0.2539,1,0.438,0.5737,61.317306548380884
24,797,5,23,4,valence_classification,color_matching,matching,match_right,MQQM,adjective,negative,blue,✲✲✲eitel✲✲✲✲,adjective,negative,brown,0.4932,nonmatch,0.5278,0,0.4397,0.5755,61.56448831599646
24,798,6,23,4,valence_classification,color_matching,matching,match_right,XVVX,adjective,positive,brown,✲✲✲schön✲✲✲✲,adjective,positive,blue,0.4932,nonmatch,0.6741,0,0.4392,0.5749,61.481612758713354
24,799,7,23,4,valence_classification,color_matching,matching,match_right,MQQM,adjective,negative,blue,✲✲einfall✲✲✲,noun,positive,blue,0.4932,match,0.4573,0,0.4386,0.5743,61.400706449125586
24,800,8,23,4,valence_classification,color_matching,matching,match_right,WJJW,noun,positive,blue,✲✲✲gierig✲✲✲,adjective,negative,blue,0.4932,nonmatch,0.4466,1,0.438,0.5737,61.32069628172084
24,801,9,23,4,valence_classification,color_matching,matching,match_right,ZYYZ,noun,negative,blue,✲✲✲gierig✲✲✲,adjective,negative,blue,0.4932,match,0.2679,0,0.4397,0.5754,61.55992375897617
24,802,10,23,4,valence_classification,color_matching,matching,match_right,MQQM,adjective,negative,blue,✲✲✲schön✲✲✲✲,adjective,positive,blue,0.4932,nonmatch,0.5189,1,0.4391,0.5749,61.4800463210076
24,803,11,23,4,valence_classification,color_matching,matching,match_right,XVVX,adjective,positive,brown,✲✲✲✲spaß✲✲✲✲,noun,positive,brown,0.4932,nonmatch,0.6582,1,0.4409,0.5767,61.73242275451908
24,804,12,23,4,valence_classification,color_matching,matching,match_right,WJJW,noun,positive,brown,✲✲launisch✲✲,adjective,negative,blue,0.4932,nonmatch,0.3467,0,0.4427,0.5784,61.97855955143092
24,805,13,23,4,valence_classification,color_matching,matching,match_right,WJJW,noun,positive,brown,✲✲✲leiche✲✲✲,noun,negative,brown,0.4932,nonmatch,0.2458,1,0.4421,0.5778,61.89283771403262
24,806,14,23,4,valence_classification,color_matching,matching,match_right,MQQM,adjective,negative,blue,✲✲✲leiche✲✲✲,noun,negative,blue,0.4932,nonmatch,1.4555,1,0.4439,0.5796,62.149556940038266
24,807,15,23,4,valence_classification,color_matching,matching,match_right,MQQM,adjective,negative,brown,✲✲✲✲spaß✲✲✲✲,noun,positive,blue,0.4932,nonmatch,0.6122,0,0.4459,0.5816,62.42574908614236
24,808,16,23,4,valence_classification,color_matching,matching,match_right,MQQM,adjective,negative,brown,✲✲schleim✲✲✲,noun,negative,brown,0.4932,match,0.4681,0,0.4452,0.5809,62.33181045638208
24,809,17,23,4,valence_classification,color_matching,matching,match_right,WJJW,noun,positive,blue,✲✲einfall✲✲✲,noun,positive,brown,0.4932,nonmatch,0.2536,0,0.4446,0.5803,62.23724153075607
24,810,18,23,4,valence_classification,color_matching,matching,match_right,MQQM,adjective,negative,brown,✲✲✲glück✲✲✲✲,noun,positive,brown,0.4932,nonmatch,0.611,1,0.4439,0.5796,62.146291097600674
24,811,19,23,4,valence_classification,color_matching,matching,match_right,WJJW,noun,positive,brown,✲✲✲liebe✲✲✲✲,noun,positive,blue,0.4932,nonmatch,0.5547,0,0.4458,0.5815,62.41415126618723
24,812,20,23,4,valence_classification,color_matching,matching,match_right,MQQM,adjective,negative,blue,✲✲✲gierig✲✲✲,adjective,negative,blue,0.4932,match,0.6175,0,0.4452,0.5809,62.3229004608019
24,813,21,23,4,valence_classification,color_matching,matching,match_right,ZYYZ,noun,negative,brown,✲✲✲leiche✲✲✲,noun,negative,blue,0.4932,match,0.5395,1,0.4445,0.5802,62.23096285833041
24,814,22,23,4,valence_classification,color_matching,matching,match_right,ZYYZ,noun,negative,blue,✲✲launisch✲✲,adjective,negative,brown,0.4932,nonmatch,0.4983,0,0.4464,0.5821,62.49161462210219
24,815,23,23,4,valence_classification,color_matching,matching,match_right,WJJW,noun,positive,blue,✲✲schlecht✲✲,adjective,negative,brown,0.4932,nonmatch,0.5044,0,0.4457,0.5814,62.40257698783817
24,816,24,23,4,valence_classification,color_matching,matching,match_right,WJJW,noun,positive,blue,✲✲✲✲spaß✲✲✲✲,noun,positive,blue,0.496,match,0.5467,0,0.4451,0.5808,62.313903849359505
24,817,25,23,4,valence_classification,color_matching,matching,match_right,WJJW,noun,positive,blue,✲✲schleim✲✲✲,noun,negative,blue,0.4932,match,0.6404,0,0.4445,0.5802,62.22449159058013
24,818,26,23,4,valence_classification,color_matching,matching,match_right,WJJW,noun,positive,brown,✲✲✲✲gift✲✲✲✲,noun,negative,blue,0.4932,nonmatch,0.5253,0,0.4439,0.5796,62.13980000198658
24,819,27,23,4,valence_classification,color_matching,matching,match_right,ZYYZ,noun,negative,brown,✲✲einfall✲✲✲,noun,positive,blue,0.4932,nonmatch,0.66,0,0.4433,0.579,62.062074888540586
24,820,28,23,4,valence_classification,color_matching,matching,match_right,MQQM,adjective,negative,blue,✲✲✲gütig✲✲✲✲,adjective,positive,brown,0.4932,match,0.5611,1,0.4428,0.5785,61.985409143493605
24,821,29,23,4,valence_classification,color_matching,matching,match_right,WJJW,noun,positive,blue,✲✲✲schön✲✲✲✲,adjective,positive,blue,0.4932,match,0.6697,0,0.4444,0.5801,62.2187808270185
24,822,30,23,4,valence_classification,color_matching,matching,match_right,XVVX,adjective,positive,blue,✲✲✲glück✲✲✲✲,noun,positive,blue,0.4969,match,0.5062,0,0.4438,0.5795,62.136936433759104
24,823,31,23,4,valence_classification,color_matching,matching,match_right,WJJW,noun,positive,blue,✲entführung✲,noun,negative,brown,0.4932,nonmatch,0.5275,0,0.4433,0.579,62.06138104928408
24,824,32,23,4,valence_classification,color_matching,matching,match_right,XVVX,adjective,positive,brown,✲✲ehrlich✲✲✲,adjective,positive,brown,0.4932,match,0.5331,0,0.4428,0.5785,61.9868348185626
24,857,1,24,5,valence_classification,color_matching,matching,match_right,ZYYZ,noun,negative,brown,✲✲✲gütig✲✲✲✲,adjective,positive,blue,0.4932,match,0.4344,1,0.4428,0.5785,61.9868348185626
24,858,2,24,5,valence_classification,color_matching,matching,match_right,XVVX,adjective,positive,brown,✲✲✲✲gift✲✲✲✲,noun,negative,brown,0.4932,match,0.7774,0,0.4444,0.5801,62.213311793196056
24,859,3,24,5,valence_classification,color_matching,matching,match_right,MQQM,adjective,negative,blue,✲✲✲✲spaß✲✲✲✲,noun,positive,blue,0.4932,match,0.4343,0,0.4438,0.5795,62.13418269393259
24,860,4,24,5,valence_classification,color_matching,matching,match_right,WJJW,noun,positive,blue,✲✲✲leiche✲✲✲,noun,negative,blue,0.4932,match,0.5072,0,0.4433,0.579,62.06068035618312
24,861,5,24,5,valence_classification,color_matching,matching,match_right,ZYYZ,noun,negative,brown,✲✲✲eitel✲✲✲✲,adjective,negative,brown,0.4932,nonmatch,0.3261,1,0.4428,0.5785,61.98814079896997
24,862,6,24,5,valence_classification,color_matching,matching,match_right,MQQM,adjective,negative,brown,✲✲✲eitel✲✲✲✲,adjective,negative,brown,0.5094,match,0.7817,0,0.4443,0.5801,62.208065961524
24,863,7,24,5,valence_classification,color_matching,matching,match_right,XVVX,adjective,positive,blue,✲entführung✲,noun,negative,brown,0.4932,nonmatch,0.4753,0,0.4438,0.5795,62.13153101656117
24,864,8,24,5,valence_classification,color_matching,matching,match_right,XVVX,adjective,positive,blue,✲✲✲liebe✲✲✲✲,noun,positive,brown,0.4932,nonmatch,0.2815,0,0.4433,0.579,62.05997423098815
24,865,9,24,5,valence_classification,color_matching,matching,match_right,MQQM,adjective,negative,brown,✲✲✲lustig✲✲✲,adjective,positive,brown,0.4932,nonmatch,0.3817,1,0.4428,0.5785,61.98933729593597
24,866,10,24,5,valence_classification,color_matching,matching,match_right,WJJW,noun,positive,brown,✲✲einfall✲✲✲,noun,positive,brown,0.4932,match,0.4515,0,0.4443,0.58,62.203026735478346
24,867,11,24,5,valence_classification,color_matching,matching,match_right,XVVX,adjective,positive,brown,✲✲ehrlich✲✲✲,adjective,positive,brown,0.4933,match,0.2919,0,0.4438,0.5795,62.128974438328655
24,868,12,24,5,valence_classification,color_matching,matching,match_right,WJJW,noun,positive,brown,✲entführung✲,noun,negative,blue,0.4932,nonmatch,0.4719,0,0.4433,0.579,62.05926395593092
24,869,13,24,5,valence_classification,color_matching,matching,match_right,MQQM,adjective,negative,blue,✲✲✲schön✲✲✲✲,adjective,positive,brown,0.4932,nonmatch,0.3767,0,0.4428,0.5785,61.990433490369284
24,870,14,24,5,valence_classification,color_matching,matching,match_right,WJJW,noun,positive,blue,✲✲✲schön✲✲✲✲,adjective,positive,brown,0.4932,match,0.3998,1,0.4423,0.578,61.922178339941595
24,871,15,24,5,valence_classification,color_matching,matching,match_right,ZYYZ,noun,negative,brown,✲✲schlecht✲✲,adjective,negative,blue,0.4998,nonmatch,0.4103,0,0.4438,0.5795,62.12650669159094
24,872,16,24,5,valence_classification,color_matching,matching,match_right,ZYYZ,noun,negative,blue,✲✲ehrlich✲✲✲,adjective,positive,blue,0.4932,nonmatch,0.4051,1,0.4433,0.579,62.058550684790795
24,873,17,24,5,valence_classification,color_matching,matching,match_right,ZYYZ,noun,negative,blue,✲✲✲✲gift✲✲✲✲,noun,negative,blue,0.4932,nonmatch,0.4477,1,0.4448,0.5805,62.270723664760624
24,874,18,24,5,valence_classification,color_matching,matching,match_right,MQQM,adjective,negative,blue,✲✲✲gierig✲✲✲,adjective,negative,brown,0.4932,match,0.398,1,0.4463,0.582,62.486771414833385
24,875,19,24,5,valence_classification,color_matching,matching,match_right,XVVX,adjective,positive,blue,✲✲✲eitel✲✲✲✲,adjective,negative,blue,0.4932,match,0.576,0,0.4478,0.5835,62.69288446990968
24,876,20,24,5,valence_classification,color_matching,matching,match_right,MQQM,adjective,negative,brown,✲✲✲✲gift✲✲✲✲,noun,negative,blue,0.4932,nonmatch,0.4609,0,0.4473,0.583,62.61945829719549
24,877,21,24,5,valence_classification,color_matching,matching,match_right,WJJW,noun,positive,brown,✲✲✲✲gift✲✲✲✲,noun,negative,brown,0.4932,nonmatch,0.2887,1,0.4468,0.5825,62.546723466478895
24,878,22,24,5,valence_classification,color_matching,matching,match_right,WJJW,noun,positive,brown,✲✲✲lustig✲✲✲,adjective,positive,blue,0.4932,nonmatch,0.4576,0,0.4483,0.584,62.7643088317652
24,879,23,24,5,valence_classification,color_matching,matching,match_right,WJJW,noun,positive,brown,✲✲✲eitel✲✲✲✲,adjective,negative,brown,0.4932,match,0.2898,0,0.4478,0.5835,62.69182420132159
24,880,24,24,5,valence_classification,color_matching,matching,match_right,XVVX,adjective,positive,brown,✲✲launisch✲✲,adjective,negative,blue,0.4932,nonmatch,0.456,0,0.4473,0.583,62.620328341291064
24,881,25,24,5,valence_classification,color_matching,matching,match_right,MQQM,adjective,negative,blue,✲✲schleim✲✲✲,noun,negative,brown,0.4932,nonmatch,0.3566,0,0.4468,0.5825,62.54949398634818
24,882,26,24,5,valence_classification,color_matching,matching,match_right,MQQM,adjective,negative,brown,✲✲ehrlich✲✲✲,adjective,positive,blue,0.4932,nonmatch,0.3603,0,0.4463,0.582,62.47900586361963
24,883,27,24,5,valence_classification,color_matching,matching,match_right,XVVX,adjective,positive,blue,✲✲✲lustig✲✲✲,adjective,positive,brown,0.4932,nonmatch,0.3912,0,0.4458,0.5815,62.40901782912865
24,884,28,24,5,valence_classification,color_matching,matching,match_right,ZYYZ,noun,negative,blue,✲✲✲schön✲✲✲✲,adjective,positive,brown,0.4966,nonmatch,0.2344,0,0.4453,0.581,62.33870283934383
24,885,29,24,5,valence_classification,color_matching,matching,match_right,ZYYZ,noun,negative,brown,✲entführung✲,noun,negative,brown,0.4932,nonmatch,0.2482,1,0.4448,0.5805,62.26776994717114
24,886,30,24,5,valence_classification,color_matching,matching,match_right,WJJW,noun,positive,blue,✲✲schleim✲✲✲,noun,negative,brown,0.4991,nonmatch,0.2672,0,0.4462,0.5819,62.46875421994754
24,887,31,24,5,valence_classification,color_matching,matching,match_right,ZYYZ,noun,negative,blue,✲✲launisch✲✲,adjective,negative,blue,0.4932,nonmatch,0.2995,1,0.4457,0.5814,62.400285123190834
24,888,32,24,5,valence_classification,color_matching,matching,match_right,MQQM,adjective,negative,blue,✲✲einfall✲✲✲,noun,positive,brown,0.4932,nonmatch,0.5355,0,0.4471,0.5828,62.59283713137809
24,889,33,24,5,valence_classification,color_matching,matching,match_right,WJJW,noun,positive,brown,✲✲✲gütig✲✲✲✲,adjective,positive,brown,0.4932,match,0.4032,0,0.4466,0.5823,62.525310628091226
24,890,34,24,5,valence_classification,color_matching,matching,match_right,MQQM,adjective,negative,blue,✲✲schlecht✲✲,adjective,negative,blue,0.4932,nonmatch,0.4905,1,0.4461,0.5818,62.45799069017376
24,891,35,24,5,valence_classification,color_matching,matching,match_right,ZYYZ,noun,negative,blue,✲✲✲gierig✲✲✲,adjective,negative,brown,0.4932,nonmatch,0.4174,0,0.4475,0.5832,62.645288764887525
24,892,36,24,5,valence_classification,color_matching,matching,match_right,ZYYZ,noun,negative,brown,✲✲schleim✲✲✲,noun,negative,blue,0.4932,nonmatch,0.3279,0,0.447,0.5827,62.57894759847493
24,893,37,24,5,valence_classification,color_matching,matching,match_right,XVVX,adjective,positive,brown,✲✲✲gütig✲✲✲✲,adjective,positive,blue,0.4932,nonmatch,0.3768,0,0.4465,0.5822,62.51301740275169
24,894,38,24,5,valence_classification,color_matching,matching,match_right,XVVX,adjective,positive,blue,✲✲✲gierig✲✲✲,adjective,negative,brown,0.4932,nonmatch,0.4247,0,0.4461,0.5818,62.447227930913755
24,895,39,24,5,valence_classification,color_matching,matching,match_right,ZYYZ,noun,negative,brown,✲✲✲glück✲✲✲✲,noun,positive,blue,0.4932,nonmatch,0.421,0,0.4456,0.5813,62.38173149675122
24,896,40,24,5,valence_classification,color_matching,matching,match_right,XVVX,adjective,positive,blue,✲✲✲✲spaß✲✲✲✲,noun,positive,blue,0.4932,match,0.5622,0,0.4451,0.5808,62.31579435890509
24,897,41,24,5,valence_classification,color_matching,matching,match_right,ZYYZ,noun,negative,brown,✲✲✲liebe✲✲✲✲,noun,positive,brown,0.4932,match,0.5201,0,0.4446,0.5804,62.24916189628836
24,898,42,24,5,valence_classification,color_matching,matching,match_right,WJJW,noun,positive,blue,✲✲ehrlich✲✲✲,adjective,positive,blue,0.4932,nonmatch,0.5324,1,0.4442,0.5799,62.181578079065616
24,899,43,24,5,valence_classification,color_matching,matching,match_right,WJJW,noun,positive,brown,✲✲✲✲spaß✲✲✲✲,noun,positive,blue,0.4932,match,0.3782,1,0.4455,0.5812,62.374019493540374
24,900,44,24,5,valence_classification,color_matching,matching,match_right,XVVX,adjective,positive,brown,✲✲schlecht✲✲,adjective,negative,brown,0.4932,match,0.4,0,0.4468,0.5825,62.554867548554626
24,901,45,24,5,valence_classification,color_matching,matching,match_right,XVVX,adjective,positive,brown,✲✲✲leiche✲✲✲,noun,negative,blue,0.4932,nonmatch,0.4824,0,0.4464,0.5821,62.49176037816166
24,902,46,24,5,valence_classification,color_matching,matching,match_right,MQQM,adjective,negative,blue,✲✲✲gütig✲✲✲✲,adjective,positive,blue,0.4932,nonmatch,0.4317,1,0.4459,0.5816,62.42868734473844
24,903,47,24,5,valence_classification,color_matching,matching,match_right,ZYYZ,noun,negative,blue,✲✲✲leiche✲✲✲,noun,negative,brown,0.4932,match,0.5568,1,0.4472,0.5829,62.60457398322374
24,904,48,24,5,valence_classification,color_matching,matching,match_right,MQQM,adjective,negative,brown,✲✲✲leiche✲✲✲,noun,negative,brown,0.4961,match,0.3911,0,0.4485,0.5842,62.79077214354734
24,905,49,24,5,valence_classification,color_matching,matching,match_right,XVVX,adjective,positive,blue,✲✲schleim✲✲✲,noun,negative,blue,0.4932,nonmatch,0.4395,1,0.4481,0.5838,62.72815902317319
24,906,50,24,5,valence_classification,color_matching,matching,match_right,ZYYZ,noun,negative,blue,✲✲✲✲spaß✲✲✲✲,noun,positive,blue,0.4932,match,0.4635,0,0.4495,0.5852,62.926957366807784
24,907,51,24,5,valence_classification,color_matching,matching,match_right,WJJW,noun,positive,blue,✲✲✲glück✲✲✲✲,noun,positive,brown,0.4932,match,0.2966,1,0.449,0.5847,62.85648274344764
24,908,52,24,5,valence_classification,color_matching,matching,match_right,WJJW,noun,positive,blue,✲✲✲liebe✲✲✲✲,noun,positive,blue,0.4932,match,0.5324,0,0.4504,0.5861,63.056542949822024
24,909,53,24,5,valence_classification,color_matching,matching,match_right,MQQM,adjective,negative,brown,✲✲✲glück✲✲✲✲,noun,positive,blue,0.4932,nonmatch,0.5539,0,0.4499,0.5856,62.98874423286009
24,910,54,24,5,valence_classification,color_matching,matching,match_right,WJJW,noun,positive,brown,✲✲launisch✲✲,adjective,negative,blue,0.4932,nonmatch,0.4716,0,0.4494,0.5851,62.920437992675254
24,911,55,24,5,valence_classification,color_matching,matching,match_right,MQQM,adjective,negative,brown,✲✲launisch✲✲,adjective,negative,blue,0.5035,nonmatch,0.3817,0,0.4489,0.5847,62.85135502168617
24,912,56,24,5,valence_classification,color_matching,matching,match_right,MQQM,adjective,negative,brown,✲✲✲liebe✲✲✲✲,noun,positive,brown,0.4932,match,0.6595,0,0.4485,0.5842,62.784289537150514
24,913,57,24,5,valence_classification,color_matching,matching,match_right,ZYYZ,noun,negative,blue,✲✲einfall✲✲✲,noun,positive,brown,0.4932,match,0.5771,1,0.448,0.5837,62.724429929547036
24,914,58,24,5,valence_classification,color_matching,matching,match_right,XVVX,adjective,positive,blue,✲✲✲schön✲✲✲✲,adjective,positive,blue,0.4932,match,0.513,0,0.4494,0.5851,62.9141548990559
24,915,59,24,5,valence_classification,color_matching,matching,match_right,MQQM,adjective,negative,blue,✲entführung✲,noun,negative,blue,0.4932,match,0.4031,0,0.4489,0.5846,62.84640144972927
24,916,60,24,5,valence_classification,color_matching,matching,match_right,XVVX,adjective,positive,brown,✲✲einfall✲✲✲,noun,positive,brown,0.4998,nonmatch,0.515,1,0.4484,0.5842,62.78121636328507
24,917,61,24,5,valence_classification,color_matching,matching,match_right,WJJW,noun,positive,blue,✲✲✲gierig✲✲✲,adjective,negative,brown,0.4932,match,0.3762,1,0.4498,0.5855,62.973765696195066
24,918,62,24,5,valence_classification,color_matching,matching,match_right,WJJW,noun,positive,blue,✲✲schlecht✲✲,adjective,negative,blue,0.4932,match,0.5754,0,0.4511,0.5868,63.15745109016109
24,919,63,24,5,valence_classification,color_matching,matching,match_right,XVVX,adjective,positive,brown,✲✲✲glück✲✲✲✲,noun,positive,blue,0.4932,match,0.3682,1,0.4507,0.5864,63.093605111683004
24,920,64,24,5,valence_classification,color_matching,matching,match_right,ZYYZ,noun,negative,brown,✲✲✲lustig✲✲✲,adjective,positive,brown,0.4932,nonmatch,0.561,1,0.4519,0.5877,63.27115166796988
24,920,64,24,5,valence_classification,color_matching,matching,match_right,ZYYZ,noun,negative,brown,✲✲✲lustig✲✲✲,adjective,positive,brown,0.4932,match,0.6198,0,0.4519,0.5877,63.27115166796988
24,921,1,25,6,valence_classification,color_matching,matching,match_right,XVVX,adjective,positive,blue,✲entführung✲,noun,negative,blue,0.4932,match,0.4102,0,0.4515,0.5872,63.20815742090467
24,922,2,25,6,valence_classification,color_matching,matching,match_right,MQQM,adjective,negative,blue,✲✲✲liebe✲✲✲✲,noun,positive,blue,0.4932,match,0.3746,0,0.451,0.5868,63.14554298784673
24,923,3,25,6,valence_classification,color_matching,matching,match_right,WJJW,noun,positive,blue,✲✲✲gierig✲✲✲,adjective,negative,brown,0.4959,nonmatch,0.5357,0,0.4506,0.5863,63.08306635927136
24,924,4,25,6,valence_classification,color_matching,matching,match_right,XVVX,adjective,positive,blue,✲✲✲eitel✲✲✲✲,adjective,negative,brown,0.4932,nonmatch,0.5572,0,0.4501,0.5859,63.020892455058174
24,925,5,25,6,valence_classification,color_matching,matching,match_right,ZYYZ,noun,negative,brown,✲✲schleim✲✲✲,noun,negative,brown,0.4933,nonmatch,0.4686,1,0.4497,0.5854,62.958335233227274
24,926,6,25,6,valence_classification,color_matching,matching,match_right,MQQM,adjective,negative,blue,✲✲✲✲spaß✲✲✲✲,noun,positive,brown,0.4933,nonmatch,0.412,0,0.451,0.5867,63.13500453391875
24,927,7,25,6,valence_classification,color_matching,matching,match_right,XVVX,adjective,positive,brown,✲✲ehrlich✲✲✲,adjective,positive,brown,0.4932,match,0.5688,0,0.4505,0.5862,63.073775443494135
24,928,8,25,6,valence_classification,color_matching,matching,match_right,WJJW,noun,positive,blue,✲✲schleim✲✲✲,noun,negative,blue,0.4932,match,0.4174,0,0.4501,0.5858,63.01279691073741
24,929,9,25,6,valence_classification,color_matching,matching,match_right,ZYYZ,noun,negative,brown,✲✲✲gierig✲✲✲,adjective,negative,brown,0.4932,match,0.6744,0,0.4497,0.5854,62.95140633279925
24,930,10,25,6,valence_classification,color_matching,matching,match_right,MQQM,adjective,negative,brown,✲✲✲gierig✲✲✲,adjective,negative,brown,0.4934,match,0.4541,0,0.4492,0.5849,62.889384376549145
24,931,11,25,6,valence_classification,color_matching,matching,match_right,XVVX,adjective,positive,brown,✲✲schlecht✲✲,adjective,negative,blue,0.4933,nonmatch,0.5254,0,0.4488,0.5845,62.826510385407104
24,932,12,25,6,valence_classification,color_matching,matching,match_right,ZYYZ,noun,negative,brown,✲✲schlecht✲✲,adjective,negative,blue,0.4932,nonmatch,0.5181,0,0.4483,0.5841,62.76862951765224
24,933,13,25,6,valence_classification,color_matching,matching,match_right,XVVX,adjective,positive,blue,✲✲✲gütig✲✲✲✲,adjective,positive,brown,0.4932,nonmatch,0.4285,0,0.448,0.5837,62.71484267038966
24,934,14,25,6,valence_classification,color_matching,matching,match_right,XVVX,adjective,positive,brown,✲✲✲schön✲✲✲✲,adjective,positive,blue,0.4932,nonmatch,0.6398,0,0.4476,0.5833,62.66176335143811
24,935,15,25,6,valence_classification,color_matching,matching,match_right,ZYYZ,noun,negative,blue,✲✲✲✲spaß✲✲✲✲,noun,positive,brown,0.4932,nonmatch,0.3987,0,0.4472,0.5829,62.6092098100586
24,936,16,25,6,valence_classification,color_matching,matching,match_right,WJJW,noun,positive,blue,✲✲launisch✲✲,adjective,negative,blue,0.4932,match,0.7241,0,0.4468,0.5826,62.557006095395835
24,937,17,25,6,valence_classification,color_matching,matching,match_right,WJJW,noun,positive,brown,✲entführung✲,noun,negative,brown,0.4932,match,0.5432,0,0.4465,0.5822,62.50498080427393
24,938,18,25,6,valence_classification,color_matching,matching,match_right,MQQM,adjective,negative,brown,✲✲✲lustig✲✲✲,adjective,positive,brown,0.4932,nonmatch,0.4752,1,0.4461,0.5818,62.452965903515356
24,939,19,25,6,valence_classification,color_matching,matching,match_right,MQQM,adjective,negative,blue,✲✲✲schön✲✲✲✲,adjective,positive,blue,0.4932,match,0.4037,0,0.4471,0.5828,62.59789083709236
24,940,20,25,6,valence_classification,color_matching,matching,match_right,WJJW,noun,positive,brown,✲✲✲✲spaß✲✲✲✲,noun,positive,brown,0.4932,match,0.5253,0,0.4468,0.5825,62.54666538081562
24,941,21,25,6,valence_classification,color_matching,matching,match_right,XVVX,adjective,positive,blue,✲✲launisch✲✲,adjective,negative,blue,0.4932,match,0.519,0,0.4464,0.5821,62.49557769494888
24,942,22,25,6,valence_classification,color_matching,matching,match_right,MQQM,adjective,negative,blue,✲✲schleim✲✲✲,noun,negative,brown,0.4932,match,0.3246,1,0.446,0.5817,62.44446608485784
24,943,23,25,6,valence_classification,color_matching,matching,match_right,XVVX,adjective,positive,brown,✲✲✲leiche✲✲✲,noun,negative,brown,0.4932,nonmatch,0.4908,1,0.447,0.5828,62.586964734715814
24,944,24,25,6,valence_classification,color_matching,matching,match_right,XVVX,adjective,positive,brown,✲✲einfall✲✲✲,noun,positive,blue,0.4932,match,0.5181,1,0.4481,0.5838,62.7380444002136
24,945,25,25,6,valence_classification,color_matching,matching,match_right,WJJW,noun,positive,blue,✲✲✲liebe✲✲✲✲,noun,positive,blue,0.4932,match,0.468,0,0.4493,0.585,62.901561524656636
24,946,26,25,6,valence_classification,color_matching,matching,match_right,XVVX,adjective,positive,brown,✲✲✲liebe✲✲✲✲,noun,positive,brown,0.4932,match,0.5069,0,0.4489,0.5846,62.84307754621541
24,947,27,25,6,valence_classification,color_matching,matching,match_right,WJJW,noun,positive,blue,✲✲einfall✲✲✲,noun,positive,brown,0.4932,nonmatch,0.4774,0,0.4485,0.5842,62.78647802306173
24,948,28,25,6,valence_classification,color_matching,matching,match_right,MQQM,adjective,negative,brown,✲✲schlecht✲✲,adjective,negative,blue,0.4932,nonmatch,0.4752,0,0.4481,0.5838,62.736106884270875
24,949,29,25,6,valence_classification,color_matching,matching,match_right,XVVX,adjective,positive,brown,✲✲schleim✲✲✲,noun,negative,blue,0.4932,nonmatch,0.4038,0,0.4478,0.5835,62.686447004461705
24,950,30,25,6,valence_classification,color_matching,matching,match_right,XVVX,adjective,positive,brown,✲✲✲gierig✲✲✲,adjective,negative,brown,0.4932,match,0.6726,0,0.4474,0.5831,62.63733831952001
24,951,31,25,6,valence_classification,color_matching,matching,match_right,MQQM,adjective,negative,brown,✲✲✲✲gift✲✲✲✲,noun,negative,brown,0.4932,match,0.396,0,0.4471,0.5828,62.588626040399575
24,952,32,25,6,valence_classification,color_matching,matching,match_right,ZYYZ,noun,negative,blue,✲✲✲gütig✲✲✲✲,adjective,positive,blue,0.4932,nonmatch,0.4102,1,0.4467,0.5824,62.54015961563846
24,953,33,25,6,valence_classification,color_matching,matching,match_right,ZYYZ,noun,negative,brown,✲✲✲leiche✲✲✲,noun,negative,blue,0.4932,nonmatch,0.6172,0,0.4478,0.5835,62.68545746768547
24,954,34,25,6,valence_classification,color_matching,matching,match_right,MQQM,adjective,negative,brown,✲✲einfall✲✲✲,noun,positive,blue,0.4932,nonmatch,0.3459,0,0.4474,0.5831,62.63722934648032
24,955,35,25,6,valence_classification,color_matching,matching,match_right,XVVX,adjective,positive,blue,✲✲✲lustig✲✲✲,adjective,positive,blue,0.4932,nonmatch,0.3244,1,0.4471,0.5828,62.58938658346558
24,956,36,25,6,valence_classification,color_matching,matching,match_right,WJJW,noun,positive,brown,✲✲ehrlich✲✲✲,adjective,positive,blue,0.4932,nonmatch,0.2978,0,0.4481,0.5838,62.73238220815724
24,957,37,25,6,valence_classification,color_matching,matching,match_right,MQQM,adjective,negative,blue,✲✲✲leiche✲✲✲,noun,negative,blue,0.4932,match,0.2744,0,0.4477,0.5835,62.684485231912596
24,958,38,25,6,valence_classification,color_matching,matching,match_right,WJJW,noun,positive,brown,✲✲✲eitel✲✲✲✲,adjective,negative,brown,0.4932,nonmatch,0.3746,1,0.4474,0.5831,62.637107220513776
24,959,39,25,6,valence_classification,color_matching,matching,match_right,WJJW,noun,positive,brown,✲✲✲✲gift✲✲✲✲,noun,negative,blue,0.4932,nonmatch,0.6401,0,0.4484,0.5841,62.77829906477943
24,960,40,25,6,valence_classification,color_matching,matching,match_right,ZYYZ,noun,negative,blue,✲✲einfall✲✲✲,noun,positive,blue,0.4932,match,0.6582,0,0.4481,0.5838,62.73059052038605
24,961,41,25,6,valence_classification,color_matching,matching,match_right,ZYYZ,noun,negative,brown,✲✲✲lustig✲✲✲,adjective,positive,brown,0.4932,match,0.446,0,0.4477,0.5835,62.68352971874845
24,962,42,25,6,valence_classification,color_matching,matching,match_right,ZYYZ,noun,negative,blue,✲✲✲eitel✲✲✲✲,adjective,negative,brown,0.4932,nonmatch,0.4681,0,0.4474,0.5831,62.6369729181505
24,963,43,25,6,valence_classification,color_matching,matching,match_right,ZYYZ,noun,negative,brown,✲✲✲glück✲✲✲✲,noun,positive,blue,0.4932,match,0.396,1,0.4471,0.5828,62.59078089972316
24,964,44,25,6,valence_classification,color_matching,matching,match_right,MQQM,adjective,negative,brown,✲entführung✲,noun,negative,blue,0.4932,match,0.3895,1,0.4481,0.5838,62.72884315816507
24,965,45,25,6,valence_classification,color_matching,matching,match_right,MQQM,adjective,negative,blue,✲✲✲gütig✲✲✲✲,adjective,positive,brown,0.4932,match,0.4317,1,0.4491,0.5848,62.87709498658883
24,966,46,25,6,valence_classification,color_matching,matching,match_right,WJJW,noun,positive,brown,✲✲✲schön✲✲✲✲,adjective,positive,brown,0.4981,match,0.42,0,0.4502,0.5859,63.02865760633882
24,967,47,25,6,valence_classification,color_matching,matching,match_right,MQQM,adjective,negative,brown,✲✲ehrlich✲✲✲,adjective,positive,blue,0.4932,nonmatch,0.4636,0,0.4498,0.5856,62.977188223008476
24,968,48,25,6,valence_classification,color_matching,matching,match_right,XVVX,adjective,positive,blue,✲✲✲glück✲✲✲✲,noun,positive,blue,0.4981,nonmatch,0.5181,1,0.4495,0.5852,62.92521971280331
24,969,49,25,6,valence_classification,color_matching,matching,match_right,XVVX,adjective,positive,blue,✲✲✲✲gift✲✲✲✲,noun,negative,brown,0.4932,nonmatch,0.4317,0,0.4505,0.5862,63.072352855358176
24,970,50,25,6,valence_classification,color_matching,matching,match_right,MQQM,adjective,negative,blue,✲✲✲eitel✲✲✲✲,adjective,negative,blue,0.4932,nonmatch,0.5182,1,0.4502,0.5859,63.022010873859585
24,971,51,25,6,valence_classification,color_matching,matching,match_right,MQQM,adjective,negative,blue,✲✲launisch✲✲,adjective,negative,brown,0.4932,match,0.6828,1,0.4512,0.5869,63.163763777659575
24,972,52,25,6,valence_classification,color_matching,matching,match_right,ZYYZ,noun,negative,blue,✲✲✲✲gift✲✲✲✲,noun,negative,brown,0.4932,match,0.5618,1,0.4522,0.5879,63.31282273903282
24,973,53,25,6,valence_classification,color_matching,matching,match_right,ZYYZ,noun,negative,blue,✲✲ehrlich✲✲✲,adjective,positive,brown,0.4932,nonmatch,0.4565,0,0.4533,0.589,63.46576478094625
24,974,54,25,6,valence_classification,color_matching,matching,match_right,ZYYZ,noun,negative,brown,✲✲✲liebe✲✲✲✲,noun,positive,brown,0.4932,match,0.3673,0,0.4529,0.5886,63.41075405284295
24,975,55,25,6,valence_classification,color_matching,matching,match_right,WJJW,noun,positive,brown,✲✲✲glück✲✲✲✲,noun,positive,blue,0.4932,nonmatch,0.4208,0,0.4526,0.5883,63.36094612023399
24,976,56,25,6,valence_classification,color_matching,matching,match_right,XVVX,adjective,positive,blue,✲✲✲✲spaß✲✲✲✲,noun,positive,brown,0.4932,nonmatch,0.3745,0,0.4522,0.5879,63.311830477694315
24,977,57,25,6,valence_classification,color_matching,matching,match_right,WJJW,noun,positive,blue,✲✲✲gütig✲✲✲✲,adjective,positive,blue,0.4932,match,0.6156,0,0.4519,0.5876,63.263251800256356
24,978,58,25,6,valence_classification,color_matching,matching,match_right,MQQM,adjective,negative,brown,✲✲✲glück✲✲✲✲,noun,positive,brown,0.4935,nonmatch,0.3502,1,0.4515,0.5873,63.21505984749523
24,979,59,25,6,valence_classification,color_matching,matching,match_right,WJJW,noun,positive,blue,✲✲✲lustig✲✲✲,adjective,positive,brown,0.4932,match,0.4966,1,0.4526,0.5883,63.359102287768124
24,980,60,25,6,valence_classification,color_matching,matching,match_right,ZYYZ,noun,negative,blue,✲entführung✲,noun,negative,blue,0.4932,nonmatch,0.5128,1,0.4537,0.5894,63.51397035914215
24,981,61,25,6,valence_classification,color_matching,matching,match_right,ZYYZ,noun,negative,brown,✲✲✲schön✲✲✲✲,adjective,positive,blue,0.4932,match,0.393,1,0.4548,0.5905,63.671831582255486
24,982,62,25,6,valence_classification,color_matching,matching,match_right,WJJW,noun,positive,blue,✲✲✲leiche✲✲✲,noun,negative,brown,0.4932,nonmatch,1.5079,0,0.4559,0.5916,63.821928585087896
24,983,63,25,6,valence_classification,color_matching,matching,match_right,ZYYZ,noun,negative,blue,✲✲launisch✲✲,adjective,negative,blue,0.4932,nonmatch,0.533,1,0.4555,0.5912,63.76920134741154
24,984,64,25,6,valence_classification,color_matching,matching,match_right,WJJW,noun,positive,brown,✲✲schlecht✲✲,adjective,negative,blue,0.4932,nonmatch,0.5498,0,0.4566,0.5923,63.92750698872064
24,985,1,26,7,valence_classification,color_matching,matching,match_right,XVVX,adjective,positive,brown,✲✲✲gütig✲✲✲✲,adjective,positive,blue,0.4932,nonmatch,0.4578,0,0.4563,0.592,63.87521332671812
24,986,2,26,7,valence_classification,color_matching,matching,match_right,ZYYZ,noun,negative,brown,✲✲schleim✲✲✲,noun,negative,brown,0.4932,match,0.3745,0,0.4559,0.5916,63.8232861667815
24,987,3,26,7,valence_classification,color_matching,matching,match_right,WJJW,noun,positive,blue,✲✲✲liebe✲✲✲✲,noun,positive,blue,0.5098,match,0.5613,0,0.4555,0.5912,63.77155846632304
24,988,4,26,7,valence_classification,color_matching,matching,match_right,MQQM,adjective,negative,blue,✲✲launisch✲✲,adjective,negative,blue,0.4932,match,0.468,0,0.4551,0.5909,63.719866668476016
24,989,5,26,7,valence_classification,color_matching,matching,match_right,MQQM,adjective,negative,brown,✲✲✲✲spaß✲✲✲✲,noun,positive,blue,0.4932,match,0.3927,1,0.4548,0.5905,63.66838691938488
24,990,6,26,7,valence_classification,color_matching,matching,match_right,ZYYZ,noun,negative,brown,✲✲einfall✲✲✲,noun,positive,brown,0.4932,match,0.6566,0,0.4558,0.5915,63.813204068068835
24,991,7,26,7,valence_classification,color_matching,matching,match_right,XVVX,adjective,positive,brown,✲✲✲✲spaß✲✲✲✲,noun,positive,brown,0.4932,match,0.3459,0,0.4554,0.5912,63.76237142166578
24,992,8,26,7,valence_classification,color_matching,matching,match_right,WJJW,noun,positive,blue,✲✲✲glück✲✲✲✲,noun,positive,brown,0.4932,nonmatch,0.5964,0,0.4551,0.5908,63.711541045271545
24,993,9,26,7,valence_classification,color_matching,matching,match_right,XVVX,adjective,positive,brown,✲✲✲eitel✲✲✲✲,adjective,negative,brown,0.4932,nonmatch,0.3745,1,0.4547,0.5904,63.660886466335015
24,994,10,26,7,valence_classification,color_matching,matching,match_right,WJJW,noun,positive,brown,✲✲✲leiche✲✲✲,noun,negative,blue,0.4932,match,0.6048,1,0.4557,0.5915,63.8034523203017
24,995,11,26,7,valence_classification,color_matching,matching,match_right,MQQM,adjective,negative,brown,✲✲✲schön✲✲✲✲,adjective,positive,blue,0.4932,nonmatch,0.4752,0,0.4568,0.5925,63.953577948928455
24,996,12,26,7,valence_classification,color_matching,matching,match_right,XVVX,adjective,positive,blue,✲entführung✲,noun,negative,blue,0.4932,match,0.4636,0,0.4565,0.5922,63.903691738595306
24,997,13,26,7,valence_classification,color_matching,matching,match_right,WJJW,noun,positive,brown,✲✲ehrlich✲✲✲,adjective,positive,blue,0.4932,nonmatch,0.5623,0,0.4561,0.5918,63.85422841252642
24,998,14,26,7,valence_classification,color_matching,matching,match_right,MQQM,adjective,negative,blue,✲✲✲✲gift✲✲✲✲,noun,negative,blue,0.4932,nonmatch,0.4531,1,0.4558,0.5915,63.8050351555539
24,999,15,26,7,valence_classification,color_matching,matching,match_right,MQQM,adjective,negative,blue,✲✲ehrlich✲✲✲,adjective,positive,blue,0.4932,match,0.5395,0,0.4568,0.5925,63.95244841016209
24,1000,16,26,7,valence_classification,color_matching,matching,match_right,MQQM,adjective,negative,brown,✲entführung✲,noun,negative,brown,0.4962,nonmatch,0.3645,1,0.4565,0.5922,63.903454075658374
24,1001,17,26,7,valence_classification,color_matching,matching,match_right,ZYYZ,noun,negative,brown,✲✲✲lustig✲✲✲,adjective,positive,blue,0.4932,nonmatch,0.5362,0,0.4575,0.5932,64.049397277971
24,1002,18,26,7,valence_classification,color_matching,matching,match_right,ZYYZ,noun,negative,blue,✲✲✲glück✲✲✲✲,noun,positive,blue,0.4932,match,0.5278,0,0.4571,0.5929,64.00002256944887
24,1003,19,26,7,valence_classification,color_matching,matching,match_right,XVVX,adjective,positive,blue,✲✲✲lustig✲✲✲,adjective,positive,brown,0.4932,nonmatch,0.5539,0,0.4568,0.5925,63.95134435510717
24,1004,20,26,7,valence_classification,color_matching,matching,match_right,WJJW,noun,positive,blue,✲✲✲✲gift✲✲✲✲,noun,negative,brown,0.4963,nonmatch,0.6402,0,0.4565,0.5922,63.903211110984266
24,1005,21,26,7,valence_classification,color_matching,matching,match_right,WJJW,noun,positive,brown,✲✲schlecht✲✲,adjective,negative,blue,0.4932,nonmatch,0.5109,0,0.4561,0.5918,63.855476344605975
24,1006,22,26,7,valence_classification,color_matching,matching,match_right,MQQM,adjective,negative,brown,✲✲schlecht✲✲,adjective,negative,brown,0.4932,match,0.3045,0,0.4558,0.5915,63.80799764253663
24,1007,23,26,7,valence_classification,color_matching,matching,match_right,XVVX,adjective,positive,brown,✲✲launisch✲✲,adjective,negative,blue,0.4932,nonmatch,0.4174,0,0.4554,0.5911,63.760635775187936
24,1008,24,26,7,valence_classification,color_matching,matching,match_right,WJJW,noun,positive,brown,✲✲✲✲spaß✲✲✲✲,noun,positive,brown,0.4932,nonmatch,0.511,1,0.4551,0.5908,63.71325384931815
24,1008,24,26,7,valence_classification,color_matching,matching,match_right,WJJW,noun,positive,brown,✲✲✲✲spaß✲✲✲✲,noun,positive,brown,0.4932,match,0.6313,0,0.4551,0.5908,63.71325384931815
24,1009,25,26,7,valence_classification,color_matching,matching,match_right,WJJW,noun,positive,brown,✲✲✲eitel✲✲✲✲,adjective,negative,brown,0.4932,match,0.4771,0,0.4548,0.5905,63.666024477910554
24,1010,26,26,7,valence_classification,color_matching,matching,match_right,ZYYZ,noun,negative,blue,✲✲✲gütig✲✲✲✲,adjective,positive,brown,0.4932,nonmatch,0.4983,0,0.4544,0.5901,63.61847732397047
24,1011,27,26,7,valence_classification,color_matching,matching,match_right,MQQM,adjective,negative,blue,✲✲✲lustig✲✲✲,adjective,positive,brown,0.4932,nonmatch,0.5271,0,0.4541,0.5898,63.570480187562985
24,1012,28,26,7,valence_classification,color_matching,matching,match_right,ZYYZ,noun,negative,brown,✲entführung✲,noun,negative,blue,0.4932,nonmatch,0.3673,0,0.4537,0.5894,63.52189980740228
24,1013,29,26,7,valence_classification,color_matching,matching,match_right,ZYYZ,noun,negative,blue,✲✲✲leiche✲✲✲,noun,negative,brown,0.4992,nonmatch,0.5045,0,0.4534,0.5891,63.47260115838203
24,1014,30,26,7,valence_classification,color_matching,matching,match_right,MQQM,adjective,negative,blue,✲✲schleim✲✲✲,noun,negative,brown,0.4932,match,0.533,1,0.453,0.5887,63.424247855360534
24,1015,31,26,7,valence_classification,color_matching,matching,match_right,ZYYZ,noun,negative,blue,✲✲✲✲gift✲✲✲✲,noun,negative,blue,0.4966,match,0.4752,0,0.454,0.5898,63.56545147310275
24,1016,32,26,7,valence_classification,color_matching,matching,match_right,XVVX,adjective,positive,blue,✲✲✲✲gift✲✲✲✲,noun,negative,brown,0.4932,nonmatch,0.4759,0,0.4537,0.5894,63.517495703016486
24,1017,33,26,7,valence_classification,color_matching,matching,match_right,MQQM,adjective,negative,brown,✲✲✲leiche✲✲✲,noun,negative,blue,0.5199,nonmatch,0.4767,0,0.4533,0.5891,63.46881695786224
24,1018,34,26,7,valence_classification,color_matching,matching,match_right,ZYYZ,noun,negative,blue,✲✲✲gierig✲✲✲,adjective,negative,blue,0.4932,nonmatch,0.3539,1,0.453,0.5887,63.42160020453928
24,1019,35,26,7,valence_classification,color_matching,matching,match_right,MQQM,adjective,negative,brown,✲✲✲eitel✲✲✲✲,adjective,negative,blue,0.4933,match,0.4624,1,0.454,0.5897,63.56054741134195
24,1020,36,26,7,valence_classification,color_matching,matching,match_right,ZYYZ,noun,negative,brown,✲✲✲✲spaß✲✲✲✲,noun,positive,blue,0.4932,nonmatch,0.3673,0,0.4549,0.5907,63.69291345484277
24,1021,37,26,7,valence_classification,color_matching,matching,match_right,XVVX,adjective,positive,brown,✲✲schleim✲✲✲,noun,negative,blue,0.5026,nonmatch,0.5482,0,0.4546,0.5903,63.64759828400185
24,1022,38,26,7,valence_classification,color_matching,matching,match_right,XVVX,adjective,positive,brown,✲✲einfall✲✲✲,noun,positive,blue,0.4932,nonmatch,0.5934,0,0.4543,0.59,63.60192191266898
24,1023,39,26,7,valence_classification,color_matching,matching,match_right,MQQM,adjective,negative,brown,✲✲✲gütig✲✲✲✲,adjective,positive,brown,0.4932,match,0.4064,0,0.454,0.5897,63.55576259562689
24,1024,40,26,7,valence_classification,color_matching,matching,match_right,MQQM,adjective,negative,blue,✲✲einfall✲✲✲,noun,positive,brown,0.4932,match,0.1099,1,0.4536,0.5893,63.508997282119985
24,1025,41,26,7,valence_classification,color_matching,matching,match_right,WJJW,noun,positive,blue,✲✲✲gütig✲✲✲✲,adjective,positive,blue,0.4932,nonmatch,0.536,1,0.4546,0.5903,63.64177003948559
24,1026,42,26,7,valence_classification,color_matching,matching,match_right,XVVX,adjective,positive,brown,✲✲✲leiche✲✲✲,noun,negative,brown,0.4932,match,0.677,0,0.4555,0.5912,63.7678146745656
24,1027,43,26,7,valence_classification,color_matching,matching,match_right,XVVX,adjective,positive,brown,✲✲✲schön✲✲✲✲,adjective,positive,brown,0.4932,match,0.3754,0,0.4552,0.5909,63.72379746962746
24,1028,44,26,7,valence_classification,color_matching,matching,match_right,WJJW,noun,positive,blue,✲✲✲schön✲✲✲✲,adjective,positive,brown,0.4933,nonmatch,0.4078,0,0.4549,0.5906,63.67993927144216
24,1029,45,26,7,valence_classification,color_matching,matching,match_right,MQQM,adjective,negative,blue,✲✲✲glück✲✲✲✲,noun,positive,blue,0.4932,nonmatch,0.4694,1,0.4545,0.5903,63.63580924393174
24,1030,46,26,7,valence_classification,color_matching,matching,match_right,ZYYZ,noun,negative,blue,✲✲ehrlich✲✲✲,adjective,positive,blue,0.4932,match,0.4966,0,0.4554,0.5911,63.76024077655137
24,1031,47,26,7,valence_classification,color_matching,matching,match_right,ZYYZ,noun,negative,brown,✲✲✲schön✲✲✲✲,adjective,positive,brown,0.4932,match,0.5565,0,0.4551,0.5908,63.71683284725378
24,1032,48,26,7,valence_classification,color_matching,matching,match_right,XVVX,adjective,positive,blue,✲✲ehrlich✲✲✲,adjective,positive,blue,0.4932,match,0.4414,0,0.4548,0.5905,63.673559050817225
24,1033,49,26,7,valence_classification,color_matching,matching,match_right,ZYYZ,noun,negative,brown,✲✲schlecht✲✲,adjective,negative,blue,0.4932,nonmatch,0.5928,0,0.4545,0.5902,63.629998621219556
24,1034,50,26,7,valence_classification,color_matching,matching,match_right,XVVX,adjective,positive,blue,✲✲✲gierig✲✲✲,adjective,negative,brown,0.4932,nonmatch,0.4317,0,0.4542,0.5899,63.58603994455855
24,1035,51,26,7,valence_classification,color_matching,matching,match_right,XVVX,adjective,positive,blue,✲✲✲glück✲✲✲✲,noun,positive,brown,0.4932,nonmatch,0.4539,0,0.4539,0.5896,63.541570463259795
24,1036,52,26,7,valence_classification,color_matching,matching,match_right,WJJW,noun,positive,blue,✲✲schleim✲✲✲,noun,negative,blue,0.4964,match,0.7103,0,0.4535,0.5893,63.49647613030503
24,1037,53,26,7,valence_classification,color_matching,matching,match_right,ZYYZ,noun,negative,brown,✲✲✲eitel✲✲✲✲,adjective,negative,brown,0.4932,match,0.5342,0,0.4532,0.5889,63.450640862676046
24,1038,54,26,7,valence_classification,color_matching,matching,match_right,ZYYZ,noun,negative,blue,✲✲✲liebe✲✲✲✲,noun,positive,brown,0.4932,match,0.4317,1,0.4529,0.5886,63.40893361306427
24,1039,55,26,7,valence_classification,color_matching,matching,match_right,MQQM,adjective,negative,brown,✲✲✲liebe✲✲✲✲,noun,positive,brown,0.4933,match,0.548,0,0.4538,0.5896,63.537222986686686
24,1040,56,26,7,valence_classification,color_matching,matching,match_right,WJJW,noun,positive,blue,✲✲✲gierig✲✲✲,adjective,negative,brown,0.4932,nonmatch,2.1986,0,0.4535,0.5892,63.49264581212563
24,1041,57,26,7,valence_classification,color_matching,matching,match_right,ZYYZ,noun,negative,blue,✲✲launisch✲✲,adjective,negative,brown,0.4932,nonmatch,0.5435,0,0.4532,0.5889,63.44732544022305
24,1042,58,26,7,valence_classification,color_matching,matching,match_right,WJJW,noun,positive,brown,✲entführung✲,noun,negative,brown,0.4932,nonmatch,0.6113,1,0.4529,0.5886,63.406651991140585
24,1043,59,26,7,valence_classification,color_matching,matching,match_right,WJJW,noun,positive,blue,✲✲launisch✲✲,adjective,negative,blue,0.4932,nonmatch,0.644,1,0.4538,0.5895,63.53297166452267
24,1044,60,26,7,valence_classification,color_matching,matching,match_right,MQQM,adjective,negative,blue,✲✲✲gierig✲✲✲,adjective,negative,brown,0.4932,match,0.4609,1,0.4547,0.5904,63.656168225665596
24,1045,61,26,7,valence_classification,color_matching,matching,match_right,WJJW,noun,positive,brown,✲✲einfall✲✲✲,noun,positive,blue,0.4932,nonmatch,0.63,0,0.4555,0.5912,63.773527248547644
24,1046,62,26,7,valence_classification,color_matching,matching,match_right,WJJW,noun,positive,brown,✲✲✲lustig✲✲✲,adjective,positive,brown,0.4932,match,0.57,0,0.4552,0.5909,63.73244939440977
24,1047,63,26,7,valence_classification,color_matching,matching,match_right,XVVX,adjective,positive,blue,✲✲✲liebe✲✲✲✲,noun,positive,blue,0.4932,match,0.4617,0,0.4549,0.5907,63.691533097808104
24,1048,64,26,7,valence_classification,color_matching,matching,match_right,XVVX,adjective,positive,blue,✲✲schlecht✲✲,adjective,negative,blue,0.4932,match,0.3919,0,0.4546,0.5904,63.65038139701367
24,1049,1,27,8,valence_classification,color_matching,matching,match_right,WJJW,noun,positive,blue,✲✲✲leiche✲✲✲,noun,negative,brown,0.5456,nonmatch,0.2989,0,0.4543,0.5901,63.608893999288995
24,1050,2,27,8,valence_classification,color_matching,matching,match_right,ZYYZ,noun,negative,brown,✲✲schleim✲✲✲,noun,negative,blue,0.4932,nonmatch,0.3823,0,0.454,0.5898,63.56696989561707
24,1051,3,27,8,valence_classification,color_matching,matching,match_right,MQQM,adjective,negative,blue,✲✲✲liebe✲✲✲✲,noun,positive,brown,0.4932,nonmatch,0.4063,0,0.4537,0.5895,63.52450689376122
24,1052,4,27,8,valence_classification,color_matching,matching,match_right,MQQM,adjective,negative,brown,✲✲✲leiche✲✲✲,noun,negative,blue,0.4932,nonmatch,0.376,0,0.4534,0.5892,63.48140115121873
24,1053,5,27,8,valence_classification,color_matching,matching,match_right,WJJW,noun,positive,brown,✲✲✲gierig✲✲✲,adjective,negative,brown,0.4932,match,0.672,0,0.4531,0.5888,63.437546704903745
24,1054,6,27,8,valence_classification,color_matching,matching,match_right,ZYYZ,noun,negative,blue,✲✲✲gütig✲✲✲✲,adjective,positive,brown,0.4932,nonmatch,0.5539,0,0.4529,0.5886,63.399938780432734
24,1055,7,27,8,valence_classification,color_matching,matching,match_right,XVVX,adjective,positive,brown,✲✲✲leiche✲✲✲,noun,negative,brown,0.4932,nonmatch,0.4687,1,0.4526,0.5883,63.36344972967831
24,1056,8,27,8,valence_classification,color_matching,matching,match_right,WJJW,noun,positive,brown,✲✲✲✲gift✲✲✲✲,noun,negative,blue,0.4932,nonmatch,0.303,0,0.4534,0.5891,63.47787979300721
24,1057,9,27,8,valence_classification,color_matching,matching,match_right,XVVX,adjective,positive,brown,✲✲schleim✲✲✲,noun,negative,blue,0.4932,match,0.5431,1,0.4531,0.5888,63.43448413722831
24,1058,10,27,8,valence_classification,color_matching,matching,match_right,XVVX,adjective,positive,blue,✲✲✲✲gift✲✲✲✲,noun,negative,blue,0.4962,match,0.4511,0,0.454,0.5897,63.55817541271594
24,1059,11,27,8,valence_classification,color_matching,matching,match_right,WJJW,noun,positive,blue,✲✲schlecht✲✲,adjective,negative,blue,0.4932,match,0.7211,0,0.4537,0.5894,63.516626139016005
24,1060,12,27,8,valence_classification,color_matching,matching,match_right,XVVX,adjective,positive,blue,✲✲✲✲spaß✲✲✲✲,noun,positive,blue,0.4932,match,0.5481,0,0.4534,0.5891,63.47442753969336
24,1061,13,27,8,valence_classification,color_matching,matching,match_right,ZYYZ,noun,negative,brown,✲✲✲lustig✲✲✲,adjective,positive,blue,0.4932,match,0.5395,1,0.4531,0.5888,63.431882958910805
24,1062,14,27,8,valence_classification,color_matching,matching,match_right,ZYYZ,noun,negative,brown,✲✲✲schön✲✲✲✲,adjective,positive,brown,0.4932,nonmatch,0.5633,1,0.454,0.5897,63.55391704308003
24,1062,14,27,8,valence_classification,color_matching,matching,match_right,ZYYZ,noun,negative,brown,✲✲✲schön✲✲✲✲,adjective,positive,brown,0.4932,match,0.7715,0,0.454,0.5897,63.55391704308003
24,1063,15,27,8,valence_classification,color_matching,matching,match_right,MQQM,adjective,negative,brown,✲✲✲✲spaß✲✲✲✲,noun,positive,brown,0.4932,match,0.5038,0,0.4537,0.5894,63.51280551641139
24,1064,16,27,8,valence_classification,color_matching,matching,match_right,XVVX,adjective,positive,brown,✲✲ehrlich✲✲✲,adjective,positive,blue,0.4932,nonmatch,0.4349,0,0.4534,0.5891,63.471041812115494
24,1065,17,27,8,valence_classification,color_matching,matching,match_right,MQQM,adjective,negative,blue,✲✲schleim✲✲✲,noun,negative,blue,0.4932,nonmatch,0.6546,1,0.4531,0.5888,63.429414176453655
24,1066,18,27,8,valence_classification,color_matching,matching,match_right,ZYYZ,noun,negative,brown,✲✲✲✲spaß✲✲✲✲,noun,positive,blue,0.4932,match,0.4771,1,0.4539,0.5896,63.5497466174033
24,1067,19,27,8,valence_classification,color_matching,matching,match_right,XVVX,adjective,positive,brown,✲✲✲gierig✲✲✲,adjective,negative,brown,0.4932,nonmatch,0.5404,1,0.4547,0.5905,63.663458018831534
24,1068,20,27,8,valence_classification,color_matching,matching,match_right,MQQM,adjective,negative,blue,✲entführung✲,noun,negative,brown,0.4932,nonmatch,0.5126,0,0.4555,0.5912,63.77204216734091
24,1069,21,27,8,valence_classification,color_matching,matching,match_right,XVVX,adjective,positive,brown,✲✲✲glück✲✲✲✲,noun,positive,blue,0.4932,nonmatch,0.419,0,0.4552,0.591,63.73399363506916
24,1070,22,27,8,valence_classification,color_matching,matching,match_right,WJJW,noun,positive,blue,✲✲✲lustig✲✲✲,adjective,positive,brown,0.4932,nonmatch,0.4894,0,0.455,0.5907,63.69608904571915
24,1071,23,27,8,valence_classification,color_matching,matching,match_right,MQQM,adjective,negative,brown,✲✲✲gierig✲✲✲,adjective,negative,brown,0.4932,nonmatch,0.4531,1,0.4547,0.5904,63.65796772697259
24,1072,24,27,8,valence_classification,color_matching,matching,match_right,WJJW,noun,positive,brown,✲✲✲schön✲✲✲✲,adjective,positive,blue,0.4932,nonmatch,0.782,0,0.4555,0.5912,63.765351696263714
24,1073,25,27,8,valence_classification,color_matching,matching,match_right,MQQM,adjective,negative,brown,✲✲✲lustig✲✲✲,adjective,positive,blue,0.4932,match,0.4643,1,0.4552,0.5909,63.727760141590316
24,1074,26,27,8,valence_classification,color_matching,matching,match_right,XVVX,adjective,positive,brown,✲✲✲eitel✲✲✲✲,adjective,negative,blue,0.4932,nonmatch,0.4355,0,0.4559,0.5917,63.832463776038054
24,1075,27,27,8,valence_classification,color_matching,matching,match_right,MQQM,adjective,negative,brown,✲✲einfall✲✲✲,noun,positive,blue,0.4961,nonmatch,0.2933,0,0.4557,0.5914,63.79536216807825
24,1076,28,27,8,valence_classification,color_matching,matching,match_right,MQQM,adjective,negative,blue,✲✲schlecht✲✲,adjective,negative,blue,0.4936,nonmatch,0.2476,1,0.4554,0.5911,63.75828891724463
24,1077,29,27,8,valence_classification,color_matching,matching,match_right,WJJW,noun,positive,blue,✲✲✲eitel✲✲✲✲,adjective,negative,brown,0.4932,nonmatch,0.512,0,0.4562,0.5919,63.86978351791694
24,1078,30,27,8,valence_classification,color_matching,matching,match_right,XVVX,adjective,positive,blue,✲✲✲lustig✲✲✲,adjective,positive,brown,0.4932,nonmatch,0.5191,0,0.456,0.5917,63.83307540911837
24,1079,31,27,8,valence_classification,color_matching,matching,match_right,WJJW,noun,positive,brown,✲✲ehrlich✲✲✲,adjective,positive,brown,0.4932,match,0.5503,0,0.4557,0.5914,63.79647930951162
24,1080,32,27,8,valence_classification,color_matching,matching,match_right,WJJW,noun,positive,brown,✲✲launisch✲✲,adjective,negative,blue,0.4932,nonmatch,0.4536,0,0.4554,0.5911,63.75991210484873
24,1081,33,27,8,valence_classification,color_matching,matching,match_right,ZYYZ,noun,negative,brown,✲✲✲liebe✲✲✲✲,noun,positive,brown,0.5463,match,0.3986,0,0.4552,0.5909,63.7232915302115
24,1082,34,27,8,valence_classification,color_matching,matching,match_right,XVVX,adjective,positive,blue,✲✲✲gütig✲✲✲✲,adjective,positive,blue,0.508,match,0.5116,0,0.4549,0.5906,63.686778575519426
24,1083,35,27,8,valence_classification,color_matching,matching,match_right,WJJW,noun,positive,brown,✲✲✲✲spaß✲✲✲✲,noun,positive,blue,0.4932,nonmatch,0.4317,0,0.4546,0.5904,63.65003257402721
24,1084,36,27,8,valence_classification,color_matching,matching,match_right,XVVX,adjective,positive,blue,✲✲schlecht✲✲,adjective,negative,brown,0.4932,nonmatch,0.5332,0,0.4544,0.5901,63.61297311311105
24,1085,37,27,8,valence_classification,color_matching,matching,match_right,MQQM,adjective,negative,brown,✲✲ehrlich✲✲✲,adjective,positive,brown,0.4936,nonmatch,0.4481,1,0.4541,0.5898,63.57551905590187
24,1086,38,27,8,valence_classification,color_matching,matching,match_right,MQQM,adjective,negative,blue,✲✲✲schön✲✲✲✲,adjective,positive,brown,0.4932,nonmatch,0.5332,0,0.4549,0.5906,63.68152184305486
24,1087,39,27,8,valence_classification,color_matching,matching,match_right,ZYYZ,noun,negative,blue,✲✲✲glück✲✲✲✲,noun,positive,blue,0.4932,nonmatch,0.3919,1,0.4546,0.5903,63.64515893204552
24,1088,40,27,8,valence_classification,color_matching,matching,match_right,WJJW,noun,positive,blue,✲✲✲glück✲✲✲✲,noun,positive,blue,0.4932,match,0.4246,0,0.4553,0.5911,63.747674677043804
24,1089,41,27,8,valence_classification,color_matching,matching,match_right,WJJW,noun,positive,blue,✲entführung✲,noun,negative,blue,0.4932,match,0.5986,0,0.4551,0.5908,63.71211225741725
24,1090,42,27,8,valence_classification,color_matching,matching,match_right,ZYYZ,noun,negative,blue,✲entführung✲,noun,negative,brown,0.4932,nonmatch,0.5192,0,0.4548,0.5905,63.67637420706285
24,1091,43,27,8,valence_classification,color_matching,matching,match_right,ZYYZ,noun,negative,brown,✲✲launisch✲✲,adjective,negative,blue,0.4932,nonmatch,0.5038,0,0.4546,0.5903,63.640383938045524
24,1092,44,27,8,valence_classification,color_matching,matching,match_right,WJJW,noun,positive,blue,✲✲✲liebe✲✲✲✲,noun,positive,brown,0.4996,nonmatch,0.4609,0,0.4543,0.59,63.60406437401495
24,1093,45,27,8,valence_classification,color_matching,matching,match_right,ZYYZ,noun,negative,blue,✲✲einfall✲✲✲,noun,positive,brown,0.4932,nonmatch,0.4181,0,0.4541,0.5898,63.56733763706113
24,1094,46,27,8,valence_classification,color_matching,matching,match_right,XVVX,adjective,positive,blue,✲entführung✲,noun,negative,brown,0.4932,nonmatch,0.6086,0,0.4538,0.5895,63.53012473432783
24,1095,47,27,8,valence_classification,color_matching,matching,match_right,MQQM,adjective,negative,blue,✲✲✲gütig✲✲✲✲,adjective,positive,blue,0.4932,match,0.4181,0,0.4535,0.5892,63.49234524251538
24,1096,48,27,8,valence_classification,color_matching,matching,match_right,XVVX,adjective,positive,blue,✲✲✲liebe✲✲✲✲,noun,positive,brown,0.4932,nonmatch,0.5538,0,0.4532,0.589,63.453916988432844
24,1097,49,27,8,valence_classification,color_matching,matching,match_right,MQQM,adjective,negative,blue,✲✲launisch✲✲,adjective,negative,brown,0.4932,nonmatch,0.4132,0,0.453,0.5887,63.41807076100562
24,1098,50,27,8,valence_classification,color_matching,matching,match_right,XVVX,adjective,positive,blue,✲✲launisch✲✲,adjective,negative,blue,0.4932,nonmatch,0.6025,1,0.4528,0.5885,63.38587015115121
24,1099,51,27,8,valence_classification,color_matching,matching,match_right,ZYYZ,noun,negative,brown,✲✲schlecht✲✲,adjective,negative,brown,0.4932,nonmatch,0.4102,1,0.4535,0.5892,63.489057864559875
24,1100,52,27,8,valence_classification,color_matching,matching,match_right,ZYYZ,noun,negative,blue,✲✲ehrlich✲✲✲,adjective,positive,blue,0.4932,match,0.6806,0,0.4543,0.59,63.595497930420166
24,1101,53,27,8,valence_classification,color_matching,matching,match_right,XVVX,adjective,positive,brown,✲✲einfall✲✲✲,noun,positive,brown,0.497,nonmatch,0.4205,1,0.454,0.5897,63.559461179500964
24,1102,54,27,8,valence_classification,color_matching,matching,match_right,MQQM,adjective,negative,brown,✲✲✲eitel✲✲✲✲,adjective,negative,blue,0.4932,match,0.3919,1,0.4547,0.5904,63.66154822859543
24,1103,55,27,8,valence_classification,color_matching,matching,match_right,WJJW,noun,positive,blue,✲✲✲gütig✲✲✲✲,adjective,positive,blue,0.4932,match,0.384,0,0.4554,0.5911,63.75915897041829
24,1104,56,27,8,valence_classification,color_matching,matching,match_right,ZYYZ,noun,negative,brown,✲✲✲leiche✲✲✲,noun,negative,brown,0.4932,nonmatch,0.292,1,0.4552,0.5909,63.72497236609415
24,1105,57,27,8,valence_classification,color_matching,matching,match_right,ZYYZ,noun,negative,blue,✲✲✲eitel✲✲✲✲,adjective,negative,brown,0.4932,match,0.4399,1,0.4559,0.5916,63.82022686471858
24,1106,58,27,8,valence_classification,color_matching,matching,match_right,MQQM,adjective,negative,blue,✲✲✲glück✲✲✲✲,noun,positive,blue,0.4932,match,0.4824,0,0.4566,0.5923,63.9215133283162
24,1107,59,27,8,valence_classification,color_matching,matching,match_right,XVVX,adjective,positive,brown,✲✲✲schön✲✲✲✲,adjective,positive,brown,0.4932,match,0.4681,0,0.4563,0.5921,63.887785291214556
24,1108,60,27,8,valence_classification,color_matching,matching,match_right,ZYYZ,noun,negative,blue,✲✲✲✲gift✲✲✲✲,noun,negative,blue,0.4932,match,0.5203,0,0.4561,0.5918,63.85426634399335
24,1109,61,27,8,valence_classification,color_matching,matching,match_right,WJJW,noun,positive,brown,✲✲schleim✲✲✲,noun,negative,brown,0.4932,match,0.4752,0,0.4559,0.5916,63.82088554304026
24,1110,62,27,8,valence_classification,color_matching,matching,match_right,ZYYZ,noun,negative,blue,✲✲✲gierig✲✲✲,adjective,negative,blue,0.4932,match,0.404,0,0.4556,0.5913,63.78757305422574
24,1111,63,27,8,valence_classification,color_matching,matching,match_right,WJJW,noun,positive,brown,✲✲einfall✲✲✲,noun,positive,brown,0.4932,match,0.4473,0,0.4554,0.5911,63.754259858505144
24,1112,64,27,8,valence_classification,color_matching,matching,match_right,MQQM,adjective,negative,brown,✲✲✲✲gift✲✲✲✲,noun,negative,brown,0.4932,match,0.4474,0,0.4551,0.5909,63.72087746693313
24,1113,1,28,9,valence_classification,color_matching,matching,match_right,schlecht,adjective,negative,blue,✲✲launisch✲✲,adjective,negative,blue,0.4932,match,0.5972,0,0.4549,0.5906,63.687579135068
24,1114,2,28,9,valence_classification,color_matching,matching,match_right,ehrlich,adjective,positive,blue,✲entführung✲,noun,negative,brown,0.4932,match,0.4539,1,0.4547,0.5904,63.65406189578701
24,1115,3,28,9,valence_classification,color_matching,matching,match_right,spaß,noun,positive,brown,✲✲✲lustig✲✲✲,adjective,positive,brown,0.4932,match,0.4059,0,0.4553,0.5911,63.74851839658894
24,1116,4,28,9,valence_classification,color_matching,matching,match_right,eitel,adjective,negative,brown,✲✲✲✲spaß✲✲✲✲,noun,positive,brown,0.4932,match,0.4717,0,0.4551,0.5908,63.71570572133818
24,1117,5,28,9,valence_classification,color_matching,matching,match_right,einfall,noun,positive,blue,✲✲✲✲gift✲✲✲✲,noun,negative,brown,0.4932,nonmatch,0.4609,0,0.4549,0.5906,63.68273158144373
24,1118,6,28,9,valence_classification,color_matching,matching,match_right,spaß,noun,positive,blue,✲✲✲liebe✲✲✲✲,noun,positive,brown,0.4932,match,0.6178,1,0.4546,0.5904,63.649530388520596
24,1119,7,28,9,valence_classification,color_matching,matching,match_right,gift,noun,negative,blue,✲✲✲leiche✲✲✲,noun,negative,blue,0.4932,match,0.5714,0,0.4553,0.591,63.74312208319613
24,1120,8,28,9,valence_classification,color_matching,matching,match_right,spaß,noun,positive,brown,✲entführung✲,noun,negative,blue,0.4932,nonmatch,1.572,0,0.4551,0.5908,63.71063425584437
24,1121,9,28,9,valence_classification,color_matching,matching,match_right,gierig,adjective,negative,brown,✲✲✲leiche✲✲✲,noun,negative,blue,0.4932,nonmatch,0.6373,0,0.4548,0.5906,63.677975904745416
24,1122,10,28,9,valence_classification,color_matching,matching,match_right,eitel,adjective,negative,blue,✲entführung✲,noun,negative,blue,0.4932,match,0.5181,0,0.4546,0.5903,63.645082714360605
24,1123,11,28,9,valence_classification,color_matching,matching,match_right,schlecht,adjective,negative,blue,✲✲schleim✲✲✲,noun,negative,brown,0.4932,nonmatch,0.4335,0,0.4544,0.5901,63.61188989288955
24,1124,12,28,9,valence_classification,color_matching,matching,match_right,gütig,adjective,positive,brown,✲✲ehrlich✲✲✲,adjective,positive,brown,0.4932,nonmatch,0.5467,1,0.4541,0.5898,63.57833193135699
24,1125,13,28,9,valence_classification,color_matching,matching,match_right,einfall,noun,positive,blue,✲✲✲schön✲✲✲✲,adjective,positive,brown,0.4932,nonmatch,0.6618,0,0.4548,0.5905,63.673309113951255
24,1126,14,28,9,valence_classification,color_matching,matching,match_right,launisch,adjective,negative,brown,✲✲schlecht✲✲,adjective,negative,brown,0.4932,match,0.4278,0,0.4546,0.5903,63.64071616885876
24,1127,15,28,9,valence_classification,color_matching,matching,match_right,schön,adjective,positive,brown,✲✲✲leiche✲✲✲,noun,negative,blue,0.4932,nonmatch,0.4714,0,0.4543,0.5901,63.60781734245332
24,1128,16,28,9,valence_classification,color_matching,matching,match_right,leiche,noun,negative,blue,✲✲einfall✲✲✲,noun,positive,blue,0.4932,match,0.511,0,0.4541,0.5898,63.57454829550633
24,1129,17,28,9,valence_classification,color_matching,matching,match_right,gierig,adjective,negative,brown,✲✲✲lustig✲✲✲,adjective,positive,blue,0.4932,nonmatch,0.511,0,0.4539,0.5896,63.54084371177899
24,1130,18,28,9,valence_classification,color_matching,matching,match_right,schön,adjective,positive,blue,✲✲✲✲spaß✲✲✲✲,noun,positive,brown,0.4932,match,0.6849,1,0.4536,0.5893,63.506637060961516
24,1131,19,28,9,valence_classification,color_matching,matching,match_right,schleim,noun,negative,brown,✲✲✲liebe✲✲✲✲,noun,positive,blue,0.4932,match,0.8875,1,0.4543,0.59,63.6038161297026
24,1132,20,28,9,valence_classification,color_matching,matching,match_right,entführung,noun,negative,brown,✲✲ehrlich✲✲✲,adjective,positive,brown,0.4932,match,0.5866,0,0.455,0.5907,63.69598928835846
24,1133,21,28,9,valence_classification,color_matching,matching,match_right,liebe,noun,positive,blue,✲✲✲leiche✲✲✲,noun,negative,blue,0.4965,match,0.5343,0,0.4547,0.5905,63.66423086009317
24,1134,22,28,9,valence_classification,color_matching,matching,match_right,schleim,noun,negative,brown,✲entführung✲,noun,negative,brown,0.4932,nonmatch,0.5006,1,0.4545,0.5902,63.632216213999
24,1135,23,28,9,valence_classification,color_matching,matching,match_right,schleim,noun,negative,blue,✲✲✲lustig✲✲✲,adjective,positive,brown,0.4932,nonmatch,0.7157,0,0.4552,0.5909,63.72255764410218
24,1136,24,28,9,valence_classification,color_matching,matching,match_right,launisch,adjective,negative,brown,✲✲✲✲gift✲✲✲✲,noun,negative,brown,0.4932,match,1.9051,0,0.4549,0.5907,63.69128737461659
24,1137,25,28,9,valence_classification,color_matching,matching,match_right,schlecht,adjective,negative,blue,✲✲✲liebe✲✲✲✲,noun,positive,blue,0.4932,match,0.561,0,0.4547,0.5904,63.65981402900095
24,1138,26,28,9,valence_classification,color_matching,matching,match_right,lustig,adjective,positive,brown,✲✲✲liebe✲✲✲✲,noun,positive,blue,0.4932,match,0.3902,1,0.4545,0.5902,63.62807794586949
24,1139,27,28,9,valence_classification,color_matching,matching,match_right,launisch,adjective,negative,blue,✲✲einfall✲✲✲,noun,positive,brown,0.4932,nonmatch,0.5427,0,0.4551,0.5908,63.71765551203643
24,1140,28,28,9,valence_classification,color_matching,matching,match_right,schön,adjective,positive,brown,✲✲✲gierig✲✲✲,adjective,negative,brown,0.4968,match,0.5965,0,0.4549,0.5906,63.686670614408996
24,1141,29,28,9,valence_classification,color_matching,matching,match_right,gift,noun,negative,brown,✲✲✲gütig✲✲✲✲,adjective,positive,blue,0.4932,nonmatch,0.4784,0,0.4547,0.5904,63.655475335346985
24,1142,30,28,9,valence_classification,color_matching,matching,match_right,glück,noun,positive,blue,✲✲✲gierig✲✲✲,adjective,negative,brown,0.4932,nonmatch,0.8525,0,0.4545,0.5902,63.62401107782894
24,1143,31,28,9,valence_classification,color_matching,matching,match_right,ehrlich,adjective,positive,blue,✲✲✲eitel✲✲✲✲,adjective,negative,blue,0.4933,match,0.5965,0,0.4542,0.5899,63.59221862820057
24,1144,32,28,9,valence_classification,color_matching,matching,match_right,entführung,noun,negative,brown,✲✲launisch✲✲,adjective,negative,blue,0.4933,nonmatch,0.4847,0,0.454,0.5897,63.560037947824604
24,1145,33,28,9,valence_classification,color_matching,matching,match_right,schlecht,adjective,negative,blue,✲✲ehrlich✲✲✲,adjective,positive,blue,0.4932,match,0.5427,0,0.4538,0.5895,63.52740796298821
24,1146,34,28,9,valence_classification,color_matching,matching,match_right,spaß,noun,positive,blue,✲✲✲eitel✲✲✲✲,adjective,negative,blue,0.4932,match,0.382,0,0.4535,0.5892,63.49426635199868
24,1147,35,28,9,valence_classification,color_matching,matching,match_right,schleim,noun,negative,blue,✲✲✲gierig✲✲✲,adjective,negative,brown,0.4933,nonmatch,0.4107,0,0.4533,0.589,63.46054932840084
24,1148,36,28,9,valence_classification,color_matching,matching,match_right,entführung,noun,negative,blue,✲✲✲✲gift✲✲✲✲,noun,negative,brown,0.4933,nonmatch,0.392,0,0.4531,0.5888,63.42755883498602
24,1149,37,28,9,valence_classification,color_matching,matching,match_right,lustig,adjective,positive,brown,✲✲schleim✲✲✲,noun,negative,brown,0.4932,match,0.3757,0,0.4529,0.5886,63.39927781831965
24,1150,38,28,9,valence_classification,color_matching,matching,match_right,eitel,adjective,negative,brown,✲✲✲gierig✲✲✲,adjective,negative,blue,0.4932,match,0.3339,1,0.4527,0.5884,63.37141099891899
24,1151,39,28,9,valence_classification,color_matching,matching,match_right,launisch,adjective,negative,brown,✲✲✲gütig✲✲✲✲,adjective,positive,brown,0.4932,nonmatch,0.2958,1,0.4533,0.589,63.45782333995106
24,1152,40,28,9,valence_classification,color_matching,matching,match_right,einfall,noun,positive,brown,✲✲✲glück✲✲✲✲,noun,positive,blue,0.4932,match,0.4268,1,0.454,0.5897,63.55313120961544
24,1153,41,28,9,valence_classification,color_matching,matching,match_right,leiche,noun,negative,blue,✲✲✲eitel✲✲✲✲,adjective,negative,blue,0.4962,match,0.5546,0,0.4546,0.5903,63.642904421228586
24,1154,42,28,9,valence_classification,color_matching,matching,match_right,leiche,noun,negative,blue,✲✲✲schön✲✲✲✲,adjective,positive,blue,0.4932,nonmatch,0.2315,1,0.4544,0.5901,63.61221743529362
24,1155,43,28,9,valence_classification,color_matching,matching,match_right,lustig,adjective,positive,brown,✲✲launisch✲✲,adjective,negative,blue,0.4932,nonmatch,0.649,0,0.455,0.5907,63.69891541338768
24,1156,44,28,9,valence_classification,color_matching,matching,match_right,gierig,adjective,negative,blue,✲✲✲eitel✲✲✲✲,adjective,negative,brown,0.4932,nonmatch,0.4467,0,0.4548,0.5905,63.66900361621987
24,1157,45,28,9,valence_classification,color_matching,matching,match_right,gütig,adjective,positive,blue,✲✲einfall✲✲✲,noun,positive,blue,0.4932,match,0.2698,0,0.4546,0.5903,63.63885509013404
24,1158,46,28,9,valence_classification,color_matching,matching,match_right,schön,adjective,positive,brown,✲✲✲lustig✲✲✲,adjective,positive,blue,0.4932,nonmatch,0.69,0,0.4543,0.5901,63.608415151275416
24,1159,47,28,9,valence_classification,color_matching,matching,match_right,glück,noun,positive,brown,✲✲ehrlich✲✲✲,adjective,positive,blue,0.4969,nonmatch,0.3914,0,0.4541,0.5898,63.57762841790514
24,1160,48,28,9,valence_classification,color_matching,matching,match_right,glück,noun,positive,blue,✲✲einfall✲✲✲,noun,positive,blue,0.4932,nonmatch,0.3989,1,0.4539,0.5896,63.54643862331079
24,1161,49,28,9,valence_classification,color_matching,matching,match_right,liebe,noun,positive,brown,✲✲schlecht✲✲,adjective,negative,brown,0.4932,match,0.4789,0,0.4545,0.5902,63.63487275713977
24,1162,50,28,9,valence_classification,color_matching,matching,match_right,gütig,adjective,positive,blue,✲✲schlecht✲✲,adjective,negative,brown,0.4932,nonmatch,0.5753,0,0.4543,0.59,63.604674167246245
24,1163,51,28,9,valence_classification,color_matching,matching,match_right,leiche,noun,negative,brown,✲✲schleim✲✲✲,noun,negative,blue,0.4932,nonmatch,1.1743,0,0.4541,0.5898,63.57412463111392
24,1164,52,28,9,valence_classification,color_matching,matching,match_right,liebe,noun,positive,blue,✲✲✲gütig✲✲✲✲,adjective,positive,blue,0.5298,match,0.5135,0,0.4539,0.5896,63.54316875281297
24,1165,53,28,9,valence_classification,color_matching,matching,match_right,entführung,noun,negative,blue,✲✲✲✲spaß✲✲✲✲,noun,positive,brown,0.4932,nonmatch,0.7596,0,0.4537,0.5894,63.51175005466941
24,1166,54,28,9,valence_classification,color_matching,matching,match_right,ehrlich,adjective,positive,brown,✲✲✲glück✲✲✲✲,noun,positive,brown,0.4932,nonmatch,0.4338,1,0.4534,0.5891,63.479810789364464
24,1167,55,28,9,valence_classification,color_matching,matching,match_right,lustig,adjective,positive,blue,✲✲✲schön✲✲✲✲,adjective,positive,blue,0.4932,match,0.5356,0,0.4541,0.5898,63.57067501993304
24,1168,56,28,9,valence_classification,color_matching,matching,match_right,einfall,noun,positive,brown,✲✲launisch✲✲,adjective,negative,blue,0.4932,nonmatch,0.4909,0,0.4539,0.5896,63.53994787706904
24,1169,57,28,9,valence_classification,color_matching,matching,match_right,ehrlich,adjective,positive,blue,✲✲✲gütig✲✲✲✲,adjective,positive,brown,0.4932,nonmatch,0.6564,0,0.4536,0.5893,63.508755625601836
24,1170,58,28,9,valence_classification,color_matching,matching,match_right,gütig,adjective,positive,blue,✲✲✲✲gift✲✲✲✲,noun,negative,blue,0.4972,match,0.3674,0,0.4534,0.5891,63.477041353736304
24,1171,59,28,9,valence_classification,color_matching,matching,match_right,gift,noun,negative,brown,✲✲schlecht✲✲,adjective,negative,brown,0.4932,match,0.5768,0,0.4532,0.5889,63.44474669022466
24,1172,60,28,9,valence_classification,color_matching,matching,match_right,glück,noun,positive,brown,✲✲schleim✲✲✲,noun,negative,brown,0.4932,match,0.4127,0,0.453,0.5887,63.41591171511321
24,1173,61,28,9,valence_classification,color_matching,matching,match_right,gift,noun,negative,brown,✲✲✲glück✲✲✲✲,noun,positive,brown,0.4932,match,0.3839,0,0.4528,0.5885,63.389319499299184
24,1174,62,28,9,valence_classification,color_matching,matching,match_right,liebe,noun,positive,brown,✲✲✲✲spaß✲✲✲✲,noun,positive,brown,0.4932,match,0.4362,0,0.4526,0.5883,63.36309997893858
24,1175,63,28,9,valence_classification,color_matching,matching,match_right,gierig,adjective,negative,brown,✲✲✲glück✲✲✲✲,noun,positive,blue,0.4932,nonmatch,0.4717,0,0.4524,0.5881,63.33720756571333
24,1176,64,28,9,valence_classification,color_matching,matching,match_right,eitel,adjective,negative,blue,✲✲✲schön✲✲✲✲,adjective,positive,brown,0.4932,nonmatch,0.5613,0,0.4522,0.5879,63.31159795199709
24,1177,1,29,10,valence_classification,color_matching,matching,match_right,gierig,adjective,negative,brown,✲✲schleim✲✲✲,noun,negative,blue,0.4932,nonmatch,0.5539,0,0.452,0.5878,63.28622795529893
24,1178,2,29,10,valence_classification,color_matching,matching,match_right,liebe,noun,positive,blue,✲entführung✲,noun,negative,brown,0.4932,nonmatch,0.5125,0,0.4519,0.5876,63.2610553697898
24,1179,3,29,10,valence_classification,color_matching,matching,match_right,lustig,adjective,positive,blue,✲✲✲glück✲✲✲✲,noun,positive,brown,0.4932,nonmatch,0.4687,0,0.4517,0.5874,63.23603882407924
24,1180,4,29,10,valence_classification,color_matching,matching,match_right,lustig,adjective,positive,brown,✲✲✲schön✲✲✲✲,adjective,positive,blue,0.4932,nonmatch,0.3931,0,0.4515,0.5872,63.211137644460585
24,1181,5,29,10,valence_classification,color_matching,matching,match_right,schön,adjective,positive,brown,✲✲✲liebe✲✲✲✲,noun,positive,blue,0.4932,nonmatch,0.6733,0,0.4513,0.587,63.186311722895915
24,1182,6,29,10,valence_classification,color_matching,matching,match_right,spaß,noun,positive,brown,✲✲✲liebe✲✲✲✲,noun,positive,blue,0.4932,nonmatch,0.3745,0,0.4512,0.5869,63.16152138904933
24,1183,7,29,10,valence_classification,color_matching,matching,match_right,gift,noun,negative,blue,✲✲einfall✲✲✲,noun,positive,brown,0.4932,nonmatch,0.4783,0,0.451,0.5867,63.13672728571851
24,1184,8,29,10,valence_classification,color_matching,matching,match_right,ehrlich,adjective,positive,blue,✲✲✲gütig✲✲✲✲,adjective,positive,brown,0.4932,nonmatch,0.3387,0,0.4508,0.5865,63.111890247043895
24,1185,9,29,10,valence_classification,color_matching,matching,match_right,liebe,noun,positive,blue,✲✲einfall✲✲✲,noun,positive,brown,0.4932,nonmatch,0.5109,0,0.4506,0.5863,63.0871415648734
24,1186,10,29,10,valence_classification,color_matching,matching,match_right,gift,noun,negative,blue,✲✲✲schön✲✲✲✲,adjective,positive,brown,0.4932,nonmatch,0.3685,0,0.4504,0.5862,63.062264221677495
24,1187,11,29,10,valence_classification,color_matching,matching,match_right,gütig,adjective,positive,blue,✲✲✲✲spaß✲✲✲✲,noun,positive,blue,0.4932,match,0.5927,0,0.4503,0.586,63.0372196510439
24,1188,12,29,10,valence_classification,color_matching,matching,match_right,glück,noun,positive,brown,✲✲✲lustig✲✲✲,adjective,positive,brown,0.4932,match,0.4681,0,0.4501,0.5858,63.01196896048483
24,1189,13,29,10,valence_classification,color_matching,matching,match_right,gütig,adjective,positive,blue,✲✲✲lustig✲✲✲,adjective,positive,blue,0.4936,match,0.4895,0,0.4499,0.5856,62.9864728186277
24,1190,14,29,10,valence_classification,color_matching,matching,match_right,schleim,noun,negative,brown,✲✲✲gierig✲✲✲,adjective,negative,brown,0.4932,match,0.4143,0,0.4497,0.5854,62.960691341579704
24,1191,15,29,10,valence_classification,color_matching,matching,match_right,launisch,adjective,negative,brown,✲entführung✲,noun,negative,brown,0.4932,match,0.561,0,0.4495,0.5852,62.93458397798606
24,1192,16,29,10,valence_classification,color_matching,matching,match_right,schön,adjective,positive,brown,✲✲✲✲gift✲✲✲✲,noun,negative,brown,0.4932,match,0.5785,0,0.4493,0.5851,62.90810939230222
24,1193,17,29,10,valence_classification,color_matching,matching,match_right,launisch,adjective,negative,blue,✲✲✲eitel✲✲✲✲,adjective,negative,brown,0.4932,nonmatch,0.468,0,0.4492,0.5849,62.881225345798775
24,1194,18,29,10,valence_classification,color_matching,matching,match_right,einfall,noun,positive,blue,✲✲schlecht✲✲,adjective,negative,brown,0.4932,nonmatch,0.4985,0,0.449,0.5847,62.853888574812906
24,1195,19,29,10,valence_classification,color_matching,matching,match_right,schlecht,adjective,negative,blue,✲✲✲gierig✲✲✲,adjective,negative,blue,0.4932,match,0.5695,0,0.4488,0.5845,62.826054665754036
24,1196,20,29,10,valence_classification,color_matching,matching,match_right,leiche,noun,negative,brown,✲✲✲glück✲✲✲✲,noun,positive,brown,0.4933,match,0.5219,0,0.4486,0.5843,62.798624994488655
24,1197,21,29,10,valence_classification,color_matching,matching,match_right,schleim,noun,negative,blue,✲✲✲✲spaß✲✲✲✲,noun,positive,blue,0.4932,match,0.4782,0,0.4484,0.5841,62.7754994043436
24,1198,22,29,10,valence_classification,color_matching,matching,match_right,leiche,noun,negative,brown,✲✲schlecht✲✲,adjective,negative,blue,0.4932,match,0.3283,1,0.4482,0.5839,62.75271607549549
24,1199,23,29,10,valence_classification,color_matching,matching,match_right,entführung,noun,negative,blue,✲✲✲eitel✲✲✲✲,adjective,negative,brown,0.4932,nonmatch,0.5195,0,0.4487,0.5845,62.82374886552073
24,1200,24,29,10,valence_classification,color_matching,matching,match_right,entführung,noun,negative,brown,✲✲✲liebe✲✲✲✲,noun,positive,blue,0.4932,nonmatch,0.4174,0,0.4485,0.5843,62.79688210467833
24,1201,25,29,10,valence_classification,color_matching,matching,match_right,gift,noun,negative,blue,✲✲launisch✲✲,adjective,negative,blue,0.4932,nonmatch,0.5324,1,0.4484,0.5841,62.773958333976225
24,1202,26,29,10,valence_classification,color_matching,matching,match_right,lustig,adjective,positive,blue,✲✲✲eitel✲✲✲✲,adjective,negative,brown,0.4932,nonmatch,0.3959,0,0.4489,0.5846,62.848994438707976
24,1203,27,29,10,valence_classification,color_matching,matching,match_right,spaß,noun,positive,blue,✲✲ehrlich✲✲✲,adjective,positive,brown,0.4932,nonmatch,0.5682,0,0.4487,0.5844,62.82146821659585
24,1204,28,29,10,valence_classification,color_matching,matching,match_right,gierig,adjective,negative,blue,✲✲✲lustig✲✲✲,adjective,positive,brown,0.4932,nonmatch,0.522,0,0.4485,0.5843,62.795164167016424
24,1205,29,29,10,valence_classification,color_matching,matching,match_right,ehrlich,adjective,positive,brown,✲✲einfall✲✲✲,noun,positive,brown,0.4932,nonmatch,0.4067,1,0.4484,0.5841,62.77243888938014
24,1206,30,29,10,valence_classification,color_matching,matching,match_right,gift,noun,negative,blue,✲entführung✲,noun,negative,brown,0.4932,nonmatch,0.5201,0,0.4489,0.5846,62.84658880610227
24,1207,31,29,10,valence_classification,color_matching,matching,match_right,entführung,noun,negative,brown,✲✲schleim✲✲✲,noun,negative,blue,0.4932,match,0.5061,1,0.4487,0.5844,62.81921211150133
24,1208,32,29,10,valence_classification,color_matching,matching,match_right,liebe,noun,positive,brown,✲✲✲schön✲✲✲✲,adjective,positive,blue,0.4932,nonmatch,0.476,0,0.4493,0.585,62.89721467419648
24,1209,33,29,10,valence_classification,color_matching,matching,match_right,ehrlich,adjective,positive,brown,✲✲schlecht✲✲,adjective,negative,blue,0.4932,nonmatch,0.2824,0,0.4491,0.5848,62.870940665893805
24,1210,34,29,10,valence_classification,color_matching,matching,match_right,launisch,adjective,negative,brown,✲✲✲glück✲✲✲✲,noun,positive,blue,0.4932,nonmatch,0.3699,0,0.4489,0.5846,62.84420991032725
24,1211,35,29,10,valence_classification,color_matching,matching,match_right,glück,noun,positive,blue,✲✲✲✲spaß✲✲✲✲,noun,positive,blue,0.4932,nonmatch,0.3341,1,0.4487,0.5844,62.81697996144042
24,1212,36,29,10,valence_classification,color_matching,matching,match_right,schleim,noun,negative,brown,✲✲✲leiche✲✲✲,noun,negative,brown,0.4932,match,0.3753,0,0.4492,0.585,62.894572117278244
24,1213,37,29,10,valence_classification,color_matching,matching,match_right,lustig,adjective,positive,blue,✲✲schleim✲✲✲,noun,negative,blue,0.4932,nonmatch,0.4971,1,0.4491,0.5848,62.86844342474411
24,1214,38,29,10,valence_classification,color_matching,matching,match_right,einfall,noun,positive,blue,✲✲✲gütig✲✲✲✲,adjective,positive,blue,0.4932,match,0.3684,0,0.4496,0.5853,62.94271791713091
24,1215,39,29,10,valence_classification,color_matching,matching,match_right,gütig,adjective,positive,brown,✲✲✲gierig✲✲✲,adjective,negative,brown,0.4932,nonmatch,0.4636,1,0.4494,0.5851,62.917528518940166
24,1215,39,29,10,valence_classification,color_matching,matching,match_right,gütig,adjective,positive,brown,✲✲✲gierig✲✲✲,adjective,negative,brown,0.4932,match,0.6195,0,0.4494,0.5851,62.917528518940166
24,1216,40,29,10,valence_classification,color_matching,matching,match_right,eitel,adjective,negative,brown,✲✲launisch✲✲,adjective,negative,brown,0.4932,match,0.4609,0,0.4492,0.5849,62.89196045492463
24,1217,41,29,10,valence_classification,color_matching,matching,match_right,launisch,adjective,negative,brown,✲✲ehrlich✲✲✲,adjective,positive,blue,0.4932,match,0.3745,1,0.449,0.5848,62.865974345294255
24,1218,42,29,10,valence_classification,color_matching,matching,match_right,eitel,adjective,negative,blue,✲✲✲gütig✲✲✲✲,adjective,positive,blue,0.4932,nonmatch,0.4118,1,0.4496,0.5853,62.93985249215273
24,1219,43,29,10,valence_classification,color_matching,matching,match_right,schön,adjective,positive,brown,✲✲ehrlich✲✲✲,adjective,positive,brown,0.4932,match,0.4574,0,0.4501,0.5858,63.00982219062135
24,1220,44,29,10,valence_classification,color_matching,matching,match_right,spaß,noun,positive,brown,✲✲schleim✲✲✲,noun,negative,blue,0.4932,nonmatch,0.777,0,0.4499,0.5856,62.98583886607904
24,1221,45,29,10,valence_classification,color_matching,matching,match_right,schlecht,adjective,negative,blue,✲✲✲✲spaß✲✲✲✲,noun,positive,brown,0.4932,nonmatch,0.5395,0,0.4497,0.5854,62.96158412732349
24,1222,46,29,10,valence_classification,color_matching,matching,match_right,schön,adjective,positive,blue,✲✲launisch✲✲,adjective,negative,blue,0.4932,nonmatch,0.3343,1,0.4496,0.5853,62.93702188563837
24,1223,47,29,10,valence_classification,color_matching,matching,match_right,einfall,noun,positive,brown,✲✲✲glück✲✲✲✲,noun,positive,brown,0.4932,match,0.561,0,0.45,0.5858,63.00659999952965
24,1224,48,29,10,valence_classification,color_matching,matching,match_right,glück,noun,positive,brown,✲✲✲eitel✲✲✲✲,adjective,negative,brown,0.4932,match,0.3531,0,0.4499,0.5856,62.98276117359098
24,1225,49,29,10,valence_classification,color_matching,matching,match_right,einfall,noun,positive,blue,✲✲✲leiche✲✲✲,noun,negative,blue,0.4932,match,0.484,0,0.4497,0.5854,62.95864815358617
24,1226,50,29,10,valence_classification,color_matching,matching,match_right,liebe,noun,positive,brown,✲✲✲gierig✲✲✲,adjective,negative,blue,0.4932,match,0.3531,1,0.4495,0.5852,62.93422527184079
24,1227,51,29,10,valence_classification,color_matching,matching,match_right,eitel,adjective,negative,brown,✲✲einfall✲✲✲,noun,positive,brown,0.4932,nonmatch,0.4461,1,0.45,0.5857,63.00341921301625
24,1228,52,29,10,valence_classification,color_matching,matching,match_right,leiche,noun,negative,blue,✲✲✲✲gift✲✲✲✲,noun,negative,blue,0.4932,match,0.602,0,0.4505,0.5862,63.06961635115569
24,1229,53,29,10,valence_classification,color_matching,matching,match_right,schlecht,adjective,negative,brown,✲✲✲schön✲✲✲✲,adjective,positive,brown,0.4932,match,0.4258,0,0.4503,0.586,63.046693238926785
24,1230,54,29,10,valence_classification,color_matching,matching,match_right,gütig,adjective,positive,blue,✲✲✲leiche✲✲✲,noun,negative,brown,0.4934,nonmatch,0.5424,0,0.4502,0.5859,63.02359182076299
24,1231,55,29,10,valence_classification,color_matching,matching,match_right,gierig,adjective,negative,brown,✲✲schlecht✲✲,adjective,negative,blue,0.4933,nonmatch,0.6061,0,0.45,0.5857,63.00027884519968
24,1232,56,29,10,valence_classification,color_matching,matching,match_right,ehrlich,adjective,positive,brown,✲entführung✲,noun,negative,blue,0.4932,nonmatch,0.4424,0,0.4498,0.5855,62.976720615707954
24,1233,57,29,10,valence_classification,color_matching,matching,match_right,glück,noun,positive,brown,✲✲✲✲gift✲✲✲✲,noun,negative,brown,0.4932,match,0.4717,0,0.4497,0.5854,62.95288290110576
24,1234,58,29,10,valence_classification,color_matching,matching,match_right,schlecht,adjective,negative,blue,✲✲✲✲gift✲✲✲✲,noun,negative,blue,0.4932,nonmatch,0.4838,1,0.4495,0.5852,62.928730844617206
24,1235,59,29,10,valence_classification,color_matching,matching,match_right,eitel,adjective,negative,blue,✲✲✲leiche✲✲✲,noun,negative,brown,0.4932,nonmatch,0.5181,0,0.45,0.5857,62.99717794059695
24,1236,60,29,10,valence_classification,color_matching,matching,match_right,schleim,noun,negative,brown,✲✲ehrlich✲✲✲,adjective,positive,blue,0.497,nonmatch,0.4317,0,0.4498,0.5855,62.973755952740284
24,1237,61,29,10,valence_classification,color_matching,matching,match_right,gierig,adjective,negative,blue,✲✲✲liebe✲✲✲✲,noun,positive,blue,0.4932,match,0.6286,0,0.4496,0.5854,62.95005196196809
24,1238,62,29,10,valence_classification,color_matching,matching,match_right,leiche,noun,negative,blue,✲✲✲lustig✲✲✲,adjective,positive,blue,0.4932,match,0.434,0,0.4495,0.5852,62.92603150205752
24,1239,63,29,10,valence_classification,color_matching,matching,match_right,entführung,noun,negative,brown,✲✲✲gütig✲✲✲✲,adjective,positive,brown,0.4932,nonmatch,0.4545,1,0.4493,0.585,62.90165938596074
24,1240,64,29,10,valence_classification,color_matching,matching,match_right,spaß,noun,positive,blue,✲✲launisch✲✲,adjective,negative,blue,0.4932,match,0.5423,0,0.4498,0.5855,62.970827214156756
24,1241,1,30,11,valence_classification,color_matching,matching,match_right,glück,noun,positive,blue,✲✲✲gierig✲✲✲,adjective,negative,brown,0.5564,nonmatch,0.4717,0,0.4496,0.5853,62.94725441560853
24,1242,2,30,11,valence_classification,color_matching,matching,match_right,launisch,adjective,negative,brown,✲✲✲✲spaß✲✲✲✲,noun,positive,brown,0.4932,match,0.4426,0,0.4495,0.5852,62.92336309214822
24,1243,3,30,11,valence_classification,color_matching,matching,match_right,launisch,adjective,negative,brown,✲✲✲lustig✲✲✲,adjective,positive,blue,0.4937,nonmatch,0.432,0,0.4493,0.585,62.8991184354622
24,1244,4,30,11,valence_classification,color_matching,matching,match_right,einfall,noun,positive,brown,✲✲schlecht✲✲,adjective,negative,brown,0.4932,nonmatch,0.4206,1,0.4491,0.5848,62.87448482263275
24,1245,5,30,11,valence_classification,color_matching,matching,match_right,leiche,noun,negative,brown,✲✲✲gütig✲✲✲✲,adjective,positive,brown,0.4932,match,0.4174,0,0.4496,0.5853,62.94448949287897
24,1246,6,30,11,valence_classification,color_matching,matching,match_right,eitel,adjective,negative,brown,✲entführung✲,noun,negative,brown,0.4932,match,0.2857,0,0.4494,0.5851,62.92072490610097
24,1247,7,30,11,valence_classification,color_matching,matching,match_right,ehrlich,adjective,positive,brown,✲✲launisch✲✲,adjective,negative,blue,0.4932,nonmatch,0.4246,0,0.4493,0.585,62.896605368952855
24,1248,8,30,11,valence_classification,color_matching,matching,match_right,gierig,adjective,negative,brown,✲✲✲✲gift✲✲✲✲,noun,negative,blue,0.4932,nonmatch,0.6077,0,0.4491,0.5848,62.87209562778895
24,1249,9,30,11,valence_classification,color_matching,matching,match_right,launisch,adjective,negative,brown,✲✲schlecht✲✲,adjective,negative,brown,0.4932,match,0.3544,0,0.4489,0.5846,62.84715952151748
24,1250,10,30,11,valence_classification,color_matching,matching,match_right,ehrlich,adjective,positive,brown,✲✲einfall✲✲✲,noun,positive,blue,0.4932,nonmatch,0.5117,0,0.4487,0.5844,62.82175988654671
24,1251,11,30,11,valence_classification,color_matching,matching,match_right,gift,noun,negative,blue,✲✲✲leiche✲✲✲,noun,negative,brown,0.4932,match,0.3817,1,0.4486,0.5843,62.7971921170494
24,1252,12,30,11,valence_classification,color_matching,matching,match_right,glück,noun,positive,blue,✲✲✲schön✲✲✲✲,adjective,positive,blue,0.4933,nonmatch,0.4926,1,0.4491,0.5848,62.869731450583956
24,1253,13,30,11,valence_classification,color_matching,matching,match_right,glück,noun,positive,blue,✲✲✲liebe✲✲✲✲,noun,positive,blue,0.4932,match,0.3048,0,0.4496,0.5853,62.93905455480951
24,1254,14,30,11,valence_classification,color_matching,matching,match_right,spaß,noun,positive,blue,✲✲einfall✲✲✲,noun,positive,brown,0.4932,nonmatch,0.4895,0,0.4494,0.5851,62.91553647382557
24,1255,15,30,11,valence_classification,color_matching,matching,match_right,lustig,adjective,positive,brown,✲✲✲schön✲✲✲✲,adjective,positive,brown,0.4932,nonmatch,0.3218,1,0.4492,0.5849,62.89166037893921
24,1256,16,30,11,valence_classification,color_matching,matching,match_right,launisch,adjective,negative,blue,✲✲✲leiche✲✲✲,noun,negative,brown,0.4932,match,0.5116,1,0.4497,0.5854,62.959455227738616
24,1257,17,30,11,valence_classification,color_matching,matching,match_right,gütig,adjective,positive,blue,✲✲schleim✲✲✲,noun,negative,brown,0.4932,nonmatch,0.4839,0,0.4502,0.5859,63.023905168942846
24,1258,18,30,11,valence_classification,color_matching,matching,match_right,gift,noun,negative,blue,✲✲✲schön✲✲✲✲,adjective,positive,blue,0.4932,nonmatch,0.3762,1,0.45,0.5857,63.00174460094261
24,1259,19,30,11,valence_classification,color_matching,matching,match_right,gütig,adjective,positive,blue,✲✲✲gierig✲✲✲,adjective,negative,blue,0.4932,match,0.446,0,0.4505,0.5862,63.06429708064152
24,1260,20,30,11,valence_classification,color_matching,matching,match_right,spaß,noun,positive,brown,✲✲✲✲gift✲✲✲✲,noun,negative,brown,0.4932,nonmatch,0.449,1,0.4503,0.586,63.042641294488035
24,1261,21,30,11,valence_classification,color_matching,matching,match_right,schleim,noun,negative,brown,✲✲✲eitel✲✲✲✲,adjective,negative,blue,0.4932,match,0.6179,1,0.4507,0.5865,63.10362226981762
24,1262,22,30,11,valence_classification,color_matching,matching,match_right,lustig,adjective,positive,brown,✲✲✲liebe✲✲✲✲,noun,positive,brown,0.4932,match,0.5926,0,0.4512,0.5869,63.163000236408536
24,1263,23,30,11,valence_classification,color_matching,matching,match_right,einfall,noun,positive,brown,✲✲✲✲spaß✲✲✲✲,noun,positive,brown,0.4932,match,0.4703,0,0.451,0.5867,63.14192663924786
24,1264,24,30,11,valence_classification,color_matching,matching,match_right,glück,noun,positive,brown,✲✲schleim✲✲✲,noun,negative,blue,0.4932,nonmatch,0.5472,0,0.4509,0.5866,63.12081941778363
24,1265,25,30,11,valence_classification,color_matching,matching,match_right,schlecht,adjective,negative,blue,✲✲✲glück✲✲✲✲,noun,positive,brown,0.4932,nonmatch,0.4388,0,0.4507,0.5864,63.099649877050936
24,1266,26,30,11,valence_classification,color_matching,matching,match_right,eitel,adjective,negative,blue,✲✲✲gütig✲✲✲✲,adjective,positive,brown,0.4932,nonmatch,0.5038,0,0.4506,0.5863,63.0785334496575
24,1267,27,30,11,valence_classification,color_matching,matching,match_right,gütig,adjective,positive,blue,✲✲✲glück✲✲✲✲,noun,positive,blue,0.4932,nonmatch,0.4681,1,0.4504,0.5861,63.05729203687024
24,1268,28,30,11,valence_classification,color_matching,matching,match_right,gierig,adjective,negative,blue,✲✲✲eitel✲✲✲✲,adjective,negative,brown,0.4932,nonmatch,0.468,0,0.4508,0.5866,63.117053753510724
24,1269,29,30,11,valence_classification,color_matching,matching,match_right,liebe,noun,positive,brown,✲✲✲gütig✲✲✲✲,adjective,positive,blue,0.4932,nonmatch,0.504,0,0.4507,0.5864,63.09616836483555
24,1270,30,30,11,valence_classification,color_matching,matching,match_right,spaß,noun,positive,blue,✲✲✲lustig✲✲✲,adjective,positive,brown,0.4932,nonmatch,0.4752,0,0.4505,0.5863,63.07518218613783
24,1271,31,30,11,valence_classification,color_matching,matching,match_right,schlecht,adjective,negative,blue,✲✲✲schön✲✲✲✲,adjective,positive,blue,0.4932,match,0.4632,0,0.4504,0.5861,63.05406727502112
24,1272,32,30,11,valence_classification,color_matching,matching,match_right,entführung,noun,negative,blue,✲✲ehrlich✲✲✲,adjective,positive,brown,0.4932,nonmatch,0.5006,0,0.4502,0.5859,63.0327954625687
24,1273,33,30,11,valence_classification,color_matching,matching,match_right,lustig,adjective,positive,blue,✲✲✲eitel✲✲✲✲,adjective,negative,brown,0.497,nonmatch,0.5112,0,0.4501,0.5858,63.0113382835772
24,1274,34,30,11,valence_classification,color_matching,matching,match_right,spaß,noun,positive,brown,✲✲✲eitel✲✲✲✲,adjective,negative,blue,0.4932,nonmatch,0.4124,0,0.4499,0.5856,62.989666906244935
24,1275,35,30,11,valence_classification,color_matching,matching,match_right,entführung,noun,negative,brown,✲✲schleim✲✲✲,noun,negative,brown,0.4932,match,0.6392,0,0.4498,0.5855,62.96775206106299
24,1276,36,30,11,valence_classification,color_matching,matching,match_right,schleim,noun,negative,brown,✲✲✲lustig✲✲✲,adjective,positive,blue,0.4932,nonmatch,0.5038,0,0.4496,0.5853,62.945563968652735
24,1277,37,30,11,valence_classification,color_matching,matching,match_right,leiche,noun,negative,brown,✲entführung✲,noun,negative,blue,0.4932,nonmatch,0.4331,0,0.4495,0.5852,62.92307226629499
24,1278,38,30,11,valence_classification,color_matching,matching,match_right,einfall,noun,positive,brown,✲✲ehrlich✲✲✲,adjective,positive,brown,0.4965,match,0.5248,0,0.4493,0.585,62.90024593289148
24,1279,39,30,11,valence_classification,color_matching,matching,match_right,entführung,noun,negative,blue,✲✲schlecht✲✲,adjective,negative,blue,0.4932,match,0.5324,0,0.4491,0.5848,62.87705321209669
24,1280,40,30,11,valence_classification,color_matching,matching,match_right,schleim,noun,negative,brown,✲✲einfall✲✲✲,noun,positive,blue,0.4932,nonmatch,0.4851,0,0.449,0.5847,62.85346153335271
24,1281,41,30,11,valence_classification,color_matching,matching,match_right,eitel,adjective,negative,brown,✲✲✲liebe✲✲✲✲,noun,positive,blue,0.4932,nonmatch,0.4615,0,0.4488,0.5845,62.829437430553966
24,1282,42,30,11,valence_classification,color_matching,matching,match_right,ehrlich,adjective,positive,blue,✲✲✲lustig✲✲✲,adjective,positive,brown,0.4932,nonmatch,0.396,0,0.4486,0.5843,62.804946458060925
24,1283,43,30,11,valence_classification,color_matching,matching,match_right,schlecht,adjective,negative,brown,✲✲launisch✲✲,adjective,negative,blue,0.4932,nonmatch,0.5038,0,0.4485,0.5842,62.784627180283934
24,1284,44,30,11,valence_classification,color_matching,matching,match_right,schön,adjective,positive,brown,✲✲✲leiche✲✲✲,noun,negative,brown,0.4932,match,0.3409,0,0.4483,0.584,62.76501556909191
24,1285,45,30,11,valence_classification,color_matching,matching,match_right,einfall,noun,positive,blue,✲✲✲leiche✲✲✲,noun,negative,brown,0.4932,nonmatch,0.5682,0,0.4482,0.5839,62.74568241239539
24,1286,46,30,11,valence_classification,color_matching,matching,match_right,liebe,noun,positive,brown,✲✲✲glück✲✲✲✲,noun,positive,blue,0.4932,nonmatch,0.5619,0,0.448,0.5838,62.726602166511256
24,1287,47,30,11,valence_classification,color_matching,matching,match_right,lustig,adjective,positive,brown,✲✲✲✲gift✲✲✲✲,noun,negative,blue,0.4932,nonmatch,0.4572,0,0.4479,0.5836,62.70774997054612
24,1288,48,30,11,valence_classification,color_matching,matching,match_right,gift,noun,negative,brown,✲✲✲gierig✲✲✲,adjective,negative,brown,0.4932,match,0.5119,0,0.4478,0.5835,62.689101581405396
24,1289,49,30,11,valence_classification,color_matching,matching,match_right,leiche,noun,negative,brown,✲✲✲✲spaß✲✲✲✲,noun,positive,brown,0.4932,match,0.4574,0,0.4476,0.5834,62.67063331149168
24,1290,50,30,11,valence_classification,color_matching,matching,match_right,gierig,adjective,negative,blue,✲✲einfall✲✲✲,noun,positive,blue,0.4932,nonmatch,0.3491,1,0.4475,0.5832,62.65232196883328
24,1291,51,30,11,valence_classification,color_matching,matching,match_right,eitel,adjective,negative,blue,✲✲✲gierig✲✲✲,adjective,negative,blue,0.4932,match,0.446,0,0.4479,0.5836,62.706873706636244
24,1292,52,30,11,valence_classification,color_matching,matching,match_right,schön,adjective,positive,blue,✲✲✲✲spaß✲✲✲✲,noun,positive,brown,0.4932,match,0.5539,1,0.4478,0.5835,62.68836082408851
24,1293,53,30,11,valence_classification,color_matching,matching,match_right,schlecht,adjective,negative,blue,✲✲schleim✲✲✲,noun,negative,blue,0.4982,match,0.5274,0,0.4482,0.5839,62.74338614619645
24,1294,54,30,11,valence_classification,color_matching,matching,match_right,ehrlich,adjective,positive,blue,✲entführung✲,noun,negative,blue,0.4932,match,0.5056,0,0.448,0.5837,62.72458545340658
24,1295,55,30,11,valence_classification,color_matching,matching,match_right,leiche,noun,negative,blue,✲✲launisch✲✲,adjective,negative,brown,0.4932,nonmatch,0.4966,0,0.4479,0.5836,62.706007281406144
24,1296,56,30,11,valence_classification,color_matching,matching,match_right,gierig,adjective,negative,brown,✲✲ehrlich✲✲✲,adjective,positive,brown,0.4932,match,0.5753,0,0.4478,0.5835,62.68762805935773
24,1297,57,30,11,valence_classification,color_matching,matching,match_right,schön,adjective,positive,blue,✲✲✲gütig✲✲✲✲,adjective,positive,blue,0.4932,nonmatch,0.4253,1,0.4476,0.5834,62.669424750518644
24,1298,58,30,11,valence_classification,color_matching,matching,match_right,schleim,noun,negative,blue,✲✲✲✲gift✲✲✲✲,noun,negative,blue,0.4932,nonmatch,0.5992,1,0.448,0.5837,62.72359447684491
24,1299,59,30,11,valence_classification,color_matching,matching,match_right,gift,noun,negative,blue,✲✲✲glück✲✲✲✲,noun,positive,blue,0.4932,nonmatch,0.472,1,0.4484,0.5841,62.77894731823479
24,1300,60,30,11,valence_classification,color_matching,matching,match_right,gütig,adjective,positive,brown,✲✲ehrlich✲✲✲,adjective,positive,blue,0.4932,match,0.4985,1,0.4489,0.5846,62.842759516276935
24,1301,61,30,11,valence_classification,color_matching,matching,match_right,entführung,noun,negative,blue,✲✲✲liebe✲✲✲✲,noun,positive,brown,0.4932,nonmatch,0.5214,0,0.4493,0.5851,62.90845434994385
24,1302,62,30,11,valence_classification,color_matching,matching,match_right,liebe,noun,positive,blue,✲✲launisch✲✲,adjective,negative,blue,0.4932,match,0.4335,0,0.4492,0.5849,62.886244993162904
24,1303,63,30,11,valence_classification,color_matching,matching,match_right,schön,adjective,positive,brown,✲✲schlecht✲✲,adjective,negative,brown,0.4932,match,0.611,0,0.449,0.5847,62.8636628560083
24,1304,64,30,11,valence_classification,color_matching,matching,match_right,liebe,noun,positive,blue,✲entführung✲,noun,negative,blue,0.4967,match,0.4116,0,0.4489,0.5846,62.84067708432793
24,1305,1,31,12,valence_classification,color_matching,matching,match_right,gift,noun,negative,brown,✲✲✲leiche✲✲✲,noun,negative,blue,0.4932,match,0.3426,1,0.4487,0.5844,62.81725594180535
24,1306,2,31,12,valence_classification,color_matching,matching,match_right,schleim,noun,negative,blue,✲✲✲✲spaß✲✲✲✲,noun,positive,blue,0.5136,match,0.4162,0,0.4492,0.5849,62.883990112358305
24,1307,3,31,12,valence_classification,color_matching,matching,match_right,schlecht,adjective,negative,blue,✲✲ehrlich✲✲✲,adjective,positive,blue,0.4932,match,0.4431,0,0.449,0.5847,62.861503729860814
24,1308,4,31,12,valence_classification,color_matching,matching,match_right,gierig,adjective,negative,blue,✲✲schlecht✲✲,adjective,negative,brown,0.4932,nonmatch,0.4483,0,0.4488,0.5846,62.83861303997115
24,1309,5,31,12,valence_classification,color_matching,matching,match_right,schleim,noun,negative,blue,✲entführung✲,noun,negative,brown,0.4932,nonmatch,0.4216,0,0.4487,0.5844,62.81528657454542
24,1310,6,31,12,valence_classification,color_matching,matching,match_right,lustig,adjective,positive,blue,✲✲✲gütig✲✲✲✲,adjective,positive,brown,0.4932,nonmatch,0.5437,0,0.4485,0.5842,62.79376559748003
24,1311,7,31,12,valence_classification,color_matching,matching,match_right,launisch,adjective,negative,blue,✲✲✲lustig✲✲✲,adjective,positive,brown,0.4971,nonmatch,0.4547,0,0.4484,0.5841,62.77486461430303
24,1312,8,31,12,valence_classification,color_matching,matching,match_right,gierig,adjective,negative,brown,✲✲✲schön✲✲✲✲,adjective,positive,blue,0.4932,nonmatch,0.4966,0,0.4483,0.584,62.75624270211896
24,1313,9,31,12,valence_classification,color_matching,matching,match_right,gütig,adjective,positive,blue,✲✲✲✲gift✲✲✲✲,noun,negative,brown,0.4932,nonmatch,0.4059,0,0.4481,0.5838,62.73787606609749
24,1314,10,31,12,valence_classification,color_matching,matching,match_right,schön,adjective,positive,blue,✲✲✲lustig✲✲✲,adjective,positive,blue,0.4932,match,0.6655,0,0.448,0.5837,62.719741564749555
24,1315,11,31,12,valence_classification,color_matching,matching,match_right,ehrlich,adjective,positive,brown,✲✲✲eitel✲✲✲✲,adjective,negative,blue,0.4932,nonmatch,0.5268,0,0.4479,0.5836,62.70181665152422
24,1316,12,31,12,valence_classification,color_matching,matching,match_right,entführung,noun,negative,brown,✲✲✲eitel✲✲✲✲,adjective,negative,brown,0.4932,match,0.5269,0,0.4477,0.5835,62.684079318858096
24,1317,13,31,12,valence_classification,color_matching,matching,match_right,gift,noun,negative,brown,✲✲✲gierig✲✲✲,adjective,negative,blue,0.4932,nonmatch,0.3072,0,0.4476,0.5833,62.66650804445306
24,1318,14,31,12,valence_classification,color_matching,matching,match_right,liebe,noun,positive,blue,✲✲✲gütig✲✲✲✲,adjective,positive,blue,0.4932,match,0.6233,0,0.4475,0.5832,62.64908173957063
24,1319,15,31,12,valence_classification,color_matching,matching,match_right,entführung,noun,negative,blue,✲✲✲liebe✲✲✲✲,noun,positive,brown,0.4932,nonmatch,0.4684,0,0.4474,0.5831,62.6317796991446
24,1320,16,31,12,valence_classification,color_matching,matching,match_right,lustig,adjective,positive,blue,✲✲launisch✲✲,adjective,negative,brown,0.4932,match,0.3323,1,0.4472,0.583,62.614581553521006
24,1321,17,31,12,valence_classification,color_matching,matching,match_right,schlecht,adjective,negative,blue,✲✲✲liebe✲✲✲✲,noun,positive,blue,0.4932,match,0.5181,0,0.4476,0.5833,62.66594186975342
24,1322,18,31,12,valence_classification,color_matching,matching,match_right,einfall,noun,positive,brown,✲✲✲glück✲✲✲✲,noun,positive,blue,0.4932,nonmatch,0.4103,0,0.4475,0.5832,62.648635448873954
24,1323,19,31,12,valence_classification,color_matching,matching,match_right,einfall,noun,positive,brown,✲✲launisch✲✲,adjective,negative,blue,0.4932,nonmatch,0.4624,0,0.4474,0.5831,62.6314519741045
24,1324,20,31,12,valence_classification,color_matching,matching,match_right,ehrlich,adjective,positive,brown,✲✲✲leiche✲✲✲,noun,negative,blue,0.4932,nonmatch,0.385,0,0.4472,0.583,62.61437133969994
24,1325,21,31,12,valence_classification,color_matching,matching,match_right,gift,noun,negative,brown,✲✲✲glück✲✲✲✲,noun,positive,blue,0.4932,nonmatch,0.3759,0,0.4471,0.5828,62.597373723400466
24,1326,22,31,12,valence_classification,color_matching,matching,match_right,leiche,noun,negative,blue,✲✲schleim✲✲✲,noun,negative,blue,0.4932,nonmatch,0.4895,1,0.447,0.5827,62.58043954178612
24,1327,23,31,12,valence_classification,color_matching,matching,match_right,launisch,adjective,negative,brown,✲✲einfall✲✲✲,noun,positive,brown,0.4932,nonmatch,0.3394,1,0.4474,0.5831,62.63112669256927
24,1328,24,31,12,valence_classification,color_matching,matching,match_right,lustig,adjective,positive,blue,✲✲einfall✲✲✲,noun,positive,brown,0.4932,nonmatch,0.561,0,0.4477,0.5834,62.68203748778725
24,1329,25,31,12,valence_classification,color_matching,matching,match_right,gütig,adjective,positive,brown,✲✲schlecht✲✲,adjective,negative,brown,0.4933,match,0.4104,0,0.4476,0.5833,62.66482594961675
24,1330,26,31,12,valence_classification,color_matching,matching,match_right,glück,noun,positive,brown,✲✲✲lustig✲✲✲,adjective,positive,brown,0.4932,match,0.4245,0,0.4475,0.5832,62.64775469890036
24,1331,27,31,12,valence_classification,color_matching,matching,match_right,eitel,adjective,negative,brown,✲✲✲glück✲✲✲✲,noun,positive,blue,0.4932,nonmatch,0.4787,0,0.4474,0.5831,62.63080382479046
24,1332,28,31,12,valence_classification,color_matching,matching,match_right,schleim,noun,negative,blue,✲✲schlecht✲✲,adjective,negative,blue,0.4932,match,0.4756,0,0.4472,0.583,62.61395373418202
24,1333,29,31,12,valence_classification,color_matching,matching,match_right,schleim,noun,negative,blue,✲✲✲lustig✲✲✲,adjective,positive,blue,0.4932,match,0.5467,0,0.4471,0.5828,62.59718510759006
24,1334,30,31,12,valence_classification,color_matching,matching,match_right,spaß,noun,positive,brown,✲✲ehrlich✲✲✲,adjective,positive,blue,0.4932,nonmatch,0.3778,0,0.447,0.5827,62.58047885621179
24,1335,31,31,12,valence_classification,color_matching,matching,match_right,eitel,adjective,negative,blue,✲✲launisch✲✲,adjective,negative,blue,0.4932,nonmatch,0.4,1,0.4469,0.5826,62.56381608002401
24,1336,32,31,12,valence_classification,color_matching,matching,match_right,leiche,noun,negative,brown,✲✲einfall✲✲✲,noun,positive,brown,0.4932,match,0.5279,0,0.4472,0.583,62.61374634016489
24,1337,33,31,12,valence_classification,color_matching,matching,match_right,entführung,noun,negative,brown,✲✲✲✲gift✲✲✲✲,noun,negative,brown,0.561,nonmatch,0.3339,1,0.4471,0.5828,62.597090043850436
24,1337,33,31,12,valence_classification,color_matching,matching,match_right,entführung,noun,negative,brown,✲✲✲✲gift✲✲✲✲,noun,negative,brown,0.561,match,0.423,0,0.4471,0.5828,62.597090043850436
24,1338,34,31,12,valence_classification,color_matching,matching,match_right,schlecht,adjective,negative,brown,✲✲✲eitel✲✲✲✲,adjective,negative,blue,0.4932,nonmatch,0.6406,0,0.447,0.5827,62.58049560406186
24,1339,35,31,12,valence_classification,color_matching,matching,match_right,liebe,noun,positive,blue,✲✲schlecht✲✲,adjective,negative,blue,0.4932,match,0.5109,0,0.4469,0.5826,62.563944357933664
24,1340,36,31,12,valence_classification,color_matching,matching,match_right,glück,noun,positive,brown,✲✲✲leiche✲✲✲,noun,negative,brown,0.4932,nonmatch,0.4187,1,0.4468,0.5825,62.54741778800328
24,1341,37,31,12,valence_classification,color_matching,matching,match_right,leiche,noun,negative,brown,✲✲ehrlich✲✲✲,adjective,positive,blue,0.4932,nonmatch,0.5401,0,0.4471,0.5828,62.59699451054985
24,1342,38,31,12,valence_classification,color_matching,matching,match_right,gift,noun,negative,brown,✲✲✲schön✲✲✲✲,adjective,positive,brown,0.4932,match,0.4357,0,0.447,0.5827,62.58051048272754
24,1343,39,31,12,valence_classification,color_matching,matching,match_right,leiche,noun,negative,blue,✲✲launisch✲✲,adjective,negative,brown,0.4932,nonmatch,0.5539,0,0.4469,0.5826,62.56406936976244
24,1344,40,31,12,valence_classification,color_matching,matching,match_right,ehrlich,adjective,positive,brown,✲✲✲schön✲✲✲✲,adjective,positive,blue,0.4932,match,0.4752,1,0.4468,0.5825,62.547652884592
24,1345,41,31,12,valence_classification,color_matching,matching,match_right,eitel,adjective,negative,brown,✲✲✲gütig✲✲✲✲,adjective,positive,brown,0.4932,match,0.4705,0,0.4471,0.5828,62.59689853232089
24,1346,42,31,12,valence_classification,color_matching,matching,match_right,entführung,noun,negative,blue,✲✲✲gütig✲✲✲✲,adjective,positive,brown,0.4932,nonmatch,0.4537,0,0.447,0.5827,62.58052354304429
24,1347,43,31,12,valence_classification,color_matching,matching,match_right,einfall,noun,positive,brown,✲✲schleim✲✲✲,noun,negative,blue,0.4932,match,0.4895,1,0.4469,0.5826,62.56419119251941
24,1348,44,31,12,valence_classification,color_matching,matching,match_right,liebe,noun,positive,blue,✲entführung✲,noun,negative,brown,0.4932,nonmatch,0.5066,0,0.4472,0.583,62.61312977449291
24,1349,45,31,12,valence_classification,color_matching,matching,match_right,schlecht,adjective,negative,blue,✲✲✲✲gift✲✲✲✲,noun,negative,brown,0.4932,nonmatch,0.4912,0,0.4471,0.5828,62.59680213294491
24,1350,46,31,12,valence_classification,color_matching,matching,match_right,schön,adjective,positive,blue,✲✲✲gierig✲✲✲,adjective,negative,blue,0.4932,match,0.5467,0,0.447,0.5827,62.580534834345784
24,1351,47,31,12,valence_classification,color_matching,matching,match_right,spaß,noun,positive,brown,✲✲✲gierig✲✲✲,adjective,negative,brown,0.4932,nonmatch,0.4621,1,0.4469,0.5826,62.564309901062025
24,1352,48,31,12,valence_classification,color_matching,matching,match_right,spaß,noun,positive,blue,✲✲✲liebe✲✲✲✲,noun,positive,brown,0.4964,nonmatch,0.6258,0,0.4472,0.5829,62.61292611838329
24,1353,49,31,12,valence_classification,color_matching,matching,match_right,launisch,adjective,negative,brown,✲✲schleim✲✲✲,noun,negative,brown,0.4932,match,0.8042,0,0.4471,0.5828,62.59670533538319
24,1354,50,31,12,valence_classification,color_matching,matching,match_right,glück,noun,positive,blue,✲✲✲✲spaß✲✲✲✲,noun,positive,blue,0.4932,nonmatch,0.4358,1,0.447,0.5827,62.58054440451564
24,1355,51,31,12,valence_classification,color_matching,matching,match_right,gierig,adjective,negative,blue,✲✲✲✲spaß✲✲✲✲,noun,positive,brown,0.4932,nonmatch,0.8376,0,0.4473,0.5831,62.628915701808474
24,1356,52,31,12,valence_classification,color_matching,matching,match_right,liebe,noun,positive,brown,✲✲einfall✲✲✲,noun,positive,brown,0.4932,match,0.5851,0,0.4472,0.5829,62.61272339153011
24,1357,53,31,12,valence_classification,color_matching,matching,match_right,lustig,adjective,positive,blue,✲✲schleim✲✲✲,noun,negative,blue,0.4932,match,0.5436,0,0.4471,0.5828,62.596608161806984
24,1358,54,31,12,valence_classification,color_matching,matching,match_right,glück,noun,positive,blue,✲✲✲eitel✲✲✲✲,adjective,negative,brown,0.4932,nonmatch,0.353,0,0.447,0.5827,62.580552300036786
24,1359,55,31,12,valence_classification,color_matching,matching,match_right,gierig,adjective,negative,blue,✲entführung✲,noun,negative,blue,0.4932,nonmatch,0.5924,1,0.4469,0.5826,62.56453826460193
24,1360,56,31,12,valence_classification,color_matching,matching,match_right,einfall,noun,positive,blue,✲✲✲schön✲✲✲✲,adjective,positive,brown,0.4932,nonmatch,0.5753,0,0.4472,0.5829,62.61252159149797
24,1361,57,31,12,valence_classification,color_matching,matching,match_right,launisch,adjective,negative,brown,✲✲✲gierig✲✲✲,adjective,negative,brown,0.4932,match,0.5753,0,0.4471,0.5828,62.5965106336264
24,1362,58,31,12,valence_classification,color_matching,matching,match_right,schön,adjective,positive,brown,✲✲✲✲spaß✲✲✲✲,noun,positive,brown,0.4932,nonmatch,0.4609,1,0.447,0.5827,62.58055856603861
24,1363,59,31,12,valence_classification,color_matching,matching,match_right,spaß,noun,positive,blue,✲✲✲✲gift✲✲✲✲,noun,negative,blue,0.4932,match,0.4057,0,0.4473,0.5831,62.62830436575987
24,1364,60,31,12,valence_classification,color_matching,matching,match_right,eitel,adjective,negative,brown,✲✲✲leiche✲✲✲,noun,negative,blue,0.4932,nonmatch,0.6491,0,0.4472,0.5829,62.61232071569554
24,1365,61,31,12,valence_classification,color_matching,matching,match_right,ehrlich,adjective,positive,brown,✲✲✲glück✲✲✲✲,noun,positive,blue,0.4932,nonmatch,0.5325,0,0.4471,0.5828,62.596412771518025
24,1366,62,31,12,valence_classification,color_matching,matching,match_right,gütig,adjective,positive,blue,✲✲✲liebe✲✲✲✲,noun,positive,blue,0.4932,match,0.4687,0,0.447,0.5827,62.580563246343
24,1367,63,31,12,valence_classification,color_matching,matching,match_right,gütig,adjective,positive,brown,✲✲ehrlich✲✲✲,adjective,positive,brown,0.4932,nonmatch,0.4537,1,0.4469,0.5826,62.56475501885654
24,1368,64,31,12,valence_classification,color_matching,matching,match_right,schön,adjective,positive,brown,✲entführung✲,noun,negative,brown,0.4932,match,0.5067,0,0.4472,0.5829,62.61212076138418
