sid,tid,tix,bid,bix,study_task,current_task,study_phase,key_assignment,prime_identity,prime_part_of_speech,prime_valence,prime_color,target_identity,target_part_of_speech,target_valence,target_color,target_onset,response,response_time,error,response_window_start,response_window_end,n_target
33,1,1,1,1,part_of_speech_classification,part_of_speech_classification,acquisition,noun_left,WJJW,,,black,launisch,adjective,negative,black,0.9071,adjective,1.2048,0,0.41,0.54,41
33,2,2,1,1,part_of_speech_classification,part_of_speech_classification,acquisition,noun_left,MQQM,,,black,einfall,noun,positive,black,0.8804,noun,1.2392,0,0.41,0.54,41
33,3,3,1,1,part_of_speech_classification,part_of_speech_classification,acquisition,noun_left,WJJW,,,black,eitel,adjective,negative,black,0.8805,adjective,0.9682,0,0.41,0.54,41
33,4,4,1,1,part_of_speech_classification,part_of_speech_classification,acquisition,noun_left,WJJW,,,black,gierig,adjective,negative,black,0.8805,noun,1.3833,1,0.41,0.54,41
33,5,5,1,1,part_of_speech_classification,part_of_speech_classification,acquisition,noun_left,ZYYZ,,,black,schön,adjective,positive,black,0.8804,adjective,1.206,0,0.41,0.54,41
33,6,6,1,1,part_of_speech_classification,part_of_speech_classification,acquisition,noun_left,MQQM,,,black,einfall,noun,positive,black,0.8804,noun,0.8261,0,0.41,0.54,41
33,7,7,1,1,part_of_speech_classification,part_of_speech_classification,acquisition,noun_left,ZYYZ,,,black,gütig,adjective,positive,black,0.8805,adjective,1.1672,0,0.41,0.54,41
33,8,8,1,1,part_of_speech_classification,part_of_speech_classification,acquisition,noun_left,XVVX,,,black,leiche,noun,negative,black,0.8805,noun,1.2718,0,0.41,0.54,41
33,9,9,1,1,part_of_speech_classification,part_of_speech_classification,acquisition,noun_left,XVVX,,,black,entführung,noun,negative,black,0.8804,noun,1.0248,0,0.41,0.54,41
33,10,10,1,1,part_of_speech_classification,part_of_speech_classification,acquisition,noun_left,XVVX,,,black,gift,noun,negative,black,0.8804,noun,0.818,0,0.41,0.54,41
33,11,11,1,1,part_of_speech_classification,part_of_speech_classification,acquisition,noun_left,MQQM,,,black,glück,noun,positive,black,0.8804,noun,0.9042,0,0.41,0.54,41
33,12,12,1,1,part_of_speech_classification,part_of_speech_classification,acquisition,noun_left,XVVX,,,black,schleim,noun,negative,black,0.8804,noun,0.6718,0,0.41,0.54,41
33,13,13,1,1,part_of_speech_classification,part_of_speech_classification,acquisition,noun_left,WJJW,,,black,schlecht,adjective,negative,black,0.8805,adjective,0.6887,0,0.41,0.54,41
33,14,14,1,1,part_of_speech_classification,part_of_speech_classification,acquisition,noun_left,XVVX,,,black,entführung,noun,negative,black,0.8805,noun,0.7617,0,0.41,0.54,41
33,15,15,1,1,part_of_speech_classification,part_of_speech_classification,acquisition,noun_left,ZYYZ,,,black,gütig,adjective,positive,black,0.8806,adjective,0.7505,0,0.41,0.54,41
33,16,16,1,1,part_of_speech_classification,part_of_speech_classification,acquisition,noun_left,WJJW,,,black,eitel,adjective,negative,black,0.8804,adjective,0.7461,0,0.41,0.54,41
33,17,17,1,1,part_of_speech_classification,part_of_speech_classification,acquisition,noun_left,MQQM,,,black,spaß,noun,positive,black,0.8804,noun,0.6238,0,0.41,0.54,41
33,18,18,1,1,part_of_speech_classification,part_of_speech_classification,acquisition,noun_left,WJJW,,,black,gierig,adjective,negative,black,0.8804,adjective,0.7539,0,0.41,0.54,41
33,19,19,1,1,part_of_speech_classification,part_of_speech_classification,acquisition,noun_left,MQQM,,,black,liebe,noun,positive,black,0.8805,noun,0.944,0,0.41,0.54,41
33,20,20,1,1,part_of_speech_classification,part_of_speech_classification,acquisition,noun_left,MQQM,,,black,glück,noun,positive,black,0.8805,noun,0.9454,0,0.41,0.54,41
33,21,21,1,1,part_of_speech_classification,part_of_speech_classification,acquisition,noun_left,ZYYZ,,,black,lustig,adjective,positive,black,0.8804,adjective,0.7781,0,0.41,0.54,41
33,22,22,1,1,part_of_speech_classification,part_of_speech_classification,acquisition,noun_left,XVVX,,,black,gift,noun,negative,black,0.8804,noun,0.6583,0,0.41,0.54,41
33,23,23,1,1,part_of_speech_classification,part_of_speech_classification,acquisition,noun_left,ZYYZ,,,black,ehrlich,adjective,positive,black,0.8805,adjective,0.7701,0,0.41,0.54,41
33,24,24,1,1,part_of_speech_classification,part_of_speech_classification,acquisition,noun_left,ZYYZ,,,black,ehrlich,adjective,positive,black,0.8805,adjective,0.6662,0,0.41,0.54,41
33,25,1,2,2,part_of_speech_classification,part_of_speech_classification,acquisition,noun_left,XVVX,,,black,gift,noun,negative,black,0.8864,noun,3.6328,0,0.41,0.54,41
33,26,2,2,2,part_of_speech_classification,part_of_speech_classification,acquisition,noun_left,XVVX,,,black,entführung,noun,negative,black,0.8804,noun,0.6176,0,0.41,0.54,41
33,27,3,2,2,part_of_speech_classification,part_of_speech_classification,acquisition,noun_left,XVVX,,,black,gift,noun,negative,black,0.8804,noun,0.7346,0,0.41,0.54,41
33,28,4,2,2,part_of_speech_classification,part_of_speech_classification,acquisition,noun_left,ZYYZ,,,black,gütig,adjective,positive,black,0.8805,adjective,0.5304,0,0.41,0.54,41
33,29,5,2,2,part_of_speech_classification,part_of_speech_classification,acquisition,noun_left,WJJW,,,black,eitel,adjective,negative,black,0.8805,adjective,0.5392,0,0.41,0.54,41
33,30,6,2,2,part_of_speech_classification,part_of_speech_classification,acquisition,noun_left,ZYYZ,,,black,lustig,adjective,positive,black,0.8805,adjective,0.4655,0,0.41,0.54,41
33,31,7,2,2,part_of_speech_classification,part_of_speech_classification,acquisition,noun_left,XVVX,,,black,leiche,noun,negative,black,0.8804,noun,0.545,0,0.41,0.54,41
33,32,8,2,2,part_of_speech_classification,part_of_speech_classification,acquisition,noun_left,ZYYZ,,,black,gütig,adjective,positive,black,0.8805,adjective,0.3854,0,0.41,0.54,41
33,33,9,2,2,part_of_speech_classification,part_of_speech_classification,acquisition,noun_left,WJJW,,,black,gierig,adjective,negative,black,0.8804,noun,0.6051,1,0.41,0.54,41
33,33,9,2,2,part_of_speech_classification,part_of_speech_classification,acquisition,noun_left,WJJW,,,black,gierig,adjective,negative,black,0.8804,adjective,0.7579,0,0.41,0.54,41
33,34,10,2,2,part_of_speech_classification,part_of_speech_classification,acquisition,noun_left,XVVX,,,black,schleim,noun,negative,black,0.8804,noun,0.5171,0,0.41,0.54,41
33,35,11,2,2,part_of_speech_classification,part_of_speech_classification,acquisition,noun_left,MQQM,,,black,glück,noun,positive,black,0.8805,noun,0.5491,0,0.41,0.54,41
33,36,12,2,2,part_of_speech_classification,part_of_speech_classification,acquisition,noun_left,XVVX,,,black,entführung,noun,negative,black,0.8805,adjective,0.4231,1,0.41,0.54,41
33,37,13,2,2,part_of_speech_classification,part_of_speech_classification,acquisition,noun_left,MQQM,,,black,einfall,noun,positive,black,0.8805,noun,0.57,0,0.41,0.54,41
33,38,14,2,2,part_of_speech_classification,part_of_speech_classification,acquisition,noun_left,MQQM,,,black,spaß,noun,positive,black,0.8805,noun,0.4763,0,0.41,0.54,41
33,39,15,2,2,part_of_speech_classification,part_of_speech_classification,acquisition,noun_left,WJJW,,,black,schlecht,adjective,negative,black,0.8805,adjective,0.4831,0,0.41,0.54,41
33,40,16,2,2,part_of_speech_classification,part_of_speech_classification,acquisition,noun_left,WJJW,,,black,eitel,adjective,negative,black,0.8804,adjective,0.413,0,0.41,0.54,41
33,41,17,2,2,part_of_speech_classification,part_of_speech_classification,acquisition,noun_left,MQQM,,,black,glück,noun,positive,black,0.8804,noun,0.6451,0,0.41,0.54,41
33,42,18,2,2,part_of_speech_classification,part_of_speech_classification,acquisition,noun_left,MQQM,,,black,einfall,noun,positive,black,0.8808,noun,0.4885,0,0.41,0.54,41
33,43,19,2,2,part_of_speech_classification,part_of_speech_classification,acquisition,noun_left,ZYYZ,,,black,ehrlich,adjective,positive,black,0.8804,adjective,0.4902,0,0.41,0.54,41
33,44,20,2,2,part_of_speech_classification,part_of_speech_classification,acquisition,noun_left,ZYYZ,,,black,schön,adjective,positive,black,0.8805,adjective,0.4405,0,0.41,0.54,41
33,45,21,2,2,part_of_speech_classification,part_of_speech_classification,acquisition,noun_left,MQQM,,,black,liebe,noun,positive,black,0.8804,noun,0.6184,0,0.41,0.54,41
33,46,22,2,2,part_of_speech_classification,part_of_speech_classification,acquisition,noun_left,WJJW,,,black,gierig,adjective,negative,black,0.8804,noun,0.5427,1,0.41,0.54,41
33,46,22,2,2,part_of_speech_classification,part_of_speech_classification,acquisition,noun_left,WJJW,,,black,gierig,adjective,negative,black,0.8804,adjective,0.6482,0,0.41,0.54,41
33,47,23,2,2,part_of_speech_classification,part_of_speech_classification,acquisition,noun_left,ZYYZ,,,black,ehrlich,adjective,positive,black,0.8805,adjective,0.463,0,0.41,0.54,41
33,48,24,2,2,part_of_speech_classification,part_of_speech_classification,acquisition,noun_left,WJJW,,,black,launisch,adjective,negative,black,0.8804,adjective,0.5566,0,0.41,0.54,41
33,49,1,3,3,part_of_speech_classification,part_of_speech_classification,acquisition,noun_left,MQQM,,,black,glück,noun,positive,black,0.8837,noun,0.5198,0,0.39,0.52,39
33,50,2,3,3,part_of_speech_classification,part_of_speech_classification,acquisition,noun_left,XVVX,,,black,leiche,noun,negative,black,0.8805,adjective,0.5695,1,0.39,0.52,39
33,50,2,3,3,part_of_speech_classification,part_of_speech_classification,acquisition,noun_left,XVVX,,,black,leiche,noun,negative,black,0.8805,noun,0.6871,0,0.39,0.52,39
33,51,3,3,3,part_of_speech_classification,part_of_speech_classification,acquisition,noun_left,WJJW,,,black,gierig,adjective,negative,black,0.8805,adjective,0.5046,0,0.39,0.52,39
33,52,4,3,3,part_of_speech_classification,part_of_speech_classification,acquisition,noun_left,ZYYZ,,,black,schön,adjective,positive,black,0.8804,adjective,0.5058,0,0.39,0.52,39
33,53,5,3,3,part_of_speech_classification,part_of_speech_classification,acquisition,noun_left,WJJW,,,black,eitel,adjective,negative,black,0.8805,adjective,0.4593,0,0.39,0.52,39
33,54,6,3,3,part_of_speech_classification,part_of_speech_classification,acquisition,noun_left,XVVX,,,black,gift,noun,negative,black,0.8804,noun,0.498,0,0.39,0.52,39
33,55,7,3,3,part_of_speech_classification,part_of_speech_classification,acquisition,noun_left,XVVX,,,black,schleim,noun,negative,black,0.8805,adjective,0.5065,1,0.39,0.52,39
33,56,8,3,3,part_of_speech_classification,part_of_speech_classification,acquisition,noun_left,MQQM,,,black,spaß,noun,positive,black,0.8804,noun,0.7385,0,0.39,0.52,39
33,57,9,3,3,part_of_speech_classification,part_of_speech_classification,acquisition,noun_left,MQQM,,,black,einfall,noun,positive,black,0.8804,noun,0.5926,0,0.39,0.52,39
33,58,10,3,3,part_of_speech_classification,part_of_speech_classification,acquisition,noun_left,ZYYZ,,,black,gütig,adjective,positive,black,0.8805,adjective,0.4374,0,0.39,0.52,39
33,59,11,3,3,part_of_speech_classification,part_of_speech_classification,acquisition,noun_left,ZYYZ,,,black,ehrlich,adjective,positive,black,0.8805,adjective,0.493,0,0.39,0.52,39
33,60,12,3,3,part_of_speech_classification,part_of_speech_classification,acquisition,noun_left,ZYYZ,,,black,gütig,adjective,positive,black,0.8804,adjective,0.4894,0,0.39,0.52,39
33,61,13,3,3,part_of_speech_classification,part_of_speech_classification,acquisition,noun_left,WJJW,,,black,gierig,adjective,negative,black,0.8804,adjective,0.4353,0,0.39,0.52,39
33,62,14,3,3,part_of_speech_classification,part_of_speech_classification,acquisition,noun_left,WJJW,,,black,launisch,adjective,negative,black,0.8804,adjective,0.4993,0,0.39,0.52,39
33,63,15,3,3,part_of_speech_classification,part_of_speech_classification,acquisition,noun_left,WJJW,,,black,schlecht,adjective,negative,black,0.8805,adjective,0.5859,0,0.39,0.52,39
33,64,16,3,3,part_of_speech_classification,part_of_speech_classification,acquisition,noun_left,ZYYZ,,,black,lustig,adjective,positive,black,0.8804,adjective,0.4502,0,0.39,0.52,39
33,65,17,3,3,part_of_speech_classification,part_of_speech_classification,acquisition,noun_left,ZYYZ,,,black,schön,adjective,positive,black,0.8804,adjective,0.4478,0,0.39,0.52,39
33,66,18,3,3,part_of_speech_classification,part_of_speech_classification,acquisition,noun_left,XVVX,,,black,entführung,noun,negative,black,0.8804,noun,0.4731,0,0.39,0.52,39
33,67,19,3,3,part_of_speech_classification,part_of_speech_classification,acquisition,noun_left,MQQM,,,black,einfall,noun,positive,black,0.8804,noun,0.457,0,0.39,0.52,39
33,68,20,3,3,part_of_speech_classification,part_of_speech_classification,acquisition,noun_left,ZYYZ,,,black,lustig,adjective,positive,black,0.8805,adjective,0.4277,0,0.39,0.52,39
33,69,21,3,3,part_of_speech_classification,part_of_speech_classification,acquisition,noun_left,MQQM,,,black,glück,noun,positive,black,0.8805,noun,0.5595,0,0.39,0.52,39
33,70,22,3,3,part_of_speech_classification,part_of_speech_classification,acquisition,noun_left,XVVX,,,black,gift,noun,negative,black,0.8804,adjective,0.4293,1,0.39,0.52,39
33,71,23,3,3,part_of_speech_classification,part_of_speech_classification,acquisition,noun_left,WJJW,,,black,schlecht,adjective,negative,black,0.8805,adjective,0.5092,0,0.39,0.52,39
33,72,24,3,3,part_of_speech_classification,part_of_speech_classification,acquisition,noun_left,XVVX,,,black,entführung,noun,negative,black,0.8805,noun,0.4582,0,0.39,0.52,39
33,73,25,3,3,part_of_speech_classification,part_of_speech_classification,acquisition,noun_left,WJJW,,,black,gierig,adjective,negative,black,0.8805,adjective,0.6121,0,0.39,0.52,39
33,74,26,3,3,part_of_speech_classification,part_of_speech_classification,acquisition,noun_left,ZYYZ,,,black,ehrlich,adjective,positive,black,0.8804,adjective,0.5098,0,0.39,0.52,39
33,75,27,3,3,part_of_speech_classification,part_of_speech_classification,acquisition,noun_left,XVVX,,,black,leiche,noun,negative,black,0.8804,noun,0.5226,0,0.39,0.52,39
33,76,28,3,3,part_of_speech_classification,part_of_speech_classification,acquisition,noun_left,WJJW,,,black,eitel,adjective,negative,black,0.8804,adjective,0.5131,0,0.39,0.52,39
33,77,29,3,3,part_of_speech_classification,part_of_speech_classification,acquisition,noun_left,XVVX,,,black,schleim,noun,negative,black,0.8804,noun,0.4854,0,0.39,0.52,39
33,78,30,3,3,part_of_speech_classification,part_of_speech_classification,acquisition,noun_left,MQQM,,,black,glück,noun,positive,black,0.8805,noun,0.4273,0,0.39,0.52,39
33,79,31,3,3,part_of_speech_classification,part_of_speech_classification,acquisition,noun_left,WJJW,,,black,launisch,adjective,negative,black,0.8804,adjective,0.4572,0,0.39,0.52,39
33,80,32,3,3,part_of_speech_classification,part_of_speech_classification,acquisition,noun_left,MQQM,,,black,liebe,noun,positive,black,0.8805,noun,0.5054,0,0.39,0.52,39
33,81,33,3,3,part_of_speech_classification,part_of_speech_classification,acquisition,noun_left,ZYYZ,,,black,schön,adjective,positive,black,0.8804,adjective,0.4476,0,0.39,0.52,39
33,82,34,3,3,part_of_speech_classification,part_of_speech_classification,acquisition,noun_left,MQQM,,,black,spaß,noun,positive,black,0.8805,noun,0.4551,0,0.39,0.52,39
33,83,35,3,3,part_of_speech_classification,part_of_speech_classification,acquisition,noun_left,XVVX,,,black,entführung,noun,negative,black,0.8804,noun,0.5424,0,0.39,0.52,39
33,84,36,3,3,part_of_speech_classification,part_of_speech_classification,acquisition,noun_left,MQQM,,,black,liebe,noun,positive,black,0.8805,adjective,0.4457,1,0.39,0.52,39
33,84,36,3,3,part_of_speech_classification,part_of_speech_classification,acquisition,noun_left,MQQM,,,black,liebe,noun,positive,black,0.8805,noun,0.581,0,0.39,0.52,39
33,85,37,3,3,part_of_speech_classification,part_of_speech_classification,acquisition,noun_left,WJJW,,,black,launisch,adjective,negative,black,0.8804,adjective,0.5425,0,0.39,0.52,39
33,86,38,3,3,part_of_speech_classification,part_of_speech_classification,acquisition,noun_left,ZYYZ,,,black,gütig,adjective,positive,black,0.8804,adjective,0.4596,0,0.39,0.52,39
33,87,39,3,3,part_of_speech_classification,part_of_speech_classification,acquisition,noun_left,XVVX,,,black,gift,noun,negative,black,0.8809,noun,0.4552,0,0.39,0.52,39
33,88,40,3,3,part_of_speech_classification,part_of_speech_classification,acquisition,noun_left,WJJW,,,black,schlecht,adjective,negative,black,0.8804,adjective,0.4751,0,0.39,0.52,39
33,89,41,3,3,part_of_speech_classification,part_of_speech_classification,acquisition,noun_left,XVVX,,,black,schleim,noun,negative,black,0.8804,noun,0.5131,0,0.39,0.52,39
33,90,42,3,3,part_of_speech_classification,part_of_speech_classification,acquisition,noun_left,WJJW,,,black,eitel,adjective,negative,black,0.8805,adjective,0.4857,0,0.39,0.52,39
33,91,43,3,3,part_of_speech_classification,part_of_speech_classification,acquisition,noun_left,MQQM,,,black,liebe,noun,positive,black,0.8804,noun,0.5155,0,0.39,0.52,39
33,92,44,3,3,part_of_speech_classification,part_of_speech_classification,acquisition,noun_left,XVVX,,,black,leiche,noun,negative,black,0.8804,noun,0.4797,0,0.39,0.52,39
33,93,45,3,3,part_of_speech_classification,part_of_speech_classification,acquisition,noun_left,ZYYZ,,,black,lustig,adjective,positive,black,0.8811,adjective,0.4687,0,0.39,0.52,39
33,94,46,3,3,part_of_speech_classification,part_of_speech_classification,acquisition,noun_left,MQQM,,,black,spaß,noun,positive,black,0.8805,noun,0.4898,0,0.39,0.52,39
33,95,47,3,3,part_of_speech_classification,part_of_speech_classification,acquisition,noun_left,ZYYZ,,,black,ehrlich,adjective,positive,black,0.8805,adjective,0.51,0,0.39,0.52,39
33,96,48,3,3,part_of_speech_classification,part_of_speech_classification,acquisition,noun_left,MQQM,,,black,einfall,noun,positive,black,0.8805,noun,0.5313,0,0.39,0.52,39
33,97,1,4,4,part_of_speech_classification,part_of_speech_classification,acquisition,noun_left,ZYYZ,,,black,gütig,adjective,positive,black,0.8837,adjective,0.4245,0,0.34,0.47,34
33,98,2,4,4,part_of_speech_classification,part_of_speech_classification,acquisition,noun_left,MQQM,,,black,spaß,noun,positive,black,0.8804,noun,0.3936,0,0.34,0.47,34
33,99,3,4,4,part_of_speech_classification,part_of_speech_classification,acquisition,noun_left,ZYYZ,,,black,gütig,adjective,positive,black,0.8804,adjective,0.6269,0,0.34,0.47,34
33,100,4,4,4,part_of_speech_classification,part_of_speech_classification,acquisition,noun_left,MQQM,,,black,einfall,noun,positive,black,0.8804,noun,0.4631,0,0.34,0.47,34
33,101,5,4,4,part_of_speech_classification,part_of_speech_classification,acquisition,noun_left,ZYYZ,,,black,ehrlich,adjective,positive,black,0.8804,adjective,0.5096,0,0.34,0.47,34
33,102,6,4,4,part_of_speech_classification,part_of_speech_classification,acquisition,noun_left,ZYYZ,,,black,lustig,adjective,positive,black,0.8804,adjective,0.4726,0,0.34,0.47,34
33,103,7,4,4,part_of_speech_classification,part_of_speech_classification,acquisition,noun_left,ZYYZ,,,black,schön,adjective,positive,black,0.8804,adjective,0.4911,0,0.34,0.47,34
33,104,8,4,4,part_of_speech_classification,part_of_speech_classification,acquisition,noun_left,WJJW,,,black,eitel,adjective,negative,black,0.8804,adjective,0.3335,0,0.34,0.47,34
33,105,9,4,4,part_of_speech_classification,part_of_speech_classification,acquisition,noun_left,WJJW,,,black,gierig,adjective,negative,black,0.8804,noun,0.45,1,0.34,0.47,34
33,106,10,4,4,part_of_speech_classification,part_of_speech_classification,acquisition,noun_left,ZYYZ,,,black,lustig,adjective,positive,black,0.8804,adjective,0.4151,0,0.34,0.47,34
33,107,11,4,4,part_of_speech_classification,part_of_speech_classification,acquisition,noun_left,WJJW,,,black,launisch,adjective,negative,black,0.8804,adjective,0.408,0,0.34,0.47,34
33,108,12,4,4,part_of_speech_classification,part_of_speech_classification,acquisition,noun_left,ZYYZ,,,black,gütig,adjective,positive,black,0.8805,adjective,0.3784,0,0.34,0.47,34
33,109,13,4,4,part_of_speech_classification,part_of_speech_classification,acquisition,noun_left,MQQM,,,black,glück,noun,positive,black,0.8804,noun,0.4168,0,0.34,0.47,34
33,110,14,4,4,part_of_speech_classification,part_of_speech_classification,acquisition,noun_left,MQQM,,,black,spaß,noun,positive,black,0.8805,noun,0.4492,0,0.34,0.47,34
33,111,15,4,4,part_of_speech_classification,part_of_speech_classification,acquisition,noun_left,WJJW,,,black,schlecht,adjective,negative,black,0.8804,adjective,0.4029,0,0.34,0.47,34
33,112,16,4,4,part_of_speech_classification,part_of_speech_classification,acquisition,noun_left,WJJW,,,black,eitel,adjective,negative,black,0.8804,noun,0.6212,1,0.34,0.47,34
33,113,17,4,4,part_of_speech_classification,part_of_speech_classification,acquisition,noun_left,MQQM,,,black,spaß,noun,positive,black,0.8804,adjective,0.4176,1,0.34,0.47,34
33,113,17,4,4,part_of_speech_classification,part_of_speech_classification,acquisition,noun_left,MQQM,,,black,spaß,noun,positive,black,0.8804,noun,0.5523,0,0.34,0.47,34
33,114,18,4,4,part_of_speech_classification,part_of_speech_classification,acquisition,noun_left,XVVX,,,black,schleim,noun,negative,black,0.8804,noun,2.8537,0,0.34,0.47,34
33,115,19,4,4,part_of_speech_classification,part_of_speech_classification,acquisition,noun_left,WJJW,,,black,eitel,adjective,negative,black,0.8805,adjective,0.5398,0,0.34,0.47,34
33,116,20,4,4,part_of_speech_classification,part_of_speech_classification,acquisition,noun_left,WJJW,,,black,launisch,adjective,negative,black,0.8804,adjective,0.4808,0,0.34,0.47,34
33,117,21,4,4,part_of_speech_classification,part_of_speech_classification,acquisition,noun_left,XVVX,,,black,leiche,noun,negative,black,0.8804,adjective,0.406,1,0.34,0.47,34
33,118,22,4,4,part_of_speech_classification,part_of_speech_classification,acquisition,noun_left,MQQM,,,black,einfall,noun,positive,black,0.8805,noun,0.448,0,0.34,0.47,34
33,119,23,4,4,part_of_speech_classification,part_of_speech_classification,acquisition,noun_left,WJJW,,,black,schlecht,adjective,negative,black,0.8804,adjective,0.453,0,0.34,0.47,34
33,120,24,4,4,part_of_speech_classification,part_of_speech_classification,acquisition,noun_left,ZYYZ,,,black,ehrlich,adjective,positive,black,0.8804,adjective,0.4331,0,0.34,0.47,34
33,121,25,4,4,part_of_speech_classification,part_of_speech_classification,acquisition,noun_left,WJJW,,,black,gierig,adjective,negative,black,0.8805,adjective,0.4166,0,0.34,0.47,34
33,122,26,4,4,part_of_speech_classification,part_of_speech_classification,acquisition,noun_left,XVVX,,,black,entführung,noun,negative,black,0.8804,noun,0.4559,0,0.34,0.47,34
33,123,27,4,4,part_of_speech_classification,part_of_speech_classification,acquisition,noun_left,XVVX,,,black,gift,noun,negative,black,0.8804,noun,0.4751,0,0.34,0.47,34
33,124,28,4,4,part_of_speech_classification,part_of_speech_classification,acquisition,noun_left,XVVX,,,black,leiche,noun,negative,black,0.8804,noun,0.3854,0,0.34,0.47,34
33,125,29,4,4,part_of_speech_classification,part_of_speech_classification,acquisition,noun_left,MQQM,,,black,glück,noun,positive,black,0.8804,noun,0.4351,0,0.34,0.47,34
33,126,30,4,4,part_of_speech_classification,part_of_speech_classification,acquisition,noun_left,XVVX,,,black,gift,noun,negative,black,0.8804,noun,0.423,0,0.34,0.47,34
33,127,31,4,4,part_of_speech_classification,part_of_speech_classification,acquisition,noun_left,XVVX,,,black,gift,noun,negative,black,0.8804,noun,0.3564,0,0.34,0.47,34
33,128,32,4,4,part_of_speech_classification,part_of_speech_classification,acquisition,noun_left,WJJW,,,black,launisch,adjective,negative,black,0.8805,adjective,0.5147,0,0.34,0.47,34
33,129,33,4,4,part_of_speech_classification,part_of_speech_classification,acquisition,noun_left,XVVX,,,black,entführung,noun,negative,black,0.8804,noun,0.4693,0,0.34,0.47,34
33,130,34,4,4,part_of_speech_classification,part_of_speech_classification,acquisition,noun_left,WJJW,,,black,schlecht,adjective,negative,black,0.8806,adjective,0.4482,0,0.34,0.47,34
33,131,35,4,4,part_of_speech_classification,part_of_speech_classification,acquisition,noun_left,MQQM,,,black,glück,noun,positive,black,0.8804,noun,0.4766,0,0.34,0.47,34
33,132,36,4,4,part_of_speech_classification,part_of_speech_classification,acquisition,noun_left,ZYYZ,,,black,ehrlich,adjective,positive,black,0.8804,adjective,0.393,0,0.34,0.47,34
33,133,37,4,4,part_of_speech_classification,part_of_speech_classification,acquisition,noun_left,MQQM,,,black,liebe,noun,positive,black,0.8804,noun,0.3851,0,0.34,0.47,34
33,134,38,4,4,part_of_speech_classification,part_of_speech_classification,acquisition,noun_left,XVVX,,,black,leiche,noun,negative,black,0.8804,adjective,0.4195,1,0.34,0.47,34
33,134,38,4,4,part_of_speech_classification,part_of_speech_classification,acquisition,noun_left,XVVX,,,black,leiche,noun,negative,black,0.8804,noun,0.5565,0,0.34,0.47,34
33,135,39,4,4,part_of_speech_classification,part_of_speech_classification,acquisition,noun_left,MQQM,,,black,liebe,noun,positive,black,0.8804,noun,0.4293,0,0.34,0.47,34
33,136,40,4,4,part_of_speech_classification,part_of_speech_classification,acquisition,noun_left,ZYYZ,,,black,schön,adjective,positive,black,0.8804,adjective,0.4082,0,0.34,0.47,34
33,137,41,4,4,part_of_speech_classification,part_of_speech_classification,acquisition,noun_left,XVVX,,,black,schleim,noun,negative,black,0.8804,noun,0.55,0,0.34,0.47,34
33,138,42,4,4,part_of_speech_classification,part_of_speech_classification,acquisition,noun_left,MQQM,,,black,liebe,noun,positive,black,0.8804,noun,0.458,0,0.34,0.47,34
33,139,43,4,4,part_of_speech_classification,part_of_speech_classification,acquisition,noun_left,WJJW,,,black,gierig,adjective,negative,black,0.8804,adjective,0.378,0,0.34,0.47,34
33,140,44,4,4,part_of_speech_classification,part_of_speech_classification,acquisition,noun_left,XVVX,,,black,entführung,noun,negative,black,0.8804,noun,0.4505,0,0.34,0.47,34
33,141,45,4,4,part_of_speech_classification,part_of_speech_classification,acquisition,noun_left,ZYYZ,,,black,schön,adjective,positive,black,0.8804,adjective,0.4501,0,0.34,0.47,34
33,142,46,4,4,part_of_speech_classification,part_of_speech_classification,acquisition,noun_left,XVVX,,,black,schleim,noun,negative,black,0.8804,noun,0.4683,0,0.34,0.47,34
33,143,47,4,4,part_of_speech_classification,part_of_speech_classification,acquisition,noun_left,MQQM,,,black,einfall,noun,positive,black,0.8804,noun,0.393,0,0.34,0.47,34
33,144,48,4,4,part_of_speech_classification,part_of_speech_classification,acquisition,noun_left,ZYYZ,,,black,lustig,adjective,positive,black,0.8804,adjective,0.5289,0,0.34,0.47,34
33,145,1,5,5,part_of_speech_classification,part_of_speech_classification,acquisition,noun_left,XVVX,,,black,gift,noun,negative,black,0.8834,noun,0.3944,0,0.34,0.47,34
33,146,2,5,5,part_of_speech_classification,part_of_speech_classification,acquisition,noun_left,WJJW,,,black,eitel,adjective,negative,black,0.8804,adjective,0.6185,0,0.34,0.47,34
33,147,3,5,5,part_of_speech_classification,part_of_speech_classification,acquisition,noun_left,WJJW,,,black,launisch,adjective,negative,black,0.8804,adjective,0.4046,0,0.34,0.47,34
33,148,4,5,5,part_of_speech_classification,part_of_speech_classification,acquisition,noun_left,MQQM,,,black,glück,noun,positive,black,0.8804,noun,0.4272,0,0.34,0.47,34
33,149,5,5,5,part_of_speech_classification,part_of_speech_classification,acquisition,noun_left,ZYYZ,,,black,lustig,adjective,positive,black,0.8804,adjective,0.4601,0,0.34,0.47,34
33,150,6,5,5,part_of_speech_classification,part_of_speech_classification,acquisition,noun_left,WJJW,,,black,eitel,adjective,negative,black,0.8804,adjective,0.5247,0,0.34,0.47,34
33,151,7,5,5,part_of_speech_classification,part_of_speech_classification,acquisition,noun_left,XVVX,,,black,entführung,noun,negative,black,0.8804,noun,0.4548,0,0.34,0.47,34
33,152,8,5,5,part_of_speech_classification,part_of_speech_classification,acquisition,noun_left,WJJW,,,black,launisch,adjective,negative,black,0.8804,adjective,0.4358,0,0.34,0.47,34
33,153,9,5,5,part_of_speech_classification,part_of_speech_classification,acquisition,noun_left,WJJW,,,black,schlecht,adjective,negative,black,0.8804,noun,0.5201,1,0.34,0.47,34
33,154,10,5,5,part_of_speech_classification,part_of_speech_classification,acquisition,noun_left,MQQM,,,black,einfall,noun,positive,black,0.8804,noun,0.5258,0,0.34,0.47,34
33,155,11,5,5,part_of_speech_classification,part_of_speech_classification,acquisition,noun_left,XVVX,,,black,entführung,noun,negative,black,0.8804,noun,0.42,0,0.34,0.47,34
33,156,12,5,5,part_of_speech_classification,part_of_speech_classification,acquisition,noun_left,XVVX,,,black,leiche,noun,negative,black,0.8805,noun,0.4152,0,0.34,0.47,34
33,157,13,5,5,part_of_speech_classification,part_of_speech_classification,acquisition,noun_left,WJJW,,,black,gierig,adjective,negative,black,0.8805,adjective,0.4552,0,0.34,0.47,34
33,158,14,5,5,part_of_speech_classification,part_of_speech_classification,acquisition,noun_left,ZYYZ,,,black,ehrlich,adjective,positive,black,0.8804,adjective,0.4087,0,0.34,0.47,34
33,159,15,5,5,part_of_speech_classification,part_of_speech_classification,acquisition,noun_left,ZYYZ,,,black,schön,adjective,positive,black,0.8804,adjective,0.5377,0,0.34,0.47,34
33,160,16,5,5,part_of_speech_classification,part_of_speech_classification,acquisition,noun_left,XVVX,,,black,schleim,noun,negative,black,0.8804,noun,0.5357,0,0.34,0.47,34
33,161,17,5,5,part_of_speech_classification,part_of_speech_classification,acquisition,noun_left,ZYYZ,,,black,gütig,adjective,positive,black,0.8804,adjective,0.5599,0,0.34,0.47,34
33,162,18,5,5,part_of_speech_classification,part_of_speech_classification,acquisition,noun_left,MQQM,,,black,einfall,noun,positive,black,0.8804,noun,0.4456,0,0.34,0.47,34
33,163,19,5,5,part_of_speech_classification,part_of_speech_classification,acquisition,noun_left,MQQM,,,black,liebe,noun,positive,black,0.8804,noun,0.4658,0,0.34,0.47,34
33,164,20,5,5,part_of_speech_classification,part_of_speech_classification,acquisition,noun_left,MQQM,,,black,liebe,noun,positive,black,0.8804,noun,0.3979,0,0.34,0.47,34
33,165,21,5,5,part_of_speech_classification,part_of_speech_classification,acquisition,noun_left,WJJW,,,black,gierig,adjective,negative,black,0.8804,adjective,0.413,0,0.34,0.47,34
33,166,22,5,5,part_of_speech_classification,part_of_speech_classification,acquisition,noun_left,WJJW,,,black,schlecht,adjective,negative,black,0.8804,adjective,0.5063,0,0.34,0.47,34
33,167,23,5,5,part_of_speech_classification,part_of_speech_classification,acquisition,noun_left,ZYYZ,,,black,schön,adjective,positive,black,0.8804,adjective,0.4809,0,0.34,0.47,34
33,168,24,5,5,part_of_speech_classification,part_of_speech_classification,acquisition,noun_left,ZYYZ,,,black,lustig,adjective,positive,black,0.8804,adjective,0.4725,0,0.34,0.47,34
33,169,25,5,5,part_of_speech_classification,part_of_speech_classification,acquisition,noun_left,MQQM,,,black,glück,noun,positive,black,0.8805,noun,0.4993,0,0.34,0.47,34
33,170,26,5,5,part_of_speech_classification,part_of_speech_classification,acquisition,noun_left,XVVX,,,black,gift,noun,negative,black,0.8805,noun,0.4187,0,0.34,0.47,34
33,171,27,5,5,part_of_speech_classification,part_of_speech_classification,acquisition,noun_left,MQQM,,,black,spaß,noun,positive,black,0.8805,noun,0.4067,0,0.34,0.47,34
33,172,28,5,5,part_of_speech_classification,part_of_speech_classification,acquisition,noun_left,XVVX,,,black,schleim,noun,negative,black,0.8804,noun,0.413,0,0.34,0.47,34
33,173,29,5,5,part_of_speech_classification,part_of_speech_classification,acquisition,noun_left,MQQM,,,black,einfall,noun,positive,black,0.8804,noun,0.3429,0,0.34,0.47,34
33,174,30,5,5,part_of_speech_classification,part_of_speech_classification,acquisition,noun_left,XVVX,,,black,gift,noun,negative,black,0.8804,noun,0.4585,0,0.34,0.47,34
33,175,31,5,5,part_of_speech_classification,part_of_speech_classification,acquisition,noun_left,WJJW,,,black,gierig,adjective,negative,black,0.8804,adjective,0.5075,0,0.34,0.47,34
33,176,32,5,5,part_of_speech_classification,part_of_speech_classification,acquisition,noun_left,XVVX,,,black,leiche,noun,negative,black,0.8804,adjective,0.3529,1,0.34,0.47,34
33,177,33,5,5,part_of_speech_classification,part_of_speech_classification,acquisition,noun_left,MQQM,,,black,spaß,noun,positive,black,0.8804,noun,0.4351,0,0.34,0.47,34
33,178,34,5,5,part_of_speech_classification,part_of_speech_classification,acquisition,noun_left,MQQM,,,black,liebe,noun,positive,black,0.8804,noun,0.3953,0,0.34,0.47,34
33,179,35,5,5,part_of_speech_classification,part_of_speech_classification,acquisition,noun_left,WJJW,,,black,schlecht,adjective,negative,black,0.8804,adjective,0.514,0,0.34,0.47,34
33,180,36,5,5,part_of_speech_classification,part_of_speech_classification,acquisition,noun_left,WJJW,,,black,launisch,adjective,negative,black,0.8804,adjective,0.3952,0,0.34,0.47,34
33,181,37,5,5,part_of_speech_classification,part_of_speech_classification,acquisition,noun_left,MQQM,,,black,glück,noun,positive,black,0.8804,noun,0.4655,0,0.34,0.47,34
33,182,38,5,5,part_of_speech_classification,part_of_speech_classification,acquisition,noun_left,XVVX,,,black,schleim,noun,negative,black,0.8805,adjective,0.4566,1,0.34,0.47,34
33,183,39,5,5,part_of_speech_classification,part_of_speech_classification,acquisition,noun_left,WJJW,,,black,eitel,adjective,negative,black,0.8804,adjective,0.4655,0,0.34,0.47,34
33,184,40,5,5,part_of_speech_classification,part_of_speech_classification,acquisition,noun_left,ZYYZ,,,black,ehrlich,adjective,positive,black,0.8804,adjective,0.448,0,0.34,0.47,34
33,185,41,5,5,part_of_speech_classification,part_of_speech_classification,acquisition,noun_left,ZYYZ,,,black,gütig,adjective,positive,black,0.8805,adjective,0.5555,0,0.34,0.47,34
33,186,42,5,5,part_of_speech_classification,part_of_speech_classification,acquisition,noun_left,ZYYZ,,,black,gütig,adjective,positive,black,0.8804,adjective,0.4294,0,0.34,0.47,34
33,187,43,5,5,part_of_speech_classification,part_of_speech_classification,acquisition,noun_left,ZYYZ,,,black,schön,adjective,positive,black,0.8804,adjective,0.5002,0,0.34,0.47,34
33,188,44,5,5,part_of_speech_classification,part_of_speech_classification,acquisition,noun_left,XVVX,,,black,leiche,noun,negative,black,0.8804,noun,0.5239,0,0.34,0.47,34
33,189,45,5,5,part_of_speech_classification,part_of_speech_classification,acquisition,noun_left,MQQM,,,black,spaß,noun,positive,black,0.8804,noun,0.403,0,0.34,0.47,34
33,190,46,5,5,part_of_speech_classification,part_of_speech_classification,acquisition,noun_left,ZYYZ,,,black,lustig,adjective,positive,black,0.8804,adjective,0.4943,0,0.34,0.47,34
33,191,47,5,5,part_of_speech_classification,part_of_speech_classification,acquisition,noun_left,ZYYZ,,,black,ehrlich,adjective,positive,black,0.8804,adjective,0.4559,0,0.34,0.47,34
33,192,48,5,5,part_of_speech_classification,part_of_speech_classification,acquisition,noun_left,XVVX,,,black,entführung,noun,negative,black,0.8804,noun,0.5004,0,0.34,0.47,34
33,193,1,6,1,part_of_speech_classification,valence_classification,classification_1,positive_left,ZYYZ,,,black,eitel,adjective,negative,black,0.8836,negative,1.0418,0,0.34,0.47,34
33,194,2,6,1,part_of_speech_classification,valence_classification,classification_1,positive_left,XVVX,,,black,entführung,noun,negative,black,0.8804,negative,1.0904,0,0.34,0.47,34
33,195,3,6,1,part_of_speech_classification,valence_classification,classification_1,positive_left,WJJW,,,black,launisch,adjective,negative,black,0.8804,negative,0.7511,0,0.34,0.47,34
33,196,4,6,1,part_of_speech_classification,valence_classification,classification_1,positive_left,XVVX,,,black,gift,noun,negative,black,0.8804,negative,0.6567,0,0.34,0.47,34
33,197,5,6,1,part_of_speech_classification,valence_classification,classification_1,positive_left,MQQM,,,black,liebe,noun,positive,black,0.8804,positive,0.9199,0,0.34,0.47,34
33,198,6,6,1,part_of_speech_classification,valence_classification,classification_1,positive_left,ZYYZ,,,black,schön,adjective,positive,black,0.8804,positive,0.4724,0,0.34,0.47,34
33,199,7,6,1,part_of_speech_classification,valence_classification,classification_1,positive_left,MQQM,,,black,gift,noun,negative,black,0.8805,negative,0.5538,0,0.34,0.47,34
33,200,8,6,1,part_of_speech_classification,valence_classification,classification_1,positive_left,WJJW,,,black,ehrlich,adjective,positive,black,0.8804,positive,0.9694,0,0.34,0.47,34
33,201,9,6,1,part_of_speech_classification,valence_classification,classification_1,positive_left,XVVX,,,black,entführung,noun,negative,black,0.8804,negative,0.705,0,0.34,0.47,34
33,202,10,6,1,part_of_speech_classification,valence_classification,classification_1,positive_left,ZYYZ,,,black,eitel,adjective,negative,black,0.8804,negative,1.05,0,0.34,0.47,34
33,203,11,6,1,part_of_speech_classification,valence_classification,classification_1,positive_left,MQQM,,,black,einfall,noun,positive,black,0.8805,positive,1.1137,0,0.34,0.47,34
33,204,12,6,1,part_of_speech_classification,valence_classification,classification_1,positive_left,MQQM,,,black,spaß,noun,positive,black,0.8805,positive,0.5932,0,0.34,0.47,34
33,205,13,6,1,part_of_speech_classification,valence_classification,classification_1,positive_left,WJJW,,,black,schlecht,adjective,negative,black,0.8805,negative,0.6418,0,0.34,0.47,34
33,206,14,6,1,part_of_speech_classification,valence_classification,classification_1,positive_left,WJJW,,,black,lustig,adjective,positive,black,0.8805,positive,0.9217,0,0.34,0.47,34
33,207,15,6,1,part_of_speech_classification,valence_classification,classification_1,positive_left,WJJW,,,black,ehrlich,adjective,positive,black,0.8805,positive,0.7369,0,0.34,0.47,34
33,208,16,6,1,part_of_speech_classification,valence_classification,classification_1,positive_left,ZYYZ,,,black,gütig,adjective,positive,black,0.8804,positive,0.7537,0,0.34,0.47,34
33,209,17,6,1,part_of_speech_classification,valence_classification,classification_1,positive_left,XVVX,,,black,glück,noun,positive,black,0.8805,positive,0.6971,0,0.34,0.47,34
33,210,18,6,1,part_of_speech_classification,valence_classification,classification_1,positive_left,ZYYZ,,,black,gierig,adjective,negative,black,0.8804,negative,0.7541,0,0.34,0.47,34
33,211,19,6,1,part_of_speech_classification,valence_classification,classification_1,positive_left,XVVX,,,black,einfall,noun,positive,black,0.8804,positive,0.5458,0,0.34,0.47,34
33,212,20,6,1,part_of_speech_classification,valence_classification,classification_1,positive_left,XVVX,,,black,glück,noun,positive,black,0.8804,positive,0.626,0,0.34,0.47,34
33,213,21,6,1,part_of_speech_classification,valence_classification,classification_1,positive_left,MQQM,,,black,schleim,noun,negative,black,0.8807,negative,0.9447,0,0.34,0.47,34
33,214,22,6,1,part_of_speech_classification,valence_classification,classification_1,positive_left,MQQM,,,black,leiche,noun,negative,black,0.8804,negative,0.7378,0,0.34,0.47,34
33,215,23,6,1,part_of_speech_classification,valence_classification,classification_1,positive_left,ZYYZ,,,black,gütig,adjective,positive,black,0.8804,positive,0.9462,0,0.34,0.47,34
33,216,24,6,1,part_of_speech_classification,valence_classification,classification_1,positive_left,WJJW,,,black,gierig,adjective,negative,black,0.8804,negative,0.954,0,0.34,0.47,34
33,217,1,7,2,part_of_speech_classification,valence_classification,classification_1,positive_left,WJJW,,,black,eitel,adjective,negative,black,0.8819,negative,0.5068,0,0.34,0.47,34
33,218,2,7,2,part_of_speech_classification,valence_classification,classification_1,positive_left,ZYYZ,,,black,schön,adjective,positive,black,0.8804,positive,0.3848,0,0.34,0.47,34
33,219,3,7,2,part_of_speech_classification,valence_classification,classification_1,positive_left,MQQM,,,black,einfall,noun,positive,black,0.8805,positive,0.6991,0,0.34,0.47,34
33,220,4,7,2,part_of_speech_classification,valence_classification,classification_1,positive_left,WJJW,,,black,launisch,adjective,negative,black,0.8804,negative,0.4928,0,0.34,0.47,34
33,221,5,7,2,part_of_speech_classification,valence_classification,classification_1,positive_left,XVVX,,,black,spaß,noun,positive,black,0.8804,positive,0.4244,0,0.34,0.47,34
33,222,6,7,2,part_of_speech_classification,valence_classification,classification_1,positive_left,MQQM,,,black,gift,noun,negative,black,0.8804,negative,0.4986,0,0.34,0.47,34
33,223,7,7,2,part_of_speech_classification,valence_classification,classification_1,positive_left,ZYYZ,,,black,lustig,adjective,positive,black,0.8805,positive,0.4452,0,0.34,0.47,34
33,224,8,7,2,part_of_speech_classification,valence_classification,classification_1,positive_left,XVVX,,,black,glück,noun,positive,black,0.8804,positive,0.4863,0,0.34,0.47,34
33,225,9,7,2,part_of_speech_classification,valence_classification,classification_1,positive_left,WJJW,,,black,ehrlich,adjective,positive,black,0.8805,negative,0.4197,1,0.34,0.47,34
33,226,10,7,2,part_of_speech_classification,valence_classification,classification_1,positive_left,ZYYZ,,,black,gierig,adjective,negative,black,0.8804,negative,0.6338,0,0.34,0.47,34
33,227,11,7,2,part_of_speech_classification,valence_classification,classification_1,positive_left,MQQM,,,black,gift,noun,negative,black,0.8805,positive,0.433,1,0.34,0.47,34
33,228,12,7,2,part_of_speech_classification,valence_classification,classification_1,positive_left,WJJW,,,black,gütig,adjective,positive,black,0.8804,positive,2.5186,0,0.34,0.47,34
33,229,13,7,2,part_of_speech_classification,valence_classification,classification_1,positive_left,WJJW,,,black,eitel,adjective,negative,black,0.8805,negative,0.5573,0,0.34,0.47,34
33,230,14,7,2,part_of_speech_classification,valence_classification,classification_1,positive_left,XVVX,,,black,leiche,noun,negative,black,0.8804,negative,0.8631,0,0.34,0.47,34
33,231,15,7,2,part_of_speech_classification,valence_classification,classification_1,positive_left,MQQM,,,black,schleim,noun,negative,black,0.8804,negative,0.5498,0,0.34,0.47,34
33,232,16,7,2,part_of_speech_classification,valence_classification,classification_1,positive_left,ZYYZ,,,black,schlecht,adjective,negative,black,0.8804,negative,0.5954,0,0.34,0.47,34
33,233,17,7,2,part_of_speech_classification,valence_classification,classification_1,positive_left,ZYYZ,,,black,gierig,adjective,negative,black,0.8804,negative,0.4884,0,0.34,0.47,34
33,234,18,7,2,part_of_speech_classification,valence_classification,classification_1,positive_left,XVVX,,,black,entführung,noun,negative,black,0.8804,negative,0.5221,0,0.34,0.47,34
33,235,19,7,2,part_of_speech_classification,valence_classification,classification_1,positive_left,XVVX,,,black,entführung,noun,negative,black,0.8804,negative,0.5772,0,0.34,0.47,34
33,236,20,7,2,part_of_speech_classification,valence_classification,classification_1,positive_left,MQQM,,,black,glück,noun,positive,black,0.8804,positive,0.4184,0,0.34,0.47,34
33,237,21,7,2,part_of_speech_classification,valence_classification,classification_1,positive_left,MQQM,,,black,liebe,noun,positive,black,0.8804,positive,0.4252,0,0.34,0.47,34
33,238,22,7,2,part_of_speech_classification,valence_classification,classification_1,positive_left,ZYYZ,,,black,gütig,adjective,positive,black,0.8804,positive,0.6,0,0.34,0.47,34
33,239,23,7,2,part_of_speech_classification,valence_classification,classification_1,positive_left,WJJW,,,black,ehrlich,adjective,positive,black,0.8804,positive,0.5333,0,0.34,0.47,34
33,240,24,7,2,part_of_speech_classification,valence_classification,classification_1,positive_left,XVVX,,,black,einfall,noun,positive,black,0.8804,positive,0.4693,0,0.34,0.47,34
33,241,1,8,3,part_of_speech_classification,valence_classification,classification_1,positive_left,XVVX,,,black,liebe,noun,positive,black,0.8832,positive,0.3641,0,0.34,0.47,34
33,242,2,8,3,part_of_speech_classification,valence_classification,classification_1,positive_left,WJJW,,,black,gütig,adjective,positive,black,0.8805,positive,0.383,0,0.34,0.47,34
33,243,3,8,3,part_of_speech_classification,valence_classification,classification_1,positive_left,MQQM,,,black,schleim,noun,negative,black,0.8804,negative,0.5434,0,0.34,0.47,34
33,244,4,8,3,part_of_speech_classification,valence_classification,classification_1,positive_left,WJJW,,,black,gierig,adjective,negative,black,0.8804,negative,0.4451,0,0.34,0.47,34
33,245,5,8,3,part_of_speech_classification,valence_classification,classification_1,positive_left,ZYYZ,,,black,gütig,adjective,positive,black,0.8804,positive,0.4954,0,0.34,0.47,34
33,246,6,8,3,part_of_speech_classification,valence_classification,classification_1,positive_left,ZYYZ,,,black,ehrlich,adjective,positive,black,0.8804,positive,0.4139,0,0.34,0.47,34
33,247,7,8,3,part_of_speech_classification,valence_classification,classification_1,positive_left,ZYYZ,,,black,gierig,adjective,negative,black,0.8804,negative,0.3965,0,0.34,0.47,34
33,248,8,8,3,part_of_speech_classification,valence_classification,classification_1,positive_left,ZYYZ,,,black,lustig,adjective,positive,black,0.8804,positive,0.443,0,0.34,0.47,34
33,249,9,8,3,part_of_speech_classification,valence_classification,classification_1,positive_left,WJJW,,,black,eitel,adjective,negative,black,0.8804,positive,0.4357,1,0.34,0.47,34
33,250,10,8,3,part_of_speech_classification,valence_classification,classification_1,positive_left,ZYYZ,,,black,launisch,adjective,negative,black,0.8804,negative,0.5957,0,0.34,0.47,34
33,251,11,8,3,part_of_speech_classification,valence_classification,classification_1,positive_left,MQQM,,,black,glück,noun,positive,black,0.8805,positive,0.4261,0,0.34,0.47,34
33,252,12,8,3,part_of_speech_classification,valence_classification,classification_1,positive_left,WJJW,,,black,schön,adjective,positive,black,0.8805,positive,0.4363,0,0.34,0.47,34
33,253,13,8,3,part_of_speech_classification,valence_classification,classification_1,positive_left,ZYYZ,,,black,schön,adjective,positive,black,0.8804,positive,0.4037,0,0.34,0.47,34
33,254,14,8,3,part_of_speech_classification,valence_classification,classification_1,positive_left,WJJW,,,black,ehrlich,adjective,positive,black,0.8805,positive,0.4272,0,0.34,0.47,34
33,255,15,8,3,part_of_speech_classification,valence_classification,classification_1,positive_left,MQQM,,,black,leiche,noun,negative,black,0.8804,negative,0.6816,0,0.34,0.47,34
33,256,16,8,3,part_of_speech_classification,valence_classification,classification_1,positive_left,XVVX,,,black,schleim,noun,negative,black,0.8807,negative,0.4283,0,0.34,0.47,34
33,257,17,8,3,part_of_speech_classification,valence_classification,classification_1,positive_left,ZYYZ,,,black,eitel,adjective,negative,black,0.8804,positive,0.4605,1,0.34,0.47,34
33,257,17,8,3,part_of_speech_classification,valence_classification,classification_1,positive_left,ZYYZ,,,black,eitel,adjective,negative,black,0.8804,negative,0.5794,0,0.34,0.47,34
33,258,18,8,3,part_of_speech_classification,valence_classification,classification_1,positive_left,WJJW,,,black,ehrlich,adjective,positive,black,0.8804,positive,0.9238,0,0.34,0.47,34
33,259,19,8,3,part_of_speech_classification,valence_classification,classification_1,positive_left,MQQM,,,black,spaß,noun,positive,black,0.8804,positive,0.4836,0,0.34,0.47,34
33,260,20,8,3,part_of_speech_classification,valence_classification,classification_1,positive_left,ZYYZ,,,black,schlecht,adjective,negative,black,0.8804,negative,0.4475,0,0.34,0.47,34
33,261,21,8,3,part_of_speech_classification,valence_classification,classification_1,positive_left,MQQM,,,black,einfall,noun,positive,black,0.8804,positive,0.5635,0,0.34,0.47,34
33,262,22,8,3,part_of_speech_classification,valence_classification,classification_1,positive_left,MQQM,,,black,leiche,noun,negative,black,0.8804,negative,0.5526,0,0.34,0.47,34
33,263,23,8,3,part_of_speech_classification,valence_classification,classification_1,positive_left,MQQM,,,black,entführung,noun,negative,black,0.8804,negative,0.5661,0,0.34,0.47,34
33,264,24,8,3,part_of_speech_classification,valence_classification,classification_1,positive_left,WJJW,,,black,lustig,adjective,positive,black,0.8804,positive,0.502,0,0.34,0.47,34
33,265,25,8,3,part_of_speech_classification,valence_classification,classification_1,positive_left,MQQM,,,black,gift,noun,negative,black,0.8804,negative,0.5779,0,0.34,0.47,34
33,266,26,8,3,part_of_speech_classification,valence_classification,classification_1,positive_left,MQQM,,,black,spaß,noun,positive,black,0.8804,positive,0.4656,0,0.34,0.47,34
33,267,27,8,3,part_of_speech_classification,valence_classification,classification_1,positive_left,WJJW,,,black,schlecht,adjective,negative,black,0.8804,negative,0.5217,0,0.34,0.47,34
33,268,28,8,3,part_of_speech_classification,valence_classification,classification_1,positive_left,XVVX,,,black,glück,noun,positive,black,0.8805,positive,0.4382,0,0.34,0.47,34
33,269,29,8,3,part_of_speech_classification,valence_classification,classification_1,positive_left,MQQM,,,black,liebe,noun,positive,black,0.8805,positive,0.433,0,0.34,0.47,34
33,270,30,8,3,part_of_speech_classification,valence_classification,classification_1,positive_left,XVVX,,,black,entführung,noun,negative,black,0.8805,negative,0.6838,0,0.34,0.47,34
33,271,31,8,3,part_of_speech_classification,valence_classification,classification_1,positive_left,MQQM,,,black,entführung,noun,negative,black,0.8804,negative,0.4153,0,0.34,0.47,34
33,272,32,8,3,part_of_speech_classification,valence_classification,classification_1,positive_left,XVVX,,,black,einfall,noun,positive,black,0.8805,positive,0.6811,0,0.34,0.47,34
33,273,33,8,3,part_of_speech_classification,valence_classification,classification_1,positive_left,WJJW,,,black,launisch,adjective,negative,black,0.8805,negative,0.425,0,0.34,0.47,34
33,274,34,8,3,part_of_speech_classification,valence_classification,classification_1,positive_left,WJJW,,,black,lustig,adjective,positive,black,0.8804,positive,0.463,0,0.34,0.47,34
33,275,35,8,3,part_of_speech_classification,valence_classification,classification_1,positive_left,ZYYZ,,,black,gierig,adjective,negative,black,0.8804,negative,0.4685,0,0.34,0.47,34
33,276,36,8,3,part_of_speech_classification,valence_classification,classification_1,positive_left,XVVX,,,black,gift,noun,negative,black,0.8804,positive,0.5226,1,0.34,0.47,34
33,277,37,8,3,part_of_speech_classification,valence_classification,classification_1,positive_left,WJJW,,,black,eitel,adjective,negative,black,0.8804,negative,0.6795,0,0.34,0.47,34
33,278,38,8,3,part_of_speech_classification,valence_classification,classification_1,positive_left,XVVX,,,black,leiche,noun,negative,black,0.8805,negative,0.443,0,0.34,0.47,34
33,279,39,8,3,part_of_speech_classification,valence_classification,classification_1,positive_left,XVVX,,,black,spaß,noun,positive,black,0.8805,negative,0.4405,1,0.34,0.47,34
33,280,40,8,3,part_of_speech_classification,valence_classification,classification_1,positive_left,XVVX,,,black,liebe,noun,positive,black,0.8804,positive,0.5682,0,0.34,0.47,34
33,281,41,8,3,part_of_speech_classification,valence_classification,classification_1,positive_left,ZYYZ,,,black,schön,adjective,positive,black,0.8804,positive,0.5432,0,0.34,0.47,34
33,282,42,8,3,part_of_speech_classification,valence_classification,classification_1,positive_left,XVVX,,,black,schleim,noun,negative,black,0.8804,negative,0.4395,0,0.34,0.47,34
33,283,43,8,3,part_of_speech_classification,valence_classification,classification_1,positive_left,WJJW,,,black,schlecht,adjective,negative,black,0.8805,negative,0.6624,0,0.34,0.47,34
33,284,44,8,3,part_of_speech_classification,valence_classification,classification_1,positive_left,ZYYZ,,,black,gütig,adjective,positive,black,0.8804,positive,0.6262,0,0.34,0.47,34
33,285,45,8,3,part_of_speech_classification,valence_classification,classification_1,positive_left,XVVX,,,black,gift,noun,negative,black,0.8804,negative,0.5458,0,0.34,0.47,34
33,286,46,8,3,part_of_speech_classification,valence_classification,classification_1,positive_left,XVVX,,,black,glück,noun,positive,black,0.8805,positive,0.5026,0,0.34,0.47,34
33,287,47,8,3,part_of_speech_classification,valence_classification,classification_1,positive_left,MQQM,,,black,einfall,noun,positive,black,0.8805,positive,0.5589,0,0.34,0.47,34
33,288,48,8,3,part_of_speech_classification,valence_classification,classification_1,positive_left,ZYYZ,,,black,launisch,adjective,negative,black,0.8804,negative,0.6375,0,0.34,0.47,34
33,289,1,9,4,part_of_speech_classification,valence_classification,classification_1,positive_left,ZYYZ,,,black,gütig,adjective,positive,black,0.8838,positive,0.5068,0,0.34,0.47,34
33,290,2,9,4,part_of_speech_classification,valence_classification,classification_1,positive_left,WJJW,,,black,schön,adjective,positive,black,0.8805,positive,0.4038,0,0.34,0.47,34
33,291,3,9,4,part_of_speech_classification,valence_classification,classification_1,positive_left,MQQM,,,black,einfall,noun,positive,black,0.8805,positive,0.4732,0,0.34,0.47,34
33,292,4,9,4,part_of_speech_classification,valence_classification,classification_1,positive_left,MQQM,,,black,leiche,noun,negative,black,0.8804,negative,0.466,0,0.34,0.47,34
33,293,5,9,4,part_of_speech_classification,valence_classification,classification_1,positive_left,ZYYZ,,,black,gierig,adjective,negative,black,0.8804,negative,0.4806,0,0.34,0.47,34
33,294,6,9,4,part_of_speech_classification,valence_classification,classification_1,positive_left,MQQM,,,black,entführung,noun,negative,black,0.8804,negative,0.5472,0,0.34,0.47,34
33,295,7,9,4,part_of_speech_classification,valence_classification,classification_1,positive_left,ZYYZ,,,black,schlecht,adjective,negative,black,0.8804,negative,0.3992,0,0.34,0.47,34
33,296,8,9,4,part_of_speech_classification,valence_classification,classification_1,positive_left,XVVX,,,black,einfall,noun,positive,black,0.8804,positive,0.4185,0,0.34,0.47,34
33,297,9,9,4,part_of_speech_classification,valence_classification,classification_1,positive_left,WJJW,,,black,ehrlich,adjective,positive,black,0.8804,positive,0.4136,0,0.34,0.47,34
33,298,10,9,4,part_of_speech_classification,valence_classification,classification_1,positive_left,XVVX,,,black,glück,noun,positive,black,0.8804,positive,0.3639,0,0.34,0.47,34
33,299,11,9,4,part_of_speech_classification,valence_classification,classification_1,positive_left,XVVX,,,black,entführung,noun,negative,black,0.8804,negative,0.6292,0,0.34,0.47,34
33,300,12,9,4,part_of_speech_classification,valence_classification,classification_1,positive_left,WJJW,,,black,gierig,adjective,negative,black,0.8805,positive,0.4056,1,0.34,0.47,34
33,300,12,9,4,part_of_speech_classification,valence_classification,classification_1,positive_left,WJJW,,,black,gierig,adjective,negative,black,0.8805,negative,0.5259,0,0.34,0.47,34
33,301,13,9,4,part_of_speech_classification,valence_classification,classification_1,positive_left,WJJW,,,black,gütig,adjective,positive,black,0.8804,positive,0.4661,0,0.34,0.47,34
33,302,14,9,4,part_of_speech_classification,valence_classification,classification_1,positive_left,ZYYZ,,,black,schön,adjective,positive,black,0.8804,positive,0.5369,0,0.34,0.47,34
33,303,15,9,4,part_of_speech_classification,valence_classification,classification_1,positive_left,XVVX,,,black,schleim,noun,negative,black,0.8804,negative,0.3929,0,0.34,0.47,34
33,304,16,9,4,part_of_speech_classification,valence_classification,classification_1,positive_left,MQQM,,,black,spaß,noun,positive,black,0.8804,positive,0.4586,0,0.34,0.47,34
33,305,17,9,4,part_of_speech_classification,valence_classification,classification_1,positive_left,MQQM,,,black,liebe,noun,positive,black,0.8805,positive,0.4531,0,0.34,0.47,34
33,306,18,9,4,part_of_speech_classification,valence_classification,classification_1,positive_left,XVVX,,,black,schleim,noun,negative,black,0.8805,negative,0.5438,0,0.34,0.47,34
33,307,19,9,4,part_of_speech_classification,valence_classification,classification_1,positive_left,ZYYZ,,,black,lustig,adjective,positive,black,0.8804,positive,0.443,0,0.34,0.47,34
33,308,20,9,4,part_of_speech_classification,valence_classification,classification_1,positive_left,XVVX,,,black,leiche,noun,negative,black,0.8804,positive,0.5299,1,0.34,0.47,34
33,308,20,9,4,part_of_speech_classification,valence_classification,classification_1,positive_left,XVVX,,,black,leiche,noun,negative,black,0.8804,negative,0.7722,0,0.34,0.47,34
33,309,21,9,4,part_of_speech_classification,valence_classification,classification_1,positive_left,WJJW,,,black,eitel,adjective,negative,black,0.8804,negative,0.4667,0,0.34,0.47,34
33,310,22,9,4,part_of_speech_classification,valence_classification,classification_1,positive_left,XVVX,,,black,glück,noun,positive,black,0.8804,positive,0.4691,0,0.34,0.47,34
33,311,23,9,4,part_of_speech_classification,valence_classification,classification_1,positive_left,MQQM,,,black,spaß,noun,positive,black,0.8804,positive,0.433,0,0.34,0.47,34
33,312,24,9,4,part_of_speech_classification,valence_classification,classification_1,positive_left,WJJW,,,black,schlecht,adjective,negative,black,0.8805,negative,0.419,0,0.34,0.47,34
33,313,25,9,4,part_of_speech_classification,valence_classification,classification_1,positive_left,ZYYZ,,,black,eitel,adjective,negative,black,0.8805,negative,0.453,0,0.34,0.47,34
33,314,26,9,4,part_of_speech_classification,valence_classification,classification_1,positive_left,WJJW,,,black,schön,adjective,positive,black,0.8805,positive,0.447,0,0.34,0.47,34
33,315,27,9,4,part_of_speech_classification,valence_classification,classification_1,positive_left,MQQM,,,black,gift,noun,negative,black,0.8804,negative,0.4052,0,0.34,0.47,34
33,316,28,9,4,part_of_speech_classification,valence_classification,classification_1,positive_left,MQQM,,,black,gift,noun,negative,black,0.8804,negative,0.5082,0,0.34,0.47,34
33,317,29,9,4,part_of_speech_classification,valence_classification,classification_1,positive_left,ZYYZ,,,black,launisch,adjective,negative,black,0.8805,positive,0.3756,1,0.34,0.47,34
33,318,30,9,4,part_of_speech_classification,valence_classification,classification_1,positive_left,XVVX,,,black,liebe,noun,positive,black,0.8804,positive,0.4923,0,0.34,0.47,34
33,319,31,9,4,part_of_speech_classification,valence_classification,classification_1,positive_left,ZYYZ,,,black,lustig,adjective,positive,black,0.8804,positive,0.6149,0,0.34,0.47,34
33,320,32,9,4,part_of_speech_classification,valence_classification,classification_1,positive_left,ZYYZ,,,black,ehrlich,adjective,positive,black,0.8804,positive,0.5087,0,0.34,0.47,34
33,321,33,9,4,part_of_speech_classification,valence_classification,classification_1,positive_left,MQQM,,,black,einfall,noun,positive,black,0.8804,positive,0.4255,0,0.34,0.47,34
33,322,34,9,4,part_of_speech_classification,valence_classification,classification_1,positive_left,WJJW,,,black,gütig,adjective,positive,black,0.8805,positive,0.383,0,0.34,0.47,34
33,323,35,9,4,part_of_speech_classification,valence_classification,classification_1,positive_left,ZYYZ,,,black,schlecht,adjective,negative,black,0.8804,negative,0.3852,0,0.34,0.47,34
33,324,36,9,4,part_of_speech_classification,valence_classification,classification_1,positive_left,WJJW,,,black,eitel,adjective,negative,black,0.8804,negative,0.413,0,0.34,0.47,34
33,325,37,9,4,part_of_speech_classification,valence_classification,classification_1,positive_left,MQQM,,,black,entführung,noun,negative,black,0.8804,negative,0.5032,0,0.34,0.47,34
33,326,38,9,4,part_of_speech_classification,valence_classification,classification_1,positive_left,MQQM,,,black,schleim,noun,negative,black,0.8804,negative,0.3978,0,0.34,0.47,34
33,327,39,9,4,part_of_speech_classification,valence_classification,classification_1,positive_left,ZYYZ,,,black,gierig,adjective,negative,black,0.8804,negative,0.4002,0,0.34,0.47,34
33,328,40,9,4,part_of_speech_classification,valence_classification,classification_1,positive_left,WJJW,,,black,launisch,adjective,negative,black,0.8804,negative,0.383,0,0.34,0.47,34
33,329,41,9,4,part_of_speech_classification,valence_classification,classification_1,positive_left,XVVX,,,black,spaß,noun,positive,black,0.8804,positive,0.3629,0,0.34,0.47,34
33,330,42,9,4,part_of_speech_classification,valence_classification,classification_1,positive_left,WJJW,,,black,lustig,adjective,positive,black,0.8804,positive,0.4865,0,0.34,0.47,34
33,331,43,9,4,part_of_speech_classification,valence_classification,classification_1,positive_left,WJJW,,,black,launisch,adjective,negative,black,0.8805,negative,0.4702,0,0.34,0.47,34
33,332,44,9,4,part_of_speech_classification,valence_classification,classification_1,positive_left,XVVX,,,black,gift,noun,negative,black,0.8804,negative,0.403,0,0.34,0.47,34
33,333,45,9,4,part_of_speech_classification,valence_classification,classification_1,positive_left,XVVX,,,black,leiche,noun,negative,black,0.8804,negative,0.403,0,0.34,0.47,34
33,334,46,9,4,part_of_speech_classification,valence_classification,classification_1,positive_left,MQQM,,,black,glück,noun,positive,black,0.8804,positive,0.487,0,0.34,0.47,34
33,335,47,9,4,part_of_speech_classification,valence_classification,classification_1,positive_left,ZYYZ,,,black,ehrlich,adjective,positive,black,0.8805,negative,0.4803,1,0.34,0.47,34
33,336,48,9,4,part_of_speech_classification,valence_classification,classification_1,positive_left,XVVX,,,black,liebe,noun,positive,black,0.8804,positive,0.443,0,0.34,0.47,34
33,337,1,10,5,part_of_speech_classification,valence_classification,classification_1,positive_left,ZYYZ,,,black,launisch,adjective,negative,black,0.8838,negative,0.4483,0,0.34,0.47,34
33,338,2,10,5,part_of_speech_classification,valence_classification,classification_1,positive_left,WJJW,,,black,schlecht,adjective,negative,black,0.8804,positive,0.4065,1,0.34,0.47,34
33,338,2,10,5,part_of_speech_classification,valence_classification,classification_1,positive_left,WJJW,,,black,schlecht,adjective,negative,black,0.8804,negative,0.5327,0,0.34,0.47,34
33,339,3,10,5,part_of_speech_classification,valence_classification,classification_1,positive_left,XVVX,,,black,liebe,noun,positive,black,0.8804,positive,0.4867,0,0.34,0.47,34
33,340,4,10,5,part_of_speech_classification,valence_classification,classification_1,positive_left,MQQM,,,black,glück,noun,positive,black,0.8804,positive,0.349,0,0.34,0.47,34
33,341,5,10,5,part_of_speech_classification,valence_classification,classification_1,positive_left,ZYYZ,,,black,ehrlich,adjective,positive,black,0.8804,positive,0.413,0,0.34,0.47,34
33,342,6,10,5,part_of_speech_classification,valence_classification,classification_1,positive_left,ZYYZ,,,black,lustig,adjective,positive,black,0.8804,negative,0.383,1,0.34,0.47,34
33,343,7,10,5,part_of_speech_classification,valence_classification,classification_1,positive_left,XVVX,,,black,gift,noun,negative,black,0.8804,positive,0.5437,1,0.34,0.47,34
33,343,7,10,5,part_of_speech_classification,valence_classification,classification_1,positive_left,XVVX,,,black,gift,noun,negative,black,0.8804,negative,0.6761,0,0.34,0.47,34
33,344,8,10,5,part_of_speech_classification,valence_classification,classification_1,positive_left,ZYYZ,,,black,gierig,adjective,negative,black,0.8804,negative,0.4229,0,0.34,0.47,34
33,345,9,10,5,part_of_speech_classification,valence_classification,classification_1,positive_left,XVVX,,,black,schleim,noun,negative,black,0.8805,negative,0.433,0,0.34,0.47,34
33,346,10,10,5,part_of_speech_classification,valence_classification,classification_1,positive_left,ZYYZ,,,black,schön,adjective,positive,black,0.8804,positive,0.5371,0,0.34,0.47,34
33,347,11,10,5,part_of_speech_classification,valence_classification,classification_1,positive_left,WJJW,,,black,launisch,adjective,negative,black,0.8804,negative,0.4446,0,0.34,0.47,34
33,348,12,10,5,part_of_speech_classification,valence_classification,classification_1,positive_left,MQQM,,,black,schleim,noun,negative,black,0.8804,negative,0.5274,0,0.34,0.47,34
33,349,13,10,5,part_of_speech_classification,valence_classification,classification_1,positive_left,XVVX,,,black,gift,noun,negative,black,0.8804,negative,0.4638,0,0.34,0.47,34
33,350,14,10,5,part_of_speech_classification,valence_classification,classification_1,positive_left,WJJW,,,black,gütig,adjective,positive,black,0.8804,negative,0.3244,1,0.34,0.47,34
33,351,15,10,5,part_of_speech_classification,valence_classification,classification_1,positive_left,WJJW,,,black,schön,adjective,positive,black,0.8804,positive,0.3302,0,0.34,0.47,34
33,352,16,10,5,part_of_speech_classification,valence_classification,classification_1,positive_left,WJJW,,,black,gierig,adjective,negative,black,0.8804,negative,0.4341,0,0.34,0.47,34
33,353,17,10,5,part_of_speech_classification,valence_classification,classification_1,positive_left,MQQM,,,black,glück,noun,positive,black,0.8804,positive,0.5703,0,0.34,0.47,34
33,354,18,10,5,part_of_speech_classification,valence_classification,classification_1,positive_left,MQQM,,,black,einfall,noun,positive,black,0.8805,positive,0.528,0,0.34,0.47,34
33,355,19,10,5,part_of_speech_classification,valence_classification,classification_1,positive_left,ZYYZ,,,black,gütig,adjective,positive,black,0.8804,negative,0.4254,1,0.34,0.47,34
33,356,20,10,5,part_of_speech_classification,valence_classification,classification_1,positive_left,ZYYZ,,,black,launisch,adjective,negative,black,0.8804,negative,1.4635,0,0.34,0.47,34
33,357,21,10,5,part_of_speech_classification,valence_classification,classification_1,positive_left,WJJW,,,black,lustig,adjective,positive,black,0.8805,positive,0.4637,0,0.34,0.47,34
33,358,22,10,5,part_of_speech_classification,valence_classification,classification_1,positive_left,MQQM,,,black,entführung,noun,negative,black,0.8804,negative,0.4893,0,0.34,0.47,34
33,359,23,10,5,part_of_speech_classification,valence_classification,classification_1,positive_left,MQQM,,,black,entführung,noun,negative,black,0.8804,positive,0.5139,1,0.34,0.47,34
33,360,24,10,5,part_of_speech_classification,valence_classification,classification_1,positive_left,XVVX,,,black,einfall,noun,positive,black,0.8804,positive,0.453,0,0.34,0.47,34
33,361,25,10,5,part_of_speech_classification,valence_classification,classification_1,positive_left,MQQM,,,black,leiche,noun,negative,black,0.8804,negative,0.4457,0,0.34,0.47,34
33,362,26,10,5,part_of_speech_classification,valence_classification,classification_1,positive_left,ZYYZ,,,black,schlecht,adjective,negative,black,0.8804,negative,0.4148,0,0.34,0.47,34
33,363,27,10,5,part_of_speech_classification,valence_classification,classification_1,positive_left,MQQM,,,black,einfall,noun,positive,black,0.8804,positive,0.5219,0,0.34,0.47,34
33,364,28,10,5,part_of_speech_classification,valence_classification,classification_1,positive_left,WJJW,,,black,schön,adjective,positive,black,0.8804,positive,0.4357,0,0.34,0.47,34
33,365,29,10,5,part_of_speech_classification,valence_classification,classification_1,positive_left,XVVX,,,black,glück,noun,positive,black,0.8804,positive,0.4083,0,0.34,0.47,34
33,366,30,10,5,part_of_speech_classification,valence_classification,classification_1,positive_left,WJJW,,,black,schlecht,adjective,negative,black,0.8804,negative,0.4074,0,0.34,0.47,34
33,367,31,10,5,part_of_speech_classification,valence_classification,classification_1,positive_left,XVVX,,,black,spaß,noun,positive,black,0.8805,positive,0.4287,0,0.34,0.47,34
33,368,32,10,5,part_of_speech_classification,valence_classification,classification_1,positive_left,MQQM,,,black,liebe,noun,positive,black,0.8804,negative,0.4726,1,0.34,0.47,34
33,369,33,10,5,part_of_speech_classification,valence_classification,classification_1,positive_left,XVVX,,,black,entführung,noun,negative,black,0.8804,negative,0.3765,0,0.34,0.47,34
33,370,34,10,5,part_of_speech_classification,valence_classification,classification_1,positive_left,ZYYZ,,,black,ehrlich,adjective,positive,black,0.8804,positive,2.0571,0,0.34,0.47,34
33,371,35,10,5,part_of_speech_classification,valence_classification,classification_1,positive_left,MQQM,,,black,leiche,noun,negative,black,0.8804,positive,0.3605,1,0.34,0.47,34
33,372,36,10,5,part_of_speech_classification,valence_classification,classification_1,positive_left,XVVX,,,black,liebe,noun,positive,black,0.8804,negative,0.4061,1,0.34,0.47,34
33,373,37,10,5,part_of_speech_classification,valence_classification,classification_1,positive_left,MQQM,,,black,leiche,noun,negative,black,0.8804,negative,0.4341,0,0.34,0.47,34
33,374,38,10,5,part_of_speech_classification,valence_classification,classification_1,positive_left,ZYYZ,,,black,eitel,adjective,negative,black,0.8804,negative,0.5747,0,0.34,0.47,34
33,375,39,10,5,part_of_speech_classification,valence_classification,classification_1,positive_left,WJJW,,,black,eitel,adjective,negative,black,0.8804,negative,0.5627,0,0.34,0.47,34
33,376,40,10,5,part_of_speech_classification,valence_classification,classification_1,positive_left,XVVX,,,black,spaß,noun,positive,black,0.8804,positive,0.5156,0,0.34,0.47,34
33,377,41,10,5,part_of_speech_classification,valence_classification,classification_1,positive_left,MQQM,,,black,spaß,noun,positive,black,0.8804,positive,0.732,0,0.34,0.47,34
33,378,42,10,5,part_of_speech_classification,valence_classification,classification_1,positive_left,ZYYZ,,,black,gütig,adjective,positive,black,0.8805,positive,0.6605,0,0.34,0.47,34
33,379,43,10,5,part_of_speech_classification,valence_classification,classification_1,positive_left,ZYYZ,,,black,gierig,adjective,negative,black,0.8804,negative,0.418,0,0.34,0.47,34
33,380,44,10,5,part_of_speech_classification,valence_classification,classification_1,positive_left,WJJW,,,black,ehrlich,adjective,positive,black,0.8804,negative,0.1849,1,0.34,0.47,34
33,381,45,10,5,part_of_speech_classification,valence_classification,classification_1,positive_left,WJJW,,,black,eitel,adjective,negative,black,0.8804,positive,0.4909,1,0.34,0.47,34
33,382,46,10,5,part_of_speech_classification,valence_classification,classification_1,positive_left,WJJW,,,black,lustig,adjective,positive,black,0.8804,positive,0.5308,0,0.34,0.47,34
33,383,47,10,5,part_of_speech_classification,valence_classification,classification_1,positive_left,XVVX,,,black,gift,noun,negative,black,0.8804,negative,0.5331,0,0.34,0.47,34
33,384,48,10,5,part_of_speech_classification,valence_classification,classification_1,positive_left,XVVX,,,black,schleim,noun,negative,black,0.8804,negative,0.5017,0,0.34,0.47,34
33,385,1,14,4,part_of_speech_classification,part_of_speech_classification,classification_2,noun_left,MQQM,,,black,glück,noun,positive,black,0.881,noun,0.4659,0,0.34,0.47,34
33,386,2,14,4,part_of_speech_classification,part_of_speech_classification,classification_2,noun_left,XVVX,,,black,schleim,noun,negative,black,0.8805,adjective,0.6783,1,0.34,0.47,34
33,387,3,14,4,part_of_speech_classification,part_of_speech_classification,classification_2,noun_left,MQQM,,,black,schön,adjective,positive,black,0.8805,adjective,0.4145,0,0.34,0.47,34
33,388,4,14,4,part_of_speech_classification,part_of_speech_classification,classification_2,noun_left,MQQM,,,black,liebe,noun,positive,black,0.8805,noun,0.4832,0,0.34,0.47,34
33,389,5,14,4,part_of_speech_classification,part_of_speech_classification,classification_2,noun_left,WJJW,,,black,schleim,noun,negative,black,0.8804,noun,0.568,0,0.34,0.47,34
33,390,6,14,4,part_of_speech_classification,part_of_speech_classification,classification_2,noun_left,XVVX,,,black,leiche,noun,negative,black,0.8804,noun,0.423,0,0.34,0.47,34
33,391,7,14,4,part_of_speech_classification,part_of_speech_classification,classification_2,noun_left,XVVX,,,black,entführung,noun,negative,black,0.8804,noun,0.5096,0,0.34,0.47,34
33,392,8,14,4,part_of_speech_classification,part_of_speech_classification,classification_2,noun_left,ZYYZ,,,black,glück,noun,positive,black,0.8804,noun,0.4703,0,0.34,0.47,34
33,393,9,14,4,part_of_speech_classification,part_of_speech_classification,classification_2,noun_left,WJJW,,,black,eitel,adjective,negative,black,0.8804,adjective,0.4167,0,0.34,0.47,34
33,394,10,14,4,part_of_speech_classification,part_of_speech_classification,classification_2,noun_left,XVVX,,,black,launisch,adjective,negative,black,0.8804,adjective,0.4296,0,0.34,0.47,34
33,395,11,14,4,part_of_speech_classification,part_of_speech_classification,classification_2,noun_left,ZYYZ,,,black,lustig,adjective,positive,black,0.8805,adjective,0.5989,0,0.34,0.47,34
33,396,12,14,4,part_of_speech_classification,part_of_speech_classification,classification_2,noun_left,WJJW,,,black,schlecht,adjective,negative,black,0.8804,adjective,0.429,0,0.34,0.47,34
33,397,13,14,4,part_of_speech_classification,part_of_speech_classification,classification_2,noun_left,MQQM,,,black,schön,adjective,positive,black,0.8804,adjective,0.4978,0,0.34,0.47,34
33,398,14,14,4,part_of_speech_classification,part_of_speech_classification,classification_2,noun_left,ZYYZ,,,black,liebe,noun,positive,black,0.8804,noun,0.4386,0,0.34,0.47,34
33,399,15,14,4,part_of_speech_classification,part_of_speech_classification,classification_2,noun_left,XVVX,,,black,eitel,adjective,negative,black,0.8804,adjective,0.6037,0,0.34,0.47,34
33,400,16,14,4,part_of_speech_classification,part_of_speech_classification,classification_2,noun_left,MQQM,,,black,spaß,noun,positive,black,0.8804,noun,0.4631,0,0.34,0.47,34
33,401,17,14,4,part_of_speech_classification,part_of_speech_classification,classification_2,noun_left,WJJW,,,black,eitel,adjective,negative,black,0.8804,adjective,0.4331,0,0.34,0.47,34
33,402,18,14,4,part_of_speech_classification,part_of_speech_classification,classification_2,noun_left,ZYYZ,,,black,glück,noun,positive,black,0.8804,noun,0.3782,0,0.34,0.47,34
33,403,19,14,4,part_of_speech_classification,part_of_speech_classification,classification_2,noun_left,WJJW,,,black,schlecht,adjective,negative,black,0.8804,adjective,0.4805,0,0.34,0.47,34
33,404,20,14,4,part_of_speech_classification,part_of_speech_classification,classification_2,noun_left,MQQM,,,black,gütig,adjective,positive,black,0.8804,adjective,0.4808,0,0.34,0.47,34
33,405,21,14,4,part_of_speech_classification,part_of_speech_classification,classification_2,noun_left,WJJW,,,black,entführung,noun,negative,black,0.8804,noun,0.5567,0,0.34,0.47,34
33,406,22,14,4,part_of_speech_classification,part_of_speech_classification,classification_2,noun_left,WJJW,,,black,launisch,adjective,negative,black,0.8805,adjective,0.4693,0,0.34,0.47,34
33,407,23,14,4,part_of_speech_classification,part_of_speech_classification,classification_2,noun_left,MQQM,,,black,ehrlich,adjective,positive,black,0.8805,adjective,0.433,0,0.34,0.47,34
33,408,24,14,4,part_of_speech_classification,part_of_speech_classification,classification_2,noun_left,MQQM,,,black,liebe,noun,positive,black,0.8804,noun,0.443,0,0.34,0.47,34
33,409,25,14,4,part_of_speech_classification,part_of_speech_classification,classification_2,noun_left,ZYYZ,,,black,schön,adjective,positive,black,0.8805,adjective,0.4251,0,0.34,0.47,34
33,410,26,14,4,part_of_speech_classification,part_of_speech_classification,classification_2,noun_left,ZYYZ,,,black,gütig,adjective,positive,black,0.8805,adjective,0.4285,0,0.34,0.47,34
33,411,27,14,4,part_of_speech_classification,part_of_speech_classification,classification_2,noun_left,WJJW,,,black,entführung,noun,negative,black,0.8805,adjective,0.3753,1,0.34,0.47,34
33,412,28,14,4,part_of_speech_classification,part_of_speech_classification,classification_2,noun_left,ZYYZ,,,black,einfall,noun,positive,black,0.8804,noun,0.4501,0,0.34,0.47,34
33,413,29,14,4,part_of_speech_classification,part_of_speech_classification,classification_2,noun_left,XVVX,,,black,gift,noun,negative,black,0.8804,noun,0.4667,0,0.34,0.47,34
33,414,30,14,4,part_of_speech_classification,part_of_speech_classification,classification_2,noun_left,ZYYZ,,,black,ehrlich,adjective,positive,black,0.8804,adjective,0.4651,0,0.34,0.47,34
33,415,31,14,4,part_of_speech_classification,part_of_speech_classification,classification_2,noun_left,XVVX,,,black,gift,noun,negative,black,0.8807,noun,0.4652,0,0.34,0.47,34
33,416,32,14,4,part_of_speech_classification,part_of_speech_classification,classification_2,noun_left,XVVX,,,black,gierig,adjective,negative,black,0.8805,adjective,0.4807,0,0.34,0.47,34
33,417,33,14,4,part_of_speech_classification,part_of_speech_classification,classification_2,noun_left,ZYYZ,,,black,einfall,noun,positive,black,0.8804,noun,0.4936,0,0.34,0.47,34
33,418,34,14,4,part_of_speech_classification,part_of_speech_classification,classification_2,noun_left,XVVX,,,black,gierig,adjective,negative,black,0.8804,adjective,0.4472,0,0.34,0.47,34
33,419,35,14,4,part_of_speech_classification,part_of_speech_classification,classification_2,noun_left,WJJW,,,black,leiche,noun,negative,black,0.8805,noun,0.5336,0,0.34,0.47,34
33,420,36,14,4,part_of_speech_classification,part_of_speech_classification,classification_2,noun_left,XVVX,,,black,gift,noun,negative,black,0.8805,adjective,0.4066,1,0.34,0.47,34
33,421,37,14,4,part_of_speech_classification,part_of_speech_classification,classification_2,noun_left,WJJW,,,black,gierig,adjective,negative,black,0.8804,adjective,1.4166,0,0.34,0.47,34
33,422,38,14,4,part_of_speech_classification,part_of_speech_classification,classification_2,noun_left,MQQM,,,black,lustig,adjective,positive,black,0.8804,adjective,0.3554,0,0.34,0.47,34
33,423,39,14,4,part_of_speech_classification,part_of_speech_classification,classification_2,noun_left,ZYYZ,,,black,lustig,adjective,positive,black,0.8804,adjective,0.3051,0,0.34,0.47,34
33,424,40,14,4,part_of_speech_classification,part_of_speech_classification,classification_2,noun_left,XVVX,,,black,launisch,adjective,negative,black,0.8804,adjective,0.4894,0,0.34,0.47,34
33,425,41,14,4,part_of_speech_classification,part_of_speech_classification,classification_2,noun_left,XVVX,,,black,schlecht,adjective,negative,black,0.8804,adjective,0.3654,0,0.34,0.47,34
33,426,42,14,4,part_of_speech_classification,part_of_speech_classification,classification_2,noun_left,MQQM,,,black,gütig,adjective,positive,black,0.8804,adjective,0.3264,0,0.34,0.47,34
33,427,43,14,4,part_of_speech_classification,part_of_speech_classification,classification_2,noun_left,ZYYZ,,,black,einfall,noun,positive,black,0.8805,adjective,0.4097,1,0.34,0.47,34
33,428,44,14,4,part_of_speech_classification,part_of_speech_classification,classification_2,noun_left,MQQM,,,black,spaß,noun,positive,black,0.8804,noun,0.38,0,0.34,0.47,34
33,429,45,14,4,part_of_speech_classification,part_of_speech_classification,classification_2,noun_left,ZYYZ,,,black,ehrlich,adjective,positive,black,0.8804,adjective,0.4602,0,0.34,0.47,34
33,430,46,14,4,part_of_speech_classification,part_of_speech_classification,classification_2,noun_left,WJJW,,,black,schleim,noun,negative,black,0.8805,noun,0.5308,0,0.34,0.47,34
33,431,47,14,4,part_of_speech_classification,part_of_speech_classification,classification_2,noun_left,WJJW,,,black,leiche,noun,negative,black,0.8804,noun,0.4254,0,0.34,0.47,34
33,432,48,14,4,part_of_speech_classification,part_of_speech_classification,classification_2,noun_left,MQQM,,,black,spaß,noun,positive,black,0.8804,noun,0.3662,0,0.34,0.47,34
33,433,1,15,5,part_of_speech_classification,part_of_speech_classification,classification_2,noun_left,MQQM,,,black,lustig,adjective,positive,black,0.8805,adjective,0.4566,0,0.34,0.47,34
33,434,2,15,5,part_of_speech_classification,part_of_speech_classification,classification_2,noun_left,ZYYZ,,,black,gütig,adjective,positive,black,0.8804,adjective,0.3757,0,0.34,0.47,34
33,435,3,15,5,part_of_speech_classification,part_of_speech_classification,classification_2,noun_left,XVVX,,,black,launisch,adjective,negative,black,0.8804,adjective,0.4405,0,0.34,0.47,34
33,436,4,15,5,part_of_speech_classification,part_of_speech_classification,classification_2,noun_left,XVVX,,,black,gierig,adjective,negative,black,0.8804,adjective,0.4097,0,0.34,0.47,34
33,437,5,15,5,part_of_speech_classification,part_of_speech_classification,classification_2,noun_left,MQQM,,,black,schön,adjective,positive,black,0.8804,adjective,0.5008,0,0.34,0.47,34
33,438,6,15,5,part_of_speech_classification,part_of_speech_classification,classification_2,noun_left,WJJW,,,black,gift,noun,negative,black,0.8804,noun,0.5373,0,0.34,0.47,34
33,439,7,15,5,part_of_speech_classification,part_of_speech_classification,classification_2,noun_left,XVVX,,,black,entführung,noun,negative,black,0.8804,adjective,0.4438,1,0.34,0.47,34
33,440,8,15,5,part_of_speech_classification,part_of_speech_classification,classification_2,noun_left,XVVX,,,black,eitel,adjective,negative,black,0.8805,noun,0.3354,1,0.34,0.47,34
33,441,9,15,5,part_of_speech_classification,part_of_speech_classification,classification_2,noun_left,WJJW,,,black,schleim,noun,negative,black,0.8804,noun,0.6713,0,0.34,0.47,34
33,442,10,15,5,part_of_speech_classification,part_of_speech_classification,classification_2,noun_left,WJJW,,,black,leiche,noun,negative,black,0.8804,noun,0.3878,0,0.34,0.47,34
33,443,11,15,5,part_of_speech_classification,part_of_speech_classification,classification_2,noun_left,ZYYZ,,,black,einfall,noun,positive,black,0.8804,adjective,0.4497,1,0.34,0.47,34
33,443,11,15,5,part_of_speech_classification,part_of_speech_classification,classification_2,noun_left,ZYYZ,,,black,einfall,noun,positive,black,0.8804,noun,0.5079,0,0.34,0.47,34
33,444,12,15,5,part_of_speech_classification,part_of_speech_classification,classification_2,noun_left,WJJW,,,black,schleim,noun,negative,black,0.8804,adjective,0.498,1,0.34,0.47,34
33,445,13,15,5,part_of_speech_classification,part_of_speech_classification,classification_2,noun_left,MQQM,,,black,ehrlich,adjective,positive,black,0.8804,adjective,0.4261,0,0.34,0.47,34
33,446,14,15,5,part_of_speech_classification,part_of_speech_classification,classification_2,noun_left,XVVX,,,black,gift,noun,negative,black,0.8804,noun,0.47,0,0.34,0.47,34
33,447,15,15,5,part_of_speech_classification,part_of_speech_classification,classification_2,noun_left,WJJW,,,black,leiche,noun,negative,black,0.8805,noun,0.4483,0,0.34,0.47,34
33,448,16,15,5,part_of_speech_classification,part_of_speech_classification,classification_2,noun_left,WJJW,,,black,entführung,noun,negative,black,0.8804,noun,0.4883,0,0.34,0.47,34
33,449,17,15,5,part_of_speech_classification,part_of_speech_classification,classification_2,noun_left,WJJW,,,black,schlecht,adjective,negative,black,0.8804,adjective,0.423,0,0.34,0.47,34
33,450,18,15,5,part_of_speech_classification,part_of_speech_classification,classification_2,noun_left,ZYYZ,,,black,schön,adjective,positive,black,0.8805,noun,0.5148,1,0.34,0.47,34
33,451,19,15,5,part_of_speech_classification,part_of_speech_classification,classification_2,noun_left,MQQM,,,black,spaß,noun,positive,black,0.8804,noun,0.4846,0,0.34,0.47,34
33,452,20,15,5,part_of_speech_classification,part_of_speech_classification,classification_2,noun_left,WJJW,,,black,schlecht,adjective,negative,black,0.8804,adjective,0.4676,0,0.34,0.47,34
33,453,21,15,5,part_of_speech_classification,part_of_speech_classification,classification_2,noun_left,XVVX,,,black,entführung,noun,negative,black,0.8804,noun,0.4167,0,0.34,0.47,34
33,454,22,15,5,part_of_speech_classification,part_of_speech_classification,classification_2,noun_left,WJJW,,,black,launisch,adjective,negative,black,0.8805,adjective,0.5352,0,0.34,0.47,34
33,455,23,15,5,part_of_speech_classification,part_of_speech_classification,classification_2,noun_left,ZYYZ,,,black,einfall,noun,positive,black,0.8804,noun,0.4725,0,0.34,0.47,34
33,456,24,15,5,part_of_speech_classification,part_of_speech_classification,classification_2,noun_left,ZYYZ,,,black,gütig,adjective,positive,black,0.8804,adjective,0.4732,0,0.34,0.47,34
33,457,25,15,5,part_of_speech_classification,part_of_speech_classification,classification_2,noun_left,MQQM,,,black,liebe,noun,positive,black,0.8804,noun,0.4089,0,0.34,0.47,34
33,458,26,15,5,part_of_speech_classification,part_of_speech_classification,classification_2,noun_left,XVVX,,,black,leiche,noun,negative,black,0.8804,noun,0.4398,0,0.34,0.47,34
33,459,27,15,5,part_of_speech_classification,part_of_speech_classification,classification_2,noun_left,ZYYZ,,,black,ehrlich,adjective,positive,black,0.8804,adjective,0.443,0,0.34,0.47,34
33,460,28,15,5,part_of_speech_classification,part_of_speech_classification,classification_2,noun_left,ZYYZ,,,black,liebe,noun,positive,black,0.8804,noun,0.433,0,0.34,0.47,34
33,461,29,15,5,part_of_speech_classification,part_of_speech_classification,classification_2,noun_left,XVVX,,,black,schleim,noun,negative,black,0.8805,adjective,0.4906,1,0.34,0.47,34
33,462,30,15,5,part_of_speech_classification,part_of_speech_classification,classification_2,noun_left,MQQM,,,black,schön,adjective,positive,black,0.8804,adjective,0.4486,0,0.34,0.47,34
33,463,31,15,5,part_of_speech_classification,part_of_speech_classification,classification_2,noun_left,ZYYZ,,,black,liebe,noun,positive,black,0.8804,noun,0.3488,0,0.34,0.47,34
33,464,32,15,5,part_of_speech_classification,part_of_speech_classification,classification_2,noun_left,XVVX,,,black,gierig,adjective,negative,black,0.8804,adjective,0.433,0,0.34,0.47,34
33,465,33,15,5,part_of_speech_classification,part_of_speech_classification,classification_2,noun_left,ZYYZ,,,black,lustig,adjective,positive,black,0.8805,adjective,0.4665,0,0.34,0.47,34
33,466,34,15,5,part_of_speech_classification,part_of_speech_classification,classification_2,noun_left,ZYYZ,,,black,lustig,adjective,positive,black,0.8805,adjective,0.4907,0,0.34,0.47,34
33,467,35,15,5,part_of_speech_classification,part_of_speech_classification,classification_2,noun_left,MQQM,,,black,glück,noun,positive,black,0.8804,noun,0.4155,0,0.34,0.47,34
33,468,36,15,5,part_of_speech_classification,part_of_speech_classification,classification_2,noun_left,MQQM,,,black,ehrlich,adjective,positive,black,0.8804,adjective,0.4997,0,0.34,0.47,34
33,469,37,15,5,part_of_speech_classification,part_of_speech_classification,classification_2,noun_left,ZYYZ,,,black,einfall,noun,positive,black,0.8804,noun,0.456,0,0.34,0.47,34
33,470,38,15,5,part_of_speech_classification,part_of_speech_classification,classification_2,noun_left,WJJW,,,black,eitel,adjective,negative,black,0.8804,adjective,0.5743,0,0.34,0.47,34
33,471,39,15,5,part_of_speech_classification,part_of_speech_classification,classification_2,noun_left,MQQM,,,black,gütig,adjective,positive,black,0.8804,adjective,0.4699,0,0.34,0.47,34
33,472,40,15,5,part_of_speech_classification,part_of_speech_classification,classification_2,noun_left,MQQM,,,black,spaß,noun,positive,black,0.8805,noun,0.4488,0,0.34,0.47,34
33,473,41,15,5,part_of_speech_classification,part_of_speech_classification,classification_2,noun_left,MQQM,,,black,glück,noun,positive,black,0.8804,noun,0.4052,0,0.34,0.47,34
33,474,42,15,5,part_of_speech_classification,part_of_speech_classification,classification_2,noun_left,MQQM,,,black,spaß,noun,positive,black,0.8804,noun,0.408,0,0.34,0.47,34
33,475,43,15,5,part_of_speech_classification,part_of_speech_classification,classification_2,noun_left,XVVX,,,black,gierig,adjective,negative,black,0.8804,adjective,0.4454,0,0.34,0.47,34
33,476,44,15,5,part_of_speech_classification,part_of_speech_classification,classification_2,noun_left,WJJW,,,black,eitel,adjective,negative,black,0.8804,adjective,0.4152,0,0.34,0.47,34
33,477,45,15,5,part_of_speech_classification,part_of_speech_classification,classification_2,noun_left,XVVX,,,black,schlecht,adjective,negative,black,0.8804,adjective,0.4656,0,0.34,0.47,34
33,478,46,15,5,part_of_speech_classification,part_of_speech_classification,classification_2,noun_left,ZYYZ,,,black,glück,noun,positive,black,0.8804,noun,0.4996,0,0.34,0.47,34
33,479,47,15,5,part_of_speech_classification,part_of_speech_classification,classification_2,noun_left,XVVX,,,black,gift,noun,negative,black,0.8804,noun,0.4351,0,0.34,0.47,34
33,480,48,15,5,part_of_speech_classification,part_of_speech_classification,classification_2,noun_left,WJJW,,,black,launisch,adjective,negative,black,0.8804,adjective,0.4152,0,0.34,0.47,34
33,485,1,17,1,part_of_speech_classification,prime_discrimination,prime_discrimination,none,MQQM,,,black,launisch,adjective,negative,black,0.9325,,,,0.34,0.47,34
33,485,1,17,1,part_of_speech_classification,prime_discrimination,prime_discrimination,none,MQQM,,,black,launisch,adjective,negative,black,,stim0;WJJW,6584.726299999747,,,,34
33,486,2,17,1,part_of_speech_classification,prime_discrimination,prime_discrimination,none,MQQM,,,black,eitel,adjective,negative,black,0.9307,,,,0.34,0.47,34
33,486,2,17,1,part_of_speech_classification,prime_discrimination,prime_discrimination,none,MQQM,,,black,eitel,adjective,negative,black,,stim1;ZYYZ,4119.197999999858,,,,34
33,487,3,17,1,part_of_speech_classification,prime_discrimination,prime_discrimination,none,XVVX,,,black,schön,adjective,positive,black,0.9305,,,,0.34,0.47,34
33,487,3,17,1,part_of_speech_classification,prime_discrimination,prime_discrimination,none,XVVX,,,black,schön,adjective,positive,black,,stim2;XVVX,2741.9488999999594,,,,34
33,488,4,17,1,part_of_speech_classification,prime_discrimination,prime_discrimination,none,XVVX,,,black,glück,noun,positive,black,0.9305,,,,0.34,0.47,34
33,488,4,17,1,part_of_speech_classification,prime_discrimination,prime_discrimination,none,XVVX,,,black,glück,noun,positive,black,,stim3;MQQM,2803.5444000000134,,,,34
33,489,5,17,1,part_of_speech_classification,prime_discrimination,prime_discrimination,none,WJJW,,,black,spaß,noun,positive,black,0.931,,,,0.34,0.47,34
33,489,5,17,1,part_of_speech_classification,prime_discrimination,prime_discrimination,none,WJJW,,,black,spaß,noun,positive,black,,stim1;ZYYZ,2178.0782000001054,,,,34
33,490,6,17,1,part_of_speech_classification,prime_discrimination,prime_discrimination,none,ZYYZ,,,black,ehrlich,adjective,positive,black,0.9305,,,,0.34,0.47,34
33,490,6,17,1,part_of_speech_classification,prime_discrimination,prime_discrimination,none,ZYYZ,,,black,ehrlich,adjective,positive,black,,stim3;MQQM,4782.85869999975,,,,34
33,491,7,17,1,part_of_speech_classification,prime_discrimination,prime_discrimination,none,ZYYZ,,,black,einfall,noun,positive,black,0.9305,,,,0.34,0.47,34
33,491,7,17,1,part_of_speech_classification,prime_discrimination,prime_discrimination,none,ZYYZ,,,black,einfall,noun,positive,black,,stim2;XVVX,1291.6650000000373,,,,34
33,492,8,17,1,part_of_speech_classification,prime_discrimination,prime_discrimination,none,MQQM,,,black,gütig,adjective,positive,black,0.9305,,,,0.34,0.47,34
33,492,8,17,1,part_of_speech_classification,prime_discrimination,prime_discrimination,none,MQQM,,,black,gütig,adjective,positive,black,,stim3;MQQM,2812.12490000017,,,,34
33,493,9,17,1,part_of_speech_classification,prime_discrimination,prime_discrimination,none,ZYYZ,,,black,gierig,adjective,negative,black,0.9305,,,,0.34,0.47,34
33,493,9,17,1,part_of_speech_classification,prime_discrimination,prime_discrimination,none,ZYYZ,,,black,gierig,adjective,negative,black,,stim0,1429.3910999998916,,,,34
33,494,10,17,1,part_of_speech_classification,prime_discrimination,prime_discrimination,none,WJJW,,,black,schlecht,adjective,negative,black,0.9305,,,,0.34,0.47,34
33,494,10,17,1,part_of_speech_classification,prime_discrimination,prime_discrimination,none,WJJW,,,black,schlecht,adjective,negative,black,,stim2;XVVX,1795.4758999999613,,,,34
33,495,11,17,1,part_of_speech_classification,prime_discrimination,prime_discrimination,none,XVVX,,,black,liebe,noun,positive,black,0.9305,,,,0.34,0.47,34
33,495,11,17,1,part_of_speech_classification,prime_discrimination,prime_discrimination,none,XVVX,,,black,liebe,noun,positive,black,,stim0;WJJW,1341.3385000000708,,,,34
33,496,12,17,1,part_of_speech_classification,prime_discrimination,prime_discrimination,none,WJJW,,,black,lustig,adjective,positive,black,0.9305,,,,0.34,0.47,34
33,496,12,17,1,part_of_speech_classification,prime_discrimination,prime_discrimination,none,WJJW,,,black,lustig,adjective,positive,black,,stim3;MQQM,1942.2068000000436,,,,34
33,497,1,18,2,part_of_speech_classification,prime_discrimination,prime_discrimination,none,ZYYZ,,,black,gütig,adjective,positive,black,0.8833,,,,0.34,0.47,34
33,497,1,18,2,part_of_speech_classification,prime_discrimination,prime_discrimination,none,ZYYZ,,,black,gütig,adjective,positive,black,,stim3;MQQM,2417.462199999718,,,,34
33,498,2,18,2,part_of_speech_classification,prime_discrimination,prime_discrimination,none,WJJW,,,black,gütig,adjective,positive,black,0.8804,,,,0.34,0.47,34
33,498,2,18,2,part_of_speech_classification,prime_discrimination,prime_discrimination,none,WJJW,,,black,gütig,adjective,positive,black,,stim3;MQQM,1057.0465999997687,,,,34
33,499,3,18,2,part_of_speech_classification,prime_discrimination,prime_discrimination,none,MQQM,,,black,ehrlich,adjective,positive,black,0.8805,,,,0.34,0.47,34
33,499,3,18,2,part_of_speech_classification,prime_discrimination,prime_discrimination,none,MQQM,,,black,ehrlich,adjective,positive,black,,stim1;ZYYZ,2626.3346000001766,,,,34
33,500,4,18,2,part_of_speech_classification,prime_discrimination,prime_discrimination,none,ZYYZ,,,black,launisch,adjective,negative,black,0.9105,,,,0.34,0.47,34
33,500,4,18,2,part_of_speech_classification,prime_discrimination,prime_discrimination,none,ZYYZ,,,black,launisch,adjective,negative,black,,stim3;MQQM,2652.0134999998845,,,,34
33,501,5,18,2,part_of_speech_classification,prime_discrimination,prime_discrimination,none,MQQM,,,black,eitel,adjective,negative,black,0.8804,,,,0.34,0.47,34
33,501,5,18,2,part_of_speech_classification,prime_discrimination,prime_discrimination,none,MQQM,,,black,eitel,adjective,negative,black,,stim3;MQQM,2639.1363999997266,,,,34
33,502,6,18,2,part_of_speech_classification,prime_discrimination,prime_discrimination,none,ZYYZ,,,black,liebe,noun,positive,black,0.8805,,,,0.34,0.47,34
33,502,6,18,2,part_of_speech_classification,prime_discrimination,prime_discrimination,none,ZYYZ,,,black,liebe,noun,positive,black,,stim1,1392.3171999999322,,,,34
33,503,7,18,2,part_of_speech_classification,prime_discrimination,prime_discrimination,none,XVVX,,,black,einfall,noun,positive,black,0.8804,,,,0.34,0.47,34
33,503,7,18,2,part_of_speech_classification,prime_discrimination,prime_discrimination,none,XVVX,,,black,einfall,noun,positive,black,,stim3;MQQM,2444.87910000002,,,,34
33,504,8,18,2,part_of_speech_classification,prime_discrimination,prime_discrimination,none,ZYYZ,,,black,schlecht,adjective,negative,black,0.8805,,,,0.34,0.47,34
33,504,8,18,2,part_of_speech_classification,prime_discrimination,prime_discrimination,none,ZYYZ,,,black,schlecht,adjective,negative,black,,stim0,2727.591300000204,,,,34
33,505,9,18,2,part_of_speech_classification,prime_discrimination,prime_discrimination,none,MQQM,,,black,eitel,adjective,negative,black,0.8805,,,,0.34,0.47,34
33,505,9,18,2,part_of_speech_classification,prime_discrimination,prime_discrimination,none,MQQM,,,black,eitel,adjective,negative,black,,stim2,1187.0043999999762,,,,34
33,506,10,18,2,part_of_speech_classification,prime_discrimination,prime_discrimination,none,WJJW,,,black,lustig,adjective,positive,black,0.8805,,,,0.34,0.47,34
33,506,10,18,2,part_of_speech_classification,prime_discrimination,prime_discrimination,none,WJJW,,,black,lustig,adjective,positive,black,,stim3;MQQM,814.5157999999356,,,,34
33,507,11,18,2,part_of_speech_classification,prime_discrimination,prime_discrimination,none,MQQM,,,black,gierig,adjective,negative,black,0.8805,,,,0.34,0.47,34
33,507,11,18,2,part_of_speech_classification,prime_discrimination,prime_discrimination,none,MQQM,,,black,gierig,adjective,negative,black,,stim0;WJJW,2060.813199999975,,,,34
33,508,12,18,2,part_of_speech_classification,prime_discrimination,prime_discrimination,none,MQQM,,,black,leiche,noun,negative,black,0.8805,,,,0.34,0.47,34
33,508,12,18,2,part_of_speech_classification,prime_discrimination,prime_discrimination,none,MQQM,,,black,leiche,noun,negative,black,,stim2;XVVX,5045.814199999906,,,,34
33,509,13,18,2,part_of_speech_classification,prime_discrimination,prime_discrimination,none,XVVX,,,black,ehrlich,adjective,positive,black,0.8805,,,,0.34,0.47,34
33,509,13,18,2,part_of_speech_classification,prime_discrimination,prime_discrimination,none,XVVX,,,black,ehrlich,adjective,positive,black,,stim1;ZYYZ,1690.935199999949,,,,34
33,510,14,18,2,part_of_speech_classification,prime_discrimination,prime_discrimination,none,WJJW,,,black,entführung,noun,negative,black,0.8804,,,,0.34,0.47,34
33,510,14,18,2,part_of_speech_classification,prime_discrimination,prime_discrimination,none,WJJW,,,black,entführung,noun,negative,black,,stim3,1349.93479999993,,,,34
33,511,15,18,2,part_of_speech_classification,prime_discrimination,prime_discrimination,none,MQQM,,,black,gierig,adjective,negative,black,0.8804,,,,0.34,0.47,34
33,511,15,18,2,part_of_speech_classification,prime_discrimination,prime_discrimination,none,MQQM,,,black,gierig,adjective,negative,black,,stim0,1860.6315999999642,,,,34
33,512,16,18,2,part_of_speech_classification,prime_discrimination,prime_discrimination,none,WJJW,,,black,glück,noun,positive,black,0.8805,,,,0.34,0.47,34
33,512,16,18,2,part_of_speech_classification,prime_discrimination,prime_discrimination,none,WJJW,,,black,glück,noun,positive,black,,stim3;MQQM,976.4132999998983,,,,34
33,513,17,18,2,part_of_speech_classification,prime_discrimination,prime_discrimination,none,ZYYZ,,,black,spaß,noun,positive,black,0.8804,,,,0.34,0.47,34
33,513,17,18,2,part_of_speech_classification,prime_discrimination,prime_discrimination,none,ZYYZ,,,black,spaß,noun,positive,black,,stim1,1262.1121000002604,,,,34
33,514,18,18,2,part_of_speech_classification,prime_discrimination,prime_discrimination,none,XVVX,,,black,lustig,adjective,positive,black,0.8805,,,,0.34,0.47,34
33,514,18,18,2,part_of_speech_classification,prime_discrimination,prime_discrimination,none,XVVX,,,black,lustig,adjective,positive,black,,stim3;MQQM,2230.314900000114,,,,34
33,515,19,18,2,part_of_speech_classification,prime_discrimination,prime_discrimination,none,WJJW,,,black,schleim,noun,negative,black,0.8805,,,,0.34,0.47,34
33,515,19,18,2,part_of_speech_classification,prime_discrimination,prime_discrimination,none,WJJW,,,black,schleim,noun,negative,black,,stim2;XVVX,1237.7952000002842,,,,34
33,516,20,18,2,part_of_speech_classification,prime_discrimination,prime_discrimination,none,XVVX,,,black,gierig,adjective,negative,black,0.8805,,,,0.34,0.47,34
33,516,20,18,2,part_of_speech_classification,prime_discrimination,prime_discrimination,none,XVVX,,,black,gierig,adjective,negative,black,,stim0;WJJW,1555.3538000001572,,,,34
33,517,21,18,2,part_of_speech_classification,prime_discrimination,prime_discrimination,none,ZYYZ,,,black,ehrlich,adjective,positive,black,0.8805,,,,0.34,0.47,34
33,517,21,18,2,part_of_speech_classification,prime_discrimination,prime_discrimination,none,ZYYZ,,,black,ehrlich,adjective,positive,black,,stim3,1511.1345000001602,,,,34
33,518,22,18,2,part_of_speech_classification,prime_discrimination,prime_discrimination,none,WJJW,,,black,glück,noun,positive,black,0.9105,,,,0.34,0.47,34
33,518,22,18,2,part_of_speech_classification,prime_discrimination,prime_discrimination,none,WJJW,,,black,glück,noun,positive,black,,stim3;MQQM,1324.5187999999616,,,,34
33,519,23,18,2,part_of_speech_classification,prime_discrimination,prime_discrimination,none,XVVX,,,black,gift,noun,negative,black,0.8804,,,,0.34,0.47,34
33,519,23,18,2,part_of_speech_classification,prime_discrimination,prime_discrimination,none,XVVX,,,black,gift,noun,negative,black,,stim1;ZYYZ,7825.28749999986,,,,34
33,520,24,18,2,part_of_speech_classification,prime_discrimination,prime_discrimination,none,XVVX,,,black,schön,adjective,positive,black,0.8805,,,,0.34,0.47,34
33,520,24,18,2,part_of_speech_classification,prime_discrimination,prime_discrimination,none,XVVX,,,black,schön,adjective,positive,black,,stim0,1427.5066999997944,,,,34
33,521,25,18,2,part_of_speech_classification,prime_discrimination,prime_discrimination,none,WJJW,,,black,ehrlich,adjective,positive,black,0.8804,,,,0.34,0.47,34
33,521,25,18,2,part_of_speech_classification,prime_discrimination,prime_discrimination,none,WJJW,,,black,ehrlich,adjective,positive,black,,stim3;MQQM,2941.3008999999147,,,,34
33,522,26,18,2,part_of_speech_classification,prime_discrimination,prime_discrimination,none,MQQM,,,black,schlecht,adjective,negative,black,0.8805,,,,0.34,0.47,34
33,522,26,18,2,part_of_speech_classification,prime_discrimination,prime_discrimination,none,MQQM,,,black,schlecht,adjective,negative,black,,stim0;WJJW,1557.247699999949,,,,34
33,523,27,18,2,part_of_speech_classification,prime_discrimination,prime_discrimination,none,WJJW,,,black,schön,adjective,positive,black,0.8804,,,,0.34,0.47,34
33,523,27,18,2,part_of_speech_classification,prime_discrimination,prime_discrimination,none,WJJW,,,black,schön,adjective,positive,black,,stim3;MQQM,715.2421999999788,,,,34
33,524,28,18,2,part_of_speech_classification,prime_discrimination,prime_discrimination,none,ZYYZ,,,black,liebe,noun,positive,black,0.8805,,,,0.34,0.47,34
33,524,28,18,2,part_of_speech_classification,prime_discrimination,prime_discrimination,none,ZYYZ,,,black,liebe,noun,positive,black,,stim1;ZYYZ,1151.7732000001706,,,,34
33,525,29,18,2,part_of_speech_classification,prime_discrimination,prime_discrimination,none,ZYYZ,,,black,lustig,adjective,positive,black,0.8804,,,,0.34,0.47,34
33,525,29,18,2,part_of_speech_classification,prime_discrimination,prime_discrimination,none,ZYYZ,,,black,lustig,adjective,positive,black,,stim2;XVVX,1507.6803000001237,,,,34
33,526,30,18,2,part_of_speech_classification,prime_discrimination,prime_discrimination,none,WJJW,,,black,entführung,noun,negative,black,0.9105,,,,0.34,0.47,34
33,526,30,18,2,part_of_speech_classification,prime_discrimination,prime_discrimination,none,WJJW,,,black,entführung,noun,negative,black,,stim0,703.9087000000291,,,,34
33,527,31,18,2,part_of_speech_classification,prime_discrimination,prime_discrimination,none,MQQM,,,black,launisch,adjective,negative,black,0.8805,,,,0.34,0.47,34
33,527,31,18,2,part_of_speech_classification,prime_discrimination,prime_discrimination,none,MQQM,,,black,launisch,adjective,negative,black,,stim2;XVVX,1574.1995000001043,,,,34
33,528,32,18,2,part_of_speech_classification,prime_discrimination,prime_discrimination,none,ZYYZ,,,black,spaß,noun,positive,black,0.8804,,,,0.34,0.47,34
33,528,32,18,2,part_of_speech_classification,prime_discrimination,prime_discrimination,none,ZYYZ,,,black,spaß,noun,positive,black,,stim3;MQQM,701.500299999956,,,,34
33,529,33,18,2,part_of_speech_classification,prime_discrimination,prime_discrimination,none,XVVX,,,black,leiche,noun,negative,black,0.8805,,,,0.34,0.47,34
33,529,33,18,2,part_of_speech_classification,prime_discrimination,prime_discrimination,none,XVVX,,,black,leiche,noun,negative,black,,stim0;WJJW,2486.156100000022,,,,34
33,530,34,18,2,part_of_speech_classification,prime_discrimination,prime_discrimination,none,MQQM,,,black,liebe,noun,positive,black,0.8804,,,,0.34,0.47,34
33,530,34,18,2,part_of_speech_classification,prime_discrimination,prime_discrimination,none,MQQM,,,black,liebe,noun,positive,black,,stim1,669.7441000000108,,,,34
33,531,35,18,2,part_of_speech_classification,prime_discrimination,prime_discrimination,none,WJJW,,,black,einfall,noun,positive,black,0.8804,,,,0.34,0.47,34
33,531,35,18,2,part_of_speech_classification,prime_discrimination,prime_discrimination,none,WJJW,,,black,einfall,noun,positive,black,,stim2;XVVX,964.150599999819,,,,34
33,532,36,18,2,part_of_speech_classification,prime_discrimination,prime_discrimination,none,WJJW,,,black,gütig,adjective,positive,black,0.8804,,,,0.34,0.47,34
33,532,36,18,2,part_of_speech_classification,prime_discrimination,prime_discrimination,none,WJJW,,,black,gütig,adjective,positive,black,,stim0;WJJW,2474.9193000001833,,,,34
33,533,37,18,2,part_of_speech_classification,prime_discrimination,prime_discrimination,none,WJJW,,,black,einfall,noun,positive,black,0.8816,,,,0.34,0.47,34
33,533,37,18,2,part_of_speech_classification,prime_discrimination,prime_discrimination,none,WJJW,,,black,einfall,noun,positive,black,,stim3;MQQM,605.5360000000801,,,,34
33,534,38,18,2,part_of_speech_classification,prime_discrimination,prime_discrimination,none,ZYYZ,,,black,schleim,noun,negative,black,0.8805,,,,0.34,0.47,34
33,534,38,18,2,part_of_speech_classification,prime_discrimination,prime_discrimination,none,ZYYZ,,,black,schleim,noun,negative,black,,stim2;XVVX,1105.244799999753,,,,34
33,535,39,18,2,part_of_speech_classification,prime_discrimination,prime_discrimination,none,XVVX,,,black,schlecht,adjective,negative,black,0.8804,,,,0.34,0.47,34
33,535,39,18,2,part_of_speech_classification,prime_discrimination,prime_discrimination,none,XVVX,,,black,schlecht,adjective,negative,black,,stim0;WJJW,667.032300000079,,,,34
33,536,40,18,2,part_of_speech_classification,prime_discrimination,prime_discrimination,none,MQQM,,,black,schön,adjective,positive,black,0.8805,,,,0.34,0.47,34
33,536,40,18,2,part_of_speech_classification,prime_discrimination,prime_discrimination,none,MQQM,,,black,schön,adjective,positive,black,,stim3,1980.5637999996543,,,,34
33,537,41,18,2,part_of_speech_classification,prime_discrimination,prime_discrimination,none,WJJW,,,black,gift,noun,negative,black,0.8804,,,,0.34,0.47,34
33,537,41,18,2,part_of_speech_classification,prime_discrimination,prime_discrimination,none,WJJW,,,black,gift,noun,negative,black,,stim0;WJJW,4700.9881000001915,,,,34
33,538,42,18,2,part_of_speech_classification,prime_discrimination,prime_discrimination,none,ZYYZ,,,black,gift,noun,negative,black,0.8805,,,,0.34,0.47,34
33,538,42,18,2,part_of_speech_classification,prime_discrimination,prime_discrimination,none,ZYYZ,,,black,gift,noun,negative,black,,stim0,932.9203000001144,,,,34
33,539,43,18,2,part_of_speech_classification,prime_discrimination,prime_discrimination,none,MQQM,,,black,schön,adjective,positive,black,0.8804,,,,0.34,0.47,34
33,539,43,18,2,part_of_speech_classification,prime_discrimination,prime_discrimination,none,MQQM,,,black,schön,adjective,positive,black,,stim3;MQQM,631.6195000000298,,,,34
33,540,44,18,2,part_of_speech_classification,prime_discrimination,prime_discrimination,none,XVVX,,,black,entführung,noun,negative,black,0.8804,,,,0.34,0.47,34
33,540,44,18,2,part_of_speech_classification,prime_discrimination,prime_discrimination,none,XVVX,,,black,entführung,noun,negative,black,,stim3,4780.266299999785,,,,34
33,541,45,18,2,part_of_speech_classification,prime_discrimination,prime_discrimination,none,ZYYZ,,,black,spaß,noun,positive,black,0.8805,,,,0.34,0.47,34
33,541,45,18,2,part_of_speech_classification,prime_discrimination,prime_discrimination,none,ZYYZ,,,black,spaß,noun,positive,black,,stim1;ZYYZ,2165.1165000000037,,,,34
33,542,46,18,2,part_of_speech_classification,prime_discrimination,prime_discrimination,none,XVVX,,,black,lustig,adjective,positive,black,0.8804,,,,0.34,0.47,34
33,542,46,18,2,part_of_speech_classification,prime_discrimination,prime_discrimination,none,XVVX,,,black,lustig,adjective,positive,black,,stim1,1199.0123000000603,,,,34
33,543,47,18,2,part_of_speech_classification,prime_discrimination,prime_discrimination,none,XVVX,,,black,launisch,adjective,negative,black,0.8804,,,,0.34,0.47,34
33,543,47,18,2,part_of_speech_classification,prime_discrimination,prime_discrimination,none,XVVX,,,black,launisch,adjective,negative,black,,stim1,908.2990000001155,,,,34
33,544,48,18,2,part_of_speech_classification,prime_discrimination,prime_discrimination,none,XVVX,,,black,gütig,adjective,positive,black,0.9105,,,,0.34,0.47,34
33,544,48,18,2,part_of_speech_classification,prime_discrimination,prime_discrimination,none,XVVX,,,black,gütig,adjective,positive,black,,stim1;ZYYZ,1032.5156999998726,,,,34
33,545,49,18,2,part_of_speech_classification,prime_discrimination,prime_discrimination,none,MQQM,,,black,glück,noun,positive,black,0.8804,,,,0.34,0.47,34
33,545,49,18,2,part_of_speech_classification,prime_discrimination,prime_discrimination,none,MQQM,,,black,glück,noun,positive,black,,stim3;MQQM,685.4553000000305,,,,34
33,546,50,18,2,part_of_speech_classification,prime_discrimination,prime_discrimination,none,XVVX,,,black,schleim,noun,negative,black,0.8804,,,,0.34,0.47,34
33,546,50,18,2,part_of_speech_classification,prime_discrimination,prime_discrimination,none,XVVX,,,black,schleim,noun,negative,black,,stim2;XVVX,1594.7613999999594,,,,34
33,547,51,18,2,part_of_speech_classification,prime_discrimination,prime_discrimination,none,MQQM,,,black,eitel,adjective,negative,black,0.8804,,,,0.34,0.47,34
33,547,51,18,2,part_of_speech_classification,prime_discrimination,prime_discrimination,none,MQQM,,,black,eitel,adjective,negative,black,,stim3;MQQM,3753.222300000023,,,,34
33,548,52,18,2,part_of_speech_classification,prime_discrimination,prime_discrimination,none,ZYYZ,,,black,leiche,noun,negative,black,0.8804,,,,0.34,0.47,34
33,548,52,18,2,part_of_speech_classification,prime_discrimination,prime_discrimination,none,ZYYZ,,,black,leiche,noun,negative,black,,stim3;MQQM,4101.814299999736,,,,34
33,549,1,19,3,part_of_speech_classification,prime_discrimination,prime_discrimination,none,XVVX,,,black,einfall,noun,positive,black,0.8804,,,,0.34,0.47,34
33,549,1,19,3,part_of_speech_classification,prime_discrimination,prime_discrimination,none,XVVX,,,black,einfall,noun,positive,black,,stim0;WJJW,6086.316600000253,,,,34
33,550,2,19,3,part_of_speech_classification,prime_discrimination,prime_discrimination,none,WJJW,,,black,glück,noun,positive,black,0.8804,,,,0.34,0.47,34
33,550,2,19,3,part_of_speech_classification,prime_discrimination,prime_discrimination,none,WJJW,,,black,glück,noun,positive,black,,stim3,838.7865999999922,,,,34
33,551,3,19,3,part_of_speech_classification,prime_discrimination,prime_discrimination,none,WJJW,,,black,launisch,adjective,negative,black,0.8805,,,,0.34,0.47,34
33,551,3,19,3,part_of_speech_classification,prime_discrimination,prime_discrimination,none,WJJW,,,black,launisch,adjective,negative,black,,stim1;ZYYZ,838.5098000001162,,,,34
33,552,4,19,3,part_of_speech_classification,prime_discrimination,prime_discrimination,none,ZYYZ,,,black,ehrlich,adjective,positive,black,0.8804,,,,0.34,0.47,34
33,552,4,19,3,part_of_speech_classification,prime_discrimination,prime_discrimination,none,ZYYZ,,,black,ehrlich,adjective,positive,black,,stim2;XVVX,2480.585099999793,,,,34
33,553,5,19,3,part_of_speech_classification,prime_discrimination,prime_discrimination,none,WJJW,,,black,gierig,adjective,negative,black,0.8805,,,,0.34,0.47,34
33,553,5,19,3,part_of_speech_classification,prime_discrimination,prime_discrimination,none,WJJW,,,black,gierig,adjective,negative,black,,stim3;MQQM,1729.812299999874,,,,34
33,554,6,19,3,part_of_speech_classification,prime_discrimination,prime_discrimination,none,ZYYZ,,,black,liebe,noun,positive,black,0.9105,,,,0.34,0.47,34
33,554,6,19,3,part_of_speech_classification,prime_discrimination,prime_discrimination,none,ZYYZ,,,black,liebe,noun,positive,black,,stim2;XVVX,1679.9008000001777,,,,34
33,555,7,19,3,part_of_speech_classification,prime_discrimination,prime_discrimination,none,WJJW,,,black,entführung,noun,negative,black,0.8804,,,,0.34,0.47,34
33,555,7,19,3,part_of_speech_classification,prime_discrimination,prime_discrimination,none,WJJW,,,black,entführung,noun,negative,black,,stim1;ZYYZ,2039.909500000067,,,,34
33,556,8,19,3,part_of_speech_classification,prime_discrimination,prime_discrimination,none,WJJW,,,black,gierig,adjective,negative,black,0.8805,,,,0.34,0.47,34
33,556,8,19,3,part_of_speech_classification,prime_discrimination,prime_discrimination,none,WJJW,,,black,gierig,adjective,negative,black,,stim2,1216.3484000000171,,,,34
33,557,9,19,3,part_of_speech_classification,prime_discrimination,prime_discrimination,none,XVVX,,,black,schleim,noun,negative,black,0.8804,,,,0.34,0.47,34
33,557,9,19,3,part_of_speech_classification,prime_discrimination,prime_discrimination,none,XVVX,,,black,schleim,noun,negative,black,,stim3;MQQM,967.6950999998953,,,,34
33,558,10,19,3,part_of_speech_classification,prime_discrimination,prime_discrimination,none,ZYYZ,,,black,spaß,noun,positive,black,0.8804,,,,0.34,0.47,34
33,558,10,19,3,part_of_speech_classification,prime_discrimination,prime_discrimination,none,ZYYZ,,,black,spaß,noun,positive,black,,stim0,4066.9447999999393,,,,34
33,559,11,19,3,part_of_speech_classification,prime_discrimination,prime_discrimination,none,XVVX,,,black,einfall,noun,positive,black,0.8804,,,,0.34,0.47,34
33,559,11,19,3,part_of_speech_classification,prime_discrimination,prime_discrimination,none,XVVX,,,black,einfall,noun,positive,black,,stim3,532.3643000002485,,,,34
33,560,12,19,3,part_of_speech_classification,prime_discrimination,prime_discrimination,none,XVVX,,,black,eitel,adjective,negative,black,0.8805,,,,0.34,0.47,34
33,560,12,19,3,part_of_speech_classification,prime_discrimination,prime_discrimination,none,XVVX,,,black,eitel,adjective,negative,black,,stim1;ZYYZ,658.3928999998607,,,,34
33,561,13,19,3,part_of_speech_classification,prime_discrimination,prime_discrimination,none,XVVX,,,black,gift,noun,negative,black,0.8805,,,,0.34,0.47,34
33,561,13,19,3,part_of_speech_classification,prime_discrimination,prime_discrimination,none,XVVX,,,black,gift,noun,negative,black,,stim3;MQQM,828.1600999999791,,,,34
33,562,14,19,3,part_of_speech_classification,prime_discrimination,prime_discrimination,none,XVVX,,,black,launisch,adjective,negative,black,0.8804,,,,0.34,0.47,34
33,562,14,19,3,part_of_speech_classification,prime_discrimination,prime_discrimination,none,XVVX,,,black,launisch,adjective,negative,black,,stim3;MQQM,725.7852999998722,,,,34
33,563,15,19,3,part_of_speech_classification,prime_discrimination,prime_discrimination,none,WJJW,,,black,schleim,noun,negative,black,0.8805,,,,0.34,0.47,34
33,563,15,19,3,part_of_speech_classification,prime_discrimination,prime_discrimination,none,WJJW,,,black,schleim,noun,negative,black,,stim2;XVVX,1203.8310000000056,,,,34
33,564,16,19,3,part_of_speech_classification,prime_discrimination,prime_discrimination,none,XVVX,,,black,entführung,noun,negative,black,0.8805,,,,0.34,0.47,34
33,564,16,19,3,part_of_speech_classification,prime_discrimination,prime_discrimination,none,XVVX,,,black,entführung,noun,negative,black,,stim0;WJJW,1938.1420000002254,,,,34
33,565,17,19,3,part_of_speech_classification,prime_discrimination,prime_discrimination,none,MQQM,,,black,liebe,noun,positive,black,0.9105,,,,0.34,0.47,34
33,565,17,19,3,part_of_speech_classification,prime_discrimination,prime_discrimination,none,MQQM,,,black,liebe,noun,positive,black,,stim1,1499.8026999998838,,,,34
33,566,18,19,3,part_of_speech_classification,prime_discrimination,prime_discrimination,none,MQQM,,,black,leiche,noun,negative,black,0.8805,,,,0.34,0.47,34
33,566,18,19,3,part_of_speech_classification,prime_discrimination,prime_discrimination,none,MQQM,,,black,leiche,noun,negative,black,,stim3;MQQM,2130.253099999856,,,,34
33,567,19,19,3,part_of_speech_classification,prime_discrimination,prime_discrimination,none,MQQM,,,black,spaß,noun,positive,black,0.8805,,,,0.34,0.47,34
33,567,19,19,3,part_of_speech_classification,prime_discrimination,prime_discrimination,none,MQQM,,,black,spaß,noun,positive,black,,stim3;MQQM,1183.6081000000704,,,,34
33,568,20,19,3,part_of_speech_classification,prime_discrimination,prime_discrimination,none,XVVX,,,black,launisch,adjective,negative,black,0.8804,,,,0.34,0.47,34
33,568,20,19,3,part_of_speech_classification,prime_discrimination,prime_discrimination,none,XVVX,,,black,launisch,adjective,negative,black,,stim1;ZYYZ,979.9806000001263,,,,34
33,569,21,19,3,part_of_speech_classification,prime_discrimination,prime_discrimination,none,ZYYZ,,,black,liebe,noun,positive,black,0.8805,,,,0.34,0.47,34
33,569,21,19,3,part_of_speech_classification,prime_discrimination,prime_discrimination,none,ZYYZ,,,black,liebe,noun,positive,black,,stim2;XVVX,875.6232000002638,,,,34
33,570,22,19,3,part_of_speech_classification,prime_discrimination,prime_discrimination,none,MQQM,,,black,leiche,noun,negative,black,0.8804,,,,0.34,0.47,34
33,570,22,19,3,part_of_speech_classification,prime_discrimination,prime_discrimination,none,MQQM,,,black,leiche,noun,negative,black,,stim3;MQQM,3339.2047000001185,,,,34
33,571,23,19,3,part_of_speech_classification,prime_discrimination,prime_discrimination,none,XVVX,,,black,lustig,adjective,positive,black,0.8804,,,,0.34,0.47,34
33,571,23,19,3,part_of_speech_classification,prime_discrimination,prime_discrimination,none,XVVX,,,black,lustig,adjective,positive,black,,stim3;MQQM,475.5360000000801,,,,34
33,572,24,19,3,part_of_speech_classification,prime_discrimination,prime_discrimination,none,WJJW,,,black,gütig,adjective,positive,black,0.8804,,,,0.34,0.47,34
33,572,24,19,3,part_of_speech_classification,prime_discrimination,prime_discrimination,none,WJJW,,,black,gütig,adjective,positive,black,,stim1,2328.9116999998223,,,,34
33,573,25,19,3,part_of_speech_classification,prime_discrimination,prime_discrimination,none,MQQM,,,black,leiche,noun,negative,black,0.8805,,,,0.34,0.47,34
33,573,25,19,3,part_of_speech_classification,prime_discrimination,prime_discrimination,none,MQQM,,,black,leiche,noun,negative,black,,stim2;XVVX,3284.1699000000954,,,,34
33,574,26,19,3,part_of_speech_classification,prime_discrimination,prime_discrimination,none,WJJW,,,black,glück,noun,positive,black,0.8804,,,,0.34,0.47,34
33,574,26,19,3,part_of_speech_classification,prime_discrimination,prime_discrimination,none,WJJW,,,black,glück,noun,positive,black,,stim0;WJJW,1003.6770999999717,,,,34
33,575,27,19,3,part_of_speech_classification,prime_discrimination,prime_discrimination,none,MQQM,,,black,eitel,adjective,negative,black,0.8805,,,,0.34,0.47,34
33,575,27,19,3,part_of_speech_classification,prime_discrimination,prime_discrimination,none,MQQM,,,black,eitel,adjective,negative,black,,stim3;MQQM,1282.7081999999937,,,,34
33,576,28,19,3,part_of_speech_classification,prime_discrimination,prime_discrimination,none,ZYYZ,,,black,gift,noun,negative,black,0.8804,,,,0.34,0.47,34
33,576,28,19,3,part_of_speech_classification,prime_discrimination,prime_discrimination,none,ZYYZ,,,black,gift,noun,negative,black,,stim1,753.8806000000332,,,,34
33,577,29,19,3,part_of_speech_classification,prime_discrimination,prime_discrimination,none,ZYYZ,,,black,gierig,adjective,negative,black,0.8804,,,,0.34,0.47,34
33,577,29,19,3,part_of_speech_classification,prime_discrimination,prime_discrimination,none,ZYYZ,,,black,gierig,adjective,negative,black,,stim3;MQQM,981.4659000001848,,,,34
33,578,30,19,3,part_of_speech_classification,prime_discrimination,prime_discrimination,none,ZYYZ,,,black,lustig,adjective,positive,black,0.9104,,,,0.34,0.47,34
33,578,30,19,3,part_of_speech_classification,prime_discrimination,prime_discrimination,none,ZYYZ,,,black,lustig,adjective,positive,black,,stim1;ZYYZ,1211.098100000061,,,,34
33,579,31,19,3,part_of_speech_classification,prime_discrimination,prime_discrimination,none,MQQM,,,black,schleim,noun,negative,black,0.8805,,,,0.34,0.47,34
33,579,31,19,3,part_of_speech_classification,prime_discrimination,prime_discrimination,none,MQQM,,,black,schleim,noun,negative,black,,stim3;MQQM,650.7195999999531,,,,34
33,580,32,19,3,part_of_speech_classification,prime_discrimination,prime_discrimination,none,ZYYZ,,,black,schön,adjective,positive,black,0.8804,,,,0.34,0.47,34
33,580,32,19,3,part_of_speech_classification,prime_discrimination,prime_discrimination,none,ZYYZ,,,black,schön,adjective,positive,black,,stim3,890.3034999999218,,,,34
33,581,33,19,3,part_of_speech_classification,prime_discrimination,prime_discrimination,none,WJJW,,,black,ehrlich,adjective,positive,black,0.8804,,,,0.34,0.47,34
33,581,33,19,3,part_of_speech_classification,prime_discrimination,prime_discrimination,none,WJJW,,,black,ehrlich,adjective,positive,black,,stim2,1084.4563999997918,,,,34
33,582,34,19,3,part_of_speech_classification,prime_discrimination,prime_discrimination,none,MQQM,,,black,gütig,adjective,positive,black,0.8804,,,,0.34,0.47,34
33,582,34,19,3,part_of_speech_classification,prime_discrimination,prime_discrimination,none,MQQM,,,black,gütig,adjective,positive,black,,stim0;WJJW,827.1346000002231,,,,34
33,583,35,19,3,part_of_speech_classification,prime_discrimination,prime_discrimination,none,MQQM,,,black,ehrlich,adjective,positive,black,0.8804,,,,0.34,0.47,34
33,583,35,19,3,part_of_speech_classification,prime_discrimination,prime_discrimination,none,MQQM,,,black,ehrlich,adjective,positive,black,,stim0;WJJW,696.6979000000283,,,,34
33,584,36,19,3,part_of_speech_classification,prime_discrimination,prime_discrimination,none,XVVX,,,black,spaß,noun,positive,black,0.8807,,,,0.34,0.47,34
33,584,36,19,3,part_of_speech_classification,prime_discrimination,prime_discrimination,none,XVVX,,,black,spaß,noun,positive,black,,stim0;WJJW,1068.348000000231,,,,34
33,585,37,19,3,part_of_speech_classification,prime_discrimination,prime_discrimination,none,WJJW,,,black,glück,noun,positive,black,0.8804,,,,0.34,0.47,34
33,585,37,19,3,part_of_speech_classification,prime_discrimination,prime_discrimination,none,WJJW,,,black,glück,noun,positive,black,,stim0;WJJW,1027.058999999892,,,,34
33,586,38,19,3,part_of_speech_classification,prime_discrimination,prime_discrimination,none,ZYYZ,,,black,einfall,noun,positive,black,0.8804,,,,0.34,0.47,34
33,586,38,19,3,part_of_speech_classification,prime_discrimination,prime_discrimination,none,ZYYZ,,,black,einfall,noun,positive,black,,stim1;ZYYZ,801.1160000001546,,,,34
33,587,39,19,3,part_of_speech_classification,prime_discrimination,prime_discrimination,none,XVVX,,,black,gütig,adjective,positive,black,0.8804,,,,0.34,0.47,34
33,587,39,19,3,part_of_speech_classification,prime_discrimination,prime_discrimination,none,XVVX,,,black,gütig,adjective,positive,black,,stim2;XVVX,921.9347999996971,,,,34
33,588,40,19,3,part_of_speech_classification,prime_discrimination,prime_discrimination,none,ZYYZ,,,black,ehrlich,adjective,positive,black,0.8807,,,,0.34,0.47,34
33,588,40,19,3,part_of_speech_classification,prime_discrimination,prime_discrimination,none,ZYYZ,,,black,ehrlich,adjective,positive,black,,stim3;MQQM,744.5214999997988,,,,34
33,589,41,19,3,part_of_speech_classification,prime_discrimination,prime_discrimination,none,ZYYZ,,,black,schlecht,adjective,negative,black,0.9105,,,,0.34,0.47,34
33,589,41,19,3,part_of_speech_classification,prime_discrimination,prime_discrimination,none,ZYYZ,,,black,schlecht,adjective,negative,black,,stim0;WJJW,505.381800000323,,,,34
33,590,42,19,3,part_of_speech_classification,prime_discrimination,prime_discrimination,none,MQQM,,,black,schön,adjective,positive,black,0.8805,,,,0.34,0.47,34
33,590,42,19,3,part_of_speech_classification,prime_discrimination,prime_discrimination,none,MQQM,,,black,schön,adjective,positive,black,,stim0;WJJW,721.7387000001036,,,,34
33,591,43,19,3,part_of_speech_classification,prime_discrimination,prime_discrimination,none,ZYYZ,,,black,eitel,adjective,negative,black,0.8805,,,,0.34,0.47,34
33,591,43,19,3,part_of_speech_classification,prime_discrimination,prime_discrimination,none,ZYYZ,,,black,eitel,adjective,negative,black,,stim1;ZYYZ,945.6041000003461,,,,34
33,592,44,19,3,part_of_speech_classification,prime_discrimination,prime_discrimination,none,WJJW,,,black,schön,adjective,positive,black,0.8805,,,,0.34,0.47,34
33,592,44,19,3,part_of_speech_classification,prime_discrimination,prime_discrimination,none,WJJW,,,black,schön,adjective,positive,black,,stim2;XVVX,662.7503999997862,,,,34
33,593,45,19,3,part_of_speech_classification,prime_discrimination,prime_discrimination,none,MQQM,,,black,schön,adjective,positive,black,0.8804,,,,0.34,0.47,34
33,593,45,19,3,part_of_speech_classification,prime_discrimination,prime_discrimination,none,MQQM,,,black,schön,adjective,positive,black,,stim1;ZYYZ,1863.3403000002727,,,,34
33,594,46,19,3,part_of_speech_classification,prime_discrimination,prime_discrimination,none,MQQM,,,black,gütig,adjective,positive,black,0.8806,,,,0.34,0.47,34
33,594,46,19,3,part_of_speech_classification,prime_discrimination,prime_discrimination,none,MQQM,,,black,gütig,adjective,positive,black,,stim2,795.0989999999292,,,,34
33,595,47,19,3,part_of_speech_classification,prime_discrimination,prime_discrimination,none,WJJW,,,black,schlecht,adjective,negative,black,0.8805,,,,0.34,0.47,34
33,595,47,19,3,part_of_speech_classification,prime_discrimination,prime_discrimination,none,WJJW,,,black,schlecht,adjective,negative,black,,stim3;MQQM,665.8122999996413,,,,34
33,596,48,19,3,part_of_speech_classification,prime_discrimination,prime_discrimination,none,MQQM,,,black,entführung,noun,negative,black,0.8805,,,,0.34,0.47,34
33,596,48,19,3,part_of_speech_classification,prime_discrimination,prime_discrimination,none,MQQM,,,black,entführung,noun,negative,black,,stim0,509.2580999999773,,,,34
33,597,49,19,3,part_of_speech_classification,prime_discrimination,prime_discrimination,none,ZYYZ,,,black,lustig,adjective,positive,black,0.8804,,,,0.34,0.47,34
33,597,49,19,3,part_of_speech_classification,prime_discrimination,prime_discrimination,none,ZYYZ,,,black,lustig,adjective,positive,black,,stim1;ZYYZ,828.0796000000555,,,,34
33,598,50,19,3,part_of_speech_classification,prime_discrimination,prime_discrimination,none,WJJW,,,black,gift,noun,negative,black,0.8804,,,,0.34,0.47,34
33,598,50,19,3,part_of_speech_classification,prime_discrimination,prime_discrimination,none,WJJW,,,black,gift,noun,negative,black,,stim3,611.3208999999333,,,,34
33,599,51,19,3,part_of_speech_classification,prime_discrimination,prime_discrimination,none,XVVX,,,black,schlecht,adjective,negative,black,0.8804,,,,0.34,0.47,34
33,599,51,19,3,part_of_speech_classification,prime_discrimination,prime_discrimination,none,XVVX,,,black,schlecht,adjective,negative,black,,stim3,1245.1176000004634,,,,34
33,600,52,19,3,part_of_speech_classification,prime_discrimination,prime_discrimination,none,XVVX,,,black,lustig,adjective,positive,black,0.8805,,,,0.34,0.47,34
33,600,52,19,3,part_of_speech_classification,prime_discrimination,prime_discrimination,none,XVVX,,,black,lustig,adjective,positive,black,,stim2,769.8548000003211,,,,34
33,601,1,20,1,part_of_speech_classification,color_matching,matching,match_left,MQQM,noun,positive,blue,✲✲✲✲gift✲✲✲✲,noun,negative,brown,0.5528,nonmatch,2.7684,0,0.4671,0.6028,65.39199293522232
33,602,2,20,1,part_of_speech_classification,color_matching,matching,match_left,XVVX,noun,negative,brown,✲✲schlecht✲✲,adjective,negative,blue,0.4932,nonmatch,0.712,0,0.4671,0.6028,65.39199293522232
33,603,3,20,1,part_of_speech_classification,color_matching,matching,match_left,MQQM,noun,positive,blue,✲✲✲✲spaß✲✲✲✲,noun,positive,brown,0.4932,nonmatch,0.4856,0,0.4671,0.6028,65.39199293522232
33,604,4,20,1,part_of_speech_classification,color_matching,matching,match_left,XVVX,noun,negative,brown,✲✲✲lustig✲✲✲,adjective,positive,brown,0.4932,nonmatch,0.8225,1,0.4671,0.6028,65.39199293522232
33,605,5,20,1,part_of_speech_classification,color_matching,matching,match_left,ZYYZ,adjective,positive,blue,✲✲schleim✲✲✲,noun,negative,brown,0.4932,nonmatch,0.8395,0,0.4671,0.6028,65.39199293522232
33,606,6,20,1,part_of_speech_classification,color_matching,matching,match_left,MQQM,noun,positive,brown,✲✲schlecht✲✲,adjective,negative,blue,0.4932,nonmatch,0.7045,0,0.4671,0.6028,65.39199293522232
33,607,7,20,1,part_of_speech_classification,color_matching,matching,match_left,MQQM,noun,positive,blue,✲✲✲glück✲✲✲✲,noun,positive,blue,0.4932,match,0.4388,0,0.4671,0.6028,65.39199293522232
33,608,8,20,1,part_of_speech_classification,color_matching,matching,match_left,ZYYZ,adjective,positive,blue,✲✲✲✲spaß✲✲✲✲,noun,positive,blue,0.4932,match,0.4461,0,0.4671,0.6028,65.39199293522232
33,609,9,20,1,part_of_speech_classification,color_matching,matching,match_left,ZYYZ,adjective,positive,blue,✲✲schlecht✲✲,adjective,negative,brown,0.4932,nonmatch,0.5816,0,0.4671,0.6028,65.39199293522232
33,610,10,20,1,part_of_speech_classification,color_matching,matching,match_left,MQQM,noun,positive,blue,✲✲✲gierig✲✲✲,adjective,negative,blue,0.4932,nonmatch,0.8075,1,0.4671,0.6028,65.39199293522232
33,611,11,20,1,part_of_speech_classification,color_matching,matching,match_left,WJJW,adjective,negative,brown,✲✲✲eitel✲✲✲✲,adjective,negative,brown,0.4932,match,1.2549,0,0.4671,0.6028,65.39199293522232
33,612,12,20,1,part_of_speech_classification,color_matching,matching,match_left,WJJW,adjective,negative,brown,✲✲schleim✲✲✲,noun,negative,blue,0.4932,nonmatch,0.6156,0,0.4671,0.6028,65.39199293522232
33,613,13,20,1,part_of_speech_classification,color_matching,matching,match_left,MQQM,noun,positive,brown,✲✲✲gütig✲✲✲✲,adjective,positive,brown,0.4932,match,0.6003,0,0.4671,0.6028,65.39199293522232
33,614,14,20,1,part_of_speech_classification,color_matching,matching,match_left,ZYYZ,adjective,positive,blue,✲✲ehrlich✲✲✲,adjective,positive,brown,0.4932,nonmatch,0.5121,0,0.4671,0.6028,65.39199293522232
33,615,15,20,1,part_of_speech_classification,color_matching,matching,match_left,WJJW,adjective,negative,brown,✲✲✲lustig✲✲✲,adjective,positive,brown,0.4932,match,0.4963,0,0.4671,0.6028,65.39199293522232
33,616,16,20,1,part_of_speech_classification,color_matching,matching,match_left,MQQM,noun,positive,blue,✲✲ehrlich✲✲✲,adjective,positive,brown,0.4932,nonmatch,0.5042,0,0.4671,0.6028,65.39199293522232
33,617,17,20,1,part_of_speech_classification,color_matching,matching,match_left,ZYYZ,adjective,positive,brown,✲✲einfall✲✲✲,noun,positive,blue,0.4932,nonmatch,0.8389,0,0.4671,0.6028,65.39199293522232
33,618,18,20,1,part_of_speech_classification,color_matching,matching,match_left,MQQM,noun,positive,brown,✲✲schleim✲✲✲,noun,negative,brown,0.4932,nonmatch,1.0618,1,0.4671,0.6028,65.39199293522232
33,619,19,20,1,part_of_speech_classification,color_matching,matching,match_left,ZYYZ,adjective,positive,brown,✲✲launisch✲✲,adjective,negative,brown,0.4932,match,0.576,0,0.4671,0.6028,65.39199293522232
33,620,20,20,1,part_of_speech_classification,color_matching,matching,match_left,WJJW,adjective,negative,blue,✲✲launisch✲✲,adjective,negative,blue,0.4932,match,0.6309,0,0.4671,0.6028,65.39199293522232
33,621,21,20,1,part_of_speech_classification,color_matching,matching,match_left,ZYYZ,adjective,positive,brown,✲✲✲✲gift✲✲✲✲,noun,negative,blue,0.4932,nonmatch,0.5271,0,0.4671,0.6028,65.39199293522232
33,622,22,20,1,part_of_speech_classification,color_matching,matching,match_left,MQQM,noun,positive,brown,✲✲✲leiche✲✲✲,noun,negative,blue,0.4932,nonmatch,0.4722,0,0.4671,0.6028,65.39199293522232
33,623,23,20,1,part_of_speech_classification,color_matching,matching,match_left,XVVX,noun,negative,blue,✲✲✲eitel✲✲✲✲,adjective,negative,brown,0.4932,nonmatch,0.4873,0,0.4671,0.6028,65.39199293522232
33,624,24,20,1,part_of_speech_classification,color_matching,matching,match_left,XVVX,noun,negative,blue,✲✲schleim✲✲✲,noun,negative,brown,0.4932,nonmatch,0.4644,0,0.4671,0.6028,65.39199293522232
33,625,25,20,1,part_of_speech_classification,color_matching,matching,match_left,MQQM,noun,positive,brown,✲✲✲liebe✲✲✲✲,noun,positive,blue,0.4932,nonmatch,0.4474,0,0.4671,0.6028,65.39199293522232
33,626,26,20,1,part_of_speech_classification,color_matching,matching,match_left,MQQM,noun,positive,blue,✲entführung✲,noun,negative,blue,0.4932,match,0.4682,0,0.4671,0.6028,65.39199293522232
33,627,27,20,1,part_of_speech_classification,color_matching,matching,match_left,XVVX,noun,negative,blue,✲✲✲✲gift✲✲✲✲,noun,negative,blue,0.4932,match,0.4103,0,0.4671,0.6028,65.39199293522232
33,628,28,20,1,part_of_speech_classification,color_matching,matching,match_left,MQQM,noun,positive,blue,✲✲✲eitel✲✲✲✲,adjective,negative,brown,0.4932,nonmatch,0.4389,0,0.4671,0.6028,65.39199293522232
33,629,29,20,1,part_of_speech_classification,color_matching,matching,match_left,ZYYZ,adjective,positive,blue,✲✲✲gütig✲✲✲✲,adjective,positive,blue,0.4932,nonmatch,0.7473,1,0.4671,0.6028,65.39199293522232
33,630,30,20,1,part_of_speech_classification,color_matching,matching,match_left,ZYYZ,adjective,positive,brown,✲✲✲lustig✲✲✲,adjective,positive,brown,0.4932,match,0.5855,0,0.4671,0.6028,65.39199293522232
33,631,31,20,1,part_of_speech_classification,color_matching,matching,match_left,WJJW,adjective,negative,blue,✲✲einfall✲✲✲,noun,positive,brown,0.4932,nonmatch,0.4644,0,0.4671,0.6028,65.39199293522232
33,632,32,20,1,part_of_speech_classification,color_matching,matching,match_left,WJJW,adjective,negative,brown,✲✲✲gierig✲✲✲,adjective,negative,blue,0.4932,nonmatch,0.4567,0,0.4671,0.6028,65.39199293522232
33,633,33,20,1,part_of_speech_classification,color_matching,matching,match_left,WJJW,adjective,negative,blue,✲✲✲✲gift✲✲✲✲,noun,negative,blue,0.4939,match,0.5675,0,0.4671,0.6028,65.39199293522232
33,634,34,20,1,part_of_speech_classification,color_matching,matching,match_left,WJJW,adjective,negative,blue,✲✲✲liebe✲✲✲✲,noun,positive,blue,0.4969,match,0.4934,0,0.4456,0.5813,62.37822643615296
33,635,35,20,1,part_of_speech_classification,color_matching,matching,match_left,ZYYZ,adjective,positive,brown,✲entführung✲,noun,negative,brown,0.4932,nonmatch,0.5181,1,0.4264,0.5621,59.693179820877624
33,636,36,20,1,part_of_speech_classification,color_matching,matching,match_left,XVVX,noun,negative,brown,✲✲✲schön✲✲✲✲,adjective,positive,blue,0.4932,match,0.6059,1,0.4808,0.6165,67.31462402650958
33,637,37,20,1,part_of_speech_classification,color_matching,matching,match_left,XVVX,noun,negative,blue,✲✲✲gütig✲✲✲✲,adjective,positive,blue,0.4932,match,0.4827,0,0.53,0.6658,74.20602075977449
33,638,38,20,1,part_of_speech_classification,color_matching,matching,match_left,XVVX,noun,negative,brown,✲✲einfall✲✲✲,noun,positive,brown,0.4973,match,0.6879,0,0.5158,0.6515,72.2092878208597
33,638,38,20,1,part_of_speech_classification,color_matching,matching,match_left,XVVX,noun,negative,brown,✲✲einfall✲✲✲,noun,positive,brown,0.4973,nonmatch,0.8504,1,0.5158,0.6515,72.2092878208597
33,639,39,20,1,part_of_speech_classification,color_matching,matching,match_left,MQQM,noun,positive,brown,✲✲einfall✲✲✲,noun,positive,brown,0.4932,match,0.4414,0,0.5567,0.6924,77.93162728294524
33,640,40,20,1,part_of_speech_classification,color_matching,matching,match_left,ZYYZ,adjective,positive,brown,✲✲✲glück✲✲✲✲,noun,positive,brown,0.4932,match,0.7737,0,0.5442,0.6799,76.18526915212126
33,641,41,20,1,part_of_speech_classification,color_matching,matching,match_left,WJJW,adjective,negative,blue,✲✲ehrlich✲✲✲,adjective,positive,brown,0.4961,nonmatch,0.5429,0,0.5333,0.669,74.65630449522897
33,642,42,20,1,part_of_speech_classification,color_matching,matching,match_left,WJJW,adjective,negative,blue,✲✲✲schön✲✲✲✲,adjective,positive,blue,0.4932,nonmatch,0.7156,1,0.5237,0.6594,73.31997055994209
33,643,43,20,1,part_of_speech_classification,color_matching,matching,match_left,XVVX,noun,negative,blue,✲✲✲gierig✲✲✲,adjective,negative,blue,0.4932,nonmatch,0.4629,1,0.5505,0.6862,77.06503974666785
33,644,44,20,1,part_of_speech_classification,color_matching,matching,match_left,XVVX,noun,negative,brown,✲✲✲leiche✲✲✲,noun,negative,brown,0.4932,match,0.5968,0,0.5799,0.7156,81.18789638224095
33,645,45,20,1,part_of_speech_classification,color_matching,matching,match_left,ZYYZ,adjective,positive,blue,✲✲✲leiche✲✲✲,noun,negative,blue,0.4932,nonmatch,0.6404,1,0.5698,0.7055,79.77561416796304
33,646,46,20,1,part_of_speech_classification,color_matching,matching,match_left,XVVX,noun,negative,blue,✲✲ehrlich✲✲✲,adjective,positive,brown,0.4932,match,0.5891,1,0.599,0.7347,83.8611187422897
33,647,47,20,1,part_of_speech_classification,color_matching,matching,match_left,XVVX,noun,negative,brown,✲✲launisch✲✲,adjective,negative,brown,0.4932,match,0.589,0,0.631,0.7667,88.33766733145555
33,648,48,20,1,part_of_speech_classification,color_matching,matching,match_left,WJJW,adjective,negative,brown,✲✲✲glück✲✲✲✲,noun,positive,blue,0.4932,nonmatch,0.5748,0,0.6206,0.7563,86.87957207590503
33,649,49,20,1,part_of_speech_classification,color_matching,matching,match_left,XVVX,noun,negative,blue,✲✲✲liebe✲✲✲✲,noun,positive,blue,0.4932,match,0.8459,0,0.6113,0.747,85.57585488234682
33,650,50,20,1,part_of_speech_classification,color_matching,matching,match_left,WJJW,adjective,negative,brown,✲✲✲gütig✲✲✲✲,adjective,positive,blue,0.4932,nonmatch,0.5361,0,0.603,0.7387,84.42240924171554
33,651,51,20,1,part_of_speech_classification,color_matching,matching,match_left,WJJW,adjective,negative,blue,✲✲✲leiche✲✲✲,noun,negative,brown,0.4932,nonmatch,0.8178,0,0.5956,0.7314,83.38963278112305
33,652,52,20,1,part_of_speech_classification,color_matching,matching,match_left,WJJW,adjective,negative,blue,✲✲schlecht✲✲,adjective,negative,brown,0.4932,match,0.7566,1,0.589,0.7248,82.46511313196937
33,653,53,20,1,part_of_speech_classification,color_matching,matching,match_left,XVVX,noun,negative,blue,✲✲✲✲spaß✲✲✲✲,noun,positive,brown,0.4932,nonmatch,0.8042,0,0.6079,0.7436,85.10791826767742
33,654,54,20,1,part_of_speech_classification,color_matching,matching,match_left,MQQM,noun,positive,blue,✲✲✲schön✲✲✲✲,adjective,positive,blue,0.4932,match,0.6898,0,0.6013,0.737,84.1808214497531
33,655,55,20,1,part_of_speech_classification,color_matching,matching,match_left,ZYYZ,adjective,positive,brown,✲✲✲schön✲✲✲✲,adjective,positive,blue,0.4932,nonmatch,0.6992,0,0.5953,0.731,83.34583807448962
33,656,56,20,1,part_of_speech_classification,color_matching,matching,match_left,ZYYZ,adjective,positive,blue,✲✲✲liebe✲✲✲✲,noun,positive,brown,0.4932,nonmatch,0.6069,0,0.5899,0.7256,82.59016829641953
33,657,57,20,1,part_of_speech_classification,color_matching,matching,match_left,MQQM,noun,positive,brown,✲✲✲lustig✲✲✲,adjective,positive,blue,0.4932,nonmatch,0.6561,0,0.585,0.7207,81.90135485301985
33,658,58,20,1,part_of_speech_classification,color_matching,matching,match_left,ZYYZ,adjective,positive,blue,✲✲✲eitel✲✲✲✲,adjective,negative,blue,0.4932,match,0.6612,0,0.5805,0.7162,81.2659621099142
33,659,59,20,1,part_of_speech_classification,color_matching,matching,match_left,XVVX,noun,negative,brown,✲✲✲glück✲✲✲✲,noun,positive,blue,0.4932,nonmatch,0.7113,0,0.5763,0.712,80.68079047177602
33,660,60,20,1,part_of_speech_classification,color_matching,matching,match_left,MQQM,noun,positive,brown,✲✲launisch✲✲,adjective,negative,brown,0.4932,match,0.7428,0,0.5725,0.7082,80.14923204214155
33,661,61,20,1,part_of_speech_classification,color_matching,matching,match_left,WJJW,adjective,negative,brown,✲✲✲✲spaß✲✲✲✲,noun,positive,brown,0.4932,match,0.4531,0,0.5689,0.7046,79.64801054477468
33,662,62,20,1,part_of_speech_classification,color_matching,matching,match_left,XVVX,noun,negative,brown,✲entführung✲,noun,negative,blue,0.4932,nonmatch,0.6469,0,0.5656,0.7013,79.17949205177645
33,663,63,20,1,part_of_speech_classification,color_matching,matching,match_left,WJJW,adjective,negative,brown,✲entführung✲,noun,negative,brown,0.4932,match,0.6397,0,0.5625,0.6982,78.74398901717672
33,664,64,20,1,part_of_speech_classification,color_matching,matching,match_left,ZYYZ,adjective,positive,brown,✲✲✲gierig✲✲✲,adjective,negative,blue,0.4932,nonmatch,0.7222,0,0.5595,0.6952,78.32623447591604
33,665,1,21,2,part_of_speech_classification,color_matching,matching,match_left,MQQM,noun,positive,brown,✲✲ehrlich✲✲✲,adjective,positive,brown,0.5611,match,0.674,0,0.5567,0.6924,77.94127513877571
33,666,2,21,2,part_of_speech_classification,color_matching,matching,match_left,XVVX,noun,negative,blue,✲✲schlecht✲✲,adjective,negative,blue,0.4932,match,0.7323,0,0.5541,0.6898,77.56734058623604
33,667,3,21,2,part_of_speech_classification,color_matching,matching,match_left,ZYYZ,adjective,positive,blue,✲✲schleim✲✲✲,noun,negative,brown,0.4932,nonmatch,0.4503,0,0.5516,0.6873,77.2196613769768
33,668,4,21,2,part_of_speech_classification,color_matching,matching,match_left,WJJW,adjective,negative,brown,✲✲✲liebe✲✲✲✲,noun,positive,blue,0.4932,nonmatch,0.6067,0,0.5492,0.6849,76.88376820469615
33,669,5,21,2,part_of_speech_classification,color_matching,matching,match_left,MQQM,noun,positive,blue,✲✲einfall✲✲✲,noun,positive,blue,0.4932,match,0.6325,0,0.5469,0.6826,76.56268317969224
33,670,6,21,2,part_of_speech_classification,color_matching,matching,match_left,ZYYZ,adjective,positive,blue,✲✲✲schön✲✲✲✲,adjective,positive,blue,0.4932,match,0.6058,0,0.5447,0.6804,76.2594508282951
33,671,7,21,2,part_of_speech_classification,color_matching,matching,match_left,WJJW,adjective,negative,brown,✲✲✲lustig✲✲✲,adjective,positive,blue,0.4932,nonmatch,0.5756,0,0.5426,0.6783,75.95863899393211
33,672,8,21,2,part_of_speech_classification,color_matching,matching,match_left,ZYYZ,adjective,positive,brown,✲✲launisch✲✲,adjective,negative,blue,0.4932,nonmatch,0.654,0,0.5406,0.6763,75.68154524023296
33,673,9,21,2,part_of_speech_classification,color_matching,matching,match_left,XVVX,noun,negative,blue,✲✲✲schön✲✲✲✲,adjective,positive,brown,0.4932,nonmatch,0.6642,0,0.5386,0.6743,75.4083902924558
33,674,10,21,2,part_of_speech_classification,color_matching,matching,match_left,XVVX,noun,negative,blue,✲✲✲glück✲✲✲✲,noun,positive,blue,0.4932,match,0.4896,0,0.5367,0.6724,75.13989670358292
33,675,11,21,2,part_of_speech_classification,color_matching,matching,match_left,MQQM,noun,positive,brown,✲✲✲leiche✲✲✲,noun,negative,brown,0.4932,match,0.7367,0,0.5349,0.6706,74.89064848322428
33,676,12,21,2,part_of_speech_classification,color_matching,matching,match_left,XVVX,noun,negative,brown,✲✲✲gierig✲✲✲,adjective,negative,blue,0.4932,nonmatch,0.5825,0,0.5332,0.6689,74.6429459905998
33,677,13,21,2,part_of_speech_classification,color_matching,matching,match_left,ZYYZ,adjective,positive,blue,✲✲✲eitel✲✲✲✲,adjective,negative,brown,0.4932,nonmatch,0.586,0,0.5314,0.6671,74.39854022705644
33,678,14,21,2,part_of_speech_classification,color_matching,matching,match_left,MQQM,noun,positive,brown,✲✲schlecht✲✲,adjective,negative,blue,0.4932,nonmatch,0.6279,0,0.5298,0.6655,74.17151301189577
33,679,15,21,2,part_of_speech_classification,color_matching,matching,match_left,XVVX,noun,negative,brown,✲✲✲✲spaß✲✲✲✲,noun,positive,blue,0.4932,nonmatch,0.6111,0,0.5282,0.6639,73.94572332304585
33,680,16,21,2,part_of_speech_classification,color_matching,matching,match_left,XVVX,noun,negative,blue,✲✲✲leiche✲✲✲,noun,negative,brown,0.4932,nonmatch,0.654,0,0.5266,0.6623,73.71951701547698
33,681,17,21,2,part_of_speech_classification,color_matching,matching,match_left,WJJW,adjective,negative,blue,✲entführung✲,noun,negative,brown,0.496,nonmatch,0.8238,0,0.5251,0.6608,73.50931545485926
33,682,18,21,2,part_of_speech_classification,color_matching,matching,match_left,XVVX,noun,negative,brown,✲✲launisch✲✲,adjective,negative,brown,0.4932,match,0.5111,0,0.5236,0.6593,73.30220987419361
33,683,19,21,2,part_of_speech_classification,color_matching,matching,match_left,ZYYZ,adjective,positive,brown,✲✲✲✲gift✲✲✲✲,noun,negative,brown,0.4932,match,0.6427,0,0.5221,0.6578,73.09535752550187
33,684,20,21,2,part_of_speech_classification,color_matching,matching,match_left,MQQM,noun,positive,brown,✲✲✲glück✲✲✲✲,noun,positive,blue,0.4932,nonmatch,0.654,0,0.5207,0.6564,72.89235610123164
33,685,21,21,2,part_of_speech_classification,color_matching,matching,match_left,WJJW,adjective,negative,blue,✲✲✲leiche✲✲✲,noun,negative,blue,0.4959,match,0.5538,0,0.5193,0.655,72.7006244392077
33,686,22,21,2,part_of_speech_classification,color_matching,matching,match_left,WJJW,adjective,negative,brown,✲✲✲gierig✲✲✲,adjective,negative,brown,0.4932,match,0.6945,0,0.5179,0.6536,72.50918029695518
33,687,23,21,2,part_of_speech_classification,color_matching,matching,match_left,WJJW,adjective,negative,blue,✲✲einfall✲✲✲,noun,positive,blue,0.4932,match,0.6743,0,0.5165,0.6523,72.31689254815804
33,688,24,21,2,part_of_speech_classification,color_matching,matching,match_left,ZYYZ,adjective,positive,blue,✲✲einfall✲✲✲,noun,positive,brown,0.4932,nonmatch,0.5413,0,0.5152,0.6509,72.13156830983175
33,689,25,21,2,part_of_speech_classification,color_matching,matching,match_left,XVVX,noun,negative,blue,✲✲✲✲gift✲✲✲✲,noun,negative,blue,0.4932,match,0.5974,0,0.514,0.6497,71.95322293696871
33,690,26,21,2,part_of_speech_classification,color_matching,matching,match_left,ZYYZ,adjective,positive,brown,✲✲✲lustig✲✲✲,adjective,positive,brown,0.4932,match,0.5832,0,0.5127,0.6484,71.7745671838036
33,691,27,21,2,part_of_speech_classification,color_matching,matching,match_left,ZYYZ,adjective,positive,blue,✲entführung✲,noun,negative,blue,0.4932,nonmatch,0.6243,1,0.5114,0.6471,71.59459212293515
33,692,28,21,2,part_of_speech_classification,color_matching,matching,match_left,WJJW,adjective,negative,brown,✲✲schleim✲✲✲,noun,negative,blue,0.4932,nonmatch,0.674,0,0.5151,0.6508,72.11070845876729
33,693,29,21,2,part_of_speech_classification,color_matching,matching,match_left,XVVX,noun,negative,blue,✲✲✲liebe✲✲✲✲,noun,positive,brown,0.4943,nonmatch,0.586,0,0.5139,0.6496,71.94188317485532
33,694,30,21,2,part_of_speech_classification,color_matching,matching,match_left,MQQM,noun,positive,blue,✲✲✲schön✲✲✲✲,adjective,positive,blue,0.4932,match,0.5716,0,0.5127,0.6484,71.77279410915729
33,695,31,21,2,part_of_speech_classification,color_matching,matching,match_left,MQQM,noun,positive,blue,✲✲✲gierig✲✲✲,adjective,negative,brown,0.4932,match,0.7169,1,0.5114,0.6472,71.60262175008579
33,696,32,21,2,part_of_speech_classification,color_matching,matching,match_left,ZYYZ,adjective,positive,brown,✲✲✲gütig✲✲✲✲,adjective,positive,blue,0.4932,nonmatch,0.6062,0,0.5149,0.6506,72.08983050030521
33,857,1,24,5,part_of_speech_classification,color_matching,matching,match_left,MQQM,noun,positive,blue,✲✲✲glück✲✲✲✲,noun,positive,brown,0.494,nonmatch,3.6483,0,0.5149,0.6506,72.08983050030521
33,858,2,24,5,part_of_speech_classification,color_matching,matching,match_left,ZYYZ,adjective,positive,blue,✲✲✲glück✲✲✲✲,noun,positive,blue,0.4932,match,0.4863,0,0.5138,0.6495,71.92944949390152
33,859,3,24,5,part_of_speech_classification,color_matching,matching,match_left,ZYYZ,adjective,positive,brown,✲✲launisch✲✲,adjective,negative,brown,0.4932,match,0.848,0,0.5126,0.6483,71.76880467154953
33,860,4,24,5,part_of_speech_classification,color_matching,matching,match_left,XVVX,noun,negative,brown,✲entführung✲,noun,negative,brown,0.4932,match,0.5347,0,0.5115,0.6472,71.60722252828117
33,861,5,24,5,part_of_speech_classification,color_matching,matching,match_left,XVVX,noun,negative,brown,✲✲✲gütig✲✲✲✲,adjective,positive,brown,0.4932,match,0.5324,0,0.5104,0.6461,71.4497673719694
33,862,6,24,5,part_of_speech_classification,color_matching,matching,match_left,WJJW,adjective,negative,blue,✲✲✲glück✲✲✲✲,noun,positive,brown,0.4932,nonmatch,0.6325,0,0.5093,0.645,71.30018713780042
33,863,7,24,5,part_of_speech_classification,color_matching,matching,match_left,WJJW,adjective,negative,brown,✲✲ehrlich✲✲✲,adjective,positive,blue,0.4932,nonmatch,0.5396,0,0.5082,0.6439,71.15078774489788
33,864,8,24,5,part_of_speech_classification,color_matching,matching,match_left,ZYYZ,adjective,positive,brown,✲✲✲schön✲✲✲✲,adjective,positive,brown,0.4932,match,0.5289,0,0.5072,0.6429,71.00107483477886
33,865,9,24,5,part_of_speech_classification,color_matching,matching,match_left,XVVX,noun,negative,blue,✲✲ehrlich✲✲✲,adjective,positive,brown,0.4932,nonmatch,0.5825,0,0.5061,0.6418,70.84891572321789
33,866,10,24,5,part_of_speech_classification,color_matching,matching,match_left,MQQM,noun,positive,brown,✲✲schlecht✲✲,adjective,negative,blue,0.4961,nonmatch,0.6716,0,0.505,0.6407,70.70430069287893
33,867,11,24,5,part_of_speech_classification,color_matching,matching,match_left,WJJW,adjective,negative,blue,✲✲✲schön✲✲✲✲,adjective,positive,brown,0.4932,match,0.5151,1,0.504,0.6397,70.56354198788884
33,868,12,24,5,part_of_speech_classification,color_matching,matching,match_left,XVVX,noun,negative,brown,✲✲✲schön✲✲✲✲,adjective,positive,blue,0.4932,match,0.5968,1,0.5071,0.6429,71.0004269325631
33,869,13,24,5,part_of_speech_classification,color_matching,matching,match_left,WJJW,adjective,negative,blue,✲✲✲✲spaß✲✲✲✲,noun,positive,blue,0.4932,match,0.5407,0,0.5101,0.6458,71.4080477579262
33,870,14,24,5,part_of_speech_classification,color_matching,matching,match_left,WJJW,adjective,negative,blue,✲✲✲leiche✲✲✲,noun,negative,blue,0.4932,match,0.6261,0,0.5091,0.6448,71.27109825262771
33,871,15,24,5,part_of_speech_classification,color_matching,matching,match_left,MQQM,noun,positive,brown,✲✲✲lustig✲✲✲,adjective,positive,blue,0.4932,nonmatch,0.6802,0,0.5081,0.6438,71.13423770905023
33,872,16,24,5,part_of_speech_classification,color_matching,matching,match_left,XVVX,noun,negative,blue,✲✲schleim✲✲✲,noun,negative,brown,0.4932,nonmatch,0.6349,0,0.5071,0.6428,70.99714030658234
33,873,17,24,5,part_of_speech_classification,color_matching,matching,match_left,ZYYZ,adjective,positive,blue,✲✲✲gütig✲✲✲✲,adjective,positive,blue,0.4932,match,0.4818,0,0.5061,0.6418,70.85794106825954
33,874,18,24,5,part_of_speech_classification,color_matching,matching,match_left,XVVX,noun,negative,brown,✲✲✲leiche✲✲✲,noun,negative,blue,0.4932,nonmatch,0.5904,0,0.5052,0.6409,70.72502965107533
33,875,19,24,5,part_of_speech_classification,color_matching,matching,match_left,ZYYZ,adjective,positive,blue,✲✲schlecht✲✲,adjective,negative,blue,0.4932,match,0.5539,0,0.5043,0.64,70.59710681061243
33,876,20,24,5,part_of_speech_classification,color_matching,matching,match_left,MQQM,noun,positive,blue,✲✲✲leiche✲✲✲,noun,negative,brown,0.4932,nonmatch,0.5467,0,0.5034,0.6391,70.46932026124631
33,877,21,24,5,part_of_speech_classification,color_matching,matching,match_left,ZYYZ,adjective,positive,blue,✲✲einfall✲✲✲,noun,positive,brown,0.4932,nonmatch,0.5692,0,0.5024,0.6381,70.34079702443762
33,878,22,24,5,part_of_speech_classification,color_matching,matching,match_left,XVVX,noun,negative,brown,✲✲einfall✲✲✲,noun,positive,brown,0.4932,match,0.626,0,0.5015,0.6372,70.21119657172598
33,879,23,24,5,part_of_speech_classification,color_matching,matching,match_left,ZYYZ,adjective,positive,brown,✲✲✲✲gift✲✲✲✲,noun,negative,brown,0.4932,match,0.4859,0,0.5006,0.6363,70.08128089430147
33,880,24,24,5,part_of_speech_classification,color_matching,matching,match_left,MQQM,noun,positive,brown,✲✲✲liebe✲✲✲✲,noun,positive,blue,0.4932,nonmatch,0.6183,0,0.4997,0.6354,69.96028112799321
33,881,25,24,5,part_of_speech_classification,color_matching,matching,match_left,WJJW,adjective,negative,brown,✲✲launisch✲✲,adjective,negative,brown,0.4932,match,0.6074,0,0.4989,0.6346,69.83965676496298
33,882,26,24,5,part_of_speech_classification,color_matching,matching,match_left,MQQM,noun,positive,blue,✲✲ehrlich✲✲✲,adjective,positive,blue,0.4932,match,0.6039,0,0.498,0.6337,69.71861466174701
33,883,27,24,5,part_of_speech_classification,color_matching,matching,match_left,ZYYZ,adjective,positive,blue,✲✲✲eitel✲✲✲✲,adjective,negative,brown,0.4932,nonmatch,0.5519,0,0.4971,0.6328,69.59690924348567
33,884,28,24,5,part_of_speech_classification,color_matching,matching,match_left,ZYYZ,adjective,positive,brown,✲✲✲✲spaß✲✲✲✲,noun,positive,blue,0.4932,nonmatch,0.5396,0,0.4962,0.632,69.47300091164387
33,885,29,24,5,part_of_speech_classification,color_matching,matching,match_left,XVVX,noun,negative,blue,✲✲✲✲gift✲✲✲✲,noun,negative,blue,0.4932,match,0.4898,0,0.4954,0.6311,69.35173495153347
33,886,30,24,5,part_of_speech_classification,color_matching,matching,match_left,ZYYZ,adjective,positive,blue,✲✲✲leiche✲✲✲,noun,negative,blue,0.4932,match,0.6715,0,0.4945,0.6303,69.23608893767364
33,887,31,24,5,part_of_speech_classification,color_matching,matching,match_left,XVVX,noun,negative,blue,✲✲✲✲spaß✲✲✲✲,noun,positive,blue,0.4932,match,0.4118,0,0.4937,0.6294,69.12043559652474
33,888,32,24,5,part_of_speech_classification,color_matching,matching,match_left,XVVX,noun,negative,brown,✲✲✲liebe✲✲✲✲,noun,positive,blue,0.4932,nonmatch,0.4561,0,0.4929,0.6286,69.00403475704448
33,889,33,24,5,part_of_speech_classification,color_matching,matching,match_left,MQQM,noun,positive,brown,✲✲✲✲gift✲✲✲✲,noun,negative,brown,0.4932,nonmatch,0.8682,1,0.492,0.6278,68.88663052964685
33,890,34,24,5,part_of_speech_classification,color_matching,matching,match_left,ZYYZ,adjective,positive,brown,✲✲schleim✲✲✲,noun,negative,blue,0.4932,nonmatch,0.5689,0,0.4944,0.6302,69.22226419354308
33,891,35,24,5,part_of_speech_classification,color_matching,matching,match_left,WJJW,adjective,negative,brown,✲✲✲gütig✲✲✲✲,adjective,positive,brown,0.4932,match,0.5468,0,0.4936,0.6294,69.11085876996526
33,892,36,24,5,part_of_speech_classification,color_matching,matching,match_left,WJJW,adjective,negative,brown,✲✲✲eitel✲✲✲✲,adjective,negative,blue,0.4932,nonmatch,0.4889,0,0.4928,0.6286,68.99874475375077
33,893,37,24,5,part_of_speech_classification,color_matching,matching,match_left,MQQM,noun,positive,brown,✲✲einfall✲✲✲,noun,positive,brown,0.4932,match,0.6633,0,0.492,0.6278,68.88571922870632
33,894,38,24,5,part_of_speech_classification,color_matching,matching,match_left,MQQM,noun,positive,blue,✲✲✲gierig✲✲✲,adjective,negative,brown,0.4932,nonmatch,0.6575,0,0.4912,0.6269,68.77042780471662
33,895,39,24,5,part_of_speech_classification,color_matching,matching,match_left,WJJW,adjective,negative,brown,✲✲✲✲gift✲✲✲✲,noun,negative,blue,0.4962,nonmatch,0.5627,0,0.4904,0.6261,68.65809086860696
33,896,40,24,5,part_of_speech_classification,color_matching,matching,match_left,WJJW,adjective,negative,brown,✲✲einfall✲✲✲,noun,positive,brown,0.4932,match,0.6878,0,0.4896,0.6254,68.55028575825868
33,897,41,24,5,part_of_speech_classification,color_matching,matching,match_left,MQQM,noun,positive,blue,✲✲✲schön✲✲✲✲,adjective,positive,brown,0.4932,nonmatch,0.4895,0,0.4889,0.6246,68.44239404513492
33,898,42,24,5,part_of_speech_classification,color_matching,matching,match_left,MQQM,noun,positive,blue,✲✲✲✲spaß✲✲✲✲,noun,positive,blue,0.4932,match,0.5634,0,0.4881,0.6238,68.3337644296189
33,899,43,24,5,part_of_speech_classification,color_matching,matching,match_left,ZYYZ,adjective,positive,blue,✲entführung✲,noun,negative,brown,0.4932,nonmatch,0.5218,0,0.4873,0.623,68.22420820249721
33,900,44,24,5,part_of_speech_classification,color_matching,matching,match_left,ZYYZ,adjective,positive,brown,✲✲✲gierig✲✲✲,adjective,negative,blue,0.4932,match,0.4769,1,0.4865,0.6222,68.11242559586036
33,900,44,24,5,part_of_speech_classification,color_matching,matching,match_left,ZYYZ,adjective,positive,brown,✲✲✲gierig✲✲✲,adjective,negative,blue,0.4932,nonmatch,0.7657,0,0.4865,0.6222,68.11242559586036
33,901,45,24,5,part_of_speech_classification,color_matching,matching,match_left,ZYYZ,adjective,positive,blue,✲✲ehrlich✲✲✲,adjective,positive,brown,0.4933,nonmatch,0.6183,0,0.4857,0.6214,68.00066697051432
33,902,46,24,5,part_of_speech_classification,color_matching,matching,match_left,WJJW,adjective,negative,blue,✲✲schleim✲✲✲,noun,negative,brown,0.4932,nonmatch,0.4474,0,0.485,0.6207,67.89463243440777
33,903,47,24,5,part_of_speech_classification,color_matching,matching,match_left,WJJW,adjective,negative,blue,✲✲✲lustig✲✲✲,adjective,positive,blue,0.4962,match,0.511,0,0.4842,0.6199,67.78851326754113
33,904,48,24,5,part_of_speech_classification,color_matching,matching,match_left,WJJW,adjective,negative,blue,✲✲schlecht✲✲,adjective,negative,blue,0.4932,match,0.6312,0,0.4834,0.6192,67.6816742153411
33,905,49,24,5,part_of_speech_classification,color_matching,matching,match_left,WJJW,adjective,negative,brown,✲entführung✲,noun,negative,brown,0.4932,match,0.6404,0,0.4827,0.6184,67.57393530226285
33,906,50,24,5,part_of_speech_classification,color_matching,matching,match_left,MQQM,noun,positive,brown,✲✲✲gütig✲✲✲✲,adjective,positive,brown,0.4932,match,0.6727,0,0.4819,0.6176,67.46401938406929
33,907,51,24,5,part_of_speech_classification,color_matching,matching,match_left,ZYYZ,adjective,positive,brown,✲✲✲lustig✲✲✲,adjective,positive,blue,0.4933,nonmatch,0.4831,0,0.4811,0.6168,67.35162020501149
33,908,52,24,5,part_of_speech_classification,color_matching,matching,match_left,XVVX,noun,negative,blue,✲✲✲gierig✲✲✲,adjective,negative,brown,0.4932,nonmatch,0.4747,0,0.4803,0.616,67.24574557253197
33,909,53,24,5,part_of_speech_classification,color_matching,matching,match_left,XVVX,noun,negative,blue,✲✲✲lustig✲✲✲,adjective,positive,blue,0.4932,match,0.5473,0,0.4796,0.6153,67.13981004781625
33,910,54,24,5,part_of_speech_classification,color_matching,matching,match_left,MQQM,noun,positive,brown,✲✲launisch✲✲,adjective,negative,brown,0.4932,match,0.5849,0,0.4788,0.6145,67.03317982259598
33,911,55,24,5,part_of_speech_classification,color_matching,matching,match_left,XVVX,noun,negative,blue,✲✲launisch✲✲,adjective,negative,blue,0.4932,match,0.4482,0,0.478,0.6138,66.92520986242904
33,912,56,24,5,part_of_speech_classification,color_matching,matching,match_left,XVVX,noun,negative,brown,✲✲schlecht✲✲,adjective,negative,blue,0.4932,nonmatch,0.4632,0,0.4773,0.613,66.81562889368395
33,913,57,24,5,part_of_speech_classification,color_matching,matching,match_left,MQQM,noun,positive,blue,✲entführung✲,noun,negative,blue,0.4932,nonmatch,0.6496,1,0.4765,0.6122,66.70320472698268
33,914,58,24,5,part_of_speech_classification,color_matching,matching,match_left,WJJW,adjective,negative,brown,✲✲✲liebe✲✲✲✲,noun,positive,blue,0.4932,nonmatch,0.5204,0,0.4788,0.6145,67.02807829873478
33,915,59,24,5,part_of_speech_classification,color_matching,matching,match_left,WJJW,adjective,negative,blue,✲✲✲gierig✲✲✲,adjective,negative,brown,0.4932,nonmatch,0.5619,0,0.478,0.6137,66.92384492119258
33,916,60,24,5,part_of_speech_classification,color_matching,matching,match_left,MQQM,noun,positive,blue,✲✲✲eitel✲✲✲✲,adjective,negative,blue,0.4932,match,0.5825,0,0.4773,0.613,66.81814340960631
33,917,61,24,5,part_of_speech_classification,color_matching,matching,match_left,XVVX,noun,negative,blue,✲✲✲glück✲✲✲✲,noun,positive,brown,0.4932,nonmatch,0.5113,0,0.4765,0.6122,66.70980083101257
33,918,62,24,5,part_of_speech_classification,color_matching,matching,match_left,XVVX,noun,negative,brown,✲✲✲eitel✲✲✲✲,adjective,negative,brown,0.4932,match,0.5825,0,0.4758,0.6115,66.60547282391468
33,919,63,24,5,part_of_speech_classification,color_matching,matching,match_left,MQQM,noun,positive,brown,✲✲schleim✲✲✲,noun,negative,blue,0.4932,nonmatch,0.5324,0,0.475,0.6107,66.50279880932214
33,920,64,24,5,part_of_speech_classification,color_matching,matching,match_left,ZYYZ,adjective,positive,brown,✲✲✲liebe✲✲✲✲,noun,positive,brown,0.4932,match,0.5356,0,0.4743,0.61,66.39963616590816
33,921,1,25,6,part_of_speech_classification,color_matching,matching,match_left,ZYYZ,adjective,positive,brown,✲✲ehrlich✲✲✲,adjective,positive,blue,0.4932,match,0.7965,1,0.4735,0.6093,66.29538542932164
33,922,2,25,6,part_of_speech_classification,color_matching,matching,match_left,MQQM,noun,positive,blue,✲✲✲gierig✲✲✲,adjective,negative,brown,0.4932,nonmatch,0.5038,0,0.4756,0.6114,66.59088261158752
33,923,3,25,6,part_of_speech_classification,color_matching,matching,match_left,MQQM,noun,positive,brown,✲✲launisch✲✲,adjective,negative,brown,0.4932,match,0.5467,0,0.4749,0.6107,66.49169246459782
33,924,4,25,6,part_of_speech_classification,color_matching,matching,match_left,XVVX,noun,negative,blue,✲✲✲✲gift✲✲✲✲,noun,negative,blue,0.4932,match,0.6501,0,0.4742,0.6099,66.3920354232185
33,925,5,25,6,part_of_speech_classification,color_matching,matching,match_left,WJJW,adjective,negative,blue,✲✲✲gierig✲✲✲,adjective,negative,brown,0.4932,nonmatch,0.4493,0,0.4735,0.6092,66.29135243135457
33,926,6,25,6,part_of_speech_classification,color_matching,matching,match_left,MQQM,noun,positive,blue,✲✲✲leiche✲✲✲,noun,negative,blue,0.4932,match,0.5842,0,0.4728,0.6085,66.1894853266124
33,927,7,25,6,part_of_speech_classification,color_matching,matching,match_left,WJJW,adjective,negative,blue,✲✲✲schön✲✲✲✲,adjective,positive,brown,0.4932,nonmatch,0.5334,0,0.472,0.6078,66.08530185609652
33,928,8,25,6,part_of_speech_classification,color_matching,matching,match_left,XVVX,noun,negative,blue,✲✲einfall✲✲✲,noun,positive,brown,0.4932,nonmatch,0.6568,0,0.4713,0.607,65.98160907503676
33,929,9,25,6,part_of_speech_classification,color_matching,matching,match_left,WJJW,adjective,negative,brown,✲✲✲gütig✲✲✲✲,adjective,positive,brown,0.4932,match,0.5697,0,0.4706,0.6063,65.88201258492693
33,930,10,25,6,part_of_speech_classification,color_matching,matching,match_left,MQQM,noun,positive,brown,✲✲✲liebe✲✲✲✲,noun,positive,brown,0.4932,nonmatch,0.6588,1,0.4699,0.6056,65.78223135802678
33,931,11,25,6,part_of_speech_classification,color_matching,matching,match_left,ZYYZ,adjective,positive,blue,✲✲✲✲gift✲✲✲✲,noun,negative,blue,0.4932,match,0.6372,0,0.4721,0.6078,66.08871105823486
33,932,12,25,6,part_of_speech_classification,color_matching,matching,match_left,WJJW,adjective,negative,brown,✲✲✲glück✲✲✲✲,noun,positive,brown,0.4932,match,0.561,0,0.4713,0.6071,65.98807505611826
33,933,13,25,6,part_of_speech_classification,color_matching,matching,match_left,MQQM,noun,positive,blue,✲✲✲✲spaß✲✲✲✲,noun,positive,brown,0.4932,nonmatch,0.4539,0,0.4707,0.6064,65.89194383863035
33,934,14,25,6,part_of_speech_classification,color_matching,matching,match_left,ZYYZ,adjective,positive,blue,✲✲launisch✲✲,adjective,negative,blue,0.4961,match,0.4614,0,0.47,0.6057,65.79574812637732
33,935,15,25,6,part_of_speech_classification,color_matching,matching,match_left,WJJW,adjective,negative,brown,✲✲✲eitel✲✲✲✲,adjective,negative,blue,0.4932,match,0.7326,1,0.4693,0.605,65.6989717305696
33,936,16,25,6,part_of_speech_classification,color_matching,matching,match_left,XVVX,noun,negative,blue,✲✲✲leiche✲✲✲,noun,negative,brown,0.4932,nonmatch,0.5044,0,0.4714,0.6071,65.99342957006368
33,937,17,25,6,part_of_speech_classification,color_matching,matching,match_left,WJJW,adjective,negative,brown,✲✲✲leiche✲✲✲,noun,negative,brown,0.4932,match,0.4853,0,0.4707,0.6064,65.90050194951698
33,938,18,25,6,part_of_speech_classification,color_matching,matching,match_left,WJJW,adjective,negative,brown,✲✲✲✲spaß✲✲✲✲,noun,positive,blue,0.4932,nonmatch,0.6483,0,0.4701,0.6058,65.80760880243366
33,939,19,25,6,part_of_speech_classification,color_matching,matching,match_left,WJJW,adjective,negative,blue,✲entführung✲,noun,negative,blue,0.4932,match,0.5563,0,0.4694,0.6051,65.71426848344281
33,940,20,25,6,part_of_speech_classification,color_matching,matching,match_left,XVVX,noun,negative,brown,✲✲launisch✲✲,adjective,negative,brown,0.4932,nonmatch,0.4761,1,0.4687,0.6044,65.61999370136455
33,941,21,25,6,part_of_speech_classification,color_matching,matching,match_left,XVVX,noun,negative,brown,✲✲✲glück✲✲✲✲,noun,positive,blue,0.4932,match,0.556,1,0.4706,0.6063,65.88675132364479
33,942,22,25,6,part_of_speech_classification,color_matching,matching,match_left,MQQM,noun,positive,blue,✲✲einfall✲✲✲,noun,positive,blue,0.4932,match,0.4566,0,0.4726,0.6083,66.16535605065584
33,943,23,25,6,part_of_speech_classification,color_matching,matching,match_left,ZYYZ,adjective,positive,blue,✲✲✲schön✲✲✲✲,adjective,positive,blue,0.4932,match,0.5842,0,0.4719,0.6077,66.07249287040236
33,944,24,25,6,part_of_speech_classification,color_matching,matching,match_left,WJJW,adjective,negative,brown,✲✲schleim✲✲✲,noun,negative,blue,0.4932,nonmatch,0.4103,0,0.4713,0.607,65.98116243448638
33,945,25,25,6,part_of_speech_classification,color_matching,matching,match_left,WJJW,adjective,negative,blue,✲✲✲liebe✲✲✲✲,noun,positive,blue,0.4932,nonmatch,0.6316,1,0.4707,0.6064,65.89386098115907
33,946,26,25,6,part_of_speech_classification,color_matching,matching,match_left,MQQM,noun,positive,brown,✲✲schlecht✲✲,adjective,negative,blue,0.4932,nonmatch,0.4824,0,0.4726,0.6083,66.1639861571947
33,947,27,25,6,part_of_speech_classification,color_matching,matching,match_left,ZYYZ,adjective,positive,blue,✲✲✲liebe✲✲✲✲,noun,positive,brown,0.4932,nonmatch,0.5824,0,0.472,0.6077,66.07367413842445
33,948,28,25,6,part_of_speech_classification,color_matching,matching,match_left,WJJW,adjective,negative,blue,✲✲✲✲gift✲✲✲✲,noun,negative,brown,0.4933,nonmatch,0.6061,0,0.4713,0.607,65.984745085236
33,949,29,25,6,part_of_speech_classification,color_matching,matching,match_left,WJJW,adjective,negative,blue,✲✲einfall✲✲✲,noun,positive,brown,0.4932,nonmatch,0.4331,0,0.4707,0.6064,65.9000598753565
33,950,30,25,6,part_of_speech_classification,color_matching,matching,match_left,WJJW,adjective,negative,brown,✲✲launisch✲✲,adjective,negative,brown,0.4932,match,0.4752,0,0.4701,0.6058,65.8155192187854
33,951,31,25,6,part_of_speech_classification,color_matching,matching,match_left,ZYYZ,adjective,positive,brown,✲✲einfall✲✲✲,noun,positive,brown,0.4932,match,0.446,0,0.4695,0.6052,65.7307227420426
33,952,32,25,6,part_of_speech_classification,color_matching,matching,match_left,ZYYZ,adjective,positive,brown,✲✲✲leiche✲✲✲,noun,negative,brown,0.4932,match,0.579,0,0.4689,0.6046,65.64526731956668
33,953,33,25,6,part_of_speech_classification,color_matching,matching,match_left,ZYYZ,adjective,positive,brown,✲✲✲gütig✲✲✲✲,adjective,positive,brown,0.4932,match,0.4824,0,0.4683,0.604,65.55915450919673
33,954,34,25,6,part_of_speech_classification,color_matching,matching,match_left,WJJW,adjective,negative,brown,✲✲ehrlich✲✲✲,adjective,positive,blue,0.4932,nonmatch,0.4791,0,0.4677,0.6034,65.471466544025
33,955,35,25,6,part_of_speech_classification,color_matching,matching,match_left,XVVX,noun,negative,brown,✲✲✲✲spaß✲✲✲✲,noun,positive,brown,0.4932,match,0.4838,0,0.467,0.6027,65.38177121467498
33,956,36,25,6,part_of_speech_classification,color_matching,matching,match_left,MQQM,noun,positive,blue,✲✲✲gütig✲✲✲✲,adjective,positive,blue,0.4932,match,0.4681,0,0.4664,0.6021,65.2970306616851
33,957,37,25,6,part_of_speech_classification,color_matching,matching,match_left,MQQM,noun,positive,brown,✲✲✲✲gift✲✲✲✲,noun,negative,brown,0.4932,nonmatch,0.4031,1,0.4658,0.6015,65.21400276412388
33,958,38,25,6,part_of_speech_classification,color_matching,matching,match_left,XVVX,noun,negative,blue,✲✲✲eitel✲✲✲✲,adjective,negative,brown,0.4932,nonmatch,0.5109,0,0.4676,0.6034,65.47035014751467
33,959,39,25,6,part_of_speech_classification,color_matching,matching,match_left,ZYYZ,adjective,positive,blue,✲✲✲eitel✲✲✲✲,adjective,negative,brown,0.4932,nonmatch,0.3995,0,0.467,0.6027,65.38298211887677
33,960,40,25,6,part_of_speech_classification,color_matching,matching,match_left,XVVX,noun,negative,brown,✲✲✲gierig✲✲✲,adjective,negative,blue,0.4932,nonmatch,0.6002,0,0.4664,0.6021,65.30044483660882
33,961,41,25,6,part_of_speech_classification,color_matching,matching,match_left,MQQM,noun,positive,brown,✲✲✲lustig✲✲✲,adjective,positive,blue,0.4932,nonmatch,0.5265,0,0.4659,0.6016,65.21978026287003
33,962,42,25,6,part_of_speech_classification,color_matching,matching,match_left,XVVX,noun,negative,brown,✲✲✲schön✲✲✲✲,adjective,positive,blue,0.4932,nonmatch,0.6367,0,0.4653,0.601,65.13921406471103
33,963,43,25,6,part_of_speech_classification,color_matching,matching,match_left,XVVX,noun,negative,blue,✲✲schlecht✲✲,adjective,negative,blue,0.4932,match,0.3828,0,0.4647,0.6004,65.05838255331778
33,964,44,25,6,part_of_speech_classification,color_matching,matching,match_left,XVVX,noun,negative,brown,✲✲✲lustig✲✲✲,adjective,positive,brown,0.4932,match,0.5919,0,0.4641,0.5998,64.97691976203203
33,965,45,25,6,part_of_speech_classification,color_matching,matching,match_left,XVVX,noun,negative,brown,✲✲schleim✲✲✲,noun,negative,blue,0.4932,nonmatch,0.5693,0,0.4635,0.5992,64.89485431309777
33,966,46,25,6,part_of_speech_classification,color_matching,matching,match_left,ZYYZ,adjective,positive,brown,✲✲✲✲spaß✲✲✲✲,noun,positive,blue,0.4932,nonmatch,0.4275,0,0.4629,0.5987,64.8113285985563
33,967,47,25,6,part_of_speech_classification,color_matching,matching,match_left,XVVX,noun,negative,brown,✲entführung✲,noun,negative,brown,0.4932,match,0.6,0,0.4623,0.598,64.7259525099766
33,968,48,25,6,part_of_speech_classification,color_matching,matching,match_left,MQQM,noun,positive,brown,✲✲schleim✲✲✲,noun,negative,blue,0.4932,nonmatch,0.5832,0,0.4618,0.5975,64.64637881806794
33,969,49,25,6,part_of_speech_classification,color_matching,matching,match_left,ZYYZ,adjective,positive,brown,✲✲✲gierig✲✲✲,adjective,negative,brown,0.4932,match,0.4614,0,0.4612,0.5969,64.56822667520503
33,970,50,25,6,part_of_speech_classification,color_matching,matching,match_left,XVVX,noun,negative,blue,✲✲ehrlich✲✲✲,adjective,positive,brown,0.4932,match,0.5218,1,0.4606,0.5964,64.49022943373527
33,971,51,25,6,part_of_speech_classification,color_matching,matching,match_left,MQQM,noun,positive,brown,✲✲ehrlich✲✲✲,adjective,positive,brown,0.4932,match,0.4859,0,0.4623,0.598,64.72627435980112
33,972,52,25,6,part_of_speech_classification,color_matching,matching,match_left,ZYYZ,adjective,positive,brown,✲✲schlecht✲✲,adjective,negative,blue,0.4932,nonmatch,0.4532,0,0.4618,0.5975,64.64872017116448
33,973,53,25,6,part_of_speech_classification,color_matching,matching,match_left,XVVX,noun,negative,blue,✲✲✲gütig✲✲✲✲,adjective,positive,blue,0.4932,match,0.6452,0,0.4612,0.5969,64.57265306569285
33,974,54,25,6,part_of_speech_classification,color_matching,matching,match_left,ZYYZ,adjective,positive,blue,✲✲✲lustig✲✲✲,adjective,positive,brown,0.4932,nonmatch,0.5578,0,0.4607,0.5964,64.49677594968125
33,975,55,25,6,part_of_speech_classification,color_matching,matching,match_left,XVVX,noun,negative,blue,✲✲✲liebe✲✲✲✲,noun,positive,blue,0.4932,match,0.4184,0,0.4601,0.5959,64.42076409799458
33,976,56,25,6,part_of_speech_classification,color_matching,matching,match_left,ZYYZ,adjective,positive,blue,✲entführung✲,noun,negative,brown,0.496,nonmatch,0.7272,0,0.4596,0.5953,64.34429211583505
33,977,57,25,6,part_of_speech_classification,color_matching,matching,match_left,MQQM,noun,positive,blue,✲✲✲eitel✲✲✲✲,adjective,negative,blue,0.4932,match,0.45,0,0.4591,0.5948,64.26743105004122
33,978,58,25,6,part_of_speech_classification,color_matching,matching,match_left,ZYYZ,adjective,positive,brown,✲✲schleim✲✲✲,noun,negative,blue,0.4932,nonmatch,0.776,0,0.4585,0.5942,64.1893779358432
33,979,59,25,6,part_of_speech_classification,color_matching,matching,match_left,MQQM,noun,positive,blue,✲entführung✲,noun,negative,brown,0.4932,nonmatch,0.6622,0,0.4579,0.5936,64.10979179022314
33,980,60,25,6,part_of_speech_classification,color_matching,matching,match_left,WJJW,adjective,negative,blue,✲✲✲lustig✲✲✲,adjective,positive,blue,0.4932,match,0.477,0,0.4574,0.5931,64.03294023245584
33,981,61,25,6,part_of_speech_classification,color_matching,matching,match_left,ZYYZ,adjective,positive,blue,✲✲✲glück✲✲✲✲,noun,positive,blue,0.4932,match,0.4317,0,0.4569,0.5926,63.96023072761757
33,982,62,25,6,part_of_speech_classification,color_matching,matching,match_left,WJJW,adjective,negative,blue,✲✲schlecht✲✲,adjective,negative,blue,0.4932,match,0.8564,0,0.4563,0.5921,63.88790137129819
33,983,63,25,6,part_of_speech_classification,color_matching,matching,match_left,MQQM,noun,positive,brown,✲✲✲glück✲✲✲✲,noun,positive,blue,0.4932,nonmatch,1.1107,0,0.4558,0.5915,63.815652998451995
33,984,64,25,6,part_of_speech_classification,color_matching,matching,match_left,MQQM,noun,positive,blue,✲✲✲schön✲✲✲✲,adjective,positive,brown,0.4932,match,0.5538,1,0.4553,0.591,63.743187794023
33,985,1,26,7,part_of_speech_classification,color_matching,matching,match_left,ZYYZ,adjective,positive,brown,✲✲✲liebe✲✲✲✲,noun,positive,blue,0.4932,nonmatch,0.468,0,0.4568,0.5925,63.94620578460625
33,986,2,26,7,part_of_speech_classification,color_matching,matching,match_left,WJJW,adjective,negative,brown,✲✲schlecht✲✲,adjective,negative,brown,0.4932,match,0.4823,0,0.4563,0.592,63.87560744678617
33,987,3,26,7,part_of_speech_classification,color_matching,matching,match_left,XVVX,noun,negative,blue,✲✲launisch✲✲,adjective,negative,blue,0.4932,nonmatch,0.5109,1,0.4558,0.5915,63.805051392602934
33,988,4,26,7,part_of_speech_classification,color_matching,matching,match_left,MQQM,noun,positive,brown,✲✲✲glück✲✲✲✲,noun,positive,brown,0.4932,match,0.5038,0,0.4573,0.593,64.01787375536857
33,989,5,26,7,part_of_speech_classification,color_matching,matching,match_left,WJJW,adjective,negative,brown,✲✲einfall✲✲✲,noun,positive,brown,0.4932,match,0.3995,0,0.4568,0.5925,63.94866615186346
33,990,6,26,7,part_of_speech_classification,color_matching,matching,match_left,XVVX,noun,negative,brown,✲✲✲gierig✲✲✲,adjective,negative,blue,0.4932,nonmatch,0.5918,0,0.4563,0.592,63.87980108464123
33,991,7,26,7,part_of_speech_classification,color_matching,matching,match_left,XVVX,noun,negative,brown,✲✲einfall✲✲✲,noun,positive,blue,0.4932,nonmatch,0.6151,0,0.4558,0.5915,63.81100617026197
33,992,8,26,7,part_of_speech_classification,color_matching,matching,match_left,XVVX,noun,negative,blue,✲✲schleim✲✲✲,noun,negative,brown,0.4932,nonmatch,0.434,0,0.4553,0.591,63.742010296344986
33,993,9,26,7,part_of_speech_classification,color_matching,matching,match_left,MQQM,noun,positive,blue,✲✲✲liebe✲✲✲✲,noun,positive,brown,0.4932,nonmatch,0.3764,0,0.4548,0.5905,63.67293786171364
33,994,10,26,7,part_of_speech_classification,color_matching,matching,match_left,MQQM,noun,positive,blue,✲✲launisch✲✲,adjective,negative,blue,0.4932,match,0.4638,0,0.4543,0.59,63.603060537824724
33,995,11,26,7,part_of_speech_classification,color_matching,matching,match_left,MQQM,noun,positive,blue,✲✲✲gütig✲✲✲✲,adjective,positive,brown,0.4932,nonmatch,0.558,0,0.4538,0.5895,63.53210171857306
33,996,12,26,7,part_of_speech_classification,color_matching,matching,match_left,XVVX,noun,negative,blue,✲✲✲gütig✲✲✲✲,adjective,positive,brown,0.4932,nonmatch,0.4993,0,0.4533,0.589,63.45977713956492
33,997,13,26,7,part_of_speech_classification,color_matching,matching,match_left,XVVX,noun,negative,blue,✲✲✲lustig✲✲✲,adjective,positive,blue,0.4932,match,0.4852,0,0.4528,0.5885,63.391536239353506
33,998,14,26,7,part_of_speech_classification,color_matching,matching,match_left,WJJW,adjective,negative,blue,✲✲✲gierig✲✲✲,adjective,negative,blue,0.4932,match,0.4537,0,0.4523,0.588,63.326624927743154
33,999,15,26,7,part_of_speech_classification,color_matching,matching,match_left,ZYYZ,adjective,positive,blue,✲✲✲✲spaß✲✲✲✲,noun,positive,brown,0.4932,nonmatch,0.561,0,0.4519,0.5876,63.26214538493726
33,1000,16,26,7,part_of_speech_classification,color_matching,matching,match_left,MQQM,noun,positive,brown,✲✲✲gierig✲✲✲,adjective,negative,blue,0.4932,match,0.506,1,0.4514,0.5871,63.19785354273726
33,1001,17,26,7,part_of_speech_classification,color_matching,matching,match_left,WJJW,adjective,negative,blue,✲✲✲leiche✲✲✲,noun,negative,blue,0.4936,match,0.505,0,0.4528,0.5885,63.39124470058103
33,1002,18,26,7,part_of_speech_classification,color_matching,matching,match_left,MQQM,noun,positive,brown,✲✲✲✲gift✲✲✲✲,noun,negative,blue,0.4932,nonmatch,0.4266,0,0.4523,0.5881,63.32778904795818
33,1003,19,26,7,part_of_speech_classification,color_matching,matching,match_left,MQQM,noun,positive,brown,✲✲schlecht✲✲,adjective,negative,brown,0.4932,match,0.5283,0,0.4519,0.5876,63.264768487236786
33,1004,20,26,7,part_of_speech_classification,color_matching,matching,match_left,ZYYZ,adjective,positive,brown,✲✲✲eitel✲✲✲✲,adjective,negative,brown,0.4932,match,0.4263,0,0.4514,0.5872,63.201949327200055
33,1005,21,26,7,part_of_speech_classification,color_matching,matching,match_left,ZYYZ,adjective,positive,brown,✲✲✲✲gift✲✲✲✲,noun,negative,brown,0.4932,match,0.6701,0,0.451,0.5867,63.13910015766706
33,1006,22,26,7,part_of_speech_classification,color_matching,matching,match_left,WJJW,adjective,negative,brown,✲✲✲✲gift✲✲✲✲,noun,negative,blue,0.4932,nonmatch,0.5119,0,0.4505,0.5863,63.075990224371
33,1007,23,26,7,part_of_speech_classification,color_matching,matching,match_left,ZYYZ,adjective,positive,blue,✲✲✲glück✲✲✲✲,noun,positive,blue,0.4932,match,0.5324,0,0.4501,0.5858,63.012748783477754
33,1008,24,26,7,part_of_speech_classification,color_matching,matching,match_left,WJJW,adjective,negative,brown,✲entführung✲,noun,negative,brown,0.4932,match,0.4325,0,0.4496,0.5853,62.94873303633033
33,1009,25,26,7,part_of_speech_classification,color_matching,matching,match_left,MQQM,noun,positive,brown,✲✲✲schön✲✲✲✲,adjective,positive,brown,0.4933,match,0.471,0,0.4492,0.5849,62.88370703833524
33,1010,26,26,7,part_of_speech_classification,color_matching,matching,match_left,WJJW,adjective,negative,blue,✲✲✲eitel✲✲✲✲,adjective,negative,brown,0.4932,nonmatch,0.4645,0,0.4487,0.5844,62.81742840653964
33,1011,27,26,7,part_of_speech_classification,color_matching,matching,match_left,WJJW,adjective,negative,blue,✲✲schleim✲✲✲,noun,negative,brown,0.4932,nonmatch,0.5001,0,0.4483,0.584,62.75650422503556
33,1012,28,26,7,part_of_speech_classification,color_matching,matching,match_left,ZYYZ,adjective,positive,blue,✲✲ehrlich✲✲✲,adjective,positive,blue,0.4932,match,0.5275,0,0.4478,0.5836,62.69787286637405
33,1013,29,26,7,part_of_speech_classification,color_matching,matching,match_left,ZYYZ,adjective,positive,blue,✲✲✲gierig✲✲✲,adjective,negative,brown,0.4932,nonmatch,0.4333,0,0.4474,0.5831,62.63967844493637
33,1014,30,26,7,part_of_speech_classification,color_matching,matching,match_left,XVVX,noun,negative,brown,✲entführung✲,noun,negative,brown,0.4932,match,0.5199,0,0.447,0.5827,62.581716562336425
33,1015,31,26,7,part_of_speech_classification,color_matching,matching,match_left,ZYYZ,adjective,positive,brown,✲✲launisch✲✲,adjective,negative,blue,0.4932,match,0.5849,1,0.4466,0.5823,62.523785216820826
33,1016,32,26,7,part_of_speech_classification,color_matching,matching,match_left,WJJW,adjective,negative,brown,✲✲✲gütig✲✲✲✲,adjective,positive,blue,0.4932,nonmatch,0.5995,0,0.4478,0.5836,62.698378371731415
33,1017,33,26,7,part_of_speech_classification,color_matching,matching,match_left,MQQM,noun,positive,blue,✲✲✲leiche✲✲✲,noun,negative,blue,0.4932,match,0.485,0,0.4474,0.5832,62.64139586610128
33,1018,34,26,7,part_of_speech_classification,color_matching,matching,match_left,XVVX,noun,negative,brown,✲✲✲glück✲✲✲✲,noun,positive,brown,0.4932,nonmatch,0.353,1,0.447,0.5827,62.584652482469586
33,1019,35,26,7,part_of_speech_classification,color_matching,matching,match_left,MQQM,noun,positive,brown,✲✲schleim✲✲✲,noun,negative,brown,0.4932,nonmatch,0.4687,1,0.4483,0.584,62.75502008898113
33,1020,36,26,7,part_of_speech_classification,color_matching,matching,match_left,XVVX,noun,negative,blue,✲✲✲✲gift✲✲✲✲,noun,negative,blue,0.4932,match,0.3888,0,0.4495,0.5853,62.935301157582046
33,1021,37,26,7,part_of_speech_classification,color_matching,matching,match_left,WJJW,adjective,negative,blue,✲✲✲lustig✲✲✲,adjective,positive,blue,0.4932,match,0.5681,0,0.4491,0.5848,62.87369420650087
33,1022,38,26,7,part_of_speech_classification,color_matching,matching,match_left,WJJW,adjective,negative,blue,✲✲ehrlich✲✲✲,adjective,positive,brown,0.4932,nonmatch,0.5557,0,0.4486,0.5844,62.81088646384905
33,1023,39,26,7,part_of_speech_classification,color_matching,matching,match_left,MQQM,noun,positive,brown,✲✲✲lustig✲✲✲,adjective,positive,blue,0.4961,nonmatch,0.3899,0,0.4482,0.584,62.75418441113998
33,1024,40,26,7,part_of_speech_classification,color_matching,matching,match_left,XVVX,noun,negative,blue,✲✲schlecht✲✲,adjective,negative,brown,0.4932,nonmatch,0.519,0,0.4479,0.5836,62.699049895931736
33,1025,41,26,7,part_of_speech_classification,color_matching,matching,match_left,ZYYZ,adjective,positive,blue,✲✲schlecht✲✲,adjective,negative,blue,0.4932,match,0.5421,0,0.4475,0.5832,62.644345877313675
33,1026,42,26,7,part_of_speech_classification,color_matching,matching,match_left,MQQM,noun,positive,blue,✲✲✲eitel✲✲✲✲,adjective,negative,brown,0.4932,nonmatch,0.4324,0,0.4471,0.5828,62.58989070937993
33,1027,43,26,7,part_of_speech_classification,color_matching,matching,match_left,WJJW,adjective,negative,brown,✲✲✲liebe✲✲✲✲,noun,positive,blue,0.4932,nonmatch,0.4974,0,0.4467,0.5824,62.53550510046388
33,1028,44,26,7,part_of_speech_classification,color_matching,matching,match_left,MQQM,noun,positive,brown,✲✲✲✲spaß✲✲✲✲,noun,positive,blue,0.4932,nonmatch,0.6518,0,0.4463,0.582,62.481010972314124
33,1029,45,26,7,part_of_speech_classification,color_matching,matching,match_left,WJJW,adjective,negative,brown,✲✲✲schön✲✲✲✲,adjective,positive,brown,0.4932,match,0.4774,0,0.4459,0.5816,62.4265648049387
33,1030,46,26,7,part_of_speech_classification,color_matching,matching,match_left,ZYYZ,adjective,positive,blue,✲✲schleim✲✲✲,noun,negative,blue,0.4932,match,0.4855,0,0.4455,0.5812,62.371616172289954
33,1031,47,26,7,part_of_speech_classification,color_matching,matching,match_left,ZYYZ,adjective,positive,blue,✲entführung✲,noun,negative,brown,0.4932,nonmatch,0.4556,0,0.4451,0.5808,62.3159863351986
33,1032,48,26,7,part_of_speech_classification,color_matching,matching,match_left,XVVX,noun,negative,blue,✲✲✲liebe✲✲✲✲,noun,positive,blue,0.4932,match,0.5853,0,0.4447,0.5804,62.259492874681925
33,1033,49,26,7,part_of_speech_classification,color_matching,matching,match_left,WJJW,adjective,negative,brown,✲✲launisch✲✲,adjective,negative,blue,0.4932,nonmatch,0.4786,0,0.4443,0.58,62.20194858249463
33,1034,50,26,7,part_of_speech_classification,color_matching,matching,match_left,WJJW,adjective,negative,blue,✲✲✲glück✲✲✲✲,noun,positive,brown,0.4932,nonmatch,0.4257,0,0.4439,0.5796,62.147829131725054
33,1035,51,26,7,part_of_speech_classification,color_matching,matching,match_left,XVVX,noun,negative,brown,✲✲✲schön✲✲✲✲,adjective,positive,brown,0.4932,nonmatch,0.7376,1,0.4436,0.5793,62.09718339114838
33,1036,52,26,7,part_of_speech_classification,color_matching,matching,match_left,XVVX,noun,negative,brown,✲✲✲leiche✲✲✲,noun,negative,blue,0.4932,match,0.4288,1,0.4447,0.5804,62.25600595302705
33,1036,52,26,7,part_of_speech_classification,color_matching,matching,match_left,XVVX,noun,negative,brown,✲✲✲leiche✲✲✲,noun,negative,blue,0.4932,match,0.546,1,0.4447,0.5804,62.25600595302705
33,1037,53,26,7,part_of_speech_classification,color_matching,matching,match_left,XVVX,noun,negative,brown,✲✲ehrlich✲✲✲,adjective,positive,blue,0.4932,nonmatch,0.6246,0,0.4458,0.5815,62.41439308669009
33,1038,54,26,7,part_of_speech_classification,color_matching,matching,match_left,WJJW,adjective,negative,blue,✲✲✲✲spaß✲✲✲✲,noun,positive,blue,0.4962,match,0.4523,0,0.4454,0.5812,62.36119100218799
33,1039,55,26,7,part_of_speech_classification,color_matching,matching,match_left,ZYYZ,adjective,positive,brown,✲✲✲gütig✲✲✲✲,adjective,positive,brown,0.4932,nonmatch,0.4849,1,0.4451,0.5808,62.307304995673306
33,1040,56,26,7,part_of_speech_classification,color_matching,matching,match_left,XVVX,noun,negative,brown,✲✲✲eitel✲✲✲✲,adjective,negative,brown,0.4932,match,0.5549,0,0.4461,0.5819,62.46036839655881
33,1041,57,26,7,part_of_speech_classification,color_matching,matching,match_left,ZYYZ,adjective,positive,brown,✲✲einfall✲✲✲,noun,positive,brown,0.4932,match,0.5181,0,0.4458,0.5815,62.40851524642831
33,1042,58,26,7,part_of_speech_classification,color_matching,matching,match_left,MQQM,noun,positive,blue,✲entführung✲,noun,negative,brown,0.4961,nonmatch,0.5382,0,0.4454,0.5811,62.356139574233
33,1043,59,26,7,part_of_speech_classification,color_matching,matching,match_left,MQQM,noun,positive,blue,✲✲ehrlich✲✲✲,adjective,positive,blue,0.4932,match,0.5788,0,0.445,0.5807,62.30307878573861
33,1044,60,26,7,part_of_speech_classification,color_matching,matching,match_left,ZYYZ,adjective,positive,brown,✲✲✲leiche✲✲✲,noun,negative,blue,0.4932,match,0.5275,1,0.4446,0.5804,62.24916676728544
33,1045,61,26,7,part_of_speech_classification,color_matching,matching,match_left,ZYYZ,adjective,positive,blue,✲✲✲schön✲✲✲✲,adjective,positive,brown,0.4932,nonmatch,0.6127,0,0.4457,0.5814,62.402769972292965
33,1046,62,26,7,part_of_speech_classification,color_matching,matching,match_left,MQQM,noun,positive,blue,✲✲einfall✲✲✲,noun,positive,blue,0.4932,match,0.5002,0,0.4454,0.5811,62.35119158629946
33,1047,63,26,7,part_of_speech_classification,color_matching,matching,match_left,XVVX,noun,negative,blue,✲✲✲✲spaß✲✲✲✲,noun,positive,brown,0.4932,nonmatch,0.5125,0,0.445,0.5807,62.29892700419487
33,1048,64,26,7,part_of_speech_classification,color_matching,matching,match_left,ZYYZ,adjective,positive,brown,✲✲✲lustig✲✲✲,adjective,positive,blue,0.4932,match,0.5181,1,0.4446,0.5803,62.24581501317713
33,1049,1,27,8,part_of_speech_classification,color_matching,matching,match_left,WJJW,adjective,negative,brown,✲✲✲glück✲✲✲✲,noun,positive,brown,0.4932,match,0.4752,0,0.4457,0.5814,62.3971528588202
33,1050,2,27,8,part_of_speech_classification,color_matching,matching,match_left,ZYYZ,adjective,positive,blue,✲✲✲eitel✲✲✲✲,adjective,negative,brown,0.4932,nonmatch,0.4103,0,0.4453,0.581,62.34634408742781
33,1051,3,27,8,part_of_speech_classification,color_matching,matching,match_left,MQQM,noun,positive,brown,✲✲✲✲spaß✲✲✲✲,noun,positive,blue,0.4932,nonmatch,0.4274,0,0.445,0.5807,62.29484815605836
33,1052,4,27,8,part_of_speech_classification,color_matching,matching,match_left,MQQM,noun,positive,blue,✲✲launisch✲✲,adjective,negative,blue,0.4932,match,0.5682,0,0.4446,0.5803,62.242508514781434
33,1053,5,27,8,part_of_speech_classification,color_matching,matching,match_left,WJJW,adjective,negative,blue,✲✲✲eitel✲✲✲✲,adjective,negative,blue,0.4932,match,0.3888,0,0.4442,0.5799,62.189164311538114
33,1054,6,27,8,part_of_speech_classification,color_matching,matching,match_left,ZYYZ,adjective,positive,blue,✲✲schlecht✲✲,adjective,negative,blue,0.4932,match,0.5682,0,0.4439,0.5796,62.14082800552473
33,1055,7,27,8,part_of_speech_classification,color_matching,matching,match_left,XVVX,noun,negative,blue,✲✲einfall✲✲✲,noun,positive,brown,0.4932,nonmatch,0.4248,0,0.4435,0.5792,62.094492750034476
33,1056,8,27,8,part_of_speech_classification,color_matching,matching,match_left,MQQM,noun,positive,brown,✲✲✲eitel✲✲✲✲,adjective,negative,brown,0.4932,match,0.5188,0,0.4432,0.5789,62.048597167401624
33,1057,9,27,8,part_of_speech_classification,color_matching,matching,match_left,WJJW,adjective,negative,brown,✲✲schleim✲✲✲,noun,negative,blue,0.4932,nonmatch,0.5708,0,0.4429,0.5786,62.00300906135653
33,1058,10,27,8,part_of_speech_classification,color_matching,matching,match_left,XVVX,noun,negative,brown,✲entführung✲,noun,negative,brown,0.4932,match,0.6817,0,0.4426,0.5783,61.95759848523226
33,1059,11,27,8,part_of_speech_classification,color_matching,matching,match_left,MQQM,noun,positive,blue,✲✲✲liebe✲✲✲✲,noun,positive,brown,0.4932,nonmatch,0.396,0,0.4422,0.5779,61.91223701484821
33,1060,12,27,8,part_of_speech_classification,color_matching,matching,match_left,ZYYZ,adjective,positive,brown,✲✲launisch✲✲,adjective,negative,blue,0.4932,match,0.6398,1,0.4419,0.5776,61.866797041127526
33,1060,12,27,8,part_of_speech_classification,color_matching,matching,match_left,ZYYZ,adjective,positive,brown,✲✲launisch✲✲,adjective,negative,blue,0.4932,nonmatch,0.8628,0,0.4419,0.5776,61.866797041127526
33,1061,13,27,8,part_of_speech_classification,color_matching,matching,match_left,XVVX,noun,negative,blue,✲✲✲gütig✲✲✲✲,adjective,positive,blue,0.4932,match,0.4735,0,0.4416,0.5773,61.821440025221634
33,1062,14,27,8,part_of_speech_classification,color_matching,matching,match_left,MQQM,noun,positive,blue,✲✲✲leiche✲✲✲,noun,negative,blue,0.4932,match,0.5753,0,0.4413,0.577,61.77572280208327
33,1063,15,27,8,part_of_speech_classification,color_matching,matching,match_left,ZYYZ,adjective,positive,blue,✲✲schleim✲✲✲,noun,negative,brown,0.4932,nonmatch,0.4863,0,0.4409,0.5766,61.729517959274
33,1064,16,27,8,part_of_speech_classification,color_matching,matching,match_left,ZYYZ,adjective,positive,blue,✲✲✲✲spaß✲✲✲✲,noun,positive,brown,0.4932,nonmatch,0.6191,0,0.4406,0.5763,61.68269587088146
33,1065,17,27,8,part_of_speech_classification,color_matching,matching,match_left,WJJW,adjective,negative,blue,✲✲✲✲gift✲✲✲✲,noun,negative,brown,0.4932,nonmatch,0.5539,0,0.4403,0.576,61.63512401664646
33,1066,18,27,8,part_of_speech_classification,color_matching,matching,match_left,XVVX,noun,negative,brown,✲✲ehrlich✲✲✲,adjective,positive,brown,0.4932,match,0.4388,0,0.4399,0.5756,61.58666628461151
33,1067,19,27,8,part_of_speech_classification,color_matching,matching,match_left,MQQM,noun,positive,blue,✲✲✲lustig✲✲✲,adjective,positive,brown,0.4932,nonmatch,0.5578,0,0.4396,0.5753,61.54028317787097
33,1068,20,27,8,part_of_speech_classification,color_matching,matching,match_left,XVVX,noun,negative,blue,✲✲✲✲spaß✲✲✲✲,noun,positive,blue,0.4932,match,0.6141,0,0.4393,0.575,61.49788631752785
33,1069,21,27,8,part_of_speech_classification,color_matching,matching,match_left,WJJW,adjective,negative,brown,✲✲✲schön✲✲✲✲,adjective,positive,brown,0.4932,nonmatch,0.4903,1,0.439,0.5747,61.455942765611084
33,1069,21,27,8,part_of_speech_classification,color_matching,matching,match_left,WJJW,adjective,negative,brown,✲✲✲schön✲✲✲✲,adjective,positive,brown,0.4932,match,0.8262,0,0.439,0.5747,61.455942765611084
33,1070,22,27,8,part_of_speech_classification,color_matching,matching,match_left,ZYYZ,adjective,positive,blue,✲✲✲liebe✲✲✲✲,noun,positive,blue,0.4932,match,0.4763,0,0.4387,0.5744,61.41433963907632
33,1071,23,27,8,part_of_speech_classification,color_matching,matching,match_left,XVVX,noun,negative,blue,✲✲✲✲gift✲✲✲✲,noun,negative,brown,0.4932,nonmatch,0.5284,0,0.4384,0.5741,61.3729662073317
33,1072,24,27,8,part_of_speech_classification,color_matching,matching,match_left,XVVX,noun,negative,brown,✲✲✲gierig✲✲✲,adjective,negative,blue,0.4932,match,0.5613,1,0.4381,0.5738,61.33171330891198
33,1073,25,27,8,part_of_speech_classification,color_matching,matching,match_left,ZYYZ,adjective,positive,brown,✲✲✲lustig✲✲✲,adjective,positive,blue,0.4932,match,0.5636,1,0.439,0.5747,61.45557548844771
33,1074,26,27,8,part_of_speech_classification,color_matching,matching,match_left,WJJW,adjective,negative,blue,✲✲einfall✲✲✲,noun,positive,brown,0.4932,nonmatch,0.5147,0,0.4399,0.5756,61.581413722828245
33,1075,27,27,8,part_of_speech_classification,color_matching,matching,match_left,WJJW,adjective,negative,blue,✲✲✲✲spaß✲✲✲✲,noun,positive,blue,0.4932,match,0.511,0,0.4395,0.5753,61.53693278959973
33,1076,28,27,8,part_of_speech_classification,color_matching,matching,match_left,ZYYZ,adjective,positive,brown,✲✲ehrlich✲✲✲,adjective,positive,brown,0.4932,nonmatch,0.4031,1,0.4393,0.575,61.49583815035529
33,1077,29,27,8,part_of_speech_classification,color_matching,matching,match_left,MQQM,noun,positive,blue,✲✲✲✲gift✲✲✲✲,noun,negative,brown,0.4932,match,0.4913,1,0.4402,0.5759,61.62546493177067
33,1078,30,27,8,part_of_speech_classification,color_matching,matching,match_left,XVVX,noun,negative,brown,✲✲schleim✲✲✲,noun,negative,blue,0.4932,nonmatch,0.4609,0,0.4411,0.5768,61.7558338948686
33,1079,31,27,8,part_of_speech_classification,color_matching,matching,match_left,WJJW,adjective,negative,blue,✲entführung✲,noun,negative,blue,0.4932,match,0.3775,0,0.4408,0.5765,61.711997595624865
33,1080,32,27,8,part_of_speech_classification,color_matching,matching,match_left,WJJW,adjective,negative,brown,✲✲✲leiche✲✲✲,noun,negative,brown,0.4932,match,0.6098,0,0.4405,0.5762,61.66753889685784
33,1081,33,27,8,part_of_speech_classification,color_matching,matching,match_left,WJJW,adjective,negative,blue,✲✲launisch✲✲,adjective,negative,brown,0.4932,nonmatch,0.4994,0,0.4402,0.5759,61.62233828784043
33,1082,34,27,8,part_of_speech_classification,color_matching,matching,match_left,ZYYZ,adjective,positive,brown,✲✲✲glück✲✲✲✲,noun,positive,brown,0.4932,match,0.4895,0,0.4398,0.5755,61.57627289449237
33,1083,35,27,8,part_of_speech_classification,color_matching,matching,match_left,WJJW,adjective,negative,brown,✲✲schlecht✲✲,adjective,negative,brown,0.4932,match,0.3957,0,0.4395,0.5752,61.5336388381577
33,1084,36,27,8,part_of_speech_classification,color_matching,matching,match_left,XVVX,noun,negative,brown,✲✲✲glück✲✲✲✲,noun,positive,brown,0.4932,match,0.4789,0,0.4392,0.575,61.493770488632364
33,1085,37,27,8,part_of_speech_classification,color_matching,matching,match_left,ZYYZ,adjective,positive,brown,✲✲einfall✲✲✲,noun,positive,blue,0.4932,nonmatch,0.5539,0,0.439,0.5747,61.45432612406223
33,1086,38,27,8,part_of_speech_classification,color_matching,matching,match_left,MQQM,noun,positive,brown,✲✲ehrlich✲✲✲,adjective,positive,brown,0.4932,match,0.6594,0,0.4387,0.5744,61.415205491609306
33,1087,39,27,8,part_of_speech_classification,color_matching,matching,match_left,XVVX,noun,negative,brown,✲✲✲eitel✲✲✲✲,adjective,negative,brown,0.4932,match,0.4127,0,0.4384,0.5741,61.37631026871093
33,1088,40,27,8,part_of_speech_classification,color_matching,matching,match_left,MQQM,noun,positive,brown,✲✲✲gierig✲✲✲,adjective,negative,blue,0.4932,nonmatch,0.542,0,0.4381,0.5738,61.33754357355779
33,1089,41,27,8,part_of_speech_classification,color_matching,matching,match_left,ZYYZ,adjective,positive,blue,✲✲✲schön✲✲✲✲,adjective,positive,blue,0.4932,match,0.464,0,0.4378,0.5736,61.29880949037862
33,1090,42,27,8,part_of_speech_classification,color_matching,matching,match_left,MQQM,noun,positive,brown,✲✲✲schön✲✲✲✲,adjective,positive,blue,0.4932,nonmatch,0.4266,0,0.4376,0.5733,61.26001260595867
33,1091,43,27,8,part_of_speech_classification,color_matching,matching,match_left,XVVX,noun,negative,blue,✲✲✲schön✲✲✲✲,adjective,positive,brown,0.4932,nonmatch,0.4537,0,0.4373,0.573,61.221057553984544
33,1092,44,27,8,part_of_speech_classification,color_matching,matching,match_left,WJJW,adjective,negative,brown,✲✲✲lustig✲✲✲,adjective,positive,blue,0.4932,nonmatch,0.4068,0,0.437,0.5727,61.18209149668852
33,1093,45,27,8,part_of_speech_classification,color_matching,matching,match_left,ZYYZ,adjective,positive,brown,✲✲✲gierig✲✲✲,adjective,negative,brown,0.4932,match,0.5363,0,0.4367,0.5724,61.14275648936721
33,1094,46,27,8,part_of_speech_classification,color_matching,matching,match_left,XVVX,noun,negative,brown,✲✲✲lustig✲✲✲,adjective,positive,blue,0.4932,nonmatch,0.634,0,0.4364,0.5722,61.10295595987328
33,1095,47,27,8,part_of_speech_classification,color_matching,matching,match_left,MQQM,noun,positive,blue,✲✲schlecht✲✲,adjective,negative,brown,0.4932,nonmatch,0.4609,0,0.4362,0.5719,61.06259139880122
33,1096,48,27,8,part_of_speech_classification,color_matching,matching,match_left,WJJW,adjective,negative,blue,✲✲✲gütig✲✲✲✲,adjective,positive,blue,0.4932,match,0.5333,0,0.4359,0.5716,61.02156190265263
33,1097,49,27,8,part_of_speech_classification,color_matching,matching,match_left,MQQM,noun,positive,blue,✲✲✲gütig✲✲✲✲,adjective,positive,blue,0.4932,match,0.5039,0,0.4356,0.5713,60.97976370412751
33,1098,50,27,8,part_of_speech_classification,color_matching,matching,match_left,MQQM,noun,positive,brown,✲✲schleim✲✲✲,noun,negative,blue,0.4932,nonmatch,0.5424,0,0.4353,0.571,60.93846585002788
33,1099,51,27,8,part_of_speech_classification,color_matching,matching,match_left,XVVX,noun,negative,brown,✲✲✲liebe✲✲✲✲,noun,positive,blue,0.4932,nonmatch,0.5395,0,0.435,0.5707,60.90187806276217
33,1100,52,27,8,part_of_speech_classification,color_matching,matching,match_left,WJJW,adjective,negative,brown,✲✲✲gierig✲✲✲,adjective,negative,blue,0.4932,nonmatch,0.4901,0,0.4348,0.5705,60.86571510302619
33,1101,53,27,8,part_of_speech_classification,color_matching,matching,match_left,ZYYZ,adjective,positive,blue,✲✲✲leiche✲✲✲,noun,negative,blue,0.4932,match,0.4975,0,0.4345,0.5702,60.829891244824985
33,1102,54,27,8,part_of_speech_classification,color_matching,matching,match_left,MQQM,noun,positive,blue,✲✲✲glück✲✲✲✲,noun,positive,blue,0.4932,match,0.6264,0,0.4342,0.57,60.79432252197387
33,1103,55,27,8,part_of_speech_classification,color_matching,matching,match_left,ZYYZ,adjective,positive,blue,✲✲✲gütig✲✲✲✲,adjective,positive,brown,0.4932,nonmatch,0.4433,0,0.434,0.5697,60.758926337002634
33,1104,56,27,8,part_of_speech_classification,color_matching,matching,match_left,XVVX,noun,negative,blue,✲✲schlecht✲✲,adjective,negative,brown,0.4932,nonmatch,0.4477,0,0.4337,0.5695,60.72362108227262
33,1105,57,27,8,part_of_speech_classification,color_matching,matching,match_left,MQQM,noun,positive,brown,✲✲einfall✲✲✲,noun,positive,brown,0.4932,nonmatch,0.5291,1,0.4335,0.5692,60.68832577062205
33,1106,58,27,8,part_of_speech_classification,color_matching,matching,match_left,XVVX,noun,negative,blue,✲✲launisch✲✲,adjective,negative,blue,0.4932,match,0.5993,0,0.4342,0.57,60.79452558374798
33,1107,59,27,8,part_of_speech_classification,color_matching,matching,match_left,MQQM,noun,positive,brown,✲entführung✲,noun,negative,brown,0.4962,match,0.584,0,0.434,0.5697,60.75961537193865
33,1108,60,27,8,part_of_speech_classification,color_matching,matching,match_left,XVVX,noun,negative,blue,✲✲✲leiche✲✲✲,noun,negative,blue,0.4932,match,0.4333,0,0.4337,0.5695,60.724797928894695
33,1109,61,27,8,part_of_speech_classification,color_matching,matching,match_left,WJJW,adjective,negative,brown,✲✲✲liebe✲✲✲✲,noun,positive,blue,0.4932,nonmatch,0.5539,0,0.4335,0.5692,60.689994422546924
33,1110,62,27,8,part_of_speech_classification,color_matching,matching,match_left,ZYYZ,adjective,positive,brown,✲entführung✲,noun,negative,blue,0.4932,nonmatch,0.5803,0,0.4333,0.569,60.655126291399476
33,1111,63,27,8,part_of_speech_classification,color_matching,matching,match_left,WJJW,adjective,negative,blue,✲✲ehrlich✲✲✲,adjective,positive,brown,0.4932,nonmatch,0.5252,0,0.433,0.5687,60.62011490081416
33,1112,64,27,8,part_of_speech_classification,color_matching,matching,match_left,ZYYZ,adjective,positive,brown,✲✲✲✲gift✲✲✲✲,noun,negative,brown,0.4932,match,0.5467,0,0.4328,0.5685,60.585102272987086
33,1113,1,28,9,part_of_speech_classification,color_matching,matching,match_left,gütig,adjective,positive,brown,✲✲✲✲gift✲✲✲✲,noun,negative,blue,0.5315,match,0.4681,1,0.4325,0.5682,60.549772558442115
33,1114,2,28,9,part_of_speech_classification,color_matching,matching,match_left,schlecht,adjective,negative,brown,✲✲✲✲spaß✲✲✲✲,noun,positive,blue,0.4932,nonmatch,0.518,0,0.4332,0.5689,60.64961393137035
33,1115,3,28,9,part_of_speech_classification,color_matching,matching,match_left,glück,noun,positive,brown,✲✲schleim✲✲✲,noun,negative,brown,0.496,match,0.6354,0,0.433,0.5687,60.61499992988669
33,1116,4,28,9,part_of_speech_classification,color_matching,matching,match_left,launisch,adjective,negative,blue,✲✲✲schön✲✲✲✲,adjective,positive,blue,0.4932,match,0.6072,0,0.4327,0.5684,60.58037372817243
33,1117,5,28,9,part_of_speech_classification,color_matching,matching,match_left,launisch,adjective,negative,blue,✲✲✲leiche✲✲✲,noun,negative,blue,0.4932,match,0.3959,0,0.4325,0.5682,60.54542511944735
33,1118,6,28,9,part_of_speech_classification,color_matching,matching,match_left,entführung,noun,negative,brown,✲✲schleim✲✲✲,noun,negative,blue,0.4932,nonmatch,0.5126,0,0.4322,0.5679,60.5100760471873
33,1119,7,28,9,part_of_speech_classification,color_matching,matching,match_left,schlecht,adjective,negative,blue,✲✲✲gierig✲✲✲,adjective,negative,brown,0.4932,nonmatch,0.4895,0,0.432,0.5677,60.47424688067125
33,1120,8,28,9,part_of_speech_classification,color_matching,matching,match_left,einfall,noun,positive,blue,✲✲launisch✲✲,adjective,negative,blue,0.4964,match,0.6168,0,0.4317,0.5674,60.4378560773689
33,1121,9,28,9,part_of_speech_classification,color_matching,matching,match_left,lustig,adjective,positive,brown,✲entführung✲,noun,negative,brown,0.4932,nonmatch,0.5808,1,0.4314,0.5671,60.40081983547511
33,1122,10,28,9,part_of_speech_classification,color_matching,matching,match_left,eitel,adjective,negative,brown,✲✲launisch✲✲,adjective,negative,brown,0.4932,match,0.3824,0,0.4322,0.5679,60.506373540790285
33,1123,11,28,9,part_of_speech_classification,color_matching,matching,match_left,liebe,noun,positive,brown,✲✲✲✲spaß✲✲✲✲,noun,positive,brown,0.4932,match,0.4752,0,0.4319,0.5676,60.47090358161587
33,1124,12,28,9,part_of_speech_classification,color_matching,matching,match_left,gift,noun,negative,brown,✲✲✲glück✲✲✲✲,noun,positive,brown,0.4932,match,0.5497,0,0.4317,0.5674,60.43487215575453
33,1125,13,28,9,part_of_speech_classification,color_matching,matching,match_left,gierig,adjective,negative,blue,✲✲einfall✲✲✲,noun,positive,brown,0.4932,nonmatch,0.5131,0,0.4314,0.5671,60.39819712381214
33,1126,14,28,9,part_of_speech_classification,color_matching,matching,match_left,glück,noun,positive,brown,✲✲ehrlich✲✲✲,adjective,positive,brown,0.4932,match,0.4394,0,0.4311,0.5669,60.36079376632935
33,1127,15,28,9,part_of_speech_classification,color_matching,matching,match_left,ehrlich,adjective,positive,blue,✲✲einfall✲✲✲,noun,positive,brown,0.4932,nonmatch,0.468,0,0.4309,0.5666,60.32523463567463
33,1128,16,28,9,part_of_speech_classification,color_matching,matching,match_left,schleim,noun,negative,blue,✲entführung✲,noun,negative,brown,0.4932,nonmatch,0.4681,0,0.4307,0.5664,60.29286482546757
33,1129,17,28,9,part_of_speech_classification,color_matching,matching,match_left,leiche,noun,negative,blue,✲✲✲gütig✲✲✲✲,adjective,positive,brown,0.4932,nonmatch,0.4076,0,0.4304,0.5661,60.260858611520064
33,1130,18,28,9,part_of_speech_classification,color_matching,matching,match_left,leiche,noun,negative,blue,✲✲✲liebe✲✲✲✲,noun,positive,brown,0.4932,nonmatch,0.4553,0,0.4302,0.5659,60.22914782281714
33,1131,19,28,9,part_of_speech_classification,color_matching,matching,match_left,gift,noun,negative,brown,✲✲✲leiche✲✲✲,noun,negative,brown,0.4932,match,0.518,0,0.43,0.5657,60.197665600506916
33,1132,20,28,9,part_of_speech_classification,color_matching,matching,match_left,gierig,adjective,negative,brown,✲entführung✲,noun,negative,blue,0.4932,nonmatch,0.5183,0,0.4298,0.5655,60.16634611881599
33,1133,21,28,9,part_of_speech_classification,color_matching,matching,match_left,gütig,adjective,positive,blue,✲✲✲✲spaß✲✲✲✲,noun,positive,blue,0.4932,match,0.6065,0,0.4295,0.5653,60.13512431392439
33,1134,22,28,9,part_of_speech_classification,color_matching,matching,match_left,liebe,noun,positive,brown,✲✲schlecht✲✲,adjective,negative,blue,0.4932,nonmatch,0.6131,0,0.4293,0.565,60.103935619079806
33,1135,23,28,9,part_of_speech_classification,color_matching,matching,match_left,glück,noun,positive,blue,✲✲✲gierig✲✲✲,adjective,negative,brown,0.4932,nonmatch,0.4793,0,0.4291,0.5648,60.072715704297366
33,1136,24,28,9,part_of_speech_classification,color_matching,matching,match_left,gift,noun,negative,brown,✲✲launisch✲✲,adjective,negative,blue,0.4932,nonmatch,0.422,0,0.4289,0.5646,60.0414002190525
33,1137,25,28,9,part_of_speech_classification,color_matching,matching,match_left,lustig,adjective,positive,brown,✲✲✲liebe✲✲✲✲,noun,positive,blue,0.4932,nonmatch,0.5349,0,0.4286,0.5644,60.00992453641249
33,1138,26,28,9,part_of_speech_classification,color_matching,matching,match_left,entführung,noun,negative,brown,✲✲ehrlich✲✲✲,adjective,positive,brown,0.4932,match,0.4417,0,0.4284,0.5641,59.978421093320065
33,1139,27,28,9,part_of_speech_classification,color_matching,matching,match_left,gütig,adjective,positive,blue,✲✲✲gierig✲✲✲,adjective,negative,brown,0.4932,nonmatch,0.4823,0,0.4282,0.5639,59.94661455217117
33,1140,28,28,9,part_of_speech_classification,color_matching,matching,match_left,gütig,adjective,positive,blue,✲✲✲schön✲✲✲✲,adjective,positive,blue,0.4932,match,0.4545,0,0.428,0.5637,59.91443883098485
33,1141,29,28,9,part_of_speech_classification,color_matching,matching,match_left,schlecht,adjective,negative,brown,✲✲✲✲gift✲✲✲✲,noun,negative,brown,0.4932,nonmatch,0.5467,1,0.4277,0.5634,59.88182643796884
33,1142,30,28,9,part_of_speech_classification,color_matching,matching,match_left,schön,adjective,positive,blue,✲✲schleim✲✲✲,noun,negative,brown,0.4932,nonmatch,0.4753,0,0.4284,0.5641,59.97437208339959
33,1143,31,28,9,part_of_speech_classification,color_matching,matching,match_left,schön,adjective,positive,blue,✲✲✲gütig✲✲✲✲,adjective,positive,brown,0.4932,nonmatch,0.5403,0,0.4282,0.5639,59.94286789232988
33,1144,32,28,9,part_of_speech_classification,color_matching,matching,match_left,spaß,noun,positive,brown,✲✲✲schön✲✲✲✲,adjective,positive,blue,0.4932,nonmatch,0.4824,0,0.4279,0.5636,59.91099203391945
33,1145,33,28,9,part_of_speech_classification,color_matching,matching,match_left,spaß,noun,positive,brown,✲✲✲eitel✲✲✲✲,adjective,negative,brown,0.4932,match,0.6583,0,0.4277,0.5634,59.87867827070442
33,1146,34,28,9,part_of_speech_classification,color_matching,matching,match_left,leiche,noun,negative,blue,✲✲✲gierig✲✲✲,adjective,negative,blue,0.4932,match,0.5351,0,0.4275,0.5632,59.845858703352576
33,1147,35,28,9,part_of_speech_classification,color_matching,matching,match_left,lustig,adjective,positive,brown,✲✲ehrlich✲✲✲,adjective,positive,blue,0.4933,nonmatch,0.4135,0,0.4272,0.5629,59.81246350265408
33,1148,36,28,9,part_of_speech_classification,color_matching,matching,match_left,launisch,adjective,negative,brown,✲✲✲eitel✲✲✲✲,adjective,negative,blue,0.4935,nonmatch,0.5191,0,0.427,0.5627,59.7784206316544
33,1149,37,28,9,part_of_speech_classification,color_matching,matching,match_left,ehrlich,adjective,positive,brown,✲✲✲lustig✲✲✲,adjective,positive,brown,0.4932,match,0.4682,0,0.4267,0.5625,59.743655556367585
33,1150,38,28,9,part_of_speech_classification,color_matching,matching,match_left,entführung,noun,negative,blue,✲✲schlecht✲✲,adjective,negative,brown,0.4962,nonmatch,0.6545,0,0.4265,0.5622,59.71310934134672
33,1151,39,28,9,part_of_speech_classification,color_matching,matching,match_left,glück,noun,positive,brown,✲✲einfall✲✲✲,noun,positive,blue,0.4932,nonmatch,0.4912,0,0.4263,0.562,59.683463508476784
33,1152,40,28,9,part_of_speech_classification,color_matching,matching,match_left,schleim,noun,negative,blue,✲✲✲lustig✲✲✲,adjective,positive,blue,0.4932,match,0.4473,0,0.4261,0.5618,59.654123830442806
33,1153,41,28,9,part_of_speech_classification,color_matching,matching,match_left,eitel,adjective,negative,blue,✲✲✲glück✲✲✲✲,noun,positive,blue,0.4962,match,0.4184,0,0.4259,0.5616,59.62503236190133
33,1154,42,28,9,part_of_speech_classification,color_matching,matching,match_left,eitel,adjective,negative,blue,✲✲✲lustig✲✲✲,adjective,positive,brown,0.4932,nonmatch,0.4681,0,0.4257,0.5614,59.59613212930075
33,1155,43,28,9,part_of_speech_classification,color_matching,matching,match_left,spaß,noun,positive,blue,✲✲✲liebe✲✲✲✲,noun,positive,blue,0.4932,match,0.4824,0,0.4255,0.5612,59.56736691141181
33,1156,44,28,9,part_of_speech_classification,color_matching,matching,match_left,launisch,adjective,negative,brown,✲✲✲liebe✲✲✲✲,noun,positive,brown,0.496,match,0.5185,0,0.4253,0.561,59.53868102507581
33,1157,45,28,9,part_of_speech_classification,color_matching,matching,match_left,lustig,adjective,positive,brown,✲✲launisch✲✲,adjective,negative,blue,0.4932,nonmatch,0.468,0,0.4251,0.5608,59.510019114919
33,1158,46,28,9,part_of_speech_classification,color_matching,matching,match_left,gierig,adjective,negative,brown,✲✲ehrlich✲✲✲,adjective,positive,blue,0.4932,nonmatch,0.6159,0,0.4249,0.5606,59.48132594582297
33,1159,47,28,9,part_of_speech_classification,color_matching,matching,match_left,schlecht,adjective,negative,brown,✲✲✲gütig✲✲✲✲,adjective,positive,brown,0.4932,match,0.4763,0,0.4247,0.5604,59.452546196974524
33,1160,48,28,9,part_of_speech_classification,color_matching,matching,match_left,schön,adjective,positive,brown,✲✲schlecht✲✲,adjective,negative,brown,0.4932,match,0.5252,0,0.4245,0.5602,59.42362425633983
33,1161,49,28,9,part_of_speech_classification,color_matching,matching,match_left,gierig,adjective,negative,blue,✲✲schlecht✲✲,adjective,negative,blue,0.4932,match,0.4967,0,0.4242,0.56,59.39468766132023
33,1162,50,28,9,part_of_speech_classification,color_matching,matching,match_left,leiche,noun,negative,blue,✲✲✲✲gift✲✲✲✲,noun,negative,blue,0.4932,match,0.3816,0,0.424,0.5598,59.36548586544352
33,1163,51,28,9,part_of_speech_classification,color_matching,matching,match_left,einfall,noun,positive,blue,✲✲✲glück✲✲✲✲,noun,positive,brown,0.4932,nonmatch,0.4984,0,0.4238,0.5595,59.33596193658389
33,1164,52,28,9,part_of_speech_classification,color_matching,matching,match_left,schleim,noun,negative,brown,✲✲✲✲spaß✲✲✲✲,noun,positive,blue,0.4932,nonmatch,0.5266,0,0.4236,0.5593,59.30605773626471
33,1165,53,28,9,part_of_speech_classification,color_matching,matching,match_left,gift,noun,negative,brown,✲✲✲schön✲✲✲✲,adjective,positive,blue,0.4932,nonmatch,0.3927,0,0.4234,0.5591,59.27571370228494
33,1166,54,28,9,part_of_speech_classification,color_matching,matching,match_left,schön,adjective,positive,brown,✲✲✲glück✲✲✲✲,noun,positive,brown,0.4932,match,0.4472,0,0.4232,0.5589,59.24486862420968
33,1167,55,28,9,part_of_speech_classification,color_matching,matching,match_left,schleim,noun,negative,brown,✲✲✲eitel✲✲✲✲,adjective,negative,brown,0.4932,match,0.3903,0,0.423,0.5587,59.21345941051013
33,1168,56,28,9,part_of_speech_classification,color_matching,matching,match_left,ehrlich,adjective,positive,blue,✲✲✲leiche✲✲✲,noun,negative,blue,0.4932,match,0.5196,0,0.4227,0.5584,59.18142084608994
33,1169,57,28,9,part_of_speech_classification,color_matching,matching,match_left,einfall,noun,positive,blue,✲✲✲gütig✲✲✲✲,adjective,positive,brown,0.4932,nonmatch,0.468,0,0.4225,0.5582,59.148685338878586
33,1170,58,28,9,part_of_speech_classification,color_matching,matching,match_left,liebe,noun,positive,blue,✲✲✲leiche✲✲✲,noun,negative,brown,0.4932,nonmatch,0.4924,0,0.4223,0.558,59.11993851840486
33,1171,59,28,9,part_of_speech_classification,color_matching,matching,match_left,entführung,noun,negative,blue,✲✲einfall✲✲✲,noun,positive,blue,0.4932,match,0.4895,0,0.4221,0.5578,59.09198135492264
33,1172,60,28,9,part_of_speech_classification,color_matching,matching,match_left,liebe,noun,positive,blue,✲✲✲lustig✲✲✲,adjective,positive,blue,0.4932,match,0.4494,0,0.4219,0.5576,59.06430624145475
33,1173,61,28,9,part_of_speech_classification,color_matching,matching,match_left,einfall,noun,positive,blue,✲✲✲✲gift✲✲✲✲,noun,negative,blue,0.4932,match,0.4217,0,0.4217,0.5574,59.0368611263162
33,1174,62,28,9,part_of_speech_classification,color_matching,matching,match_left,ehrlich,adjective,positive,blue,✲✲✲eitel✲✲✲✲,adjective,negative,blue,0.4932,match,0.5539,0,0.4215,0.5572,59.009594761866765
33,1175,63,28,9,part_of_speech_classification,color_matching,matching,match_left,spaß,noun,positive,brown,✲entführung✲,noun,negative,blue,0.4932,nonmatch,0.4395,0,0.4213,0.557,58.98245651721943
33,1176,64,28,9,part_of_speech_classification,color_matching,matching,match_left,eitel,adjective,negative,blue,✲✲schleim✲✲✲,noun,negative,brown,0.4932,nonmatch,0.4537,0,0.4211,0.5568,58.95539619479432
33,1177,1,29,10,part_of_speech_classification,color_matching,matching,match_left,gütig,adjective,positive,brown,✲✲✲schön✲✲✲✲,adjective,positive,brown,0.5284,match,0.5044,0,0.4209,0.5566,58.92836384970318
33,1178,2,29,10,part_of_speech_classification,color_matching,matching,match_left,gütig,adjective,positive,blue,✲entführung✲,noun,negative,brown,0.4932,nonmatch,0.4394,0,0.4207,0.5564,58.90130961097927
33,1179,3,29,10,part_of_speech_classification,color_matching,matching,match_left,schleim,noun,negative,brown,✲✲✲liebe✲✲✲✲,noun,positive,blue,0.4932,match,0.5038,1,0.4205,0.5562,58.874183503686574
33,1179,3,29,10,part_of_speech_classification,color_matching,matching,match_left,schleim,noun,negative,brown,✲✲✲liebe✲✲✲✲,noun,positive,blue,0.4932,nonmatch,0.6828,0,0.4205,0.5562,58.874183503686574
33,1180,4,29,10,part_of_speech_classification,color_matching,matching,match_left,entführung,noun,negative,blue,✲✲schlecht✲✲,adjective,negative,brown,0.4932,nonmatch,0.4133,0,0.4203,0.556,58.84693527095625
33,1181,5,29,10,part_of_speech_classification,color_matching,matching,match_left,liebe,noun,positive,brown,✲✲✲gierig✲✲✲,adjective,negative,brown,0.4932,match,0.4562,0,0.4201,0.5559,58.81968939945979
33,1182,6,29,10,part_of_speech_classification,color_matching,matching,match_left,launisch,adjective,negative,blue,✲✲✲leiche✲✲✲,noun,negative,blue,0.4932,nonmatch,0.5414,1,0.4199,0.5557,58.79221012340468
33,1183,7,29,10,part_of_speech_classification,color_matching,matching,match_left,schön,adjective,positive,blue,✲✲✲lustig✲✲✲,adjective,positive,blue,0.4932,match,0.568,0,0.4205,0.5562,58.86978237458926
33,1184,8,29,10,part_of_speech_classification,color_matching,matching,match_left,entführung,noun,negative,blue,✲✲✲schön✲✲✲✲,adjective,positive,blue,0.507,match,0.4898,0,0.4203,0.556,58.84278400510056
33,1185,9,29,10,part_of_speech_classification,color_matching,matching,match_left,schlecht,adjective,negative,blue,✲✲✲gierig✲✲✲,adjective,negative,brown,0.4932,nonmatch,0.4752,0,0.4201,0.5558,58.81578120143601
33,1186,10,29,10,part_of_speech_classification,color_matching,matching,match_left,launisch,adjective,negative,brown,✲✲ehrlich✲✲✲,adjective,positive,blue,0.4932,nonmatch,0.4483,0,0.4199,0.5556,58.788541542743225
33,1187,11,29,10,part_of_speech_classification,color_matching,matching,match_left,schlecht,adjective,negative,blue,✲✲schleim✲✲✲,noun,negative,brown,0.4932,nonmatch,0.4788,0,0.4197,0.5554,58.76101445900128
33,1188,12,29,10,part_of_speech_classification,color_matching,matching,match_left,lustig,adjective,positive,blue,✲✲schlecht✲✲,adjective,negative,blue,0.4932,match,0.5181,0,0.4195,0.5552,58.73314830802867
33,1189,13,29,10,part_of_speech_classification,color_matching,matching,match_left,glück,noun,positive,blue,✲✲✲✲spaß✲✲✲✲,noun,positive,brown,0.4932,nonmatch,0.4572,0,0.4193,0.555,58.70489019056226
33,1190,14,29,10,part_of_speech_classification,color_matching,matching,match_left,leiche,noun,negative,blue,✲✲launisch✲✲,adjective,negative,blue,0.4932,match,0.4609,0,0.4191,0.5548,58.676185759053816
33,1191,15,29,10,part_of_speech_classification,color_matching,matching,match_left,schleim,noun,negative,brown,✲✲✲lustig✲✲✲,adjective,positive,blue,0.4932,nonmatch,0.4544,0,0.4189,0.5546,58.64697901918498
33,1192,16,29,10,part_of_speech_classification,color_matching,matching,match_left,gierig,adjective,negative,brown,✲✲schlecht✲✲,adjective,negative,brown,0.4932,match,0.4609,0,0.4187,0.5544,58.61721212305974
33,1193,17,29,10,part_of_speech_classification,color_matching,matching,match_left,gierig,adjective,negative,blue,✲✲✲gütig✲✲✲✲,adjective,positive,brown,0.4932,nonmatch,0.5181,0,0.4185,0.5542,58.586825152982954
33,1194,18,29,10,part_of_speech_classification,color_matching,matching,match_left,ehrlich,adjective,positive,brown,✲✲✲gütig✲✲✲✲,adjective,positive,blue,0.4932,nonmatch,0.4477,0,0.4183,0.554,58.55592739384394
33,1195,19,29,10,part_of_speech_classification,color_matching,matching,match_left,gütig,adjective,positive,brown,✲✲✲gierig✲✲✲,adjective,negative,brown,0.4932,match,0.47,0,0.4181,0.5538,58.52914963473302
33,1196,20,29,10,part_of_speech_classification,color_matching,matching,match_left,schleim,noun,negative,brown,✲✲✲leiche✲✲✲,noun,negative,blue,0.4932,nonmatch,0.4967,0,0.4179,0.5536,58.50267497490415
33,1197,21,29,10,part_of_speech_classification,color_matching,matching,match_left,spaß,noun,positive,brown,✲✲✲lustig✲✲✲,adjective,positive,brown,0.4932,match,0.5444,0,0.4177,0.5534,58.4764554581287
33,1198,22,29,10,part_of_speech_classification,color_matching,matching,match_left,entführung,noun,negative,brown,✲✲✲✲spaß✲✲✲✲,noun,positive,brown,0.4932,match,0.4704,0,0.4175,0.5532,58.4504439437414
33,1199,23,29,10,part_of_speech_classification,color_matching,matching,match_left,eitel,adjective,negative,brown,✲✲✲✲gift✲✲✲✲,noun,negative,brown,0.4932,match,0.4146,0,0.4173,0.553,58.424593941278616
33,1200,24,29,10,part_of_speech_classification,color_matching,matching,match_left,gift,noun,negative,blue,✲✲schleim✲✲✲,noun,negative,blue,0.4932,match,0.5201,0,0.4171,0.5528,58.39885944870973
33,1201,25,29,10,part_of_speech_classification,color_matching,matching,match_left,eitel,adjective,negative,brown,✲✲✲liebe✲✲✲✲,noun,positive,brown,0.4932,match,0.4323,0,0.417,0.5527,58.37319479340461
33,1202,26,29,10,part_of_speech_classification,color_matching,matching,match_left,liebe,noun,positive,blue,✲✲✲schön✲✲✲✲,adjective,positive,blue,0.4932,match,0.44,0,0.4168,0.5525,58.34755447500232
33,1203,27,29,10,part_of_speech_classification,color_matching,matching,match_left,launisch,adjective,negative,blue,✲✲✲eitel✲✲✲✲,adjective,negative,blue,0.4932,match,0.4044,0,0.4166,0.5523,58.321893009364565
33,1204,28,29,10,part_of_speech_classification,color_matching,matching,match_left,schlecht,adjective,negative,brown,✲✲✲schön✲✲✲✲,adjective,positive,brown,0.4932,match,0.5767,0,0.4164,0.5521,58.29616477280883
33,1205,29,29,10,part_of_speech_classification,color_matching,matching,match_left,spaß,noun,positive,blue,✲✲launisch✲✲,adjective,negative,blue,0.4932,match,0.4109,0,0.4162,0.5519,58.270323845823015
33,1206,30,29,10,part_of_speech_classification,color_matching,matching,match_left,schlecht,adjective,negative,blue,✲✲✲✲spaß✲✲✲✲,noun,positive,brown,0.4932,nonmatch,0.5356,0,0.416,0.5517,58.24432385546324
33,1207,31,29,10,part_of_speech_classification,color_matching,matching,match_left,liebe,noun,positive,blue,✲✲✲glück✲✲✲✲,noun,positive,blue,0.4932,match,0.4609,0,0.4158,0.5516,58.21828077583271
33,1208,32,29,10,part_of_speech_classification,color_matching,matching,match_left,ehrlich,adjective,positive,brown,✲✲launisch✲✲,adjective,negative,blue,0.4932,nonmatch,0.4466,0,0.4157,0.5514,58.191975925301534
33,1209,33,29,10,part_of_speech_classification,color_matching,matching,match_left,lustig,adjective,positive,blue,✲✲✲✲spaß✲✲✲✲,noun,positive,blue,0.5329,match,0.4218,0,0.4155,0.5512,58.165361224127054
33,1210,34,29,10,part_of_speech_classification,color_matching,matching,match_left,schön,adjective,positive,brown,✲✲✲leiche✲✲✲,noun,negative,blue,0.4932,nonmatch,0.4537,0,0.4153,0.551,58.13838742526457
33,1211,35,29,10,part_of_speech_classification,color_matching,matching,match_left,glück,noun,positive,blue,✲✲schlecht✲✲,adjective,negative,brown,0.4932,nonmatch,0.3745,0,0.4151,0.5508,58.11100393974124
33,1212,36,29,10,part_of_speech_classification,color_matching,matching,match_left,einfall,noun,positive,brown,✲✲✲eitel✲✲✲✲,adjective,negative,blue,0.4932,nonmatch,0.4688,0,0.4149,0.5506,58.083158655199846
33,1213,37,29,10,part_of_speech_classification,color_matching,matching,match_left,spaß,noun,positive,brown,✲✲einfall✲✲✲,noun,positive,brown,0.4932,match,0.4503,0,0.4147,0.5504,58.054797746670545
33,1214,38,29,10,part_of_speech_classification,color_matching,matching,match_left,gift,noun,negative,brown,✲✲✲gierig✲✲✲,adjective,negative,blue,0.4932,nonmatch,0.4323,0,0.4145,0.5502,58.025865478582034
33,1215,39,29,10,part_of_speech_classification,color_matching,matching,match_left,entführung,noun,negative,brown,✲✲✲✲gift✲✲✲✲,noun,negative,brown,0.4932,match,0.4031,0,0.4143,0.55,57.99630399696929
33,1216,40,29,10,part_of_speech_classification,color_matching,matching,match_left,einfall,noun,positive,brown,✲✲✲liebe✲✲✲✲,noun,positive,blue,0.4932,nonmatch,0.47,0,0.4141,0.5498,57.96722878018818
33,1217,41,29,10,part_of_speech_classification,color_matching,matching,match_left,spaß,noun,positive,blue,✲entführung✲,noun,negative,blue,0.4932,match,0.4068,0,0.4139,0.5496,57.94125370559477
33,1218,42,29,10,part_of_speech_classification,color_matching,matching,match_left,schön,adjective,positive,blue,✲✲✲eitel✲✲✲✲,adjective,negative,brown,0.4932,nonmatch,0.5776,0,0.4137,0.5494,57.915551987426085
33,1219,43,29,10,part_of_speech_classification,color_matching,matching,match_left,glück,noun,positive,blue,✲✲ehrlich✲✲✲,adjective,positive,brown,0.4932,nonmatch,0.7231,0,0.4135,0.5492,57.89007815692155
33,1220,44,29,10,part_of_speech_classification,color_matching,matching,match_left,gierig,adjective,negative,brown,✲entführung✲,noun,negative,blue,0.4932,nonmatch,0.4495,0,0.4133,0.549,57.86478741250901
33,1221,45,29,10,part_of_speech_classification,color_matching,matching,match_left,liebe,noun,positive,blue,✲✲✲leiche✲✲✲,noun,negative,brown,0.4932,nonmatch,0.4339,0,0.4131,0.5489,57.8396354669514
33,1222,46,29,10,part_of_speech_classification,color_matching,matching,match_left,schleim,noun,negative,brown,✲✲✲eitel✲✲✲✲,adjective,negative,brown,0.4932,match,0.5481,0,0.413,0.5487,57.814578397109955
33,1223,47,29,10,part_of_speech_classification,color_matching,matching,match_left,ehrlich,adjective,positive,brown,✲✲einfall✲✲✲,noun,positive,blue,0.4932,nonmatch,0.4251,0,0.4128,0.5485,57.78957249555172
33,1224,48,29,10,part_of_speech_classification,color_matching,matching,match_left,einfall,noun,positive,brown,✲✲✲✲gift✲✲✲✲,noun,negative,brown,0.4932,match,0.4062,0,0.4126,0.5483,57.76457412324572
33,1225,49,29,10,part_of_speech_classification,color_matching,matching,match_left,leiche,noun,negative,blue,✲✲einfall✲✲✲,noun,positive,blue,0.4932,match,0.4252,0,0.4124,0.5481,57.739539562600925
33,1226,50,29,10,part_of_speech_classification,color_matching,matching,match_left,einfall,noun,positive,brown,✲✲✲gütig✲✲✲✲,adjective,positive,blue,0.4932,nonmatch,0.4895,0,0.4122,0.548,57.71442487010535
33,1227,51,29,10,part_of_speech_classification,color_matching,matching,match_left,schön,adjective,positive,brown,✲✲✲glück✲✲✲✲,noun,positive,brown,0.4932,match,0.4405,0,0.4121,0.5478,57.68918572782524
33,1228,52,29,10,part_of_speech_classification,color_matching,matching,match_left,eitel,adjective,negative,brown,✲✲launisch✲✲,adjective,negative,blue,0.4932,nonmatch,0.4466,0,0.4119,0.5476,57.663777293019834
33,1229,53,29,10,part_of_speech_classification,color_matching,matching,match_left,launisch,adjective,negative,blue,✲✲✲glück✲✲✲✲,noun,positive,blue,0.4932,match,0.4967,0,0.4117,0.5474,57.63831188823029
33,1230,54,29,10,part_of_speech_classification,color_matching,matching,match_left,leiche,noun,negative,blue,✲entführung✲,noun,negative,brown,0.4932,nonmatch,0.5596,0,0.4115,0.5472,57.61257777350759
33,1231,55,29,10,part_of_speech_classification,color_matching,matching,match_left,glück,noun,positive,brown,✲✲schleim✲✲✲,noun,negative,blue,0.4932,nonmatch,0.6134,0,0.4113,0.547,57.58652817857735
33,1232,56,29,10,part_of_speech_classification,color_matching,matching,match_left,lustig,adjective,positive,blue,✲✲ehrlich✲✲✲,adjective,positive,brown,0.4932,nonmatch,0.418,0,0.4111,0.5469,57.56011512208041
33,1233,57,29,10,part_of_speech_classification,color_matching,matching,match_left,gütig,adjective,positive,blue,✲✲✲liebe✲✲✲✲,noun,positive,brown,0.4932,nonmatch,0.5094,0,0.411,0.5467,57.533289241571865
33,1234,58,29,10,part_of_speech_classification,color_matching,matching,match_left,ehrlich,adjective,positive,blue,✲✲✲✲gift✲✲✲✲,noun,negative,blue,0.4961,match,0.5038,0,0.4108,0.5465,57.50599961636958
33,1235,59,29,10,part_of_speech_classification,color_matching,matching,match_left,leiche,noun,negative,blue,✲✲ehrlich✲✲✲,adjective,positive,brown,0.4932,nonmatch,0.4353,0,0.4106,0.5463,57.47819358233053
33,1236,60,29,10,part_of_speech_classification,color_matching,matching,match_left,lustig,adjective,positive,brown,✲✲schleim✲✲✲,noun,negative,brown,0.4932,match,0.4832,0,0.4104,0.5461,57.44981653758397
33,1237,61,29,10,part_of_speech_classification,color_matching,matching,match_left,eitel,adjective,negative,blue,✲✲✲lustig✲✲✲,adjective,positive,blue,0.4961,nonmatch,0.4556,1,0.4101,0.5459,57.4208117381928
33,1238,62,29,10,part_of_speech_classification,color_matching,matching,match_left,gift,noun,negative,blue,✲✲✲glück✲✲✲✲,noun,positive,brown,0.4932,nonmatch,0.4979,0,0.4107,0.5465,57.50377648614864
33,1239,63,29,10,part_of_speech_classification,color_matching,matching,match_left,gift,noun,negative,brown,✲✲✲gütig✲✲✲✲,adjective,positive,brown,0.4932,match,0.4967,0,0.4105,0.5463,57.476178565458156
33,1240,64,29,10,part_of_speech_classification,color_matching,matching,match_left,gierig,adjective,negative,brown,✲✲einfall✲✲✲,noun,positive,blue,0.4932,nonmatch,0.436,0,0.4103,0.5461,57.44801267114042
33,1241,1,30,11,part_of_speech_classification,color_matching,matching,match_left,gierig,adjective,negative,brown,✲entführung✲,noun,negative,blue,0.4932,nonmatch,0.479,0,0.4101,0.5459,57.41922294425079
33,1242,2,30,11,part_of_speech_classification,color_matching,matching,match_left,eitel,adjective,negative,blue,✲✲schlecht✲✲,adjective,negative,blue,0.4932,match,0.5213,0,0.4099,0.5456,57.390822048126594
33,1243,3,30,11,part_of_speech_classification,color_matching,matching,match_left,leiche,noun,negative,blue,✲entführung✲,noun,negative,blue,0.4932,match,0.3711,0,0.4098,0.5455,57.365401902196815
33,1244,4,30,11,part_of_speech_classification,color_matching,matching,match_left,schlecht,adjective,negative,brown,✲✲launisch✲✲,adjective,negative,brown,0.4932,nonmatch,0.396,1,0.4096,0.5453,57.340241710553435
33,1245,5,30,11,part_of_speech_classification,color_matching,matching,match_left,entführung,noun,negative,blue,✲✲ehrlich✲✲✲,adjective,positive,brown,0.4932,nonmatch,0.4323,0,0.4101,0.5458,57.417639544778666
33,1246,6,30,11,part_of_speech_classification,color_matching,matching,match_left,schlecht,adjective,negative,brown,✲✲✲glück✲✲✲✲,noun,positive,blue,0.4932,nonmatch,0.4902,0,0.4099,0.5456,57.38965920839807
33,1247,7,30,11,part_of_speech_classification,color_matching,matching,match_left,ehrlich,adjective,positive,brown,✲✲✲✲gift✲✲✲✲,noun,negative,blue,0.4932,nonmatch,0.4037,0,0.4097,0.5455,57.364496663421484
33,1248,8,30,11,part_of_speech_classification,color_matching,matching,match_left,schleim,noun,negative,brown,✲✲✲✲spaß✲✲✲✲,noun,positive,brown,0.4932,match,0.468,0,0.4096,0.5453,57.339591858966514
33,1249,9,30,11,part_of_speech_classification,color_matching,matching,match_left,eitel,adjective,negative,blue,✲✲schleim✲✲✲,noun,negative,brown,0.4932,nonmatch,0.4031,0,0.4094,0.5451,57.31490189622206
33,1250,10,30,11,part_of_speech_classification,color_matching,matching,match_left,liebe,noun,positive,brown,✲✲einfall✲✲✲,noun,positive,blue,0.4932,nonmatch,0.5181,0,0.4092,0.5449,57.290384463436254
33,1251,11,30,11,part_of_speech_classification,color_matching,matching,match_left,ehrlich,adjective,positive,blue,✲✲✲eitel✲✲✲✲,adjective,negative,brown,0.4932,nonmatch,0.4751,0,0.409,0.5448,57.2659976960619
33,1252,12,30,11,part_of_speech_classification,color_matching,matching,match_left,lustig,adjective,positive,brown,✲✲launisch✲✲,adjective,negative,brown,0.4932,match,0.4687,0,0.4089,0.5446,57.24170003900861
33,1253,13,30,11,part_of_speech_classification,color_matching,matching,match_left,einfall,noun,positive,brown,✲✲ehrlich✲✲✲,adjective,positive,blue,0.4932,nonmatch,0.4293,0,0.4087,0.5444,57.217450110318765
33,1254,14,30,11,part_of_speech_classification,color_matching,matching,match_left,launisch,adjective,negative,brown,✲✲✲gierig✲✲✲,adjective,negative,blue,0.4932,nonmatch,0.5066,0,0.4085,0.5442,57.193206565595176
33,1255,15,30,11,part_of_speech_classification,color_matching,matching,match_left,ehrlich,adjective,positive,brown,✲✲✲gütig✲✲✲✲,adjective,positive,brown,0.4932,match,0.3612,0,0.4083,0.5441,57.16892796251561
33,1256,16,30,11,part_of_speech_classification,color_matching,matching,match_left,schleim,noun,negative,brown,✲✲✲schön✲✲✲✲,adjective,positive,brown,0.4932,match,0.5193,0,0.4082,0.5439,57.14457262477172
33,1257,17,30,11,part_of_speech_classification,color_matching,matching,match_left,eitel,adjective,negative,brown,✲✲ehrlich✲✲✲,adjective,positive,brown,0.4932,match,0.4466,0,0.408,0.5437,57.1200985047683
33,1258,18,30,11,part_of_speech_classification,color_matching,matching,match_left,gütig,adjective,positive,brown,✲✲✲gierig✲✲✲,adjective,negative,blue,0.4936,nonmatch,0.4626,0,0.4078,0.5435,57.0954630444124
33,1259,19,30,11,part_of_speech_classification,color_matching,matching,match_left,glück,noun,positive,brown,✲✲✲gierig✲✲✲,adjective,negative,brown,0.4932,match,0.4051,0,0.4076,0.5434,57.070776757674395
33,1260,20,30,11,part_of_speech_classification,color_matching,matching,match_left,eitel,adjective,negative,brown,✲✲einfall✲✲✲,noun,positive,brown,0.4962,match,0.511,0,0.4075,0.5432,57.04583476498139
33,1261,21,30,11,part_of_speech_classification,color_matching,matching,match_left,gütig,adjective,positive,blue,✲✲✲schön✲✲✲✲,adjective,positive,blue,0.4932,match,0.5147,0,0.4073,0.543,57.02059266483965
33,1262,22,30,11,part_of_speech_classification,color_matching,matching,match_left,entführung,noun,negative,blue,✲✲✲eitel✲✲✲✲,adjective,negative,brown,0.4932,nonmatch,0.4609,0,0.4071,0.5428,56.99500490921458
33,1263,23,30,11,part_of_speech_classification,color_matching,matching,match_left,gift,noun,negative,brown,✲✲✲gütig✲✲✲✲,adjective,positive,blue,0.4932,nonmatch,0.4823,0,0.4069,0.5426,56.969024645603014
33,1264,24,30,11,part_of_speech_classification,color_matching,matching,match_left,gütig,adjective,positive,blue,✲✲✲leiche✲✲✲,noun,negative,brown,0.4932,nonmatch,0.4763,0,0.4067,0.5424,56.942603552435706
33,1265,25,30,11,part_of_speech_classification,color_matching,matching,match_left,gift,noun,negative,brown,✲✲✲glück✲✲✲✲,noun,positive,blue,0.4932,nonmatch,0.428,0,0.4065,0.5423,56.915691666973714
33,1266,26,30,11,part_of_speech_classification,color_matching,matching,match_left,leiche,noun,negative,blue,✲✲✲gierig✲✲✲,adjective,negative,blue,0.4932,match,0.4824,0,0.4063,0.5421,56.88823720481465
33,1267,27,30,11,part_of_speech_classification,color_matching,matching,match_left,gütig,adjective,positive,brown,✲✲✲liebe✲✲✲✲,noun,positive,brown,0.4932,match,0.4752,0,0.4061,0.5419,56.86018637007409
33,1268,28,30,11,part_of_speech_classification,color_matching,matching,match_left,liebe,noun,positive,brown,✲✲✲schön✲✲✲✲,adjective,positive,brown,0.4975,match,0.436,0,0.4059,0.5417,56.83148315524964
33,1269,29,30,11,part_of_speech_classification,color_matching,matching,match_left,schleim,noun,negative,blue,✲✲✲leiche✲✲✲,noun,negative,brown,0.4932,nonmatch,0.5396,0,0.4058,0.5415,56.80559978994099
33,1270,30,30,11,part_of_speech_classification,color_matching,matching,match_left,einfall,noun,positive,brown,✲entführung✲,noun,negative,brown,0.4932,match,0.5182,0,0.4056,0.5413,56.78065317372954
33,1271,31,30,11,part_of_speech_classification,color_matching,matching,match_left,spaß,noun,positive,brown,✲✲launisch✲✲,adjective,negative,blue,0.4932,nonmatch,0.5252,0,0.4054,0.5411,56.75593420366432
33,1272,32,30,11,part_of_speech_classification,color_matching,matching,match_left,spaß,noun,positive,brown,✲✲✲glück✲✲✲✲,noun,positive,brown,0.4932,match,0.4701,0,0.4052,0.5409,56.73140042992849
33,1273,33,30,11,part_of_speech_classification,color_matching,matching,match_left,schlecht,adjective,negative,blue,✲✲✲gütig✲✲✲✲,adjective,positive,brown,0.4932,nonmatch,0.4108,0,0.4051,0.5408,56.70700987612283
33,1274,34,30,11,part_of_speech_classification,color_matching,matching,match_left,lustig,adjective,positive,brown,✲✲✲glück✲✲✲✲,noun,positive,blue,0.4932,nonmatch,0.4394,0,0.4049,0.5406,56.68272090147656
33,1275,35,30,11,part_of_speech_classification,color_matching,matching,match_left,gift,noun,negative,brown,✲✲schleim✲✲✲,noun,negative,brown,0.4932,match,0.3647,0,0.4047,0.5404,56.658492064539395
33,1276,36,30,11,part_of_speech_classification,color_matching,matching,match_left,lustig,adjective,positive,brown,✲✲ehrlich✲✲✲,adjective,positive,blue,0.4932,nonmatch,0.4555,0,0.4045,0.5402,56.63428198768592
33,1277,37,30,11,part_of_speech_classification,color_matching,matching,match_left,gierig,adjective,negative,blue,✲✲✲liebe✲✲✲✲,noun,positive,brown,0.4932,nonmatch,0.4609,0,0.4044,0.5401,56.61004922177104
33,1278,38,30,11,part_of_speech_classification,color_matching,matching,match_left,schleim,noun,negative,brown,✲✲launisch✲✲,adjective,negative,brown,0.4932,match,0.418,0,0.4042,0.5399,56.58575211027739
33,1279,39,30,11,part_of_speech_classification,color_matching,matching,match_left,einfall,noun,positive,blue,✲✲schlecht✲✲,adjective,negative,brown,0.4932,nonmatch,0.3816,0,0.404,0.5397,56.56134865229419
33,1280,40,30,11,part_of_speech_classification,color_matching,matching,match_left,glück,noun,positive,blue,✲✲✲liebe✲✲✲✲,noun,positive,blue,0.4932,match,0.4466,0,0.4038,0.5395,56.536796363661495
33,1281,41,30,11,part_of_speech_classification,color_matching,matching,match_left,launisch,adjective,negative,brown,✲✲✲leiche✲✲✲,noun,negative,brown,0.4932,nonmatch,0.4348,1,0.4037,0.5394,56.51220665052056
33,1282,42,30,11,part_of_speech_classification,color_matching,matching,match_left,schön,adjective,positive,blue,✲✲schlecht✲✲,adjective,negative,blue,0.5001,nonmatch,0.9384,1,0.4042,0.5399,56.58158457832519
33,1283,43,30,11,part_of_speech_classification,color_matching,matching,match_left,leiche,noun,negative,blue,✲✲✲lustig✲✲✲,adjective,positive,blue,0.4932,match,0.4928,0,0.4047,0.5404,56.65420097461576
33,1284,44,30,11,part_of_speech_classification,color_matching,matching,match_left,glück,noun,positive,blue,✲✲✲lustig✲✲✲,adjective,positive,brown,0.4932,nonmatch,0.4499,0,0.4045,0.5402,56.630469703745106
33,1285,45,30,11,part_of_speech_classification,color_matching,matching,match_left,spaß,noun,positive,blue,✲✲✲gütig✲✲✲✲,adjective,positive,blue,0.4932,match,0.5109,0,0.4043,0.54,56.60671321692506
33,1286,46,30,11,part_of_speech_classification,color_matching,matching,match_left,leiche,noun,negative,blue,✲✲einfall✲✲✲,noun,positive,brown,0.4932,nonmatch,0.4538,0,0.4042,0.5399,56.582891424781245
33,1287,47,30,11,part_of_speech_classification,color_matching,matching,match_left,schön,adjective,positive,blue,✲✲✲lustig✲✲✲,adjective,positive,brown,0.4932,nonmatch,0.4394,0,0.404,0.5397,56.55896390702485
33,1288,48,30,11,part_of_speech_classification,color_matching,matching,match_left,liebe,noun,positive,blue,✲✲✲eitel✲✲✲✲,adjective,negative,blue,0.4967,match,0.4802,0,0.4038,0.5395,56.53488978148994
33,1289,49,30,11,part_of_speech_classification,color_matching,matching,match_left,ehrlich,adjective,positive,blue,✲✲✲✲spaß✲✲✲✲,noun,positive,brown,0.4932,nonmatch,0.418,0,0.4036,0.5394,56.51077933137707
33,1290,50,30,11,part_of_speech_classification,color_matching,matching,match_left,schlecht,adjective,negative,blue,✲✲✲✲gift✲✲✲✲,noun,negative,blue,0.4932,match,0.5578,0,0.4035,0.5392,56.48643163263015
33,1291,51,30,11,part_of_speech_classification,color_matching,matching,match_left,glück,noun,positive,blue,✲✲schleim✲✲✲,noun,negative,brown,0.4932,nonmatch,0.4466,0,0.4033,0.539,56.461804150666744
33,1292,52,30,11,part_of_speech_classification,color_matching,matching,match_left,schön,adjective,positive,blue,✲✲einfall✲✲✲,noun,positive,blue,0.4932,match,0.4494,0,0.4031,0.5388,56.436853291901606
33,1293,53,30,11,part_of_speech_classification,color_matching,matching,match_left,entführung,noun,negative,brown,✲✲✲✲gift✲✲✲✲,noun,negative,blue,0.4932,match,0.4857,1,0.4029,0.5387,56.411534256027714
33,1293,53,30,11,part_of_speech_classification,color_matching,matching,match_left,entführung,noun,negative,brown,✲✲✲✲gift✲✲✲✲,noun,negative,blue,0.4932,nonmatch,0.6733,0,0.4029,0.5387,56.411534256027714
33,1294,54,30,11,part_of_speech_classification,color_matching,matching,match_left,spaß,noun,positive,brown,✲✲✲✲gift✲✲✲✲,noun,negative,blue,0.4932,nonmatch,0.4703,0,0.4028,0.5385,56.385800882238335
33,1295,55,30,11,part_of_speech_classification,color_matching,matching,match_left,schön,adjective,positive,blue,✲✲schleim✲✲✲,noun,negative,blue,0.4932,match,0.4465,0,0.4026,0.5383,56.35960548862823
33,1296,56,30,11,part_of_speech_classification,color_matching,matching,match_left,launisch,adjective,negative,blue,✲✲✲✲spaß✲✲✲✲,noun,positive,blue,0.4932,match,0.4609,0,0.4024,0.5381,56.332898703969086
33,1297,57,30,11,part_of_speech_classification,color_matching,matching,match_left,liebe,noun,positive,blue,✲✲✲leiche✲✲✲,noun,negative,blue,0.4932,match,0.3991,0,0.4022,0.5379,56.30562929100925
33,1298,58,30,11,part_of_speech_classification,color_matching,matching,match_left,einfall,noun,positive,blue,✲✲✲✲spaß✲✲✲✲,noun,positive,brown,0.4932,nonmatch,0.448,0,0.402,0.5377,56.277743960397146
33,1299,59,30,11,part_of_speech_classification,color_matching,matching,match_left,gierig,adjective,negative,brown,✲✲✲lustig✲✲✲,adjective,positive,blue,0.4932,match,0.5038,1,0.4018,0.5375,56.250822077550936
33,1300,60,30,11,part_of_speech_classification,color_matching,matching,match_left,gierig,adjective,negative,blue,✲✲✲eitel✲✲✲✲,adjective,negative,brown,0.4932,nonmatch,0.5788,0,0.4024,0.5381,56.33101964698649
33,1301,61,30,11,part_of_speech_classification,color_matching,matching,match_left,lustig,adjective,positive,brown,✲entführung✲,noun,negative,brown,0.4932,match,0.4128,0,0.4022,0.5379,56.303943472641116
33,1302,62,30,11,part_of_speech_classification,color_matching,matching,match_left,entführung,noun,negative,blue,✲✲✲liebe✲✲✲✲,noun,positive,blue,0.4932,match,0.549,0,0.402,0.5377,56.27625515663648
33,1303,63,30,11,part_of_speech_classification,color_matching,matching,match_left,launisch,adjective,negative,blue,✲✲✲schön✲✲✲✲,adjective,positive,blue,0.4932,match,0.4472,0,0.4018,0.5375,56.24973639778044
33,1304,64,30,11,part_of_speech_classification,color_matching,matching,match_left,gift,noun,negative,brown,✲✲schlecht✲✲,adjective,negative,blue,0.4932,nonmatch,0.483,0,0.4016,0.5373,56.225420857825746
33,1305,1,31,12,part_of_speech_classification,color_matching,matching,match_left,schön,adjective,positive,blue,✲✲✲liebe✲✲✲✲,noun,positive,blue,0.4932,match,0.4119,0,0.4014,0.5372,56.20134674002871
33,1306,2,31,12,part_of_speech_classification,color_matching,matching,match_left,spaß,noun,positive,blue,✲✲✲gütig✲✲✲✲,adjective,positive,brown,0.4932,nonmatch,0.4251,0,0.4013,0.537,56.177473584500426
33,1307,3,31,12,part_of_speech_classification,color_matching,matching,match_left,spaß,noun,positive,blue,✲✲✲liebe✲✲✲✲,noun,positive,brown,0.4932,nonmatch,0.4037,0,0.4011,0.5368,56.15376145586499
33,1308,4,31,12,part_of_speech_classification,color_matching,matching,match_left,schleim,noun,negative,brown,✲✲✲✲spaß✲✲✲✲,noun,positive,blue,0.4933,nonmatch,0.3503,0,0.4009,0.5366,56.13017081563851
33,1309,5,31,12,part_of_speech_classification,color_matching,matching,match_left,ehrlich,adjective,positive,blue,✲✲✲gütig✲✲✲✲,adjective,positive,blue,0.4932,match,0.3989,0,0.4008,0.5365,56.10666239637432
33,1310,6,31,12,part_of_speech_classification,color_matching,matching,match_left,spaß,noun,positive,blue,✲✲launisch✲✲,adjective,negative,brown,0.4932,nonmatch,0.4145,0,0.4006,0.5363,56.08319707697483
33,1311,7,31,12,part_of_speech_classification,color_matching,matching,match_left,spaß,noun,positive,brown,✲✲✲✲gift✲✲✲✲,noun,negative,brown,0.4932,match,0.5362,0,0.4004,0.5361,56.05973575857909
33,1312,8,31,12,part_of_speech_classification,color_matching,matching,match_left,eitel,adjective,negative,brown,✲✲schleim✲✲✲,noun,negative,brown,0.4932,match,0.4073,0,0.4003,0.536,56.03623924044033
33,1313,9,31,12,part_of_speech_classification,color_matching,matching,match_left,schleim,noun,negative,blue,✲✲✲leiche✲✲✲,noun,negative,blue,0.4932,match,0.3888,0,0.4001,0.5358,56.0126680952089
33,1314,10,31,12,part_of_speech_classification,color_matching,matching,match_left,eitel,adjective,negative,blue,✲✲einfall✲✲✲,noun,positive,blue,0.4932,match,0.4466,0,0.3999,0.5356,55.988982543034936
33,1315,11,31,12,part_of_speech_classification,color_matching,matching,match_left,ehrlich,adjective,positive,brown,✲✲✲leiche✲✲✲,noun,negative,blue,0.4932,nonmatch,0.4179,0,0.3998,0.5355,55.96514232389795
33,1316,12,31,12,part_of_speech_classification,color_matching,matching,match_left,launisch,adjective,negative,brown,✲✲✲glück✲✲✲✲,noun,positive,blue,0.4932,nonmatch,0.3745,0,0.3996,0.5353,55.94125587122473
33,1317,13,31,12,part_of_speech_classification,color_matching,matching,match_left,gift,noun,negative,brown,✲✲launisch✲✲,adjective,negative,blue,0.4932,nonmatch,0.485,0,0.3994,0.5351,55.917125553499176
33,1318,14,31,12,part_of_speech_classification,color_matching,matching,match_left,leiche,noun,negative,blue,✲✲✲schön✲✲✲✲,adjective,positive,blue,0.4932,match,0.4323,0,0.3992,0.5349,55.892709409086315
33,1319,15,31,12,part_of_speech_classification,color_matching,matching,match_left,gierig,adjective,negative,brown,✲✲✲gütig✲✲✲✲,adjective,positive,brown,0.4932,match,0.4985,0,0.3991,0.5348,55.86796441368903
33,1320,16,31,12,part_of_speech_classification,color_matching,matching,match_left,gütig,adjective,positive,brown,✲entführung✲,noun,negative,brown,0.4932,match,0.4259,0,0.3989,0.5346,55.84284633584538
33,1321,17,31,12,part_of_speech_classification,color_matching,matching,match_left,gierig,adjective,negative,blue,✲✲✲leiche✲✲✲,noun,negative,brown,0.496,nonmatch,0.4719,0,0.3987,0.5344,55.81730958645188
33,1322,18,31,12,part_of_speech_classification,color_matching,matching,match_left,launisch,adjective,negative,blue,✲entführung✲,noun,negative,blue,0.4959,nonmatch,0.4906,1,0.3985,0.5342,55.791307061574855
33,1322,18,31,12,part_of_speech_classification,color_matching,matching,match_left,launisch,adjective,negative,blue,✲entführung✲,noun,negative,blue,0.4959,match,0.577,0,0.3985,0.5342,55.791307061574855
33,1323,19,31,12,part_of_speech_classification,color_matching,matching,match_left,schleim,noun,negative,brown,✲✲ehrlich✲✲✲,adjective,positive,blue,0.4932,nonmatch,0.4823,0,0.3983,0.534,55.7647899777716
33,1324,20,31,12,part_of_speech_classification,color_matching,matching,match_left,schlecht,adjective,negative,blue,✲✲✲schön✲✲✲✲,adjective,positive,brown,0.4932,nonmatch,0.456,0,0.3981,0.5338,55.737707699099936
33,1325,21,31,12,part_of_speech_classification,color_matching,matching,match_left,lustig,adjective,positive,blue,✲✲✲schön✲✲✲✲,adjective,positive,brown,0.4932,nonmatch,0.4273,0,0.3979,0.5336,55.7100075549445
33,1326,22,31,12,part_of_speech_classification,color_matching,matching,match_left,schlecht,adjective,negative,brown,✲✲✲gierig✲✲✲,adjective,negative,blue,0.4932,nonmatch,0.3627,0,0.3977,0.5335,55.68447816736883
33,1327,23,31,12,part_of_speech_classification,color_matching,matching,match_left,schön,adjective,positive,brown,✲✲✲eitel✲✲✲✲,adjective,negative,blue,0.4932,nonmatch,0.468,0,0.3976,0.5333,55.66038179539301
33,1328,24,31,12,part_of_speech_classification,color_matching,matching,match_left,schlecht,adjective,negative,blue,✲✲✲liebe✲✲✲✲,noun,positive,brown,0.4932,nonmatch,0.3328,0,0.3974,0.5331,55.63651897149684
33,1329,25,31,12,part_of_speech_classification,color_matching,matching,match_left,leiche,noun,negative,blue,✲✲einfall✲✲✲,noun,positive,blue,0.4932,match,0.3888,0,0.3972,0.5329,55.61284956796014
33,1330,26,31,12,part_of_speech_classification,color_matching,matching,match_left,entführung,noun,negative,blue,✲✲✲lustig✲✲✲,adjective,positive,brown,0.4932,nonmatch,0.4982,0,0.3971,0.5328,55.58933396531364
33,1331,27,31,12,part_of_speech_classification,color_matching,matching,match_left,entführung,noun,negative,blue,✲✲✲gierig✲✲✲,adjective,negative,brown,0.4932,nonmatch,0.4823,0,0.3969,0.5326,55.56593292579252
33,1332,28,31,12,part_of_speech_classification,color_matching,matching,match_left,glück,noun,positive,brown,✲✲schleim✲✲✲,noun,negative,blue,0.4932,match,0.42,1,0.3967,0.5324,55.542607468493216
33,1333,29,31,12,part_of_speech_classification,color_matching,matching,match_left,glück,noun,positive,brown,✲✲✲lustig✲✲✲,adjective,positive,brown,0.4932,match,0.4752,0,0.3972,0.5329,55.61251761880217
33,1334,30,31,12,part_of_speech_classification,color_matching,matching,match_left,schön,adjective,positive,brown,✲✲ehrlich✲✲✲,adjective,positive,blue,0.4932,nonmatch,0.476,0,0.3971,0.5328,55.5892352400769
33,1335,31,31,12,part_of_speech_classification,color_matching,matching,match_left,eitel,adjective,negative,blue,✲✲launisch✲✲,adjective,negative,brown,0.4932,nonmatch,0.4966,0,0.3969,0.5326,55.56606778363812
33,1336,32,31,12,part_of_speech_classification,color_matching,matching,match_left,einfall,noun,positive,blue,✲✲✲schön✲✲✲✲,adjective,positive,blue,0.4932,match,0.4681,0,0.3967,0.5324,55.54297701244015
33,1337,33,31,12,part_of_speech_classification,color_matching,matching,match_left,launisch,adjective,negative,brown,✲✲ehrlich✲✲✲,adjective,positive,blue,0.4932,nonmatch,0.4564,0,0.3966,0.5323,55.51992482913625
33,1338,34,31,12,part_of_speech_classification,color_matching,matching,match_left,einfall,noun,positive,blue,✲entführung✲,noun,negative,blue,0.4932,match,0.4708,0,0.3964,0.5321,55.49687315643269
33,1339,35,31,12,part_of_speech_classification,color_matching,matching,match_left,liebe,noun,positive,blue,✲✲✲leiche✲✲✲,noun,negative,brown,0.4932,nonmatch,0.3851,0,0.3962,0.532,55.47378381744745
33,1340,36,31,12,part_of_speech_classification,color_matching,matching,match_left,gierig,adjective,negative,brown,✲✲✲✲spaß✲✲✲✲,noun,positive,brown,0.4932,match,0.4065,0,0.3961,0.5318,55.45061841551753
33,1341,37,31,12,part_of_speech_classification,color_matching,matching,match_left,lustig,adjective,positive,blue,✲✲schlecht✲✲,adjective,negative,blue,0.4932,match,0.5676,0,0.3959,0.5316,55.42733821289477
33,1342,38,31,12,part_of_speech_classification,color_matching,matching,match_left,schön,adjective,positive,blue,✲✲schleim✲✲✲,noun,negative,brown,0.4932,nonmatch,0.3972,0,0.3957,0.5315,55.40390400776605
33,1343,39,31,12,part_of_speech_classification,color_matching,matching,match_left,glück,noun,positive,blue,✲✲einfall✲✲✲,noun,positive,blue,0.4932,match,0.511,0,0.3956,0.5313,55.380422709868235
33,1344,40,31,12,part_of_speech_classification,color_matching,matching,match_left,gütig,adjective,positive,brown,✲✲✲lustig✲✲✲,adjective,positive,brown,0.4932,nonmatch,0.4344,1,0.3954,0.5311,55.35670063151979
33,1345,41,31,12,part_of_speech_classification,color_matching,matching,match_left,eitel,adjective,negative,blue,✲✲✲lustig✲✲✲,adjective,positive,blue,0.4932,match,0.5589,0,0.3959,0.5316,55.42376139760836
33,1346,42,31,12,part_of_speech_classification,color_matching,matching,match_left,einfall,noun,positive,brown,✲✲✲glück✲✲✲✲,noun,positive,blue,0.4932,nonmatch,0.4465,0,0.3957,0.5314,55.400513696384536
33,1347,43,31,12,part_of_speech_classification,color_matching,matching,match_left,gierig,adjective,negative,blue,✲✲schlecht✲✲,adjective,negative,blue,0.4932,match,0.429,0,0.3956,0.5313,55.377214654157775
33,1348,44,31,12,part_of_speech_classification,color_matching,matching,match_left,lustig,adjective,positive,blue,✲✲✲✲gift✲✲✲✲,noun,negative,blue,0.4932,match,0.3932,0,0.3954,0.5311,55.353672924818085
33,1349,45,31,12,part_of_speech_classification,color_matching,matching,match_left,ehrlich,adjective,positive,brown,✲✲launisch✲✲,adjective,negative,brown,0.4932,match,0.5555,0,0.3952,0.5309,55.329848277214886
33,1350,46,31,12,part_of_speech_classification,color_matching,matching,match_left,glück,noun,positive,brown,✲✲schlecht✲✲,adjective,negative,brown,0.4932,match,0.4,0,0.395,0.5308,55.3056994647523
33,1351,47,31,12,part_of_speech_classification,color_matching,matching,match_left,leiche,noun,negative,blue,✲✲schlecht✲✲,adjective,negative,blue,0.4962,match,0.4902,0,0.3949,0.5306,55.281184089687635
33,1352,48,31,12,part_of_speech_classification,color_matching,matching,match_left,ehrlich,adjective,positive,brown,✲✲✲✲spaß✲✲✲✲,noun,positive,brown,0.4932,match,0.4752,0,0.3947,0.5304,55.256258461881664
33,1353,49,31,12,part_of_speech_classification,color_matching,matching,match_left,leiche,noun,negative,brown,✲✲✲✲gift✲✲✲✲,noun,negative,blue,0.4932,nonmatch,0.4842,0,0.3945,0.5302,55.23087745132187
33,1354,50,31,12,part_of_speech_classification,color_matching,matching,match_left,gift,noun,negative,blue,✲✲✲glück✲✲✲✲,noun,positive,brown,0.4932,nonmatch,0.511,0,0.3943,0.53,55.20499433370434
33,1355,51,31,12,part_of_speech_classification,color_matching,matching,match_left,gift,noun,negative,blue,✲entführung✲,noun,negative,brown,0.4932,nonmatch,0.4466,0,0.3941,0.5298,55.17856062831931
33,1356,52,31,12,part_of_speech_classification,color_matching,matching,match_left,gütig,adjective,positive,brown,✲✲einfall✲✲✲,noun,positive,blue,0.4932,nonmatch,0.3921,0,0.3939,0.5297,55.15152592744103
33,1357,53,31,12,part_of_speech_classification,color_matching,matching,match_left,lustig,adjective,positive,blue,✲✲✲glück✲✲✲✲,noun,positive,brown,0.4932,nonmatch,0.5727,0,0.3938,0.5295,55.127359766378106
33,1358,54,31,12,part_of_speech_classification,color_matching,matching,match_left,schleim,noun,negative,brown,✲✲✲eitel✲✲✲✲,adjective,negative,brown,0.4932,match,0.4638,0,0.3936,0.5293,55.10409991550076
33,1359,55,31,12,part_of_speech_classification,color_matching,matching,match_left,schlecht,adjective,negative,brown,✲✲✲✲gift✲✲✲✲,noun,negative,blue,0.4932,nonmatch,0.4513,0,0.3934,0.5292,55.081069166479324
33,1360,56,31,12,part_of_speech_classification,color_matching,matching,match_left,entführung,noun,negative,brown,✲✲schleim✲✲✲,noun,negative,brown,0.4932,match,0.468,0,0.3933,0.529,55.05822952328916
33,1361,57,31,12,part_of_speech_classification,color_matching,matching,match_left,liebe,noun,positive,blue,✲✲✲gierig✲✲✲,adjective,negative,blue,0.4932,match,0.4264,0,0.3931,0.5288,55.03554349543871
33,1362,58,31,12,part_of_speech_classification,color_matching,matching,match_left,einfall,noun,positive,brown,✲✲✲eitel✲✲✲✲,adjective,negative,blue,0.4932,nonmatch,0.4538,0,0.3929,0.5287,55.012973980312445
33,1363,59,31,12,part_of_speech_classification,color_matching,matching,match_left,liebe,noun,positive,brown,✲✲ehrlich✲✲✲,adjective,positive,blue,0.4932,nonmatch,0.3966,0,0.3928,0.5285,54.99048414723992
33,1364,60,31,12,part_of_speech_classification,color_matching,matching,match_left,gütig,adjective,positive,blue,✲✲✲gierig✲✲✲,adjective,negative,brown,0.4932,nonmatch,0.4258,0,0.3926,0.5283,54.96803732274639
33,1365,61,31,12,part_of_speech_classification,color_matching,matching,match_left,liebe,noun,positive,brown,✲✲✲✲spaß✲✲✲✲,noun,positive,brown,0.4932,match,0.4538,0,0.3925,0.5282,54.94559687645061
33,1366,62,31,12,part_of_speech_classification,color_matching,matching,match_left,launisch,adjective,negative,brown,✲✲✲eitel✲✲✲✲,adjective,negative,brown,0.4932,match,0.4609,0,0.3923,0.528,54.92312610707959
33,1367,63,31,12,part_of_speech_classification,color_matching,matching,match_left,entführung,noun,negative,brown,✲✲✲liebe✲✲✲✲,noun,positive,brown,0.4932,match,0.4895,0,0.3921,0.5279,54.900588128073004
33,1368,64,31,12,part_of_speech_classification,color_matching,matching,match_left,gift,noun,negative,brown,✲✲✲gütig✲✲✲✲,adjective,positive,brown,0.4932,match,0.4402,0,0.392,0.5277,54.87794575224744
