sid,tid,tix,bid,bix,study_task,current_task,study_phase,key_assignment,prime_identity,prime_part_of_speech,prime_valence,prime_color,target_identity,target_part_of_speech,target_valence,target_color,target_onset,response,response_time,error,response_window_start,response_window_end,n_target
37,1,1,1,1,valence_classification,valence_classification,acquisition,positive_left,XVVX,,,black,eitel,adjective,negative,black,0.9027,positive,12.2958,1,0.41,0.54,41
37,2,2,1,1,valence_classification,valence_classification,acquisition,positive_left,XVVX,,,black,launisch,adjective,negative,black,0.8804,negative,0.9347,0,0.41,0.54,41
37,3,3,1,1,valence_classification,valence_classification,acquisition,positive_left,ZYYZ,,,black,gütig,adjective,positive,black,0.8804,positive,0.5608,0,0.41,0.54,41
37,4,4,1,1,valence_classification,valence_classification,acquisition,positive_left,WJJW,,,black,entführung,noun,negative,black,0.8804,negative,0.8973,0,0.41,0.54,41
37,5,5,1,1,valence_classification,valence_classification,acquisition,positive_left,ZYYZ,,,black,gütig,adjective,positive,black,0.8804,positive,0.5641,0,0.41,0.54,41
37,6,6,1,1,valence_classification,valence_classification,acquisition,positive_left,ZYYZ,,,black,ehrlich,adjective,positive,black,0.8804,positive,0.5793,0,0.41,0.54,41
37,7,7,1,1,valence_classification,valence_classification,acquisition,positive_left,ZYYZ,,,black,lustig,adjective,positive,black,0.8804,positive,0.5561,0,0.41,0.54,41
37,8,8,1,1,valence_classification,valence_classification,acquisition,positive_left,MQQM,,,black,glück,noun,positive,black,0.8804,positive,0.5248,0,0.41,0.54,41
37,9,9,1,1,valence_classification,valence_classification,acquisition,positive_left,MQQM,,,black,einfall,noun,positive,black,0.8804,positive,0.5154,0,0.41,0.54,41
37,10,10,1,1,valence_classification,valence_classification,acquisition,positive_left,XVVX,,,black,gierig,adjective,negative,black,0.8804,positive,0.4209,1,0.41,0.54,41
37,11,11,1,1,valence_classification,valence_classification,acquisition,positive_left,WJJW,,,black,gift,noun,negative,black,0.8804,negative,0.6641,0,0.41,0.54,41
37,12,12,1,1,valence_classification,valence_classification,acquisition,positive_left,MQQM,,,black,glück,noun,positive,black,0.8804,positive,0.6762,0,0.41,0.54,41
37,13,13,1,1,valence_classification,valence_classification,acquisition,positive_left,XVVX,,,black,gierig,adjective,negative,black,0.8809,positive,0.4594,1,0.41,0.54,41
37,14,14,1,1,valence_classification,valence_classification,acquisition,positive_left,XVVX,,,black,eitel,adjective,negative,black,0.8804,positive,0.6677,1,0.41,0.54,41
37,15,15,1,1,valence_classification,valence_classification,acquisition,positive_left,WJJW,,,black,gift,noun,negative,black,0.8804,negative,0.6603,0,0.41,0.54,41
37,16,16,1,1,valence_classification,valence_classification,acquisition,positive_left,ZYYZ,,,black,ehrlich,adjective,positive,black,0.8804,positive,0.6635,0,0.41,0.54,41
37,17,17,1,1,valence_classification,valence_classification,acquisition,positive_left,XVVX,,,black,schlecht,adjective,negative,black,0.8804,negative,0.6205,0,0.41,0.54,41
37,18,18,1,1,valence_classification,valence_classification,acquisition,positive_left,ZYYZ,,,black,schön,adjective,positive,black,0.8804,positive,0.6574,0,0.41,0.54,41
37,19,19,1,1,valence_classification,valence_classification,acquisition,positive_left,MQQM,,,black,liebe,noun,positive,black,0.8804,positive,0.5377,0,0.41,0.54,41
37,20,20,1,1,valence_classification,valence_classification,acquisition,positive_left,WJJW,,,black,entführung,noun,negative,black,0.8804,positive,0.5159,1,0.41,0.54,41
37,21,21,1,1,valence_classification,valence_classification,acquisition,positive_left,WJJW,,,black,leiche,noun,negative,black,0.8804,negative,0.738,0,0.41,0.54,41
37,22,22,1,1,valence_classification,valence_classification,acquisition,positive_left,WJJW,,,black,schleim,noun,negative,black,0.8804,negative,0.5445,0,0.41,0.54,41
37,23,23,1,1,valence_classification,valence_classification,acquisition,positive_left,MQQM,,,black,einfall,noun,positive,black,0.8804,positive,0.6304,0,0.41,0.54,41
37,24,24,1,1,valence_classification,valence_classification,acquisition,positive_left,MQQM,,,black,spaß,noun,positive,black,0.8804,positive,0.992,0,0.41,0.54,41
37,25,1,2,2,valence_classification,valence_classification,acquisition,positive_left,MQQM,,,black,einfall,noun,positive,black,0.8812,positive,1.0909,0,0.41,0.54,41
37,26,2,2,2,valence_classification,valence_classification,acquisition,positive_left,WJJW,,,black,leiche,noun,negative,black,0.8804,negative,0.5331,0,0.41,0.54,41
37,27,3,2,2,valence_classification,valence_classification,acquisition,positive_left,WJJW,,,black,entführung,noun,negative,black,0.8804,positive,0.5906,1,0.41,0.54,41
37,28,4,2,2,valence_classification,valence_classification,acquisition,positive_left,XVVX,,,black,launisch,adjective,negative,black,0.8804,negative,0.7436,0,0.41,0.54,41
37,29,5,2,2,valence_classification,valence_classification,acquisition,positive_left,XVVX,,,black,schlecht,adjective,negative,black,0.8804,negative,0.448,0,0.41,0.54,41
37,30,6,2,2,valence_classification,valence_classification,acquisition,positive_left,ZYYZ,,,black,gütig,adjective,positive,black,0.8804,positive,0.5271,0,0.41,0.54,41
37,31,7,2,2,valence_classification,valence_classification,acquisition,positive_left,XVVX,,,black,gierig,adjective,negative,black,0.8804,positive,0.4201,1,0.41,0.54,41
37,32,8,2,2,valence_classification,valence_classification,acquisition,positive_left,MQQM,,,black,einfall,noun,positive,black,0.8804,positive,0.5031,0,0.41,0.54,41
37,33,9,2,2,valence_classification,valence_classification,acquisition,positive_left,WJJW,,,black,gift,noun,negative,black,0.8804,positive,0.4705,1,0.41,0.54,41
37,33,9,2,2,valence_classification,valence_classification,acquisition,positive_left,WJJW,,,black,gift,noun,negative,black,0.8804,negative,0.5988,0,0.41,0.54,41
37,34,10,2,2,valence_classification,valence_classification,acquisition,positive_left,XVVX,,,black,eitel,adjective,negative,black,0.8804,positive,0.4361,1,0.41,0.54,41
37,35,11,2,2,valence_classification,valence_classification,acquisition,positive_left,XVVX,,,black,gierig,adjective,negative,black,0.8804,negative,0.3929,0,0.41,0.54,41
37,36,12,2,2,valence_classification,valence_classification,acquisition,positive_left,ZYYZ,,,black,schön,adjective,positive,black,0.8805,positive,0.3906,0,0.41,0.54,41
37,37,13,2,2,valence_classification,valence_classification,acquisition,positive_left,ZYYZ,,,black,ehrlich,adjective,positive,black,0.8804,negative,0.5058,1,0.41,0.54,41
37,37,13,2,2,valence_classification,valence_classification,acquisition,positive_left,ZYYZ,,,black,ehrlich,adjective,positive,black,0.8804,positive,0.539,0,0.41,0.54,41
37,38,14,2,2,valence_classification,valence_classification,acquisition,positive_left,MQQM,,,black,glück,noun,positive,black,0.8804,positive,0.4052,0,0.41,0.54,41
37,39,15,2,2,valence_classification,valence_classification,acquisition,positive_left,ZYYZ,,,black,lustig,adjective,positive,black,0.8804,positive,0.4577,0,0.41,0.54,41
37,40,16,2,2,valence_classification,valence_classification,acquisition,positive_left,MQQM,,,black,glück,noun,positive,black,0.8804,positive,0.3994,0,0.41,0.54,41
37,41,17,2,2,valence_classification,valence_classification,acquisition,positive_left,ZYYZ,,,black,gütig,adjective,positive,black,0.8804,positive,0.6592,0,0.41,0.54,41
37,42,18,2,2,valence_classification,valence_classification,acquisition,positive_left,ZYYZ,,,black,ehrlich,adjective,positive,black,0.8804,positive,0.443,0,0.41,0.54,41
37,43,19,2,2,valence_classification,valence_classification,acquisition,positive_left,XVVX,,,black,eitel,adjective,negative,black,0.8804,positive,0.4374,1,0.41,0.54,41
37,44,20,2,2,valence_classification,valence_classification,acquisition,positive_left,WJJW,,,black,gift,noun,negative,black,0.8804,negative,0.6897,0,0.41,0.54,41
37,45,21,2,2,valence_classification,valence_classification,acquisition,positive_left,WJJW,,,black,schleim,noun,negative,black,0.8804,negative,0.5053,0,0.41,0.54,41
37,46,22,2,2,valence_classification,valence_classification,acquisition,positive_left,MQQM,,,black,liebe,noun,positive,black,0.8804,positive,0.6301,0,0.41,0.54,41
37,47,23,2,2,valence_classification,valence_classification,acquisition,positive_left,WJJW,,,black,entführung,noun,negative,black,0.8804,negative,0.433,0,0.41,0.54,41
37,48,24,2,2,valence_classification,valence_classification,acquisition,positive_left,MQQM,,,black,spaß,noun,positive,black,0.8804,negative,0.4182,1,0.41,0.54,41
37,49,1,3,3,valence_classification,valence_classification,acquisition,positive_left,ZYYZ,,,black,ehrlich,adjective,positive,black,0.8833,positive,0.6583,0,0.39,0.52,39
37,50,2,3,3,valence_classification,valence_classification,acquisition,positive_left,ZYYZ,,,black,lustig,adjective,positive,black,0.8804,positive,0.3832,0,0.39,0.52,39
37,51,3,3,3,valence_classification,valence_classification,acquisition,positive_left,XVVX,,,black,schlecht,adjective,negative,black,0.8804,negative,0.5085,0,0.39,0.52,39
37,52,4,3,3,valence_classification,valence_classification,acquisition,positive_left,WJJW,,,black,schleim,noun,negative,black,0.8804,negative,0.5997,0,0.39,0.52,39
37,53,5,3,3,valence_classification,valence_classification,acquisition,positive_left,MQQM,,,black,spaß,noun,positive,black,0.8804,positive,0.4175,0,0.39,0.52,39
37,54,6,3,3,valence_classification,valence_classification,acquisition,positive_left,XVVX,,,black,eitel,adjective,negative,black,0.8804,positive,0.5353,1,0.39,0.52,39
37,55,7,3,3,valence_classification,valence_classification,acquisition,positive_left,XVVX,,,black,launisch,adjective,negative,black,0.8804,positive,0.4299,1,0.39,0.52,39
37,56,8,3,3,valence_classification,valence_classification,acquisition,positive_left,XVVX,,,black,gierig,adjective,negative,black,0.8804,negative,0.4179,0,0.39,0.52,39
37,57,9,3,3,valence_classification,valence_classification,acquisition,positive_left,MQQM,,,black,glück,noun,positive,black,0.8804,positive,0.5031,0,0.39,0.52,39
37,58,10,3,3,valence_classification,valence_classification,acquisition,positive_left,XVVX,,,black,gierig,adjective,negative,black,0.8805,negative,0.5138,0,0.39,0.52,39
37,59,11,3,3,valence_classification,valence_classification,acquisition,positive_left,XVVX,,,black,schlecht,adjective,negative,black,0.8804,negative,0.4,0,0.39,0.52,39
37,60,12,3,3,valence_classification,valence_classification,acquisition,positive_left,ZYYZ,,,black,ehrlich,adjective,positive,black,0.8804,positive,0.443,0,0.39,0.52,39
37,61,13,3,3,valence_classification,valence_classification,acquisition,positive_left,ZYYZ,,,black,lustig,adjective,positive,black,0.8804,positive,0.4538,0,0.39,0.52,39
37,62,14,3,3,valence_classification,valence_classification,acquisition,positive_left,MQQM,,,black,einfall,noun,positive,black,0.8804,positive,0.538,0,0.39,0.52,39
37,63,15,3,3,valence_classification,valence_classification,acquisition,positive_left,WJJW,,,black,leiche,noun,negative,black,0.8804,positive,0.3574,1,0.39,0.52,39
37,64,16,3,3,valence_classification,valence_classification,acquisition,positive_left,WJJW,,,black,leiche,noun,negative,black,0.8804,positive,0.4259,1,0.39,0.52,39
37,65,17,3,3,valence_classification,valence_classification,acquisition,positive_left,ZYYZ,,,black,schön,adjective,positive,black,0.8804,negative,0.3604,1,0.39,0.52,39
37,66,18,3,3,valence_classification,valence_classification,acquisition,positive_left,MQQM,,,black,einfall,noun,positive,black,0.8804,positive,0.4831,0,0.39,0.52,39
37,67,19,3,3,valence_classification,valence_classification,acquisition,positive_left,XVVX,,,black,launisch,adjective,negative,black,0.8804,negative,0.473,0,0.39,0.52,39
37,68,20,3,3,valence_classification,valence_classification,acquisition,positive_left,WJJW,,,black,entführung,noun,negative,black,0.8804,negative,0.493,0,0.39,0.52,39
37,69,21,3,3,valence_classification,valence_classification,acquisition,positive_left,ZYYZ,,,black,gütig,adjective,positive,black,0.8804,positive,0.4136,0,0.39,0.52,39
37,70,22,3,3,valence_classification,valence_classification,acquisition,positive_left,ZYYZ,,,black,lustig,adjective,positive,black,0.8804,positive,0.463,0,0.39,0.52,39
37,71,23,3,3,valence_classification,valence_classification,acquisition,positive_left,WJJW,,,black,gift,noun,negative,black,0.8804,negative,0.413,0,0.39,0.52,39
37,72,24,3,3,valence_classification,valence_classification,acquisition,positive_left,MQQM,,,black,einfall,noun,positive,black,0.8804,positive,0.4587,0,0.39,0.52,39
37,73,25,3,3,valence_classification,valence_classification,acquisition,positive_left,XVVX,,,black,gierig,adjective,negative,black,0.8804,positive,0.3793,1,0.39,0.52,39
37,74,26,3,3,valence_classification,valence_classification,acquisition,positive_left,MQQM,,,black,spaß,noun,positive,black,0.8804,positive,0.3951,0,0.39,0.52,39
37,75,27,3,3,valence_classification,valence_classification,acquisition,positive_left,WJJW,,,black,schleim,noun,negative,black,0.8804,negative,0.3864,0,0.39,0.52,39
37,76,28,3,3,valence_classification,valence_classification,acquisition,positive_left,ZYYZ,,,black,ehrlich,adjective,positive,black,0.8804,positive,0.4752,0,0.39,0.52,39
37,77,29,3,3,valence_classification,valence_classification,acquisition,positive_left,WJJW,,,black,gift,noun,negative,black,0.8804,positive,0.3728,1,0.39,0.52,39
37,78,30,3,3,valence_classification,valence_classification,acquisition,positive_left,WJJW,,,black,gift,noun,negative,black,0.8804,positive,0.503,1,0.39,0.52,39
37,79,31,3,3,valence_classification,valence_classification,acquisition,positive_left,WJJW,,,black,entführung,noun,negative,black,0.8804,positive,0.3985,1,0.39,0.52,39
37,80,32,3,3,valence_classification,valence_classification,acquisition,positive_left,MQQM,,,black,liebe,noun,positive,black,0.8804,negative,0.4632,1,0.39,0.52,39
37,81,33,3,3,valence_classification,valence_classification,acquisition,positive_left,MQQM,,,black,glück,noun,positive,black,0.8804,positive,0.4931,0,0.39,0.52,39
37,82,34,3,3,valence_classification,valence_classification,acquisition,positive_left,XVVX,,,black,schlecht,adjective,negative,black,0.8804,negative,0.4797,0,0.39,0.52,39
37,83,35,3,3,valence_classification,valence_classification,acquisition,positive_left,XVVX,,,black,eitel,adjective,negative,black,0.8804,positive,0.4551,1,0.39,0.52,39
37,84,36,3,3,valence_classification,valence_classification,acquisition,positive_left,MQQM,,,black,glück,noun,positive,black,0.8804,positive,0.555,0,0.39,0.52,39
37,85,37,3,3,valence_classification,valence_classification,acquisition,positive_left,XVVX,,,black,eitel,adjective,negative,black,0.8804,negative,0.5752,0,0.39,0.52,39
37,86,38,3,3,valence_classification,valence_classification,acquisition,positive_left,WJJW,,,black,leiche,noun,negative,black,0.8804,negative,0.4853,0,0.39,0.52,39
37,87,39,3,3,valence_classification,valence_classification,acquisition,positive_left,MQQM,,,black,liebe,noun,positive,black,0.8804,positive,0.5031,0,0.39,0.52,39
37,88,40,3,3,valence_classification,valence_classification,acquisition,positive_left,MQQM,,,black,liebe,noun,positive,black,0.8804,positive,0.4696,0,0.39,0.52,39
37,89,41,3,3,valence_classification,valence_classification,acquisition,positive_left,ZYYZ,,,black,gütig,adjective,positive,black,0.8804,positive,0.433,0,0.39,0.52,39
37,90,42,3,3,valence_classification,valence_classification,acquisition,positive_left,ZYYZ,,,black,schön,adjective,positive,black,0.8804,positive,0.5267,0,0.39,0.52,39
37,91,43,3,3,valence_classification,valence_classification,acquisition,positive_left,WJJW,,,black,entführung,noun,negative,black,0.8804,positive,0.4152,1,0.39,0.52,39
37,92,44,3,3,valence_classification,valence_classification,acquisition,positive_left,MQQM,,,black,spaß,noun,positive,black,0.8804,negative,0.4152,1,0.39,0.52,39
37,93,45,3,3,valence_classification,valence_classification,acquisition,positive_left,WJJW,,,black,schleim,noun,negative,black,0.8804,negative,0.5427,0,0.39,0.52,39
37,94,46,3,3,valence_classification,valence_classification,acquisition,positive_left,XVVX,,,black,launisch,adjective,negative,black,0.8804,negative,0.5712,0,0.39,0.52,39
37,95,47,3,3,valence_classification,valence_classification,acquisition,positive_left,ZYYZ,,,black,schön,adjective,positive,black,0.8804,positive,0.4472,0,0.39,0.52,39
37,96,48,3,3,valence_classification,valence_classification,acquisition,positive_left,ZYYZ,,,black,gütig,adjective,positive,black,0.8804,positive,0.483,0,0.39,0.52,39
37,97,1,4,4,valence_classification,valence_classification,acquisition,positive_left,WJJW,,,black,entführung,noun,negative,black,0.8835,negative,0.4751,0,0.34,0.47,34
37,98,2,4,4,valence_classification,valence_classification,acquisition,positive_left,WJJW,,,black,entführung,noun,negative,black,0.8804,positive,0.4066,1,0.34,0.47,34
37,99,3,4,4,valence_classification,valence_classification,acquisition,positive_left,WJJW,,,black,leiche,noun,negative,black,0.8804,positive,0.463,1,0.34,0.47,34
37,100,4,4,4,valence_classification,valence_classification,acquisition,positive_left,WJJW,,,black,gift,noun,negative,black,0.8804,negative,0.4229,0,0.34,0.47,34
37,101,5,4,4,valence_classification,valence_classification,acquisition,positive_left,ZYYZ,,,black,schön,adjective,positive,black,0.8804,positive,0.4549,0,0.34,0.47,34
37,102,6,4,4,valence_classification,valence_classification,acquisition,positive_left,XVVX,,,black,gierig,adjective,negative,black,0.8804,negative,0.3775,0,0.34,0.47,34
37,103,7,4,4,valence_classification,valence_classification,acquisition,positive_left,ZYYZ,,,black,lustig,adjective,positive,black,0.8804,negative,0.355,1,0.34,0.47,34
37,103,7,4,4,valence_classification,valence_classification,acquisition,positive_left,ZYYZ,,,black,lustig,adjective,positive,black,0.8804,positive,0.5022,0,0.34,0.47,34
37,104,8,4,4,valence_classification,valence_classification,acquisition,positive_left,XVVX,,,black,gierig,adjective,negative,black,0.8804,positive,0.4392,1,0.34,0.47,34
37,105,9,4,4,valence_classification,valence_classification,acquisition,positive_left,XVVX,,,black,eitel,adjective,negative,black,0.8804,negative,1.6489,0,0.34,0.47,34
37,106,10,4,4,valence_classification,valence_classification,acquisition,positive_left,XVVX,,,black,schlecht,adjective,negative,black,0.8804,negative,0.4177,0,0.34,0.47,34
37,107,11,4,4,valence_classification,valence_classification,acquisition,positive_left,XVVX,,,black,launisch,adjective,negative,black,0.8804,negative,0.4546,0,0.34,0.47,34
37,108,12,4,4,valence_classification,valence_classification,acquisition,positive_left,MQQM,,,black,glück,noun,positive,black,0.8804,positive,0.41,0,0.34,0.47,34
37,109,13,4,4,valence_classification,valence_classification,acquisition,positive_left,ZYYZ,,,black,gütig,adjective,positive,black,0.8804,negative,0.4642,1,0.34,0.47,34
37,110,14,4,4,valence_classification,valence_classification,acquisition,positive_left,ZYYZ,,,black,ehrlich,adjective,positive,black,0.8804,positive,0.4642,0,0.34,0.47,34
37,111,15,4,4,valence_classification,valence_classification,acquisition,positive_left,ZYYZ,,,black,lustig,adjective,positive,black,0.8804,positive,0.4476,0,0.34,0.47,34
37,112,16,4,4,valence_classification,valence_classification,acquisition,positive_left,ZYYZ,,,black,schön,adjective,positive,black,0.8804,negative,0.4558,1,0.34,0.47,34
37,112,16,4,4,valence_classification,valence_classification,acquisition,positive_left,ZYYZ,,,black,schön,adjective,positive,black,0.8804,positive,0.5244,0,0.34,0.47,34
37,113,17,4,4,valence_classification,valence_classification,acquisition,positive_left,WJJW,,,black,entführung,noun,negative,black,0.8804,negative,0.64,0,0.34,0.47,34
37,114,18,4,4,valence_classification,valence_classification,acquisition,positive_left,MQQM,,,black,spaß,noun,positive,black,0.8804,positive,0.3953,0,0.34,0.47,34
37,115,19,4,4,valence_classification,valence_classification,acquisition,positive_left,XVVX,,,black,launisch,adjective,negative,black,0.8804,positive,0.4999,1,0.34,0.47,34
37,116,20,4,4,valence_classification,valence_classification,acquisition,positive_left,WJJW,,,black,schleim,noun,negative,black,0.8804,negative,0.4649,0,0.34,0.47,34
37,117,21,4,4,valence_classification,valence_classification,acquisition,positive_left,MQQM,,,black,einfall,noun,positive,black,0.8804,positive,0.4725,0,0.34,0.47,34
37,118,22,4,4,valence_classification,valence_classification,acquisition,positive_left,ZYYZ,,,black,gütig,adjective,positive,black,0.8804,positive,0.4057,0,0.34,0.47,34
37,119,23,4,4,valence_classification,valence_classification,acquisition,positive_left,MQQM,,,black,liebe,noun,positive,black,0.8804,negative,0.3575,1,0.34,0.47,34
37,119,23,4,4,valence_classification,valence_classification,acquisition,positive_left,MQQM,,,black,liebe,noun,positive,black,0.8804,positive,0.5046,0,0.34,0.47,34
37,120,24,4,4,valence_classification,valence_classification,acquisition,positive_left,WJJW,,,black,leiche,noun,negative,black,0.8804,negative,2.5287,0,0.34,0.47,34
37,121,25,4,4,valence_classification,valence_classification,acquisition,positive_left,XVVX,,,black,launisch,adjective,negative,black,0.8804,negative,0.7309,0,0.34,0.47,34
37,122,26,4,4,valence_classification,valence_classification,acquisition,positive_left,MQQM,,,black,spaß,noun,positive,black,0.8804,positive,0.3929,0,0.34,0.47,34
37,123,27,4,4,valence_classification,valence_classification,acquisition,positive_left,ZYYZ,,,black,lustig,adjective,positive,black,0.8805,positive,0.4245,0,0.34,0.47,34
37,124,28,4,4,valence_classification,valence_classification,acquisition,positive_left,XVVX,,,black,gierig,adjective,negative,black,0.8804,negative,0.3738,0,0.34,0.47,34
37,125,29,4,4,valence_classification,valence_classification,acquisition,positive_left,XVVX,,,black,eitel,adjective,negative,black,0.8804,positive,0.4368,1,0.34,0.47,34
37,126,30,4,4,valence_classification,valence_classification,acquisition,positive_left,XVVX,,,black,eitel,adjective,negative,black,0.8804,negative,0.4704,0,0.34,0.47,34
37,127,31,4,4,valence_classification,valence_classification,acquisition,positive_left,WJJW,,,black,gift,noun,negative,black,0.8804,negative,0.433,0,0.34,0.47,34
37,128,32,4,4,valence_classification,valence_classification,acquisition,positive_left,XVVX,,,black,schlecht,adjective,negative,black,0.8804,negative,0.393,0,0.34,0.47,34
37,129,33,4,4,valence_classification,valence_classification,acquisition,positive_left,MQQM,,,black,glück,noun,positive,black,0.8804,negative,0.4229,1,0.34,0.47,34
37,129,33,4,4,valence_classification,valence_classification,acquisition,positive_left,MQQM,,,black,glück,noun,positive,black,0.8804,positive,0.4774,0,0.34,0.47,34
37,130,34,4,4,valence_classification,valence_classification,acquisition,positive_left,ZYYZ,,,black,gütig,adjective,positive,black,0.8807,positive,0.3591,0,0.34,0.47,34
37,131,35,4,4,valence_classification,valence_classification,acquisition,positive_left,ZYYZ,,,black,ehrlich,adjective,positive,black,0.8804,positive,0.5147,0,0.34,0.47,34
37,132,36,4,4,valence_classification,valence_classification,acquisition,positive_left,ZYYZ,,,black,ehrlich,adjective,positive,black,0.8804,positive,0.4704,0,0.34,0.47,34
37,133,37,4,4,valence_classification,valence_classification,acquisition,positive_left,WJJW,,,black,leiche,noun,negative,black,0.8804,positive,0.403,1,0.34,0.47,34
37,134,38,4,4,valence_classification,valence_classification,acquisition,positive_left,MQQM,,,black,liebe,noun,positive,black,0.8804,positive,0.4046,0,0.34,0.47,34
37,135,39,4,4,valence_classification,valence_classification,acquisition,positive_left,MQQM,,,black,einfall,noun,positive,black,0.8805,negative,0.4029,1,0.34,0.47,34
37,136,40,4,4,valence_classification,valence_classification,acquisition,positive_left,WJJW,,,black,gift,noun,negative,black,0.8804,negative,0.4873,0,0.34,0.47,34
37,137,41,4,4,valence_classification,valence_classification,acquisition,positive_left,MQQM,,,black,glück,noun,positive,black,0.8804,positive,0.41,0,0.34,0.47,34
37,138,42,4,4,valence_classification,valence_classification,acquisition,positive_left,MQQM,,,black,liebe,noun,positive,black,0.8804,positive,0.463,0,0.34,0.47,34
37,139,43,4,4,valence_classification,valence_classification,acquisition,positive_left,MQQM,,,black,einfall,noun,positive,black,0.8804,positive,0.4465,0,0.34,0.47,34
37,140,44,4,4,valence_classification,valence_classification,acquisition,positive_left,XVVX,,,black,schlecht,adjective,negative,black,0.8804,negative,0.4548,0,0.34,0.47,34
37,141,45,4,4,valence_classification,valence_classification,acquisition,positive_left,WJJW,,,black,schleim,noun,negative,black,0.8804,negative,0.4282,0,0.34,0.47,34
37,142,46,4,4,valence_classification,valence_classification,acquisition,positive_left,MQQM,,,black,spaß,noun,positive,black,0.8804,positive,0.4057,0,0.34,0.47,34
37,143,47,4,4,valence_classification,valence_classification,acquisition,positive_left,ZYYZ,,,black,schön,adjective,positive,black,0.8804,positive,0.4766,0,0.34,0.47,34
37,144,48,4,4,valence_classification,valence_classification,acquisition,positive_left,WJJW,,,black,schleim,noun,negative,black,0.8804,negative,0.5491,0,0.34,0.47,34
37,145,1,5,5,valence_classification,valence_classification,acquisition,positive_left,ZYYZ,,,black,gütig,adjective,positive,black,0.8845,positive,0.375,0,0.34,0.47,34
37,146,2,5,5,valence_classification,valence_classification,acquisition,positive_left,XVVX,,,black,schlecht,adjective,negative,black,0.8804,negative,0.3252,0,0.34,0.47,34
37,147,3,5,5,valence_classification,valence_classification,acquisition,positive_left,XVVX,,,black,launisch,adjective,negative,black,0.8804,positive,0.4029,1,0.34,0.47,34
37,148,4,5,5,valence_classification,valence_classification,acquisition,positive_left,XVVX,,,black,launisch,adjective,negative,black,0.8804,negative,0.4141,0,0.34,0.47,34
37,149,5,5,5,valence_classification,valence_classification,acquisition,positive_left,MQQM,,,black,glück,noun,positive,black,0.8804,positive,0.3051,0,0.34,0.47,34
37,150,6,5,5,valence_classification,valence_classification,acquisition,positive_left,MQQM,,,black,einfall,noun,positive,black,0.8804,positive,0.4494,0,0.34,0.47,34
37,151,7,5,5,valence_classification,valence_classification,acquisition,positive_left,WJJW,,,black,entführung,noun,negative,black,0.8804,negative,0.4266,0,0.34,0.47,34
37,152,8,5,5,valence_classification,valence_classification,acquisition,positive_left,ZYYZ,,,black,schön,adjective,positive,black,0.8804,negative,0.3187,1,0.34,0.47,34
37,153,9,5,5,valence_classification,valence_classification,acquisition,positive_left,MQQM,,,black,liebe,noun,positive,black,0.8804,negative,0.3336,1,0.34,0.47,34
37,154,10,5,5,valence_classification,valence_classification,acquisition,positive_left,ZYYZ,,,black,ehrlich,adjective,positive,black,0.8804,positive,0.386,0,0.34,0.47,34
37,155,11,5,5,valence_classification,valence_classification,acquisition,positive_left,XVVX,,,black,gierig,adjective,negative,black,0.8804,negative,0.4605,0,0.34,0.47,34
37,156,12,5,5,valence_classification,valence_classification,acquisition,positive_left,MQQM,,,black,liebe,noun,positive,black,0.8804,positive,0.5224,0,0.34,0.47,34
37,157,13,5,5,valence_classification,valence_classification,acquisition,positive_left,XVVX,,,black,eitel,adjective,negative,black,0.8804,positive,0.348,1,0.34,0.47,34
37,158,14,5,5,valence_classification,valence_classification,acquisition,positive_left,XVVX,,,black,schlecht,adjective,negative,black,0.8804,negative,0.423,0,0.34,0.47,34
37,159,15,5,5,valence_classification,valence_classification,acquisition,positive_left,WJJW,,,black,gift,noun,negative,black,0.8804,positive,0.3799,1,0.34,0.47,34
37,160,16,5,5,valence_classification,valence_classification,acquisition,positive_left,MQQM,,,black,spaß,noun,positive,black,0.8804,positive,0.4556,0,0.34,0.47,34
37,161,17,5,5,valence_classification,valence_classification,acquisition,positive_left,WJJW,,,black,entführung,noun,negative,black,0.8804,negative,0.3773,0,0.34,0.47,34
37,162,18,5,5,valence_classification,valence_classification,acquisition,positive_left,WJJW,,,black,leiche,noun,negative,black,0.8804,negative,0.699,0,0.34,0.47,34
37,163,19,5,5,valence_classification,valence_classification,acquisition,positive_left,MQQM,,,black,glück,noun,positive,black,0.8805,positive,0.4566,0,0.34,0.47,34
37,164,20,5,5,valence_classification,valence_classification,acquisition,positive_left,ZYYZ,,,black,gütig,adjective,positive,black,0.8805,negative,0.4329,1,0.34,0.47,34
37,164,20,5,5,valence_classification,valence_classification,acquisition,positive_left,ZYYZ,,,black,gütig,adjective,positive,black,0.8805,positive,0.4571,0,0.34,0.47,34
37,165,21,5,5,valence_classification,valence_classification,acquisition,positive_left,MQQM,,,black,einfall,noun,positive,black,0.8804,positive,0.443,0,0.34,0.47,34
37,166,22,5,5,valence_classification,valence_classification,acquisition,positive_left,MQQM,,,black,einfall,noun,positive,black,0.8804,positive,0.4162,0,0.34,0.47,34
37,167,23,5,5,valence_classification,valence_classification,acquisition,positive_left,WJJW,,,black,schleim,noun,negative,black,0.8804,negative,0.413,0,0.34,0.47,34
37,168,24,5,5,valence_classification,valence_classification,acquisition,positive_left,ZYYZ,,,black,schön,adjective,positive,black,0.8804,positive,0.3629,0,0.34,0.47,34
37,169,25,5,5,valence_classification,valence_classification,acquisition,positive_left,MQQM,,,black,glück,noun,positive,black,0.8804,positive,0.463,0,0.34,0.47,34
37,170,26,5,5,valence_classification,valence_classification,acquisition,positive_left,ZYYZ,,,black,lustig,adjective,positive,black,0.8804,positive,0.3665,0,0.34,0.47,34
37,171,27,5,5,valence_classification,valence_classification,acquisition,positive_left,XVVX,,,black,gierig,adjective,negative,black,0.8804,negative,0.4865,0,0.34,0.47,34
37,172,28,5,5,valence_classification,valence_classification,acquisition,positive_left,ZYYZ,,,black,lustig,adjective,positive,black,0.8804,positive,0.423,0,0.34,0.47,34
37,173,29,5,5,valence_classification,valence_classification,acquisition,positive_left,WJJW,,,black,leiche,noun,negative,black,0.8804,positive,0.3183,1,0.34,0.47,34
37,174,30,5,5,valence_classification,valence_classification,acquisition,positive_left,MQQM,,,black,liebe,noun,positive,black,0.8804,negative,0.2428,1,0.34,0.47,34
37,175,31,5,5,valence_classification,valence_classification,acquisition,positive_left,XVVX,,,black,schlecht,adjective,negative,black,0.8804,positive,0.3472,1,0.34,0.47,34
37,175,31,5,5,valence_classification,valence_classification,acquisition,positive_left,XVVX,,,black,schlecht,adjective,negative,black,0.8804,negative,0.5006,0,0.34,0.47,34
37,176,32,5,5,valence_classification,valence_classification,acquisition,positive_left,XVVX,,,black,eitel,adjective,negative,black,0.8804,positive,0.4388,1,0.34,0.47,34
37,177,33,5,5,valence_classification,valence_classification,acquisition,positive_left,ZYYZ,,,black,gütig,adjective,positive,black,0.8804,positive,0.446,0,0.34,0.47,34
37,178,34,5,5,valence_classification,valence_classification,acquisition,positive_left,ZYYZ,,,black,ehrlich,adjective,positive,black,0.8804,negative,0.2928,1,0.34,0.47,34
37,179,35,5,5,valence_classification,valence_classification,acquisition,positive_left,WJJW,,,black,schleim,noun,negative,black,0.8804,positive,0.3985,1,0.34,0.47,34
37,179,35,5,5,valence_classification,valence_classification,acquisition,positive_left,WJJW,,,black,schleim,noun,negative,black,0.8804,negative,0.5165,0,0.34,0.47,34
37,180,36,5,5,valence_classification,valence_classification,acquisition,positive_left,WJJW,,,black,gift,noun,negative,black,0.8804,negative,0.4281,0,0.34,0.47,34
37,181,37,5,5,valence_classification,valence_classification,acquisition,positive_left,ZYYZ,,,black,ehrlich,adjective,positive,black,0.8804,positive,0.5481,0,0.34,0.47,34
37,182,38,5,5,valence_classification,valence_classification,acquisition,positive_left,XVVX,,,black,eitel,adjective,negative,black,0.8804,negative,2.683,0,0.34,0.47,34
37,182,38,5,5,valence_classification,valence_classification,acquisition,positive_left,XVVX,,,black,eitel,adjective,negative,black,0.8804,negative,2.9766,0,0.34,0.47,34
37,183,39,5,5,valence_classification,valence_classification,acquisition,positive_left,WJJW,,,black,leiche,noun,negative,black,0.8804,negative,0.8468,0,0.34,0.47,34
37,184,40,5,5,valence_classification,valence_classification,acquisition,positive_left,XVVX,,,black,launisch,adjective,negative,black,0.8804,positive,0.3444,1,0.34,0.47,34
37,185,41,5,5,valence_classification,valence_classification,acquisition,positive_left,WJJW,,,black,gift,noun,negative,black,0.8804,positive,0.4554,1,0.34,0.47,34
37,185,41,5,5,valence_classification,valence_classification,acquisition,positive_left,WJJW,,,black,gift,noun,negative,black,0.8804,negative,0.5041,0,0.34,0.47,34
37,186,42,5,5,valence_classification,valence_classification,acquisition,positive_left,ZYYZ,,,black,lustig,adjective,positive,black,0.8804,negative,0.3878,1,0.34,0.47,34
37,187,43,5,5,valence_classification,valence_classification,acquisition,positive_left,WJJW,,,black,schleim,noun,negative,black,0.8804,positive,0.383,1,0.34,0.47,34
37,188,44,5,5,valence_classification,valence_classification,acquisition,positive_left,MQQM,,,black,spaß,noun,positive,black,0.8804,negative,0.4051,1,0.34,0.47,34
37,189,45,5,5,valence_classification,valence_classification,acquisition,positive_left,ZYYZ,,,black,schön,adjective,positive,black,0.8804,positive,0.4074,0,0.34,0.47,34
37,190,46,5,5,valence_classification,valence_classification,acquisition,positive_left,WJJW,,,black,entführung,noun,negative,black,0.8804,negative,0.4062,0,0.34,0.47,34
37,191,47,5,5,valence_classification,valence_classification,acquisition,positive_left,XVVX,,,black,gierig,adjective,negative,black,0.8804,positive,0.3805,1,0.34,0.47,34
37,192,48,5,5,valence_classification,valence_classification,acquisition,positive_left,MQQM,,,black,spaß,noun,positive,black,0.8804,negative,0.4636,1,0.34,0.47,34
37,192,48,5,5,valence_classification,valence_classification,acquisition,positive_left,MQQM,,,black,spaß,noun,positive,black,0.8804,positive,0.5874,0,0.34,0.47,34
37,193,1,9,4,valence_classification,valence_classification,classification_1,positive_left,WJJW,,,black,einfall,noun,positive,black,0.8833,positive,0.443,0,0.34,0.47,34
37,194,2,9,4,valence_classification,valence_classification,classification_1,positive_left,WJJW,,,black,gift,noun,negative,black,0.8804,negative,0.3483,0,0.34,0.47,34
37,195,3,9,4,valence_classification,valence_classification,classification_1,positive_left,ZYYZ,,,black,gierig,adjective,negative,black,0.8805,negative,0.4486,0,0.34,0.47,34
37,196,4,9,4,valence_classification,valence_classification,classification_1,positive_left,WJJW,,,black,liebe,noun,positive,black,0.8804,positive,0.3637,0,0.34,0.47,34
37,197,5,9,4,valence_classification,valence_classification,classification_1,positive_left,WJJW,,,black,leiche,noun,negative,black,0.8804,positive,0.4381,1,0.34,0.47,34
37,198,6,9,4,valence_classification,valence_classification,classification_1,positive_left,ZYYZ,,,black,schön,adjective,positive,black,0.8804,negative,0.3051,1,0.34,0.47,34
37,199,7,9,4,valence_classification,valence_classification,classification_1,positive_left,MQQM,,,black,entführung,noun,negative,black,0.8805,negative,0.3844,0,0.34,0.47,34
37,200,8,9,4,valence_classification,valence_classification,classification_1,positive_left,MQQM,,,black,schleim,noun,negative,black,0.8804,negative,0.453,0,0.34,0.47,34
37,201,9,9,4,valence_classification,valence_classification,classification_1,positive_left,ZYYZ,,,black,launisch,adjective,negative,black,0.8804,positive,0.3629,1,0.34,0.47,34
37,202,10,9,4,valence_classification,valence_classification,classification_1,positive_left,XVVX,,,black,lustig,adjective,positive,black,0.8805,positive,0.4536,0,0.34,0.47,34
37,203,11,9,4,valence_classification,valence_classification,classification_1,positive_left,ZYYZ,,,black,schlecht,adjective,negative,black,0.8804,negative,0.4594,0,0.34,0.47,34
37,204,12,9,4,valence_classification,valence_classification,classification_1,positive_left,XVVX,,,black,schön,adjective,positive,black,0.8804,positive,0.3395,0,0.34,0.47,34
37,205,13,9,4,valence_classification,valence_classification,classification_1,positive_left,ZYYZ,,,black,launisch,adjective,negative,black,0.8804,negative,0.1742,0,0.34,0.47,34
37,206,14,9,4,valence_classification,valence_classification,classification_1,positive_left,ZYYZ,,,black,gütig,adjective,positive,black,0.8804,positive,0.3228,0,0.34,0.47,34
37,207,15,9,4,valence_classification,valence_classification,classification_1,positive_left,WJJW,,,black,gift,noun,negative,black,0.8804,positive,0.3454,1,0.34,0.47,34
37,208,16,9,4,valence_classification,valence_classification,classification_1,positive_left,WJJW,,,black,schleim,noun,negative,black,0.8804,negative,0.3869,0,0.34,0.47,34
37,209,17,9,4,valence_classification,valence_classification,classification_1,positive_left,MQQM,,,black,spaß,noun,positive,black,0.8804,negative,0.3757,1,0.34,0.47,34
37,210,18,9,4,valence_classification,valence_classification,classification_1,positive_left,MQQM,,,black,entführung,noun,negative,black,0.8804,positive,0.3629,1,0.34,0.47,34
37,211,19,9,4,valence_classification,valence_classification,classification_1,positive_left,ZYYZ,,,black,schlecht,adjective,negative,black,0.8804,negative,0.3529,0,0.34,0.47,34
37,212,20,9,4,valence_classification,valence_classification,classification_1,positive_left,MQQM,,,black,schleim,noun,negative,black,0.8804,negative,0.4796,0,0.34,0.47,34
37,213,21,9,4,valence_classification,valence_classification,classification_1,positive_left,XVVX,,,black,ehrlich,adjective,positive,black,0.8804,positive,0.1727,0,0.34,0.47,34
37,214,22,9,4,valence_classification,valence_classification,classification_1,positive_left,WJJW,,,black,spaß,noun,positive,black,0.8804,positive,0.4251,0,0.34,0.47,34
37,215,23,9,4,valence_classification,valence_classification,classification_1,positive_left,MQQM,,,black,liebe,noun,positive,black,0.8804,negative,0.2772,1,0.34,0.47,34
37,216,24,9,4,valence_classification,valence_classification,classification_1,positive_left,XVVX,,,black,schlecht,adjective,negative,black,0.8804,negative,0.45,0,0.34,0.47,34
37,217,25,9,4,valence_classification,valence_classification,classification_1,positive_left,XVVX,,,black,gierig,adjective,negative,black,0.8804,positive,0.3564,1,0.34,0.47,34
37,218,26,9,4,valence_classification,valence_classification,classification_1,positive_left,WJJW,,,black,einfall,noun,positive,black,0.8804,positive,0.4083,0,0.34,0.47,34
37,219,27,9,4,valence_classification,valence_classification,classification_1,positive_left,ZYYZ,,,black,schön,adjective,positive,black,0.8804,positive,0.5078,0,0.34,0.47,34
37,220,28,9,4,valence_classification,valence_classification,classification_1,positive_left,MQQM,,,black,leiche,noun,negative,black,0.8804,negative,0.355,0,0.34,0.47,34
37,221,29,9,4,valence_classification,valence_classification,classification_1,positive_left,MQQM,,,black,liebe,noun,positive,black,0.8804,positive,0.4471,0,0.34,0.47,34
37,222,30,9,4,valence_classification,valence_classification,classification_1,positive_left,ZYYZ,,,black,gütig,adjective,positive,black,0.8804,negative,0.3887,1,0.34,0.47,34
37,223,31,9,4,valence_classification,valence_classification,classification_1,positive_left,MQQM,,,black,spaß,noun,positive,black,0.8804,positive,0.4471,0,0.34,0.47,34
37,224,32,9,4,valence_classification,valence_classification,classification_1,positive_left,XVVX,,,black,launisch,adjective,negative,black,0.8805,negative,0.4367,0,0.34,0.47,34
37,225,33,9,4,valence_classification,valence_classification,classification_1,positive_left,XVVX,,,black,eitel,adjective,negative,black,0.8804,positive,0.3887,1,0.34,0.47,34
37,226,34,9,4,valence_classification,valence_classification,classification_1,positive_left,WJJW,,,black,glück,noun,positive,black,0.8804,positive,0.4885,0,0.34,0.47,34
37,227,35,9,4,valence_classification,valence_classification,classification_1,positive_left,WJJW,,,black,einfall,noun,positive,black,0.8804,negative,0.3429,1,0.34,0.47,34
37,228,36,9,4,valence_classification,valence_classification,classification_1,positive_left,XVVX,,,black,gütig,adjective,positive,black,0.8804,positive,0.3754,0,0.34,0.47,34
37,229,37,9,4,valence_classification,valence_classification,classification_1,positive_left,ZYYZ,,,black,eitel,adjective,negative,black,0.8805,positive,0.3881,1,0.34,0.47,34
37,230,38,9,4,valence_classification,valence_classification,classification_1,positive_left,ZYYZ,,,black,ehrlich,adjective,positive,black,0.8804,positive,0.443,0,0.34,0.47,34
37,231,39,9,4,valence_classification,valence_classification,classification_1,positive_left,WJJW,,,black,entführung,noun,negative,black,0.8804,negative,0.4252,0,0.34,0.47,34
37,232,40,9,4,valence_classification,valence_classification,classification_1,positive_left,WJJW,,,black,gift,noun,negative,black,0.8804,negative,0.4257,0,0.34,0.47,34
37,233,41,9,4,valence_classification,valence_classification,classification_1,positive_left,XVVX,,,black,gierig,adjective,negative,black,0.8804,positive,0.4884,1,0.34,0.47,34
37,234,42,9,4,valence_classification,valence_classification,classification_1,positive_left,MQQM,,,black,glück,noun,positive,black,0.8804,positive,0.3951,0,0.34,0.47,34
37,235,43,9,4,valence_classification,valence_classification,classification_1,positive_left,MQQM,,,black,leiche,noun,negative,black,0.8804,positive,0.3382,1,0.34,0.47,34
37,236,44,9,4,valence_classification,valence_classification,classification_1,positive_left,MQQM,,,black,glück,noun,positive,black,0.8804,positive,0.4266,0,0.34,0.47,34
37,237,45,9,4,valence_classification,valence_classification,classification_1,positive_left,XVVX,,,black,lustig,adjective,positive,black,0.8804,negative,0.3831,1,0.34,0.47,34
37,238,46,9,4,valence_classification,valence_classification,classification_1,positive_left,XVVX,,,black,lustig,adjective,positive,black,0.8804,positive,0.3529,0,0.34,0.47,34
37,239,47,9,4,valence_classification,valence_classification,classification_1,positive_left,XVVX,,,black,eitel,adjective,negative,black,0.8804,negative,0.3695,0,0.34,0.47,34
37,239,47,9,4,valence_classification,valence_classification,classification_1,positive_left,XVVX,,,black,eitel,adjective,negative,black,0.8804,positive,0.4575,1,0.34,0.47,34
37,240,48,9,4,valence_classification,valence_classification,classification_1,positive_left,ZYYZ,,,black,ehrlich,adjective,positive,black,0.8804,positive,0.3756,0,0.34,0.47,34
37,241,1,10,5,valence_classification,valence_classification,classification_1,positive_left,WJJW,,,black,einfall,noun,positive,black,0.8838,positive,0.4645,0,0.34,0.47,34
37,242,2,10,5,valence_classification,valence_classification,classification_1,positive_left,MQQM,,,black,entführung,noun,negative,black,0.8804,negative,0.3761,0,0.34,0.47,34
37,243,3,10,5,valence_classification,valence_classification,classification_1,positive_left,XVVX,,,black,gierig,adjective,negative,black,0.8804,positive,0.3536,1,0.34,0.47,34
37,244,4,10,5,valence_classification,valence_classification,classification_1,positive_left,ZYYZ,,,black,schön,adjective,positive,black,0.8804,negative,0.4904,1,0.34,0.47,34
37,244,4,10,5,valence_classification,valence_classification,classification_1,positive_left,ZYYZ,,,black,schön,adjective,positive,black,0.8804,positive,0.5314,0,0.34,0.47,34
37,245,5,10,5,valence_classification,valence_classification,classification_1,positive_left,WJJW,,,black,glück,noun,positive,black,0.8804,positive,0.4697,0,0.34,0.47,34
37,246,6,10,5,valence_classification,valence_classification,classification_1,positive_left,ZYYZ,,,black,gütig,adjective,positive,black,0.8805,negative,0.3285,1,0.34,0.47,34
37,247,7,10,5,valence_classification,valence_classification,classification_1,positive_left,WJJW,,,black,spaß,noun,positive,black,0.8804,negative,0.4092,1,0.34,0.47,34
37,248,8,10,5,valence_classification,valence_classification,classification_1,positive_left,MQQM,,,black,glück,noun,positive,black,0.8804,negative,0.4085,1,0.34,0.47,34
37,249,9,10,5,valence_classification,valence_classification,classification_1,positive_left,XVVX,,,black,gierig,adjective,negative,black,0.8804,negative,0.499,0,0.34,0.47,34
37,250,10,10,5,valence_classification,valence_classification,classification_1,positive_left,MQQM,,,black,schleim,noun,negative,black,0.8804,positive,0.4037,1,0.34,0.47,34
37,251,11,10,5,valence_classification,valence_classification,classification_1,positive_left,ZYYZ,,,black,launisch,adjective,negative,black,0.8804,positive,0.3896,1,0.34,0.47,34
37,252,12,10,5,valence_classification,valence_classification,classification_1,positive_left,XVVX,,,black,schön,adjective,positive,black,0.8804,positive,0.5242,0,0.34,0.47,34
37,253,13,10,5,valence_classification,valence_classification,classification_1,positive_left,XVVX,,,black,ehrlich,adjective,positive,black,0.8804,positive,0.3936,0,0.34,0.47,34
37,254,14,10,5,valence_classification,valence_classification,classification_1,positive_left,XVVX,,,black,schlecht,adjective,negative,black,0.8804,negative,0.4329,0,0.34,0.47,34
37,255,15,10,5,valence_classification,valence_classification,classification_1,positive_left,WJJW,,,black,leiche,noun,negative,black,0.8804,positive,0.353,1,0.34,0.47,34
37,256,16,10,5,valence_classification,valence_classification,classification_1,positive_left,MQQM,,,black,leiche,noun,negative,black,0.8804,negative,1.1301,0,0.34,0.47,34
37,257,17,10,5,valence_classification,valence_classification,classification_1,positive_left,WJJW,,,black,einfall,noun,positive,black,0.8805,positive,0.4372,0,0.34,0.47,34
37,258,18,10,5,valence_classification,valence_classification,classification_1,positive_left,MQQM,,,black,spaß,noun,positive,black,0.8805,negative,0.369,1,0.34,0.47,34
37,259,19,10,5,valence_classification,valence_classification,classification_1,positive_left,XVVX,,,black,schön,adjective,positive,black,0.8804,positive,0.4674,0,0.34,0.47,34
37,260,20,10,5,valence_classification,valence_classification,classification_1,positive_left,ZYYZ,,,black,gierig,adjective,negative,black,0.8804,negative,0.622,0,0.34,0.47,34
37,261,21,10,5,valence_classification,valence_classification,classification_1,positive_left,XVVX,,,black,lustig,adjective,positive,black,0.8804,positive,0.453,0,0.34,0.47,34
37,262,22,10,5,valence_classification,valence_classification,classification_1,positive_left,XVVX,,,black,eitel,adjective,negative,black,0.8804,negative,0.4552,0,0.34,0.47,34
37,263,23,10,5,valence_classification,valence_classification,classification_1,positive_left,XVVX,,,black,launisch,adjective,negative,black,0.8804,positive,0.3296,1,0.34,0.47,34
37,264,24,10,5,valence_classification,valence_classification,classification_1,positive_left,MQQM,,,black,schleim,noun,negative,black,0.8804,negative,0.5156,0,0.34,0.47,34
37,265,25,10,5,valence_classification,valence_classification,classification_1,positive_left,ZYYZ,,,black,schlecht,adjective,negative,black,0.8804,negative,0.4483,0,0.34,0.47,34
37,266,26,10,5,valence_classification,valence_classification,classification_1,positive_left,WJJW,,,black,entführung,noun,negative,black,0.8804,positive,0.4052,1,0.34,0.47,34
37,267,27,10,5,valence_classification,valence_classification,classification_1,positive_left,WJJW,,,black,liebe,noun,positive,black,0.8804,positive,0.5565,0,0.34,0.47,34
37,268,28,10,5,valence_classification,valence_classification,classification_1,positive_left,ZYYZ,,,black,eitel,adjective,negative,black,0.8804,negative,0.3629,0,0.34,0.47,34
37,269,29,10,5,valence_classification,valence_classification,classification_1,positive_left,ZYYZ,,,black,eitel,adjective,negative,black,0.8804,negative,0.4492,0,0.34,0.47,34
37,270,30,10,5,valence_classification,valence_classification,classification_1,positive_left,ZYYZ,,,black,lustig,adjective,positive,black,0.8805,positive,0.3485,0,0.34,0.47,34
37,271,31,10,5,valence_classification,valence_classification,classification_1,positive_left,XVVX,,,black,schlecht,adjective,negative,black,0.8804,negative,0.355,0,0.34,0.47,34
37,272,32,10,5,valence_classification,valence_classification,classification_1,positive_left,WJJW,,,black,gift,noun,negative,black,0.8804,negative,0.3529,0,0.34,0.47,34
37,273,33,10,5,valence_classification,valence_classification,classification_1,positive_left,MQQM,,,black,einfall,noun,positive,black,0.8804,negative,0.3328,1,0.34,0.47,34
37,274,34,10,5,valence_classification,valence_classification,classification_1,positive_left,ZYYZ,,,black,ehrlich,adjective,positive,black,0.8804,negative,0.3128,1,0.34,0.47,34
37,275,35,10,5,valence_classification,valence_classification,classification_1,positive_left,WJJW,,,black,leiche,noun,negative,black,0.8804,negative,0.4971,0,0.34,0.47,34
37,276,36,10,5,valence_classification,valence_classification,classification_1,positive_left,WJJW,,,black,spaß,noun,positive,black,0.8804,positive,0.2328,0,0.34,0.47,34
37,277,37,10,5,valence_classification,valence_classification,classification_1,positive_left,MQQM,,,black,glück,noun,positive,black,0.8804,positive,0.4065,0,0.34,0.47,34
37,278,38,10,5,valence_classification,valence_classification,classification_1,positive_left,MQQM,,,black,schleim,noun,negative,black,0.8804,negative,0.4725,0,0.34,0.47,34
37,279,39,10,5,valence_classification,valence_classification,classification_1,positive_left,XVVX,,,black,ehrlich,adjective,positive,black,0.8804,negative,0.4301,1,0.34,0.47,34
37,280,40,10,5,valence_classification,valence_classification,classification_1,positive_left,MQQM,,,black,liebe,noun,positive,black,0.8804,positive,0.413,0,0.34,0.47,34
37,281,41,10,5,valence_classification,valence_classification,classification_1,positive_left,WJJW,,,black,gift,noun,negative,black,0.8804,positive,0.4354,1,0.34,0.47,34
37,282,42,10,5,valence_classification,valence_classification,classification_1,positive_left,MQQM,,,black,entführung,noun,negative,black,0.8805,positive,0.5198,1,0.34,0.47,34
37,283,43,10,5,valence_classification,valence_classification,classification_1,positive_left,ZYYZ,,,black,lustig,adjective,positive,black,0.8804,positive,0.4652,0,0.34,0.47,34
37,284,44,10,5,valence_classification,valence_classification,classification_1,positive_left,ZYYZ,,,black,launisch,adjective,negative,black,0.8804,positive,0.345,1,0.34,0.47,34
37,285,45,10,5,valence_classification,valence_classification,classification_1,positive_left,XVVX,,,black,gütig,adjective,positive,black,0.8804,positive,0.3851,0,0.34,0.47,34
37,286,46,10,5,valence_classification,valence_classification,classification_1,positive_left,MQQM,,,black,liebe,noun,positive,black,0.8804,positive,0.4587,0,0.34,0.47,34
37,287,47,10,5,valence_classification,valence_classification,classification_1,positive_left,ZYYZ,,,black,gütig,adjective,positive,black,0.8805,negative,0.3904,1,0.34,0.47,34
37,288,48,10,5,valence_classification,valence_classification,classification_1,positive_left,WJJW,,,black,gift,noun,negative,black,0.8804,negative,0.423,0,0.34,0.47,34
37,289,1,11,1,valence_classification,part_of_speech_classification,classification_2,noun_left,WJJW,,,black,gift,noun,negative,black,0.8835,noun,0.9522,0,0.34,0.47,34
37,290,2,11,1,valence_classification,part_of_speech_classification,classification_2,noun_left,XVVX,,,black,gierig,adjective,negative,black,0.8804,noun,0.4502,1,0.34,0.47,34
37,291,3,11,1,valence_classification,part_of_speech_classification,classification_2,noun_left,WJJW,,,black,schlecht,adjective,negative,black,0.8804,adjective,0.5433,0,0.34,0.47,34
37,292,4,11,1,valence_classification,part_of_speech_classification,classification_2,noun_left,WJJW,,,black,entführung,noun,negative,black,0.8804,noun,0.5765,0,0.34,0.47,34
37,293,5,11,1,valence_classification,part_of_speech_classification,classification_2,noun_left,XVVX,,,black,eitel,adjective,negative,black,0.8804,adjective,0.6096,0,0.34,0.47,34
37,294,6,11,1,valence_classification,part_of_speech_classification,classification_2,noun_left,XVVX,,,black,leiche,noun,negative,black,0.8804,adjective,0.6263,1,0.34,0.47,34
37,294,6,11,1,valence_classification,part_of_speech_classification,classification_2,noun_left,XVVX,,,black,leiche,noun,negative,black,0.8804,noun,0.7293,0,0.34,0.47,34
37,295,7,11,1,valence_classification,part_of_speech_classification,classification_2,noun_left,MQQM,,,black,gütig,adjective,positive,black,0.8804,noun,0.4411,1,0.34,0.47,34
37,296,8,11,1,valence_classification,part_of_speech_classification,classification_2,noun_left,MQQM,,,black,glück,noun,positive,black,0.8804,noun,0.5934,0,0.34,0.47,34
37,297,9,11,1,valence_classification,part_of_speech_classification,classification_2,noun_left,WJJW,,,black,launisch,adjective,negative,black,0.8804,adjective,0.4572,0,0.34,0.47,34
37,298,10,11,1,valence_classification,part_of_speech_classification,classification_2,noun_left,WJJW,,,black,eitel,adjective,negative,black,0.8804,noun,0.4904,1,0.34,0.47,34
37,299,11,11,1,valence_classification,part_of_speech_classification,classification_2,noun_left,XVVX,,,black,entführung,noun,negative,black,0.8804,noun,0.5622,0,0.34,0.47,34
37,300,12,11,1,valence_classification,part_of_speech_classification,classification_2,noun_left,ZYYZ,,,black,einfall,noun,positive,black,0.8805,noun,0.5691,0,0.34,0.47,34
37,301,13,11,1,valence_classification,part_of_speech_classification,classification_2,noun_left,ZYYZ,,,black,ehrlich,adjective,positive,black,0.8804,adjective,0.7263,0,0.34,0.47,34
37,302,14,11,1,valence_classification,part_of_speech_classification,classification_2,noun_left,MQQM,,,black,ehrlich,adjective,positive,black,0.8804,adjective,0.4302,0,0.34,0.47,34
37,303,15,11,1,valence_classification,part_of_speech_classification,classification_2,noun_left,WJJW,,,black,gift,noun,negative,black,0.8804,noun,0.4665,0,0.34,0.47,34
37,304,16,11,1,valence_classification,part_of_speech_classification,classification_2,noun_left,MQQM,,,black,glück,noun,positive,black,0.8804,noun,0.4504,0,0.34,0.47,34
37,305,17,11,1,valence_classification,part_of_speech_classification,classification_2,noun_left,ZYYZ,,,black,lustig,adjective,positive,black,0.8804,noun,0.4504,1,0.34,0.47,34
37,306,18,11,1,valence_classification,part_of_speech_classification,classification_2,noun_left,MQQM,,,black,schön,adjective,positive,black,0.8804,noun,0.5214,1,0.34,0.47,34
37,307,19,11,1,valence_classification,part_of_speech_classification,classification_2,noun_left,XVVX,,,black,gierig,adjective,negative,black,0.8804,adjective,0.4739,0,0.34,0.47,34
37,308,20,11,1,valence_classification,part_of_speech_classification,classification_2,noun_left,ZYYZ,,,black,gütig,adjective,positive,black,0.8804,noun,0.5703,1,0.34,0.47,34
37,309,21,11,1,valence_classification,part_of_speech_classification,classification_2,noun_left,ZYYZ,,,black,spaß,noun,positive,black,0.8804,noun,0.4492,0,0.34,0.47,34
37,310,22,11,1,valence_classification,part_of_speech_classification,classification_2,noun_left,XVVX,,,black,schleim,noun,negative,black,0.8804,noun,0.4537,0,0.34,0.47,34
37,311,23,11,1,valence_classification,part_of_speech_classification,classification_2,noun_left,MQQM,,,black,einfall,noun,positive,black,0.8804,noun,0.442,0,0.34,0.47,34
37,312,24,11,1,valence_classification,part_of_speech_classification,classification_2,noun_left,ZYYZ,,,black,liebe,noun,positive,black,0.8805,noun,0.473,0,0.34,0.47,34
37,313,1,12,2,valence_classification,part_of_speech_classification,classification_2,noun_left,ZYYZ,,,black,spaß,noun,positive,black,0.8836,noun,0.5078,0,0.34,0.47,34
37,314,2,12,2,valence_classification,part_of_speech_classification,classification_2,noun_left,WJJW,,,black,entführung,noun,negative,black,0.8804,adjective,0.383,1,0.34,0.47,34
37,315,3,12,2,valence_classification,part_of_speech_classification,classification_2,noun_left,MQQM,,,black,schön,adjective,positive,black,0.8804,noun,0.5138,1,0.34,0.47,34
37,316,4,12,2,valence_classification,part_of_speech_classification,classification_2,noun_left,WJJW,,,black,gierig,adjective,negative,black,0.8804,adjective,0.4554,0,0.34,0.47,34
37,317,5,12,2,valence_classification,part_of_speech_classification,classification_2,noun_left,MQQM,,,black,gütig,adjective,positive,black,0.8804,adjective,0.6533,0,0.34,0.47,34
37,318,6,12,2,valence_classification,part_of_speech_classification,classification_2,noun_left,XVVX,,,black,gift,noun,negative,black,0.8804,adjective,0.4726,1,0.34,0.47,34
37,319,7,12,2,valence_classification,part_of_speech_classification,classification_2,noun_left,WJJW,,,black,eitel,adjective,negative,black,0.8804,noun,0.4726,1,0.34,0.47,34
37,320,8,12,2,valence_classification,part_of_speech_classification,classification_2,noun_left,MQQM,,,black,gütig,adjective,positive,black,0.8805,noun,0.5211,1,0.34,0.47,34
37,321,9,12,2,valence_classification,part_of_speech_classification,classification_2,noun_left,XVVX,,,black,eitel,adjective,negative,black,0.8804,noun,0.4036,1,0.34,0.47,34
37,322,10,12,2,valence_classification,part_of_speech_classification,classification_2,noun_left,ZYYZ,,,black,lustig,adjective,positive,black,0.8804,noun,0.608,1,0.34,0.47,34
37,322,10,12,2,valence_classification,part_of_speech_classification,classification_2,noun_left,ZYYZ,,,black,lustig,adjective,positive,black,0.8804,adjective,0.7609,0,0.34,0.47,34
37,323,11,12,2,valence_classification,part_of_speech_classification,classification_2,noun_left,ZYYZ,,,black,ehrlich,adjective,positive,black,0.8804,adjective,0.4398,0,0.34,0.47,34
37,324,12,12,2,valence_classification,part_of_speech_classification,classification_2,noun_left,XVVX,,,black,leiche,noun,negative,black,0.8804,noun,0.4347,0,0.34,0.47,34
37,325,13,12,2,valence_classification,part_of_speech_classification,classification_2,noun_left,MQQM,,,black,einfall,noun,positive,black,0.8804,noun,0.4673,0,0.34,0.47,34
37,326,14,12,2,valence_classification,part_of_speech_classification,classification_2,noun_left,WJJW,,,black,schleim,noun,negative,black,0.8804,adjective,0.3282,1,0.34,0.47,34
37,327,15,12,2,valence_classification,part_of_speech_classification,classification_2,noun_left,ZYYZ,,,black,ehrlich,adjective,positive,black,0.8804,adjective,0.6905,0,0.34,0.47,34
37,328,16,12,2,valence_classification,part_of_speech_classification,classification_2,noun_left,WJJW,,,black,entführung,noun,negative,black,0.8804,noun,0.4656,0,0.34,0.47,34
37,329,17,12,2,valence_classification,part_of_speech_classification,classification_2,noun_left,XVVX,,,black,gift,noun,negative,black,0.8804,noun,0.4489,0,0.34,0.47,34
37,330,18,12,2,valence_classification,part_of_speech_classification,classification_2,noun_left,XVVX,,,black,launisch,adjective,negative,black,0.8804,adjective,0.4191,0,0.34,0.47,34
37,331,19,12,2,valence_classification,part_of_speech_classification,classification_2,noun_left,XVVX,,,black,schlecht,adjective,negative,black,0.8804,adjective,0.4725,0,0.34,0.47,34
37,332,20,12,2,valence_classification,part_of_speech_classification,classification_2,noun_left,ZYYZ,,,black,liebe,noun,positive,black,0.8804,noun,0.4161,0,0.34,0.47,34
37,333,21,12,2,valence_classification,part_of_speech_classification,classification_2,noun_left,MQQM,,,black,glück,noun,positive,black,0.8805,noun,0.5844,0,0.34,0.47,34
37,334,22,12,2,valence_classification,part_of_speech_classification,classification_2,noun_left,WJJW,,,black,gierig,adjective,negative,black,0.8805,noun,0.4452,1,0.34,0.47,34
37,335,23,12,2,valence_classification,part_of_speech_classification,classification_2,noun_left,MQQM,,,black,glück,noun,positive,black,0.8804,noun,0.5151,0,0.34,0.47,34
37,336,24,12,2,valence_classification,part_of_speech_classification,classification_2,noun_left,ZYYZ,,,black,einfall,noun,positive,black,0.8804,adjective,0.5835,1,0.34,0.47,34
37,337,1,13,3,valence_classification,part_of_speech_classification,classification_2,noun_left,ZYYZ,,,black,liebe,noun,positive,black,0.8841,noun,0.5635,0,0.34,0.47,34
37,338,2,13,3,valence_classification,part_of_speech_classification,classification_2,noun_left,XVVX,,,black,launisch,adjective,negative,black,0.8804,adjective,0.463,0,0.34,0.47,34
37,339,3,13,3,valence_classification,part_of_speech_classification,classification_2,noun_left,WJJW,,,black,gierig,adjective,negative,black,0.8804,noun,0.4202,1,0.34,0.47,34
37,340,4,13,3,valence_classification,part_of_speech_classification,classification_2,noun_left,MQQM,,,black,lustig,adjective,positive,black,0.8804,noun,0.4449,1,0.34,0.47,34
37,341,5,13,3,valence_classification,part_of_speech_classification,classification_2,noun_left,MQQM,,,black,glück,noun,positive,black,0.8804,noun,0.4383,0,0.34,0.47,34
37,342,6,13,3,valence_classification,part_of_speech_classification,classification_2,noun_left,ZYYZ,,,black,lustig,adjective,positive,black,0.8804,adjective,0.3128,0,0.34,0.47,34
37,343,7,13,3,valence_classification,part_of_speech_classification,classification_2,noun_left,MQQM,,,black,gütig,adjective,positive,black,0.8804,noun,0.4247,1,0.34,0.47,34
37,344,8,13,3,valence_classification,part_of_speech_classification,classification_2,noun_left,ZYYZ,,,black,liebe,noun,positive,black,0.8804,noun,0.3196,0,0.34,0.47,34
37,345,9,13,3,valence_classification,part_of_speech_classification,classification_2,noun_left,XVVX,,,black,gift,noun,negative,black,0.8804,adjective,0.398,1,0.34,0.47,34
37,346,10,13,3,valence_classification,part_of_speech_classification,classification_2,noun_left,WJJW,,,black,schlecht,adjective,negative,black,0.8804,adjective,0.6504,0,0.34,0.47,34
37,347,11,13,3,valence_classification,part_of_speech_classification,classification_2,noun_left,XVVX,,,black,leiche,noun,negative,black,0.8804,noun,0.3676,0,0.34,0.47,34
37,348,12,13,3,valence_classification,part_of_speech_classification,classification_2,noun_left,ZYYZ,,,black,liebe,noun,positive,black,0.8804,adjective,0.3287,1,0.34,0.47,34
37,349,13,13,3,valence_classification,part_of_speech_classification,classification_2,noun_left,MQQM,,,black,gütig,adjective,positive,black,0.8804,noun,0.5093,1,0.34,0.47,34
37,350,14,13,3,valence_classification,part_of_speech_classification,classification_2,noun_left,ZYYZ,,,black,spaß,noun,positive,black,0.8804,noun,0.3028,0,0.34,0.47,34
37,351,15,13,3,valence_classification,part_of_speech_classification,classification_2,noun_left,MQQM,,,black,einfall,noun,positive,black,0.8804,noun,0.3759,0,0.34,0.47,34
37,352,16,13,3,valence_classification,part_of_speech_classification,classification_2,noun_left,XVVX,,,black,gierig,adjective,negative,black,0.8804,adjective,0.4795,0,0.34,0.47,34
37,353,17,13,3,valence_classification,part_of_speech_classification,classification_2,noun_left,ZYYZ,,,black,einfall,noun,positive,black,0.8804,noun,0.4604,0,0.34,0.47,34
37,354,18,13,3,valence_classification,part_of_speech_classification,classification_2,noun_left,MQQM,,,black,einfall,noun,positive,black,0.8804,noun,0.3082,0,0.34,0.47,34
37,355,19,13,3,valence_classification,part_of_speech_classification,classification_2,noun_left,XVVX,,,black,eitel,adjective,negative,black,0.8804,adjective,0.2583,0,0.34,0.47,34
37,356,20,13,3,valence_classification,part_of_speech_classification,classification_2,noun_left,ZYYZ,,,black,schön,adjective,positive,black,0.8804,adjective,0.5574,0,0.34,0.47,34
37,357,21,13,3,valence_classification,part_of_speech_classification,classification_2,noun_left,MQQM,,,black,gütig,adjective,positive,black,0.8804,noun,0.3429,1,0.34,0.47,34
37,358,22,13,3,valence_classification,part_of_speech_classification,classification_2,noun_left,XVVX,,,black,launisch,adjective,negative,black,0.8804,noun,0.4072,1,0.34,0.47,34
37,359,23,13,3,valence_classification,part_of_speech_classification,classification_2,noun_left,ZYYZ,,,black,spaß,noun,positive,black,0.8804,adjective,0.4765,1,0.34,0.47,34
37,360,24,13,3,valence_classification,part_of_speech_classification,classification_2,noun_left,WJJW,,,black,gift,noun,negative,black,0.8804,noun,0.4456,0,0.34,0.47,34
37,361,25,13,3,valence_classification,part_of_speech_classification,classification_2,noun_left,MQQM,,,black,spaß,noun,positive,black,0.8804,noun,0.5262,0,0.34,0.47,34
37,362,26,13,3,valence_classification,part_of_speech_classification,classification_2,noun_left,WJJW,,,black,schleim,noun,negative,black,0.8804,noun,0.4402,0,0.34,0.47,34
37,363,27,13,3,valence_classification,part_of_speech_classification,classification_2,noun_left,XVVX,,,black,entführung,noun,negative,black,0.8804,adjective,0.4061,1,0.34,0.47,34
37,364,28,13,3,valence_classification,part_of_speech_classification,classification_2,noun_left,WJJW,,,black,leiche,noun,negative,black,0.8804,adjective,0.4908,1,0.34,0.47,34
37,365,29,13,3,valence_classification,part_of_speech_classification,classification_2,noun_left,MQQM,,,black,ehrlich,adjective,positive,black,0.8804,noun,0.6552,1,0.34,0.47,34
37,366,30,13,3,valence_classification,part_of_speech_classification,classification_2,noun_left,WJJW,,,black,leiche,noun,negative,black,0.8804,noun,0.4952,0,0.34,0.47,34
37,367,31,13,3,valence_classification,part_of_speech_classification,classification_2,noun_left,ZYYZ,,,black,schön,adjective,positive,black,0.8804,adjective,0.7685,0,0.34,0.47,34
37,368,32,13,3,valence_classification,part_of_speech_classification,classification_2,noun_left,MQQM,,,black,glück,noun,positive,black,0.8804,noun,0.488,0,0.34,0.47,34
37,369,33,13,3,valence_classification,part_of_speech_classification,classification_2,noun_left,XVVX,,,black,launisch,adjective,negative,black,0.8804,adjective,0.7262,0,0.34,0.47,34
37,370,34,13,3,valence_classification,part_of_speech_classification,classification_2,noun_left,ZYYZ,,,black,ehrlich,adjective,positive,black,0.8804,noun,0.4504,1,0.34,0.47,34
37,371,35,13,3,valence_classification,part_of_speech_classification,classification_2,noun_left,MQQM,,,black,ehrlich,adjective,positive,black,0.8804,adjective,0.6241,0,0.34,0.47,34
37,372,36,13,3,valence_classification,part_of_speech_classification,classification_2,noun_left,XVVX,,,black,schlecht,adjective,negative,black,0.8804,noun,0.453,1,0.34,0.47,34
37,373,37,13,3,valence_classification,part_of_speech_classification,classification_2,noun_left,WJJW,,,black,eitel,adjective,negative,black,0.8804,noun,0.3995,1,0.34,0.47,34
37,374,38,13,3,valence_classification,part_of_speech_classification,classification_2,noun_left,MQQM,,,black,glück,noun,positive,black,0.8804,noun,0.4364,0,0.34,0.47,34
37,375,39,13,3,valence_classification,part_of_speech_classification,classification_2,noun_left,WJJW,,,black,entführung,noun,negative,black,0.8804,noun,0.667,0,0.34,0.47,34
37,376,40,13,3,valence_classification,part_of_speech_classification,classification_2,noun_left,WJJW,,,black,gift,noun,negative,black,0.8804,noun,0.5369,0,0.34,0.47,34
37,377,41,13,3,valence_classification,part_of_speech_classification,classification_2,noun_left,XVVX,,,black,schleim,noun,negative,black,0.8804,noun,0.4253,0,0.34,0.47,34
37,378,42,13,3,valence_classification,part_of_speech_classification,classification_2,noun_left,WJJW,,,black,gierig,adjective,negative,black,0.8804,adjective,0.6,0,0.34,0.47,34
37,379,43,13,3,valence_classification,part_of_speech_classification,classification_2,noun_left,XVVX,,,black,schleim,noun,negative,black,0.8804,noun,0.5441,0,0.34,0.47,34
37,380,44,13,3,valence_classification,part_of_speech_classification,classification_2,noun_left,ZYYZ,,,black,lustig,adjective,positive,black,0.8804,adjective,0.4824,0,0.34,0.47,34
37,381,45,13,3,valence_classification,part_of_speech_classification,classification_2,noun_left,XVVX,,,black,entführung,noun,negative,black,0.8804,noun,0.6544,0,0.34,0.47,34
37,382,46,13,3,valence_classification,part_of_speech_classification,classification_2,noun_left,WJJW,,,black,eitel,adjective,negative,black,0.8804,adjective,0.4559,0,0.34,0.47,34
37,383,47,13,3,valence_classification,part_of_speech_classification,classification_2,noun_left,WJJW,,,black,schlecht,adjective,negative,black,0.8804,noun,0.3786,1,0.34,0.47,34
37,384,48,13,3,valence_classification,part_of_speech_classification,classification_2,noun_left,ZYYZ,,,black,schön,adjective,positive,black,0.8804,adjective,0.4176,0,0.34,0.47,34
37,385,1,14,4,valence_classification,part_of_speech_classification,classification_2,noun_left,MQQM,,,black,lustig,adjective,positive,black,0.8832,noun,0.5177,1,0.34,0.47,34
37,386,2,14,4,valence_classification,part_of_speech_classification,classification_2,noun_left,ZYYZ,,,black,schön,adjective,positive,black,0.8804,adjective,0.4386,0,0.34,0.47,34
37,387,3,14,4,valence_classification,part_of_speech_classification,classification_2,noun_left,WJJW,,,black,entführung,noun,negative,black,0.8804,noun,0.7121,0,0.34,0.47,34
37,388,4,14,4,valence_classification,part_of_speech_classification,classification_2,noun_left,ZYYZ,,,black,glück,noun,positive,black,0.8804,noun,0.466,0,0.34,0.47,34
37,389,5,14,4,valence_classification,part_of_speech_classification,classification_2,noun_left,ZYYZ,,,black,spaß,noun,positive,black,0.8804,noun,0.4073,0,0.34,0.47,34
37,390,6,14,4,valence_classification,part_of_speech_classification,classification_2,noun_left,MQQM,,,black,liebe,noun,positive,black,0.8804,noun,0.42,0,0.34,0.47,34
37,391,7,14,4,valence_classification,part_of_speech_classification,classification_2,noun_left,XVVX,,,black,schlecht,adjective,negative,black,0.8804,noun,0.4264,1,0.34,0.47,34
37,391,7,14,4,valence_classification,part_of_speech_classification,classification_2,noun_left,XVVX,,,black,schlecht,adjective,negative,black,0.8804,adjective,0.4683,0,0.34,0.47,34
37,392,8,14,4,valence_classification,part_of_speech_classification,classification_2,noun_left,WJJW,,,black,schlecht,adjective,negative,black,0.8804,adjective,0.3652,0,0.34,0.47,34
37,393,9,14,4,valence_classification,part_of_speech_classification,classification_2,noun_left,MQQM,,,black,gütig,adjective,positive,black,0.8804,noun,0.423,1,0.34,0.47,34
37,394,10,14,4,valence_classification,part_of_speech_classification,classification_2,noun_left,WJJW,,,black,gierig,adjective,negative,black,0.8804,noun,0.4,1,0.34,0.47,34
37,395,11,14,4,valence_classification,part_of_speech_classification,classification_2,noun_left,XVVX,,,black,gift,noun,negative,black,0.8804,noun,0.4675,0,0.34,0.47,34
37,396,12,14,4,valence_classification,part_of_speech_classification,classification_2,noun_left,MQQM,,,black,ehrlich,adjective,positive,black,0.8804,adjective,0.3602,0,0.34,0.47,34
37,397,13,14,4,valence_classification,part_of_speech_classification,classification_2,noun_left,XVVX,,,black,entführung,noun,negative,black,0.8804,noun,0.5998,0,0.34,0.47,34
37,398,14,14,4,valence_classification,part_of_speech_classification,classification_2,noun_left,XVVX,,,black,schleim,noun,negative,black,0.8805,adjective,0.4449,1,0.34,0.47,34
37,399,15,14,4,valence_classification,part_of_speech_classification,classification_2,noun_left,XVVX,,,black,eitel,adjective,negative,black,0.8804,noun,0.5059,1,0.34,0.47,34
37,400,16,14,4,valence_classification,part_of_speech_classification,classification_2,noun_left,ZYYZ,,,black,glück,noun,positive,black,0.8804,noun,0.5488,0,0.34,0.47,34
37,401,17,14,4,valence_classification,part_of_speech_classification,classification_2,noun_left,XVVX,,,black,entführung,noun,negative,black,0.8804,noun,0.6202,0,0.34,0.47,34
37,402,18,14,4,valence_classification,part_of_speech_classification,classification_2,noun_left,XVVX,,,black,schleim,noun,negative,black,0.8804,noun,0.3833,0,0.34,0.47,34
37,403,19,14,4,valence_classification,part_of_speech_classification,classification_2,noun_left,ZYYZ,,,black,lustig,adjective,positive,black,0.8804,adjective,0.3251,0,0.34,0.47,34
37,404,20,14,4,valence_classification,part_of_speech_classification,classification_2,noun_left,MQQM,,,black,glück,noun,positive,black,0.8804,noun,0.4988,0,0.34,0.47,34
37,405,21,14,4,valence_classification,part_of_speech_classification,classification_2,noun_left,XVVX,,,black,gierig,adjective,negative,black,0.8804,noun,0.443,1,0.34,0.47,34
37,406,22,14,4,valence_classification,part_of_speech_classification,classification_2,noun_left,MQQM,,,black,lustig,adjective,positive,black,0.8804,noun,0.4857,1,0.34,0.47,34
37,407,23,14,4,valence_classification,part_of_speech_classification,classification_2,noun_left,WJJW,,,black,launisch,adjective,negative,black,0.8804,adjective,0.7873,0,0.34,0.47,34
37,408,24,14,4,valence_classification,part_of_speech_classification,classification_2,noun_left,WJJW,,,black,schlecht,adjective,negative,black,0.8804,noun,0.5619,1,0.34,0.47,34
37,409,25,14,4,valence_classification,part_of_speech_classification,classification_2,noun_left,ZYYZ,,,black,schön,adjective,positive,black,0.8804,adjective,0.8427,0,0.34,0.47,34
37,410,26,14,4,valence_classification,part_of_speech_classification,classification_2,noun_left,MQQM,,,black,einfall,noun,positive,black,0.8804,noun,2.5109,0,0.34,0.47,34
37,411,27,14,4,valence_classification,part_of_speech_classification,classification_2,noun_left,ZYYZ,,,black,schön,adjective,positive,black,0.8804,adjective,0.6467,0,0.34,0.47,34
37,412,28,14,4,valence_classification,part_of_speech_classification,classification_2,noun_left,ZYYZ,,,black,gütig,adjective,positive,black,0.8804,noun,0.3729,1,0.34,0.47,34
37,413,29,14,4,valence_classification,part_of_speech_classification,classification_2,noun_left,ZYYZ,,,black,ehrlich,adjective,positive,black,0.8804,adjective,0.3582,0,0.34,0.47,34
37,414,30,14,4,valence_classification,part_of_speech_classification,classification_2,noun_left,WJJW,,,black,leiche,noun,negative,black,0.8804,adjective,0.328,1,0.34,0.47,34
37,415,31,14,4,valence_classification,part_of_speech_classification,classification_2,noun_left,MQQM,,,black,spaß,noun,positive,black,0.8804,noun,0.6609,0,0.34,0.47,34
37,416,32,14,4,valence_classification,part_of_speech_classification,classification_2,noun_left,XVVX,,,black,eitel,adjective,negative,black,0.8804,noun,0.393,1,0.34,0.47,34
37,416,32,14,4,valence_classification,part_of_speech_classification,classification_2,noun_left,XVVX,,,black,eitel,adjective,negative,black,0.8804,adjective,0.4551,0,0.34,0.47,34
37,417,33,14,4,valence_classification,part_of_speech_classification,classification_2,noun_left,WJJW,,,black,launisch,adjective,negative,black,0.8804,adjective,0.8256,0,0.34,0.47,34
37,418,34,14,4,valence_classification,part_of_speech_classification,classification_2,noun_left,MQQM,,,black,ehrlich,adjective,positive,black,0.8804,noun,0.4726,1,0.34,0.47,34
37,419,35,14,4,valence_classification,part_of_speech_classification,classification_2,noun_left,WJJW,,,black,leiche,noun,negative,black,0.8804,adjective,0.393,1,0.34,0.47,34
37,420,36,14,4,valence_classification,part_of_speech_classification,classification_2,noun_left,XVVX,,,black,eitel,adjective,negative,black,0.8804,adjective,0.7747,0,0.34,0.47,34
37,421,37,14,4,valence_classification,part_of_speech_classification,classification_2,noun_left,MQQM,,,black,gütig,adjective,positive,black,0.8804,noun,0.4894,1,0.34,0.47,34
37,422,38,14,4,valence_classification,part_of_speech_classification,classification_2,noun_left,ZYYZ,,,black,liebe,noun,positive,black,0.8804,noun,0.4693,0,0.34,0.47,34
37,423,39,14,4,valence_classification,part_of_speech_classification,classification_2,noun_left,XVVX,,,black,leiche,noun,negative,black,0.8804,adjective,0.5398,1,0.34,0.47,34
37,424,40,14,4,valence_classification,part_of_speech_classification,classification_2,noun_left,WJJW,,,black,gift,noun,negative,black,0.8804,adjective,0.415,1,0.34,0.47,34
37,425,41,14,4,valence_classification,part_of_speech_classification,classification_2,noun_left,ZYYZ,,,black,einfall,noun,positive,black,0.8804,adjective,0.7273,1,0.34,0.47,34
37,426,42,14,4,valence_classification,part_of_speech_classification,classification_2,noun_left,MQQM,,,black,einfall,noun,positive,black,0.8804,noun,0.6371,0,0.34,0.47,34
37,427,43,14,4,valence_classification,part_of_speech_classification,classification_2,noun_left,WJJW,,,black,launisch,adjective,negative,black,0.8804,adjective,0.4605,0,0.34,0.47,34
37,428,44,14,4,valence_classification,part_of_speech_classification,classification_2,noun_left,ZYYZ,,,black,liebe,noun,positive,black,0.8804,noun,0.4972,0,0.34,0.47,34
37,429,45,14,4,valence_classification,part_of_speech_classification,classification_2,noun_left,WJJW,,,black,schleim,noun,negative,black,0.8804,adjective,0.5126,1,0.34,0.47,34
37,430,46,14,4,valence_classification,part_of_speech_classification,classification_2,noun_left,XVVX,,,black,gierig,adjective,negative,black,0.8804,adjective,0.6803,0,0.34,0.47,34
37,431,47,14,4,valence_classification,part_of_speech_classification,classification_2,noun_left,WJJW,,,black,gift,noun,negative,black,0.8804,noun,0.4651,0,0.34,0.47,34
37,432,48,14,4,valence_classification,part_of_speech_classification,classification_2,noun_left,MQQM,,,black,spaß,noun,positive,black,0.8805,noun,0.6645,0,0.34,0.47,34
37,433,1,15,5,valence_classification,part_of_speech_classification,classification_2,noun_left,MQQM,,,black,liebe,noun,positive,black,0.8804,noun,0.6897,0,0.34,0.47,34
37,434,2,15,5,valence_classification,part_of_speech_classification,classification_2,noun_left,MQQM,,,black,ehrlich,adjective,positive,black,0.8804,adjective,0.2689,0,0.34,0.47,34
37,435,3,15,5,valence_classification,part_of_speech_classification,classification_2,noun_left,XVVX,,,black,leiche,noun,negative,black,0.8804,adjective,0.4814,1,0.34,0.47,34
37,436,4,15,5,valence_classification,part_of_speech_classification,classification_2,noun_left,MQQM,,,black,ehrlich,adjective,positive,black,0.8804,adjective,0.4656,0,0.34,0.47,34
37,437,5,15,5,valence_classification,part_of_speech_classification,classification_2,noun_left,ZYYZ,,,black,einfall,noun,positive,black,0.8804,noun,0.5036,0,0.34,0.47,34
37,438,6,15,5,valence_classification,part_of_speech_classification,classification_2,noun_left,WJJW,,,black,entführung,noun,negative,black,0.8804,noun,0.4766,0,0.34,0.47,34
37,439,7,15,5,valence_classification,part_of_speech_classification,classification_2,noun_left,ZYYZ,,,black,schön,adjective,positive,black,0.8804,adjective,0.4229,0,0.34,0.47,34
37,440,8,15,5,valence_classification,part_of_speech_classification,classification_2,noun_left,XVVX,,,black,gierig,adjective,negative,black,0.8804,adjective,0.2991,0,0.34,0.47,34
37,441,9,15,5,valence_classification,part_of_speech_classification,classification_2,noun_left,WJJW,,,black,launisch,adjective,negative,black,0.8804,noun,0.4182,1,0.34,0.47,34
37,442,10,15,5,valence_classification,part_of_speech_classification,classification_2,noun_left,XVVX,,,black,entführung,noun,negative,black,0.8804,noun,0.5092,0,0.34,0.47,34
37,443,11,15,5,valence_classification,part_of_speech_classification,classification_2,noun_left,ZYYZ,,,black,ehrlich,adjective,positive,black,0.8804,adjective,0.3263,0,0.34,0.47,34
37,444,12,15,5,valence_classification,part_of_speech_classification,classification_2,noun_left,WJJW,,,black,entführung,noun,negative,black,0.8804,noun,0.2498,0,0.34,0.47,34
37,445,13,15,5,valence_classification,part_of_speech_classification,classification_2,noun_left,XVVX,,,black,schlecht,adjective,negative,black,0.8804,adjective,0.51,0,0.34,0.47,34
37,446,14,15,5,valence_classification,part_of_speech_classification,classification_2,noun_left,ZYYZ,,,black,glück,noun,positive,black,0.8804,noun,0.5981,0,0.34,0.47,34
37,447,15,15,5,valence_classification,part_of_speech_classification,classification_2,noun_left,ZYYZ,,,black,lustig,adjective,positive,black,0.8804,noun,0.4558,1,0.34,0.47,34
37,448,16,15,5,valence_classification,part_of_speech_classification,classification_2,noun_left,ZYYZ,,,black,glück,noun,positive,black,0.8804,noun,0.5475,0,0.34,0.47,34
37,449,17,15,5,valence_classification,part_of_speech_classification,classification_2,noun_left,WJJW,,,black,schleim,noun,negative,black,0.8804,adjective,0.433,1,0.34,0.47,34
37,450,18,15,5,valence_classification,part_of_speech_classification,classification_2,noun_left,XVVX,,,black,gift,noun,negative,black,0.8804,noun,0.4483,0,0.34,0.47,34
37,451,19,15,5,valence_classification,part_of_speech_classification,classification_2,noun_left,WJJW,,,black,schlecht,adjective,negative,black,0.8804,noun,0.3998,1,0.34,0.47,34
37,452,20,15,5,valence_classification,part_of_speech_classification,classification_2,noun_left,MQQM,,,black,schön,adjective,positive,black,0.8804,adjective,0.8007,0,0.34,0.47,34
37,453,21,15,5,valence_classification,part_of_speech_classification,classification_2,noun_left,MQQM,,,black,spaß,noun,positive,black,0.8804,noun,0.423,0,0.34,0.47,34
37,454,22,15,5,valence_classification,part_of_speech_classification,classification_2,noun_left,ZYYZ,,,black,spaß,noun,positive,black,0.8804,noun,0.4401,0,0.34,0.47,34
37,455,23,15,5,valence_classification,part_of_speech_classification,classification_2,noun_left,ZYYZ,,,black,gütig,adjective,positive,black,0.8804,adjective,0.369,0,0.34,0.47,34
37,456,24,15,5,valence_classification,part_of_speech_classification,classification_2,noun_left,XVVX,,,black,schleim,noun,negative,black,0.8804,noun,0.4029,0,0.34,0.47,34
37,457,25,15,5,valence_classification,part_of_speech_classification,classification_2,noun_left,XVVX,,,black,leiche,noun,negative,black,0.8804,noun,0.6153,0,0.34,0.47,34
37,458,26,15,5,valence_classification,part_of_speech_classification,classification_2,noun_left,MQQM,,,black,lustig,adjective,positive,black,0.8804,noun,0.4135,1,0.34,0.47,34
37,459,27,15,5,valence_classification,part_of_speech_classification,classification_2,noun_left,ZYYZ,,,black,liebe,noun,positive,black,0.8804,noun,0.413,0,0.34,0.47,34
37,460,28,15,5,valence_classification,part_of_speech_classification,classification_2,noun_left,MQQM,,,black,gütig,adjective,positive,black,0.8804,adjective,0.3729,0,0.34,0.47,34
37,461,29,15,5,valence_classification,part_of_speech_classification,classification_2,noun_left,WJJW,,,black,eitel,adjective,negative,black,0.8804,noun,0.5149,1,0.34,0.47,34
37,462,30,15,5,valence_classification,part_of_speech_classification,classification_2,noun_left,ZYYZ,,,black,schön,adjective,positive,black,0.8804,noun,0.4404,1,0.34,0.47,34
37,463,31,15,5,valence_classification,part_of_speech_classification,classification_2,noun_left,MQQM,,,black,liebe,noun,positive,black,0.8804,noun,0.3873,0,0.34,0.47,34
37,464,32,15,5,valence_classification,part_of_speech_classification,classification_2,noun_left,WJJW,,,black,eitel,adjective,negative,black,0.8804,adjective,0.2327,0,0.34,0.47,34
37,465,33,15,5,valence_classification,part_of_speech_classification,classification_2,noun_left,WJJW,,,black,gift,noun,negative,black,0.8804,noun,0.403,0,0.34,0.47,34
37,466,34,15,5,valence_classification,part_of_speech_classification,classification_2,noun_left,WJJW,,,black,schleim,noun,negative,black,0.8804,adjective,0.3347,1,0.34,0.47,34
37,467,35,15,5,valence_classification,part_of_speech_classification,classification_2,noun_left,MQQM,,,black,einfall,noun,positive,black,0.8804,adjective,0.3379,1,0.34,0.47,34
37,468,36,15,5,valence_classification,part_of_speech_classification,classification_2,noun_left,XVVX,,,black,gift,noun,negative,black,0.8804,noun,0.3329,0,0.34,0.47,34
37,469,37,15,5,valence_classification,part_of_speech_classification,classification_2,noun_left,MQQM,,,black,spaß,noun,positive,black,0.8804,noun,0.4236,0,0.34,0.47,34
37,470,38,15,5,valence_classification,part_of_speech_classification,classification_2,noun_left,MQQM,,,black,gütig,adjective,positive,black,0.8804,adjective,0.3383,0,0.34,0.47,34
37,471,39,15,5,valence_classification,part_of_speech_classification,classification_2,noun_left,XVVX,,,black,launisch,adjective,negative,black,0.8804,noun,0.499,1,0.34,0.47,34
37,472,40,15,5,valence_classification,part_of_speech_classification,classification_2,noun_left,WJJW,,,black,gierig,adjective,negative,black,0.8804,noun,0.4444,1,0.34,0.47,34
37,473,41,15,5,valence_classification,part_of_speech_classification,classification_2,noun_left,MQQM,,,black,glück,noun,positive,black,0.8804,noun,0.3729,0,0.34,0.47,34
37,474,42,15,5,valence_classification,part_of_speech_classification,classification_2,noun_left,WJJW,,,black,leiche,noun,negative,black,0.8804,adjective,0.2828,1,0.34,0.47,34
37,475,43,15,5,valence_classification,part_of_speech_classification,classification_2,noun_left,WJJW,,,black,schlecht,adjective,negative,black,0.8804,adjective,0.8007,0,0.34,0.47,34
37,476,44,15,5,valence_classification,part_of_speech_classification,classification_2,noun_left,XVVX,,,black,launisch,adjective,negative,black,0.8804,noun,0.3529,1,0.34,0.47,34
37,477,45,15,5,valence_classification,part_of_speech_classification,classification_2,noun_left,ZYYZ,,,black,einfall,noun,positive,black,0.8804,noun,0.5251,0,0.34,0.47,34
37,478,46,15,5,valence_classification,part_of_speech_classification,classification_2,noun_left,XVVX,,,black,gierig,adjective,negative,black,0.8804,adjective,0.5522,0,0.34,0.47,34
37,479,47,15,5,valence_classification,part_of_speech_classification,classification_2,noun_left,ZYYZ,,,black,lustig,adjective,positive,black,0.8804,adjective,0.3764,0,0.34,0.47,34
37,480,48,15,5,valence_classification,part_of_speech_classification,classification_2,noun_left,XVVX,,,black,eitel,adjective,negative,black,0.8804,adjective,0.369,0,0.34,0.47,34
37,485,1,17,1,valence_classification,prime_discrimination,prime_discrimination,none,MQQM,,,black,lustig,adjective,positive,black,0.9329,,,,0.34,0.47,34
37,485,1,17,1,valence_classification,prime_discrimination,prime_discrimination,none,MQQM,,,black,lustig,adjective,positive,black,,stim1,1804.610200000694,,,,34
37,486,2,17,1,valence_classification,prime_discrimination,prime_discrimination,none,XVVX,,,black,spaß,noun,positive,black,0.9305,,,,0.34,0.47,34
37,486,2,17,1,valence_classification,prime_discrimination,prime_discrimination,none,XVVX,,,black,spaß,noun,positive,black,,stim2,1097.7835000013001,,,,34
37,487,3,17,1,valence_classification,prime_discrimination,prime_discrimination,none,MQQM,,,black,glück,noun,positive,black,0.9305,,,,0.34,0.47,34
37,487,3,17,1,valence_classification,prime_discrimination,prime_discrimination,none,MQQM,,,black,glück,noun,positive,black,,stim1,1092.436899998458,,,,34
37,488,4,17,1,valence_classification,prime_discrimination,prime_discrimination,none,ZYYZ,,,black,gütig,adjective,positive,black,0.9305,,,,0.34,0.47,34
37,488,4,17,1,valence_classification,prime_discrimination,prime_discrimination,none,ZYYZ,,,black,gütig,adjective,positive,black,,stim3,2140.9983000049833,,,,34
37,489,5,17,1,valence_classification,prime_discrimination,prime_discrimination,none,WJJW,,,black,schön,adjective,positive,black,0.9305,,,,0.34,0.47,34
37,489,5,17,1,valence_classification,prime_discrimination,prime_discrimination,none,WJJW,,,black,schön,adjective,positive,black,,stim0,1458.0872000006493,,,,34
37,490,6,17,1,valence_classification,prime_discrimination,prime_discrimination,none,ZYYZ,,,black,launisch,adjective,negative,black,0.9305,,,,0.34,0.47,34
37,490,6,17,1,valence_classification,prime_discrimination,prime_discrimination,none,ZYYZ,,,black,launisch,adjective,negative,black,,stim3,857.2668000052217,,,,34
37,491,7,17,1,valence_classification,prime_discrimination,prime_discrimination,none,MQQM,,,black,gierig,adjective,negative,black,0.9304,,,,0.34,0.47,34
37,491,7,17,1,valence_classification,prime_discrimination,prime_discrimination,none,MQQM,,,black,gierig,adjective,negative,black,,stim1,985.6101999976672,,,,34
37,492,8,17,1,valence_classification,prime_discrimination,prime_discrimination,none,WJJW,,,black,ehrlich,adjective,positive,black,0.9305,,,,0.34,0.47,34
37,492,8,17,1,valence_classification,prime_discrimination,prime_discrimination,none,WJJW,,,black,ehrlich,adjective,positive,black,,stim0,1206.122900002636,,,,34
37,493,9,17,1,valence_classification,prime_discrimination,prime_discrimination,none,ZYYZ,,,black,einfall,noun,positive,black,0.9305,,,,0.34,0.47,34
37,493,9,17,1,valence_classification,prime_discrimination,prime_discrimination,none,ZYYZ,,,black,einfall,noun,positive,black,,stim3,1564.3421999993734,,,,34
37,494,10,17,1,valence_classification,prime_discrimination,prime_discrimination,none,WJJW,,,black,eitel,adjective,negative,black,0.9305,,,,0.34,0.47,34
37,494,10,17,1,valence_classification,prime_discrimination,prime_discrimination,none,WJJW,,,black,eitel,adjective,negative,black,,stim0;WJJW,923.7527000005357,,,,34
37,495,11,17,1,valence_classification,prime_discrimination,prime_discrimination,none,XVVX,,,black,schlecht,adjective,negative,black,0.9305,,,,0.34,0.47,34
37,495,11,17,1,valence_classification,prime_discrimination,prime_discrimination,none,XVVX,,,black,schlecht,adjective,negative,black,,stim2,1620.4970000034664,,,,34
37,496,12,17,1,valence_classification,prime_discrimination,prime_discrimination,none,XVVX,,,black,liebe,noun,positive,black,0.9304,,,,0.34,0.47,34
37,496,12,17,1,valence_classification,prime_discrimination,prime_discrimination,none,XVVX,,,black,liebe,noun,positive,black,,stim2,1720.6441000015475,,,,34
37,497,1,18,2,valence_classification,prime_discrimination,prime_discrimination,none,WJJW,,,black,gütig,adjective,positive,black,0.8805,,,,0.34,0.47,34
37,497,1,18,2,valence_classification,prime_discrimination,prime_discrimination,none,WJJW,,,black,gütig,adjective,positive,black,,stim3;ZYYZ,1025.6660000013653,,,,34
37,498,2,18,2,valence_classification,prime_discrimination,prime_discrimination,none,MQQM,,,black,gütig,adjective,positive,black,0.8804,,,,0.34,0.47,34
37,498,2,18,2,valence_classification,prime_discrimination,prime_discrimination,none,MQQM,,,black,gütig,adjective,positive,black,,stim2;XVVX,1956.1463999999687,,,,34
37,499,3,18,2,valence_classification,prime_discrimination,prime_discrimination,none,MQQM,,,black,spaß,noun,positive,black,0.8804,,,,0.34,0.47,34
37,499,3,18,2,valence_classification,prime_discrimination,prime_discrimination,none,MQQM,,,black,spaß,noun,positive,black,,stim1,1030.8117000020575,,,,34
37,500,4,18,2,valence_classification,prime_discrimination,prime_discrimination,none,XVVX,,,black,liebe,noun,positive,black,0.8804,,,,0.34,0.47,34
37,500,4,18,2,valence_classification,prime_discrimination,prime_discrimination,none,XVVX,,,black,liebe,noun,positive,black,,stim0;WJJW,2121.140499999514,,,,34
37,501,5,18,2,valence_classification,prime_discrimination,prime_discrimination,none,MQQM,,,black,einfall,noun,positive,black,0.8804,,,,0.34,0.47,34
37,501,5,18,2,valence_classification,prime_discrimination,prime_discrimination,none,MQQM,,,black,einfall,noun,positive,black,,stim3;ZYYZ,818.5430000012275,,,,34
37,502,6,18,2,valence_classification,prime_discrimination,prime_discrimination,none,WJJW,,,black,ehrlich,adjective,positive,black,0.8805,,,,0.34,0.47,34
37,502,6,18,2,valence_classification,prime_discrimination,prime_discrimination,none,WJJW,,,black,ehrlich,adjective,positive,black,,stim2,884.4738000044599,,,,34
37,503,7,18,2,valence_classification,prime_discrimination,prime_discrimination,none,WJJW,,,black,ehrlich,adjective,positive,black,0.8804,,,,0.34,0.47,34
37,503,7,18,2,valence_classification,prime_discrimination,prime_discrimination,none,WJJW,,,black,ehrlich,adjective,positive,black,,stim3,1064.2607999979518,,,,34
37,504,8,18,2,valence_classification,prime_discrimination,prime_discrimination,none,ZYYZ,,,black,ehrlich,adjective,positive,black,0.8804,,,,0.34,0.47,34
37,504,8,18,2,valence_classification,prime_discrimination,prime_discrimination,none,ZYYZ,,,black,ehrlich,adjective,positive,black,,stim0,1161.9940000020433,,,,34
37,505,9,18,2,valence_classification,prime_discrimination,prime_discrimination,none,XVVX,,,black,glück,noun,positive,black,0.8804,,,,0.34,0.47,34
37,505,9,18,2,valence_classification,prime_discrimination,prime_discrimination,none,XVVX,,,black,glück,noun,positive,black,,stim2,988.3473000009544,,,,34
37,506,10,18,2,valence_classification,prime_discrimination,prime_discrimination,none,XVVX,,,black,lustig,adjective,positive,black,0.8805,,,,0.34,0.47,34
37,506,10,18,2,valence_classification,prime_discrimination,prime_discrimination,none,XVVX,,,black,lustig,adjective,positive,black,,stim3,1165.9928999943659,,,,34
37,507,11,18,2,valence_classification,prime_discrimination,prime_discrimination,none,MQQM,,,black,launisch,adjective,negative,black,0.8804,,,,0.34,0.47,34
37,507,11,18,2,valence_classification,prime_discrimination,prime_discrimination,none,MQQM,,,black,launisch,adjective,negative,black,,stim1,547.9811999974772,,,,34
37,508,12,18,2,valence_classification,prime_discrimination,prime_discrimination,none,MQQM,,,black,schön,adjective,positive,black,0.9106,,,,0.34,0.47,34
37,508,12,18,2,valence_classification,prime_discrimination,prime_discrimination,none,MQQM,,,black,schön,adjective,positive,black,,stim0,2267.4741000009235,,,,34
37,509,13,18,2,valence_classification,prime_discrimination,prime_discrimination,none,ZYYZ,,,black,entführung,noun,negative,black,0.8804,,,,0.34,0.47,34
37,509,13,18,2,valence_classification,prime_discrimination,prime_discrimination,none,ZYYZ,,,black,entführung,noun,negative,black,,stim3;ZYYZ,2909.3329000025988,,,,34
37,510,14,18,2,valence_classification,prime_discrimination,prime_discrimination,none,ZYYZ,,,black,schlecht,adjective,negative,black,0.8804,,,,0.34,0.47,34
37,510,14,18,2,valence_classification,prime_discrimination,prime_discrimination,none,ZYYZ,,,black,schlecht,adjective,negative,black,,stim3,2086.6448000015225,,,,34
37,511,15,18,2,valence_classification,prime_discrimination,prime_discrimination,none,XVVX,,,black,launisch,adjective,negative,black,0.8804,,,,0.34,0.47,34
37,511,15,18,2,valence_classification,prime_discrimination,prime_discrimination,none,XVVX,,,black,launisch,adjective,negative,black,,stim2,747.1891000024043,,,,34
37,512,16,18,2,valence_classification,prime_discrimination,prime_discrimination,none,XVVX,,,black,launisch,adjective,negative,black,0.9104,,,,0.34,0.47,34
37,512,16,18,2,valence_classification,prime_discrimination,prime_discrimination,none,XVVX,,,black,launisch,adjective,negative,black,,stim2,1118.964000001084,,,,34
37,513,17,18,2,valence_classification,prime_discrimination,prime_discrimination,none,WJJW,,,black,gierig,adjective,negative,black,0.8804,,,,0.34,0.47,34
37,513,17,18,2,valence_classification,prime_discrimination,prime_discrimination,none,WJJW,,,black,gierig,adjective,negative,black,,stim3;ZYYZ,1003.3114000034984,,,,34
37,514,18,18,2,valence_classification,prime_discrimination,prime_discrimination,none,MQQM,,,black,ehrlich,adjective,positive,black,0.8805,,,,0.34,0.47,34
37,514,18,18,2,valence_classification,prime_discrimination,prime_discrimination,none,MQQM,,,black,ehrlich,adjective,positive,black,,stim1,834.0421999965329,,,,34
37,515,19,18,2,valence_classification,prime_discrimination,prime_discrimination,none,WJJW,,,black,gift,noun,negative,black,0.8805,,,,0.34,0.47,34
37,515,19,18,2,valence_classification,prime_discrimination,prime_discrimination,none,WJJW,,,black,gift,noun,negative,black,,stim2,1282.180600006599,,,,34
37,516,20,18,2,valence_classification,prime_discrimination,prime_discrimination,none,XVVX,,,black,eitel,adjective,negative,black,0.8804,,,,0.34,0.47,34
37,516,20,18,2,valence_classification,prime_discrimination,prime_discrimination,none,XVVX,,,black,eitel,adjective,negative,black,,stim3,1075.9338999995962,,,,34
37,517,21,18,2,valence_classification,prime_discrimination,prime_discrimination,none,WJJW,,,black,einfall,noun,positive,black,0.8804,,,,0.34,0.47,34
37,517,21,18,2,valence_classification,prime_discrimination,prime_discrimination,none,WJJW,,,black,einfall,noun,positive,black,,stim2,1086.551299995277,,,,34
37,518,22,18,2,valence_classification,prime_discrimination,prime_discrimination,none,XVVX,,,black,entführung,noun,negative,black,0.8804,,,,0.34,0.47,34
37,518,22,18,2,valence_classification,prime_discrimination,prime_discrimination,none,XVVX,,,black,entführung,noun,negative,black,,stim3,1292.865299998317,,,,34
37,519,23,18,2,valence_classification,prime_discrimination,prime_discrimination,none,XVVX,,,black,schleim,noun,negative,black,0.8804,,,,0.34,0.47,34
37,519,23,18,2,valence_classification,prime_discrimination,prime_discrimination,none,XVVX,,,black,schleim,noun,negative,black,,stim2,722.1064999976661,,,,34
37,520,24,18,2,valence_classification,prime_discrimination,prime_discrimination,none,XVVX,,,black,leiche,noun,negative,black,0.8805,,,,0.34,0.47,34
37,520,24,18,2,valence_classification,prime_discrimination,prime_discrimination,none,XVVX,,,black,leiche,noun,negative,black,,stim3,1419.1836999962106,,,,34
37,521,25,18,2,valence_classification,prime_discrimination,prime_discrimination,none,MQQM,,,black,liebe,noun,positive,black,0.8804,,,,0.34,0.47,34
37,521,25,18,2,valence_classification,prime_discrimination,prime_discrimination,none,MQQM,,,black,liebe,noun,positive,black,,stim1,726.1969999964349,,,,34
37,522,26,18,2,valence_classification,prime_discrimination,prime_discrimination,none,XVVX,,,black,glück,noun,positive,black,0.8804,,,,0.34,0.47,34
37,522,26,18,2,valence_classification,prime_discrimination,prime_discrimination,none,XVVX,,,black,glück,noun,positive,black,,stim0,1086.3115000028629,,,,34
37,523,27,18,2,valence_classification,prime_discrimination,prime_discrimination,none,MQQM,,,black,schlecht,adjective,negative,black,0.8804,,,,0.34,0.47,34
37,523,27,18,2,valence_classification,prime_discrimination,prime_discrimination,none,MQQM,,,black,schlecht,adjective,negative,black,,stim1,1068.057199998293,,,,34
37,524,28,18,2,valence_classification,prime_discrimination,prime_discrimination,none,ZYYZ,,,black,gift,noun,negative,black,0.8804,,,,0.34,0.47,34
37,524,28,18,2,valence_classification,prime_discrimination,prime_discrimination,none,ZYYZ,,,black,gift,noun,negative,black,,stim2,2701.7048999986146,,,,34
37,525,29,18,2,valence_classification,prime_discrimination,prime_discrimination,none,ZYYZ,,,black,leiche,noun,negative,black,0.8804,,,,0.34,0.47,34
37,525,29,18,2,valence_classification,prime_discrimination,prime_discrimination,none,ZYYZ,,,black,leiche,noun,negative,black,,stim1,1100.3530000015162,,,,34
37,526,30,18,2,valence_classification,prime_discrimination,prime_discrimination,none,ZYYZ,,,black,entführung,noun,negative,black,0.8804,,,,0.34,0.47,34
37,526,30,18,2,valence_classification,prime_discrimination,prime_discrimination,none,ZYYZ,,,black,entführung,noun,negative,black,,stim3,788.6958999950439,,,,34
37,527,31,18,2,valence_classification,prime_discrimination,prime_discrimination,none,ZYYZ,,,black,gierig,adjective,negative,black,0.9105,,,,0.34,0.47,34
37,527,31,18,2,valence_classification,prime_discrimination,prime_discrimination,none,ZYYZ,,,black,gierig,adjective,negative,black,,stim3;ZYYZ,1476.497700001346,,,,34
37,528,32,18,2,valence_classification,prime_discrimination,prime_discrimination,none,XVVX,,,black,einfall,noun,positive,black,0.8804,,,,0.34,0.47,34
37,528,32,18,2,valence_classification,prime_discrimination,prime_discrimination,none,XVVX,,,black,einfall,noun,positive,black,,stim2,896.4336999997031,,,,34
37,529,33,18,2,valence_classification,prime_discrimination,prime_discrimination,none,XVVX,,,black,schön,adjective,positive,black,0.8804,,,,0.34,0.47,34
37,529,33,18,2,valence_classification,prime_discrimination,prime_discrimination,none,XVVX,,,black,schön,adjective,positive,black,,stim2,1655.0055000041611,,,,34
37,530,34,18,2,valence_classification,prime_discrimination,prime_discrimination,none,MQQM,,,black,schön,adjective,positive,black,0.8804,,,,0.34,0.47,34
37,530,34,18,2,valence_classification,prime_discrimination,prime_discrimination,none,MQQM,,,black,schön,adjective,positive,black,,stim1,841.5628999937326,,,,34
37,531,35,18,2,valence_classification,prime_discrimination,prime_discrimination,none,ZYYZ,,,black,gift,noun,negative,black,0.8804,,,,0.34,0.47,34
37,531,35,18,2,valence_classification,prime_discrimination,prime_discrimination,none,ZYYZ,,,black,gift,noun,negative,black,,stim0;WJJW,1192.4486000062898,,,,34
37,532,36,18,2,valence_classification,prime_discrimination,prime_discrimination,none,WJJW,,,black,schleim,noun,negative,black,0.8804,,,,0.34,0.47,34
37,532,36,18,2,valence_classification,prime_discrimination,prime_discrimination,none,WJJW,,,black,schleim,noun,negative,black,,stim0,1313.0178999998607,,,,34
37,533,37,18,2,valence_classification,prime_discrimination,prime_discrimination,none,WJJW,,,black,lustig,adjective,positive,black,0.8808,,,,0.34,0.47,34
37,533,37,18,2,valence_classification,prime_discrimination,prime_discrimination,none,WJJW,,,black,lustig,adjective,positive,black,,stim3,1400.2971000010148,,,,34
37,534,38,18,2,valence_classification,prime_discrimination,prime_discrimination,none,ZYYZ,,,black,lustig,adjective,positive,black,0.8805,,,,0.34,0.47,34
37,534,38,18,2,valence_classification,prime_discrimination,prime_discrimination,none,ZYYZ,,,black,lustig,adjective,positive,black,,stim2;XVVX,733.5011999967974,,,,34
37,535,39,18,2,valence_classification,prime_discrimination,prime_discrimination,none,ZYYZ,,,black,glück,noun,positive,black,0.8804,,,,0.34,0.47,34
37,535,39,18,2,valence_classification,prime_discrimination,prime_discrimination,none,ZYYZ,,,black,glück,noun,positive,black,,stim0,1069.5463000012096,,,,34
37,536,40,18,2,valence_classification,prime_discrimination,prime_discrimination,none,WJJW,,,black,gütig,adjective,positive,black,0.8804,,,,0.34,0.47,34
37,536,40,18,2,valence_classification,prime_discrimination,prime_discrimination,none,WJJW,,,black,gütig,adjective,positive,black,,stim0,1298.49920000555,,,,34
37,537,41,18,2,valence_classification,prime_discrimination,prime_discrimination,none,MQQM,,,black,lustig,adjective,positive,black,0.8805,,,,0.34,0.47,34
37,537,41,18,2,valence_classification,prime_discrimination,prime_discrimination,none,MQQM,,,black,lustig,adjective,positive,black,,stim3,2000.2746999962255,,,,34
37,538,42,18,2,valence_classification,prime_discrimination,prime_discrimination,none,XVVX,,,black,leiche,noun,negative,black,0.8804,,,,0.34,0.47,34
37,538,42,18,2,valence_classification,prime_discrimination,prime_discrimination,none,XVVX,,,black,leiche,noun,negative,black,,stim3;ZYYZ,803.7342000023928,,,,34
37,539,43,18,2,valence_classification,prime_discrimination,prime_discrimination,none,WJJW,,,black,liebe,noun,positive,black,0.8804,,,,0.34,0.47,34
37,539,43,18,2,valence_classification,prime_discrimination,prime_discrimination,none,WJJW,,,black,liebe,noun,positive,black,,stim3,1822.7976999985985,,,,34
37,540,44,18,2,valence_classification,prime_discrimination,prime_discrimination,none,WJJW,,,black,schlecht,adjective,negative,black,0.8804,,,,0.34,0.47,34
37,540,44,18,2,valence_classification,prime_discrimination,prime_discrimination,none,WJJW,,,black,schlecht,adjective,negative,black,,stim2,724.2841999977827,,,,34
37,541,45,18,2,valence_classification,prime_discrimination,prime_discrimination,none,ZYYZ,,,black,gierig,adjective,negative,black,0.8804,,,,0.34,0.47,34
37,541,45,18,2,valence_classification,prime_discrimination,prime_discrimination,none,ZYYZ,,,black,gierig,adjective,negative,black,,stim0;WJJW,1547.9229999983218,,,,34
37,542,46,18,2,valence_classification,prime_discrimination,prime_discrimination,none,ZYYZ,,,black,schön,adjective,positive,black,0.8804,,,,0.34,0.47,34
37,542,46,18,2,valence_classification,prime_discrimination,prime_discrimination,none,ZYYZ,,,black,schön,adjective,positive,black,,stim3;ZYYZ,750.8379999999888,,,,34
37,543,47,18,2,valence_classification,prime_discrimination,prime_discrimination,none,WJJW,,,black,eitel,adjective,negative,black,0.8804,,,,0.34,0.47,34
37,543,47,18,2,valence_classification,prime_discrimination,prime_discrimination,none,WJJW,,,black,eitel,adjective,negative,black,,stim2,954.3425000009593,,,,34
37,544,48,18,2,valence_classification,prime_discrimination,prime_discrimination,none,ZYYZ,,,black,spaß,noun,positive,black,0.8805,,,,0.34,0.47,34
37,544,48,18,2,valence_classification,prime_discrimination,prime_discrimination,none,ZYYZ,,,black,spaß,noun,positive,black,,stim0;WJJW,883.4862999937031,,,,34
37,545,49,18,2,valence_classification,prime_discrimination,prime_discrimination,none,MQQM,,,black,gütig,adjective,positive,black,0.8804,,,,0.34,0.47,34
37,545,49,18,2,valence_classification,prime_discrimination,prime_discrimination,none,MQQM,,,black,gütig,adjective,positive,black,,stim1,565.8839000025764,,,,34
37,546,50,18,2,valence_classification,prime_discrimination,prime_discrimination,none,WJJW,,,black,schleim,noun,negative,black,0.9105,,,,0.34,0.47,34
37,546,50,18,2,valence_classification,prime_discrimination,prime_discrimination,none,WJJW,,,black,schleim,noun,negative,black,,stim0;WJJW,1133.71529999841,,,,34
37,547,51,18,2,valence_classification,prime_discrimination,prime_discrimination,none,MQQM,,,black,eitel,adjective,negative,black,0.8804,,,,0.34,0.47,34
37,547,51,18,2,valence_classification,prime_discrimination,prime_discrimination,none,MQQM,,,black,eitel,adjective,negative,black,,stim2,734.8014000016265,,,,34
37,548,52,18,2,valence_classification,prime_discrimination,prime_discrimination,none,MQQM,,,black,spaß,noun,positive,black,0.8804,,,,0.34,0.47,34
37,548,52,18,2,valence_classification,prime_discrimination,prime_discrimination,none,MQQM,,,black,spaß,noun,positive,black,,stim1;MQQM,844.9768999998923,,,,34
37,549,1,19,3,valence_classification,prime_discrimination,prime_discrimination,none,MQQM,,,black,gift,noun,negative,black,0.8805,,,,0.34,0.47,34
37,549,1,19,3,valence_classification,prime_discrimination,prime_discrimination,none,MQQM,,,black,gift,noun,negative,black,,stim1,720.6370999992359,,,,34
37,550,2,19,3,valence_classification,prime_discrimination,prime_discrimination,none,ZYYZ,,,black,leiche,noun,negative,black,0.8804,,,,0.34,0.47,34
37,550,2,19,3,valence_classification,prime_discrimination,prime_discrimination,none,ZYYZ,,,black,leiche,noun,negative,black,,stim3;ZYYZ,1105.0403999979608,,,,34
37,551,3,19,3,valence_classification,prime_discrimination,prime_discrimination,none,XVVX,,,black,schön,adjective,positive,black,0.8804,,,,0.34,0.47,34
37,551,3,19,3,valence_classification,prime_discrimination,prime_discrimination,none,XVVX,,,black,schön,adjective,positive,black,,stim2,864.777599999914,,,,34
37,552,4,19,3,valence_classification,prime_discrimination,prime_discrimination,none,WJJW,,,black,ehrlich,adjective,positive,black,0.8804,,,,0.34,0.47,34
37,552,4,19,3,valence_classification,prime_discrimination,prime_discrimination,none,WJJW,,,black,ehrlich,adjective,positive,black,,stim0;WJJW,688.5808000005782,,,,34
37,553,5,19,3,valence_classification,prime_discrimination,prime_discrimination,none,XVVX,,,black,lustig,adjective,positive,black,0.8804,,,,0.34,0.47,34
37,553,5,19,3,valence_classification,prime_discrimination,prime_discrimination,none,XVVX,,,black,lustig,adjective,positive,black,,stim0,768.2943000036757,,,,34
37,554,6,19,3,valence_classification,prime_discrimination,prime_discrimination,none,MQQM,,,black,entführung,noun,negative,black,0.8804,,,,0.34,0.47,34
37,554,6,19,3,valence_classification,prime_discrimination,prime_discrimination,none,MQQM,,,black,entführung,noun,negative,black,,stim1,776.1133999957237,,,,34
37,555,7,19,3,valence_classification,prime_discrimination,prime_discrimination,none,ZYYZ,,,black,gift,noun,negative,black,0.8804,,,,0.34,0.47,34
37,555,7,19,3,valence_classification,prime_discrimination,prime_discrimination,none,ZYYZ,,,black,gift,noun,negative,black,,stim0,1301.8609999998007,,,,34
37,556,8,19,3,valence_classification,prime_discrimination,prime_discrimination,none,ZYYZ,,,black,spaß,noun,positive,black,0.8804,,,,0.34,0.47,34
37,556,8,19,3,valence_classification,prime_discrimination,prime_discrimination,none,ZYYZ,,,black,spaß,noun,positive,black,,stim3;ZYYZ,2470.185199999949,,,,34
37,557,9,19,3,valence_classification,prime_discrimination,prime_discrimination,none,MQQM,,,black,gierig,adjective,negative,black,0.8805,,,,0.34,0.47,34
37,557,9,19,3,valence_classification,prime_discrimination,prime_discrimination,none,MQQM,,,black,gierig,adjective,negative,black,,stim1;MQQM,818.2950999981258,,,,34
37,558,10,19,3,valence_classification,prime_discrimination,prime_discrimination,none,WJJW,,,black,launisch,adjective,negative,black,0.8804,,,,0.34,0.47,34
37,558,10,19,3,valence_classification,prime_discrimination,prime_discrimination,none,WJJW,,,black,launisch,adjective,negative,black,,stim2;XVVX,939.5370999991428,,,,34
37,559,11,19,3,valence_classification,prime_discrimination,prime_discrimination,none,WJJW,,,black,entführung,noun,negative,black,0.9105,,,,0.34,0.47,34
37,559,11,19,3,valence_classification,prime_discrimination,prime_discrimination,none,WJJW,,,black,entführung,noun,negative,black,,stim0,748.686699997168,,,,34
37,560,12,19,3,valence_classification,prime_discrimination,prime_discrimination,none,MQQM,,,black,leiche,noun,negative,black,0.8804,,,,0.34,0.47,34
37,560,12,19,3,valence_classification,prime_discrimination,prime_discrimination,none,MQQM,,,black,leiche,noun,negative,black,,stim3,1048.5546000055037,,,,34
37,561,13,19,3,valence_classification,prime_discrimination,prime_discrimination,none,MQQM,,,black,launisch,adjective,negative,black,0.8808,,,,0.34,0.47,34
37,561,13,19,3,valence_classification,prime_discrimination,prime_discrimination,none,MQQM,,,black,launisch,adjective,negative,black,,stim1,875.7761000015307,,,,34
37,562,14,19,3,valence_classification,prime_discrimination,prime_discrimination,none,XVVX,,,black,schleim,noun,negative,black,0.8804,,,,0.34,0.47,34
37,562,14,19,3,valence_classification,prime_discrimination,prime_discrimination,none,XVVX,,,black,schleim,noun,negative,black,,stim2,1060.2195999964606,,,,34
37,563,15,19,3,valence_classification,prime_discrimination,prime_discrimination,none,WJJW,,,black,gütig,adjective,positive,black,0.8805,,,,0.34,0.47,34
37,563,15,19,3,valence_classification,prime_discrimination,prime_discrimination,none,WJJW,,,black,gütig,adjective,positive,black,,stim0,1419.4523000041954,,,,34
37,564,16,19,3,valence_classification,prime_discrimination,prime_discrimination,none,ZYYZ,,,black,glück,noun,positive,black,0.8804,,,,0.34,0.47,34
37,564,16,19,3,valence_classification,prime_discrimination,prime_discrimination,none,ZYYZ,,,black,glück,noun,positive,black,,stim0,753.8928000067826,,,,34
37,565,17,19,3,valence_classification,prime_discrimination,prime_discrimination,none,MQQM,,,black,gierig,adjective,negative,black,0.8805,,,,0.34,0.47,34
37,565,17,19,3,valence_classification,prime_discrimination,prime_discrimination,none,MQQM,,,black,gierig,adjective,negative,black,,stim1,607.0670999980066,,,,34
37,566,18,19,3,valence_classification,prime_discrimination,prime_discrimination,none,ZYYZ,,,black,gierig,adjective,negative,black,0.8804,,,,0.34,0.47,34
37,566,18,19,3,valence_classification,prime_discrimination,prime_discrimination,none,ZYYZ,,,black,gierig,adjective,negative,black,,stim2,1227.6792999980971,,,,34
37,567,19,19,3,valence_classification,prime_discrimination,prime_discrimination,none,MQQM,,,black,schön,adjective,positive,black,0.8804,,,,0.34,0.47,34
37,567,19,19,3,valence_classification,prime_discrimination,prime_discrimination,none,MQQM,,,black,schön,adjective,positive,black,,stim1;MQQM,625.6299000014551,,,,34
37,568,20,19,3,valence_classification,prime_discrimination,prime_discrimination,none,WJJW,,,black,liebe,noun,positive,black,0.8804,,,,0.34,0.47,34
37,568,20,19,3,valence_classification,prime_discrimination,prime_discrimination,none,WJJW,,,black,liebe,noun,positive,black,,stim3,780.1423000055365,,,,34
37,569,21,19,3,valence_classification,prime_discrimination,prime_discrimination,none,WJJW,,,black,ehrlich,adjective,positive,black,0.8804,,,,0.34,0.47,34
37,569,21,19,3,valence_classification,prime_discrimination,prime_discrimination,none,WJJW,,,black,ehrlich,adjective,positive,black,,stim0,1251.6309999991208,,,,34
37,570,22,19,3,valence_classification,prime_discrimination,prime_discrimination,none,XVVX,,,black,gütig,adjective,positive,black,0.8804,,,,0.34,0.47,34
37,570,22,19,3,valence_classification,prime_discrimination,prime_discrimination,none,XVVX,,,black,gütig,adjective,positive,black,,stim2;XVVX,1052.661800000351,,,,34
37,571,23,19,3,valence_classification,prime_discrimination,prime_discrimination,none,ZYYZ,,,black,schlecht,adjective,negative,black,0.8804,,,,0.34,0.47,34
37,571,23,19,3,valence_classification,prime_discrimination,prime_discrimination,none,ZYYZ,,,black,schlecht,adjective,negative,black,,stim3;ZYYZ,810.0054000024684,,,,34
37,572,24,19,3,valence_classification,prime_discrimination,prime_discrimination,none,XVVX,,,black,schön,adjective,positive,black,0.8804,,,,0.34,0.47,34
37,572,24,19,3,valence_classification,prime_discrimination,prime_discrimination,none,XVVX,,,black,schön,adjective,positive,black,,stim3,755.113999999594,,,,34
37,573,25,19,3,valence_classification,prime_discrimination,prime_discrimination,none,MQQM,,,black,liebe,noun,positive,black,0.9104,,,,0.34,0.47,34
37,573,25,19,3,valence_classification,prime_discrimination,prime_discrimination,none,MQQM,,,black,liebe,noun,positive,black,,stim1,1049.3247999984305,,,,34
37,574,26,19,3,valence_classification,prime_discrimination,prime_discrimination,none,ZYYZ,,,black,liebe,noun,positive,black,0.8804,,,,0.34,0.47,34
37,574,26,19,3,valence_classification,prime_discrimination,prime_discrimination,none,ZYYZ,,,black,liebe,noun,positive,black,,stim0;WJJW,1183.7561999999452,,,,34
37,575,27,19,3,valence_classification,prime_discrimination,prime_discrimination,none,MQQM,,,black,gütig,adjective,positive,black,0.9105,,,,0.34,0.47,34
37,575,27,19,3,valence_classification,prime_discrimination,prime_discrimination,none,MQQM,,,black,gütig,adjective,positive,black,,stim1,843.2321000001393,,,,34
37,576,28,19,3,valence_classification,prime_discrimination,prime_discrimination,none,XVVX,,,black,einfall,noun,positive,black,0.8804,,,,0.34,0.47,34
37,576,28,19,3,valence_classification,prime_discrimination,prime_discrimination,none,XVVX,,,black,einfall,noun,positive,black,,stim2,1482.0878000026569,,,,34
37,577,29,19,3,valence_classification,prime_discrimination,prime_discrimination,none,WJJW,,,black,leiche,noun,negative,black,0.8804,,,,0.34,0.47,34
37,577,29,19,3,valence_classification,prime_discrimination,prime_discrimination,none,WJJW,,,black,leiche,noun,negative,black,,stim2,1495.7311999970116,,,,34
37,578,30,19,3,valence_classification,prime_discrimination,prime_discrimination,none,ZYYZ,,,black,schlecht,adjective,negative,black,0.8806,,,,0.34,0.47,34
37,578,30,19,3,valence_classification,prime_discrimination,prime_discrimination,none,ZYYZ,,,black,schlecht,adjective,negative,black,,stim0,940.3042000050191,,,,34
37,579,31,19,3,valence_classification,prime_discrimination,prime_discrimination,none,XVVX,,,black,launisch,adjective,negative,black,0.8806,,,,0.34,0.47,34
37,579,31,19,3,valence_classification,prime_discrimination,prime_discrimination,none,XVVX,,,black,launisch,adjective,negative,black,,stim3,1568.4221000045072,,,,34
37,580,32,19,3,valence_classification,prime_discrimination,prime_discrimination,none,WJJW,,,black,ehrlich,adjective,positive,black,0.8804,,,,0.34,0.47,34
37,580,32,19,3,valence_classification,prime_discrimination,prime_discrimination,none,WJJW,,,black,ehrlich,adjective,positive,black,,stim0,713.3956000034232,,,,34
37,581,33,19,3,valence_classification,prime_discrimination,prime_discrimination,none,XVVX,,,black,glück,noun,positive,black,0.8804,,,,0.34,0.47,34
37,581,33,19,3,valence_classification,prime_discrimination,prime_discrimination,none,XVVX,,,black,glück,noun,positive,black,,stim2,971.9961000010371,,,,34
37,582,34,19,3,valence_classification,prime_discrimination,prime_discrimination,none,MQQM,,,black,eitel,adjective,negative,black,0.8804,,,,0.34,0.47,34
37,582,34,19,3,valence_classification,prime_discrimination,prime_discrimination,none,MQQM,,,black,eitel,adjective,negative,black,,stim1;MQQM,953.5711999998894,,,,34
37,583,35,19,3,valence_classification,prime_discrimination,prime_discrimination,none,MQQM,,,black,lustig,adjective,positive,black,0.8804,,,,0.34,0.47,34
37,583,35,19,3,valence_classification,prime_discrimination,prime_discrimination,none,MQQM,,,black,lustig,adjective,positive,black,,stim1,681.2399000045843,,,,34
37,584,36,19,3,valence_classification,prime_discrimination,prime_discrimination,none,ZYYZ,,,black,schleim,noun,negative,black,0.8804,,,,0.34,0.47,34
37,584,36,19,3,valence_classification,prime_discrimination,prime_discrimination,none,ZYYZ,,,black,schleim,noun,negative,black,,stim3;ZYYZ,1154.5866999949794,,,,34
37,585,37,19,3,valence_classification,prime_discrimination,prime_discrimination,none,WJJW,,,black,schön,adjective,positive,black,0.8804,,,,0.34,0.47,34
37,585,37,19,3,valence_classification,prime_discrimination,prime_discrimination,none,WJJW,,,black,schön,adjective,positive,black,,stim2;XVVX,787.3006000006571,,,,34
37,586,38,19,3,valence_classification,prime_discrimination,prime_discrimination,none,WJJW,,,black,spaß,noun,positive,black,0.8804,,,,0.34,0.47,34
37,586,38,19,3,valence_classification,prime_discrimination,prime_discrimination,none,WJJW,,,black,spaß,noun,positive,black,,stim1;MQQM,664.9685000008903,,,,34
37,587,39,19,3,valence_classification,prime_discrimination,prime_discrimination,none,ZYYZ,,,black,einfall,noun,positive,black,0.8804,,,,0.34,0.47,34
37,587,39,19,3,valence_classification,prime_discrimination,prime_discrimination,none,ZYYZ,,,black,einfall,noun,positive,black,,stim0,1257.0466000032611,,,,34
37,588,40,19,3,valence_classification,prime_discrimination,prime_discrimination,none,WJJW,,,black,spaß,noun,positive,black,0.8805,,,,0.34,0.47,34
37,588,40,19,3,valence_classification,prime_discrimination,prime_discrimination,none,WJJW,,,black,spaß,noun,positive,black,,stim0,1833.790899996413,,,,34
37,589,41,19,3,valence_classification,prime_discrimination,prime_discrimination,none,WJJW,,,black,entführung,noun,negative,black,0.8804,,,,0.34,0.47,34
37,589,41,19,3,valence_classification,prime_discrimination,prime_discrimination,none,WJJW,,,black,entführung,noun,negative,black,,stim0;WJJW,1416.2999999970198,,,,34
37,590,42,19,3,valence_classification,prime_discrimination,prime_discrimination,none,XVVX,,,black,schleim,noun,negative,black,0.8804,,,,0.34,0.47,34
37,590,42,19,3,valence_classification,prime_discrimination,prime_discrimination,none,XVVX,,,black,schleim,noun,negative,black,,stim3,1045.2909000013024,,,,34
37,591,43,19,3,valence_classification,prime_discrimination,prime_discrimination,none,MQQM,,,black,schlecht,adjective,negative,black,0.8804,,,,0.34,0.47,34
37,591,43,19,3,valence_classification,prime_discrimination,prime_discrimination,none,MQQM,,,black,schlecht,adjective,negative,black,,stim1;MQQM,663.4354999987409,,,,34
37,592,44,19,3,valence_classification,prime_discrimination,prime_discrimination,none,XVVX,,,black,lustig,adjective,positive,black,0.9105,,,,0.34,0.47,34
37,592,44,19,3,valence_classification,prime_discrimination,prime_discrimination,none,XVVX,,,black,lustig,adjective,positive,black,,stim2,1014.5549000008032,,,,34
37,593,45,19,3,valence_classification,prime_discrimination,prime_discrimination,none,XVVX,,,black,gift,noun,negative,black,0.8804,,,,0.34,0.47,34
37,593,45,19,3,valence_classification,prime_discrimination,prime_discrimination,none,XVVX,,,black,gift,noun,negative,black,,stim2;XVVX,811.0854000044055,,,,34
37,594,46,19,3,valence_classification,prime_discrimination,prime_discrimination,none,XVVX,,,black,eitel,adjective,negative,black,0.8804,,,,0.34,0.47,34
37,594,46,19,3,valence_classification,prime_discrimination,prime_discrimination,none,XVVX,,,black,eitel,adjective,negative,black,,stim3,1258.2251999992877,,,,34
37,595,47,19,3,valence_classification,prime_discrimination,prime_discrimination,none,ZYYZ,,,black,glück,noun,positive,black,0.8805,,,,0.34,0.47,34
37,595,47,19,3,valence_classification,prime_discrimination,prime_discrimination,none,ZYYZ,,,black,glück,noun,positive,black,,stim0,1250.3062999967951,,,,34
37,596,48,19,3,valence_classification,prime_discrimination,prime_discrimination,none,ZYYZ,,,black,gütig,adjective,positive,black,0.8804,,,,0.34,0.47,34
37,596,48,19,3,valence_classification,prime_discrimination,prime_discrimination,none,ZYYZ,,,black,gütig,adjective,positive,black,,stim2;XVVX,1604.2618999998085,,,,34
37,597,49,19,3,valence_classification,prime_discrimination,prime_discrimination,none,WJJW,,,black,lustig,adjective,positive,black,0.8804,,,,0.34,0.47,34
37,597,49,19,3,valence_classification,prime_discrimination,prime_discrimination,none,WJJW,,,black,lustig,adjective,positive,black,,stim1,1522.037499998929,,,,34
37,598,50,19,3,valence_classification,prime_discrimination,prime_discrimination,none,ZYYZ,,,black,eitel,adjective,negative,black,0.8804,,,,0.34,0.47,34
37,598,50,19,3,valence_classification,prime_discrimination,prime_discrimination,none,ZYYZ,,,black,eitel,adjective,negative,black,,stim3,673.1509000018705,,,,34
37,599,51,19,3,valence_classification,prime_discrimination,prime_discrimination,none,MQQM,,,black,einfall,noun,positive,black,0.8804,,,,0.34,0.47,34
37,599,51,19,3,valence_classification,prime_discrimination,prime_discrimination,none,MQQM,,,black,einfall,noun,positive,black,,stim0,820.060400001239,,,,34
37,600,52,19,3,valence_classification,prime_discrimination,prime_discrimination,none,XVVX,,,black,ehrlich,adjective,positive,black,0.8805,,,,0.34,0.47,34
37,600,52,19,3,valence_classification,prime_discrimination,prime_discrimination,none,XVVX,,,black,ehrlich,adjective,positive,black,,stim1,1147.9760000000242,,,,34
37,601,1,20,1,valence_classification,color_matching,matching,match_left,XVVX,adjective,negative,blue,✲entführung✲,noun,negative,brown,0.5499,nonmatch,1.6759,0,0.4671,0.6028,65.39199293522232
37,602,2,20,1,valence_classification,color_matching,matching,match_left,WJJW,noun,negative,blue,✲✲✲✲spaß✲✲✲✲,noun,positive,blue,0.4932,match,0.6062,0,0.4671,0.6028,65.39199293522232
37,603,3,20,1,valence_classification,color_matching,matching,match_left,XVVX,adjective,negative,brown,✲✲✲eitel✲✲✲✲,adjective,negative,brown,0.4932,match,0.862,0,0.4671,0.6028,65.39199293522232
37,604,4,20,1,valence_classification,color_matching,matching,match_left,ZYYZ,adjective,positive,blue,✲✲launisch✲✲,adjective,negative,blue,0.4932,match,0.5818,0,0.4671,0.6028,65.39199293522232
37,605,5,20,1,valence_classification,color_matching,matching,match_left,ZYYZ,adjective,positive,brown,✲✲ehrlich✲✲✲,adjective,positive,blue,0.496,nonmatch,0.5411,0,0.4671,0.6028,65.39199293522232
37,606,6,20,1,valence_classification,color_matching,matching,match_left,ZYYZ,adjective,positive,blue,✲✲✲gütig✲✲✲✲,adjective,positive,brown,0.4932,nonmatch,0.6073,0,0.4671,0.6028,65.39199293522232
37,607,7,20,1,valence_classification,color_matching,matching,match_left,WJJW,noun,negative,brown,✲✲✲leiche✲✲✲,noun,negative,blue,0.4932,nonmatch,0.4394,0,0.4671,0.6028,65.39199293522232
37,608,8,20,1,valence_classification,color_matching,matching,match_left,MQQM,noun,positive,blue,✲✲schlecht✲✲,adjective,negative,brown,0.4932,nonmatch,0.4547,0,0.4671,0.6028,65.39199293522232
37,609,9,20,1,valence_classification,color_matching,matching,match_left,XVVX,adjective,negative,brown,✲✲✲glück✲✲✲✲,noun,positive,blue,0.4932,nonmatch,0.4714,0,0.4671,0.6028,65.39199293522232
37,610,10,20,1,valence_classification,color_matching,matching,match_left,WJJW,noun,negative,blue,✲✲schleim✲✲✲,noun,negative,brown,0.4932,nonmatch,0.4954,0,0.4671,0.6028,65.39199293522232
37,611,11,20,1,valence_classification,color_matching,matching,match_left,MQQM,noun,positive,brown,✲✲launisch✲✲,adjective,negative,brown,0.4933,nonmatch,0.5203,1,0.4671,0.6028,65.39199293522232
37,612,12,20,1,valence_classification,color_matching,matching,match_left,XVVX,adjective,negative,brown,✲✲schleim✲✲✲,noun,negative,brown,0.4932,match,0.6253,0,0.4671,0.6028,65.39199293522232
37,613,13,20,1,valence_classification,color_matching,matching,match_left,MQQM,noun,positive,brown,✲✲✲liebe✲✲✲✲,noun,positive,brown,0.4932,match,0.4474,0,0.4671,0.6028,65.39199293522232
37,614,14,20,1,valence_classification,color_matching,matching,match_left,XVVX,adjective,negative,brown,✲✲ehrlich✲✲✲,adjective,positive,brown,0.5002,match,0.4174,0,0.4671,0.6028,65.39199293522232
37,615,15,20,1,valence_classification,color_matching,matching,match_left,ZYYZ,adjective,positive,brown,✲✲schlecht✲✲,adjective,negative,blue,0.4932,nonmatch,0.5074,0,0.4671,0.6028,65.39199293522232
37,616,16,20,1,valence_classification,color_matching,matching,match_left,XVVX,adjective,negative,blue,✲✲✲gierig✲✲✲,adjective,negative,blue,0.4932,match,0.6961,0,0.4671,0.6028,65.39199293522232
37,617,17,20,1,valence_classification,color_matching,matching,match_left,WJJW,noun,negative,brown,✲✲einfall✲✲✲,noun,positive,brown,0.4932,match,0.6499,0,0.4671,0.6028,65.39199293522232
37,618,18,20,1,valence_classification,color_matching,matching,match_left,MQQM,noun,positive,blue,✲✲✲leiche✲✲✲,noun,negative,blue,0.4932,match,0.8386,0,0.4671,0.6028,65.39199293522232
37,619,19,20,1,valence_classification,color_matching,matching,match_left,XVVX,adjective,negative,brown,✲✲schlecht✲✲,adjective,negative,blue,0.4932,nonmatch,0.5105,0,0.4671,0.6028,65.39199293522232
37,620,20,20,1,valence_classification,color_matching,matching,match_left,WJJW,noun,negative,blue,✲✲✲eitel✲✲✲✲,adjective,negative,blue,0.4932,match,0.9042,0,0.4671,0.6028,65.39199293522232
37,621,21,20,1,valence_classification,color_matching,matching,match_left,XVVX,adjective,negative,blue,✲✲✲lustig✲✲✲,adjective,positive,brown,0.4932,nonmatch,0.6066,0,0.4671,0.6028,65.39199293522232
37,622,22,20,1,valence_classification,color_matching,matching,match_left,ZYYZ,adjective,positive,brown,✲✲✲✲gift✲✲✲✲,noun,negative,brown,0.4932,nonmatch,0.7107,1,0.4671,0.6028,65.39199293522232
37,623,23,20,1,valence_classification,color_matching,matching,match_left,WJJW,noun,negative,blue,✲✲✲lustig✲✲✲,adjective,positive,blue,0.4932,match,0.6487,0,0.4671,0.6028,65.39199293522232
37,624,24,20,1,valence_classification,color_matching,matching,match_left,WJJW,noun,negative,brown,✲✲✲gütig✲✲✲✲,adjective,positive,brown,0.4932,nonmatch,0.4412,1,0.4671,0.6028,65.39199293522232
37,625,25,20,1,valence_classification,color_matching,matching,match_left,WJJW,noun,negative,blue,✲✲✲schön✲✲✲✲,adjective,positive,brown,0.4984,nonmatch,0.8001,0,0.4671,0.6028,65.39199293522232
37,626,26,20,1,valence_classification,color_matching,matching,match_left,ZYYZ,adjective,positive,brown,✲✲✲leiche✲✲✲,noun,negative,blue,0.4932,nonmatch,0.5123,0,0.4671,0.6028,65.39199293522232
37,627,27,20,1,valence_classification,color_matching,matching,match_left,MQQM,noun,positive,blue,✲✲ehrlich✲✲✲,adjective,positive,brown,0.4932,nonmatch,0.4476,0,0.4671,0.6028,65.39199293522232
37,628,28,20,1,valence_classification,color_matching,matching,match_left,MQQM,noun,positive,brown,✲✲schleim✲✲✲,noun,negative,brown,0.4932,match,0.4872,0,0.4671,0.6028,65.39199293522232
37,629,29,20,1,valence_classification,color_matching,matching,match_left,XVVX,adjective,negative,brown,✲✲✲schön✲✲✲✲,adjective,positive,blue,0.4932,nonmatch,0.4643,0,0.4671,0.6028,65.39199293522232
37,630,30,20,1,valence_classification,color_matching,matching,match_left,ZYYZ,adjective,positive,brown,✲✲einfall✲✲✲,noun,positive,blue,0.4932,match,0.4326,1,0.4671,0.6028,65.39199293522232
37,631,31,20,1,valence_classification,color_matching,matching,match_left,MQQM,noun,positive,blue,✲✲✲gierig✲✲✲,adjective,negative,blue,0.4932,match,0.6481,0,0.4671,0.6028,65.39199293522232
37,632,32,20,1,valence_classification,color_matching,matching,match_left,ZYYZ,adjective,positive,blue,✲✲✲gierig✲✲✲,adjective,negative,brown,0.4932,nonmatch,0.5199,0,0.4671,0.6028,65.39199293522232
37,633,33,20,1,valence_classification,color_matching,matching,match_left,XVVX,adjective,negative,brown,✲✲✲leiche✲✲✲,noun,negative,blue,0.5508,match,3.765,1,0.4671,0.6028,65.39199293522232
37,634,34,20,1,valence_classification,color_matching,matching,match_left,XVVX,adjective,negative,blue,✲✲einfall✲✲✲,noun,positive,brown,0.4932,nonmatch,0.5408,0,0.5319,0.6676,74.4638331198342
37,635,35,20,1,valence_classification,color_matching,matching,match_left,MQQM,noun,positive,blue,✲✲einfall✲✲✲,noun,positive,brown,0.4932,match,0.5221,1,0.5162,0.6519,72.26233535731113
37,636,36,20,1,valence_classification,color_matching,matching,match_left,WJJW,noun,negative,brown,✲✲ehrlich✲✲✲,adjective,positive,blue,0.4932,nonmatch,1.1151,0,0.5611,0.6968,78.54725247969797
37,637,37,20,1,valence_classification,color_matching,matching,match_left,ZYYZ,adjective,positive,blue,✲✲✲schön✲✲✲✲,adjective,positive,blue,0.4932,match,0.6111,0,0.548,0.6837,76.71474334904701
37,638,38,20,1,valence_classification,color_matching,matching,match_left,XVVX,adjective,negative,blue,✲✲✲✲spaß✲✲✲✲,noun,positive,blue,0.4932,match,0.6404,0,0.5365,0.6722,75.1056526201592
37,639,39,20,1,valence_classification,color_matching,matching,match_left,XVVX,adjective,negative,brown,✲✲✲liebe✲✲✲✲,noun,positive,brown,0.4932,nonmatch,0.6396,1,0.5264,0.6621,73.69108443653217
37,640,40,20,1,valence_classification,color_matching,matching,match_left,WJJW,noun,negative,brown,✲entführung✲,noun,negative,brown,0.4932,nonmatch,1.3249,1,0.5556,0.6913,77.78660636175742
37,641,41,20,1,valence_classification,color_matching,matching,match_left,MQQM,noun,positive,brown,✲✲✲eitel✲✲✲✲,adjective,negative,blue,0.496,match,0.6253,1,0.5863,0.722,82.07755000130992
37,642,42,20,1,valence_classification,color_matching,matching,match_left,MQQM,noun,positive,brown,✲✲✲schön✲✲✲✲,adjective,positive,brown,0.4932,nonmatch,0.6754,1,0.6205,0.7562,86.87428342163103
37,643,43,20,1,valence_classification,color_matching,matching,match_left,WJJW,noun,negative,blue,✲✲✲glück✲✲✲✲,noun,positive,brown,0.4932,match,0.5626,1,0.6548,0.7905,91.67323472083584
37,644,44,20,1,valence_classification,color_matching,matching,match_left,ZYYZ,adjective,positive,brown,✲✲✲liebe✲✲✲✲,noun,positive,brown,0.4932,match,0.5278,0,0.691,0.8267,96.74446111693852
37,645,45,20,1,valence_classification,color_matching,matching,match_left,XVVX,adjective,negative,blue,✲✲✲✲gift✲✲✲✲,noun,negative,blue,0.496,nonmatch,0.4125,1,0.6799,0.8156,95.17948320259516
37,646,46,20,1,valence_classification,color_matching,matching,match_left,XVVX,adjective,negative,blue,✲✲✲gütig✲✲✲✲,adjective,positive,blue,0.4959,match,0.4609,0,0.7132,0.849,99.8539217457814
37,647,47,20,1,valence_classification,color_matching,matching,match_left,ZYYZ,adjective,positive,brown,✲✲✲lustig✲✲✲,adjective,positive,brown,0.4932,nonmatch,0.4682,1,0.7029,0.8386,98.40153077374791
37,648,48,20,1,valence_classification,color_matching,matching,match_left,MQQM,noun,positive,blue,✲✲✲✲spaß✲✲✲✲,noun,positive,blue,0.4932,match,0.5032,0,0.7332,0.8689,102.64277962852273
37,649,49,20,1,valence_classification,color_matching,matching,match_left,MQQM,noun,positive,brown,✲✲✲glück✲✲✲✲,noun,positive,blue,0.4932,nonmatch,0.9222,0,0.7234,0.8591,101.28029011206877
37,650,50,20,1,valence_classification,color_matching,matching,match_left,MQQM,noun,positive,blue,✲entführung✲,noun,negative,brown,0.4932,nonmatch,0.5248,0,0.7146,0.8503,100.04125086318591
37,651,51,20,1,valence_classification,color_matching,matching,match_left,WJJW,noun,negative,brown,✲✲✲liebe✲✲✲✲,noun,positive,blue,0.4932,nonmatch,0.448,0,0.7065,0.8422,98.91177797677226
37,652,52,20,1,valence_classification,color_matching,matching,match_left,WJJW,noun,negative,blue,✲✲launisch✲✲,adjective,negative,brown,0.4932,nonmatch,0.4246,0,0.6992,0.8349,97.88260595109477
37,653,53,20,1,valence_classification,color_matching,matching,match_left,XVVX,adjective,negative,blue,✲✲launisch✲✲,adjective,negative,brown,0.4932,nonmatch,0.5896,0,0.6924,0.8281,96.9391173361497
37,654,54,20,1,valence_classification,color_matching,matching,match_left,ZYYZ,adjective,positive,blue,✲✲✲✲spaß✲✲✲✲,noun,positive,blue,0.4932,nonmatch,0.704,1,0.6862,0.8219,96.07134027831333
37,655,55,20,1,valence_classification,color_matching,matching,match_left,ZYYZ,adjective,positive,brown,✲✲✲eitel✲✲✲✲,adjective,negative,brown,0.4932,match,0.7899,0,0.705,0.8407,98.70235255016657
37,656,56,20,1,valence_classification,color_matching,matching,match_left,ZYYZ,adjective,positive,blue,✲✲schleim✲✲✲,noun,negative,blue,0.4932,nonmatch,0.5576,1,0.6988,0.8346,97.83782924400899
37,657,57,20,1,valence_classification,color_matching,matching,match_left,ZYYZ,adjective,positive,blue,✲✲✲glück✲✲✲✲,noun,positive,brown,0.4964,nonmatch,0.813,0,0.7164,0.8522,100.30181007356668
37,658,58,20,1,valence_classification,color_matching,matching,match_left,WJJW,noun,negative,brown,✲✲✲gierig✲✲✲,adjective,negative,brown,0.4932,nonmatch,0.6104,1,0.7102,0.8459,99.4325935243036
37,659,59,20,1,valence_classification,color_matching,matching,match_left,MQQM,noun,positive,brown,✲✲✲✲gift✲✲✲✲,noun,negative,blue,0.4954,match,0.517,1,0.7283,0.8641,101.96885873913303
37,660,60,20,1,valence_classification,color_matching,matching,match_left,ZYYZ,adjective,positive,blue,✲entführung✲,noun,negative,brown,0.4932,nonmatch,0.7849,0,0.7474,0.8831,104.63320584732183
37,661,61,20,1,valence_classification,color_matching,matching,match_left,WJJW,noun,negative,blue,✲✲✲✲gift✲✲✲✲,noun,negative,blue,0.4932,match,0.5424,0,0.7406,0.8763,103.68537115076224
37,662,62,20,1,valence_classification,color_matching,matching,match_left,MQQM,noun,positive,brown,✲✲✲gütig✲✲✲✲,adjective,positive,blue,0.4932,nonmatch,0.6177,0,0.7344,0.8701,102.81899185327015
37,663,63,20,1,valence_classification,color_matching,matching,match_left,WJJW,noun,negative,brown,✲✲schlecht✲✲,adjective,negative,blue,0.4932,nonmatch,0.722,0,0.7287,0.8644,102.02169288435344
37,664,64,20,1,valence_classification,color_matching,matching,match_left,MQQM,noun,positive,blue,✲✲✲lustig✲✲✲,adjective,positive,blue,0.4932,match,0.7921,0,0.7234,0.8591,101.27969583112994
37,665,1,21,2,valence_classification,color_matching,matching,match_left,WJJW,noun,negative,brown,✲✲schleim✲✲✲,noun,negative,brown,0.4932,match,0.9197,0,0.7185,0.8543,100.59534308643423
37,666,2,21,2,valence_classification,color_matching,matching,match_left,ZYYZ,adjective,positive,brown,✲✲✲liebe✲✲✲✲,noun,positive,brown,0.4932,match,0.626,0,0.7141,0.8498,99.96816723556078
37,667,3,21,2,valence_classification,color_matching,matching,match_left,XVVX,adjective,negative,brown,✲✲✲gierig✲✲✲,adjective,negative,blue,0.4932,nonmatch,0.856,0,0.7098,0.8455,99.37261461583566
37,668,4,21,2,valence_classification,color_matching,matching,match_left,XVVX,adjective,negative,brown,✲✲✲✲spaß✲✲✲✲,noun,positive,brown,0.4932,match,0.6391,0,0.7059,0.8416,98.82426008847989
37,669,5,21,2,valence_classification,color_matching,matching,match_left,XVVX,adjective,negative,blue,✲✲launisch✲✲,adjective,negative,brown,0.4932,nonmatch,0.7919,0,0.7022,0.8379,98.30199730261437
37,670,6,21,2,valence_classification,color_matching,matching,match_left,ZYYZ,adjective,positive,blue,✲✲✲✲spaß✲✲✲✲,noun,positive,brown,0.4932,nonmatch,0.6787,0,0.6987,0.8344,97.81465846761775
37,671,7,21,2,valence_classification,color_matching,matching,match_left,XVVX,adjective,negative,blue,✲✲schlecht✲✲,adjective,negative,blue,0.4932,nonmatch,0.8407,1,0.6953,0.8311,97.34875886154991
37,672,8,21,2,valence_classification,color_matching,matching,match_left,WJJW,noun,negative,brown,✲✲✲eitel✲✲✲✲,adjective,negative,brown,0.5072,match,0.6502,0,0.7052,0.8409,98.72341816762398
37,673,9,21,2,valence_classification,color_matching,matching,match_left,MQQM,noun,positive,blue,✲✲✲gierig✲✲✲,adjective,negative,blue,0.4932,nonmatch,0.6126,1,0.7018,0.8375,98.25449867956756
37,674,10,21,2,valence_classification,color_matching,matching,match_left,XVVX,adjective,negative,brown,✲✲✲leiche✲✲✲,noun,negative,brown,0.4961,nonmatch,0.7755,1,0.7118,0.8475,99.65069141005964
37,675,11,21,2,valence_classification,color_matching,matching,match_left,WJJW,noun,negative,brown,✲✲schlecht✲✲,adjective,negative,blue,0.4932,nonmatch,0.7626,0,0.7222,0.858,101.11330303157527
37,676,12,21,2,valence_classification,color_matching,matching,match_left,WJJW,noun,negative,blue,✲entführung✲,noun,negative,blue,0.4932,match,0.6713,0,0.7185,0.8542,100.59204640609985
37,677,13,21,2,valence_classification,color_matching,matching,match_left,XVVX,adjective,negative,brown,✲✲ehrlich✲✲✲,adjective,positive,blue,0.4964,nonmatch,0.8701,0,0.7151,0.8508,100.11404938572907
37,678,14,21,2,valence_classification,color_matching,matching,match_left,MQQM,noun,positive,brown,✲✲einfall✲✲✲,noun,positive,blue,0.4932,match,0.7256,1,0.7118,0.8475,99.65408648448326
37,679,15,21,2,valence_classification,color_matching,matching,match_left,ZYYZ,adjective,positive,blue,✲✲ehrlich✲✲✲,adjective,positive,blue,0.4932,match,0.7498,0,0.7212,0.8569,100.97170418480452
37,680,16,21,2,valence_classification,color_matching,matching,match_left,MQQM,noun,positive,blue,✲✲✲schön✲✲✲✲,adjective,positive,blue,0.497,match,0.6372,0,0.7178,0.8536,100.49893608800903
37,681,17,21,2,valence_classification,color_matching,matching,match_left,WJJW,noun,negative,blue,✲✲ehrlich✲✲✲,adjective,positive,brown,0.4932,match,0.6892,1,0.7148,0.8505,100.07076776801955
37,682,18,21,2,valence_classification,color_matching,matching,match_left,XVVX,adjective,negative,blue,✲✲schleim✲✲✲,noun,negative,blue,0.4932,match,0.612,0,0.7242,0.8599,101.38625300248418
37,683,19,21,2,valence_classification,color_matching,matching,match_left,MQQM,noun,positive,blue,✲✲✲lustig✲✲✲,adjective,positive,brown,0.4932,nonmatch,0.7828,0,0.721,0.8568,100.94565377855078
37,684,20,21,2,valence_classification,color_matching,matching,match_left,WJJW,noun,negative,blue,✲✲✲gierig✲✲✲,adjective,negative,brown,0.4932,nonmatch,0.7117,0,0.718,0.8537,100.51344475295086
37,685,21,21,2,valence_classification,color_matching,matching,match_left,ZYYZ,adjective,positive,brown,✲✲schlecht✲✲,adjective,negative,blue,0.4932,nonmatch,0.8546,0,0.7151,0.8509,100.12085845772732
37,686,22,21,2,valence_classification,color_matching,matching,match_left,ZYYZ,adjective,positive,blue,✲✲✲gütig✲✲✲✲,adjective,positive,brown,0.4932,nonmatch,0.8616,0,0.7124,0.8481,99.73774301885103
37,687,23,21,2,valence_classification,color_matching,matching,match_left,MQQM,noun,positive,blue,✲✲✲glück✲✲✲✲,noun,positive,blue,0.4932,match,0.5533,0,0.7098,0.8455,99.36988101067566
37,688,24,21,2,valence_classification,color_matching,matching,match_left,WJJW,noun,negative,brown,✲✲✲liebe✲✲✲✲,noun,positive,blue,0.4932,nonmatch,0.7183,0,0.7074,0.8431,99.03027276385438
37,688,24,21,2,valence_classification,color_matching,matching,match_left,WJJW,noun,negative,brown,✲✲✲liebe✲✲✲✲,noun,positive,blue,0.4932,match,0.7742,1,0.7074,0.8431,99.03027276385438
37,689,25,21,2,valence_classification,color_matching,matching,match_left,WJJW,noun,negative,brown,✲✲✲glück✲✲✲✲,noun,positive,brown,0.4932,match,0.6331,0,0.7149,0.8506,100.08129737946933
37,690,26,21,2,valence_classification,color_matching,matching,match_left,XVVX,adjective,negative,brown,✲✲✲eitel✲✲✲✲,adjective,negative,brown,0.4932,match,0.7991,0,0.7123,0.848,99.72582348503305
37,691,27,21,2,valence_classification,color_matching,matching,match_left,ZYYZ,adjective,positive,blue,✲✲✲glück✲✲✲✲,noun,positive,blue,0.4932,match,0.6794,0,0.7099,0.8456,99.38362871813332
37,692,28,21,2,valence_classification,color_matching,matching,match_left,XVVX,adjective,negative,brown,✲✲einfall✲✲✲,noun,positive,blue,0.4932,nonmatch,0.6711,0,0.7076,0.8433,99.06846085314159
37,693,29,21,2,valence_classification,color_matching,matching,match_left,MQQM,noun,positive,brown,✲✲schleim✲✲✲,noun,negative,brown,0.4932,match,0.7684,0,0.7054,0.8411,98.7571412815877
37,694,30,21,2,valence_classification,color_matching,matching,match_left,ZYYZ,adjective,positive,blue,✲✲✲eitel✲✲✲✲,adjective,negative,brown,0.496,nonmatch,0.7053,0,0.7032,0.8389,98.45202577617627
37,695,31,21,2,valence_classification,color_matching,matching,match_left,XVVX,adjective,negative,blue,✲✲✲glück✲✲✲✲,noun,positive,brown,0.4932,nonmatch,0.6463,0,0.7012,0.837,98.17456801715632
37,696,32,21,2,valence_classification,color_matching,matching,match_left,ZYYZ,adjective,positive,brown,✲✲✲lustig✲✲✲,adjective,positive,blue,0.4932,nonmatch,0.7653,0,0.6993,0.835,97.90080854758425
37,697,33,21,2,valence_classification,color_matching,matching,match_left,WJJW,noun,negative,blue,✲✲✲✲gift✲✲✲✲,noun,negative,brown,0.4932,match,0.7292,1,0.6974,0.8331,97.62931345253011
37,698,34,21,2,valence_classification,color_matching,matching,match_left,ZYYZ,adjective,positive,blue,✲✲✲✲gift✲✲✲✲,noun,negative,brown,0.4932,match,0.7327,1,0.7028,0.8386,98.39821440706106
37,699,35,21,2,valence_classification,color_matching,matching,match_left,XVVX,adjective,negative,blue,✲✲✲liebe✲✲✲✲,noun,positive,blue,0.4932,match,0.6328,0,0.7088,0.8445,99.22518747280152
37,700,36,21,2,valence_classification,color_matching,matching,match_left,XVVX,adjective,negative,blue,✲entführung✲,noun,negative,brown,0.4961,match,0.678,1,0.7068,0.8425,98.94608796134395
37,701,37,21,2,valence_classification,color_matching,matching,match_left,WJJW,noun,negative,brown,✲✲✲leiche✲✲✲,noun,negative,blue,0.4932,match,0.7833,1,0.7124,0.8482,99.74126253580091
37,702,38,21,2,valence_classification,color_matching,matching,match_left,MQQM,noun,positive,blue,✲✲schlecht✲✲,adjective,negative,brown,0.4932,match,0.7476,1,0.7185,0.8542,100.58961529404876
37,703,39,21,2,valence_classification,color_matching,matching,match_left,ZYYZ,adjective,positive,brown,✲✲schleim✲✲✲,noun,negative,brown,0.4932,nonmatch,0.6355,1,0.725,0.8607,101.49966284147584
37,704,40,21,2,valence_classification,color_matching,matching,match_left,MQQM,noun,positive,brown,✲✲launisch✲✲,adjective,negative,brown,0.4932,match,0.7504,0,0.732,0.8677,102.4833828124888
37,705,41,21,2,valence_classification,color_matching,matching,match_left,MQQM,noun,positive,brown,✲✲✲✲spaß✲✲✲✲,noun,positive,brown,0.4932,match,0.8261,0,0.7296,0.8654,102.14938420491787
37,706,42,21,2,valence_classification,color_matching,matching,match_left,MQQM,noun,positive,brown,✲✲✲leiche✲✲✲,noun,negative,blue,0.4932,nonmatch,0.6203,0,0.7273,0.863,101.82110567033467
37,707,43,21,2,valence_classification,color_matching,matching,match_left,MQQM,noun,positive,blue,✲✲✲✲gift✲✲✲✲,noun,negative,brown,0.4932,nonmatch,0.7439,0,0.725,0.8607,101.4962503197811
37,708,44,21,2,valence_classification,color_matching,matching,match_left,WJJW,noun,negative,blue,✲✲✲✲spaß✲✲✲✲,noun,positive,blue,0.4932,match,0.6427,0,0.7229,0.8586,101.205481340377
37,709,45,21,2,valence_classification,color_matching,matching,match_left,MQQM,noun,positive,brown,✲✲✲eitel✲✲✲✲,adjective,negative,blue,0.4932,nonmatch,0.8257,0,0.7209,0.8566,100.91990211200947
37,710,46,21,2,valence_classification,color_matching,matching,match_left,WJJW,noun,negative,brown,✲✲✲gütig✲✲✲✲,adjective,positive,blue,0.4932,nonmatch,0.6783,0,0.7188,0.8546,100.63782151162168
37,711,47,21,2,valence_classification,color_matching,matching,match_left,ZYYZ,adjective,positive,blue,✲✲launisch✲✲,adjective,negative,blue,0.4932,match,0.72,0,0.7169,0.8526,100.36804826145311
37,712,48,21,2,valence_classification,color_matching,matching,match_left,XVVX,adjective,negative,blue,✲✲✲schön✲✲✲✲,adjective,positive,blue,0.4932,match,0.7638,0,0.7151,0.8508,100.11759344984326
37,713,49,21,2,valence_classification,color_matching,matching,match_left,MQQM,noun,positive,blue,✲✲✲liebe✲✲✲✲,noun,positive,brown,0.4932,nonmatch,0.6767,0,0.7134,0.8491,99.8700861696649
37,714,50,21,2,valence_classification,color_matching,matching,match_left,XVVX,adjective,negative,brown,✲✲✲gütig✲✲✲✲,adjective,positive,brown,0.4932,match,0.8471,0,0.7116,0.8473,99.62456895436515
37,715,51,21,2,valence_classification,color_matching,matching,match_left,WJJW,noun,negative,blue,✲✲launisch✲✲,adjective,negative,blue,0.4932,match,0.7184,0,0.7099,0.8456,99.38874444864652
37,716,52,21,2,valence_classification,color_matching,matching,match_left,WJJW,noun,negative,brown,✲✲✲schön✲✲✲✲,adjective,positive,brown,0.4932,match,0.9189,0,0.7084,0.8441,99.17034687464906
37,717,53,21,2,valence_classification,color_matching,matching,match_left,XVVX,adjective,negative,blue,✲✲✲lustig✲✲✲,adjective,positive,brown,0.4932,match,0.5928,1,0.7068,0.8425,98.95446627264585
37,718,54,21,2,valence_classification,color_matching,matching,match_left,MQQM,noun,positive,brown,✲✲✲gütig✲✲✲✲,adjective,positive,blue,0.4932,match,0.9487,1,0.7112,0.8469,99.56159994718622
37,719,55,21,2,valence_classification,color_matching,matching,match_left,ZYYZ,adjective,positive,brown,✲✲✲schön✲✲✲✲,adjective,positive,brown,0.4932,match,0.8222,0,0.7159,0.8516,100.22867484367258
37,720,56,21,2,valence_classification,color_matching,matching,match_left,ZYYZ,adjective,positive,brown,✲✲einfall✲✲✲,noun,positive,blue,0.4932,nonmatch,0.7684,0,0.7143,0.85,100.00195412577499
37,721,57,21,2,valence_classification,color_matching,matching,match_left,XVVX,adjective,negative,brown,✲✲✲✲gift✲✲✲✲,noun,negative,blue,0.4932,nonmatch,0.7712,0,0.7127,0.8484,99.77669160864838
37,722,58,21,2,valence_classification,color_matching,matching,match_left,MQQM,noun,positive,brown,✲✲ehrlich✲✲✲,adjective,positive,brown,0.4932,match,0.6194,0,0.7111,0.8468,99.55216345601248
37,723,59,21,2,valence_classification,color_matching,matching,match_left,WJJW,noun,negative,blue,✲✲✲lustig✲✲✲,adjective,positive,blue,0.4932,nonmatch,0.6642,1,0.7096,0.8453,99.34357985817573
37,724,60,21,2,valence_classification,color_matching,matching,match_left,ZYYZ,adjective,positive,brown,✲✲✲gierig✲✲✲,adjective,negative,brown,0.4932,match,0.7842,0,0.7141,0.8498,99.97435244922542
37,725,61,21,2,valence_classification,color_matching,matching,match_left,ZYYZ,adjective,positive,blue,✲entführung✲,noun,negative,blue,0.4932,nonmatch,0.7326,1,0.7126,0.8483,99.76026417182499
37,726,62,21,2,valence_classification,color_matching,matching,match_left,ZYYZ,adjective,positive,brown,✲✲✲leiche✲✲✲,noun,negative,blue,0.4932,nonmatch,0.7827,0,0.7169,0.8526,100.36324506254543
37,727,63,21,2,valence_classification,color_matching,matching,match_left,MQQM,noun,positive,blue,✲entführung✲,noun,negative,blue,0.4932,match,0.7367,0,0.7154,0.8511,100.1540352533371
37,728,64,21,2,valence_classification,color_matching,matching,match_left,WJJW,noun,negative,blue,✲✲einfall✲✲✲,noun,positive,brown,0.4932,match,0.5936,1,0.7139,0.8496,99.94715735626846
37,729,1,22,3,valence_classification,color_matching,matching,match_left,WJJW,noun,negative,blue,✲✲✲eitel✲✲✲✲,adjective,negative,blue,0.4932,match,0.7359,0,0.718,0.8538,100.52581227690582
37,730,2,22,3,valence_classification,color_matching,matching,match_left,ZYYZ,adjective,positive,brown,✲✲✲liebe✲✲✲✲,noun,positive,blue,0.4932,nonmatch,0.6633,0,0.7166,0.8523,100.3182357582085
37,731,3,22,3,valence_classification,color_matching,matching,match_left,XVVX,adjective,negative,brown,✲✲✲gierig✲✲✲,adjective,negative,brown,0.4932,match,0.721,0,0.7151,0.8508,100.11839846523705
37,732,4,22,3,valence_classification,color_matching,matching,match_left,MQQM,noun,positive,blue,✲✲✲glück✲✲✲✲,noun,positive,blue,0.4932,match,0.7899,0,0.7137,0.8494,99.92043328439846
37,733,5,22,3,valence_classification,color_matching,matching,match_left,MQQM,noun,positive,brown,✲✲✲schön✲✲✲✲,adjective,positive,blue,0.4932,nonmatch,0.8706,0,0.7123,0.848,99.72401327666027
37,734,6,22,3,valence_classification,color_matching,matching,match_left,ZYYZ,adjective,positive,blue,✲✲✲leiche✲✲✲,noun,negative,brown,0.4932,nonmatch,0.8136,0,0.7109,0.8466,99.52623106958588
37,735,7,22,3,valence_classification,color_matching,matching,match_left,XVVX,adjective,negative,blue,✲✲launisch✲✲,adjective,negative,blue,0.4932,match,0.7723,0,0.7096,0.8453,99.34510722477684
37,736,8,22,3,valence_classification,color_matching,matching,match_left,MQQM,noun,positive,brown,✲✲✲eitel✲✲✲✲,adjective,negative,brown,0.4932,match,0.6721,0,0.7084,0.8441,99.17126765064482
37,737,9,22,3,valence_classification,color_matching,matching,match_left,WJJW,noun,negative,brown,✲✲✲gütig✲✲✲✲,adjective,positive,brown,0.4963,match,0.8839,0,0.7071,0.8429,98.99907692184836
37,738,10,22,3,valence_classification,color_matching,matching,match_left,XVVX,adjective,negative,blue,✲✲schlecht✲✲,adjective,negative,brown,0.4932,nonmatch,0.6177,0,0.7059,0.8416,98.82739655535683
37,739,11,22,3,valence_classification,color_matching,matching,match_left,WJJW,noun,negative,blue,✲✲✲✲gift✲✲✲✲,noun,negative,brown,0.4932,nonmatch,0.7326,0,0.7047,0.8404,98.65605863897875
37,740,12,22,3,valence_classification,color_matching,matching,match_left,XVVX,adjective,negative,brown,✲✲✲✲spaß✲✲✲✲,noun,positive,brown,0.4932,match,0.7899,0,0.7035,0.8392,98.48412487217757
37,741,13,22,3,valence_classification,color_matching,matching,match_left,XVVX,adjective,negative,blue,✲✲schleim✲✲✲,noun,negative,blue,0.4932,nonmatch,0.7782,1,0.7024,0.8381,98.33094158116872
37,742,14,22,3,valence_classification,color_matching,matching,match_left,WJJW,noun,negative,brown,✲✲✲leiche✲✲✲,noun,negative,brown,0.4932,match,0.7925,0,0.7058,0.8415,98.8116151989317
37,743,15,22,3,valence_classification,color_matching,matching,match_left,WJJW,noun,negative,brown,✲✲launisch✲✲,adjective,negative,brown,0.4932,match,0.7755,0,0.7046,0.8403,98.64583802508145
37,743,15,22,3,valence_classification,color_matching,matching,match_left,WJJW,noun,negative,brown,✲✲launisch✲✲,adjective,negative,brown,0.4932,match,0.9456,0,0.7046,0.8403,98.64583802508145
37,744,16,22,3,valence_classification,color_matching,matching,match_left,MQQM,noun,positive,brown,✲✲✲leiche✲✲✲,noun,negative,brown,0.4932,match,0.7898,0,0.7034,0.8391,98.47999410374521
37,745,17,22,3,valence_classification,color_matching,matching,match_left,ZYYZ,adjective,positive,brown,✲✲✲lustig✲✲✲,adjective,positive,brown,0.4932,match,0.6983,0,0.7024,0.8381,98.33201872545274
37,746,18,22,3,valence_classification,color_matching,matching,match_left,ZYYZ,adjective,positive,blue,✲✲✲glück✲✲✲✲,noun,positive,blue,0.4932,nonmatch,0.8328,1,0.7013,0.837,98.18603938162627
37,747,19,22,3,valence_classification,color_matching,matching,match_left,MQQM,noun,positive,blue,✲✲launisch✲✲,adjective,negative,blue,0.4932,match,0.8042,0,0.7045,0.8403,98.63597885256416
37,748,20,22,3,valence_classification,color_matching,matching,match_left,WJJW,noun,negative,blue,✲✲✲liebe✲✲✲✲,noun,positive,blue,0.4932,match,0.8553,0,0.7034,0.8391,98.47587513352171
37,749,21,22,3,valence_classification,color_matching,matching,match_left,ZYYZ,adjective,positive,blue,✲✲ehrlich✲✲✲,adjective,positive,brown,0.4962,nonmatch,0.6838,0,0.7024,0.8381,98.33276985258857
37,750,22,22,3,valence_classification,color_matching,matching,match_left,WJJW,noun,negative,brown,✲✲ehrlich✲✲✲,adjective,positive,blue,0.4932,nonmatch,0.754,0,0.7014,0.8371,98.19157269978935
37,751,23,22,3,valence_classification,color_matching,matching,match_left,XVVX,adjective,negative,brown,✲entführung✲,noun,negative,blue,0.4932,nonmatch,0.8186,0,0.7004,0.8361,98.05149258101315
37,752,24,22,3,valence_classification,color_matching,matching,match_left,XVVX,adjective,negative,brown,✲✲ehrlich✲✲✲,adjective,positive,blue,0.4932,nonmatch,0.6717,0,0.6994,0.8351,97.91176552647528
37,753,25,22,3,valence_classification,color_matching,matching,match_left,ZYYZ,adjective,positive,blue,✲entführung✲,noun,negative,blue,0.4932,nonmatch,0.7758,1,0.6984,0.8341,97.772462279496
37,754,26,22,3,valence_classification,color_matching,matching,match_left,WJJW,noun,negative,brown,✲✲✲glück✲✲✲✲,noun,positive,brown,0.4932,match,0.8328,0,0.7012,0.8369,98.16599271449364
37,755,27,22,3,valence_classification,color_matching,matching,match_left,MQQM,noun,positive,brown,✲✲✲gütig✲✲✲✲,adjective,positive,brown,0.4932,match,0.7808,0,0.7002,0.8359,98.03009494640305
37,756,28,22,3,valence_classification,color_matching,matching,match_left,MQQM,noun,positive,brown,✲✲✲gierig✲✲✲,adjective,negative,blue,0.4932,nonmatch,0.7113,0,0.6992,0.835,97.89440596396904
37,757,29,22,3,valence_classification,color_matching,matching,match_left,XVVX,adjective,negative,brown,✲✲✲liebe✲✲✲✲,noun,positive,blue,0.4932,nonmatch,0.6677,0,0.6983,0.834,97.75900996273782
37,758,30,22,3,valence_classification,color_matching,matching,match_left,XVVX,adjective,negative,blue,✲✲✲schön✲✲✲✲,adjective,positive,blue,0.4932,match,0.7333,0,0.6973,0.833,97.62227710629
37,759,31,22,3,valence_classification,color_matching,matching,match_left,WJJW,noun,negative,blue,✲✲schleim✲✲✲,noun,negative,blue,0.4932,match,0.814,0,0.6963,0.8321,97.4873220541037
37,760,32,22,3,valence_classification,color_matching,matching,match_left,MQQM,noun,positive,brown,✲✲✲liebe✲✲✲✲,noun,positive,blue,0.4932,nonmatch,0.8983,0,0.6955,0.8312,97.36600792379964
37,761,33,22,3,valence_classification,color_matching,matching,match_left,ZYYZ,adjective,positive,brown,✲✲✲gütig✲✲✲✲,adjective,positive,blue,0.4932,nonmatch,0.6822,0,0.6946,0.8303,97.24621809166523
37,762,34,22,3,valence_classification,color_matching,matching,match_left,WJJW,noun,negative,blue,✲✲einfall✲✲✲,noun,positive,brown,0.4932,nonmatch,0.8279,0,0.6938,0.8295,97.12737572993568
37,763,35,22,3,valence_classification,color_matching,matching,match_left,ZYYZ,adjective,positive,blue,✲✲✲gierig✲✲✲,adjective,negative,brown,0.4932,nonmatch,0.7909,0,0.6929,0.8286,97.00892173146504
37,764,36,22,3,valence_classification,color_matching,matching,match_left,MQQM,noun,positive,blue,✲✲ehrlich✲✲✲,adjective,positive,blue,0.4932,match,1.084,0,0.6921,0.8278,96.8910457357268
37,765,37,22,3,valence_classification,color_matching,matching,match_left,WJJW,noun,negative,brown,✲entführung✲,noun,negative,blue,0.4932,nonmatch,0.6929,0,0.6912,0.8269,96.77235265510959
37,766,38,22,3,valence_classification,color_matching,matching,match_left,WJJW,noun,negative,blue,✲✲✲schön✲✲✲✲,adjective,positive,brown,0.4961,nonmatch,0.7803,0,0.6904,0.8261,96.65231376056103
37,767,39,22,3,valence_classification,color_matching,matching,match_left,XVVX,adjective,negative,blue,✲✲einfall✲✲✲,noun,positive,brown,0.4932,nonmatch,0.6616,0,0.6895,0.8252,96.53210459964119
37,768,40,22,3,valence_classification,color_matching,matching,match_left,ZYYZ,adjective,positive,blue,✲✲schlecht✲✲,adjective,negative,blue,0.4932,match,0.8142,0,0.6888,0.8245,96.42545740445539
37,769,41,22,3,valence_classification,color_matching,matching,match_left,XVVX,adjective,negative,brown,✲✲✲gütig✲✲✲✲,adjective,positive,brown,0.4932,nonmatch,0.7187,1,0.688,0.8237,96.32017644832813
37,770,42,22,3,valence_classification,color_matching,matching,match_left,ZYYZ,adjective,positive,blue,✲✲✲✲spaß✲✲✲✲,noun,positive,brown,0.4932,nonmatch,0.6902,0,0.6903,0.826,96.64500107767165
37,771,43,22,3,valence_classification,color_matching,matching,match_left,ZYYZ,adjective,positive,brown,✲✲✲✲gift✲✲✲✲,noun,negative,blue,0.4932,nonmatch,0.9224,0,0.6895,0.8252,96.52809195996375
37,772,44,22,3,valence_classification,color_matching,matching,match_left,MQQM,noun,positive,brown,✲✲✲✲spaß✲✲✲✲,noun,positive,brown,0.4932,nonmatch,0.6897,1,0.6887,0.8245,96.42406146677557
37,773,45,22,3,valence_classification,color_matching,matching,match_left,MQQM,noun,positive,blue,✲✲einfall✲✲✲,noun,positive,brown,0.4932,nonmatch,0.6535,0,0.6911,0.8268,96.75267463012113
37,774,46,22,3,valence_classification,color_matching,matching,match_left,MQQM,noun,positive,blue,✲✲schleim✲✲✲,noun,negative,brown,0.4932,nonmatch,0.5818,0,0.6903,0.826,96.6378818814135
37,775,47,22,3,valence_classification,color_matching,matching,match_left,XVVX,adjective,negative,brown,✲✲✲eitel✲✲✲✲,adjective,negative,blue,0.4932,nonmatch,0.7757,0,0.6895,0.8252,96.52415014479972
37,776,48,22,3,valence_classification,color_matching,matching,match_left,XVVX,adjective,negative,blue,✲✲✲leiche✲✲✲,noun,negative,brown,0.4932,nonmatch,0.6392,0,0.6887,0.8244,96.42261314341013
37,777,49,22,3,valence_classification,color_matching,matching,match_left,MQQM,noun,positive,brown,✲entführung✲,noun,negative,blue,0.4933,nonmatch,0.7005,0,0.688,0.8237,96.32235433166471
37,778,50,22,3,valence_classification,color_matching,matching,match_left,WJJW,noun,negative,brown,✲✲✲gierig✲✲✲,adjective,negative,blue,0.4932,nonmatch,0.7496,0,0.6873,0.823,96.22296300307754
37,779,51,22,3,valence_classification,color_matching,matching,match_left,XVVX,adjective,negative,blue,✲✲✲lustig✲✲✲,adjective,positive,brown,0.4932,nonmatch,0.632,0,0.6866,0.8223,96.12404033765448
37,780,52,22,3,valence_classification,color_matching,matching,match_left,ZYYZ,adjective,positive,brown,✲✲launisch✲✲,adjective,negative,blue,0.4932,nonmatch,0.821,0,0.6859,0.8216,96.0251960947671
37,781,53,22,3,valence_classification,color_matching,matching,match_left,XVVX,adjective,negative,brown,✲✲✲✲gift✲✲✲✲,noun,negative,brown,0.4932,nonmatch,0.7422,1,0.6852,0.8209,95.92666007662031
37,782,54,22,3,valence_classification,color_matching,matching,match_left,MQQM,noun,positive,blue,✲✲schlecht✲✲,adjective,negative,brown,0.4932,nonmatch,0.6347,0,0.6872,0.8229,96.2044165188288
37,783,55,22,3,valence_classification,color_matching,matching,match_left,ZYYZ,adjective,positive,brown,✲✲schleim✲✲✲,noun,negative,brown,0.4932,match,0.7274,0,0.6865,0.8222,96.10764340495184
37,784,56,22,3,valence_classification,color_matching,matching,match_left,ZYYZ,adjective,positive,blue,✲✲✲schön✲✲✲✲,adjective,positive,blue,0.4932,match,0.7864,0,0.6858,0.8215,96.01087899137009
37,785,57,22,3,valence_classification,color_matching,matching,match_left,WJJW,noun,negative,blue,✲✲schlecht✲✲,adjective,negative,brown,0.4932,nonmatch,0.7555,0,0.6851,0.8208,95.91435207577365
37,786,58,22,3,valence_classification,color_matching,matching,match_left,ZYYZ,adjective,positive,brown,✲✲einfall✲✲✲,noun,positive,brown,0.4932,match,0.7416,0,0.6844,0.8201,95.8170212886221
37,787,59,22,3,valence_classification,color_matching,matching,match_left,WJJW,noun,negative,blue,✲✲✲lustig✲✲✲,adjective,positive,blue,0.4976,match,0.6169,0,0.6837,0.8194,95.7185248744373
37,788,60,22,3,valence_classification,color_matching,matching,match_left,XVVX,adjective,negative,blue,✲✲✲glück✲✲✲✲,noun,positive,blue,0.4932,match,0.6968,0,0.683,0.8187,95.61849637634903
37,789,61,22,3,valence_classification,color_matching,matching,match_left,WJJW,noun,negative,brown,✲✲✲✲spaß✲✲✲✲,noun,positive,blue,0.4932,nonmatch,0.5623,0,0.6823,0.818,95.52592302488819
37,790,62,22,3,valence_classification,color_matching,matching,match_left,ZYYZ,adjective,positive,brown,✲✲✲eitel✲✲✲✲,adjective,negative,brown,0.4932,match,0.7995,0,0.6817,0.8174,95.43895694801338
37,791,63,22,3,valence_classification,color_matching,matching,match_left,MQQM,noun,positive,blue,✲✲✲✲gift✲✲✲✲,noun,negative,blue,0.4932,match,0.6758,0,0.6811,0.8168,95.35294336533258
37,792,64,22,3,valence_classification,color_matching,matching,match_left,MQQM,noun,positive,blue,✲✲✲lustig✲✲✲,adjective,positive,brown,0.4932,nonmatch,0.6081,0,0.6805,0.8162,95.26757692298351
37,793,1,23,4,valence_classification,color_matching,matching,match_left,ZYYZ,adjective,positive,blue,✲✲schleim✲✲✲,noun,negative,blue,0.4932,match,0.6177,0,0.6799,0.8156,95.18255974412614
37,794,2,23,4,valence_classification,color_matching,matching,match_left,ZYYZ,adjective,positive,brown,✲✲ehrlich✲✲✲,adjective,positive,brown,0.4932,nonmatch,0.7565,1,0.6793,0.815,95.09759930758104
37,795,3,23,4,valence_classification,color_matching,matching,match_left,XVVX,adjective,negative,brown,✲✲schlecht✲✲,adjective,negative,brown,0.4932,nonmatch,0.8331,1,0.681,0.8167,95.33429462793424
37,795,3,23,4,valence_classification,color_matching,matching,match_left,XVVX,adjective,negative,brown,✲✲schlecht✲✲,adjective,negative,brown,0.4932,match,0.9859,0,0.681,0.8167,95.33429462793424
37,796,4,23,4,valence_classification,color_matching,matching,match_left,ZYYZ,adjective,positive,brown,✲entführung✲,noun,negative,brown,0.4932,nonmatch,0.7556,1,0.6804,0.8161,95.25064585773062
37,797,5,23,4,valence_classification,color_matching,matching,match_left,MQQM,noun,positive,brown,✲✲✲schön✲✲✲✲,adjective,positive,blue,0.4932,match,0.6606,1,0.6822,0.8179,95.50112932768093
37,798,6,23,4,valence_classification,color_matching,matching,match_left,ZYYZ,adjective,positive,brown,✲✲✲leiche✲✲✲,noun,negative,blue,0.4932,nonmatch,0.7834,0,0.6841,0.8198,95.7703333358215
37,799,7,23,4,valence_classification,color_matching,matching,match_left,ZYYZ,adjective,positive,brown,✲✲launisch✲✲,adjective,negative,blue,0.4932,nonmatch,0.7212,0,0.6834,0.8191,95.67657929575614
37,800,8,23,4,valence_classification,color_matching,matching,match_left,MQQM,noun,positive,brown,✲✲✲gütig✲✲✲✲,adjective,positive,brown,0.4932,match,0.7899,0,0.6827,0.8184,95.58151943539484
37,801,9,23,4,valence_classification,color_matching,matching,match_left,XVVX,adjective,negative,blue,✲✲✲✲spaß✲✲✲✲,noun,positive,brown,0.4932,nonmatch,0.615,0,0.6821,0.8178,95.49869260431808
37,802,10,23,4,valence_classification,color_matching,matching,match_left,WJJW,noun,negative,blue,✲✲✲schön✲✲✲✲,adjective,positive,blue,0.4932,match,0.7587,0,0.6815,0.8173,95.41696240417615
37,803,11,23,4,valence_classification,color_matching,matching,match_left,MQQM,noun,positive,blue,✲✲✲gierig✲✲✲,adjective,negative,brown,0.4932,nonmatch,0.7542,0,0.681,0.8167,95.33605051184495
37,804,12,23,4,valence_classification,color_matching,matching,match_left,MQQM,noun,positive,brown,✲✲✲eitel✲✲✲✲,adjective,negative,brown,0.4932,match,0.7051,0,0.6804,0.8161,95.25568655488769
37,805,13,23,4,valence_classification,color_matching,matching,match_left,WJJW,noun,negative,blue,✲✲✲gierig✲✲✲,adjective,negative,brown,0.4932,match,0.6341,1,0.6798,0.8155,95.17560625100815
37,806,14,23,4,valence_classification,color_matching,matching,match_left,XVVX,adjective,negative,blue,✲✲✲gierig✲✲✲,adjective,negative,brown,0.4932,match,0.8487,1,0.6815,0.8173,95.41613025451537
37,807,15,23,4,valence_classification,color_matching,matching,match_left,MQQM,noun,positive,blue,✲✲✲lustig✲✲✲,adjective,positive,brown,0.4932,nonmatch,0.7205,0,0.6833,0.819,95.66422482714492
37,808,16,23,4,valence_classification,color_matching,matching,match_left,MQQM,noun,positive,blue,✲✲✲liebe✲✲✲✲,noun,positive,brown,0.4932,nonmatch,0.6678,0,0.6827,0.8184,95.57356489782532
37,809,17,23,4,valence_classification,color_matching,matching,match_left,ZYYZ,adjective,positive,blue,✲✲schlecht✲✲,adjective,negative,brown,0.4932,match,0.4218,1,0.6821,0.8178,95.49389720704745
37,810,18,23,4,valence_classification,color_matching,matching,match_left,WJJW,noun,negative,brown,✲✲✲leiche✲✲✲,noun,negative,brown,0.4932,nonmatch,0.8446,1,0.6839,0.8196,95.74740812080042
37,811,19,23,4,valence_classification,color_matching,matching,match_left,XVVX,adjective,negative,blue,✲✲ehrlich✲✲✲,adjective,positive,brown,0.4932,nonmatch,0.8197,0,0.6857,0.8214,95.99670863042684
37,812,20,23,4,valence_classification,color_matching,matching,match_left,ZYYZ,adjective,positive,blue,✲✲✲gütig✲✲✲✲,adjective,positive,blue,0.4932,match,0.7705,0,0.6851,0.8208,95.91201489457511
37,813,21,23,4,valence_classification,color_matching,matching,match_left,XVVX,adjective,negative,blue,✲✲✲eitel✲✲✲✲,adjective,negative,blue,0.4932,match,0.8041,0,0.6845,0.8202,95.82659033913255
37,814,22,23,4,valence_classification,color_matching,matching,match_left,ZYYZ,adjective,positive,brown,✲✲✲✲spaß✲✲✲✲,noun,positive,brown,0.4932,match,0.7397,0,0.6839,0.8196,95.74015465816389
37,815,23,23,4,valence_classification,color_matching,matching,match_left,XVVX,adjective,negative,blue,✲✲✲gütig✲✲✲✲,adjective,positive,blue,0.4932,nonmatch,0.6677,1,0.6832,0.8189,95.65242365911766
37,816,24,23,4,valence_classification,color_matching,matching,match_left,ZYYZ,adjective,positive,blue,✲✲✲gierig✲✲✲,adjective,negative,blue,0.4932,match,0.7988,0,0.685,0.8207,95.90218920507866
37,817,25,23,4,valence_classification,color_matching,matching,match_left,MQQM,noun,positive,blue,✲✲einfall✲✲✲,noun,positive,blue,0.4932,match,0.6969,0,0.6844,0.8201,95.81814694493742
37,818,26,23,4,valence_classification,color_matching,matching,match_left,ZYYZ,adjective,positive,blue,✲✲einfall✲✲✲,noun,positive,blue,0.4932,match,0.6642,0,0.6838,0.8195,95.73308134035457
37,819,27,23,4,valence_classification,color_matching,matching,match_left,MQQM,noun,positive,brown,✲✲✲leiche✲✲✲,noun,negative,blue,0.4932,nonmatch,0.6403,0,0.6832,0.8189,95.64671717774316
37,820,28,23,4,valence_classification,color_matching,matching,match_left,WJJW,noun,negative,brown,✲✲launisch✲✲,adjective,negative,brown,0.4932,match,0.7432,0,0.6826,0.8183,95.562259864257
37,821,29,23,4,valence_classification,color_matching,matching,match_left,MQQM,noun,positive,blue,✲✲✲✲gift✲✲✲✲,noun,negative,brown,0.4932,nonmatch,0.7756,0,0.682,0.8178,95.48691266024858
37,822,30,23,4,valence_classification,color_matching,matching,match_left,XVVX,adjective,negative,brown,✲✲✲glück✲✲✲✲,noun,positive,brown,0.4932,match,0.7366,0,0.6815,0.8172,95.41252116646774
37,823,31,23,4,valence_classification,color_matching,matching,match_left,XVVX,adjective,negative,blue,✲✲✲liebe✲✲✲✲,noun,positive,blue,0.4932,match,0.6969,0,0.681,0.8167,95.33885396712188
37,824,32,23,4,valence_classification,color_matching,matching,match_left,WJJW,noun,negative,brown,✲✲✲lustig✲✲✲,adjective,positive,blue,0.4932,nonmatch,0.6105,0,0.6805,0.8162,95.26568594370576
37,825,33,23,4,valence_classification,color_matching,matching,match_left,WJJW,noun,negative,blue,✲✲✲gütig✲✲✲✲,adjective,positive,brown,0.4932,match,0.6496,1,0.6799,0.8157,95.19279686213783
37,826,34,23,4,valence_classification,color_matching,matching,match_left,ZYYZ,adjective,positive,brown,✲✲✲glück✲✲✲✲,noun,positive,blue,0.4932,nonmatch,0.7909,0,0.6815,0.8172,95.41156622547499
37,827,35,23,4,valence_classification,color_matching,matching,match_left,WJJW,noun,negative,brown,✲entführung✲,noun,negative,blue,0.4932,nonmatch,0.7898,0,0.681,0.8167,95.33919755321516
37,828,36,23,4,valence_classification,color_matching,matching,match_left,WJJW,noun,negative,brown,✲✲✲liebe✲✲✲✲,noun,positive,blue,0.4932,nonmatch,0.743,0,0.6805,0.8162,95.26731887227234
37,829,37,23,4,valence_classification,color_matching,matching,match_left,XVVX,adjective,negative,brown,✲entführung✲,noun,negative,brown,0.4932,match,0.5974,0,0.68,0.8157,95.195717429345
37,830,38,23,4,valence_classification,color_matching,matching,match_left,XVVX,adjective,negative,blue,✲✲✲✲gift✲✲✲✲,noun,negative,brown,0.4932,nonmatch,0.7469,0,0.6795,0.8152,95.12418387583872
37,831,39,23,4,valence_classification,color_matching,matching,match_left,ZYYZ,adjective,positive,blue,✲✲✲liebe✲✲✲✲,noun,positive,brown,0.4932,nonmatch,0.7612,0,0.6789,0.8147,95.05251104153021
37,832,40,23,4,valence_classification,color_matching,matching,match_left,MQQM,noun,positive,brown,✲✲✲glück✲✲✲✲,noun,positive,brown,0.4932,match,0.7134,0,0.6784,0.8141,94.98094517971207
37,833,41,23,4,valence_classification,color_matching,matching,match_left,XVVX,adjective,negative,brown,✲✲✲lustig✲✲✲,adjective,positive,blue,0.4932,nonmatch,0.685,0,0.6779,0.8136,94.90878589571906
37,834,42,23,4,valence_classification,color_matching,matching,match_left,MQQM,noun,positive,brown,✲✲schleim✲✲✲,noun,negative,brown,0.4932,match,0.7469,0,0.6774,0.8131,94.83582879842353
37,835,43,23,4,valence_classification,color_matching,matching,match_left,ZYYZ,adjective,positive,blue,✲✲✲✲gift✲✲✲✲,noun,negative,brown,0.4932,nonmatch,0.6177,0,0.6769,0.8126,94.76186658926237
37,836,44,23,4,valence_classification,color_matching,matching,match_left,MQQM,noun,positive,blue,✲✲ehrlich✲✲✲,adjective,positive,blue,0.4932,nonmatch,0.715,1,0.6763,0.812,94.68668795996976
37,837,45,23,4,valence_classification,color_matching,matching,match_left,WJJW,noun,negative,brown,✲✲schlecht✲✲,adjective,negative,blue,0.4932,nonmatch,0.7345,0,0.6779,0.8136,94.90087524646516
37,838,46,23,4,valence_classification,color_matching,matching,match_left,WJJW,noun,negative,brown,✲✲einfall✲✲✲,noun,positive,brown,0.4932,match,0.679,0,0.6773,0.8131,94.82889984114088
37,839,47,23,4,valence_classification,color_matching,matching,match_left,XVVX,adjective,negative,brown,✲✲✲schön✲✲✲✲,adjective,positive,brown,0.496,match,0.797,0,0.6768,0.8125,94.75591371632188
37,840,48,23,4,valence_classification,color_matching,matching,match_left,WJJW,noun,negative,blue,✲✲schleim✲✲✲,noun,negative,blue,0.4932,nonmatch,0.6791,1,0.6763,0.812,94.68171111461903
37,841,49,23,4,valence_classification,color_matching,matching,match_left,XVVX,adjective,negative,brown,✲✲launisch✲✲,adjective,negative,blue,0.4932,nonmatch,0.7541,0,0.6778,0.8135,94.89315006039234
37,842,50,23,4,valence_classification,color_matching,matching,match_left,WJJW,noun,negative,brown,✲✲ehrlich✲✲✲,adjective,positive,brown,0.4932,match,0.7684,0,0.6773,0.813,94.8221246675717
37,843,51,23,4,valence_classification,color_matching,matching,match_left,ZYYZ,adjective,positive,brown,✲✲✲eitel✲✲✲✲,adjective,negative,brown,0.4932,match,0.7496,0,0.6768,0.8125,94.75008349664037
37,844,52,23,4,valence_classification,color_matching,matching,match_left,MQQM,noun,positive,blue,✲entführung✲,noun,negative,blue,0.4932,nonmatch,0.7365,1,0.6763,0.812,94.67682609287543
37,845,53,23,4,valence_classification,color_matching,matching,match_left,WJJW,noun,negative,blue,✲✲✲✲gift✲✲✲✲,noun,negative,brown,0.4932,nonmatch,0.6779,0,0.6778,0.8135,94.88560297001494
37,846,54,23,4,valence_classification,color_matching,matching,match_left,ZYYZ,adjective,positive,brown,✲✲✲lustig✲✲✲,adjective,positive,blue,0.4932,nonmatch,0.8503,0,0.6773,0.813,94.81549736173889
37,847,55,23,4,valence_classification,color_matching,matching,match_left,ZYYZ,adjective,positive,blue,✲✲✲schön✲✲✲✲,adjective,positive,brown,0.4932,nonmatch,0.758,0,0.6767,0.8125,94.74437142696108
37,848,56,23,4,valence_classification,color_matching,matching,match_left,WJJW,noun,negative,blue,✲✲✲✲spaß✲✲✲✲,noun,positive,brown,0.4962,nonmatch,0.6969,0,0.6762,0.8119,94.67202978018297
37,849,57,23,4,valence_classification,color_matching,matching,match_left,XVVX,adjective,negative,brown,✲✲einfall✲✲✲,noun,positive,blue,0.4932,nonmatch,0.6463,0,0.6757,0.8115,94.60343672773072
37,850,58,23,4,valence_classification,color_matching,matching,match_left,WJJW,noun,negative,blue,✲✲✲glück✲✲✲✲,noun,positive,blue,0.4932,match,0.7618,0,0.6753,0.811,94.5411541206372
37,851,59,23,4,valence_classification,color_matching,matching,match_left,XVVX,adjective,negative,blue,✲✲schleim✲✲✲,noun,negative,blue,0.4932,match,0.5855,0,0.6749,0.8106,94.47964578449546
37,852,60,23,4,valence_classification,color_matching,matching,match_left,MQQM,noun,positive,brown,✲✲launisch✲✲,adjective,negative,blue,0.4932,nonmatch,0.7222,0,0.6744,0.8101,94.4187508239684
37,853,61,23,4,valence_classification,color_matching,matching,match_left,MQQM,noun,positive,brown,✲✲✲✲spaß✲✲✲✲,noun,positive,blue,0.4932,nonmatch,0.742,0,0.674,0.8097,94.35831245949068
37,854,62,23,4,valence_classification,color_matching,matching,match_left,MQQM,noun,positive,blue,✲✲schlecht✲✲,adjective,negative,blue,0.4932,match,0.6508,0,0.6736,0.8093,94.29817720473606
37,855,63,23,4,valence_classification,color_matching,matching,match_left,WJJW,noun,negative,blue,✲✲✲eitel✲✲✲✲,adjective,negative,blue,0.4932,match,0.7047,0,0.6731,0.8088,94.23819407991688
37,856,64,23,4,valence_classification,color_matching,matching,match_left,XVVX,adjective,negative,brown,✲✲✲leiche✲✲✲,noun,negative,blue,0.4932,nonmatch,0.6897,0,0.6727,0.8084,94.17821385445335
37,857,1,24,5,valence_classification,color_matching,matching,match_left,ZYYZ,adjective,positive,blue,✲✲✲✲gift✲✲✲✲,noun,negative,blue,0.4932,match,0.7137,0,0.6723,0.808,94.11808831298589
37,858,2,24,5,valence_classification,color_matching,matching,match_left,MQQM,noun,positive,brown,✲✲✲leiche✲✲✲,noun,negative,brown,0.4932,nonmatch,0.7152,1,0.6718,0.8076,94.0580559044447
37,859,3,24,5,valence_classification,color_matching,matching,match_left,WJJW,noun,negative,brown,✲✲✲gütig✲✲✲✲,adjective,positive,blue,0.4932,nonmatch,0.8482,0,0.6731,0.8088,94.22715495577286
37,860,4,24,5,valence_classification,color_matching,matching,match_left,XVVX,adjective,negative,blue,✲✲✲gierig✲✲✲,adjective,negative,brown,0.4932,nonmatch,0.7112,0,0.6726,0.8083,94.16797042887995
37,861,5,24,5,valence_classification,color_matching,matching,match_left,XVVX,adjective,negative,brown,✲✲✲eitel✲✲✲✲,adjective,negative,blue,0.4932,nonmatch,0.7119,0,0.6722,0.8079,94.10861709100779
37,862,6,24,5,valence_classification,color_matching,matching,match_left,WJJW,noun,negative,brown,✲✲✲lustig✲✲✲,adjective,positive,brown,0.4932,match,0.6708,0,0.6718,0.8075,94.04933015581362
37,863,7,24,5,valence_classification,color_matching,matching,match_left,WJJW,noun,negative,blue,✲entführung✲,noun,negative,brown,0.4932,nonmatch,0.6105,0,0.6714,0.8071,93.98955760515535
37,863,7,24,5,valence_classification,color_matching,matching,match_left,WJJW,noun,negative,blue,✲entführung✲,noun,negative,brown,0.4932,nonmatch,0.7426,0,0.6714,0.8071,93.98955760515535
37,864,8,24,5,valence_classification,color_matching,matching,match_left,XVVX,adjective,negative,brown,✲✲✲glück✲✲✲✲,noun,positive,brown,0.4932,match,0.9182,0,0.6709,0.8066,93.92915595320946
37,865,9,24,5,valence_classification,color_matching,matching,match_left,ZYYZ,adjective,positive,blue,✲✲✲lustig✲✲✲,adjective,positive,blue,0.4932,nonmatch,0.7406,1,0.6705,0.8062,93.8679795916481
37,866,10,24,5,valence_classification,color_matching,matching,match_left,MQQM,noun,positive,brown,✲✲schleim✲✲✲,noun,negative,blue,0.4932,nonmatch,0.7112,0,0.6717,0.8074,94.04154614037034
37,867,11,24,5,valence_classification,color_matching,matching,match_left,WJJW,noun,negative,blue,✲✲✲schön✲✲✲✲,adjective,positive,brown,0.4932,nonmatch,0.6969,0,0.6713,0.807,93.9824550633448
37,868,12,24,5,valence_classification,color_matching,matching,match_left,WJJW,noun,negative,blue,✲✲✲glück✲✲✲✲,noun,positive,brown,0.4932,nonmatch,0.6933,0,0.6709,0.8066,93.92272568400459
37,869,13,24,5,valence_classification,color_matching,matching,match_left,ZYYZ,adjective,positive,blue,✲✲✲glück✲✲✲✲,noun,positive,brown,0.4932,nonmatch,0.6773,0,0.6704,0.8062,93.86221562064004
37,870,14,24,5,valence_classification,color_matching,matching,match_left,MQQM,noun,positive,blue,✲✲✲✲gift✲✲✲✲,noun,negative,blue,0.4932,match,0.6542,0,0.67,0.8057,93.80077970377236
37,871,15,24,5,valence_classification,color_matching,matching,match_left,ZYYZ,adjective,positive,brown,✲✲einfall✲✲✲,noun,positive,blue,0.4932,nonmatch,0.7256,0,0.6696,0.8053,93.73826933242432
37,872,16,24,5,valence_classification,color_matching,matching,match_left,ZYYZ,adjective,positive,brown,✲✲schlecht✲✲,adjective,negative,blue,0.4932,nonmatch,0.7333,0,0.6691,0.8048,93.67703505051483
37,873,17,24,5,valence_classification,color_matching,matching,match_left,MQQM,noun,positive,blue,✲entführung✲,noun,negative,brown,0.4932,nonmatch,0.6677,0,0.6687,0.8045,93.62318832096162
37,874,18,24,5,valence_classification,color_matching,matching,match_left,WJJW,noun,negative,brown,✲✲✲✲spaß✲✲✲✲,noun,positive,blue,0.4932,nonmatch,0.7326,0,0.6684,0.8041,93.57004502765061
37,875,19,24,5,valence_classification,color_matching,matching,match_left,XVVX,adjective,negative,blue,✲✲✲liebe✲✲✲✲,noun,positive,blue,0.4932,nonmatch,0.7756,1,0.668,0.8037,93.5174829882969
37,876,20,24,5,valence_classification,color_matching,matching,match_left,XVVX,adjective,negative,blue,✲entführung✲,noun,negative,brown,0.4932,nonmatch,0.7348,0,0.6691,0.8048,93.6739239379577
37,877,21,24,5,valence_classification,color_matching,matching,match_left,XVVX,adjective,negative,brown,✲✲✲schön✲✲✲✲,adjective,positive,brown,0.4932,nonmatch,0.6762,1,0.6687,0.8044,93.62078466302255
37,878,22,24,5,valence_classification,color_matching,matching,match_left,XVVX,adjective,negative,brown,✲✲schlecht✲✲,adjective,negative,brown,0.4932,match,0.6931,0,0.6699,0.8056,93.79084140473776
37,879,23,24,5,valence_classification,color_matching,matching,match_left,WJJW,noun,negative,blue,✲✲✲liebe✲✲✲✲,noun,positive,blue,0.4932,nonmatch,0.8604,1,0.6695,0.8052,93.72960579213165
37,880,24,24,5,valence_classification,color_matching,matching,match_left,WJJW,noun,negative,brown,✲✲✲leiche✲✲✲,noun,negative,blue,0.4932,nonmatch,0.6778,0,0.6707,0.8065,93.9041681851488
37,881,25,24,5,valence_classification,color_matching,matching,match_left,WJJW,noun,negative,blue,✲✲ehrlich✲✲✲,adjective,positive,blue,0.4932,match,0.6754,0,0.6703,0.806,93.8455493519661
37,882,26,24,5,valence_classification,color_matching,matching,match_left,ZYYZ,adjective,positive,blue,✲✲✲gierig✲✲✲,adjective,negative,blue,0.4932,match,0.648,0,0.6699,0.8056,93.78599798139668
37,883,27,24,5,valence_classification,color_matching,matching,match_left,MQQM,noun,positive,blue,✲✲✲glück✲✲✲✲,noun,positive,blue,0.4932,match,0.7079,0,0.6695,0.8052,93.72537445610524
37,884,28,24,5,valence_classification,color_matching,matching,match_left,ZYYZ,adjective,positive,blue,✲✲✲leiche✲✲✲,noun,negative,brown,0.4932,match,0.6391,1,0.6691,0.8048,93.66786617050911
37,885,29,24,5,valence_classification,color_matching,matching,match_left,XVVX,adjective,negative,blue,✲✲schleim✲✲✲,noun,negative,blue,0.4932,match,0.7327,0,0.6703,0.806,93.84019119329508
37,886,30,24,5,valence_classification,color_matching,matching,match_left,MQQM,noun,positive,brown,✲✲✲eitel✲✲✲✲,adjective,negative,brown,0.4932,match,0.814,0,0.6699,0.8056,93.78123486091597
37,887,31,24,5,valence_classification,color_matching,matching,match_left,XVVX,adjective,negative,blue,✲✲ehrlich✲✲✲,adjective,positive,brown,0.4932,match,0.6693,1,0.6694,0.8052,93.72120740050575
37,888,32,24,5,valence_classification,color_matching,matching,match_left,ZYYZ,adjective,positive,brown,✲✲schleim✲✲✲,noun,negative,brown,0.4932,nonmatch,0.5676,1,0.6707,0.8064,93.8923673932698
37,889,33,24,5,valence_classification,color_matching,matching,match_left,ZYYZ,adjective,positive,brown,✲✲✲eitel✲✲✲✲,adjective,negative,brown,0.4932,match,0.8082,0,0.6718,0.8075,94.0528985315023
37,890,34,24,5,valence_classification,color_matching,matching,match_left,WJJW,noun,negative,blue,✲✲launisch✲✲,adjective,negative,blue,0.4933,nonmatch,0.7971,1,0.6714,0.8071,93.99807609165697
37,891,35,24,5,valence_classification,color_matching,matching,match_left,MQQM,noun,positive,blue,✲✲launisch✲✲,adjective,negative,brown,0.4932,nonmatch,0.7255,0,0.6725,0.8082,94.15284836429193
37,892,36,24,5,valence_classification,color_matching,matching,match_left,XVVX,adjective,negative,blue,✲✲einfall✲✲✲,noun,positive,brown,0.4932,nonmatch,0.7827,0,0.6721,0.8079,94.0993779193684
37,893,37,24,5,valence_classification,color_matching,matching,match_left,MQQM,noun,positive,blue,✲✲einfall✲✲✲,noun,positive,brown,0.4932,nonmatch,0.6997,0,0.6718,0.8075,94.0455750301573
37,894,38,24,5,valence_classification,color_matching,matching,match_left,MQQM,noun,positive,blue,✲✲✲gierig✲✲✲,adjective,negative,blue,0.4932,match,0.7363,0,0.6714,0.8071,93.99132212495766
37,895,39,24,5,valence_classification,color_matching,matching,match_left,MQQM,noun,positive,brown,✲✲ehrlich✲✲✲,adjective,positive,brown,0.4932,nonmatch,0.747,1,0.671,0.8067,93.93650032321707
37,896,40,24,5,valence_classification,color_matching,matching,match_left,WJJW,noun,negative,brown,✲✲✲✲gift✲✲✲✲,noun,negative,brown,0.4932,nonmatch,0.7345,1,0.6721,0.8078,94.0916325534354
37,897,41,24,5,valence_classification,color_matching,matching,match_left,ZYYZ,adjective,positive,brown,✲✲✲schön✲✲✲✲,adjective,positive,blue,0.4932,match,0.7898,1,0.6731,0.8089,94.2404043419711
37,898,42,24,5,valence_classification,color_matching,matching,match_left,XVVX,adjective,negative,brown,✲✲✲✲gift✲✲✲✲,noun,negative,brown,0.4932,nonmatch,0.7326,1,0.6743,0.81,94.39750314144284
37,899,43,24,5,valence_classification,color_matching,matching,match_left,MQQM,noun,positive,brown,✲✲✲✲spaß✲✲✲✲,noun,positive,brown,0.4932,match,0.8113,0,0.6754,0.8111,94.55361177228106
37,900,44,24,5,valence_classification,color_matching,matching,match_left,WJJW,noun,negative,blue,✲✲✲gierig✲✲✲,adjective,negative,brown,0.4932,nonmatch,0.6859,0,0.675,0.8107,94.50092487595947
37,901,45,24,5,valence_classification,color_matching,matching,match_left,WJJW,noun,negative,blue,✲✲schleim✲✲✲,noun,negative,blue,0.4932,nonmatch,0.7224,1,0.6746,0.8103,94.4488089383152
37,902,46,24,5,valence_classification,color_matching,matching,match_left,XVVX,adjective,negative,brown,✲✲✲✲spaß✲✲✲✲,noun,positive,blue,0.4932,nonmatch,0.771,0,0.6757,0.8115,94.60392985131914
37,903,47,24,5,valence_classification,color_matching,matching,match_left,ZYYZ,adjective,positive,brown,✲✲✲✲spaß✲✲✲✲,noun,positive,brown,0.4932,nonmatch,0.7079,1,0.6754,0.8111,94.55124361361875
37,904,48,24,5,valence_classification,color_matching,matching,match_left,WJJW,noun,negative,brown,✲✲einfall✲✲✲,noun,positive,brown,0.4932,nonmatch,0.6179,1,0.6766,0.8123,94.71880714531156
37,905,49,24,5,valence_classification,color_matching,matching,match_left,ZYYZ,adjective,positive,brown,✲✲ehrlich✲✲✲,adjective,positive,brown,0.4932,match,0.7429,0,0.6778,0.8135,94.89039915257622
37,906,50,24,5,valence_classification,color_matching,matching,match_left,ZYYZ,adjective,positive,brown,✲entführung✲,noun,negative,blue,0.4932,nonmatch,0.704,0,0.6774,0.8131,94.83245852803095
37,907,51,24,5,valence_classification,color_matching,matching,match_left,XVVX,adjective,negative,brown,✲✲✲leiche✲✲✲,noun,negative,blue,0.4932,nonmatch,0.7398,0,0.677,0.8127,94.77370285957457
37,908,52,24,5,valence_classification,color_matching,matching,match_left,MQQM,noun,positive,brown,✲✲✲gütig✲✲✲✲,adjective,positive,blue,0.4932,nonmatch,0.6532,0,0.6765,0.8122,94.71399716101105
37,909,53,24,5,valence_classification,color_matching,matching,match_left,ZYYZ,adjective,positive,blue,✲✲✲liebe✲✲✲✲,noun,positive,blue,0.4932,match,0.7514,0,0.6761,0.8118,94.65320308970728
37,910,54,24,5,valence_classification,color_matching,matching,match_left,XVVX,adjective,negative,blue,✲✲launisch✲✲,adjective,negative,blue,0.4932,match,0.7255,0,0.6757,0.8114,94.59797745583276
37,911,55,24,5,valence_classification,color_matching,matching,match_left,MQQM,noun,positive,blue,✲✲✲schön✲✲✲✲,adjective,positive,brown,0.4932,nonmatch,0.6124,0,0.6753,0.811,94.5466226360651
37,912,56,24,5,valence_classification,color_matching,matching,match_left,WJJW,noun,negative,brown,✲✲✲eitel✲✲✲✲,adjective,negative,brown,0.4932,match,0.7842,0,0.675,0.8107,94.49591780925495
37,913,57,24,5,valence_classification,color_matching,matching,match_left,XVVX,adjective,negative,brown,✲✲✲lustig✲✲✲,adjective,positive,blue,0.4932,nonmatch,0.797,0,0.6746,0.8103,94.44575221238162
37,914,58,24,5,valence_classification,color_matching,matching,match_left,ZYYZ,adjective,positive,blue,✲✲✲gütig✲✲✲✲,adjective,positive,brown,0.4932,nonmatch,0.8082,0,0.6743,0.81,94.39601790623958
37,915,59,24,5,valence_classification,color_matching,matching,match_left,WJJW,noun,negative,brown,✲✲schlecht✲✲,adjective,negative,blue,0.4932,nonmatch,0.7191,0,0.6739,0.8096,94.3466093032769
37,916,60,24,5,valence_classification,color_matching,matching,match_left,XVVX,adjective,negative,blue,✲✲✲gütig✲✲✲✲,adjective,positive,blue,0.4932,match,0.7262,0,0.6736,0.8093,94.29742271543101
37,917,61,24,5,valence_classification,color_matching,matching,match_left,MQQM,noun,positive,blue,✲✲✲lustig✲✲✲,adjective,positive,blue,0.4932,match,0.747,0,0.6732,0.8089,94.24835591885335
37,918,62,24,5,valence_classification,color_matching,matching,match_left,MQQM,noun,positive,brown,✲✲schlecht✲✲,adjective,negative,blue,0.4932,nonmatch,0.619,0,0.6729,0.8086,94.19930773261427
37,919,63,24,5,valence_classification,color_matching,matching,match_left,MQQM,noun,positive,brown,✲✲✲liebe✲✲✲✲,noun,positive,blue,0.4932,nonmatch,0.8293,0,0.6725,0.8082,94.15017760864518
37,920,64,24,5,valence_classification,color_matching,matching,match_left,ZYYZ,adjective,positive,blue,✲✲launisch✲✲,adjective,negative,brown,0.4932,match,0.6969,1,0.6722,0.8079,94.10119337515059
37,921,1,25,6,valence_classification,color_matching,matching,match_left,ZYYZ,adjective,positive,brown,✲✲✲gütig✲✲✲✲,adjective,positive,blue,0.4932,match,0.6826,1,0.6731,0.8088,94.23891283209826
37,922,2,25,6,valence_classification,color_matching,matching,match_left,ZYYZ,adjective,positive,blue,✲✲✲lustig✲✲✲,adjective,positive,blue,0.4932,match,0.7915,0,0.6742,0.8099,94.38455319756136
37,923,3,25,6,valence_classification,color_matching,matching,match_left,MQQM,noun,positive,blue,✲entführung✲,noun,negative,brown,0.4932,nonmatch,0.8255,0,0.6738,0.8095,94.33634487847543
37,924,4,25,6,valence_classification,color_matching,matching,match_left,WJJW,noun,negative,blue,✲✲✲glück✲✲✲✲,noun,positive,blue,0.4932,nonmatch,0.7326,1,0.6735,0.8092,94.28833226170981
37,925,5,25,6,valence_classification,color_matching,matching,match_left,XVVX,adjective,negative,brown,✲✲✲eitel✲✲✲✲,adjective,negative,blue,0.4932,nonmatch,0.7932,0,0.6745,0.8102,94.43219144124295
37,926,6,25,6,valence_classification,color_matching,matching,match_left,XVVX,adjective,negative,blue,✲✲✲lustig✲✲✲,adjective,positive,brown,0.4932,nonmatch,0.7183,0,0.6742,0.8099,94.38427203892991
37,927,7,25,6,valence_classification,color_matching,matching,match_left,XVVX,adjective,negative,blue,✲✲✲glück✲✲✲✲,noun,positive,brown,0.4932,nonmatch,0.6345,0,0.6738,0.8095,94.33664292350169
37,928,8,25,6,valence_classification,color_matching,matching,match_left,ZYYZ,adjective,positive,blue,✲✲✲schön✲✲✲✲,adjective,positive,brown,0.4965,nonmatch,0.7145,0,0.6735,0.8092,94.28920761864937
37,929,9,25,6,valence_classification,color_matching,matching,match_left,XVVX,adjective,negative,brown,✲✲✲schön✲✲✲✲,adjective,positive,blue,0.4932,nonmatch,0.5675,0,0.6732,0.8089,94.24187091273042
37,930,10,25,6,valence_classification,color_matching,matching,match_left,XVVX,adjective,negative,brown,✲✲ehrlich✲✲✲,adjective,positive,brown,0.4971,nonmatch,0.7652,1,0.6728,0.8085,94.194538480936
37,931,11,25,6,valence_classification,color_matching,matching,match_left,WJJW,noun,negative,blue,✲✲✲leiche✲✲✲,noun,negative,brown,0.4932,nonmatch,0.7976,0,0.6738,0.8095,94.33691790345918
37,932,12,25,6,valence_classification,color_matching,matching,match_left,ZYYZ,adjective,positive,brown,✲✲ehrlich✲✲✲,adjective,positive,brown,0.4932,match,0.7112,0,0.6735,0.8092,94.29004655072625
37,933,13,25,6,valence_classification,color_matching,matching,match_left,XVVX,adjective,negative,blue,✲✲✲gierig✲✲✲,adjective,negative,brown,0.4932,nonmatch,0.7694,0,0.6732,0.8089,94.24327407990373
37,934,14,25,6,valence_classification,color_matching,matching,match_left,MQQM,noun,positive,brown,✲✲launisch✲✲,adjective,negative,blue,0.4932,nonmatch,0.6905,0,0.6728,0.8085,94.19650831271854
37,935,15,25,6,valence_classification,color_matching,matching,match_left,WJJW,noun,negative,brown,✲✲✲gütig✲✲✲✲,adjective,positive,blue,0.4932,nonmatch,0.7112,0,0.6725,0.8082,94.14965758078014
37,936,16,25,6,valence_classification,color_matching,matching,match_left,ZYYZ,adjective,positive,blue,✲✲✲gierig✲✲✲,adjective,negative,blue,0.4932,match,0.6494,0,0.6722,0.8079,94.10294419134961
37,937,17,25,6,valence_classification,color_matching,matching,match_left,ZYYZ,adjective,positive,brown,✲✲einfall✲✲✲,noun,positive,brown,0.4932,match,0.7756,0,0.6718,0.8075,94.05594470388787
37,938,18,25,6,valence_classification,color_matching,matching,match_left,XVVX,adjective,negative,blue,✲✲schleim✲✲✲,noun,negative,blue,0.4932,match,0.8949,0,0.6715,0.8072,94.008568520701
37,939,19,25,6,valence_classification,color_matching,matching,match_left,WJJW,noun,negative,brown,✲✲✲schön✲✲✲✲,adjective,positive,brown,0.4932,nonmatch,0.6826,1,0.6711,0.8069,93.96072404290933
37,940,20,25,6,valence_classification,color_matching,matching,match_left,MQQM,noun,positive,blue,✲✲✲glück✲✲✲✲,noun,positive,brown,0.4932,nonmatch,0.7899,0,0.6721,0.8078,94.09597929749451
37,941,21,25,6,valence_classification,color_matching,matching,match_left,WJJW,noun,negative,blue,✲✲schlecht✲✲,adjective,negative,brown,0.4932,nonmatch,0.7274,0,0.6718,0.8075,94.04940799026413
37,942,22,25,6,valence_classification,color_matching,matching,match_left,WJJW,noun,negative,brown,✲✲✲liebe✲✲✲✲,noun,positive,brown,0.4932,match,0.6129,0,0.6714,0.8072,94.00245113732879
37,943,23,25,6,valence_classification,color_matching,matching,match_left,MQQM,noun,positive,blue,✲✲schlecht✲✲,adjective,negative,brown,0.4932,nonmatch,0.6641,0,0.6711,0.8068,93.95501875157876
37,944,24,25,6,valence_classification,color_matching,matching,match_left,ZYYZ,adjective,positive,blue,✲✲✲✲spaß✲✲✲✲,noun,positive,brown,0.4932,nonmatch,0.8896,0,0.6708,0.8065,93.90701949268114
37,945,25,25,6,valence_classification,color_matching,matching,match_left,WJJW,noun,negative,blue,✲entführung✲,noun,negative,blue,0.4932,match,0.6794,0,0.6704,0.8061,93.85836034043953
37,946,26,25,6,valence_classification,color_matching,matching,match_left,ZYYZ,adjective,positive,blue,✲✲✲leiche✲✲✲,noun,negative,blue,0.4932,match,0.719,0,0.6701,0.8058,93.80894626242427
37,947,27,25,6,valence_classification,color_matching,matching,match_left,XVVX,adjective,negative,blue,✲✲✲✲spaß✲✲✲✲,noun,positive,blue,0.4932,match,0.6856,0,0.6697,0.8054,93.75867987418395
37,948,28,25,6,valence_classification,color_matching,matching,match_left,XVVX,adjective,negative,blue,✲✲schlecht✲✲,adjective,negative,blue,0.4932,match,0.6541,0,0.6693,0.8051,93.70746109032665
37,949,29,25,6,valence_classification,color_matching,matching,match_left,XVVX,adjective,negative,blue,✲✲✲gütig✲✲✲✲,adjective,positive,blue,0.4932,match,0.7355,0,0.669,0.8047,93.66136140264217
37,950,30,25,6,valence_classification,color_matching,matching,match_left,MQQM,noun,positive,brown,✲✲✲gütig✲✲✲✲,adjective,positive,brown,0.4933,nonmatch,0.7435,1,0.6687,0.8044,93.61853138377197
37,951,31,25,6,valence_classification,color_matching,matching,match_left,XVVX,adjective,negative,brown,✲✲✲liebe✲✲✲✲,noun,positive,brown,0.4932,nonmatch,0.8694,1,0.6697,0.8054,93.75463825790796
37,952,32,25,6,valence_classification,color_matching,matching,match_left,WJJW,noun,negative,blue,✲✲✲lustig✲✲✲,adjective,positive,blue,0.4932,match,0.659,0,0.6707,0.8064,93.89666912837471
37,953,33,25,6,valence_classification,color_matching,matching,match_left,WJJW,noun,negative,brown,✲✲✲eitel✲✲✲✲,adjective,negative,blue,0.4932,nonmatch,0.7709,0,0.6703,0.8061,93.8487873164851
37,954,34,25,6,valence_classification,color_matching,matching,match_left,ZYYZ,adjective,positive,brown,✲entführung✲,noun,negative,blue,0.4932,nonmatch,0.6006,0,0.67,0.8057,93.80014608687695
37,955,35,25,6,valence_classification,color_matching,matching,match_left,WJJW,noun,negative,brown,✲✲einfall✲✲✲,noun,positive,blue,0.4932,nonmatch,0.7134,0,0.6696,0.8054,93.75065108184629
37,956,36,25,6,valence_classification,color_matching,matching,match_left,WJJW,noun,negative,brown,✲✲launisch✲✲,adjective,negative,brown,0.4932,match,0.7756,0,0.6693,0.805,93.70020527445513
37,957,37,25,6,valence_classification,color_matching,matching,match_left,MQQM,noun,positive,blue,✲✲✲lustig✲✲✲,adjective,positive,brown,0.4932,nonmatch,0.6106,0,0.669,0.8047,93.65614299691083
37,958,38,25,6,valence_classification,color_matching,matching,match_left,MQQM,noun,positive,brown,✲✲✲gierig✲✲✲,adjective,negative,brown,0.4932,match,0.7912,0,0.6687,0.8044,93.614213256903
37,959,39,25,6,valence_classification,color_matching,matching,match_left,XVVX,adjective,negative,brown,✲✲einfall✲✲✲,noun,positive,blue,0.4932,nonmatch,0.7054,0,0.6684,0.8041,93.57282117903098
37,960,40,25,6,valence_classification,color_matching,matching,match_left,MQQM,noun,positive,blue,✲✲✲eitel✲✲✲✲,adjective,negative,blue,0.4932,match,0.6844,0,0.6681,0.8038,93.53189138433268
37,961,41,25,6,valence_classification,color_matching,matching,match_left,ZYYZ,adjective,positive,brown,✲✲✲✲gift✲✲✲✲,noun,negative,brown,0.4961,nonmatch,0.7612,1,0.6678,0.8035,93.49135036754758
37,962,42,25,6,valence_classification,color_matching,matching,match_left,WJJW,noun,negative,blue,✲✲ehrlich✲✲✲,adjective,positive,brown,0.4932,nonmatch,0.7183,0,0.6687,0.8044,93.61210138722545
37,963,43,25,6,valence_classification,color_matching,matching,match_left,ZYYZ,adjective,positive,blue,✲✲schlecht✲✲,adjective,negative,brown,0.4932,nonmatch,0.7899,0,0.6684,0.8041,93.57113717536333
37,964,44,25,6,valence_classification,color_matching,matching,match_left,WJJW,noun,negative,brown,✲✲schleim✲✲✲,noun,negative,brown,0.4932,match,0.6475,0,0.6681,0.8038,93.53062793360216
37,965,45,25,6,valence_classification,color_matching,matching,match_left,WJJW,noun,negative,blue,✲✲✲✲spaß✲✲✲✲,noun,positive,brown,0.4932,nonmatch,0.7349,0,0.6678,0.8035,93.49050161147122
37,966,46,25,6,valence_classification,color_matching,matching,match_left,ZYYZ,adjective,positive,blue,✲✲schleim✲✲✲,noun,negative,brown,0.4932,nonmatch,0.6438,0,0.6675,0.8032,93.45068772475801
37,967,47,25,6,valence_classification,color_matching,matching,match_left,MQQM,noun,positive,brown,✲✲✲leiche✲✲✲,noun,negative,brown,0.4932,match,0.7541,0,0.6672,0.8029,93.41111710768675
37,968,48,25,6,valence_classification,color_matching,matching,match_left,XVVX,adjective,negative,brown,✲✲✲✲gift✲✲✲✲,noun,negative,blue,0.4932,nonmatch,0.713,0,0.6669,0.8027,93.37172167394321
37,969,49,25,6,valence_classification,color_matching,matching,match_left,MQQM,noun,positive,blue,✲✲ehrlich✲✲✲,adjective,positive,blue,0.4932,match,0.5838,0,0.6667,0.8024,93.33243418523861
37,970,50,25,6,valence_classification,color_matching,matching,match_left,WJJW,noun,negative,brown,✲✲✲✲gift✲✲✲✲,noun,negative,blue,0.4932,nonmatch,0.6723,0,0.6664,0.8021,93.29318802616976
37,971,51,25,6,valence_classification,color_matching,matching,match_left,ZYYZ,adjective,positive,brown,✲✲✲eitel✲✲✲✲,adjective,negative,brown,0.4932,nonmatch,0.6342,1,0.6661,0.8018,93.2539169841969
37,972,52,25,6,valence_classification,color_matching,matching,match_left,XVVX,adjective,negative,brown,✲✲✲leiche✲✲✲,noun,negative,brown,0.4932,nonmatch,0.7121,1,0.6669,0.8027,93.37207783455132
37,973,53,25,6,valence_classification,color_matching,matching,match_left,ZYYZ,adjective,positive,brown,✲✲✲glück✲✲✲✲,noun,positive,blue,0.4932,nonmatch,0.7183,0,0.6678,0.8035,93.48882161290646
37,974,54,25,6,valence_classification,color_matching,matching,match_left,MQQM,noun,positive,brown,✲✲✲✲spaß✲✲✲✲,noun,positive,blue,0.496,nonmatch,0.6176,0,0.6675,0.8032,93.44980451178303
37,975,55,25,6,valence_classification,color_matching,matching,match_left,MQQM,noun,positive,blue,✲✲einfall✲✲✲,noun,positive,blue,0.4932,match,0.6391,0,0.6672,0.8029,93.41102471610297
37,976,56,25,6,valence_classification,color_matching,matching,match_left,WJJW,noun,negative,blue,✲✲✲gierig✲✲✲,adjective,negative,blue,0.4932,match,0.8723,0,0.6669,0.8027,93.37241672909539
37,977,57,25,6,valence_classification,color_matching,matching,match_left,MQQM,noun,positive,brown,✲✲✲schön✲✲✲✲,adjective,positive,blue,0.4932,match,0.6606,1,0.6667,0.8024,93.33391586424159
37,978,58,25,6,valence_classification,color_matching,matching,match_left,XVVX,adjective,negative,blue,✲entführung✲,noun,negative,brown,0.4932,nonmatch,0.5341,0,0.6675,0.8032,93.44936031335823
37,979,59,25,6,valence_classification,color_matching,matching,match_left,ZYYZ,adjective,positive,brown,✲✲launisch✲✲,adjective,negative,blue,0.4932,nonmatch,1.4098,0,0.6672,0.8029,93.41096460604278
37,980,60,25,6,valence_classification,color_matching,matching,match_left,MQQM,noun,positive,brown,✲✲✲✲gift✲✲✲✲,noun,negative,blue,0.4932,nonmatch,0.6557,0,0.6669,0.8027,93.37273904620899
37,981,61,25,6,valence_classification,color_matching,matching,match_left,MQQM,noun,positive,brown,✲✲✲liebe✲✲✲✲,noun,positive,brown,0.4932,nonmatch,0.7279,1,0.6667,0.8024,93.33462016903827
37,982,62,25,6,valence_classification,color_matching,matching,match_left,ZYYZ,adjective,positive,blue,✲✲✲liebe✲✲✲✲,noun,positive,blue,0.4932,nonmatch,0.7326,1,0.6675,0.8032,93.44891469998103
37,983,63,25,6,valence_classification,color_matching,matching,match_left,MQQM,noun,positive,blue,✲✲schleim✲✲✲,noun,negative,blue,0.4966,match,1.8636,0,0.6683,0.804,93.56304029878135
37,984,64,25,6,valence_classification,color_matching,matching,match_left,XVVX,adjective,negative,brown,✲✲launisch✲✲,adjective,negative,brown,0.4932,nonmatch,0.5104,1,0.668,0.8037,93.52451522785421
37,985,1,26,7,valence_classification,color_matching,matching,match_left,ZYYZ,adjective,positive,blue,✲✲launisch✲✲,adjective,negative,blue,0.4932,match,0.6332,0,0.6689,0.8046,93.63909315770134
37,986,2,26,7,valence_classification,color_matching,matching,match_left,MQQM,noun,positive,brown,✲✲schlecht✲✲,adjective,negative,brown,0.4932,nonmatch,0.6391,1,0.6686,0.8043,93.60004769135298
37,987,3,26,7,valence_classification,color_matching,matching,match_left,MQQM,noun,positive,blue,✲✲✲lustig✲✲✲,adjective,positive,blue,0.4932,nonmatch,0.7399,1,0.6694,0.8051,93.72054615797518
37,988,4,26,7,valence_classification,color_matching,matching,match_left,ZYYZ,adjective,positive,brown,✲✲✲✲spaß✲✲✲✲,noun,positive,brown,0.4932,nonmatch,0.7199,1,0.6704,0.8061,93.85374145848326
37,989,5,26,7,valence_classification,color_matching,matching,match_left,MQQM,noun,positive,blue,✲✲✲✲gift✲✲✲✲,noun,negative,blue,0.4932,match,0.6255,0,0.6713,0.807,93.97886736986419
37,990,6,26,7,valence_classification,color_matching,matching,match_left,XVVX,adjective,negative,brown,✲✲launisch✲✲,adjective,negative,brown,0.4932,nonmatch,0.7755,1,0.671,0.8067,93.93624559886291
37,991,7,26,7,valence_classification,color_matching,matching,match_left,WJJW,noun,negative,brown,✲✲✲gütig✲✲✲✲,adjective,positive,blue,0.4932,nonmatch,0.8644,0,0.6718,0.8075,94.05684002864852
37,992,8,26,7,valence_classification,color_matching,matching,match_left,XVVX,adjective,negative,blue,✲✲ehrlich✲✲✲,adjective,positive,blue,0.4932,match,0.6006,0,0.6715,0.8073,94.0154028415903
37,993,9,26,7,valence_classification,color_matching,matching,match_left,XVVX,adjective,negative,brown,✲✲✲glück✲✲✲✲,noun,positive,blue,0.4932,nonmatch,0.6897,0,0.6712,0.807,93.9735648646032
37,994,10,26,7,valence_classification,color_matching,matching,match_left,MQQM,noun,positive,brown,✲✲✲glück✲✲✲✲,noun,positive,blue,0.4933,nonmatch,0.7288,0,0.6709,0.8067,93.93125426074769
37,995,11,26,7,valence_classification,color_matching,matching,match_left,WJJW,noun,negative,blue,✲✲launisch✲✲,adjective,negative,blue,0.4932,match,0.7365,0,0.6706,0.8063,93.88839793044279
37,996,12,26,7,valence_classification,color_matching,matching,match_left,ZYYZ,adjective,positive,blue,✲✲einfall✲✲✲,noun,positive,brown,0.4932,nonmatch,0.6616,0,0.6703,0.806,93.84492127904943
37,997,13,26,7,valence_classification,color_matching,matching,match_left,MQQM,noun,positive,blue,✲✲✲liebe✲✲✲✲,noun,positive,blue,0.4932,nonmatch,0.7837,1,0.67,0.8057,93.8007479794249
37,998,14,26,7,valence_classification,color_matching,matching,match_left,MQQM,noun,positive,brown,✲✲✲gütig✲✲✲✲,adjective,positive,blue,0.4932,nonmatch,0.5981,0,0.6709,0.8066,93.92633384369988
37,999,15,26,7,valence_classification,color_matching,matching,match_left,MQQM,noun,positive,brown,✲✲✲✲spaß✲✲✲✲,noun,positive,brown,0.4932,match,0.8885,0,0.6706,0.8063,93.88377808706875
37,1000,16,26,7,valence_classification,color_matching,matching,match_left,MQQM,noun,positive,blue,✲entführung✲,noun,negative,brown,0.4932,nonmatch,0.8688,0,0.6703,0.806,93.84059911181812
37,1001,17,26,7,valence_classification,color_matching,matching,match_left,WJJW,noun,negative,blue,✲✲✲✲gift✲✲✲✲,noun,negative,blue,0.4932,match,0.6043,0,0.67,0.8057,93.79672163298032
37,1002,18,26,7,valence_classification,color_matching,matching,match_left,MQQM,noun,positive,brown,✲✲✲gierig✲✲✲,adjective,negative,blue,0.4932,nonmatch,0.7973,0,0.6697,0.8054,93.75206839578942
37,1003,19,26,7,valence_classification,color_matching,matching,match_left,WJJW,noun,negative,brown,✲✲✲glück✲✲✲✲,noun,positive,brown,0.4932,match,0.7866,0,0.6693,0.805,93.70655993021663
37,1004,20,26,7,valence_classification,color_matching,matching,match_left,ZYYZ,adjective,positive,brown,✲✲✲✲gift✲✲✲✲,noun,negative,brown,0.4932,match,0.814,0,0.669,0.8048,93.6656650453136
37,1005,21,26,7,valence_classification,color_matching,matching,match_left,WJJW,noun,negative,blue,✲✲✲lustig✲✲✲,adjective,positive,brown,0.4932,nonmatch,0.7405,0,0.6688,0.8045,93.62795099665462
37,1006,22,26,7,valence_classification,color_matching,matching,match_left,MQQM,noun,positive,blue,✲✲einfall✲✲✲,noun,positive,brown,0.4932,nonmatch,0.7118,0,0.6685,0.8042,93.59074354620984
37,1007,23,26,7,valence_classification,color_matching,matching,match_left,ZYYZ,adjective,positive,brown,✲✲✲gierig✲✲✲,adjective,negative,brown,0.4932,match,0.5541,0,0.6682,0.804,93.5539812049957
37,1008,24,26,7,valence_classification,color_matching,matching,match_left,XVVX,adjective,negative,blue,✲✲✲eitel✲✲✲✲,adjective,negative,blue,0.4932,match,0.664,0,0.668,0.8037,93.51760406121501
37,1009,25,26,7,valence_classification,color_matching,matching,match_left,WJJW,noun,negative,brown,✲✲✲gierig✲✲✲,adjective,negative,brown,0.4981,nonmatch,0.6531,1,0.6677,0.8034,93.48155358388966
37,1010,26,26,7,valence_classification,color_matching,matching,match_left,WJJW,noun,negative,blue,✲✲✲leiche✲✲✲,noun,negative,brown,0.4932,nonmatch,0.7184,0,0.6685,0.8042,93.58895675566266
37,1011,27,26,7,valence_classification,color_matching,matching,match_left,XVVX,adjective,negative,blue,✲✲✲gierig✲✲✲,adjective,negative,brown,0.4932,nonmatch,0.6647,0,0.6682,0.8039,93.55253579434864
37,1012,28,26,7,valence_classification,color_matching,matching,match_left,ZYYZ,adjective,positive,brown,✲✲✲gütig✲✲✲✲,adjective,positive,blue,0.4932,nonmatch,0.7851,0,0.668,0.8037,93.51649453188145
37,1013,29,26,7,valence_classification,color_matching,matching,match_left,XVVX,adjective,negative,brown,✲✲schlecht✲✲,adjective,negative,blue,0.4932,nonmatch,0.707,0,0.6677,0.8034,93.48077547438633
37,1014,30,26,7,valence_classification,color_matching,matching,match_left,ZYYZ,adjective,positive,blue,✲✲✲eitel✲✲✲✲,adjective,negative,brown,0.4932,nonmatch,0.6969,0,0.6675,0.8032,93.4453222926323
37,1015,31,26,7,valence_classification,color_matching,matching,match_left,XVVX,adjective,negative,blue,✲✲✲liebe✲✲✲✲,noun,positive,brown,0.4932,nonmatch,0.7215,0,0.6672,0.8029,93.41007964539467
37,1016,32,26,7,valence_classification,color_matching,matching,match_left,WJJW,noun,negative,brown,✲✲✲✲spaß✲✲✲✲,noun,positive,blue,0.4932,nonmatch,0.6683,0,0.667,0.8027,93.37499300868707
37,1017,33,26,7,valence_classification,color_matching,matching,match_left,MQQM,noun,positive,brown,✲✲ehrlich✲✲✲,adjective,positive,brown,0.4932,match,0.5247,0,0.6667,0.8024,93.34000851002865
37,1018,34,26,7,valence_classification,color_matching,matching,match_left,WJJW,noun,negative,brown,✲✲schleim✲✲✲,noun,negative,brown,0.4932,match,0.7333,0,0.6665,0.8022,93.30507276695303
37,1019,35,26,7,valence_classification,color_matching,matching,match_left,XVVX,adjective,negative,brown,✲✲✲lustig✲✲✲,adjective,positive,blue,0.4932,nonmatch,0.6275,0,0.6662,0.8019,93.27013272900273
37,1020,36,26,7,valence_classification,color_matching,matching,match_left,XVVX,adjective,negative,blue,✲✲✲schön✲✲✲✲,adjective,positive,brown,0.4932,nonmatch,0.7911,0,0.666,0.8017,93.23513552248313
37,1021,37,26,7,valence_classification,color_matching,matching,match_left,MQQM,noun,positive,blue,✲✲✲eitel✲✲✲✲,adjective,negative,brown,0.4932,nonmatch,0.7062,0,0.6657,0.8014,93.20002829727537
37,1022,38,26,7,valence_classification,color_matching,matching,match_left,WJJW,noun,negative,brown,✲✲ehrlich✲✲✲,adjective,positive,brown,0.4932,match,0.6256,0,0.6655,0.8012,93.16499425704643
37,1023,39,26,7,valence_classification,color_matching,matching,match_left,WJJW,noun,negative,blue,✲✲einfall✲✲✲,noun,positive,brown,0.4932,nonmatch,0.6868,0,0.6652,0.8009,93.12973444459215
37,1024,40,26,7,valence_classification,color_matching,matching,match_left,ZYYZ,adjective,positive,blue,✲✲✲leiche✲✲✲,noun,negative,brown,0.4932,nonmatch,0.6683,0,0.665,0.8007,93.09419611149082
37,1025,41,26,7,valence_classification,color_matching,matching,match_left,MQQM,noun,positive,brown,✲✲schleim✲✲✲,noun,negative,brown,0.4932,match,0.6606,0,0.6647,0.8004,93.05832587203967
37,1026,42,26,7,valence_classification,color_matching,matching,match_left,MQQM,noun,positive,brown,✲✲✲leiche✲✲✲,noun,negative,blue,0.4932,nonmatch,0.7262,0,0.6644,0.8002,93.02206955449748
37,1027,43,26,7,valence_classification,color_matching,matching,match_left,XVVX,adjective,negative,blue,✲✲✲leiche✲✲✲,noun,negative,brown,0.522,match,0.7571,1,0.6642,0.7999,92.98537205013487
37,1028,44,26,7,valence_classification,color_matching,matching,match_left,XVVX,adjective,negative,brown,✲✲schleim✲✲✲,noun,negative,blue,0.4932,nonmatch,0.7322,0,0.6649,0.8006,93.08927934055629
37,1029,45,26,7,valence_classification,color_matching,matching,match_left,WJJW,noun,negative,blue,✲✲schlecht✲✲,adjective,negative,brown,0.4932,match,0.6724,1,0.6647,0.8004,93.05363565391065
37,1030,46,26,7,valence_classification,color_matching,matching,match_left,ZYYZ,adjective,positive,brown,✲✲schlecht✲✲,adjective,negative,blue,0.5019,nonmatch,0.6257,0,0.6654,0.8011,93.15429725572034
37,1031,47,26,7,valence_classification,color_matching,matching,match_left,MQQM,noun,positive,blue,✲✲launisch✲✲,adjective,negative,blue,0.4932,match,0.7277,0,0.6651,0.8009,93.11950651096386
37,1032,48,26,7,valence_classification,color_matching,matching,match_left,XVVX,adjective,negative,brown,✲✲✲✲gift✲✲✲✲,noun,negative,brown,0.4962,nonmatch,0.677,1,0.6649,0.8006,93.08442636516101
37,1033,49,26,7,valence_classification,color_matching,matching,match_left,XVVX,adjective,negative,brown,✲✲✲✲spaß✲✲✲✲,noun,positive,brown,0.4932,nonmatch,0.6898,1,0.6656,0.8013,93.18337609763744
37,1034,50,26,7,valence_classification,color_matching,matching,match_left,ZYYZ,adjective,positive,blue,✲✲ehrlich✲✲✲,adjective,positive,brown,0.4932,nonmatch,0.721,0,0.6663,0.802,93.27924454592724
37,1035,51,26,7,valence_classification,color_matching,matching,match_left,WJJW,noun,negative,blue,✲✲✲liebe✲✲✲✲,noun,positive,blue,0.4932,match,0.6986,0,0.666,0.8018,93.24536607610324
37,1036,52,26,7,valence_classification,color_matching,matching,match_left,XVVX,adjective,negative,blue,✲entführung✲,noun,negative,blue,0.4932,match,0.5962,0,0.6658,0.8015,93.2113958699687
37,1037,53,26,7,valence_classification,color_matching,matching,match_left,ZYYZ,adjective,positive,brown,✲entführung✲,noun,negative,blue,0.4932,match,0.8088,1,0.6656,0.8013,93.17751488299164
37,1038,54,26,7,valence_classification,color_matching,matching,match_left,MQQM,noun,positive,blue,✲✲✲schön✲✲✲✲,adjective,positive,brown,0.4932,nonmatch,0.5,0,0.6662,0.8019,93.27271887537809
37,1039,55,26,7,valence_classification,color_matching,matching,match_left,ZYYZ,adjective,positive,brown,✲✲✲glück✲✲✲✲,noun,positive,blue,0.4932,match,0.8667,1,0.666,0.8017,93.23909849209039
37,1040,56,26,7,valence_classification,color_matching,matching,match_left,ZYYZ,adjective,positive,blue,✲✲✲lustig✲✲✲,adjective,positive,blue,0.4932,match,0.5247,0,0.6667,0.8024,93.34031216968995
37,1041,57,26,7,valence_classification,color_matching,matching,match_left,XVVX,adjective,negative,blue,✲✲einfall✲✲✲,noun,positive,blue,0.4932,match,0.5648,0,0.6665,0.8022,93.30703996168349
37,1042,58,26,7,valence_classification,color_matching,matching,match_left,WJJW,noun,negative,brown,✲entführung✲,noun,negative,blue,0.4932,match,0.7358,1,0.6662,0.802,93.27376667038014
37,1043,59,26,7,valence_classification,color_matching,matching,match_left,ZYYZ,adjective,positive,brown,✲✲✲schön✲✲✲✲,adjective,positive,brown,0.4932,match,1.5143,0,0.667,0.8027,93.37378485802769
37,1044,60,26,7,valence_classification,color_matching,matching,match_left,XVVX,adjective,negative,brown,✲✲✲gütig✲✲✲✲,adjective,positive,brown,0.498,match,0.7275,0,0.6667,0.8024,93.34075494755716
37,1045,61,26,7,valence_classification,color_matching,matching,match_left,ZYYZ,adjective,positive,blue,✲✲✲liebe✲✲✲✲,noun,positive,blue,0.4932,match,1.6158,0,0.6665,0.8022,93.30777257554887
37,1046,62,26,7,valence_classification,color_matching,matching,match_left,ZYYZ,adjective,positive,blue,✲✲schleim✲✲✲,noun,negative,blue,0.4932,match,0.6465,0,0.6662,0.802,93.27479019456558
37,1047,63,26,7,valence_classification,color_matching,matching,match_left,WJJW,noun,negative,blue,✲✲✲schön✲✲✲✲,adjective,positive,blue,0.4932,match,0.7262,0,0.666,0.8017,93.24176041666472
37,1048,64,26,7,valence_classification,color_matching,matching,match_left,WJJW,noun,negative,brown,✲✲✲eitel✲✲✲✲,adjective,negative,blue,0.4932,nonmatch,0.7861,0,0.6658,0.8015,93.2086358833316
37,1049,1,27,8,valence_classification,color_matching,matching,match_left,WJJW,noun,negative,blue,✲✲schleim✲✲✲,noun,negative,blue,0.4932,match,0.5963,0,0.6655,0.8013,93.17559400650755
37,1050,2,27,8,valence_classification,color_matching,matching,match_left,ZYYZ,adjective,positive,blue,✲✲einfall✲✲✲,noun,positive,blue,0.4932,match,0.6826,0,0.6653,0.801,93.14235367603337
37,1051,3,27,8,valence_classification,color_matching,matching,match_left,ZYYZ,adjective,positive,brown,✲✲✲✲gift✲✲✲✲,noun,negative,blue,0.4932,nonmatch,0.6618,0,0.6651,0.8008,93.10886770770652
37,1052,4,27,8,valence_classification,color_matching,matching,match_left,XVVX,adjective,negative,brown,✲✲✲schön✲✲✲✲,adjective,positive,blue,0.4937,nonmatch,0.7113,0,0.6648,0.8005,93.07508838567152
37,1053,5,27,8,valence_classification,color_matching,matching,match_left,MQQM,noun,positive,blue,✲✲✲✲spaß✲✲✲✲,noun,positive,brown,0.4932,nonmatch,0.6462,0,0.6646,0.8003,93.04096733638744
37,1054,6,27,8,valence_classification,color_matching,matching,match_left,XVVX,adjective,negative,brown,✲✲✲gierig✲✲✲,adjective,negative,brown,0.4932,match,0.7041,0,0.6643,0.8,93.00645540086688
37,1055,7,27,8,valence_classification,color_matching,matching,match_left,XVVX,adjective,negative,blue,✲✲✲liebe✲✲✲✲,noun,positive,brown,0.4932,match,0.8039,1,0.6641,0.7998,92.97150250469903
37,1056,8,27,8,valence_classification,color_matching,matching,match_left,XVVX,adjective,negative,blue,✲✲schleim✲✲✲,noun,negative,blue,0.4932,match,0.6898,0,0.6648,0.8005,93.07051773595809
37,1057,9,27,8,valence_classification,color_matching,matching,match_left,WJJW,noun,negative,blue,✲✲✲glück✲✲✲✲,noun,positive,blue,0.4932,match,0.6691,0,0.6645,0.8003,93.03659464904098
37,1058,10,27,8,valence_classification,color_matching,matching,match_left,WJJW,noun,negative,blue,✲✲✲gütig✲✲✲✲,adjective,positive,brown,0.4932,nonmatch,0.6391,0,0.6643,0.8,93.00227713906291
37,1059,11,27,8,valence_classification,color_matching,matching,match_left,XVVX,adjective,negative,brown,✲✲launisch✲✲,adjective,negative,blue,0.4932,nonmatch,0.7098,0,0.6641,0.7998,92.96751568989714
37,1060,12,27,8,valence_classification,color_matching,matching,match_left,WJJW,noun,negative,brown,✲✲✲lustig✲✲✲,adjective,positive,blue,0.4932,nonmatch,0.6969,0,0.6638,0.7995,92.9322597349905
37,1061,13,27,8,valence_classification,color_matching,matching,match_left,MQQM,noun,positive,brown,✲✲launisch✲✲,adjective,negative,brown,0.4932,match,0.6534,0,0.6635,0.7993,92.89645752379985
37,1062,14,27,8,valence_classification,color_matching,matching,match_left,XVVX,adjective,negative,brown,✲✲✲✲gift✲✲✲✲,noun,negative,brown,0.4932,match,0.7612,0,0.6633,0.799,92.86005598452171
37,1063,15,27,8,valence_classification,color_matching,matching,match_left,MQQM,noun,positive,brown,✲entführung✲,noun,negative,brown,0.4932,nonmatch,0.7541,1,0.663,0.7987,92.82300058260336
37,1064,16,27,8,valence_classification,color_matching,matching,match_left,XVVX,adjective,negative,blue,✲✲✲lustig✲✲✲,adjective,positive,brown,0.4932,nonmatch,0.7684,0,0.6638,0.7995,92.92850303502476
37,1065,17,27,8,valence_classification,color_matching,matching,match_left,MQQM,noun,positive,blue,✲✲schlecht✲✲,adjective,negative,blue,0.4932,match,0.4746,0,0.6635,0.7992,92.89288460501204
37,1066,18,27,8,valence_classification,color_matching,matching,match_left,ZYYZ,adjective,positive,blue,✲entführung✲,noun,negative,blue,0.4934,match,0.5862,0,0.6633,0.799,92.8566655955426
37,1067,19,27,8,valence_classification,color_matching,matching,match_left,ZYYZ,adjective,positive,blue,✲✲✲gütig✲✲✲✲,adjective,positive,brown,0.4932,nonmatch,0.7046,0,0.663,0.7987,92.81979202265894
37,1068,20,27,8,valence_classification,color_matching,matching,match_left,ZYYZ,adjective,positive,brown,✲✲✲eitel✲✲✲✲,adjective,negative,brown,0.4932,nonmatch,0.5469,1,0.6627,0.7984,92.78220830058225
37,1069,21,27,8,valence_classification,color_matching,matching,match_left,XVVX,adjective,negative,blue,✲✲ehrlich✲✲✲,adjective,positive,blue,0.4932,nonmatch,0.6898,1,0.6635,0.7992,92.88934857867315
37,1070,22,27,8,valence_classification,color_matching,matching,match_left,MQQM,noun,positive,blue,✲✲✲gierig✲✲✲,adjective,negative,brown,0.4932,nonmatch,0.7631,0,0.6642,0.7999,92.99002650702579
37,1071,23,27,8,valence_classification,color_matching,matching,match_left,ZYYZ,adjective,positive,brown,✲✲✲lustig✲✲✲,adjective,positive,blue,0.4932,nonmatch,0.7112,0,0.664,0.7997,92.95581856469474
37,1072,24,27,8,valence_classification,color_matching,matching,match_left,WJJW,noun,negative,brown,✲✲schlecht✲✲,adjective,negative,brown,0.4932,match,0.6619,0,0.6637,0.7994,92.9211093302035
37,1073,25,27,8,valence_classification,color_matching,matching,match_left,XVVX,adjective,negative,brown,✲entführung✲,noun,negative,blue,0.4932,nonmatch,0.6247,0,0.6635,0.7992,92.8858486461125
37,1074,26,27,8,valence_classification,color_matching,matching,match_left,WJJW,noun,negative,brown,✲✲✲✲gift✲✲✲✲,noun,negative,brown,0.4932,match,0.7718,0,0.6632,0.7989,92.84998504175464
37,1075,27,27,8,valence_classification,color_matching,matching,match_left,MQQM,noun,positive,blue,✲✲✲lustig✲✲✲,adjective,positive,blue,0.4932,match,0.8649,0,0.663,0.7987,92.81346559845313
37,1076,28,27,8,valence_classification,color_matching,matching,match_left,WJJW,noun,negative,blue,✲✲✲leiche✲✲✲,noun,negative,brown,0.4932,nonmatch,0.7905,0,0.6627,0.7984,92.77623581010653
37,1077,29,27,8,valence_classification,color_matching,matching,match_left,WJJW,noun,negative,blue,✲✲✲eitel✲✲✲✲,adjective,negative,blue,0.4932,match,0.7771,0,0.6624,0.7982,92.7421132859794
37,1078,30,27,8,valence_classification,color_matching,matching,match_left,ZYYZ,adjective,positive,blue,✲✲✲gierig✲✲✲,adjective,negative,blue,0.4932,match,0.7407,0,0.6622,0.7979,92.71156556273854
37,1079,31,27,8,valence_classification,color_matching,matching,match_left,ZYYZ,adjective,positive,blue,✲✲✲leiche✲✲✲,noun,negative,brown,0.4932,nonmatch,0.6755,0,0.662,0.7977,92.68144671235459
37,1080,32,27,8,valence_classification,color_matching,matching,match_left,ZYYZ,adjective,positive,blue,✲✲✲✲spaß✲✲✲✲,noun,positive,brown,0.4932,match,0.7849,1,0.6618,0.7975,92.65171541262475
37,1081,33,27,8,valence_classification,color_matching,matching,match_left,WJJW,noun,negative,brown,✲✲einfall✲✲✲,noun,positive,brown,0.4932,match,0.632,0,0.6624,0.7981,92.73990489160218
37,1082,34,27,8,valence_classification,color_matching,matching,match_left,MQQM,noun,positive,blue,✲✲✲schön✲✲✲✲,adjective,positive,brown,0.4932,nonmatch,0.7136,0,0.6622,0.7979,92.70959593012523
37,1083,35,27,8,valence_classification,color_matching,matching,match_left,MQQM,noun,positive,brown,✲✲✲glück✲✲✲✲,noun,positive,brown,0.4932,match,0.7398,0,0.662,0.7977,92.67971042073815
37,1084,36,27,8,valence_classification,color_matching,matching,match_left,WJJW,noun,negative,blue,✲✲✲schön✲✲✲✲,adjective,positive,blue,0.4932,match,0.7275,0,0.6618,0.7975,92.65020765241043
37,1085,37,27,8,valence_classification,color_matching,matching,match_left,MQQM,noun,positive,brown,✲✲schleim✲✲✲,noun,negative,blue,0.4932,nonmatch,0.6683,0,0.6616,0.7973,92.62104796044268
37,1086,38,27,8,valence_classification,color_matching,matching,match_left,WJJW,noun,negative,brown,✲entführung✲,noun,negative,blue,0.4932,nonmatch,0.6559,0,0.6614,0.7971,92.59219262049307
37,1087,39,27,8,valence_classification,color_matching,matching,match_left,MQQM,noun,positive,blue,✲✲✲leiche✲✲✲,noun,negative,brown,0.4932,nonmatch,0.7255,0,0.6612,0.7969,92.56360374676375
37,1088,40,27,8,valence_classification,color_matching,matching,match_left,ZYYZ,adjective,positive,brown,✲✲ehrlich✲✲✲,adjective,positive,brown,0.4932,match,0.6698,0,0.661,0.7967,92.53524419392126
37,1089,41,27,8,valence_classification,color_matching,matching,match_left,XVVX,adjective,negative,blue,✲✲✲✲spaß✲✲✲✲,noun,positive,blue,0.4932,nonmatch,1.0017,1,0.6608,0.7965,92.50707746234777
37,1090,42,27,8,valence_classification,color_matching,matching,match_left,XVVX,adjective,negative,blue,✲✲schlecht✲✲,adjective,negative,brown,0.4932,nonmatch,0.6621,0,0.6614,0.7971,92.59114033143875
37,1091,43,27,8,valence_classification,color_matching,matching,match_left,MQQM,noun,positive,blue,✲✲✲✲gift✲✲✲✲,noun,negative,blue,0.4932,match,0.6079,0,0.6612,0.7969,92.56276594300029
37,1091,43,27,8,valence_classification,color_matching,matching,match_left,MQQM,noun,positive,blue,✲✲✲✲gift✲✲✲✲,noun,negative,blue,0.4932,match,0.7252,0,0.6612,0.7969,92.56276594300029
37,1092,44,27,8,valence_classification,color_matching,matching,match_left,XVVX,adjective,negative,brown,✲✲✲glück✲✲✲✲,noun,positive,brown,0.496,match,0.9876,0,0.661,0.7967,92.5346183651961
37,1093,45,27,8,valence_classification,color_matching,matching,match_left,WJJW,noun,negative,brown,✲✲✲liebe✲✲✲✲,noun,positive,blue,0.4932,nonmatch,0.6426,0,0.6608,0.7965,92.50666161491766
37,1094,46,27,8,valence_classification,color_matching,matching,match_left,ZYYZ,adjective,positive,brown,✲✲launisch✲✲,adjective,negative,blue,0.4932,nonmatch,0.6968,0,0.6606,0.7963,92.47886025291224
37,1095,47,27,8,valence_classification,color_matching,matching,match_left,WJJW,noun,negative,brown,✲✲launisch✲✲,adjective,negative,blue,0.4932,nonmatch,0.717,0,0.6604,0.7961,92.45117929645303
37,1096,48,27,8,valence_classification,color_matching,matching,match_left,ZYYZ,adjective,positive,brown,✲✲schleim✲✲✲,noun,negative,brown,0.4932,match,0.6826,0,0.6602,0.7959,92.42358413418741
37,1097,49,27,8,valence_classification,color_matching,matching,match_left,MQQM,noun,positive,blue,✲✲einfall✲✲✲,noun,positive,blue,0.4932,match,0.6391,0,0.66,0.7957,92.3960404428415
37,1098,50,27,8,valence_classification,color_matching,matching,match_left,XVVX,adjective,negative,brown,✲✲einfall✲✲✲,noun,positive,blue,0.4932,nonmatch,0.7041,0,0.6598,0.7955,92.36851410546737
37,1099,51,27,8,valence_classification,color_matching,matching,match_left,XVVX,adjective,negative,blue,✲✲✲leiche✲✲✲,noun,negative,brown,0.4932,nonmatch,0.7541,0,0.6596,0.7953,92.34097113093341
37,1100,52,27,8,valence_classification,color_matching,matching,match_left,ZYYZ,adjective,positive,blue,✲✲✲schön✲✲✲✲,adjective,positive,blue,0.4932,match,0.707,0,0.6594,0.7951,92.31337757436604
37,1101,53,27,8,valence_classification,color_matching,matching,match_left,ZYYZ,adjective,positive,brown,✲✲✲glück✲✲✲✲,noun,positive,brown,0.4932,nonmatch,0.6546,1,0.6592,0.7949,92.28569945825737
37,1102,54,27,8,valence_classification,color_matching,matching,match_left,XVVX,adjective,negative,blue,✲✲✲eitel✲✲✲✲,adjective,negative,blue,0.4932,match,0.7193,0,0.6597,0.7954,92.36280805100783
37,1103,55,27,8,valence_classification,color_matching,matching,match_left,ZYYZ,adjective,positive,blue,✲✲schlecht✲✲,adjective,negative,brown,0.4932,nonmatch,0.6716,0,0.6595,0.7953,92.33544697215416
37,1104,56,27,8,valence_classification,color_matching,matching,match_left,MQQM,noun,positive,brown,✲✲✲liebe✲✲✲✲,noun,positive,blue,0.4932,nonmatch,0.6851,0,0.6593,0.7951,92.30802892724029
37,1105,57,27,8,valence_classification,color_matching,matching,match_left,XVVX,adjective,negative,brown,✲✲✲gütig✲✲✲✲,adjective,positive,brown,0.4932,match,0.715,0,0.6591,0.7949,92.2805203618091
37,1106,58,27,8,valence_classification,color_matching,matching,match_left,MQQM,noun,positive,brown,✲✲✲eitel✲✲✲✲,adjective,negative,blue,0.4932,nonmatch,0.5559,0,0.659,0.7947,92.2530753085195
37,1107,59,27,8,valence_classification,color_matching,matching,match_left,WJJW,noun,negative,blue,✲✲✲✲spaß✲✲✲✲,noun,positive,brown,0.4932,nonmatch,0.6562,0,0.6588,0.7945,92.225466448489
37,1108,60,27,8,valence_classification,color_matching,matching,match_left,WJJW,noun,negative,brown,✲✲ehrlich✲✲✲,adjective,positive,brown,0.4932,nonmatch,0.8031,1,0.6586,0.7943,92.19766023395195
37,1109,61,27,8,valence_classification,color_matching,matching,match_left,WJJW,noun,negative,blue,✲✲✲gierig✲✲✲,adjective,negative,brown,0.4932,nonmatch,0.7785,0,0.6591,0.7948,92.27597127993698
37,1110,62,27,8,valence_classification,color_matching,matching,match_left,MQQM,noun,positive,brown,✲✲ehrlich✲✲✲,adjective,positive,brown,0.4932,match,0.6969,0,0.6589,0.7946,92.24867628064425
37,1111,63,27,8,valence_classification,color_matching,matching,match_left,MQQM,noun,positive,brown,✲✲✲gütig✲✲✲✲,adjective,positive,blue,0.4932,nonmatch,0.6463,0,0.6587,0.7944,92.2212132271088
37,1112,64,27,8,valence_classification,color_matching,matching,match_left,ZYYZ,adjective,positive,brown,✲✲✲liebe✲✲✲✲,noun,positive,blue,0.4932,nonmatch,0.6838,0,0.6585,0.7942,92.19354891587346
37,1113,1,28,9,valence_classification,color_matching,matching,match_left,schlecht,adjective,negative,brown,✲✲launisch✲✲,adjective,negative,blue,0.5299,nonmatch,3.7986,0,0.6583,0.794,92.16564975308043
37,1114,2,28,9,valence_classification,color_matching,matching,match_left,schön,adjective,positive,brown,✲✲✲gütig✲✲✲✲,adjective,positive,blue,0.4932,nonmatch,1.9504,0,0.6581,0.7938,92.13748167949008
37,1115,3,28,9,valence_classification,color_matching,matching,match_left,lustig,adjective,positive,brown,✲✲✲liebe✲✲✲✲,noun,positive,brown,0.4932,match,1.515,0,0.6579,0.7936,92.10901009435526
37,1116,4,28,9,valence_classification,color_matching,matching,match_left,launisch,adjective,negative,brown,✲✲schleim✲✲✲,noun,negative,blue,0.4932,nonmatch,1.398,0,0.6577,0.7934,92.08019977790471
37,1117,5,28,9,valence_classification,color_matching,matching,match_left,ehrlich,adjective,positive,blue,✲✲✲lustig✲✲✲,adjective,positive,blue,0.4932,match,1.09,0,0.6575,0.7932,92.05101481218661
37,1118,6,28,9,valence_classification,color_matching,matching,match_left,gierig,adjective,negative,brown,✲✲✲liebe✲✲✲✲,noun,positive,blue,0.4932,nonmatch,1.0681,0,0.6573,0.793,92.02141850001847
37,1119,7,28,9,valence_classification,color_matching,matching,match_left,schlecht,adjective,negative,blue,✲✲einfall✲✲✲,noun,positive,brown,0.4932,nonmatch,0.9416,0,0.6571,0.7928,91.99137328178452
37,1120,8,28,9,valence_classification,color_matching,matching,match_left,leiche,noun,negative,brown,✲✲ehrlich✲✲✲,adjective,positive,brown,0.4932,match,0.6177,0,0.6569,0.7926,91.96084064981389
37,1121,9,28,9,valence_classification,color_matching,matching,match_left,schleim,noun,negative,brown,✲✲schlecht✲✲,adjective,negative,brown,0.4932,match,0.8573,0,0.6566,0.7924,91.92978106006763
37,1122,10,28,9,valence_classification,color_matching,matching,match_left,einfall,noun,positive,brown,✲✲✲lustig✲✲✲,adjective,positive,blue,0.4961,nonmatch,1.0673,0,0.6564,0.7921,91.89815384085206
37,1123,11,28,9,valence_classification,color_matching,matching,match_left,liebe,noun,positive,blue,✲✲ehrlich✲✲✲,adjective,positive,blue,0.4932,match,0.8171,0,0.6562,0.7919,91.86591709826729
37,1124,12,28,9,valence_classification,color_matching,matching,match_left,gütig,adjective,positive,brown,✲✲schlecht✲✲,adjective,negative,brown,0.4932,nonmatch,0.7342,1,0.656,0.7917,91.8335204490188
37,1125,13,28,9,valence_classification,color_matching,matching,match_left,eitel,adjective,negative,blue,✲✲✲gierig✲✲✲,adjective,negative,brown,0.4932,nonmatch,0.8955,0,0.6566,0.7923,91.92684943427705
37,1126,14,28,9,valence_classification,color_matching,matching,match_left,schlecht,adjective,negative,blue,✲✲✲✲gift✲✲✲✲,noun,negative,brown,0.4932,nonmatch,1.0554,0,0.6564,0.7921,91.89534108655344
37,1127,15,28,9,valence_classification,color_matching,matching,match_left,schleim,noun,negative,blue,✲✲✲leiche✲✲✲,noun,negative,brown,0.4932,nonmatch,0.6922,0,0.6562,0.7919,91.8632229044598
37,1128,16,28,9,valence_classification,color_matching,matching,match_left,liebe,noun,positive,blue,✲✲launisch✲✲,adjective,negative,blue,0.4932,match,0.5676,0,0.6559,0.7917,91.831446845341
37,1129,17,28,9,valence_classification,color_matching,matching,match_left,schön,adjective,positive,blue,✲✲✲eitel✲✲✲✲,adjective,negative,brown,0.4932,nonmatch,0.7183,0,0.6558,0.7915,91.80501736875812
37,1130,18,28,9,valence_classification,color_matching,matching,match_left,schleim,noun,negative,blue,✲✲✲lustig✲✲✲,adjective,positive,brown,0.4932,nonmatch,0.7293,0,0.6556,0.7913,91.7789757189495
37,1131,19,28,9,valence_classification,color_matching,matching,match_left,gift,noun,negative,brown,✲✲schleim✲✲✲,noun,negative,blue,0.4932,match,0.6612,1,0.6554,0.7911,91.75329036273408
37,1132,20,28,9,valence_classification,color_matching,matching,match_left,glück,noun,positive,blue,✲✲✲✲gift✲✲✲✲,noun,negative,blue,0.4932,match,0.6105,0,0.6559,0.7916,91.82939579951038
37,1133,21,28,9,valence_classification,color_matching,matching,match_left,leiche,noun,negative,blue,✲entführung✲,noun,negative,blue,0.4932,match,0.6642,0,0.6557,0.7915,91.80314834112757
37,1134,22,28,9,valence_classification,color_matching,matching,match_left,lustig,adjective,positive,blue,✲✲ehrlich✲✲✲,adjective,positive,brown,0.4932,nonmatch,0.7184,0,0.6556,0.7913,91.77728440169352
37,1135,23,28,9,valence_classification,color_matching,matching,match_left,ehrlich,adjective,positive,blue,✲✲✲✲spaß✲✲✲✲,noun,positive,blue,0.4932,match,0.7051,0,0.6554,0.7911,91.7517728550904
37,1136,24,28,9,valence_classification,color_matching,matching,match_left,spaß,noun,positive,blue,✲✲✲liebe✲✲✲✲,noun,positive,brown,0.4932,nonmatch,0.7128,0,0.6552,0.7909,91.72658338824743
37,1137,25,28,9,valence_classification,color_matching,matching,match_left,einfall,noun,positive,blue,✲✲schleim✲✲✲,noun,negative,brown,0.4932,nonmatch,0.747,0,0.655,0.7907,91.70168643029136
37,1138,26,28,9,valence_classification,color_matching,matching,match_left,lustig,adjective,positive,brown,✲✲launisch✲✲,adjective,negative,blue,0.4936,nonmatch,0.681,0,0.6548,0.7906,91.67705308445812
37,1139,27,28,9,valence_classification,color_matching,matching,match_left,schön,adjective,positive,brown,✲✲einfall✲✲✲,noun,positive,blue,0.4932,nonmatch,0.6898,0,0.6547,0.7904,91.65265506251505
37,1140,28,28,9,valence_classification,color_matching,matching,match_left,launisch,adjective,negative,blue,✲✲✲schön✲✲✲✲,adjective,positive,blue,0.4932,match,0.583,0,0.6545,0.7902,91.62846462145762
37,1141,29,28,9,valence_classification,color_matching,matching,match_left,spaß,noun,positive,blue,✲✲✲schön✲✲✲✲,adjective,positive,brown,0.4932,nonmatch,0.6897,0,0.6543,0.79,91.60445450225808
37,1142,30,28,9,valence_classification,color_matching,matching,match_left,liebe,noun,positive,brown,✲✲✲leiche✲✲✲,noun,negative,brown,0.4932,nonmatch,0.7184,1,0.6541,0.7899,91.58059787044954
37,1143,31,28,9,valence_classification,color_matching,matching,match_left,ehrlich,adjective,positive,blue,✲entführung✲,noun,negative,blue,0.4932,match,0.9816,0,0.6547,0.7904,91.65180869723245
37,1144,32,28,9,valence_classification,color_matching,matching,match_left,gütig,adjective,positive,blue,✲✲✲glück✲✲✲✲,noun,positive,brown,0.4932,nonmatch,0.7128,0,0.6545,0.7902,91.62777625756699
37,1145,33,28,9,valence_classification,color_matching,matching,match_left,leiche,noun,negative,blue,✲✲✲gierig✲✲✲,adjective,negative,brown,0.4932,nonmatch,0.8767,0,0.6543,0.79,91.60392245090806
37,1146,34,28,9,valence_classification,color_matching,matching,match_left,spaß,noun,positive,brown,✲entführung✲,noun,negative,blue,0.4932,match,0.902,1,0.6541,0.7899,91.58022077019919
37,1147,35,28,9,valence_classification,color_matching,matching,match_left,liebe,noun,positive,brown,✲✲einfall✲✲✲,noun,positive,brown,0.4932,match,0.7256,0,0.6546,0.7904,91.65096948250164
37,1148,36,28,9,valence_classification,color_matching,matching,match_left,gift,noun,negative,blue,✲✲✲eitel✲✲✲✲,adjective,negative,blue,0.4932,match,0.6826,0,0.6545,0.7902,91.62709312578038
37,1149,37,28,9,valence_classification,color_matching,matching,match_left,glück,noun,positive,blue,✲✲✲✲spaß✲✲✲✲,noun,positive,blue,0.4932,match,0.6897,0,0.6543,0.79,91.60339373787541
37,1150,38,28,9,valence_classification,color_matching,matching,match_left,gütig,adjective,positive,brown,✲✲✲schön✲✲✲✲,adjective,positive,brown,0.4932,match,0.7398,0,0.6541,0.7899,91.57984513319212
37,1151,39,28,9,valence_classification,color_matching,matching,match_left,entführung,noun,negative,brown,✲✲✲✲gift✲✲✲✲,noun,negative,brown,0.4932,match,0.7497,0,0.654,0.7897,91.55642148166322
37,1152,40,28,9,valence_classification,color_matching,matching,match_left,eitel,adjective,negative,brown,✲✲✲glück✲✲✲✲,noun,positive,brown,0.4932,match,0.6969,0,0.6538,0.7895,91.53309725443872
37,1153,41,28,9,valence_classification,color_matching,matching,match_left,eitel,adjective,negative,brown,✲✲✲lustig✲✲✲,adjective,positive,brown,0.4932,match,0.6474,0,0.6536,0.7894,91.50984717077282
37,1154,42,28,9,valence_classification,color_matching,matching,match_left,entführung,noun,negative,brown,✲✲launisch✲✲,adjective,negative,blue,0.4932,nonmatch,0.7398,0,0.6535,0.7892,91.48664614593721
37,1155,43,28,9,valence_classification,color_matching,matching,match_left,gift,noun,negative,blue,✲✲✲✲spaß✲✲✲✲,noun,positive,brown,0.4932,nonmatch,0.7895,0,0.6533,0.789,91.46346923999306
37,1156,44,28,9,valence_classification,color_matching,matching,match_left,gift,noun,negative,blue,✲✲✲gütig✲✲✲✲,adjective,positive,blue,0.4932,match,0.7184,0,0.6531,0.7889,91.44029160726231
37,1157,45,28,9,valence_classification,color_matching,matching,match_left,gierig,adjective,negative,brown,✲✲ehrlich✲✲✲,adjective,positive,blue,0.4932,nonmatch,0.5127,0,0.653,0.7887,91.41708844634026
37,1158,46,28,9,valence_classification,color_matching,matching,match_left,gütig,adjective,positive,blue,✲✲✲✲gift✲✲✲✲,noun,negative,brown,0.4932,match,0.7195,1,0.6528,0.7885,91.3938349504961
37,1159,47,28,9,valence_classification,color_matching,matching,match_left,schleim,noun,negative,blue,✲✲✲glück✲✲✲✲,noun,positive,blue,0.4932,match,0.6731,0,0.6533,0.789,91.46384210580892
37,1160,48,28,9,valence_classification,color_matching,matching,match_left,eitel,adjective,negative,blue,✲✲✲leiche✲✲✲,noun,negative,blue,0.4959,match,0.632,0,0.6531,0.7889,91.44081415261199
37,1161,49,28,9,valence_classification,color_matching,matching,match_left,entführung,noun,negative,brown,✲✲einfall✲✲✲,noun,positive,blue,0.4932,nonmatch,0.6931,0,0.653,0.7887,91.41776145713052
37,1162,50,28,9,valence_classification,color_matching,matching,match_left,gierig,adjective,negative,blue,✲✲✲eitel✲✲✲✲,adjective,negative,blue,0.4932,match,0.77,0,0.6528,0.7885,91.3946595109639
37,1163,51,28,9,valence_classification,color_matching,matching,match_left,launisch,adjective,negative,brown,✲✲schlecht✲✲,adjective,negative,brown,0.4932,nonmatch,0.7183,1,0.6527,0.7884,91.37148375291702
37,1164,52,28,9,valence_classification,color_matching,matching,match_left,glück,noun,positive,blue,✲✲✲gierig✲✲✲,adjective,negative,brown,0.4932,match,0.8278,1,0.6531,0.7888,91.43603772224688
37,1165,53,28,9,valence_classification,color_matching,matching,match_left,ehrlich,adjective,positive,blue,✲✲✲gierig✲✲✲,adjective,negative,blue,0.4932,match,0.9465,0,0.6536,0.7893,91.50482986019819
37,1166,54,28,9,valence_classification,color_matching,matching,match_left,einfall,noun,positive,brown,✲✲✲glück✲✲✲✲,noun,positive,blue,0.4932,nonmatch,0.825,0,0.6534,0.7892,91.48206747748475
37,1167,55,28,9,valence_classification,color_matching,matching,match_left,leiche,noun,negative,brown,✲✲✲liebe✲✲✲✲,noun,positive,brown,0.4961,match,0.6177,0,0.6533,0.789,91.45932424121042
37,1168,56,28,9,valence_classification,color_matching,matching,match_left,launisch,adjective,negative,blue,✲✲✲✲spaß✲✲✲✲,noun,positive,blue,0.4932,nonmatch,0.8789,1,0.6531,0.7888,91.43657617459901
37,1169,57,28,9,valence_classification,color_matching,matching,match_left,gierig,adjective,negative,brown,✲entführung✲,noun,negative,brown,0.4932,match,0.9539,0,0.6536,0.7893,91.50492643310707
37,1170,58,28,9,valence_classification,color_matching,matching,match_left,einfall,noun,positive,brown,✲✲schlecht✲✲,adjective,negative,brown,0.4932,match,0.7217,0,0.6534,0.7892,91.48230791518843
37,1171,59,28,9,valence_classification,color_matching,matching,match_left,spaß,noun,positive,brown,✲✲✲eitel✲✲✲✲,adjective,negative,blue,0.4932,nonmatch,0.7622,0,0.6533,0.789,91.45970877414489
37,1172,60,28,9,valence_classification,color_matching,matching,match_left,schön,adjective,positive,brown,✲✲schleim✲✲✲,noun,negative,blue,0.4932,nonmatch,0.712,0,0.6531,0.7888,91.43710531509188
37,1173,61,28,9,valence_classification,color_matching,matching,match_left,glück,noun,positive,brown,✲✲✲gütig✲✲✲✲,adjective,positive,brown,0.4932,match,0.7183,0,0.653,0.7887,91.41447387716853
37,1174,62,28,9,valence_classification,color_matching,matching,match_left,lustig,adjective,positive,brown,✲✲✲leiche✲✲✲,noun,negative,brown,0.4932,nonmatch,0.654,1,0.6528,0.7885,91.39179078735937
37,1175,63,28,9,valence_classification,color_matching,matching,match_left,schlecht,adjective,negative,blue,✲✲✲gütig✲✲✲✲,adjective,positive,brown,0.4932,match,0.8612,1,0.6533,0.789,91.46008591783203
37,1176,64,28,9,valence_classification,color_matching,matching,match_left,entführung,noun,negative,brown,✲✲✲schön✲✲✲✲,adjective,positive,blue,0.4932,nonmatch,0.9637,0,0.6538,0.7895,91.5274866315247
37,1177,1,29,10,valence_classification,color_matching,matching,match_left,entführung,noun,negative,blue,✲✲✲gierig✲✲✲,adjective,negative,brown,0.4932,nonmatch,0.6559,0,0.6536,0.7893,91.50510773914891
37,1178,2,29,10,valence_classification,color_matching,matching,match_left,ehrlich,adjective,positive,brown,✲✲✲gütig✲✲✲✲,adjective,positive,blue,0.4932,nonmatch,0.6319,0,0.6534,0.7892,91.48277188221908
37,1179,3,29,10,valence_classification,color_matching,matching,match_left,glück,noun,positive,blue,✲✲✲gütig✲✲✲✲,adjective,positive,brown,0.4932,nonmatch,0.6547,0,0.6533,0.789,91.46045583544658
37,1180,4,29,10,valence_classification,color_matching,matching,match_left,gierig,adjective,negative,brown,✲✲schleim✲✲✲,noun,negative,blue,0.4932,nonmatch,0.6694,0,0.6531,0.7888,91.43813645292663
37,1181,5,29,10,valence_classification,color_matching,matching,match_left,launisch,adjective,negative,brown,✲✲✲eitel✲✲✲✲,adjective,negative,brown,0.4932,nonmatch,0.6787,1,0.653,0.7887,91.41579062323109
37,1182,6,29,10,valence_classification,color_matching,matching,match_left,schlecht,adjective,negative,brown,✲✲✲glück✲✲✲✲,noun,positive,brown,0.4932,match,0.7264,0,0.6534,0.7892,91.48299567319961
37,1183,7,29,10,valence_classification,color_matching,matching,match_left,leiche,noun,negative,brown,✲✲✲✲gift✲✲✲✲,noun,negative,brown,0.4932,match,0.6078,0,0.6533,0.789,91.46081868573732
37,1184,8,29,10,valence_classification,color_matching,matching,match_left,glück,noun,positive,blue,✲entführung✲,noun,negative,brown,0.4932,nonmatch,0.7053,0,0.6531,0.7888,91.43863883330627
37,1185,9,29,10,valence_classification,color_matching,matching,match_left,einfall,noun,positive,blue,✲✲ehrlich✲✲✲,adjective,positive,blue,0.4951,match,0.6683,0,0.653,0.7887,91.41643327199306
37,1186,10,29,10,valence_classification,color_matching,matching,match_left,schön,adjective,positive,brown,✲✲schlecht✲✲,adjective,negative,brown,0.4932,nonmatch,0.6391,1,0.6528,0.7885,91.39417914874082
37,1187,11,29,10,valence_classification,color_matching,matching,match_left,schleim,noun,negative,blue,✲✲✲glück✲✲✲✲,noun,positive,brown,0.4932,match,0.7422,1,0.6533,0.789,91.46117462317183
37,1188,12,29,10,valence_classification,color_matching,matching,match_left,gütig,adjective,positive,brown,✲✲✲liebe✲✲✲✲,noun,positive,brown,0.4932,match,0.8333,0,0.6538,0.7895,91.52731851775411
37,1189,13,29,10,valence_classification,color_matching,matching,match_left,leiche,noun,negative,brown,✲✲launisch✲✲,adjective,negative,blue,0.4932,nonmatch,0.6325,0,0.6536,0.7893,91.50535159196862
37,1190,14,29,10,valence_classification,color_matching,matching,match_left,schleim,noun,negative,blue,✲entführung✲,noun,negative,brown,0.4932,nonmatch,0.6969,0,0.6535,0.7892,91.48342749720673
37,1191,15,29,10,valence_classification,color_matching,matching,match_left,schlecht,adjective,negative,blue,✲✲✲gütig✲✲✲✲,adjective,positive,brown,0.4932,nonmatch,0.6002,0,0.6533,0.789,91.46152379807538
37,1192,16,29,10,valence_classification,color_matching,matching,match_left,lustig,adjective,positive,blue,✲entführung✲,noun,negative,brown,0.4932,match,0.8583,1,0.6531,0.7889,91.43961813683103
37,1193,17,29,10,valence_classification,color_matching,matching,match_left,schön,adjective,positive,blue,✲✲✲leiche✲✲✲,noun,negative,blue,0.4932,match,0.8221,0,0.6536,0.7893,91.50542575950463
37,1194,18,29,10,valence_classification,color_matching,matching,match_left,einfall,noun,positive,blue,✲✲✲glück✲✲✲✲,noun,positive,blue,0.4932,match,0.7613,0,0.6535,0.7892,91.48363577076849
37,1195,19,29,10,valence_classification,color_matching,matching,match_left,liebe,noun,positive,brown,✲✲✲✲spaß✲✲✲✲,noun,positive,blue,0.4932,nonmatch,0.8287,0,0.6533,0.789,91.46186635676457
37,1196,20,29,10,valence_classification,color_matching,matching,match_left,eitel,adjective,negative,blue,✲✲ehrlich✲✲✲,adjective,positive,blue,0.4932,nonmatch,0.8593,1,0.6531,0.7889,91.44009541348443
37,1197,21,29,10,valence_classification,color_matching,matching,match_left,entführung,noun,negative,brown,✲✲einfall✲✲✲,noun,positive,blue,0.4932,nonmatch,0.6176,0,0.6536,0.7893,91.50549651842321
37,1198,22,29,10,valence_classification,color_matching,matching,match_left,spaß,noun,positive,brown,✲✲✲lustig✲✲✲,adjective,positive,blue,0.4959,match,1.2159,1,0.6535,0.7892,91.4838391069259
37,1199,23,29,10,valence_classification,color_matching,matching,match_left,gift,noun,negative,brown,✲✲✲leiche✲✲✲,noun,negative,blue,0.4961,match,0.7929,1,0.6539,0.7896,91.5487662178257
37,1200,24,29,10,valence_classification,color_matching,matching,match_left,glück,noun,positive,blue,✲✲✲gierig✲✲✲,adjective,negative,brown,0.4932,match,1.3039,1,0.6544,0.7901,91.61368329529338
37,1201,25,29,10,valence_classification,color_matching,matching,match_left,liebe,noun,positive,blue,✲✲✲leiche✲✲✲,noun,negative,blue,0.4932,match,0.8675,0,0.6549,0.7906,91.67918076527891
37,1202,26,29,10,valence_classification,color_matching,matching,match_left,eitel,adjective,negative,blue,✲✲✲✲spaß✲✲✲✲,noun,positive,blue,0.4932,match,0.8411,0,0.6547,0.7904,91.65696426708298
37,1203,27,29,10,valence_classification,color_matching,matching,match_left,entführung,noun,negative,blue,✲✲schleim✲✲✲,noun,negative,blue,0.4932,match,1.0843,0,0.6545,0.7902,91.63494413203225
37,1204,28,29,10,valence_classification,color_matching,matching,match_left,liebe,noun,positive,brown,✲✲✲schön✲✲✲✲,adjective,positive,brown,0.4932,match,0.7915,0,0.6544,0.7901,91.61309748575822
37,1205,29,29,10,valence_classification,color_matching,matching,match_left,lustig,adjective,positive,blue,✲✲✲eitel✲✲✲✲,adjective,negative,blue,0.4932,match,0.7191,0,0.6542,0.7899,91.59140182056016
37,1206,30,29,10,valence_classification,color_matching,matching,match_left,eitel,adjective,negative,blue,✲✲✲✲gift✲✲✲✲,noun,negative,blue,0.4932,match,0.7827,0,0.6541,0.7898,91.56983495096357
37,1207,31,29,10,valence_classification,color_matching,matching,match_left,gierig,adjective,negative,brown,✲✲✲lustig✲✲✲,adjective,positive,blue,0.4964,match,0.7827,1,0.6539,0.7896,91.54837497040506
37,1208,32,29,10,valence_classification,color_matching,matching,match_left,launisch,adjective,negative,blue,✲✲✲liebe✲✲✲✲,noun,positive,brown,0.4932,match,1.1864,1,0.6544,0.7901,91.61251577442216
37,1209,33,29,10,valence_classification,color_matching,matching,match_left,ehrlich,adjective,positive,brown,✲✲launisch✲✲,adjective,negative,blue,0.4932,nonmatch,0.6126,0,0.6548,0.7906,91.67723106775331
37,1210,34,29,10,valence_classification,color_matching,matching,match_left,eitel,adjective,negative,blue,✲✲launisch✲✲,adjective,negative,blue,0.4932,match,0.7348,0,0.6547,0.7904,91.65528141375206
37,1211,35,29,10,valence_classification,color_matching,matching,match_left,schleim,noun,negative,blue,✲✲ehrlich✲✲✲,adjective,positive,brown,0.4932,nonmatch,0.6638,0,0.6545,0.7902,91.63352455251443
37,1212,36,29,10,valence_classification,color_matching,matching,match_left,launisch,adjective,negative,blue,✲✲✲leiche✲✲✲,noun,negative,brown,0.4932,nonmatch,0.6267,0,0.6544,0.7901,91.61193811869109
37,1213,37,29,10,valence_classification,color_matching,matching,match_left,einfall,noun,positive,brown,✲✲schleim✲✲✲,noun,negative,brown,0.4932,match,0.6074,0,0.6542,0.7899,91.5905001028503
37,1214,38,29,10,valence_classification,color_matching,matching,match_left,glück,noun,positive,blue,✲✲einfall✲✲✲,noun,positive,brown,0.4932,nonmatch,0.6471,0,0.6541,0.7898,91.56918880851562
37,1215,39,29,10,valence_classification,color_matching,matching,match_left,gift,noun,negative,blue,✲✲✲liebe✲✲✲✲,noun,positive,blue,0.4932,match,0.655,0,0.6539,0.7896,91.54798281028492
37,1216,40,29,10,valence_classification,color_matching,matching,match_left,gierig,adjective,negative,brown,✲✲schlecht✲✲,adjective,negative,blue,0.4932,nonmatch,0.672,0,0.6538,0.7895,91.5268609129036
37,1217,41,29,10,valence_classification,color_matching,matching,match_left,einfall,noun,positive,brown,✲✲schlecht✲✲,adjective,negative,blue,0.4932,nonmatch,0.7217,0,0.6536,0.7893,91.5058021111704
37,1218,42,29,10,valence_classification,color_matching,matching,match_left,schön,adjective,positive,blue,✲✲✲✲spaß✲✲✲✲,noun,positive,blue,0.4932,match,0.7184,0,0.6535,0.7892,91.4847855505578
37,1219,43,29,10,valence_classification,color_matching,matching,match_left,leiche,noun,negative,brown,✲✲✲✲spaß✲✲✲✲,noun,positive,brown,0.4932,nonmatch,0.6354,1,0.6533,0.789,91.46379048843356
37,1220,44,29,10,valence_classification,color_matching,matching,match_left,spaß,noun,positive,blue,✲✲launisch✲✲,adjective,negative,blue,0.4932,match,0.6326,0,0.6538,0.7895,91.52678891479124
37,1221,45,29,10,valence_classification,color_matching,matching,match_left,schlecht,adjective,negative,blue,✲✲✲gierig✲✲✲,adjective,negative,brown,0.4932,nonmatch,0.7119,0,0.6536,0.7893,91.5058541425308
37,1222,46,29,10,valence_classification,color_matching,matching,match_left,entführung,noun,negative,brown,✲✲✲gütig✲✲✲✲,adjective,positive,blue,0.4932,match,0.74,1,0.6535,0.7892,91.48496151633145
37,1223,47,29,10,valence_classification,color_matching,matching,match_left,gierig,adjective,negative,brown,✲✲einfall✲✲✲,noun,positive,blue,0.4932,match,0.5345,1,0.6539,0.7896,91.54758996722906
37,1224,48,29,10,valence_classification,color_matching,matching,match_left,launisch,adjective,negative,brown,✲✲✲schön✲✲✲✲,adjective,positive,brown,0.4932,nonmatch,0.8408,1,0.6544,0.7901,91.61022906677513
37,1225,49,29,10,valence_classification,color_matching,matching,match_left,gift,noun,negative,blue,✲✲✲schön✲✲✲✲,adjective,positive,blue,0.4961,nonmatch,1.1969,1,0.6548,0.7905,91.67343099142738
37,1226,50,29,10,valence_classification,color_matching,matching,match_left,lustig,adjective,positive,blue,✲✲ehrlich✲✲✲,adjective,positive,blue,0.4932,nonmatch,0.6692,1,0.6553,0.791,91.73774782785354
37,1227,51,29,10,valence_classification,color_matching,matching,match_left,gütig,adjective,positive,brown,✲✲schleim✲✲✲,noun,negative,blue,0.4932,match,0.5118,1,0.6557,0.7915,91.80374062595305
37,1228,52,29,10,valence_classification,color_matching,matching,match_left,ehrlich,adjective,positive,brown,✲✲einfall✲✲✲,noun,positive,blue,0.4932,nonmatch,0.7841,0,0.6563,0.792,91.87988449777316
37,1229,53,29,10,valence_classification,color_matching,matching,match_left,schleim,noun,negative,brown,✲✲schlecht✲✲,adjective,negative,brown,0.4932,nonmatch,0.8964,1,0.6561,0.7918,91.85133433848416
37,1230,54,29,10,valence_classification,color_matching,matching,match_left,liebe,noun,positive,brown,✲✲✲eitel✲✲✲✲,adjective,negative,brown,0.4932,nonmatch,2.137,1,0.6567,0.7924,91.93271612491797
37,1231,55,29,10,valence_classification,color_matching,matching,match_left,schön,adjective,positive,blue,✲✲✲lustig✲✲✲,adjective,positive,brown,0.4932,nonmatch,1.2145,0,0.6572,0.7929,92.00924574623268
37,1232,56,29,10,valence_classification,color_matching,matching,match_left,lustig,adjective,positive,blue,✲✲✲glück✲✲✲✲,noun,positive,brown,0.4932,nonmatch,0.6221,0,0.657,0.7927,91.98329763473525
37,1233,57,29,10,valence_classification,color_matching,matching,match_left,spaß,noun,positive,brown,✲✲✲liebe✲✲✲✲,noun,positive,brown,0.4932,match,0.8492,0,0.6568,0.7925,91.95692171478173
37,1234,58,29,10,valence_classification,color_matching,matching,match_left,leiche,noun,negative,brown,✲✲✲lustig✲✲✲,adjective,positive,brown,0.4932,match,0.7048,0,0.6566,0.7924,91.93008810481206
37,1235,59,29,10,valence_classification,color_matching,matching,match_left,schlecht,adjective,negative,brown,✲entführung✲,noun,negative,brown,0.4932,match,0.6755,0,0.6564,0.7922,91.90276607571468
37,1236,60,29,10,valence_classification,color_matching,matching,match_left,ehrlich,adjective,positive,brown,✲✲✲✲gift✲✲✲✲,noun,negative,brown,0.4932,match,0.6534,0,0.6562,0.792,91.87492398900679
37,1237,61,29,10,valence_classification,color_matching,matching,match_left,spaß,noun,positive,brown,✲✲✲✲gift✲✲✲✲,noun,negative,blue,0.4932,nonmatch,0.5499,0,0.656,0.7918,91.84652923269985
37,1238,62,29,10,valence_classification,color_matching,matching,match_left,gift,noun,negative,blue,✲✲✲eitel✲✲✲✲,adjective,negative,blue,0.4932,match,0.7201,0,0.6559,0.7916,91.82135894554777
37,1239,63,29,10,valence_classification,color_matching,matching,match_left,gütig,adjective,positive,blue,✲✲✲gierig✲✲✲,adjective,negative,brown,0.4932,nonmatch,0.6555,0,0.6557,0.7914,91.79869241531665
37,1240,64,29,10,valence_classification,color_matching,matching,match_left,gütig,adjective,positive,brown,✲✲✲schön✲✲✲✲,adjective,positive,brown,0.4932,match,0.7612,0,0.6555,0.7913,91.7763578158407
37,1241,1,30,11,valence_classification,color_matching,matching,match_left,schleim,noun,negative,brown,✲✲einfall✲✲✲,noun,positive,brown,0.4932,match,0.6475,0,0.6554,0.7911,91.75433155031044
37,1242,2,30,11,valence_classification,color_matching,matching,match_left,ehrlich,adjective,positive,brown,✲✲✲liebe✲✲✲✲,noun,positive,blue,0.4932,nonmatch,0.7683,0,0.6552,0.7909,91.73259062877352
37,1243,3,30,11,valence_classification,color_matching,matching,match_left,spaß,noun,positive,brown,✲✲schleim✲✲✲,noun,negative,brown,0.4932,match,0.693,0,0.6551,0.7908,91.71111262144382
37,1244,4,30,11,valence_classification,color_matching,matching,match_left,launisch,adjective,negative,blue,✲✲ehrlich✲✲✲,adjective,positive,brown,0.4932,nonmatch,0.6698,0,0.6549,0.7906,91.68987561378252
37,1245,5,30,11,valence_classification,color_matching,matching,match_left,launisch,adjective,negative,blue,✲✲schlecht✲✲,adjective,negative,blue,0.4932,nonmatch,0.684,1,0.6548,0.7905,91.66885816320907
37,1246,6,30,11,valence_classification,color_matching,matching,match_left,liebe,noun,positive,blue,✲✲✲gütig✲✲✲✲,adjective,positive,brown,0.4932,nonmatch,0.632,0,0.6552,0.7909,91.73133017477065
37,1247,7,30,11,valence_classification,color_matching,matching,match_left,spaß,noun,positive,blue,✲✲✲schön✲✲✲✲,adjective,positive,blue,0.4932,match,0.7488,0,0.6551,0.7908,91.70997713809079
37,1248,8,30,11,valence_classification,color_matching,matching,match_left,schlecht,adjective,negative,brown,✲✲✲gütig✲✲✲✲,adjective,positive,brown,0.4932,match,0.6061,0,0.6549,0.7906,91.6888628853527
37,1249,9,30,11,valence_classification,color_matching,matching,match_left,eitel,adjective,negative,blue,✲✲✲leiche✲✲✲,noun,negative,brown,0.4932,nonmatch,0.6559,0,0.6548,0.7905,91.66796620514475
37,1250,10,30,11,valence_classification,color_matching,matching,match_left,schlecht,adjective,negative,blue,✲✲✲✲gift✲✲✲✲,noun,negative,blue,0.4932,match,0.6826,0,0.6546,0.7903,91.64726630994855
37,1251,11,30,11,valence_classification,color_matching,matching,match_left,leiche,noun,negative,blue,✲✲✲gierig✲✲✲,adjective,negative,brown,0.4932,nonmatch,0.7326,0,0.6545,0.7902,91.62674279636181
37,1252,12,30,11,valence_classification,color_matching,matching,match_left,gierig,adjective,negative,brown,✲✲✲eitel✲✲✲✲,adjective,negative,blue,0.4932,nonmatch,0.707,0,0.6543,0.79,91.60637560653745
37,1253,13,30,11,valence_classification,color_matching,matching,match_left,liebe,noun,positive,brown,✲✲✲glück✲✲✲✲,noun,positive,blue,0.4963,nonmatch,0.6903,0,0.6542,0.7899,91.58614499072459
37,1254,14,30,11,valence_classification,color_matching,matching,match_left,gift,noun,negative,blue,✲✲✲✲spaß✲✲✲✲,noun,positive,blue,0.4932,match,0.6898,0,0.654,0.7898,91.56603147080045
37,1255,15,30,11,valence_classification,color_matching,matching,match_left,glück,noun,positive,blue,✲✲✲leiche✲✲✲,noun,negative,blue,0.4932,match,0.647,0,0.6539,0.7896,91.54601580468852
37,1256,16,30,11,valence_classification,color_matching,matching,match_left,glück,noun,positive,brown,✲✲ehrlich✲✲✲,adjective,positive,blue,0.4932,nonmatch,0.6637,0,0.6538,0.7895,91.52607895156017
37,1257,17,30,11,valence_classification,color_matching,matching,match_left,eitel,adjective,negative,blue,✲✲✲lustig✲✲✲,adjective,positive,blue,0.4932,match,0.6717,0,0.6536,0.7893,91.5062020377223
37,1258,18,30,11,valence_classification,color_matching,matching,match_left,gierig,adjective,negative,brown,✲✲einfall✲✲✲,noun,positive,blue,0.4965,nonmatch,0.5705,0,0.6535,0.7892,91.48636632309648
37,1259,19,30,11,valence_classification,color_matching,matching,match_left,eitel,adjective,negative,blue,✲✲✲liebe✲✲✲✲,noun,positive,brown,0.4932,nonmatch,0.6564,0,0.6533,0.789,91.46655316819607
37,1260,20,30,11,valence_classification,color_matching,matching,match_left,eitel,adjective,negative,brown,✲✲launisch✲✲,adjective,negative,brown,0.4932,match,0.6939,0,0.6532,0.7889,91.44674400151358
37,1261,21,30,11,valence_classification,color_matching,matching,match_left,ehrlich,adjective,positive,brown,✲✲✲✲gift✲✲✲✲,noun,negative,blue,0.4932,match,0.5068,1,0.653,0.7888,91.42692028722922
37,1262,22,30,11,valence_classification,color_matching,matching,match_left,entführung,noun,negative,blue,✲✲✲eitel✲✲✲✲,adjective,negative,blue,0.4932,match,0.7495,0,0.6535,0.7892,91.48650407392336
37,1263,23,30,11,valence_classification,color_matching,matching,match_left,schön,adjective,positive,brown,✲✲einfall✲✲✲,noun,positive,brown,0.4932,match,0.7493,0,0.6533,0.789,91.46680230859259
37,1264,24,30,11,valence_classification,color_matching,matching,match_left,einfall,noun,positive,brown,✲✲✲gierig✲✲✲,adjective,negative,brown,0.4932,match,0.6055,0,0.6532,0.7889,91.44710480226476
37,1265,25,30,11,valence_classification,color_matching,matching,match_left,gierig,adjective,negative,brown,✲✲schleim✲✲✲,noun,negative,brown,0.4932,match,0.7901,0,0.6531,0.7888,91.42739321096897
37,1266,26,30,11,valence_classification,color_matching,matching,match_left,ehrlich,adjective,positive,brown,✲✲✲gütig✲✲✲✲,adjective,positive,blue,0.4932,nonmatch,0.5215,0,0.6529,0.7886,91.40764919481424
37,1267,27,30,11,valence_classification,color_matching,matching,match_left,lustig,adjective,positive,blue,✲✲✲glück✲✲✲✲,noun,positive,brown,0.4932,nonmatch,0.5827,0,0.6528,0.7885,91.38785438658061
37,1268,28,30,11,valence_classification,color_matching,matching,match_left,launisch,adjective,negative,brown,✲entführung✲,noun,negative,blue,0.4932,nonmatch,0.504,0,0.6526,0.7883,91.3679903603788
37,1269,29,30,11,valence_classification,color_matching,matching,match_left,einfall,noun,positive,brown,✲✲✲✲gift✲✲✲✲,noun,negative,blue,0.4932,nonmatch,0.4396,0,0.6525,0.7882,91.34817603857002
37,1270,30,30,11,valence_classification,color_matching,matching,match_left,glück,noun,positive,blue,✲✲✲eitel✲✲✲✲,adjective,negative,blue,0.4932,nonmatch,1.3765,1,0.6523,0.7881,91.32825250455654
37,1271,31,30,11,valence_classification,color_matching,matching,match_left,launisch,adjective,negative,brown,✲✲✲glück✲✲✲✲,noun,positive,brown,0.4932,nonmatch,1.1901,1,0.6527,0.7885,91.38424814817377
37,1272,32,30,11,valence_classification,color_matching,matching,match_left,entführung,noun,negative,blue,✲✲ehrlich✲✲✲,adjective,positive,blue,0.4932,match,1.8246,0,0.6532,0.7889,91.44360293368379
37,1273,33,30,11,valence_classification,color_matching,matching,match_left,einfall,noun,positive,brown,✲✲✲lustig✲✲✲,adjective,positive,brown,0.4932,match,0.7541,0,0.653,0.7887,91.42409436832291
37,1274,34,30,11,valence_classification,color_matching,matching,match_left,ehrlich,adjective,positive,brown,✲✲✲gierig✲✲✲,adjective,negative,brown,0.4932,match,0.6481,0,0.6529,0.7886,91.40455073549826
37,1275,35,30,11,valence_classification,color_matching,matching,match_left,spaß,noun,positive,brown,✲✲einfall✲✲✲,noun,positive,brown,0.4932,match,0.6553,0,0.6527,0.7885,91.38495401468789
37,1276,36,30,11,valence_classification,color_matching,matching,match_left,gift,noun,negative,brown,✲✲schlecht✲✲,adjective,negative,blue,0.4932,nonmatch,0.6969,0,0.6526,0.7883,91.36528612281764
37,1277,37,30,11,valence_classification,color_matching,matching,match_left,liebe,noun,positive,blue,✲entführung✲,noun,negative,brown,0.4932,nonmatch,0.692,0,0.6525,0.7882,91.34566473481226
37,1278,38,30,11,valence_classification,color_matching,matching,match_left,entführung,noun,negative,brown,✲✲✲glück✲✲✲✲,noun,positive,blue,0.4932,nonmatch,0.6833,0,0.6523,0.788,91.32593295745812
37,1279,39,30,11,valence_classification,color_matching,matching,match_left,gift,noun,negative,brown,✲✲✲gütig✲✲✲✲,adjective,positive,blue,0.4932,nonmatch,0.6683,0,0.6522,0.7879,91.30607267673975
37,1280,40,30,11,valence_classification,color_matching,matching,match_left,lustig,adjective,positive,brown,✲✲✲leiche✲✲✲,noun,negative,brown,0.4932,match,0.6248,0,0.652,0.7878,91.28606558408362
37,1281,41,30,11,valence_classification,color_matching,matching,match_left,schleim,noun,negative,brown,✲✲✲leiche✲✲✲,noun,negative,brown,0.4932,match,0.7131,0,0.6519,0.7876,91.26589314589822
37,1282,42,30,11,valence_classification,color_matching,matching,match_left,gierig,adjective,negative,brown,✲✲✲schön✲✲✲✲,adjective,positive,blue,0.4932,nonmatch,0.6768,0,0.6518,0.7875,91.24553657266915
37,1283,43,30,11,valence_classification,color_matching,matching,match_left,schön,adjective,positive,brown,✲✲✲eitel✲✲✲✲,adjective,negative,blue,0.4932,nonmatch,0.6563,0,0.6516,0.7873,91.22497678753406
37,1284,44,30,11,valence_classification,color_matching,matching,match_left,schleim,noun,negative,brown,✲✲launisch✲✲,adjective,negative,brown,0.4932,match,0.7422,0,0.6515,0.7872,91.20419439426179
37,1285,45,30,11,valence_classification,color_matching,matching,match_left,gütig,adjective,positive,blue,✲✲schlecht✲✲,adjective,negative,blue,0.4932,match,0.6496,0,0.6513,0.787,91.18316964455754
37,1286,46,30,11,valence_classification,color_matching,matching,match_left,leiche,noun,negative,blue,✲✲✲schön✲✲✲✲,adjective,positive,brown,0.4932,nonmatch,0.7255,0,0.6512,0.7869,91.16188240461612
37,1287,47,30,11,valence_classification,color_matching,matching,match_left,lustig,adjective,positive,blue,✲✲✲schön✲✲✲✲,adjective,positive,blue,0.4932,match,0.7274,0,0.651,0.7867,91.14031212084123
37,1288,48,30,11,valence_classification,color_matching,matching,match_left,leiche,noun,negative,blue,✲✲✲liebe✲✲✲✲,noun,positive,brown,0.4932,nonmatch,0.8171,0,0.6508,0.7866,91.11843778464868
37,1289,49,30,11,valence_classification,color_matching,matching,match_left,entführung,noun,negative,brown,✲✲schleim✲✲✲,noun,negative,blue,0.4932,match,0.8795,1,0.6507,0.7864,91.09623789626863
37,1290,50,30,11,valence_classification,color_matching,matching,match_left,gift,noun,negative,blue,✲entführung✲,noun,negative,brown,0.4932,match,0.685,1,0.6511,0.7869,91.159208074874
37,1291,51,30,11,valence_classification,color_matching,matching,match_left,schlecht,adjective,negative,blue,✲✲✲✲spaß✲✲✲✲,noun,positive,blue,0.4937,match,1.6259,0,0.6516,0.7873,91.21928830816644
37,1292,52,30,11,valence_classification,color_matching,matching,match_left,leiche,noun,negative,blue,✲✲✲✲gift✲✲✲✲,noun,negative,blue,0.4932,match,1.1543,0,0.6514,0.7871,91.19862825205075
37,1293,53,30,11,valence_classification,color_matching,matching,match_left,einfall,noun,positive,blue,✲✲✲✲spaß✲✲✲✲,noun,positive,blue,0.4932,match,7.8973,0,0.6513,0.787,91.17772263888773
37,1294,54,30,11,valence_classification,color_matching,matching,match_left,lustig,adjective,positive,blue,✲✲launisch✲✲,adjective,negative,brown,0.4932,match,0.3101,1,0.6511,0.7868,91.15655155927232
37,1295,55,30,11,valence_classification,color_matching,matching,match_left,gütig,adjective,positive,blue,✲✲schleim✲✲✲,noun,negative,blue,0.4932,nonmatch,0.7978,1,0.6515,0.7873,91.21647457418352
37,1296,56,30,11,valence_classification,color_matching,matching,match_left,schleim,noun,negative,brown,✲✲✲lustig✲✲✲,adjective,positive,brown,0.4932,nonmatch,0.6706,1,0.652,0.7877,91.27400430824825
37,1297,57,30,11,valence_classification,color_matching,matching,match_left,liebe,noun,positive,brown,✲✲launisch✲✲,adjective,negative,blue,0.4932,nonmatch,0.5916,0,0.6524,0.7881,91.32960509967039
37,1298,58,30,11,valence_classification,color_matching,matching,match_left,schön,adjective,positive,blue,✲✲✲lustig✲✲✲,adjective,positive,brown,0.4932,nonmatch,0.6104,0,0.6522,0.7879,91.31023107908064
37,1299,59,30,11,valence_classification,color_matching,matching,match_left,spaß,noun,positive,blue,✲✲schlecht✲✲,adjective,negative,brown,0.4932,match,0.6292,1,0.6521,0.7878,91.2907172859661
37,1299,59,30,11,valence_classification,color_matching,matching,match_left,spaß,noun,positive,blue,✲✲schlecht✲✲,adjective,negative,brown,0.4932,nonmatch,0.7323,0,0.6521,0.7878,91.2907172859661
37,1300,60,30,11,valence_classification,color_matching,matching,match_left,schlecht,adjective,negative,blue,✲✲✲gierig✲✲✲,adjective,negative,brown,0.4932,nonmatch,0.7118,0,0.6519,0.7877,91.27104601618211
37,1301,61,30,11,valence_classification,color_matching,matching,match_left,gütig,adjective,positive,blue,✲✲✲✲spaß✲✲✲✲,noun,positive,blue,0.4932,match,0.6976,0,0.6518,0.7875,91.25119932719514
37,1302,62,30,11,valence_classification,color_matching,matching,match_left,schön,adjective,positive,blue,✲entführung✲,noun,negative,brown,0.4932,nonmatch,0.6755,0,0.6517,0.7874,91.23115900873763
37,1303,63,30,11,valence_classification,color_matching,matching,match_left,glück,noun,positive,blue,✲✲✲liebe✲✲✲✲,noun,positive,brown,0.4932,nonmatch,0.654,0,0.6515,0.7872,91.21090655291941
37,1304,64,30,11,valence_classification,color_matching,matching,match_left,gütig,adjective,positive,brown,✲✲ehrlich✲✲✲,adjective,positive,brown,0.4932,match,0.6692,0,0.6514,0.7871,91.19042312372585
37,1305,1,31,12,valence_classification,color_matching,matching,match_left,ehrlich,adjective,positive,brown,✲✲✲gütig✲✲✲✲,adjective,positive,brown,0.4932,match,0.6177,0,0.6512,0.7869,91.16968952582907
37,1306,2,31,12,valence_classification,color_matching,matching,match_left,gierig,adjective,negative,blue,✲✲launisch✲✲,adjective,negative,brown,0.4932,nonmatch,0.6492,0,0.6511,0.7868,91.1486861726404
37,1307,3,31,12,valence_classification,color_matching,matching,match_left,spaß,noun,positive,blue,✲✲✲leiche✲✲✲,noun,negative,blue,0.4932,nonmatch,0.6788,1,0.6509,0.7866,91.1273930535259
37,1308,4,31,12,valence_classification,color_matching,matching,match_left,entführung,noun,negative,blue,✲✲✲leiche✲✲✲,noun,negative,brown,0.4932,nonmatch,0.7072,0,0.6513,0.7871,91.18772532805409
37,1309,5,31,12,valence_classification,color_matching,matching,match_left,gierig,adjective,negative,blue,✲✲ehrlich✲✲✲,adjective,positive,brown,0.4932,nonmatch,0.6144,0,0.6512,0.7869,91.16704734107228
37,1310,6,31,12,valence_classification,color_matching,matching,match_left,lustig,adjective,positive,blue,✲✲schlecht✲✲,adjective,negative,blue,0.4932,nonmatch,0.632,1,0.651,0.7868,91.14609821386595
37,1311,7,31,12,valence_classification,color_matching,matching,match_left,einfall,noun,positive,brown,✲entführung✲,noun,negative,blue,0.4932,nonmatch,0.6546,0,0.6515,0.7872,91.20541577561828
37,1312,8,31,12,valence_classification,color_matching,matching,match_left,eitel,adjective,negative,brown,✲✲✲gierig✲✲✲,adjective,negative,brown,0.4932,match,0.7267,0,0.6513,0.787,91.18504568195654
37,1313,9,31,12,valence_classification,color_matching,matching,match_left,launisch,adjective,negative,blue,✲✲schlecht✲✲,adjective,negative,blue,0.4932,match,0.641,0,0.6512,0.7869,91.16442246475629
37,1314,10,31,12,valence_classification,color_matching,matching,match_left,schlecht,adjective,negative,brown,✲✲✲eitel✲✲✲✲,adjective,negative,blue,0.4932,nonmatch,0.6475,0,0.651,0.7867,91.14352674389762
37,1315,11,31,12,valence_classification,color_matching,matching,match_left,liebe,noun,positive,blue,✲✲launisch✲✲,adjective,negative,blue,0.4932,match,0.7185,0,0.6509,0.7866,91.12233871380816
37,1316,12,31,12,valence_classification,color_matching,matching,match_left,eitel,adjective,negative,blue,✲✲schleim✲✲✲,noun,negative,brown,0.4932,nonmatch,0.7184,0,0.6507,0.7864,91.10083811032833
37,1317,13,31,12,valence_classification,color_matching,matching,match_left,ehrlich,adjective,positive,brown,✲✲launisch✲✲,adjective,negative,brown,0.4932,match,0.7263,0,0.6506,0.7863,91.07900417658665
37,1318,14,31,12,valence_classification,color_matching,matching,match_left,gütig,adjective,positive,brown,✲✲✲✲spaß✲✲✲✲,noun,positive,brown,0.4932,match,0.611,0,0.6504,0.7861,91.05681562780578
37,1319,15,31,12,valence_classification,color_matching,matching,match_left,schön,adjective,positive,brown,✲✲✲liebe✲✲✲✲,noun,positive,blue,0.4932,nonmatch,0.6474,0,0.6502,0.786,91.03425061495531
37,1320,16,31,12,valence_classification,color_matching,matching,match_left,glück,noun,positive,brown,✲✲ehrlich✲✲✲,adjective,positive,blue,0.5101,match,0.8129,1,0.6501,0.7858,91.01128668716426
37,1321,17,31,12,valence_classification,color_matching,matching,match_left,launisch,adjective,negative,brown,✲✲✲leiche✲✲✲,noun,negative,blue,0.4932,nonmatch,0.7197,0,0.6505,0.7863,91.07659968743006
37,1322,18,31,12,valence_classification,color_matching,matching,match_left,einfall,noun,positive,brown,✲✲✲schön✲✲✲✲,adjective,positive,brown,0.4932,match,0.8083,0,0.6504,0.7861,91.05445936673415
37,1323,19,31,12,valence_classification,color_matching,matching,match_left,schön,adjective,positive,brown,✲✲✲gierig✲✲✲,adjective,negative,blue,0.5007,nonmatch,0.5063,0,0.6502,0.7859,91.03194173896145
37,1324,20,31,12,valence_classification,color_matching,matching,match_left,lustig,adjective,positive,blue,✲✲✲glück✲✲✲✲,noun,positive,brown,0.4934,match,0.6391,1,0.6501,0.7858,91.00902445423988
37,1325,21,31,12,valence_classification,color_matching,matching,match_left,launisch,adjective,negative,blue,✲✲✲gütig✲✲✲✲,adjective,positive,blue,0.4932,match,0.8792,0,0.6505,0.7862,91.0742089138426
37,1326,22,31,12,valence_classification,color_matching,matching,match_left,eitel,adjective,negative,blue,✲✲✲✲spaß✲✲✲✲,noun,positive,blue,0.4932,match,1.5599,0,0.6504,0.7861,91.05211609317523
37,1327,23,31,12,valence_classification,color_matching,matching,match_left,schleim,noun,negative,blue,✲✲✲liebe✲✲✲✲,noun,positive,blue,0.4932,match,0.9361,0,0.6502,0.7859,91.02964513526926
37,1328,24,31,12,valence_classification,color_matching,matching,match_left,gütig,adjective,positive,blue,✲✲✲leiche✲✲✲,noun,negative,brown,0.4932,nonmatch,0.698,0,0.65,0.7858,91.00677378976933
37,1329,25,31,12,valence_classification,color_matching,matching,match_left,liebe,noun,positive,blue,✲✲✲✲spaß✲✲✲✲,noun,positive,brown,0.4932,nonmatch,0.6826,0,0.6499,0.7856,90.98347916765944
37,1330,26,31,12,valence_classification,color_matching,matching,match_left,spaß,noun,positive,blue,✲✲✲glück✲✲✲✲,noun,positive,blue,0.4932,match,0.7254,0,0.6497,0.7854,90.95973770152098
37,1331,27,31,12,valence_classification,color_matching,matching,match_left,schön,adjective,positive,blue,✲✲schleim✲✲✲,noun,negative,blue,0.4932,match,0.6222,0,0.6495,0.7853,90.9355251042884
37,1332,28,31,12,valence_classification,color_matching,matching,match_left,entführung,noun,negative,blue,✲✲✲gierig✲✲✲,adjective,negative,brown,0.4932,nonmatch,0.6718,0,0.6494,0.7851,90.91323323299729
37,1333,29,31,12,valence_classification,color_matching,matching,match_left,gift,noun,negative,blue,✲✲ehrlich✲✲✲,adjective,positive,brown,0.4959,nonmatch,0.6897,0,0.6492,0.785,90.89406096278285
37,1334,30,31,12,valence_classification,color_matching,matching,match_left,entführung,noun,negative,brown,✲✲✲✲spaß✲✲✲✲,noun,positive,blue,0.4932,nonmatch,0.731,0,0.6491,0.7848,90.87517836770427
37,1335,31,31,12,valence_classification,color_matching,matching,match_left,schlecht,adjective,negative,brown,✲✲✲liebe✲✲✲✲,noun,positive,blue,0.4973,nonmatch,0.7076,0,0.649,0.7847,90.85656813370066
37,1336,32,31,12,valence_classification,color_matching,matching,match_left,gift,noun,negative,brown,✲✲✲eitel✲✲✲✲,adjective,negative,brown,0.4932,match,0.7491,0,0.6488,0.7846,90.8382133911562
37,1337,33,31,12,valence_classification,color_matching,matching,match_left,ehrlich,adjective,positive,blue,✲✲einfall✲✲✲,noun,positive,blue,0.4937,match,0.5782,0,0.6487,0.7844,90.82009768566977
37,1338,34,31,12,valence_classification,color_matching,matching,match_left,einfall,noun,positive,brown,✲✲✲eitel✲✲✲✲,adjective,negative,blue,0.4969,nonmatch,0.6683,0,0.6486,0.7843,90.80220494990914
37,1339,35,31,12,valence_classification,color_matching,matching,match_left,launisch,adjective,negative,blue,✲✲✲glück✲✲✲✲,noun,positive,brown,0.4932,nonmatch,0.6938,0,0.6485,0.7842,90.7845194764741
37,1340,36,31,12,valence_classification,color_matching,matching,match_left,spaß,noun,positive,blue,✲✲✲gütig✲✲✲✲,adjective,positive,blue,0.4933,match,0.7183,0,0.6483,0.7841,90.76702589169575
37,1341,37,31,12,valence_classification,color_matching,matching,match_left,schleim,noun,negative,brown,✲✲✲gütig✲✲✲✲,adjective,positive,blue,0.4932,nonmatch,0.6755,0,0.6482,0.7839,90.74970913030214
37,1342,38,31,12,valence_classification,color_matching,matching,match_left,schön,adjective,positive,brown,✲✲✲lustig✲✲✲,adjective,positive,blue,0.4932,nonmatch,0.719,0,0.6481,0.7838,90.73255441088534
37,1343,39,31,12,valence_classification,color_matching,matching,match_left,schleim,noun,negative,brown,✲✲✲✲gift✲✲✲✲,noun,negative,blue,0.4932,nonmatch,0.6938,0,0.648,0.7837,90.71554721210593
37,1344,40,31,12,valence_classification,color_matching,matching,match_left,eitel,adjective,negative,brown,✲✲✲lustig✲✲✲,adjective,positive,blue,0.4932,nonmatch,0.7255,0,0.6478,0.7836,90.69867324957507
37,1345,41,31,12,valence_classification,color_matching,matching,match_left,schleim,noun,negative,brown,✲✲schlecht✲✲,adjective,negative,blue,0.4932,nonmatch,0.8023,0,0.6477,0.7834,90.6819184533557
37,1346,42,31,12,valence_classification,color_matching,matching,match_left,einfall,noun,positive,brown,✲✲✲liebe✲✲✲✲,noun,positive,blue,0.4932,nonmatch,0.7113,0,0.6476,0.7833,90.6652689460278
37,1347,43,31,12,valence_classification,color_matching,matching,match_left,gütig,adjective,positive,blue,✲✲✲eitel✲✲✲✲,adjective,negative,brown,0.4932,nonmatch,0.7827,0,0.6475,0.7832,90.64871102126308
37,1348,44,31,12,valence_classification,color_matching,matching,match_left,ehrlich,adjective,positive,brown,✲entführung✲,noun,negative,brown,0.4932,match,1.2,0,0.6474,0.7831,90.63223112285914
37,1349,45,31,12,valence_classification,color_matching,matching,match_left,leiche,noun,negative,blue,✲✲✲schön✲✲✲✲,adjective,positive,blue,0.4932,match,4.1577,0,0.6473,0.783,90.61581582418052
37,1350,46,31,12,valence_classification,color_matching,matching,match_left,gütig,adjective,positive,blue,✲✲ehrlich✲✲✲,adjective,positive,blue,0.4932,match,0.5825,0,0.6471,0.7829,90.59945180796106
37,1351,47,31,12,valence_classification,color_matching,matching,match_left,lustig,adjective,positive,blue,✲✲✲schön✲✲✲✲,adjective,positive,brown,0.4932,nonmatch,0.704,0,0.647,0.7827,90.58312584641813
37,1352,48,31,12,valence_classification,color_matching,matching,match_left,entführung,noun,negative,brown,✲✲✲lustig✲✲✲,adjective,positive,brown,0.4932,match,0.654,0,0.6469,0.7826,90.56682478163394
37,1353,49,31,12,valence_classification,color_matching,matching,match_left,gift,noun,negative,brown,✲✲schleim✲✲✲,noun,negative,brown,0.4932,match,0.7355,0,0.6468,0.7825,90.550535506159
37,1354,50,31,12,valence_classification,color_matching,matching,match_left,gierig,adjective,negative,blue,✲entführung✲,noun,negative,blue,0.4932,match,0.7262,0,0.6467,0.7824,90.5342449437943
37,1355,51,31,12,valence_classification,color_matching,matching,match_left,liebe,noun,positive,blue,✲✲✲lustig✲✲✲,adjective,positive,brown,0.4932,nonmatch,0.8326,0,0.6466,0.7823,90.5179400305079
37,1356,52,31,12,valence_classification,color_matching,matching,match_left,glück,noun,positive,brown,✲✲schleim✲✲✲,noun,negative,brown,0.4932,match,0.8172,0,0.6464,0.7822,90.50160769544502
37,1357,53,31,12,valence_classification,color_matching,matching,match_left,gift,noun,negative,brown,✲✲✲glück✲✲✲✲,noun,positive,brown,0.4932,match,0.6611,0,0.6463,0.782,90.48523484198904
37,1358,54,31,12,valence_classification,color_matching,matching,match_left,glück,noun,positive,brown,✲✲schlecht✲✲,adjective,negative,brown,0.4932,match,4.7217,0,0.6462,0.7819,90.46880832883225
37,1359,55,31,12,valence_classification,color_matching,matching,match_left,glück,noun,positive,brown,✲✲einfall✲✲✲,noun,positive,brown,0.4932,match,0.8278,0,0.6461,0.7818,90.45231495101494
37,1360,56,31,12,valence_classification,color_matching,matching,match_left,leiche,noun,negative,blue,✲entführung✲,noun,negative,blue,0.4932,nonmatch,0.8104,1,0.646,0.7817,90.43585532855221
37,1361,57,31,12,valence_classification,color_matching,matching,match_left,schlecht,adjective,negative,brown,✲✲✲✲gift✲✲✲✲,noun,negative,brown,0.4932,match,0.6612,0,0.6463,0.782,90.48208404451883
37,1362,58,31,12,valence_classification,color_matching,matching,match_left,leiche,noun,negative,blue,✲✲launisch✲✲,adjective,negative,blue,0.4932,match,0.6904,0,0.6462,0.7819,90.46571716490334
37,1363,59,31,12,valence_classification,color_matching,matching,match_left,liebe,noun,positive,blue,✲✲✲✲gift✲✲✲✲,noun,negative,brown,0.4932,nonmatch,0.7469,0,0.6461,0.7818,90.44939544201175
37,1364,60,31,12,valence_classification,color_matching,matching,match_left,lustig,adjective,positive,brown,✲✲✲✲gift✲✲✲✲,noun,negative,blue,0.4932,nonmatch,0.7755,0,0.6459,0.7817,90.43298955744869
37,1365,61,31,12,valence_classification,color_matching,matching,match_left,gierig,adjective,negative,brown,✲✲einfall✲✲✲,noun,positive,brown,0.4932,match,0.7578,0,0.6458,0.7815,90.4164864561036
37,1366,62,31,12,valence_classification,color_matching,matching,match_left,schlecht,adjective,negative,brown,✲✲✲schön✲✲✲✲,adjective,positive,brown,0.4932,match,4.1072,0,0.6457,0.7814,90.39987295379969
37,1367,63,31,12,valence_classification,color_matching,matching,match_left,spaß,noun,positive,blue,✲✲✲gierig✲✲✲,adjective,negative,brown,0.4932,nonmatch,0.5897,0,0.6456,0.7813,90.38313571853296
37,1368,64,31,12,valence_classification,color_matching,matching,match_left,leiche,noun,negative,blue,✲✲einfall✲✲✲,noun,positive,brown,0.4932,nonmatch,0.6437,0,0.6455,0.7812,90.36626125145163
