sid,tid,tix,bid,bix,study_task,current_task,study_phase,key_assignment,prime_identity,prime_part_of_speech,prime_valence,prime_color,target_identity,target_part_of_speech,target_valence,target_color,target_onset,response,response_time,error,response_window_start,response_window_end,n_target
58,1,1,1,1,part_of_speech_classification,part_of_speech_classification,acquisition,adjective_left,MQQM,,,black,spaß,noun,positive,black,0.9055,noun,2.0071,0,0.41,0.54,41
58,2,2,1,1,part_of_speech_classification,part_of_speech_classification,acquisition,adjective_left,XVVX,,,black,launisch,adjective,negative,black,0.8804,adjective,0.8662,0,0.41,0.54,41
58,3,3,1,1,part_of_speech_classification,part_of_speech_classification,acquisition,adjective_left,XVVX,,,black,gierig,adjective,negative,black,0.8807,adjective,0.6409,0,0.41,0.54,41
58,4,4,1,1,part_of_speech_classification,part_of_speech_classification,acquisition,adjective_left,ZYYZ,,,black,schleim,noun,negative,black,0.8804,noun,0.9727,0,0.41,0.54,41
58,5,5,1,1,part_of_speech_classification,part_of_speech_classification,acquisition,adjective_left,WJJW,,,black,gütig,adjective,positive,black,0.8804,adjective,0.9507,0,0.41,0.54,41
58,6,6,1,1,part_of_speech_classification,part_of_speech_classification,acquisition,adjective_left,ZYYZ,,,black,gift,noun,negative,black,0.8804,noun,0.873,0,0.41,0.54,41
58,7,7,1,1,part_of_speech_classification,part_of_speech_classification,acquisition,adjective_left,XVVX,,,black,schlecht,adjective,negative,black,0.8804,adjective,0.6461,0,0.41,0.54,41
58,8,8,1,1,part_of_speech_classification,part_of_speech_classification,acquisition,adjective_left,WJJW,,,black,schön,adjective,positive,black,0.8804,adjective,0.7251,0,0.41,0.54,41
58,9,9,1,1,part_of_speech_classification,part_of_speech_classification,acquisition,adjective_left,MQQM,,,black,einfall,noun,positive,black,0.8804,noun,0.7899,0,0.41,0.54,41
58,10,10,1,1,part_of_speech_classification,part_of_speech_classification,acquisition,adjective_left,XVVX,,,black,eitel,adjective,negative,black,0.8804,adjective,0.727,0,0.41,0.54,41
58,11,11,1,1,part_of_speech_classification,part_of_speech_classification,acquisition,adjective_left,WJJW,,,black,lustig,adjective,positive,black,0.8804,adjective,0.8312,0,0.41,0.54,41
58,12,12,1,1,part_of_speech_classification,part_of_speech_classification,acquisition,adjective_left,MQQM,,,black,einfall,noun,positive,black,0.8804,noun,0.705,0,0.41,0.54,41
58,13,13,1,1,part_of_speech_classification,part_of_speech_classification,acquisition,adjective_left,ZYYZ,,,black,leiche,noun,negative,black,0.8804,noun,0.612,0,0.41,0.54,41
58,14,14,1,1,part_of_speech_classification,part_of_speech_classification,acquisition,adjective_left,ZYYZ,,,black,entführung,noun,negative,black,0.8804,noun,0.7528,0,0.41,0.54,41
58,15,15,1,1,part_of_speech_classification,part_of_speech_classification,acquisition,adjective_left,MQQM,,,black,glück,noun,positive,black,0.8804,noun,0.5063,0,0.41,0.54,41
58,16,16,1,1,part_of_speech_classification,part_of_speech_classification,acquisition,adjective_left,MQQM,,,black,liebe,noun,positive,black,0.8804,noun,0.5975,0,0.41,0.54,41
58,17,17,1,1,part_of_speech_classification,part_of_speech_classification,acquisition,adjective_left,MQQM,,,black,glück,noun,positive,black,0.8805,noun,0.5489,0,0.41,0.54,41
58,18,18,1,1,part_of_speech_classification,part_of_speech_classification,acquisition,adjective_left,ZYYZ,,,black,entführung,noun,negative,black,0.8804,noun,0.7081,0,0.41,0.54,41
58,19,19,1,1,part_of_speech_classification,part_of_speech_classification,acquisition,adjective_left,WJJW,,,black,ehrlich,adjective,positive,black,0.8804,adjective,0.6626,0,0.41,0.54,41
58,20,20,1,1,part_of_speech_classification,part_of_speech_classification,acquisition,adjective_left,XVVX,,,black,eitel,adjective,negative,black,0.8804,adjective,0.8001,0,0.41,0.54,41
58,21,21,1,1,part_of_speech_classification,part_of_speech_classification,acquisition,adjective_left,WJJW,,,black,gütig,adjective,positive,black,0.8805,adjective,0.6583,0,0.41,0.54,41
58,22,22,1,1,part_of_speech_classification,part_of_speech_classification,acquisition,adjective_left,ZYYZ,,,black,gift,noun,negative,black,0.8804,noun,0.5844,0,0.41,0.54,41
58,23,23,1,1,part_of_speech_classification,part_of_speech_classification,acquisition,adjective_left,WJJW,,,black,ehrlich,adjective,positive,black,0.8804,adjective,0.6546,0,0.41,0.54,41
58,24,24,1,1,part_of_speech_classification,part_of_speech_classification,acquisition,adjective_left,XVVX,,,black,gierig,adjective,negative,black,0.8804,adjective,0.5532,0,0.41,0.54,41
58,25,1,2,2,part_of_speech_classification,part_of_speech_classification,acquisition,adjective_left,WJJW,,,black,schön,adjective,positive,black,0.8839,adjective,3.1834,0,0.41,0.54,41
58,26,2,2,2,part_of_speech_classification,part_of_speech_classification,acquisition,adjective_left,WJJW,,,black,gütig,adjective,positive,black,0.8804,adjective,0.396,0,0.41,0.54,41
58,27,3,2,2,part_of_speech_classification,part_of_speech_classification,acquisition,adjective_left,MQQM,,,black,spaß,noun,positive,black,0.8804,noun,0.5427,0,0.41,0.54,41
58,28,4,2,2,part_of_speech_classification,part_of_speech_classification,acquisition,adjective_left,XVVX,,,black,launisch,adjective,negative,black,0.8804,adjective,0.3889,0,0.41,0.54,41
58,29,5,2,2,part_of_speech_classification,part_of_speech_classification,acquisition,adjective_left,ZYYZ,,,black,entführung,noun,negative,black,0.8804,noun,0.536,0,0.41,0.54,41
58,30,6,2,2,part_of_speech_classification,part_of_speech_classification,acquisition,adjective_left,XVVX,,,black,schlecht,adjective,negative,black,0.8808,adjective,0.3779,0,0.41,0.54,41
58,31,7,2,2,part_of_speech_classification,part_of_speech_classification,acquisition,adjective_left,XVVX,,,black,eitel,adjective,negative,black,0.8805,adjective,0.3865,0,0.41,0.54,41
58,32,8,2,2,part_of_speech_classification,part_of_speech_classification,acquisition,adjective_left,MQQM,,,black,einfall,noun,positive,black,0.8804,noun,0.433,0,0.41,0.54,41
58,33,9,2,2,part_of_speech_classification,part_of_speech_classification,acquisition,adjective_left,WJJW,,,black,lustig,adjective,positive,black,0.8804,adjective,0.3943,0,0.41,0.54,41
58,34,10,2,2,part_of_speech_classification,part_of_speech_classification,acquisition,adjective_left,XVVX,,,black,gierig,adjective,negative,black,0.8804,adjective,0.395,0,0.41,0.54,41
58,35,11,2,2,part_of_speech_classification,part_of_speech_classification,acquisition,adjective_left,MQQM,,,black,glück,noun,positive,black,0.8804,noun,0.3846,0,0.41,0.54,41
58,36,12,2,2,part_of_speech_classification,part_of_speech_classification,acquisition,adjective_left,WJJW,,,black,ehrlich,adjective,positive,black,0.8804,adjective,0.3837,0,0.41,0.54,41
58,37,13,2,2,part_of_speech_classification,part_of_speech_classification,acquisition,adjective_left,WJJW,,,black,ehrlich,adjective,positive,black,0.8804,adjective,0.4241,0,0.41,0.54,41
58,38,14,2,2,part_of_speech_classification,part_of_speech_classification,acquisition,adjective_left,WJJW,,,black,gütig,adjective,positive,black,0.8804,noun,0.433,1,0.41,0.54,41
58,39,15,2,2,part_of_speech_classification,part_of_speech_classification,acquisition,adjective_left,ZYYZ,,,black,gift,noun,negative,black,0.8804,adjective,0.2953,1,0.41,0.54,41
58,40,16,2,2,part_of_speech_classification,part_of_speech_classification,acquisition,adjective_left,MQQM,,,black,einfall,noun,positive,black,0.8804,noun,0.4364,0,0.41,0.54,41
58,41,17,2,2,part_of_speech_classification,part_of_speech_classification,acquisition,adjective_left,XVVX,,,black,gierig,adjective,negative,black,0.8804,adjective,0.4186,0,0.41,0.54,41
58,42,18,2,2,part_of_speech_classification,part_of_speech_classification,acquisition,adjective_left,MQQM,,,black,liebe,noun,positive,black,0.8804,adjective,0.423,1,0.41,0.54,41
58,43,19,2,2,part_of_speech_classification,part_of_speech_classification,acquisition,adjective_left,XVVX,,,black,eitel,adjective,negative,black,0.8804,noun,0.3829,1,0.41,0.54,41
58,43,19,2,2,part_of_speech_classification,part_of_speech_classification,acquisition,adjective_left,XVVX,,,black,eitel,adjective,negative,black,0.8804,adjective,0.4463,0,0.41,0.54,41
58,44,20,2,2,part_of_speech_classification,part_of_speech_classification,acquisition,adjective_left,ZYYZ,,,black,schleim,noun,negative,black,0.8804,adjective,0.4551,1,0.41,0.54,41
58,45,21,2,2,part_of_speech_classification,part_of_speech_classification,acquisition,adjective_left,ZYYZ,,,black,leiche,noun,negative,black,0.8804,noun,0.473,0,0.41,0.54,41
58,46,22,2,2,part_of_speech_classification,part_of_speech_classification,acquisition,adjective_left,ZYYZ,,,black,gift,noun,negative,black,0.8805,noun,0.3529,0,0.41,0.54,41
58,47,23,2,2,part_of_speech_classification,part_of_speech_classification,acquisition,adjective_left,MQQM,,,black,glück,noun,positive,black,0.8805,noun,0.3577,0,0.41,0.54,41
58,48,24,2,2,part_of_speech_classification,part_of_speech_classification,acquisition,adjective_left,ZYYZ,,,black,entführung,noun,negative,black,0.8804,noun,0.6344,0,0.41,0.54,41
58,49,1,3,3,part_of_speech_classification,part_of_speech_classification,acquisition,adjective_left,WJJW,,,black,schön,adjective,positive,black,0.884,noun,0.4181,1,0.39,0.52,39
58,50,2,3,3,part_of_speech_classification,part_of_speech_classification,acquisition,adjective_left,MQQM,,,black,liebe,noun,positive,black,0.8804,noun,0.2985,0,0.39,0.52,39
58,51,3,3,3,part_of_speech_classification,part_of_speech_classification,acquisition,adjective_left,ZYYZ,,,black,gift,noun,negative,black,0.8804,noun,0.2998,0,0.39,0.52,39
58,52,4,3,3,part_of_speech_classification,part_of_speech_classification,acquisition,adjective_left,XVVX,,,black,launisch,adjective,negative,black,0.8804,adjective,0.4002,0,0.39,0.52,39
58,53,5,3,3,part_of_speech_classification,part_of_speech_classification,acquisition,adjective_left,XVVX,,,black,launisch,adjective,negative,black,0.8804,noun,0.3546,1,0.39,0.52,39
58,54,6,3,3,part_of_speech_classification,part_of_speech_classification,acquisition,adjective_left,WJJW,,,black,lustig,adjective,positive,black,0.8804,adjective,0.4199,0,0.39,0.52,39
58,55,7,3,3,part_of_speech_classification,part_of_speech_classification,acquisition,adjective_left,XVVX,,,black,schlecht,adjective,negative,black,0.8804,adjective,0.5103,0,0.39,0.52,39
58,56,8,3,3,part_of_speech_classification,part_of_speech_classification,acquisition,adjective_left,WJJW,,,black,schön,adjective,positive,black,0.8804,noun,0.3866,1,0.39,0.52,39
58,57,9,3,3,part_of_speech_classification,part_of_speech_classification,acquisition,adjective_left,WJJW,,,black,ehrlich,adjective,positive,black,0.8804,adjective,0.3846,0,0.39,0.52,39
58,58,10,3,3,part_of_speech_classification,part_of_speech_classification,acquisition,adjective_left,MQQM,,,black,spaß,noun,positive,black,0.8804,noun,0.3681,0,0.39,0.52,39
58,59,11,3,3,part_of_speech_classification,part_of_speech_classification,acquisition,adjective_left,WJJW,,,black,gütig,adjective,positive,black,0.8804,noun,0.5451,1,0.39,0.52,39
58,60,12,3,3,part_of_speech_classification,part_of_speech_classification,acquisition,adjective_left,WJJW,,,black,schön,adjective,positive,black,0.8804,adjective,0.2828,0,0.39,0.52,39
58,61,13,3,3,part_of_speech_classification,part_of_speech_classification,acquisition,adjective_left,ZYYZ,,,black,gift,noun,negative,black,0.8804,noun,0.3851,0,0.39,0.52,39
58,62,14,3,3,part_of_speech_classification,part_of_speech_classification,acquisition,adjective_left,MQQM,,,black,einfall,noun,positive,black,0.8804,noun,0.483,0,0.39,0.52,39
58,63,15,3,3,part_of_speech_classification,part_of_speech_classification,acquisition,adjective_left,MQQM,,,black,glück,noun,positive,black,0.8804,noun,0.3428,0,0.39,0.52,39
58,64,16,3,3,part_of_speech_classification,part_of_speech_classification,acquisition,adjective_left,ZYYZ,,,black,gift,noun,negative,black,0.8804,noun,0.5226,0,0.39,0.52,39
58,65,17,3,3,part_of_speech_classification,part_of_speech_classification,acquisition,adjective_left,XVVX,,,black,gierig,adjective,negative,black,0.8804,noun,0.3466,1,0.39,0.52,39
58,66,18,3,3,part_of_speech_classification,part_of_speech_classification,acquisition,adjective_left,MQQM,,,black,spaß,noun,positive,black,0.8804,adjective,0.1841,1,0.39,0.52,39
58,67,19,3,3,part_of_speech_classification,part_of_speech_classification,acquisition,adjective_left,XVVX,,,black,schlecht,adjective,negative,black,0.8804,adjective,0.2888,0,0.39,0.52,39
58,68,20,3,3,part_of_speech_classification,part_of_speech_classification,acquisition,adjective_left,XVVX,,,black,launisch,adjective,negative,black,0.8804,noun,0.3696,1,0.39,0.52,39
58,68,20,3,3,part_of_speech_classification,part_of_speech_classification,acquisition,adjective_left,XVVX,,,black,launisch,adjective,negative,black,0.8804,adjective,0.4824,0,0.39,0.52,39
58,69,21,3,3,part_of_speech_classification,part_of_speech_classification,acquisition,adjective_left,XVVX,,,black,gierig,adjective,negative,black,0.8805,adjective,0.2882,0,0.39,0.52,39
58,70,22,3,3,part_of_speech_classification,part_of_speech_classification,acquisition,adjective_left,ZYYZ,,,black,entführung,noun,negative,black,0.8804,adjective,0.403,1,0.39,0.52,39
58,71,23,3,3,part_of_speech_classification,part_of_speech_classification,acquisition,adjective_left,MQQM,,,black,einfall,noun,positive,black,0.8804,noun,0.5656,0,0.39,0.52,39
58,72,24,3,3,part_of_speech_classification,part_of_speech_classification,acquisition,adjective_left,ZYYZ,,,black,schleim,noun,negative,black,0.8805,noun,0.5842,0,0.39,0.52,39
58,73,25,3,3,part_of_speech_classification,part_of_speech_classification,acquisition,adjective_left,MQQM,,,black,spaß,noun,positive,black,0.8804,noun,0.1384,0,0.39,0.52,39
58,74,26,3,3,part_of_speech_classification,part_of_speech_classification,acquisition,adjective_left,MQQM,,,black,liebe,noun,positive,black,0.8809,noun,0.3629,0,0.39,0.52,39
58,75,27,3,3,part_of_speech_classification,part_of_speech_classification,acquisition,adjective_left,MQQM,,,black,glück,noun,positive,black,0.8804,adjective,0.3329,1,0.39,0.52,39
58,76,28,3,3,part_of_speech_classification,part_of_speech_classification,acquisition,adjective_left,XVVX,,,black,eitel,adjective,negative,black,0.8804,noun,0.2651,1,0.39,0.52,39
58,77,29,3,3,part_of_speech_classification,part_of_speech_classification,acquisition,adjective_left,ZYYZ,,,black,entführung,noun,negative,black,0.8805,adjective,0.2249,1,0.39,0.52,39
58,78,30,3,3,part_of_speech_classification,part_of_speech_classification,acquisition,adjective_left,WJJW,,,black,ehrlich,adjective,positive,black,0.8804,noun,0.1985,1,0.39,0.52,39
58,79,31,3,3,part_of_speech_classification,part_of_speech_classification,acquisition,adjective_left,XVVX,,,black,eitel,adjective,negative,black,0.8804,adjective,0.3329,0,0.39,0.52,39
58,80,32,3,3,part_of_speech_classification,part_of_speech_classification,acquisition,adjective_left,WJJW,,,black,gütig,adjective,positive,black,0.8809,adjective,0.3029,0,0.39,0.52,39
58,81,33,3,3,part_of_speech_classification,part_of_speech_classification,acquisition,adjective_left,XVVX,,,black,eitel,adjective,negative,black,0.8804,adjective,0.2788,0,0.39,0.52,39
58,82,34,3,3,part_of_speech_classification,part_of_speech_classification,acquisition,adjective_left,MQQM,,,black,glück,noun,positive,black,0.8804,adjective,0.3873,1,0.39,0.52,39
58,83,35,3,3,part_of_speech_classification,part_of_speech_classification,acquisition,adjective_left,MQQM,,,black,einfall,noun,positive,black,0.8804,noun,0.1627,0,0.39,0.52,39
58,84,36,3,3,part_of_speech_classification,part_of_speech_classification,acquisition,adjective_left,MQQM,,,black,liebe,noun,positive,black,0.8804,noun,0.3384,0,0.39,0.52,39
58,85,37,3,3,part_of_speech_classification,part_of_speech_classification,acquisition,adjective_left,ZYYZ,,,black,leiche,noun,negative,black,0.8804,noun,0.3768,0,0.39,0.52,39
58,86,38,3,3,part_of_speech_classification,part_of_speech_classification,acquisition,adjective_left,ZYYZ,,,black,entführung,noun,negative,black,0.8804,adjective,0.478,1,0.39,0.52,39
58,87,39,3,3,part_of_speech_classification,part_of_speech_classification,acquisition,adjective_left,WJJW,,,black,ehrlich,adjective,positive,black,0.8804,noun,0.3882,1,0.39,0.52,39
58,88,40,3,3,part_of_speech_classification,part_of_speech_classification,acquisition,adjective_left,WJJW,,,black,lustig,adjective,positive,black,0.8804,adjective,0.3175,0,0.39,0.52,39
58,89,41,3,3,part_of_speech_classification,part_of_speech_classification,acquisition,adjective_left,WJJW,,,black,gütig,adjective,positive,black,0.8804,adjective,0.433,0,0.39,0.52,39
58,90,42,3,3,part_of_speech_classification,part_of_speech_classification,acquisition,adjective_left,ZYYZ,,,black,leiche,noun,negative,black,0.8804,noun,0.403,0,0.39,0.52,39
58,91,43,3,3,part_of_speech_classification,part_of_speech_classification,acquisition,adjective_left,XVVX,,,black,schlecht,adjective,negative,black,0.8804,adjective,0.3679,0,0.39,0.52,39
58,92,44,3,3,part_of_speech_classification,part_of_speech_classification,acquisition,adjective_left,ZYYZ,,,black,leiche,noun,negative,black,0.8804,noun,0.4856,0,0.39,0.52,39
58,93,45,3,3,part_of_speech_classification,part_of_speech_classification,acquisition,adjective_left,ZYYZ,,,black,schleim,noun,negative,black,0.8804,noun,0.3955,0,0.39,0.52,39
58,94,46,3,3,part_of_speech_classification,part_of_speech_classification,acquisition,adjective_left,XVVX,,,black,gierig,adjective,negative,black,0.8805,adjective,1.6999,0,0.39,0.52,39
58,95,47,3,3,part_of_speech_classification,part_of_speech_classification,acquisition,adjective_left,WJJW,,,black,lustig,adjective,positive,black,0.8804,noun,0.3529,1,0.39,0.52,39
58,96,48,3,3,part_of_speech_classification,part_of_speech_classification,acquisition,adjective_left,ZYYZ,,,black,schleim,noun,negative,black,0.8805,noun,0.4531,0,0.39,0.52,39
58,97,1,4,4,part_of_speech_classification,part_of_speech_classification,acquisition,adjective_left,MQQM,,,black,glück,noun,positive,black,0.8804,noun,0.3774,0,0.34,0.47,34
58,98,2,4,4,part_of_speech_classification,part_of_speech_classification,acquisition,adjective_left,ZYYZ,,,black,entführung,noun,negative,black,0.8805,adjective,0.4052,1,0.34,0.47,34
58,99,3,4,4,part_of_speech_classification,part_of_speech_classification,acquisition,adjective_left,WJJW,,,black,gütig,adjective,positive,black,0.8804,noun,0.5124,1,0.34,0.47,34
58,100,4,4,4,part_of_speech_classification,part_of_speech_classification,acquisition,adjective_left,XVVX,,,black,launisch,adjective,negative,black,0.8804,adjective,1.0753,0,0.34,0.47,34
58,101,5,4,4,part_of_speech_classification,part_of_speech_classification,acquisition,adjective_left,ZYYZ,,,black,entführung,noun,negative,black,0.8804,noun,0.3052,0,0.34,0.47,34
58,102,6,4,4,part_of_speech_classification,part_of_speech_classification,acquisition,adjective_left,MQQM,,,black,liebe,noun,positive,black,0.8804,noun,0.383,0,0.34,0.47,34
58,103,7,4,4,part_of_speech_classification,part_of_speech_classification,acquisition,adjective_left,WJJW,,,black,ehrlich,adjective,positive,black,0.8804,adjective,0.4393,0,0.34,0.47,34
58,104,8,4,4,part_of_speech_classification,part_of_speech_classification,acquisition,adjective_left,WJJW,,,black,ehrlich,adjective,positive,black,0.8804,adjective,0.4261,0,0.34,0.47,34
58,105,9,4,4,part_of_speech_classification,part_of_speech_classification,acquisition,adjective_left,MQQM,,,black,spaß,noun,positive,black,0.8804,adjective,0.3101,1,0.34,0.47,34
58,105,9,4,4,part_of_speech_classification,part_of_speech_classification,acquisition,adjective_left,MQQM,,,black,spaß,noun,positive,black,0.8804,noun,0.4124,0,0.34,0.47,34
58,106,10,4,4,part_of_speech_classification,part_of_speech_classification,acquisition,adjective_left,WJJW,,,black,lustig,adjective,positive,black,0.8804,adjective,0.383,0,0.34,0.47,34
58,107,11,4,4,part_of_speech_classification,part_of_speech_classification,acquisition,adjective_left,WJJW,,,black,gütig,adjective,positive,black,0.8804,noun,0.3089,1,0.34,0.47,34
58,108,12,4,4,part_of_speech_classification,part_of_speech_classification,acquisition,adjective_left,WJJW,,,black,schön,adjective,positive,black,0.8804,noun,0.3135,1,0.34,0.47,34
58,109,13,4,4,part_of_speech_classification,part_of_speech_classification,acquisition,adjective_left,ZYYZ,,,black,schleim,noun,negative,black,0.8804,adjective,0.2703,1,0.34,0.47,34
58,110,14,4,4,part_of_speech_classification,part_of_speech_classification,acquisition,adjective_left,XVVX,,,black,launisch,adjective,negative,black,0.8804,adjective,0.3956,0,0.34,0.47,34
58,111,15,4,4,part_of_speech_classification,part_of_speech_classification,acquisition,adjective_left,MQQM,,,black,einfall,noun,positive,black,0.8804,noun,0.387,0,0.34,0.47,34
58,112,16,4,4,part_of_speech_classification,part_of_speech_classification,acquisition,adjective_left,XVVX,,,black,schlecht,adjective,negative,black,0.8804,adjective,0.4066,0,0.34,0.47,34
58,113,17,4,4,part_of_speech_classification,part_of_speech_classification,acquisition,adjective_left,WJJW,,,black,schön,adjective,positive,black,0.8804,noun,0.3491,1,0.34,0.47,34
58,114,18,4,4,part_of_speech_classification,part_of_speech_classification,acquisition,adjective_left,ZYYZ,,,black,gift,noun,negative,black,0.8804,adjective,0.3054,1,0.34,0.47,34
58,115,19,4,4,part_of_speech_classification,part_of_speech_classification,acquisition,adjective_left,WJJW,,,black,lustig,adjective,positive,black,0.8804,adjective,0.3893,0,0.34,0.47,34
58,116,20,4,4,part_of_speech_classification,part_of_speech_classification,acquisition,adjective_left,ZYYZ,,,black,schleim,noun,negative,black,0.8804,noun,0.3329,0,0.34,0.47,34
58,117,21,4,4,part_of_speech_classification,part_of_speech_classification,acquisition,adjective_left,ZYYZ,,,black,gift,noun,negative,black,0.8804,noun,0.4869,0,0.34,0.47,34
58,118,22,4,4,part_of_speech_classification,part_of_speech_classification,acquisition,adjective_left,WJJW,,,black,ehrlich,adjective,positive,black,0.8804,adjective,0.2763,0,0.34,0.47,34
58,119,23,4,4,part_of_speech_classification,part_of_speech_classification,acquisition,adjective_left,WJJW,,,black,schön,adjective,positive,black,0.8804,noun,0.353,1,0.34,0.47,34
58,120,24,4,4,part_of_speech_classification,part_of_speech_classification,acquisition,adjective_left,MQQM,,,black,liebe,noun,positive,black,0.8804,adjective,0.3568,1,0.34,0.47,34
58,121,25,4,4,part_of_speech_classification,part_of_speech_classification,acquisition,adjective_left,XVVX,,,black,gierig,adjective,negative,black,0.8804,adjective,0.359,0,0.34,0.47,34
58,122,26,4,4,part_of_speech_classification,part_of_speech_classification,acquisition,adjective_left,MQQM,,,black,spaß,noun,positive,black,0.8804,noun,0.3178,0,0.34,0.47,34
58,123,27,4,4,part_of_speech_classification,part_of_speech_classification,acquisition,adjective_left,ZYYZ,,,black,gift,noun,negative,black,0.8804,noun,0.42,0,0.34,0.47,34
58,124,28,4,4,part_of_speech_classification,part_of_speech_classification,acquisition,adjective_left,WJJW,,,black,gütig,adjective,positive,black,0.8804,adjective,0.383,0,0.34,0.47,34
58,125,29,4,4,part_of_speech_classification,part_of_speech_classification,acquisition,adjective_left,XVVX,,,black,gierig,adjective,negative,black,0.8804,noun,0.3602,1,0.34,0.47,34
58,125,29,4,4,part_of_speech_classification,part_of_speech_classification,acquisition,adjective_left,XVVX,,,black,gierig,adjective,negative,black,0.8804,adjective,0.4748,0,0.34,0.47,34
58,126,30,4,4,part_of_speech_classification,part_of_speech_classification,acquisition,adjective_left,XVVX,,,black,eitel,adjective,negative,black,0.8804,adjective,0.3551,0,0.34,0.47,34
58,127,31,4,4,part_of_speech_classification,part_of_speech_classification,acquisition,adjective_left,XVVX,,,black,schlecht,adjective,negative,black,0.8804,adjective,0.4129,0,0.34,0.47,34
58,128,32,4,4,part_of_speech_classification,part_of_speech_classification,acquisition,adjective_left,ZYYZ,,,black,entführung,noun,negative,black,0.8804,noun,0.4554,0,0.34,0.47,34
58,129,33,4,4,part_of_speech_classification,part_of_speech_classification,acquisition,adjective_left,MQQM,,,black,einfall,noun,positive,black,0.8804,noun,0.3976,0,0.34,0.47,34
58,130,34,4,4,part_of_speech_classification,part_of_speech_classification,acquisition,adjective_left,WJJW,,,black,lustig,adjective,positive,black,0.8804,noun,0.3852,1,0.34,0.47,34
58,131,35,4,4,part_of_speech_classification,part_of_speech_classification,acquisition,adjective_left,MQQM,,,black,spaß,noun,positive,black,0.8804,noun,0.387,0,0.34,0.47,34
58,132,36,4,4,part_of_speech_classification,part_of_speech_classification,acquisition,adjective_left,XVVX,,,black,gierig,adjective,negative,black,0.8804,adjective,0.3905,0,0.34,0.47,34
58,133,37,4,4,part_of_speech_classification,part_of_speech_classification,acquisition,adjective_left,ZYYZ,,,black,leiche,noun,negative,black,0.8804,adjective,0.339,1,0.34,0.47,34
58,134,38,4,4,part_of_speech_classification,part_of_speech_classification,acquisition,adjective_left,XVVX,,,black,launisch,adjective,negative,black,0.8805,adjective,0.3585,0,0.34,0.47,34
58,135,39,4,4,part_of_speech_classification,part_of_speech_classification,acquisition,adjective_left,XVVX,,,black,eitel,adjective,negative,black,0.8804,adjective,0.3349,0,0.34,0.47,34
58,136,40,4,4,part_of_speech_classification,part_of_speech_classification,acquisition,adjective_left,MQQM,,,black,glück,noun,positive,black,0.8804,noun,0.4054,0,0.34,0.47,34
58,137,41,4,4,part_of_speech_classification,part_of_speech_classification,acquisition,adjective_left,ZYYZ,,,black,schleim,noun,negative,black,0.8804,adjective,0.3955,1,0.34,0.47,34
58,138,42,4,4,part_of_speech_classification,part_of_speech_classification,acquisition,adjective_left,XVVX,,,black,schlecht,adjective,negative,black,0.8804,adjective,0.3693,0,0.34,0.47,34
58,139,43,4,4,part_of_speech_classification,part_of_speech_classification,acquisition,adjective_left,MQQM,,,black,liebe,noun,positive,black,0.8804,noun,0.343,0,0.34,0.47,34
58,140,44,4,4,part_of_speech_classification,part_of_speech_classification,acquisition,adjective_left,MQQM,,,black,glück,noun,positive,black,0.8804,noun,0.379,0,0.34,0.47,34
58,141,45,4,4,part_of_speech_classification,part_of_speech_classification,acquisition,adjective_left,XVVX,,,black,eitel,adjective,negative,black,0.8804,adjective,0.3951,0,0.34,0.47,34
58,142,46,4,4,part_of_speech_classification,part_of_speech_classification,acquisition,adjective_left,ZYYZ,,,black,leiche,noun,negative,black,0.8804,noun,0.4095,0,0.34,0.47,34
58,143,47,4,4,part_of_speech_classification,part_of_speech_classification,acquisition,adjective_left,ZYYZ,,,black,leiche,noun,negative,black,0.8804,noun,0.4088,0,0.34,0.47,34
58,144,48,4,4,part_of_speech_classification,part_of_speech_classification,acquisition,adjective_left,MQQM,,,black,einfall,noun,positive,black,0.8804,noun,0.4169,0,0.34,0.47,34
58,145,1,5,5,part_of_speech_classification,part_of_speech_classification,acquisition,adjective_left,WJJW,,,black,ehrlich,adjective,positive,black,0.8812,adjective,0.3837,0,0.34,0.47,34
58,146,2,5,5,part_of_speech_classification,part_of_speech_classification,acquisition,adjective_left,MQQM,,,black,spaß,noun,positive,black,0.8804,noun,0.3404,0,0.34,0.47,34
58,147,3,5,5,part_of_speech_classification,part_of_speech_classification,acquisition,adjective_left,WJJW,,,black,schön,adjective,positive,black,0.8804,adjective,0.3529,0,0.34,0.47,34
58,148,4,5,5,part_of_speech_classification,part_of_speech_classification,acquisition,adjective_left,MQQM,,,black,glück,noun,positive,black,0.8804,noun,0.4037,0,0.34,0.47,34
58,149,5,5,5,part_of_speech_classification,part_of_speech_classification,acquisition,adjective_left,ZYYZ,,,black,gift,noun,negative,black,0.8804,noun,0.3829,0,0.34,0.47,34
58,150,6,5,5,part_of_speech_classification,part_of_speech_classification,acquisition,adjective_left,XVVX,,,black,eitel,adjective,negative,black,0.8804,adjective,0.4869,0,0.34,0.47,34
58,151,7,5,5,part_of_speech_classification,part_of_speech_classification,acquisition,adjective_left,MQQM,,,black,liebe,noun,positive,black,0.8804,noun,0.3977,0,0.34,0.47,34
58,152,8,5,5,part_of_speech_classification,part_of_speech_classification,acquisition,adjective_left,XVVX,,,black,gierig,adjective,negative,black,0.8804,adjective,0.3379,0,0.34,0.47,34
58,153,9,5,5,part_of_speech_classification,part_of_speech_classification,acquisition,adjective_left,MQQM,,,black,einfall,noun,positive,black,0.8805,noun,0.3838,0,0.34,0.47,34
58,154,10,5,5,part_of_speech_classification,part_of_speech_classification,acquisition,adjective_left,MQQM,,,black,spaß,noun,positive,black,0.8804,noun,0.3335,0,0.34,0.47,34
58,155,11,5,5,part_of_speech_classification,part_of_speech_classification,acquisition,adjective_left,WJJW,,,black,schön,adjective,positive,black,0.8804,adjective,0.417,0,0.34,0.47,34
58,156,12,5,5,part_of_speech_classification,part_of_speech_classification,acquisition,adjective_left,ZYYZ,,,black,gift,noun,negative,black,0.8804,noun,0.3636,0,0.34,0.47,34
58,157,13,5,5,part_of_speech_classification,part_of_speech_classification,acquisition,adjective_left,XVVX,,,black,eitel,adjective,negative,black,0.8804,adjective,0.3355,0,0.34,0.47,34
58,158,14,5,5,part_of_speech_classification,part_of_speech_classification,acquisition,adjective_left,XVVX,,,black,schlecht,adjective,negative,black,0.8804,adjective,0.413,0,0.34,0.47,34
58,159,15,5,5,part_of_speech_classification,part_of_speech_classification,acquisition,adjective_left,MQQM,,,black,glück,noun,positive,black,0.8804,noun,0.4336,0,0.34,0.47,34
58,160,16,5,5,part_of_speech_classification,part_of_speech_classification,acquisition,adjective_left,WJJW,,,black,gütig,adjective,positive,black,0.8804,adjective,0.4892,0,0.34,0.47,34
58,161,17,5,5,part_of_speech_classification,part_of_speech_classification,acquisition,adjective_left,ZYYZ,,,black,leiche,noun,negative,black,0.8804,adjective,0.3458,1,0.34,0.47,34
58,162,18,5,5,part_of_speech_classification,part_of_speech_classification,acquisition,adjective_left,ZYYZ,,,black,schleim,noun,negative,black,0.8804,noun,0.353,0,0.34,0.47,34
58,163,19,5,5,part_of_speech_classification,part_of_speech_classification,acquisition,adjective_left,WJJW,,,black,schön,adjective,positive,black,0.8804,adjective,0.453,0,0.34,0.47,34
58,164,20,5,5,part_of_speech_classification,part_of_speech_classification,acquisition,adjective_left,XVVX,,,black,launisch,adjective,negative,black,0.8804,adjective,0.423,0,0.34,0.47,34
58,165,21,5,5,part_of_speech_classification,part_of_speech_classification,acquisition,adjective_left,MQQM,,,black,einfall,noun,positive,black,0.8804,noun,0.4053,0,0.34,0.47,34
58,166,22,5,5,part_of_speech_classification,part_of_speech_classification,acquisition,adjective_left,WJJW,,,black,ehrlich,adjective,positive,black,0.8804,adjective,0.3281,0,0.34,0.47,34
58,167,23,5,5,part_of_speech_classification,part_of_speech_classification,acquisition,adjective_left,XVVX,,,black,eitel,adjective,negative,black,0.8804,noun,0.3351,1,0.34,0.47,34
58,168,24,5,5,part_of_speech_classification,part_of_speech_classification,acquisition,adjective_left,ZYYZ,,,black,schleim,noun,negative,black,0.8804,adjective,0.415,1,0.34,0.47,34
58,169,25,5,5,part_of_speech_classification,part_of_speech_classification,acquisition,adjective_left,WJJW,,,black,lustig,adjective,positive,black,0.8804,adjective,0.4252,0,0.34,0.47,34
58,170,26,5,5,part_of_speech_classification,part_of_speech_classification,acquisition,adjective_left,MQQM,,,black,liebe,noun,positive,black,0.8804,noun,0.3452,0,0.34,0.47,34
58,171,27,5,5,part_of_speech_classification,part_of_speech_classification,acquisition,adjective_left,XVVX,,,black,schlecht,adjective,negative,black,0.8804,adjective,0.3229,0,0.34,0.47,34
58,172,28,5,5,part_of_speech_classification,part_of_speech_classification,acquisition,adjective_left,WJJW,,,black,lustig,adjective,positive,black,0.8804,adjective,0.4183,0,0.34,0.47,34
58,173,29,5,5,part_of_speech_classification,part_of_speech_classification,acquisition,adjective_left,MQQM,,,black,spaß,noun,positive,black,0.8804,noun,0.443,0,0.34,0.47,34
58,174,30,5,5,part_of_speech_classification,part_of_speech_classification,acquisition,adjective_left,ZYYZ,,,black,leiche,noun,negative,black,0.8804,adjective,0.383,1,0.34,0.47,34
58,175,31,5,5,part_of_speech_classification,part_of_speech_classification,acquisition,adjective_left,ZYYZ,,,black,entführung,noun,negative,black,0.8804,noun,0.443,0,0.34,0.47,34
58,176,32,5,5,part_of_speech_classification,part_of_speech_classification,acquisition,adjective_left,WJJW,,,black,gütig,adjective,positive,black,0.8804,adjective,0.4167,0,0.34,0.47,34
58,177,33,5,5,part_of_speech_classification,part_of_speech_classification,acquisition,adjective_left,MQQM,,,black,liebe,noun,positive,black,0.8804,noun,0.3751,0,0.34,0.47,34
58,178,34,5,5,part_of_speech_classification,part_of_speech_classification,acquisition,adjective_left,WJJW,,,black,ehrlich,adjective,positive,black,0.8805,adjective,0.3398,0,0.34,0.47,34
58,179,35,5,5,part_of_speech_classification,part_of_speech_classification,acquisition,adjective_left,ZYYZ,,,black,entführung,noun,negative,black,0.8804,noun,0.3978,0,0.34,0.47,34
58,180,36,5,5,part_of_speech_classification,part_of_speech_classification,acquisition,adjective_left,MQQM,,,black,einfall,noun,positive,black,0.8804,noun,0.3494,0,0.34,0.47,34
58,181,37,5,5,part_of_speech_classification,part_of_speech_classification,acquisition,adjective_left,MQQM,,,black,glück,noun,positive,black,0.8804,noun,0.3596,0,0.34,0.47,34
58,182,38,5,5,part_of_speech_classification,part_of_speech_classification,acquisition,adjective_left,XVVX,,,black,schlecht,adjective,negative,black,0.8804,adjective,0.3955,0,0.34,0.47,34
58,183,39,5,5,part_of_speech_classification,part_of_speech_classification,acquisition,adjective_left,ZYYZ,,,black,leiche,noun,negative,black,0.8804,noun,0.363,0,0.34,0.47,34
58,184,40,5,5,part_of_speech_classification,part_of_speech_classification,acquisition,adjective_left,XVVX,,,black,gierig,adjective,negative,black,0.8804,adjective,0.4059,0,0.34,0.47,34
58,185,41,5,5,part_of_speech_classification,part_of_speech_classification,acquisition,adjective_left,XVVX,,,black,gierig,adjective,negative,black,0.8804,adjective,0.3959,0,0.34,0.47,34
58,186,42,5,5,part_of_speech_classification,part_of_speech_classification,acquisition,adjective_left,WJJW,,,black,lustig,adjective,positive,black,0.8804,adjective,0.3832,0,0.34,0.47,34
58,187,43,5,5,part_of_speech_classification,part_of_speech_classification,acquisition,adjective_left,XVVX,,,black,launisch,adjective,negative,black,0.8804,adjective,0.3652,0,0.34,0.47,34
58,188,44,5,5,part_of_speech_classification,part_of_speech_classification,acquisition,adjective_left,ZYYZ,,,black,entführung,noun,negative,black,0.8804,noun,0.3395,0,0.34,0.47,34
58,189,45,5,5,part_of_speech_classification,part_of_speech_classification,acquisition,adjective_left,ZYYZ,,,black,gift,noun,negative,black,0.8804,noun,0.3272,0,0.34,0.47,34
58,190,46,5,5,part_of_speech_classification,part_of_speech_classification,acquisition,adjective_left,XVVX,,,black,launisch,adjective,negative,black,0.8805,adjective,0.3354,0,0.34,0.47,34
58,191,47,5,5,part_of_speech_classification,part_of_speech_classification,acquisition,adjective_left,ZYYZ,,,black,schleim,noun,negative,black,0.8804,adjective,0.368,1,0.34,0.47,34
58,192,48,5,5,part_of_speech_classification,part_of_speech_classification,acquisition,adjective_left,WJJW,,,black,gütig,adjective,positive,black,0.8804,adjective,0.4965,0,0.34,0.47,34
58,193,1,6,1,part_of_speech_classification,valence_classification,classification_1,positive_left,ZYYZ,,,black,liebe,noun,positive,black,0.8838,negative,0.4086,1,0.34,0.47,34
58,194,2,6,1,part_of_speech_classification,valence_classification,classification_1,positive_left,XVVX,,,black,gütig,adjective,positive,black,0.8804,positive,0.419,0,0.34,0.47,34
58,195,3,6,1,part_of_speech_classification,valence_classification,classification_1,positive_left,ZYYZ,,,black,entführung,noun,negative,black,0.8804,positive,0.3665,1,0.34,0.47,34
58,196,4,6,1,part_of_speech_classification,valence_classification,classification_1,positive_left,XVVX,,,black,schön,adjective,positive,black,0.8804,positive,0.3741,0,0.34,0.47,34
58,197,5,6,1,part_of_speech_classification,valence_classification,classification_1,positive_left,MQQM,,,black,leiche,noun,negative,black,0.8804,negative,0.45,0,0.34,0.47,34
58,198,6,6,1,part_of_speech_classification,valence_classification,classification_1,positive_left,WJJW,,,black,lustig,adjective,positive,black,0.8804,positive,0.3329,0,0.34,0.47,34
58,199,7,6,1,part_of_speech_classification,valence_classification,classification_1,positive_left,MQQM,,,black,schleim,noun,negative,black,0.8804,positive,0.184,1,0.34,0.47,34
58,200,8,6,1,part_of_speech_classification,valence_classification,classification_1,positive_left,WJJW,,,black,ehrlich,adjective,positive,black,0.8805,negative,0.0979,1,0.34,0.47,34
58,201,9,6,1,part_of_speech_classification,valence_classification,classification_1,positive_left,ZYYZ,,,black,glück,noun,positive,black,0.8804,negative,0.0853,1,0.34,0.47,34
58,202,10,6,1,part_of_speech_classification,valence_classification,classification_1,positive_left,MQQM,,,black,einfall,noun,positive,black,0.8804,negative,0.0577,1,0.34,0.47,34
58,203,11,6,1,part_of_speech_classification,valence_classification,classification_1,positive_left,XVVX,,,black,gütig,adjective,positive,black,0.8804,negative,0.0766,1,0.34,0.47,34
58,204,12,6,1,part_of_speech_classification,valence_classification,classification_1,positive_left,MQQM,,,black,spaß,noun,positive,black,0.8804,negative,0.0747,1,0.34,0.47,34
58,205,13,6,1,part_of_speech_classification,valence_classification,classification_1,positive_left,MQQM,,,black,einfall,noun,positive,black,0.8804,negative,1.1566,1,0.34,0.47,34
58,206,14,6,1,part_of_speech_classification,valence_classification,classification_1,positive_left,WJJW,,,black,schlecht,adjective,negative,black,0.8804,positive,0.0763,1,0.34,0.47,34
58,207,15,6,1,part_of_speech_classification,valence_classification,classification_1,positive_left,WJJW,,,black,gierig,adjective,negative,black,0.8804,negative,0.4971,0,0.34,0.47,34
58,208,16,6,1,part_of_speech_classification,valence_classification,classification_1,positive_left,MQQM,,,black,entführung,noun,negative,black,0.8804,negative,0.0167,0,0.34,0.47,34
58,209,17,6,1,part_of_speech_classification,valence_classification,classification_1,positive_left,ZYYZ,,,black,gift,noun,negative,black,0.8804,positive,0.0501,1,0.34,0.47,34
58,210,18,6,1,part_of_speech_classification,valence_classification,classification_1,positive_left,WJJW,,,black,ehrlich,adjective,positive,black,0.8804,positive,0.3827,0,0.34,0.47,34
58,211,19,6,1,part_of_speech_classification,valence_classification,classification_1,positive_left,XVVX,,,black,eitel,adjective,negative,black,0.8804,positive,0.2928,1,0.34,0.47,34
58,212,20,6,1,part_of_speech_classification,valence_classification,classification_1,positive_left,WJJW,,,black,eitel,adjective,negative,black,0.8804,positive,0.3614,1,0.34,0.47,34
58,213,21,6,1,part_of_speech_classification,valence_classification,classification_1,positive_left,ZYYZ,,,black,glück,noun,positive,black,0.8804,negative,0.2064,1,0.34,0.47,34
58,214,22,6,1,part_of_speech_classification,valence_classification,classification_1,positive_left,XVVX,,,black,launisch,adjective,negative,black,0.8804,positive,0.0272,1,0.34,0.47,34
58,215,23,6,1,part_of_speech_classification,valence_classification,classification_1,positive_left,ZYYZ,,,black,gift,noun,negative,black,0.8804,negative,0.0567,0,0.34,0.47,34
58,216,24,6,1,part_of_speech_classification,valence_classification,classification_1,positive_left,XVVX,,,black,gierig,adjective,negative,black,0.8804,positive,0.255,1,0.34,0.47,34
58,217,1,7,2,part_of_speech_classification,valence_classification,classification_1,positive_left,MQQM,,,black,gift,noun,negative,black,0.884,negative,0.2976,0,0.34,0.47,34
58,218,2,7,2,part_of_speech_classification,valence_classification,classification_1,positive_left,MQQM,,,black,entführung,noun,negative,black,0.8809,negative,0.3937,0,0.34,0.47,34
58,219,3,7,2,part_of_speech_classification,valence_classification,classification_1,positive_left,MQQM,,,black,glück,noun,positive,black,0.8804,positive,0.3252,0,0.34,0.47,34
58,220,4,7,2,part_of_speech_classification,valence_classification,classification_1,positive_left,WJJW,,,black,lustig,adjective,positive,black,0.8804,positive,0.448,0,0.34,0.47,34
58,221,5,7,2,part_of_speech_classification,valence_classification,classification_1,positive_left,MQQM,,,black,einfall,noun,positive,black,0.8806,positive,0.3429,0,0.34,0.47,34
58,222,6,7,2,part_of_speech_classification,valence_classification,classification_1,positive_left,XVVX,,,black,launisch,adjective,negative,black,0.8804,positive,0.4456,1,0.34,0.47,34
58,223,7,7,2,part_of_speech_classification,valence_classification,classification_1,positive_left,ZYYZ,,,black,leiche,noun,negative,black,0.8804,negative,0.393,0,0.34,0.47,34
58,224,8,7,2,part_of_speech_classification,valence_classification,classification_1,positive_left,XVVX,,,black,gütig,adjective,positive,black,0.8804,positive,0.3929,0,0.34,0.47,34
58,225,9,7,2,part_of_speech_classification,valence_classification,classification_1,positive_left,ZYYZ,,,black,schleim,noun,negative,black,0.8807,negative,0.408,0,0.34,0.47,34
58,226,10,7,2,part_of_speech_classification,valence_classification,classification_1,positive_left,WJJW,,,black,gütig,adjective,positive,black,0.8804,positive,0.2728,0,0.34,0.47,34
58,227,11,7,2,part_of_speech_classification,valence_classification,classification_1,positive_left,WJJW,,,black,gierig,adjective,negative,black,0.8804,positive,0.3028,1,0.34,0.47,34
58,228,12,7,2,part_of_speech_classification,valence_classification,classification_1,positive_left,MQQM,,,black,spaß,noun,positive,black,0.8804,positive,0.3695,0,0.34,0.47,34
58,229,13,7,2,part_of_speech_classification,valence_classification,classification_1,positive_left,ZYYZ,,,black,glück,noun,positive,black,0.8804,positive,0.3687,0,0.34,0.47,34
58,230,14,7,2,part_of_speech_classification,valence_classification,classification_1,positive_left,XVVX,,,black,ehrlich,adjective,positive,black,0.8804,positive,0.3134,0,0.34,0.47,34
58,231,15,7,2,part_of_speech_classification,valence_classification,classification_1,positive_left,WJJW,,,black,eitel,adjective,negative,black,0.8804,positive,0.413,1,0.34,0.47,34
58,232,16,7,2,part_of_speech_classification,valence_classification,classification_1,positive_left,ZYYZ,,,black,liebe,noun,positive,black,0.8804,negative,0.2636,1,0.34,0.47,34
58,233,17,7,2,part_of_speech_classification,valence_classification,classification_1,positive_left,WJJW,,,black,schlecht,adjective,negative,black,0.8804,negative,0.4088,0,0.34,0.47,34
58,234,18,7,2,part_of_speech_classification,valence_classification,classification_1,positive_left,ZYYZ,,,black,einfall,noun,positive,black,0.8804,positive,0.4102,0,0.34,0.47,34
58,235,19,7,2,part_of_speech_classification,valence_classification,classification_1,positive_left,XVVX,,,black,schön,adjective,positive,black,0.8804,positive,0.3792,0,0.34,0.47,34
58,236,20,7,2,part_of_speech_classification,valence_classification,classification_1,positive_left,MQQM,,,black,gift,noun,negative,black,0.8804,positive,0.3495,1,0.34,0.47,34
58,237,21,7,2,part_of_speech_classification,valence_classification,classification_1,positive_left,WJJW,,,black,ehrlich,adjective,positive,black,0.8804,negative,0.1527,1,0.34,0.47,34
58,238,22,7,2,part_of_speech_classification,valence_classification,classification_1,positive_left,ZYYZ,,,black,entführung,noun,negative,black,0.8805,positive,0.303,1,0.34,0.47,34
58,239,23,7,2,part_of_speech_classification,valence_classification,classification_1,positive_left,XVVX,,,black,gierig,adjective,negative,black,0.8804,positive,0.3276,1,0.34,0.47,34
58,240,24,7,2,part_of_speech_classification,valence_classification,classification_1,positive_left,XVVX,,,black,eitel,adjective,negative,black,0.8804,positive,0.4055,1,0.34,0.47,34
58,241,1,8,3,part_of_speech_classification,valence_classification,classification_1,positive_left,XVVX,,,black,schön,adjective,positive,black,0.8832,positive,0.3028,0,0.34,0.47,34
58,242,2,8,3,part_of_speech_classification,valence_classification,classification_1,positive_left,ZYYZ,,,black,einfall,noun,positive,black,0.8804,positive,0.413,0,0.34,0.47,34
58,243,3,8,3,part_of_speech_classification,valence_classification,classification_1,positive_left,XVVX,,,black,gütig,adjective,positive,black,0.8804,positive,0.3029,0,0.34,0.47,34
58,244,4,8,3,part_of_speech_classification,valence_classification,classification_1,positive_left,XVVX,,,black,eitel,adjective,negative,black,0.8804,positive,0.396,1,0.34,0.47,34
58,245,5,8,3,part_of_speech_classification,valence_classification,classification_1,positive_left,MQQM,,,black,glück,noun,positive,black,0.8804,negative,0.2992,1,0.34,0.47,34
58,246,6,8,3,part_of_speech_classification,valence_classification,classification_1,positive_left,XVVX,,,black,launisch,adjective,negative,black,0.8804,positive,0.313,1,0.34,0.47,34
58,247,7,8,3,part_of_speech_classification,valence_classification,classification_1,positive_left,MQQM,,,black,einfall,noun,positive,black,0.8804,negative,0.502,1,0.34,0.47,34
58,248,8,8,3,part_of_speech_classification,valence_classification,classification_1,positive_left,ZYYZ,,,black,entführung,noun,negative,black,0.8804,positive,1.6526,1,0.34,0.47,34
58,249,9,8,3,part_of_speech_classification,valence_classification,classification_1,positive_left,XVVX,,,black,gierig,adjective,negative,black,0.8804,positive,0.28,1,0.34,0.47,34
58,250,10,8,3,part_of_speech_classification,valence_classification,classification_1,positive_left,XVVX,,,black,schön,adjective,positive,black,0.8804,positive,0.3487,0,0.34,0.47,34
58,251,11,8,3,part_of_speech_classification,valence_classification,classification_1,positive_left,XVVX,,,black,lustig,adjective,positive,black,0.8804,positive,0.3829,0,0.34,0.47,34
58,252,12,8,3,part_of_speech_classification,valence_classification,classification_1,positive_left,XVVX,,,black,launisch,adjective,negative,black,0.8804,positive,0.383,1,0.34,0.47,34
58,253,13,8,3,part_of_speech_classification,valence_classification,classification_1,positive_left,ZYYZ,,,black,einfall,noun,positive,black,0.8804,negative,0.3735,1,0.34,0.47,34
58,254,14,8,3,part_of_speech_classification,valence_classification,classification_1,positive_left,ZYYZ,,,black,glück,noun,positive,black,0.8804,positive,0.2875,0,0.34,0.47,34
58,255,15,8,3,part_of_speech_classification,valence_classification,classification_1,positive_left,WJJW,,,black,ehrlich,adjective,positive,black,0.8804,positive,0.3177,0,0.34,0.47,34
58,256,16,8,3,part_of_speech_classification,valence_classification,classification_1,positive_left,WJJW,,,black,gierig,adjective,negative,black,0.8804,positive,0.3578,1,0.34,0.47,34
58,257,17,8,3,part_of_speech_classification,valence_classification,classification_1,positive_left,MQQM,,,black,gift,noun,negative,black,0.8809,positive,0.343,1,0.34,0.47,34
58,258,18,8,3,part_of_speech_classification,valence_classification,classification_1,positive_left,ZYYZ,,,black,gift,noun,negative,black,0.8804,negative,0.234,0,0.34,0.47,34
58,259,19,8,3,part_of_speech_classification,valence_classification,classification_1,positive_left,WJJW,,,black,schlecht,adjective,negative,black,0.8804,negative,0.343,0,0.34,0.47,34
58,260,20,8,3,part_of_speech_classification,valence_classification,classification_1,positive_left,WJJW,,,black,ehrlich,adjective,positive,black,0.8804,positive,0.3135,0,0.34,0.47,34
58,261,21,8,3,part_of_speech_classification,valence_classification,classification_1,positive_left,MQQM,,,black,schleim,noun,negative,black,0.8804,positive,0.4056,1,0.34,0.47,34
58,262,22,8,3,part_of_speech_classification,valence_classification,classification_1,positive_left,ZYYZ,,,black,entführung,noun,negative,black,0.8804,negative,0.1762,0,0.34,0.47,34
58,263,23,8,3,part_of_speech_classification,valence_classification,classification_1,positive_left,ZYYZ,,,black,liebe,noun,positive,black,0.8804,positive,0.2669,0,0.34,0.47,34
58,264,24,8,3,part_of_speech_classification,valence_classification,classification_1,positive_left,MQQM,,,black,spaß,noun,positive,black,0.8804,positive,0.3066,0,0.34,0.47,34
58,265,25,8,3,part_of_speech_classification,valence_classification,classification_1,positive_left,MQQM,,,black,entführung,noun,negative,black,0.8804,positive,0.3379,1,0.34,0.47,34
58,266,26,8,3,part_of_speech_classification,valence_classification,classification_1,positive_left,MQQM,,,black,liebe,noun,positive,black,0.8804,negative,0.2776,1,0.34,0.47,34
58,267,27,8,3,part_of_speech_classification,valence_classification,classification_1,positive_left,XVVX,,,black,gütig,adjective,positive,black,0.8804,positive,0.2654,0,0.34,0.47,34
58,268,28,8,3,part_of_speech_classification,valence_classification,classification_1,positive_left,WJJW,,,black,schön,adjective,positive,black,0.8804,positive,0.3328,0,0.34,0.47,34
58,269,29,8,3,part_of_speech_classification,valence_classification,classification_1,positive_left,ZYYZ,,,black,leiche,noun,negative,black,0.8804,positive,0.3054,1,0.34,0.47,34
58,270,30,8,3,part_of_speech_classification,valence_classification,classification_1,positive_left,MQQM,,,black,liebe,noun,positive,black,0.8804,positive,0.3766,0,0.34,0.47,34
58,271,31,8,3,part_of_speech_classification,valence_classification,classification_1,positive_left,WJJW,,,black,launisch,adjective,negative,black,0.8805,negative,0.3831,0,0.34,0.47,34
58,272,32,8,3,part_of_speech_classification,valence_classification,classification_1,positive_left,ZYYZ,,,black,glück,noun,positive,black,0.8804,positive,0.3576,0,0.34,0.47,34
58,273,33,8,3,part_of_speech_classification,valence_classification,classification_1,positive_left,WJJW,,,black,lustig,adjective,positive,black,0.8804,positive,0.3663,0,0.34,0.47,34
58,274,34,8,3,part_of_speech_classification,valence_classification,classification_1,positive_left,MQQM,,,black,schleim,noun,negative,black,0.8804,negative,0.3963,0,0.34,0.47,34
58,275,35,8,3,part_of_speech_classification,valence_classification,classification_1,positive_left,WJJW,,,black,schlecht,adjective,negative,black,0.8804,positive,0.3929,1,0.34,0.47,34
58,276,36,8,3,part_of_speech_classification,valence_classification,classification_1,positive_left,WJJW,,,black,eitel,adjective,negative,black,0.8804,positive,0.3756,1,0.34,0.47,34
58,277,37,8,3,part_of_speech_classification,valence_classification,classification_1,positive_left,ZYYZ,,,black,schleim,noun,negative,black,0.8804,negative,0.3054,0,0.34,0.47,34
58,278,38,8,3,part_of_speech_classification,valence_classification,classification_1,positive_left,XVVX,,,black,gütig,adjective,positive,black,0.8804,negative,0.5496,1,0.34,0.47,34
58,279,39,8,3,part_of_speech_classification,valence_classification,classification_1,positive_left,WJJW,,,black,ehrlich,adjective,positive,black,0.8804,negative,0.373,1,0.34,0.47,34
58,280,40,8,3,part_of_speech_classification,valence_classification,classification_1,positive_left,XVVX,,,black,schlecht,adjective,negative,black,0.8806,negative,0.3602,0,0.34,0.47,34
58,281,41,8,3,part_of_speech_classification,valence_classification,classification_1,positive_left,WJJW,,,black,lustig,adjective,positive,black,0.8804,positive,0.3569,0,0.34,0.47,34
58,282,42,8,3,part_of_speech_classification,valence_classification,classification_1,positive_left,ZYYZ,,,black,leiche,noun,negative,black,0.8804,negative,0.3989,0,0.34,0.47,34
58,283,43,8,3,part_of_speech_classification,valence_classification,classification_1,positive_left,ZYYZ,,,black,spaß,noun,positive,black,0.8805,positive,0.3771,0,0.34,0.47,34
58,284,44,8,3,part_of_speech_classification,valence_classification,classification_1,positive_left,MQQM,,,black,leiche,noun,negative,black,0.8804,positive,0.383,1,0.34,0.47,34
58,285,45,8,3,part_of_speech_classification,valence_classification,classification_1,positive_left,WJJW,,,black,eitel,adjective,negative,black,0.8804,positive,0.3776,1,0.34,0.47,34
58,286,46,8,3,part_of_speech_classification,valence_classification,classification_1,positive_left,XVVX,,,black,gierig,adjective,negative,black,0.8804,positive,0.413,1,0.34,0.47,34
58,287,47,8,3,part_of_speech_classification,valence_classification,classification_1,positive_left,MQQM,,,black,spaß,noun,positive,black,0.8804,positive,0.3651,0,0.34,0.47,34
58,288,48,8,3,part_of_speech_classification,valence_classification,classification_1,positive_left,MQQM,,,black,gift,noun,negative,black,0.8804,negative,0.2867,0,0.34,0.47,34
58,289,1,9,4,part_of_speech_classification,valence_classification,classification_1,positive_left,ZYYZ,,,black,entführung,noun,negative,black,0.8839,negative,0.3431,0,0.34,0.47,34
58,290,2,9,4,part_of_speech_classification,valence_classification,classification_1,positive_left,WJJW,,,black,gütig,adjective,positive,black,0.8804,positive,0.393,0,0.34,0.47,34
58,291,3,9,4,part_of_speech_classification,valence_classification,classification_1,positive_left,MQQM,,,black,schleim,noun,negative,black,0.8804,negative,0.416,0,0.34,0.47,34
58,292,4,9,4,part_of_speech_classification,valence_classification,classification_1,positive_left,XVVX,,,black,lustig,adjective,positive,black,0.8804,positive,0.3329,0,0.34,0.47,34
58,293,5,9,4,part_of_speech_classification,valence_classification,classification_1,positive_left,MQQM,,,black,spaß,noun,positive,black,0.8804,positive,0.3272,0,0.34,0.47,34
58,294,6,9,4,part_of_speech_classification,valence_classification,classification_1,positive_left,WJJW,,,black,gierig,adjective,negative,black,0.8804,positive,0.3899,1,0.34,0.47,34
58,295,7,9,4,part_of_speech_classification,valence_classification,classification_1,positive_left,WJJW,,,black,ehrlich,adjective,positive,black,0.8804,positive,0.2688,0,0.34,0.47,34
58,296,8,9,4,part_of_speech_classification,valence_classification,classification_1,positive_left,ZYYZ,,,black,gift,noun,negative,black,0.8804,negative,0.2856,0,0.34,0.47,34
58,297,9,9,4,part_of_speech_classification,valence_classification,classification_1,positive_left,ZYYZ,,,black,spaß,noun,positive,black,0.8804,positive,0.3797,0,0.34,0.47,34
58,298,10,9,4,part_of_speech_classification,valence_classification,classification_1,positive_left,XVVX,,,black,schlecht,adjective,negative,black,0.8804,negative,0.354,0,0.34,0.47,34
58,299,11,9,4,part_of_speech_classification,valence_classification,classification_1,positive_left,XVVX,,,black,schlecht,adjective,negative,black,0.8804,positive,0.343,1,0.34,0.47,34
58,300,12,9,4,part_of_speech_classification,valence_classification,classification_1,positive_left,WJJW,,,black,eitel,adjective,negative,black,0.8805,negative,0.3287,0,0.34,0.47,34
58,301,13,9,4,part_of_speech_classification,valence_classification,classification_1,positive_left,XVVX,,,black,eitel,adjective,negative,black,0.8804,negative,0.405,0,0.34,0.47,34
58,302,14,9,4,part_of_speech_classification,valence_classification,classification_1,positive_left,MQQM,,,black,glück,noun,positive,black,0.8804,negative,0.2652,1,0.34,0.47,34
58,303,15,9,4,part_of_speech_classification,valence_classification,classification_1,positive_left,ZYYZ,,,black,einfall,noun,positive,black,0.8804,negative,0.4195,1,0.34,0.47,34
58,304,16,9,4,part_of_speech_classification,valence_classification,classification_1,positive_left,WJJW,,,black,ehrlich,adjective,positive,black,0.8805,negative,0.3998,1,0.34,0.47,34
58,305,17,9,4,part_of_speech_classification,valence_classification,classification_1,positive_left,ZYYZ,,,black,entführung,noun,negative,black,0.8804,positive,0.408,1,0.34,0.47,34
58,306,18,9,4,part_of_speech_classification,valence_classification,classification_1,positive_left,ZYYZ,,,black,schleim,noun,negative,black,0.8804,negative,0.2728,0,0.34,0.47,34
58,307,19,9,4,part_of_speech_classification,valence_classification,classification_1,positive_left,MQQM,,,black,leiche,noun,negative,black,0.8804,negative,0.4079,0,0.34,0.47,34
58,308,20,9,4,part_of_speech_classification,valence_classification,classification_1,positive_left,XVVX,,,black,gütig,adjective,positive,black,0.8804,positive,0.4488,0,0.34,0.47,34
58,309,21,9,4,part_of_speech_classification,valence_classification,classification_1,positive_left,ZYYZ,,,black,spaß,noun,positive,black,0.8804,positive,0.3402,0,0.34,0.47,34
58,310,22,9,4,part_of_speech_classification,valence_classification,classification_1,positive_left,ZYYZ,,,black,glück,noun,positive,black,0.8804,positive,0.3552,0,0.34,0.47,34
58,311,23,9,4,part_of_speech_classification,valence_classification,classification_1,positive_left,MQQM,,,black,liebe,noun,positive,black,0.8804,positive,0.3885,0,0.34,0.47,34
58,312,24,9,4,part_of_speech_classification,valence_classification,classification_1,positive_left,XVVX,,,black,launisch,adjective,negative,black,0.8804,negative,0.5145,0,0.34,0.47,34
58,313,25,9,4,part_of_speech_classification,valence_classification,classification_1,positive_left,XVVX,,,black,launisch,adjective,negative,black,0.8804,positive,0.3629,1,0.34,0.47,34
58,314,26,9,4,part_of_speech_classification,valence_classification,classification_1,positive_left,WJJW,,,black,launisch,adjective,negative,black,0.8804,negative,0.3063,0,0.34,0.47,34
58,315,27,9,4,part_of_speech_classification,valence_classification,classification_1,positive_left,WJJW,,,black,schön,adjective,positive,black,0.8804,positive,0.3151,0,0.34,0.47,34
58,316,28,9,4,part_of_speech_classification,valence_classification,classification_1,positive_left,MQQM,,,black,leiche,noun,negative,black,0.8804,negative,0.3229,0,0.34,0.47,34
58,317,29,9,4,part_of_speech_classification,valence_classification,classification_1,positive_left,XVVX,,,black,lustig,adjective,positive,black,0.8804,positive,0.4552,0,0.34,0.47,34
58,318,30,9,4,part_of_speech_classification,valence_classification,classification_1,positive_left,ZYYZ,,,black,gift,noun,negative,black,0.8805,negative,0.3432,0,0.34,0.47,34
58,319,31,9,4,part_of_speech_classification,valence_classification,classification_1,positive_left,MQQM,,,black,liebe,noun,positive,black,0.8804,positive,0.413,0,0.34,0.47,34
58,320,32,9,4,part_of_speech_classification,valence_classification,classification_1,positive_left,ZYYZ,,,black,liebe,noun,positive,black,0.8804,positive,0.3253,0,0.34,0.47,34
58,321,33,9,4,part_of_speech_classification,valence_classification,classification_1,positive_left,ZYYZ,,,black,einfall,noun,positive,black,0.8805,positive,0.3298,0,0.34,0.47,34
58,322,34,9,4,part_of_speech_classification,valence_classification,classification_1,positive_left,MQQM,,,black,glück,noun,positive,black,0.8804,positive,0.3451,0,0.34,0.47,34
58,323,35,9,4,part_of_speech_classification,valence_classification,classification_1,positive_left,MQQM,,,black,schleim,noun,negative,black,0.8804,negative,0.3529,0,0.34,0.47,34
58,324,36,9,4,part_of_speech_classification,valence_classification,classification_1,positive_left,XVVX,,,black,lustig,adjective,positive,black,0.8804,positive,0.383,0,0.34,0.47,34
58,325,37,9,4,part_of_speech_classification,valence_classification,classification_1,positive_left,XVVX,,,black,schlecht,adjective,negative,black,0.8804,negative,0.373,0,0.34,0.47,34
58,326,38,9,4,part_of_speech_classification,valence_classification,classification_1,positive_left,MQQM,,,black,entführung,noun,negative,black,0.8804,negative,0.403,0,0.34,0.47,34
58,327,39,9,4,part_of_speech_classification,valence_classification,classification_1,positive_left,WJJW,,,black,gierig,adjective,negative,black,0.8804,negative,0.393,0,0.34,0.47,34
58,328,40,9,4,part_of_speech_classification,valence_classification,classification_1,positive_left,MQQM,,,black,gift,noun,negative,black,0.8804,positive,0.3396,1,0.34,0.47,34
58,329,41,9,4,part_of_speech_classification,valence_classification,classification_1,positive_left,WJJW,,,black,schön,adjective,positive,black,0.8804,positive,0.366,0,0.34,0.47,34
58,330,42,9,4,part_of_speech_classification,valence_classification,classification_1,positive_left,WJJW,,,black,eitel,adjective,negative,black,0.8804,negative,0.3586,0,0.34,0.47,34
58,331,43,9,4,part_of_speech_classification,valence_classification,classification_1,positive_left,WJJW,,,black,gierig,adjective,negative,black,0.8804,negative,0.3781,0,0.34,0.47,34
58,332,44,9,4,part_of_speech_classification,valence_classification,classification_1,positive_left,XVVX,,,black,schön,adjective,positive,black,0.8804,positive,0.3452,0,0.34,0.47,34
58,333,45,9,4,part_of_speech_classification,valence_classification,classification_1,positive_left,XVVX,,,black,ehrlich,adjective,positive,black,0.8804,negative,0.3429,1,0.34,0.47,34
58,334,46,9,4,part_of_speech_classification,valence_classification,classification_1,positive_left,ZYYZ,,,black,leiche,noun,negative,black,0.8807,negative,0.3685,0,0.34,0.47,34
58,335,47,9,4,part_of_speech_classification,valence_classification,classification_1,positive_left,MQQM,,,black,einfall,noun,positive,black,0.8804,negative,0.3629,1,0.34,0.47,34
58,336,48,9,4,part_of_speech_classification,valence_classification,classification_1,positive_left,WJJW,,,black,gütig,adjective,positive,black,0.8804,positive,0.433,0,0.34,0.47,34
58,337,1,10,5,part_of_speech_classification,valence_classification,classification_1,positive_left,WJJW,,,black,lustig,adjective,positive,black,0.8843,positive,0.3497,0,0.34,0.47,34
58,338,2,10,5,part_of_speech_classification,valence_classification,classification_1,positive_left,XVVX,,,black,eitel,adjective,negative,black,0.8804,positive,0.3529,1,0.34,0.47,34
58,339,3,10,5,part_of_speech_classification,valence_classification,classification_1,positive_left,ZYYZ,,,black,spaß,noun,positive,black,0.8804,positive,0.373,0,0.34,0.47,34
58,340,4,10,5,part_of_speech_classification,valence_classification,classification_1,positive_left,WJJW,,,black,gierig,adjective,negative,black,0.8804,negative,0.4475,0,0.34,0.47,34
58,341,5,10,5,part_of_speech_classification,valence_classification,classification_1,positive_left,XVVX,,,black,schlecht,adjective,negative,black,0.8804,negative,0.3689,0,0.34,0.47,34
58,342,6,10,5,part_of_speech_classification,valence_classification,classification_1,positive_left,ZYYZ,,,black,gift,noun,negative,black,0.8804,positive,0.3436,1,0.34,0.47,34
58,343,7,10,5,part_of_speech_classification,valence_classification,classification_1,positive_left,MQQM,,,black,liebe,noun,positive,black,0.8804,positive,0.383,0,0.34,0.47,34
58,344,8,10,5,part_of_speech_classification,valence_classification,classification_1,positive_left,ZYYZ,,,black,entführung,noun,negative,black,0.8804,negative,0.3671,0,0.34,0.47,34
58,345,9,10,5,part_of_speech_classification,valence_classification,classification_1,positive_left,MQQM,,,black,schleim,noun,negative,black,0.8804,negative,0.4996,0,0.34,0.47,34
58,346,10,10,5,part_of_speech_classification,valence_classification,classification_1,positive_left,ZYYZ,,,black,leiche,noun,negative,black,0.8804,positive,0.3765,1,0.34,0.47,34
58,347,11,10,5,part_of_speech_classification,valence_classification,classification_1,positive_left,ZYYZ,,,black,einfall,noun,positive,black,0.8804,positive,0.4105,0,0.34,0.47,34
58,348,12,10,5,part_of_speech_classification,valence_classification,classification_1,positive_left,MQQM,,,black,einfall,noun,positive,black,0.8804,negative,0.2835,1,0.34,0.47,34
58,349,13,10,5,part_of_speech_classification,valence_classification,classification_1,positive_left,WJJW,,,black,gütig,adjective,positive,black,0.8804,positive,0.3429,0,0.34,0.47,34
58,350,14,10,5,part_of_speech_classification,valence_classification,classification_1,positive_left,ZYYZ,,,black,leiche,noun,negative,black,0.8804,negative,0.3242,0,0.34,0.47,34
58,351,15,10,5,part_of_speech_classification,valence_classification,classification_1,positive_left,WJJW,,,black,launisch,adjective,negative,black,0.8804,negative,0.3038,0,0.34,0.47,34
58,352,16,10,5,part_of_speech_classification,valence_classification,classification_1,positive_left,XVVX,,,black,schön,adjective,positive,black,0.8804,positive,0.3835,0,0.34,0.47,34
58,353,17,10,5,part_of_speech_classification,valence_classification,classification_1,positive_left,ZYYZ,,,black,liebe,noun,positive,black,0.8804,positive,0.3729,0,0.34,0.47,34
58,354,18,10,5,part_of_speech_classification,valence_classification,classification_1,positive_left,MQQM,,,black,entführung,noun,negative,black,0.8804,negative,0.4579,0,0.34,0.47,34
58,355,19,10,5,part_of_speech_classification,valence_classification,classification_1,positive_left,MQQM,,,black,glück,noun,positive,black,0.8804,positive,0.2936,0,0.34,0.47,34
58,356,20,10,5,part_of_speech_classification,valence_classification,classification_1,positive_left,MQQM,,,black,gift,noun,negative,black,0.8804,negative,0.2834,0,0.34,0.47,34
58,357,21,10,5,part_of_speech_classification,valence_classification,classification_1,positive_left,WJJW,,,black,schlecht,adjective,negative,black,0.8804,negative,0.3155,0,0.34,0.47,34
58,358,22,10,5,part_of_speech_classification,valence_classification,classification_1,positive_left,MQQM,,,black,schleim,noun,negative,black,0.8804,negative,0.3154,0,0.34,0.47,34
58,359,23,10,5,part_of_speech_classification,valence_classification,classification_1,positive_left,XVVX,,,black,ehrlich,adjective,positive,black,0.8804,negative,0.403,1,0.34,0.47,34
58,360,24,10,5,part_of_speech_classification,valence_classification,classification_1,positive_left,XVVX,,,black,eitel,adjective,negative,black,0.8804,positive,0.2775,1,0.34,0.47,34
58,361,25,10,5,part_of_speech_classification,valence_classification,classification_1,positive_left,WJJW,,,black,schön,adjective,positive,black,0.8804,positive,0.3251,0,0.34,0.47,34
58,362,26,10,5,part_of_speech_classification,valence_classification,classification_1,positive_left,WJJW,,,black,lustig,adjective,positive,black,0.8804,negative,0.3279,1,0.34,0.47,34
58,362,26,10,5,part_of_speech_classification,valence_classification,classification_1,positive_left,WJJW,,,black,lustig,adjective,positive,black,0.8804,positive,0.4202,0,0.34,0.47,34
58,363,27,10,5,part_of_speech_classification,valence_classification,classification_1,positive_left,WJJW,,,black,schlecht,adjective,negative,black,0.8804,negative,0.3654,0,0.34,0.47,34
58,364,28,10,5,part_of_speech_classification,valence_classification,classification_1,positive_left,XVVX,,,black,ehrlich,adjective,positive,black,0.8804,negative,0.3729,1,0.34,0.47,34
58,365,29,10,5,part_of_speech_classification,valence_classification,classification_1,positive_left,MQQM,,,black,entführung,noun,negative,black,0.8804,negative,0.3371,0,0.34,0.47,34
58,366,30,10,5,part_of_speech_classification,valence_classification,classification_1,positive_left,XVVX,,,black,gütig,adjective,positive,black,0.8804,positive,0.3329,0,0.34,0.47,34
58,367,31,10,5,part_of_speech_classification,valence_classification,classification_1,positive_left,XVVX,,,black,lustig,adjective,positive,black,0.8804,negative,0.315,1,0.34,0.47,34
58,368,32,10,5,part_of_speech_classification,valence_classification,classification_1,positive_left,ZYYZ,,,black,leiche,noun,negative,black,0.8804,positive,0.32,1,0.34,0.47,34
58,369,33,10,5,part_of_speech_classification,valence_classification,classification_1,positive_left,ZYYZ,,,black,spaß,noun,positive,black,0.8804,positive,0.3453,0,0.34,0.47,34
58,370,34,10,5,part_of_speech_classification,valence_classification,classification_1,positive_left,MQQM,,,black,liebe,noun,positive,black,0.8804,positive,0.4361,0,0.34,0.47,34
58,371,35,10,5,part_of_speech_classification,valence_classification,classification_1,positive_left,XVVX,,,black,eitel,adjective,negative,black,0.8804,positive,0.469,1,0.34,0.47,34
58,372,36,10,5,part_of_speech_classification,valence_classification,classification_1,positive_left,WJJW,,,black,ehrlich,adjective,positive,black,0.8804,positive,0.3929,0,0.34,0.47,34
58,373,37,10,5,part_of_speech_classification,valence_classification,classification_1,positive_left,MQQM,,,black,glück,noun,positive,black,0.8804,positive,0.4071,0,0.34,0.47,34
58,374,38,10,5,part_of_speech_classification,valence_classification,classification_1,positive_left,XVVX,,,black,schön,adjective,positive,black,0.8804,positive,0.3901,0,0.34,0.47,34
58,375,39,10,5,part_of_speech_classification,valence_classification,classification_1,positive_left,MQQM,,,black,einfall,noun,positive,black,0.8804,positive,0.4565,0,0.34,0.47,34
58,376,40,10,5,part_of_speech_classification,valence_classification,classification_1,positive_left,WJJW,,,black,gierig,adjective,negative,black,0.8804,positive,0.3788,1,0.34,0.47,34
58,377,41,10,5,part_of_speech_classification,valence_classification,classification_1,positive_left,ZYYZ,,,black,gift,noun,negative,black,0.8804,positive,0.3976,1,0.34,0.47,34
58,378,42,10,5,part_of_speech_classification,valence_classification,classification_1,positive_left,XVVX,,,black,launisch,adjective,negative,black,0.8804,positive,0.3864,1,0.34,0.47,34
58,379,43,10,5,part_of_speech_classification,valence_classification,classification_1,positive_left,MQQM,,,black,schleim,noun,negative,black,0.8804,negative,0.3576,0,0.34,0.47,34
58,380,44,10,5,part_of_speech_classification,valence_classification,classification_1,positive_left,XVVX,,,black,launisch,adjective,negative,black,0.8804,negative,0.383,0,0.34,0.47,34
58,381,45,10,5,part_of_speech_classification,valence_classification,classification_1,positive_left,ZYYZ,,,black,spaß,noun,positive,black,0.8804,positive,0.3157,0,0.34,0.47,34
58,382,46,10,5,part_of_speech_classification,valence_classification,classification_1,positive_left,ZYYZ,,,black,glück,noun,positive,black,0.8804,positive,0.3403,0,0.34,0.47,34
58,383,47,10,5,part_of_speech_classification,valence_classification,classification_1,positive_left,WJJW,,,black,gierig,adjective,negative,black,0.8804,negative,0.4303,0,0.34,0.47,34
58,384,48,10,5,part_of_speech_classification,valence_classification,classification_1,positive_left,WJJW,,,black,gütig,adjective,positive,black,0.8804,positive,0.4567,0,0.34,0.47,34
58,385,1,14,4,part_of_speech_classification,part_of_speech_classification,classification_2,adjective_left,MQQM,,,black,liebe,noun,positive,black,0.8821,noun,0.4337,0,0.34,0.47,34
58,386,2,14,4,part_of_speech_classification,part_of_speech_classification,classification_2,adjective_left,WJJW,,,black,einfall,noun,positive,black,0.8804,noun,0.5071,0,0.34,0.47,34
58,387,3,14,4,part_of_speech_classification,part_of_speech_classification,classification_2,adjective_left,ZYYZ,,,black,launisch,adjective,negative,black,0.8804,adjective,0.398,0,0.34,0.47,34
58,388,4,14,4,part_of_speech_classification,part_of_speech_classification,classification_2,adjective_left,ZYYZ,,,black,schlecht,adjective,negative,black,0.8804,adjective,0.5194,0,0.34,0.47,34
58,389,5,14,4,part_of_speech_classification,part_of_speech_classification,classification_2,adjective_left,WJJW,,,black,lustig,adjective,positive,black,0.8804,noun,0.2976,1,0.34,0.47,34
58,390,6,14,4,part_of_speech_classification,part_of_speech_classification,classification_2,adjective_left,ZYYZ,,,black,gierig,adjective,negative,black,0.8804,noun,0.3787,1,0.34,0.47,34
58,391,7,14,4,part_of_speech_classification,part_of_speech_classification,classification_2,adjective_left,WJJW,,,black,schön,adjective,positive,black,0.8805,adjective,0.336,0,0.34,0.47,34
58,392,8,14,4,part_of_speech_classification,part_of_speech_classification,classification_2,adjective_left,WJJW,,,black,liebe,noun,positive,black,0.8804,noun,0.3652,0,0.34,0.47,34
58,393,9,14,4,part_of_speech_classification,part_of_speech_classification,classification_2,adjective_left,WJJW,,,black,glück,noun,positive,black,0.8804,adjective,0.4156,1,0.34,0.47,34
58,394,10,14,4,part_of_speech_classification,part_of_speech_classification,classification_2,adjective_left,XVVX,,,black,leiche,noun,negative,black,0.8804,noun,0.353,0,0.34,0.47,34
58,395,11,14,4,part_of_speech_classification,part_of_speech_classification,classification_2,adjective_left,ZYYZ,,,black,leiche,noun,negative,black,0.8804,noun,0.3682,0,0.34,0.47,34
58,396,12,14,4,part_of_speech_classification,part_of_speech_classification,classification_2,adjective_left,WJJW,,,black,lustig,adjective,positive,black,0.8804,adjective,0.385,0,0.34,0.47,34
58,397,13,14,4,part_of_speech_classification,part_of_speech_classification,classification_2,adjective_left,XVVX,,,black,schleim,noun,negative,black,0.8804,adjective,0.4094,1,0.34,0.47,34
58,398,14,14,4,part_of_speech_classification,part_of_speech_classification,classification_2,adjective_left,XVVX,,,black,schlecht,adjective,negative,black,0.8804,adjective,0.427,0,0.34,0.47,34
58,399,15,14,4,part_of_speech_classification,part_of_speech_classification,classification_2,adjective_left,WJJW,,,black,glück,noun,positive,black,0.8804,noun,0.405,0,0.34,0.47,34
58,400,16,14,4,part_of_speech_classification,part_of_speech_classification,classification_2,adjective_left,XVVX,,,black,launisch,adjective,negative,black,0.8804,adjective,0.413,0,0.34,0.47,34
58,401,17,14,4,part_of_speech_classification,part_of_speech_classification,classification_2,adjective_left,XVVX,,,black,schleim,noun,negative,black,0.8804,adjective,0.413,1,0.34,0.47,34
58,402,18,14,4,part_of_speech_classification,part_of_speech_classification,classification_2,adjective_left,MQQM,,,black,ehrlich,adjective,positive,black,0.8804,adjective,0.4583,0,0.34,0.47,34
58,403,19,14,4,part_of_speech_classification,part_of_speech_classification,classification_2,adjective_left,MQQM,,,black,gütig,adjective,positive,black,0.8805,adjective,0.5141,0,0.34,0.47,34
58,404,20,14,4,part_of_speech_classification,part_of_speech_classification,classification_2,adjective_left,ZYYZ,,,black,gift,noun,negative,black,0.8804,adjective,0.3229,1,0.34,0.47,34
58,405,21,14,4,part_of_speech_classification,part_of_speech_classification,classification_2,adjective_left,WJJW,,,black,spaß,noun,positive,black,0.8804,noun,0.3429,0,0.34,0.47,34
58,406,22,14,4,part_of_speech_classification,part_of_speech_classification,classification_2,adjective_left,MQQM,,,black,spaß,noun,positive,black,0.8804,noun,0.4184,0,0.34,0.47,34
58,407,23,14,4,part_of_speech_classification,part_of_speech_classification,classification_2,adjective_left,ZYYZ,,,black,entführung,noun,negative,black,0.8804,noun,0.3852,0,0.34,0.47,34
58,408,24,14,4,part_of_speech_classification,part_of_speech_classification,classification_2,adjective_left,XVVX,,,black,launisch,adjective,negative,black,0.8804,adjective,0.3169,0,0.34,0.47,34
58,409,25,14,4,part_of_speech_classification,part_of_speech_classification,classification_2,adjective_left,XVVX,,,black,gierig,adjective,negative,black,0.8804,adjective,0.3474,0,0.34,0.47,34
58,410,26,14,4,part_of_speech_classification,part_of_speech_classification,classification_2,adjective_left,XVVX,,,black,eitel,adjective,negative,black,0.8804,noun,0.4689,1,0.34,0.47,34
58,411,27,14,4,part_of_speech_classification,part_of_speech_classification,classification_2,adjective_left,WJJW,,,black,liebe,noun,positive,black,0.8805,adjective,0.2767,1,0.34,0.47,34
58,412,28,14,4,part_of_speech_classification,part_of_speech_classification,classification_2,adjective_left,MQQM,,,black,spaß,noun,positive,black,0.8804,noun,0.3188,0,0.34,0.47,34
58,413,29,14,4,part_of_speech_classification,part_of_speech_classification,classification_2,adjective_left,XVVX,,,black,entführung,noun,negative,black,0.8804,adjective,0.3732,1,0.34,0.47,34
58,414,30,14,4,part_of_speech_classification,part_of_speech_classification,classification_2,adjective_left,MQQM,,,black,glück,noun,positive,black,0.8804,noun,0.3966,0,0.34,0.47,34
58,415,31,14,4,part_of_speech_classification,part_of_speech_classification,classification_2,adjective_left,MQQM,,,black,lustig,adjective,positive,black,0.8804,adjective,0.4631,0,0.34,0.47,34
58,416,32,14,4,part_of_speech_classification,part_of_speech_classification,classification_2,adjective_left,MQQM,,,black,einfall,noun,positive,black,0.8805,noun,0.4793,0,0.34,0.47,34
58,417,33,14,4,part_of_speech_classification,part_of_speech_classification,classification_2,adjective_left,MQQM,,,black,einfall,noun,positive,black,0.8804,adjective,0.3904,1,0.34,0.47,34
58,418,34,14,4,part_of_speech_classification,part_of_speech_classification,classification_2,adjective_left,XVVX,,,black,gift,noun,negative,black,0.8804,noun,0.4252,0,0.34,0.47,34
58,419,35,14,4,part_of_speech_classification,part_of_speech_classification,classification_2,adjective_left,ZYYZ,,,black,gierig,adjective,negative,black,0.8804,adjective,0.4354,0,0.34,0.47,34
58,420,36,14,4,part_of_speech_classification,part_of_speech_classification,classification_2,adjective_left,ZYYZ,,,black,schleim,noun,negative,black,0.8804,adjective,0.4079,1,0.34,0.47,34
58,421,37,14,4,part_of_speech_classification,part_of_speech_classification,classification_2,adjective_left,ZYYZ,,,black,schlecht,adjective,negative,black,0.8804,adjective,0.4351,0,0.34,0.47,34
58,422,38,14,4,part_of_speech_classification,part_of_speech_classification,classification_2,adjective_left,ZYYZ,,,black,gift,noun,negative,black,0.8805,noun,0.4198,0,0.34,0.47,34
58,423,39,14,4,part_of_speech_classification,part_of_speech_classification,classification_2,adjective_left,MQQM,,,black,schön,adjective,positive,black,0.8804,noun,0.3029,1,0.34,0.47,34
58,424,40,14,4,part_of_speech_classification,part_of_speech_classification,classification_2,adjective_left,WJJW,,,black,gütig,adjective,positive,black,0.8804,adjective,0.3452,0,0.34,0.47,34
58,425,41,14,4,part_of_speech_classification,part_of_speech_classification,classification_2,adjective_left,WJJW,,,black,schön,adjective,positive,black,0.8804,noun,0.3354,1,0.34,0.47,34
58,426,42,14,4,part_of_speech_classification,part_of_speech_classification,classification_2,adjective_left,ZYYZ,,,black,eitel,adjective,negative,black,0.8804,noun,0.363,1,0.34,0.47,34
58,427,43,14,4,part_of_speech_classification,part_of_speech_classification,classification_2,adjective_left,MQQM,,,black,gütig,adjective,positive,black,0.8804,adjective,0.3195,0,0.34,0.47,34
58,428,44,14,4,part_of_speech_classification,part_of_speech_classification,classification_2,adjective_left,MQQM,,,black,ehrlich,adjective,positive,black,0.8804,noun,0.4153,1,0.34,0.47,34
58,429,45,14,4,part_of_speech_classification,part_of_speech_classification,classification_2,adjective_left,WJJW,,,black,ehrlich,adjective,positive,black,0.8804,adjective,0.2968,0,0.34,0.47,34
58,430,46,14,4,part_of_speech_classification,part_of_speech_classification,classification_2,adjective_left,XVVX,,,black,eitel,adjective,negative,black,0.8804,noun,0.3976,1,0.34,0.47,34
58,430,46,14,4,part_of_speech_classification,part_of_speech_classification,classification_2,adjective_left,XVVX,,,black,eitel,adjective,negative,black,0.8804,adjective,0.4782,0,0.34,0.47,34
58,431,47,14,4,part_of_speech_classification,part_of_speech_classification,classification_2,adjective_left,ZYYZ,,,black,entführung,noun,negative,black,0.8804,adjective,0.3503,1,0.34,0.47,34
58,432,48,14,4,part_of_speech_classification,part_of_speech_classification,classification_2,adjective_left,XVVX,,,black,leiche,noun,negative,black,0.8804,adjective,0.4066,1,0.34,0.47,34
58,433,1,15,5,part_of_speech_classification,part_of_speech_classification,classification_2,adjective_left,XVVX,,,black,launisch,adjective,negative,black,0.8807,adjective,0.3649,0,0.34,0.47,34
58,434,2,15,5,part_of_speech_classification,part_of_speech_classification,classification_2,adjective_left,MQQM,,,black,schön,adjective,positive,black,0.8804,noun,0.3665,1,0.34,0.47,34
58,435,3,15,5,part_of_speech_classification,part_of_speech_classification,classification_2,adjective_left,MQQM,,,black,glück,noun,positive,black,0.8804,adjective,0.2928,1,0.34,0.47,34
58,436,4,15,5,part_of_speech_classification,part_of_speech_classification,classification_2,adjective_left,MQQM,,,black,ehrlich,adjective,positive,black,0.8805,adjective,0.3483,0,0.34,0.47,34
58,437,5,15,5,part_of_speech_classification,part_of_speech_classification,classification_2,adjective_left,WJJW,,,black,lustig,adjective,positive,black,0.8804,adjective,0.3697,0,0.34,0.47,34
58,438,6,15,5,part_of_speech_classification,part_of_speech_classification,classification_2,adjective_left,XVVX,,,black,eitel,adjective,negative,black,0.8804,adjective,0.3735,0,0.34,0.47,34
58,439,7,15,5,part_of_speech_classification,part_of_speech_classification,classification_2,adjective_left,XVVX,,,black,gierig,adjective,negative,black,0.8804,adjective,0.3059,0,0.34,0.47,34
58,440,8,15,5,part_of_speech_classification,part_of_speech_classification,classification_2,adjective_left,XVVX,,,black,schlecht,adjective,negative,black,0.8805,adjective,0.348,0,0.34,0.47,34
58,441,9,15,5,part_of_speech_classification,part_of_speech_classification,classification_2,adjective_left,XVVX,,,black,schlecht,adjective,negative,black,0.8804,adjective,0.3389,0,0.34,0.47,34
58,442,10,15,5,part_of_speech_classification,part_of_speech_classification,classification_2,adjective_left,WJJW,,,black,gütig,adjective,positive,black,0.8804,adjective,0.3544,0,0.34,0.47,34
58,443,11,15,5,part_of_speech_classification,part_of_speech_classification,classification_2,adjective_left,WJJW,,,black,liebe,noun,positive,black,0.8804,adjective,0.3429,1,0.34,0.47,34
58,444,12,15,5,part_of_speech_classification,part_of_speech_classification,classification_2,adjective_left,WJJW,,,black,ehrlich,adjective,positive,black,0.8804,adjective,0.3469,0,0.34,0.47,34
58,445,13,15,5,part_of_speech_classification,part_of_speech_classification,classification_2,adjective_left,ZYYZ,,,black,eitel,adjective,negative,black,0.8804,adjective,0.4269,0,0.34,0.47,34
58,446,14,15,5,part_of_speech_classification,part_of_speech_classification,classification_2,adjective_left,ZYYZ,,,black,eitel,adjective,negative,black,0.8805,adjective,0.3856,0,0.34,0.47,34
58,447,15,15,5,part_of_speech_classification,part_of_speech_classification,classification_2,adjective_left,ZYYZ,,,black,schleim,noun,negative,black,0.8804,noun,0.4747,0,0.34,0.47,34
58,448,16,15,5,part_of_speech_classification,part_of_speech_classification,classification_2,adjective_left,XVVX,,,black,schleim,noun,negative,black,0.8804,noun,0.3103,0,0.34,0.47,34
58,449,17,15,5,part_of_speech_classification,part_of_speech_classification,classification_2,adjective_left,MQQM,,,black,einfall,noun,positive,black,0.8805,noun,0.3753,0,0.34,0.47,34
58,450,18,15,5,part_of_speech_classification,part_of_speech_classification,classification_2,adjective_left,ZYYZ,,,black,gierig,adjective,negative,black,0.8804,noun,0.3151,1,0.34,0.47,34
58,451,19,15,5,part_of_speech_classification,part_of_speech_classification,classification_2,adjective_left,MQQM,,,black,lustig,adjective,positive,black,0.8804,noun,0.3502,1,0.34,0.47,34
58,452,20,15,5,part_of_speech_classification,part_of_speech_classification,classification_2,adjective_left,MQQM,,,black,spaß,noun,positive,black,0.8804,noun,0.3228,0,0.34,0.47,34
58,453,21,15,5,part_of_speech_classification,part_of_speech_classification,classification_2,adjective_left,XVVX,,,black,gift,noun,negative,black,0.8804,adjective,0.3066,1,0.34,0.47,34
58,454,22,15,5,part_of_speech_classification,part_of_speech_classification,classification_2,adjective_left,WJJW,,,black,spaß,noun,positive,black,0.8804,adjective,0.403,1,0.34,0.47,34
58,455,23,15,5,part_of_speech_classification,part_of_speech_classification,classification_2,adjective_left,WJJW,,,black,ehrlich,adjective,positive,black,0.8804,adjective,0.389,0,0.34,0.47,34
58,456,24,15,5,part_of_speech_classification,part_of_speech_classification,classification_2,adjective_left,MQQM,,,black,glück,noun,positive,black,0.8804,noun,0.3551,0,0.34,0.47,34
58,457,25,15,5,part_of_speech_classification,part_of_speech_classification,classification_2,adjective_left,ZYYZ,,,black,schlecht,adjective,negative,black,0.8804,adjective,0.3729,0,0.34,0.47,34
58,458,26,15,5,part_of_speech_classification,part_of_speech_classification,classification_2,adjective_left,XVVX,,,black,leiche,noun,negative,black,0.8804,adjective,0.3329,1,0.34,0.47,34
58,459,27,15,5,part_of_speech_classification,part_of_speech_classification,classification_2,adjective_left,MQQM,,,black,schön,adjective,positive,black,0.8804,noun,0.3673,1,0.34,0.47,34
58,460,28,15,5,part_of_speech_classification,part_of_speech_classification,classification_2,adjective_left,XVVX,,,black,schleim,noun,negative,black,0.8804,noun,0.4488,0,0.34,0.47,34
58,461,29,15,5,part_of_speech_classification,part_of_speech_classification,classification_2,adjective_left,WJJW,,,black,einfall,noun,positive,black,0.8804,noun,0.4902,0,0.34,0.47,34
58,461,29,15,5,part_of_speech_classification,part_of_speech_classification,classification_2,adjective_left,WJJW,,,black,einfall,noun,positive,black,0.8804,adjective,0.5138,1,0.34,0.47,34
58,462,30,15,5,part_of_speech_classification,part_of_speech_classification,classification_2,adjective_left,ZYYZ,,,black,leiche,noun,negative,black,0.8804,noun,0.3429,0,0.34,0.47,34
58,463,31,15,5,part_of_speech_classification,part_of_speech_classification,classification_2,adjective_left,WJJW,,,black,gütig,adjective,positive,black,0.8804,adjective,0.4847,0,0.34,0.47,34
58,464,32,15,5,part_of_speech_classification,part_of_speech_classification,classification_2,adjective_left,XVVX,,,black,entführung,noun,negative,black,0.8804,noun,0.3966,0,0.34,0.47,34
58,465,33,15,5,part_of_speech_classification,part_of_speech_classification,classification_2,adjective_left,MQQM,,,black,lustig,adjective,positive,black,0.8804,adjective,0.3877,0,0.34,0.47,34
58,466,34,15,5,part_of_speech_classification,part_of_speech_classification,classification_2,adjective_left,ZYYZ,,,black,entführung,noun,negative,black,0.8804,noun,0.3281,0,0.34,0.47,34
58,467,35,15,5,part_of_speech_classification,part_of_speech_classification,classification_2,adjective_left,XVVX,,,black,launisch,adjective,negative,black,0.8805,adjective,0.2728,0,0.34,0.47,34
58,468,36,15,5,part_of_speech_classification,part_of_speech_classification,classification_2,adjective_left,ZYYZ,,,black,leiche,noun,negative,black,0.8804,noun,0.3555,0,0.34,0.47,34
58,469,37,15,5,part_of_speech_classification,part_of_speech_classification,classification_2,adjective_left,XVVX,,,black,entführung,noun,negative,black,0.8804,noun,0.4919,0,0.34,0.47,34
58,470,38,15,5,part_of_speech_classification,part_of_speech_classification,classification_2,adjective_left,ZYYZ,,,black,gift,noun,negative,black,0.8804,noun,0.3228,0,0.34,0.47,34
58,471,39,15,5,part_of_speech_classification,part_of_speech_classification,classification_2,adjective_left,ZYYZ,,,black,gift,noun,negative,black,0.8804,noun,0.3929,0,0.34,0.47,34
58,472,40,15,5,part_of_speech_classification,part_of_speech_classification,classification_2,adjective_left,WJJW,,,black,glück,noun,positive,black,0.8804,noun,0.393,0,0.34,0.47,34
58,473,41,15,5,part_of_speech_classification,part_of_speech_classification,classification_2,adjective_left,ZYYZ,,,black,gierig,adjective,negative,black,0.8804,adjective,0.44,0,0.34,0.47,34
58,474,42,15,5,part_of_speech_classification,part_of_speech_classification,classification_2,adjective_left,ZYYZ,,,black,launisch,adjective,negative,black,0.8804,adjective,0.4531,0,0.34,0.47,34
58,475,43,15,5,part_of_speech_classification,part_of_speech_classification,classification_2,adjective_left,MQQM,,,black,einfall,noun,positive,black,0.8804,noun,0.3475,0,0.34,0.47,34
58,476,44,15,5,part_of_speech_classification,part_of_speech_classification,classification_2,adjective_left,MQQM,,,black,spaß,noun,positive,black,0.8804,noun,0.3456,0,0.34,0.47,34
58,477,45,15,5,part_of_speech_classification,part_of_speech_classification,classification_2,adjective_left,MQQM,,,black,gütig,adjective,positive,black,0.8804,noun,0.3467,1,0.34,0.47,34
58,478,46,15,5,part_of_speech_classification,part_of_speech_classification,classification_2,adjective_left,WJJW,,,black,schön,adjective,positive,black,0.8804,adjective,0.3754,0,0.34,0.47,34
58,479,47,15,5,part_of_speech_classification,part_of_speech_classification,classification_2,adjective_left,WJJW,,,black,liebe,noun,positive,black,0.8804,adjective,0.3551,1,0.34,0.47,34
58,480,48,15,5,part_of_speech_classification,part_of_speech_classification,classification_2,adjective_left,WJJW,,,black,liebe,noun,positive,black,0.8804,adjective,0.3481,1,0.34,0.47,34
58,485,1,17,1,part_of_speech_classification,prime_discrimination,prime_discrimination,none,WJJW,,,black,schön,adjective,positive,black,0.931,,,,0.34,0.47,34
58,485,1,17,1,part_of_speech_classification,prime_discrimination,prime_discrimination,none,WJJW,,,black,schön,adjective,positive,black,,stim1,3629.9482000176795,,,,34
58,486,2,17,1,part_of_speech_classification,prime_discrimination,prime_discrimination,none,WJJW,,,black,ehrlich,adjective,positive,black,0.9305,,,,0.34,0.47,34
58,486,2,17,1,part_of_speech_classification,prime_discrimination,prime_discrimination,none,WJJW,,,black,ehrlich,adjective,positive,black,,stim0;WJJW,2400.679200014565,,,,34
58,487,3,17,1,part_of_speech_classification,prime_discrimination,prime_discrimination,none,XVVX,,,black,liebe,noun,positive,black,0.9305,,,,0.34,0.47,34
58,487,3,17,1,part_of_speech_classification,prime_discrimination,prime_discrimination,none,XVVX,,,black,liebe,noun,positive,black,,stim3;XVVX,1038.1249000201933,,,,34
58,488,4,17,1,part_of_speech_classification,prime_discrimination,prime_discrimination,none,MQQM,,,black,spaß,noun,positive,black,0.9305,,,,0.34,0.47,34
58,488,4,17,1,part_of_speech_classification,prime_discrimination,prime_discrimination,none,MQQM,,,black,spaß,noun,positive,black,,stim1;MQQM,1088.2858999539167,,,,34
58,489,5,17,1,part_of_speech_classification,prime_discrimination,prime_discrimination,none,ZYYZ,,,black,glück,noun,positive,black,0.9305,,,,0.34,0.47,34
58,489,5,17,1,part_of_speech_classification,prime_discrimination,prime_discrimination,none,ZYYZ,,,black,glück,noun,positive,black,,stim2,862.2015999862924,,,,34
58,490,6,17,1,part_of_speech_classification,prime_discrimination,prime_discrimination,none,ZYYZ,,,black,schlecht,adjective,negative,black,0.9304,,,,0.34,0.47,34
58,490,6,17,1,part_of_speech_classification,prime_discrimination,prime_discrimination,none,ZYYZ,,,black,schlecht,adjective,negative,black,,stim2;ZYYZ,768.7847000197507,,,,34
58,491,7,17,1,part_of_speech_classification,prime_discrimination,prime_discrimination,none,WJJW,,,black,lustig,adjective,positive,black,0.9305,,,,0.34,0.47,34
58,491,7,17,1,part_of_speech_classification,prime_discrimination,prime_discrimination,none,WJJW,,,black,lustig,adjective,positive,black,,stim0;WJJW,661.0392000293359,,,,34
58,492,8,17,1,part_of_speech_classification,prime_discrimination,prime_discrimination,none,MQQM,,,black,einfall,noun,positive,black,0.9305,,,,0.34,0.47,34
58,492,8,17,1,part_of_speech_classification,prime_discrimination,prime_discrimination,none,MQQM,,,black,einfall,noun,positive,black,,stim1,724.9454000266269,,,,34
58,493,9,17,1,part_of_speech_classification,prime_discrimination,prime_discrimination,none,XVVX,,,black,gierig,adjective,negative,black,0.9304,,,,0.34,0.47,34
58,493,9,17,1,part_of_speech_classification,prime_discrimination,prime_discrimination,none,XVVX,,,black,gierig,adjective,negative,black,,stim3;XVVX,992.0396999805234,,,,34
58,494,10,17,1,part_of_speech_classification,prime_discrimination,prime_discrimination,none,XVVX,,,black,eitel,adjective,negative,black,0.9305,,,,0.34,0.47,34
58,494,10,17,1,part_of_speech_classification,prime_discrimination,prime_discrimination,none,XVVX,,,black,eitel,adjective,negative,black,,stim3;XVVX,545.0708999997005,,,,34
58,495,11,17,1,part_of_speech_classification,prime_discrimination,prime_discrimination,none,MQQM,,,black,gütig,adjective,positive,black,0.9305,,,,0.34,0.47,34
58,495,11,17,1,part_of_speech_classification,prime_discrimination,prime_discrimination,none,MQQM,,,black,gütig,adjective,positive,black,,stim1,811.8057000101544,,,,34
58,496,12,17,1,part_of_speech_classification,prime_discrimination,prime_discrimination,none,ZYYZ,,,black,launisch,adjective,negative,black,0.9305,,,,0.34,0.47,34
58,496,12,17,1,part_of_speech_classification,prime_discrimination,prime_discrimination,none,ZYYZ,,,black,launisch,adjective,negative,black,,stim2;ZYYZ,616.9312000274658,,,,34
58,497,1,18,2,part_of_speech_classification,prime_discrimination,prime_discrimination,none,ZYYZ,,,black,gift,noun,negative,black,0.8804,,,,0.34,0.47,34
58,497,1,18,2,part_of_speech_classification,prime_discrimination,prime_discrimination,none,ZYYZ,,,black,gift,noun,negative,black,,stim2;ZYYZ,798.6245000502095,,,,34
58,498,2,18,2,part_of_speech_classification,prime_discrimination,prime_discrimination,none,XVVX,,,black,liebe,noun,positive,black,0.8805,,,,0.34,0.47,34
58,498,2,18,2,part_of_speech_classification,prime_discrimination,prime_discrimination,none,XVVX,,,black,liebe,noun,positive,black,,stim3;XVVX,879.2183000477962,,,,34
58,499,3,18,2,part_of_speech_classification,prime_discrimination,prime_discrimination,none,MQQM,,,black,launisch,adjective,negative,black,0.8804,,,,0.34,0.47,34
58,499,3,18,2,part_of_speech_classification,prime_discrimination,prime_discrimination,none,MQQM,,,black,launisch,adjective,negative,black,,stim1,635.263699979987,,,,34
58,500,4,18,2,part_of_speech_classification,prime_discrimination,prime_discrimination,none,XVVX,,,black,spaß,noun,positive,black,0.8804,,,,0.34,0.47,34
58,500,4,18,2,part_of_speech_classification,prime_discrimination,prime_discrimination,none,XVVX,,,black,spaß,noun,positive,black,,stim0;WJJW,1551.0625000461005,,,,34
58,501,5,18,2,part_of_speech_classification,prime_discrimination,prime_discrimination,none,WJJW,,,black,gift,noun,negative,black,0.8805,,,,0.34,0.47,34
58,501,5,18,2,part_of_speech_classification,prime_discrimination,prime_discrimination,none,WJJW,,,black,gift,noun,negative,black,,stim0;WJJW,623.1737000052817,,,,34
58,502,6,18,2,part_of_speech_classification,prime_discrimination,prime_discrimination,none,ZYYZ,,,black,gütig,adjective,positive,black,0.9105,,,,0.34,0.47,34
58,502,6,18,2,part_of_speech_classification,prime_discrimination,prime_discrimination,none,ZYYZ,,,black,gütig,adjective,positive,black,,stim2,473.257299978286,,,,34
58,503,7,18,2,part_of_speech_classification,prime_discrimination,prime_discrimination,none,XVVX,,,black,lustig,adjective,positive,black,0.8804,,,,0.34,0.47,34
58,503,7,18,2,part_of_speech_classification,prime_discrimination,prime_discrimination,none,XVVX,,,black,lustig,adjective,positive,black,,stim3;XVVX,591.4469999843277,,,,34
58,504,8,18,2,part_of_speech_classification,prime_discrimination,prime_discrimination,none,XVVX,,,black,einfall,noun,positive,black,0.8805,,,,0.34,0.47,34
58,504,8,18,2,part_of_speech_classification,prime_discrimination,prime_discrimination,none,XVVX,,,black,einfall,noun,positive,black,,stim3,778.3519999939017,,,,34
58,505,9,18,2,part_of_speech_classification,prime_discrimination,prime_discrimination,none,MQQM,,,black,einfall,noun,positive,black,0.8804,,,,0.34,0.47,34
58,505,9,18,2,part_of_speech_classification,prime_discrimination,prime_discrimination,none,MQQM,,,black,einfall,noun,positive,black,,stim1,606.1972000170499,,,,34
58,506,10,18,2,part_of_speech_classification,prime_discrimination,prime_discrimination,none,ZYYZ,,,black,spaß,noun,positive,black,0.8804,,,,0.34,0.47,34
58,506,10,18,2,part_of_speech_classification,prime_discrimination,prime_discrimination,none,ZYYZ,,,black,spaß,noun,positive,black,,stim1,772.5918000214733,,,,34
58,507,11,18,2,part_of_speech_classification,prime_discrimination,prime_discrimination,none,ZYYZ,,,black,lustig,adjective,positive,black,0.8804,,,,0.34,0.47,34
58,507,11,18,2,part_of_speech_classification,prime_discrimination,prime_discrimination,none,ZYYZ,,,black,lustig,adjective,positive,black,,stim2;ZYYZ,475.14170000795275,,,,34
58,508,12,18,2,part_of_speech_classification,prime_discrimination,prime_discrimination,none,ZYYZ,,,black,gütig,adjective,positive,black,0.8804,,,,0.34,0.47,34
58,508,12,18,2,part_of_speech_classification,prime_discrimination,prime_discrimination,none,ZYYZ,,,black,gütig,adjective,positive,black,,stim2,723.303200036753,,,,34
58,509,13,18,2,part_of_speech_classification,prime_discrimination,prime_discrimination,none,WJJW,,,black,launisch,adjective,negative,black,0.8805,,,,0.34,0.47,34
58,509,13,18,2,part_of_speech_classification,prime_discrimination,prime_discrimination,none,WJJW,,,black,launisch,adjective,negative,black,,stim0,676.1050000204705,,,,34
58,510,14,18,2,part_of_speech_classification,prime_discrimination,prime_discrimination,none,WJJW,,,black,gütig,adjective,positive,black,0.8804,,,,0.34,0.47,34
58,510,14,18,2,part_of_speech_classification,prime_discrimination,prime_discrimination,none,WJJW,,,black,gütig,adjective,positive,black,,stim1;MQQM,1202.3475000169128,,,,34
58,511,15,18,2,part_of_speech_classification,prime_discrimination,prime_discrimination,none,XVVX,,,black,schlecht,adjective,negative,black,0.8804,,,,0.34,0.47,34
58,511,15,18,2,part_of_speech_classification,prime_discrimination,prime_discrimination,none,XVVX,,,black,schlecht,adjective,negative,black,,stim1,970.3184000100009,,,,34
58,512,16,18,2,part_of_speech_classification,prime_discrimination,prime_discrimination,none,XVVX,,,black,schön,adjective,positive,black,0.8804,,,,0.34,0.47,34
58,512,16,18,2,part_of_speech_classification,prime_discrimination,prime_discrimination,none,XVVX,,,black,schön,adjective,positive,black,,stim3,1370.3626999631524,,,,34
58,513,17,18,2,part_of_speech_classification,prime_discrimination,prime_discrimination,none,MQQM,,,black,ehrlich,adjective,positive,black,0.8805,,,,0.34,0.47,34
58,513,17,18,2,part_of_speech_classification,prime_discrimination,prime_discrimination,none,MQQM,,,black,ehrlich,adjective,positive,black,,stim1;MQQM,506.45590003114194,,,,34
58,514,18,18,2,part_of_speech_classification,prime_discrimination,prime_discrimination,none,MQQM,,,black,schleim,noun,negative,black,0.8804,,,,0.34,0.47,34
58,514,18,18,2,part_of_speech_classification,prime_discrimination,prime_discrimination,none,MQQM,,,black,schleim,noun,negative,black,,stim1;MQQM,621.0071000386961,,,,34
58,515,19,18,2,part_of_speech_classification,prime_discrimination,prime_discrimination,none,ZYYZ,,,black,entführung,noun,negative,black,0.8804,,,,0.34,0.47,34
58,515,19,18,2,part_of_speech_classification,prime_discrimination,prime_discrimination,none,ZYYZ,,,black,entführung,noun,negative,black,,stim2,648.4942000242881,,,,34
58,516,20,18,2,part_of_speech_classification,prime_discrimination,prime_discrimination,none,ZYYZ,,,black,schlecht,adjective,negative,black,0.8804,,,,0.34,0.47,34
58,516,20,18,2,part_of_speech_classification,prime_discrimination,prime_discrimination,none,ZYYZ,,,black,schlecht,adjective,negative,black,,stim2,650.7600999902934,,,,34
58,517,21,18,2,part_of_speech_classification,prime_discrimination,prime_discrimination,none,ZYYZ,,,black,gierig,adjective,negative,black,0.8804,,,,0.34,0.47,34
58,517,21,18,2,part_of_speech_classification,prime_discrimination,prime_discrimination,none,ZYYZ,,,black,gierig,adjective,negative,black,,stim2,484.9351000157185,,,,34
58,518,22,18,2,part_of_speech_classification,prime_discrimination,prime_discrimination,none,MQQM,,,black,schlecht,adjective,negative,black,0.8805,,,,0.34,0.47,34
58,518,22,18,2,part_of_speech_classification,prime_discrimination,prime_discrimination,none,MQQM,,,black,schlecht,adjective,negative,black,,stim1,515.9990999964066,,,,34
58,519,23,18,2,part_of_speech_classification,prime_discrimination,prime_discrimination,none,WJJW,,,black,leiche,noun,negative,black,0.8804,,,,0.34,0.47,34
58,519,23,18,2,part_of_speech_classification,prime_discrimination,prime_discrimination,none,WJJW,,,black,leiche,noun,negative,black,,stim1,587.3981000040658,,,,34
58,520,24,18,2,part_of_speech_classification,prime_discrimination,prime_discrimination,none,WJJW,,,black,glück,noun,positive,black,0.9104,,,,0.34,0.47,34
58,520,24,18,2,part_of_speech_classification,prime_discrimination,prime_discrimination,none,WJJW,,,black,glück,noun,positive,black,,stim0;WJJW,773.1436000321992,,,,34
58,521,25,18,2,part_of_speech_classification,prime_discrimination,prime_discrimination,none,MQQM,,,black,lustig,adjective,positive,black,0.8804,,,,0.34,0.47,34
58,521,25,18,2,part_of_speech_classification,prime_discrimination,prime_discrimination,none,MQQM,,,black,lustig,adjective,positive,black,,stim1;MQQM,664.4311999552883,,,,34
58,522,26,18,2,part_of_speech_classification,prime_discrimination,prime_discrimination,none,MQQM,,,black,eitel,adjective,negative,black,0.8805,,,,0.34,0.47,34
58,522,26,18,2,part_of_speech_classification,prime_discrimination,prime_discrimination,none,MQQM,,,black,eitel,adjective,negative,black,,stim1,635.5622999835759,,,,34
58,523,27,18,2,part_of_speech_classification,prime_discrimination,prime_discrimination,none,WJJW,,,black,eitel,adjective,negative,black,0.9104,,,,0.34,0.47,34
58,523,27,18,2,part_of_speech_classification,prime_discrimination,prime_discrimination,none,WJJW,,,black,eitel,adjective,negative,black,,stim0,1487.231899984181,,,,34
58,524,28,18,2,part_of_speech_classification,prime_discrimination,prime_discrimination,none,WJJW,,,black,gift,noun,negative,black,0.8804,,,,0.34,0.47,34
58,524,28,18,2,part_of_speech_classification,prime_discrimination,prime_discrimination,none,WJJW,,,black,gift,noun,negative,black,,stim0,489.35539997182786,,,,34
58,525,29,18,2,part_of_speech_classification,prime_discrimination,prime_discrimination,none,ZYYZ,,,black,schleim,noun,negative,black,0.8804,,,,0.34,0.47,34
58,525,29,18,2,part_of_speech_classification,prime_discrimination,prime_discrimination,none,ZYYZ,,,black,schleim,noun,negative,black,,stim2;ZYYZ,529.7145000076853,,,,34
58,526,30,18,2,part_of_speech_classification,prime_discrimination,prime_discrimination,none,WJJW,,,black,gierig,adjective,negative,black,0.8805,,,,0.34,0.47,34
58,526,30,18,2,part_of_speech_classification,prime_discrimination,prime_discrimination,none,WJJW,,,black,gierig,adjective,negative,black,,stim0,1265.747099998407,,,,34
58,527,31,18,2,part_of_speech_classification,prime_discrimination,prime_discrimination,none,WJJW,,,black,liebe,noun,positive,black,0.8804,,,,0.34,0.47,34
58,527,31,18,2,part_of_speech_classification,prime_discrimination,prime_discrimination,none,WJJW,,,black,liebe,noun,positive,black,,stim0,606.675399991218,,,,34
58,528,32,18,2,part_of_speech_classification,prime_discrimination,prime_discrimination,none,MQQM,,,black,launisch,adjective,negative,black,0.8806,,,,0.34,0.47,34
58,528,32,18,2,part_of_speech_classification,prime_discrimination,prime_discrimination,none,MQQM,,,black,launisch,adjective,negative,black,,stim1,491.72039999393746,,,,34
58,529,33,18,2,part_of_speech_classification,prime_discrimination,prime_discrimination,none,XVVX,,,black,ehrlich,adjective,positive,black,0.8804,,,,0.34,0.47,34
58,529,33,18,2,part_of_speech_classification,prime_discrimination,prime_discrimination,none,XVVX,,,black,ehrlich,adjective,positive,black,,stim3;XVVX,951.576900028158,,,,34
58,530,34,18,2,part_of_speech_classification,prime_discrimination,prime_discrimination,none,MQQM,,,black,schön,adjective,positive,black,0.8804,,,,0.34,0.47,34
58,530,34,18,2,part_of_speech_classification,prime_discrimination,prime_discrimination,none,MQQM,,,black,schön,adjective,positive,black,,stim1;MQQM,879.8253000131808,,,,34
58,531,35,18,2,part_of_speech_classification,prime_discrimination,prime_discrimination,none,WJJW,,,black,entführung,noun,negative,black,0.8804,,,,0.34,0.47,34
58,531,35,18,2,part_of_speech_classification,prime_discrimination,prime_discrimination,none,WJJW,,,black,entführung,noun,negative,black,,stim0,470.87620000820607,,,,34
58,532,36,18,2,part_of_speech_classification,prime_discrimination,prime_discrimination,none,ZYYZ,,,black,ehrlich,adjective,positive,black,0.8804,,,,0.34,0.47,34
58,532,36,18,2,part_of_speech_classification,prime_discrimination,prime_discrimination,none,ZYYZ,,,black,ehrlich,adjective,positive,black,,stim2,445.9420000202954,,,,34
58,533,37,18,2,part_of_speech_classification,prime_discrimination,prime_discrimination,none,WJJW,,,black,spaß,noun,positive,black,0.8804,,,,0.34,0.47,34
58,533,37,18,2,part_of_speech_classification,prime_discrimination,prime_discrimination,none,WJJW,,,black,spaß,noun,positive,black,,stim2;ZYYZ,1453.0028000008315,,,,34
58,534,38,18,2,part_of_speech_classification,prime_discrimination,prime_discrimination,none,XVVX,,,black,einfall,noun,positive,black,0.8804,,,,0.34,0.47,34
58,534,38,18,2,part_of_speech_classification,prime_discrimination,prime_discrimination,none,XVVX,,,black,einfall,noun,positive,black,,stim3,1022.3890999914147,,,,34
58,535,39,18,2,part_of_speech_classification,prime_discrimination,prime_discrimination,none,ZYYZ,,,black,glück,noun,positive,black,0.8804,,,,0.34,0.47,34
58,535,39,18,2,part_of_speech_classification,prime_discrimination,prime_discrimination,none,ZYYZ,,,black,glück,noun,positive,black,,stim1;MQQM,567.1129999682307,,,,34
58,536,40,18,2,part_of_speech_classification,prime_discrimination,prime_discrimination,none,ZYYZ,,,black,leiche,noun,negative,black,0.8804,,,,0.34,0.47,34
58,536,40,18,2,part_of_speech_classification,prime_discrimination,prime_discrimination,none,ZYYZ,,,black,leiche,noun,negative,black,,stim2;ZYYZ,454.79560003150254,,,,34
58,537,41,18,2,part_of_speech_classification,prime_discrimination,prime_discrimination,none,XVVX,,,black,lustig,adjective,positive,black,0.8804,,,,0.34,0.47,34
58,537,41,18,2,part_of_speech_classification,prime_discrimination,prime_discrimination,none,XVVX,,,black,lustig,adjective,positive,black,,stim3,959.2807999579236,,,,34
58,538,42,18,2,part_of_speech_classification,prime_discrimination,prime_discrimination,none,XVVX,,,black,gütig,adjective,positive,black,0.9106,,,,0.34,0.47,34
58,538,42,18,2,part_of_speech_classification,prime_discrimination,prime_discrimination,none,XVVX,,,black,gütig,adjective,positive,black,,stim3;XVVX,683.1898000091314,,,,34
58,539,43,18,2,part_of_speech_classification,prime_discrimination,prime_discrimination,none,MQQM,,,black,schön,adjective,positive,black,0.8804,,,,0.34,0.47,34
58,539,43,18,2,part_of_speech_classification,prime_discrimination,prime_discrimination,none,MQQM,,,black,schön,adjective,positive,black,,stim1,549.1636999649927,,,,34
58,540,44,18,2,part_of_speech_classification,prime_discrimination,prime_discrimination,none,MQQM,,,black,glück,noun,positive,black,0.8804,,,,0.34,0.47,34
58,540,44,18,2,part_of_speech_classification,prime_discrimination,prime_discrimination,none,MQQM,,,black,glück,noun,positive,black,,stim1,616.8663000571541,,,,34
58,541,45,18,2,part_of_speech_classification,prime_discrimination,prime_discrimination,none,MQQM,,,black,ehrlich,adjective,positive,black,0.8806,,,,0.34,0.47,34
58,541,45,18,2,part_of_speech_classification,prime_discrimination,prime_discrimination,none,MQQM,,,black,ehrlich,adjective,positive,black,,stim1,639.494700008072,,,,34
58,542,46,18,2,part_of_speech_classification,prime_discrimination,prime_discrimination,none,XVVX,,,black,leiche,noun,negative,black,0.8804,,,,0.34,0.47,34
58,542,46,18,2,part_of_speech_classification,prime_discrimination,prime_discrimination,none,XVVX,,,black,leiche,noun,negative,black,,stim1;MQQM,665.410100016743,,,,34
58,543,47,18,2,part_of_speech_classification,prime_discrimination,prime_discrimination,none,WJJW,,,black,gierig,adjective,negative,black,0.8805,,,,0.34,0.47,34
58,543,47,18,2,part_of_speech_classification,prime_discrimination,prime_discrimination,none,WJJW,,,black,gierig,adjective,negative,black,,stim0;WJJW,1307.8647999791428,,,,34
58,544,48,18,2,part_of_speech_classification,prime_discrimination,prime_discrimination,none,WJJW,,,black,eitel,adjective,negative,black,0.8804,,,,0.34,0.47,34
58,544,48,18,2,part_of_speech_classification,prime_discrimination,prime_discrimination,none,WJJW,,,black,eitel,adjective,negative,black,,stim1;MQQM,935.6078999699093,,,,34
58,545,49,18,2,part_of_speech_classification,prime_discrimination,prime_discrimination,none,ZYYZ,,,black,liebe,noun,positive,black,0.8805,,,,0.34,0.47,34
58,545,49,18,2,part_of_speech_classification,prime_discrimination,prime_discrimination,none,ZYYZ,,,black,liebe,noun,positive,black,,stim2,718.3887000428513,,,,34
58,546,50,18,2,part_of_speech_classification,prime_discrimination,prime_discrimination,none,XVVX,,,black,entführung,noun,negative,black,0.8804,,,,0.34,0.47,34
58,546,50,18,2,part_of_speech_classification,prime_discrimination,prime_discrimination,none,XVVX,,,black,entführung,noun,negative,black,,stim3;XVVX,831.6874000011012,,,,34
58,547,51,18,2,part_of_speech_classification,prime_discrimination,prime_discrimination,none,MQQM,,,black,schön,adjective,positive,black,0.8804,,,,0.34,0.47,34
58,547,51,18,2,part_of_speech_classification,prime_discrimination,prime_discrimination,none,MQQM,,,black,schön,adjective,positive,black,,stim1,599.2527999915183,,,,34
58,548,52,18,2,part_of_speech_classification,prime_discrimination,prime_discrimination,none,XVVX,,,black,schleim,noun,negative,black,0.8804,,,,0.34,0.47,34
58,548,52,18,2,part_of_speech_classification,prime_discrimination,prime_discrimination,none,XVVX,,,black,schleim,noun,negative,black,,stim3,951.5260999905877,,,,34
58,549,1,19,3,part_of_speech_classification,prime_discrimination,prime_discrimination,none,ZYYZ,,,black,gütig,adjective,positive,black,0.8834,,,,0.34,0.47,34
58,549,1,19,3,part_of_speech_classification,prime_discrimination,prime_discrimination,none,ZYYZ,,,black,gütig,adjective,positive,black,,stim2,826.5856000361964,,,,34
58,550,2,19,3,part_of_speech_classification,prime_discrimination,prime_discrimination,none,MQQM,,,black,schön,adjective,positive,black,0.8804,,,,0.34,0.47,34
58,550,2,19,3,part_of_speech_classification,prime_discrimination,prime_discrimination,none,MQQM,,,black,schön,adjective,positive,black,,stim1,508.98029998643324,,,,34
58,551,3,19,3,part_of_speech_classification,prime_discrimination,prime_discrimination,none,WJJW,,,black,ehrlich,adjective,positive,black,0.9104,,,,0.34,0.47,34
58,551,3,19,3,part_of_speech_classification,prime_discrimination,prime_discrimination,none,WJJW,,,black,ehrlich,adjective,positive,black,,stim0,1002.0933999912813,,,,34
58,552,4,19,3,part_of_speech_classification,prime_discrimination,prime_discrimination,none,XVVX,,,black,entführung,noun,negative,black,0.8804,,,,0.34,0.47,34
58,552,4,19,3,part_of_speech_classification,prime_discrimination,prime_discrimination,none,XVVX,,,black,entführung,noun,negative,black,,stim3;XVVX,735.2182000176981,,,,34
58,553,5,19,3,part_of_speech_classification,prime_discrimination,prime_discrimination,none,WJJW,,,black,lustig,adjective,positive,black,0.8805,,,,0.34,0.47,34
58,553,5,19,3,part_of_speech_classification,prime_discrimination,prime_discrimination,none,WJJW,,,black,lustig,adjective,positive,black,,stim3,756.6990000195801,,,,34
58,554,6,19,3,part_of_speech_classification,prime_discrimination,prime_discrimination,none,WJJW,,,black,schleim,noun,negative,black,0.8804,,,,0.34,0.47,34
58,554,6,19,3,part_of_speech_classification,prime_discrimination,prime_discrimination,none,WJJW,,,black,schleim,noun,negative,black,,stim0,1165.6070000026375,,,,34
58,555,7,19,3,part_of_speech_classification,prime_discrimination,prime_discrimination,none,ZYYZ,,,black,lustig,adjective,positive,black,0.8805,,,,0.34,0.47,34
58,555,7,19,3,part_of_speech_classification,prime_discrimination,prime_discrimination,none,ZYYZ,,,black,lustig,adjective,positive,black,,stim3;XVVX,739.6359000122175,,,,34
58,556,8,19,3,part_of_speech_classification,prime_discrimination,prime_discrimination,none,XVVX,,,black,schön,adjective,positive,black,0.8804,,,,0.34,0.47,34
58,556,8,19,3,part_of_speech_classification,prime_discrimination,prime_discrimination,none,XVVX,,,black,schön,adjective,positive,black,,stim3;XVVX,491.98039999464527,,,,34
58,557,9,19,3,part_of_speech_classification,prime_discrimination,prime_discrimination,none,MQQM,,,black,gütig,adjective,positive,black,0.8804,,,,0.34,0.47,34
58,557,9,19,3,part_of_speech_classification,prime_discrimination,prime_discrimination,none,MQQM,,,black,gütig,adjective,positive,black,,stim1,610.5243999627419,,,,34
58,558,10,19,3,part_of_speech_classification,prime_discrimination,prime_discrimination,none,ZYYZ,,,black,spaß,noun,positive,black,0.8804,,,,0.34,0.47,34
58,558,10,19,3,part_of_speech_classification,prime_discrimination,prime_discrimination,none,ZYYZ,,,black,spaß,noun,positive,black,,stim2,607.1192999952473,,,,34
58,559,11,19,3,part_of_speech_classification,prime_discrimination,prime_discrimination,none,XVVX,,,black,glück,noun,positive,black,0.8806,,,,0.34,0.47,34
58,559,11,19,3,part_of_speech_classification,prime_discrimination,prime_discrimination,none,XVVX,,,black,glück,noun,positive,black,,stim0,2078.802500036545,,,,34
58,560,12,19,3,part_of_speech_classification,prime_discrimination,prime_discrimination,none,XVVX,,,black,ehrlich,adjective,positive,black,0.8805,,,,0.34,0.47,34
58,560,12,19,3,part_of_speech_classification,prime_discrimination,prime_discrimination,none,XVVX,,,black,ehrlich,adjective,positive,black,,stim3,769.7886999812908,,,,34
58,561,13,19,3,part_of_speech_classification,prime_discrimination,prime_discrimination,none,ZYYZ,,,black,einfall,noun,positive,black,0.8804,,,,0.34,0.47,34
58,561,13,19,3,part_of_speech_classification,prime_discrimination,prime_discrimination,none,ZYYZ,,,black,einfall,noun,positive,black,,stim2,771.4057000121102,,,,34
58,562,14,19,3,part_of_speech_classification,prime_discrimination,prime_discrimination,none,MQQM,,,black,leiche,noun,negative,black,0.8809,,,,0.34,0.47,34
58,562,14,19,3,part_of_speech_classification,prime_discrimination,prime_discrimination,none,MQQM,,,black,leiche,noun,negative,black,,stim1,738.0643999786116,,,,34
58,563,15,19,3,part_of_speech_classification,prime_discrimination,prime_discrimination,none,ZYYZ,,,black,eitel,adjective,negative,black,0.8804,,,,0.34,0.47,34
58,563,15,19,3,part_of_speech_classification,prime_discrimination,prime_discrimination,none,ZYYZ,,,black,eitel,adjective,negative,black,,stim2;ZYYZ,711.9363999809138,,,,34
58,564,16,19,3,part_of_speech_classification,prime_discrimination,prime_discrimination,none,ZYYZ,,,black,einfall,noun,positive,black,0.8805,,,,0.34,0.47,34
58,564,16,19,3,part_of_speech_classification,prime_discrimination,prime_discrimination,none,ZYYZ,,,black,einfall,noun,positive,black,,stim2,615.5892999959178,,,,34
58,565,17,19,3,part_of_speech_classification,prime_discrimination,prime_discrimination,none,XVVX,,,black,leiche,noun,negative,black,0.8804,,,,0.34,0.47,34
58,565,17,19,3,part_of_speech_classification,prime_discrimination,prime_discrimination,none,XVVX,,,black,leiche,noun,negative,black,,stim0;WJJW,1430.3254000260495,,,,34
58,566,18,19,3,part_of_speech_classification,prime_discrimination,prime_discrimination,none,WJJW,,,black,lustig,adjective,positive,black,0.8805,,,,0.34,0.47,34
58,566,18,19,3,part_of_speech_classification,prime_discrimination,prime_discrimination,none,WJJW,,,black,lustig,adjective,positive,black,,stim0,1765.8220999874175,,,,34
58,567,19,19,3,part_of_speech_classification,prime_discrimination,prime_discrimination,none,XVVX,,,black,entführung,noun,negative,black,0.8804,,,,0.34,0.47,34
58,567,19,19,3,part_of_speech_classification,prime_discrimination,prime_discrimination,none,XVVX,,,black,entführung,noun,negative,black,,stim0,891.2677000043914,,,,34
58,568,20,19,3,part_of_speech_classification,prime_discrimination,prime_discrimination,none,WJJW,,,black,spaß,noun,positive,black,0.8804,,,,0.34,0.47,34
58,568,20,19,3,part_of_speech_classification,prime_discrimination,prime_discrimination,none,WJJW,,,black,spaß,noun,positive,black,,stim3;XVVX,947.7427999954671,,,,34
58,569,21,19,3,part_of_speech_classification,prime_discrimination,prime_discrimination,none,WJJW,,,black,launisch,adjective,negative,black,0.8804,,,,0.34,0.47,34
58,569,21,19,3,part_of_speech_classification,prime_discrimination,prime_discrimination,none,WJJW,,,black,launisch,adjective,negative,black,,stim2,556.5327000222169,,,,34
58,570,22,19,3,part_of_speech_classification,prime_discrimination,prime_discrimination,none,MQQM,,,black,schlecht,adjective,negative,black,0.8804,,,,0.34,0.47,34
58,570,22,19,3,part_of_speech_classification,prime_discrimination,prime_discrimination,none,MQQM,,,black,schlecht,adjective,negative,black,,stim1,531.4165000454523,,,,34
58,571,23,19,3,part_of_speech_classification,prime_discrimination,prime_discrimination,none,ZYYZ,,,black,schleim,noun,negative,black,0.9105,,,,0.34,0.47,34
58,571,23,19,3,part_of_speech_classification,prime_discrimination,prime_discrimination,none,ZYYZ,,,black,schleim,noun,negative,black,,stim2;ZYYZ,501.2538000009954,,,,34
58,572,24,19,3,part_of_speech_classification,prime_discrimination,prime_discrimination,none,MQQM,,,black,eitel,adjective,negative,black,0.8804,,,,0.34,0.47,34
58,572,24,19,3,part_of_speech_classification,prime_discrimination,prime_discrimination,none,MQQM,,,black,eitel,adjective,negative,black,,stim1,482.6043999637477,,,,34
58,573,25,19,3,part_of_speech_classification,prime_discrimination,prime_discrimination,none,ZYYZ,,,black,einfall,noun,positive,black,0.8805,,,,0.34,0.47,34
58,573,25,19,3,part_of_speech_classification,prime_discrimination,prime_discrimination,none,ZYYZ,,,black,einfall,noun,positive,black,,stim2;ZYYZ,809.7277999622747,,,,34
58,574,26,19,3,part_of_speech_classification,prime_discrimination,prime_discrimination,none,MQQM,,,black,gift,noun,negative,black,0.8805,,,,0.34,0.47,34
58,574,26,19,3,part_of_speech_classification,prime_discrimination,prime_discrimination,none,MQQM,,,black,gift,noun,negative,black,,stim1,1057.7230000053532,,,,34
58,575,27,19,3,part_of_speech_classification,prime_discrimination,prime_discrimination,none,XVVX,,,black,schlecht,adjective,negative,black,0.8804,,,,0.34,0.47,34
58,575,27,19,3,part_of_speech_classification,prime_discrimination,prime_discrimination,none,XVVX,,,black,schlecht,adjective,negative,black,,stim2,1467.6180999958888,,,,34
58,576,28,19,3,part_of_speech_classification,prime_discrimination,prime_discrimination,none,WJJW,,,black,entführung,noun,negative,black,0.8804,,,,0.34,0.47,34
58,576,28,19,3,part_of_speech_classification,prime_discrimination,prime_discrimination,none,WJJW,,,black,entführung,noun,negative,black,,stim0,665.5777000123635,,,,34
58,577,29,19,3,part_of_speech_classification,prime_discrimination,prime_discrimination,none,XVVX,,,black,gierig,adjective,negative,black,0.8805,,,,0.34,0.47,34
58,577,29,19,3,part_of_speech_classification,prime_discrimination,prime_discrimination,none,XVVX,,,black,gierig,adjective,negative,black,,stim3,619.1381000098772,,,,34
58,578,30,19,3,part_of_speech_classification,prime_discrimination,prime_discrimination,none,WJJW,,,black,launisch,adjective,negative,black,0.8805,,,,0.34,0.47,34
58,578,30,19,3,part_of_speech_classification,prime_discrimination,prime_discrimination,none,WJJW,,,black,launisch,adjective,negative,black,,stim0,1243.4520000242628,,,,34
58,579,31,19,3,part_of_speech_classification,prime_discrimination,prime_discrimination,none,MQQM,,,black,spaß,noun,positive,black,0.8804,,,,0.34,0.47,34
58,579,31,19,3,part_of_speech_classification,prime_discrimination,prime_discrimination,none,MQQM,,,black,spaß,noun,positive,black,,stim1,473.7031999975443,,,,34
58,580,32,19,3,part_of_speech_classification,prime_discrimination,prime_discrimination,none,ZYYZ,,,black,ehrlich,adjective,positive,black,0.8805,,,,0.34,0.47,34
58,580,32,19,3,part_of_speech_classification,prime_discrimination,prime_discrimination,none,ZYYZ,,,black,ehrlich,adjective,positive,black,,stim2;ZYYZ,578.3868000144139,,,,34
58,581,33,19,3,part_of_speech_classification,prime_discrimination,prime_discrimination,none,XVVX,,,black,ehrlich,adjective,positive,black,0.8804,,,,0.34,0.47,34
58,581,33,19,3,part_of_speech_classification,prime_discrimination,prime_discrimination,none,XVVX,,,black,ehrlich,adjective,positive,black,,stim0,675.2195000299253,,,,34
58,582,34,19,3,part_of_speech_classification,prime_discrimination,prime_discrimination,none,WJJW,,,black,glück,noun,positive,black,0.8804,,,,0.34,0.47,34
58,582,34,19,3,part_of_speech_classification,prime_discrimination,prime_discrimination,none,WJJW,,,black,glück,noun,positive,black,,stim2,538.0022000172175,,,,34
58,583,35,19,3,part_of_speech_classification,prime_discrimination,prime_discrimination,none,ZYYZ,,,black,lustig,adjective,positive,black,0.8804,,,,0.34,0.47,34
58,583,35,19,3,part_of_speech_classification,prime_discrimination,prime_discrimination,none,ZYYZ,,,black,lustig,adjective,positive,black,,stim2;ZYYZ,457.25879998644814,,,,34
58,584,36,19,3,part_of_speech_classification,prime_discrimination,prime_discrimination,none,XVVX,,,black,liebe,noun,positive,black,0.8804,,,,0.34,0.47,34
58,584,36,19,3,part_of_speech_classification,prime_discrimination,prime_discrimination,none,XVVX,,,black,liebe,noun,positive,black,,stim3,1063.4681000374258,,,,34
58,585,37,19,3,part_of_speech_classification,prime_discrimination,prime_discrimination,none,WJJW,,,black,launisch,adjective,negative,black,0.8804,,,,0.34,0.47,34
58,585,37,19,3,part_of_speech_classification,prime_discrimination,prime_discrimination,none,WJJW,,,black,launisch,adjective,negative,black,,stim0,581.9488999550231,,,,34
58,586,38,19,3,part_of_speech_classification,prime_discrimination,prime_discrimination,none,WJJW,,,black,liebe,noun,positive,black,0.9104,,,,0.34,0.47,34
58,586,38,19,3,part_of_speech_classification,prime_discrimination,prime_discrimination,none,WJJW,,,black,liebe,noun,positive,black,,stim0;WJJW,441.4761000080034,,,,34
58,587,39,19,3,part_of_speech_classification,prime_discrimination,prime_discrimination,none,ZYYZ,,,black,gierig,adjective,negative,black,0.8804,,,,0.34,0.47,34
58,587,39,19,3,part_of_speech_classification,prime_discrimination,prime_discrimination,none,ZYYZ,,,black,gierig,adjective,negative,black,,stim2,549.5171999791637,,,,34
58,588,40,19,3,part_of_speech_classification,prime_discrimination,prime_discrimination,none,MQQM,,,black,gierig,adjective,negative,black,0.8804,,,,0.34,0.47,34
58,588,40,19,3,part_of_speech_classification,prime_discrimination,prime_discrimination,none,MQQM,,,black,gierig,adjective,negative,black,,stim1,423.41280000982806,,,,34
58,589,41,19,3,part_of_speech_classification,prime_discrimination,prime_discrimination,none,MQQM,,,black,eitel,adjective,negative,black,0.8805,,,,0.34,0.47,34
58,589,41,19,3,part_of_speech_classification,prime_discrimination,prime_discrimination,none,MQQM,,,black,eitel,adjective,negative,black,,stim2,688.5629999451339,,,,34
58,590,42,19,3,part_of_speech_classification,prime_discrimination,prime_discrimination,none,WJJW,,,black,leiche,noun,negative,black,0.8804,,,,0.34,0.47,34
58,590,42,19,3,part_of_speech_classification,prime_discrimination,prime_discrimination,none,WJJW,,,black,leiche,noun,negative,black,,stim0,1238.5778999887407,,,,34
58,591,43,19,3,part_of_speech_classification,prime_discrimination,prime_discrimination,none,MQQM,,,black,schön,adjective,positive,black,0.9104,,,,0.34,0.47,34
58,591,43,19,3,part_of_speech_classification,prime_discrimination,prime_discrimination,none,MQQM,,,black,schön,adjective,positive,black,,stim1,487.70060000242665,,,,34
58,592,44,19,3,part_of_speech_classification,prime_discrimination,prime_discrimination,none,MQQM,,,black,schlecht,adjective,negative,black,0.8804,,,,0.34,0.47,34
58,592,44,19,3,part_of_speech_classification,prime_discrimination,prime_discrimination,none,MQQM,,,black,schlecht,adjective,negative,black,,stim1,825.7815999677405,,,,34
58,593,45,19,3,part_of_speech_classification,prime_discrimination,prime_discrimination,none,ZYYZ,,,black,glück,noun,positive,black,0.8804,,,,0.34,0.47,34
58,593,45,19,3,part_of_speech_classification,prime_discrimination,prime_discrimination,none,ZYYZ,,,black,glück,noun,positive,black,,stim2,561.4022000227123,,,,34
58,594,46,19,3,part_of_speech_classification,prime_discrimination,prime_discrimination,none,MQQM,,,black,schön,adjective,positive,black,0.8804,,,,0.34,0.47,34
58,594,46,19,3,part_of_speech_classification,prime_discrimination,prime_discrimination,none,MQQM,,,black,schön,adjective,positive,black,,stim1,825.687000004109,,,,34
58,595,47,19,3,part_of_speech_classification,prime_discrimination,prime_discrimination,none,ZYYZ,,,black,gift,noun,negative,black,0.8804,,,,0.34,0.47,34
58,595,47,19,3,part_of_speech_classification,prime_discrimination,prime_discrimination,none,ZYYZ,,,black,gift,noun,negative,black,,stim2,769.4615999935195,,,,34
58,596,48,19,3,part_of_speech_classification,prime_discrimination,prime_discrimination,none,WJJW,,,black,gütig,adjective,positive,black,0.8804,,,,0.34,0.47,34
58,596,48,19,3,part_of_speech_classification,prime_discrimination,prime_discrimination,none,WJJW,,,black,gütig,adjective,positive,black,,stim2,671.1645000032149,,,,34
58,597,49,19,3,part_of_speech_classification,prime_discrimination,prime_discrimination,none,XVVX,,,black,liebe,noun,positive,black,0.8805,,,,0.34,0.47,34
58,597,49,19,3,part_of_speech_classification,prime_discrimination,prime_discrimination,none,XVVX,,,black,liebe,noun,positive,black,,stim3;XVVX,767.0039999647997,,,,34
58,598,50,19,3,part_of_speech_classification,prime_discrimination,prime_discrimination,none,XVVX,,,black,schleim,noun,negative,black,0.8804,,,,0.34,0.47,34
58,598,50,19,3,part_of_speech_classification,prime_discrimination,prime_discrimination,none,XVVX,,,black,schleim,noun,negative,black,,stim2;ZYYZ,797.7404000121169,,,,34
58,599,51,19,3,part_of_speech_classification,prime_discrimination,prime_discrimination,none,XVVX,,,black,gütig,adjective,positive,black,0.8804,,,,0.34,0.47,34
58,599,51,19,3,part_of_speech_classification,prime_discrimination,prime_discrimination,none,XVVX,,,black,gütig,adjective,positive,black,,stim3,957.2285000467673,,,,34
58,600,52,19,3,part_of_speech_classification,prime_discrimination,prime_discrimination,none,MQQM,,,black,gift,noun,negative,black,0.8804,,,,0.34,0.47,34
58,600,52,19,3,part_of_speech_classification,prime_discrimination,prime_discrimination,none,MQQM,,,black,gift,noun,negative,black,,stim1;MQQM,725.6914000026882,,,,34
58,601,1,20,1,part_of_speech_classification,color_matching,matching,match_right,MQQM,noun,positive,brown,✲✲✲liebe✲✲✲✲,noun,positive,brown,0.5596,nonmatch,4.0437,1,0.4671,0.6028,65.39199293522232
58,602,2,20,1,part_of_speech_classification,color_matching,matching,match_right,MQQM,noun,positive,blue,✲✲✲gütig✲✲✲✲,adjective,positive,blue,0.4932,match,1.0896,0,0.4671,0.6028,65.39199293522232
58,603,3,20,1,part_of_speech_classification,color_matching,matching,match_right,MQQM,noun,positive,blue,✲✲einfall✲✲✲,noun,positive,blue,0.4932,match,0.8109,0,0.4671,0.6028,65.39199293522232
58,604,4,20,1,part_of_speech_classification,color_matching,matching,match_right,MQQM,noun,positive,blue,✲✲schlecht✲✲,adjective,negative,brown,0.4932,nonmatch,0.5269,0,0.4671,0.6028,65.39199293522232
58,605,5,20,1,part_of_speech_classification,color_matching,matching,match_right,XVVX,adjective,negative,blue,✲✲✲leiche✲✲✲,noun,negative,blue,0.4976,nonmatch,0.415,1,0.4671,0.6028,65.39199293522232
58,606,6,20,1,part_of_speech_classification,color_matching,matching,match_right,WJJW,adjective,positive,blue,✲✲launisch✲✲,adjective,negative,blue,0.4932,match,0.3889,0,0.4671,0.6028,65.39199293522232
58,607,7,20,1,part_of_speech_classification,color_matching,matching,match_right,ZYYZ,noun,negative,blue,✲✲✲gütig✲✲✲✲,adjective,positive,blue,0.4932,match,0.4055,0,0.4671,0.6028,65.39199293522232
58,608,8,20,1,part_of_speech_classification,color_matching,matching,match_right,WJJW,adjective,positive,blue,✲✲einfall✲✲✲,noun,positive,blue,0.496,match,0.3901,0,0.4671,0.6028,65.39199293522232
58,609,9,20,1,part_of_speech_classification,color_matching,matching,match_right,MQQM,noun,positive,brown,✲entführung✲,noun,negative,blue,0.4932,nonmatch,0.3973,0,0.4671,0.6028,65.39199293522232
58,610,10,20,1,part_of_speech_classification,color_matching,matching,match_right,ZYYZ,noun,negative,blue,✲✲✲leiche✲✲✲,noun,negative,blue,0.4932,match,0.3691,0,0.4671,0.6028,65.39199293522232
58,611,11,20,1,part_of_speech_classification,color_matching,matching,match_right,WJJW,adjective,positive,brown,✲entführung✲,noun,negative,blue,0.4932,nonmatch,0.303,0,0.4671,0.6028,65.39199293522232
58,612,12,20,1,part_of_speech_classification,color_matching,matching,match_right,ZYYZ,noun,negative,brown,✲✲✲glück✲✲✲✲,noun,positive,brown,0.4932,nonmatch,0.4002,1,0.4671,0.6028,65.39199293522232
58,613,13,20,1,part_of_speech_classification,color_matching,matching,match_right,XVVX,adjective,negative,blue,✲✲launisch✲✲,adjective,negative,blue,0.4932,match,0.3612,0,0.4671,0.6028,65.39199293522232
58,614,14,20,1,part_of_speech_classification,color_matching,matching,match_right,WJJW,adjective,positive,brown,✲✲✲lustig✲✲✲,adjective,positive,brown,0.4932,match,0.3703,0,0.4671,0.6028,65.39199293522232
58,615,15,20,1,part_of_speech_classification,color_matching,matching,match_right,XVVX,adjective,negative,blue,✲✲✲gütig✲✲✲✲,adjective,positive,blue,0.4932,match,0.421,0,0.4671,0.6028,65.39199293522232
58,616,16,20,1,part_of_speech_classification,color_matching,matching,match_right,MQQM,noun,positive,blue,✲✲✲✲gift✲✲✲✲,noun,negative,brown,0.4932,nonmatch,0.3676,0,0.4671,0.6028,65.39199293522232
58,617,17,20,1,part_of_speech_classification,color_matching,matching,match_right,ZYYZ,noun,negative,brown,✲✲schlecht✲✲,adjective,negative,blue,0.4932,nonmatch,0.455,0,0.4671,0.6028,65.39199293522232
58,618,18,20,1,part_of_speech_classification,color_matching,matching,match_right,ZYYZ,noun,negative,brown,✲✲✲✲spaß✲✲✲✲,noun,positive,blue,0.4932,match,0.4766,1,0.4671,0.6028,65.39199293522232
58,619,19,20,1,part_of_speech_classification,color_matching,matching,match_right,MQQM,noun,positive,blue,✲✲schleim✲✲✲,noun,negative,blue,0.4932,match,0.5203,0,0.4671,0.6028,65.39199293522232
58,620,20,20,1,part_of_speech_classification,color_matching,matching,match_right,MQQM,noun,positive,brown,✲✲launisch✲✲,adjective,negative,blue,0.4932,nonmatch,0.582,0,0.4671,0.6028,65.39199293522232
58,621,21,20,1,part_of_speech_classification,color_matching,matching,match_right,XVVX,adjective,negative,brown,✲✲✲lustig✲✲✲,adjective,positive,brown,0.4932,match,0.4954,0,0.4671,0.6028,65.39199293522232
58,622,22,20,1,part_of_speech_classification,color_matching,matching,match_right,WJJW,adjective,positive,blue,✲✲schleim✲✲✲,noun,negative,blue,0.4932,match,0.5386,0,0.4671,0.6028,65.39199293522232
58,623,23,20,1,part_of_speech_classification,color_matching,matching,match_right,MQQM,noun,positive,blue,✲✲✲schön✲✲✲✲,adjective,positive,brown,0.4932,nonmatch,1.1994,0,0.4671,0.6028,65.39199293522232
58,624,24,20,1,part_of_speech_classification,color_matching,matching,match_right,ZYYZ,noun,negative,brown,✲✲✲lustig✲✲✲,adjective,positive,brown,0.4932,match,0.62,0,0.4671,0.6028,65.39199293522232
58,625,25,20,1,part_of_speech_classification,color_matching,matching,match_right,ZYYZ,noun,negative,brown,✲✲ehrlich✲✲✲,adjective,positive,blue,0.4932,nonmatch,0.7627,0,0.4671,0.6028,65.39199293522232
58,626,26,20,1,part_of_speech_classification,color_matching,matching,match_right,WJJW,adjective,positive,blue,✲✲✲glück✲✲✲✲,noun,positive,brown,0.4932,nonmatch,0.8589,0,0.4671,0.6028,65.39199293522232
58,627,27,20,1,part_of_speech_classification,color_matching,matching,match_right,XVVX,adjective,negative,brown,✲✲einfall✲✲✲,noun,positive,blue,0.4932,nonmatch,0.7414,0,0.4671,0.6028,65.39199293522232
58,628,28,20,1,part_of_speech_classification,color_matching,matching,match_right,XVVX,adjective,negative,brown,✲✲✲gierig✲✲✲,adjective,negative,blue,0.4961,nonmatch,0.5149,0,0.4671,0.6028,65.39199293522232
58,629,29,20,1,part_of_speech_classification,color_matching,matching,match_right,ZYYZ,noun,negative,blue,✲✲einfall✲✲✲,noun,positive,brown,0.4932,nonmatch,0.475,0,0.4671,0.6028,65.39199293522232
58,630,30,20,1,part_of_speech_classification,color_matching,matching,match_right,XVVX,adjective,negative,blue,✲✲✲glück✲✲✲✲,noun,positive,blue,0.5062,match,0.5201,0,0.4671,0.6028,65.39199293522232
58,631,31,20,1,part_of_speech_classification,color_matching,matching,match_right,ZYYZ,noun,negative,brown,✲entführung✲,noun,negative,brown,0.4932,match,0.515,0,0.4671,0.6028,65.39199293522232
58,632,32,20,1,part_of_speech_classification,color_matching,matching,match_right,ZYYZ,noun,negative,blue,✲✲✲eitel✲✲✲✲,adjective,negative,blue,0.4932,match,0.4467,0,0.4671,0.6028,65.39199293522232
58,633,33,20,1,part_of_speech_classification,color_matching,matching,match_right,MQQM,noun,positive,brown,✲✲✲leiche✲✲✲,noun,negative,brown,0.528,match,0.6725,0,0.4671,0.6028,65.39199293522232
58,634,34,20,1,part_of_speech_classification,color_matching,matching,match_right,WJJW,adjective,positive,brown,✲✲✲✲gift✲✲✲✲,noun,negative,brown,0.4932,match,0.3846,0,0.4456,0.5813,62.37822643615296
58,635,35,20,1,part_of_speech_classification,color_matching,matching,match_right,WJJW,adjective,positive,blue,✲✲ehrlich✲✲✲,adjective,positive,blue,0.4963,match,0.4468,0,0.4264,0.5621,59.693179820877624
58,636,36,20,1,part_of_speech_classification,color_matching,matching,match_right,MQQM,noun,positive,blue,✲✲✲✲spaß✲✲✲✲,noun,positive,brown,0.4932,nonmatch,0.3745,0,0.4098,0.5455,57.36541505149836
58,637,37,20,1,part_of_speech_classification,color_matching,matching,match_right,MQQM,noun,positive,brown,✲✲ehrlich✲✲✲,adjective,positive,blue,0.4932,match,0.471,1,0.3953,0.5311,55.34778965485692
58,638,38,20,1,part_of_speech_classification,color_matching,matching,match_right,ZYYZ,noun,negative,brown,✲✲schleim✲✲✲,noun,negative,blue,0.4932,nonmatch,0.4145,0,0.4362,0.5719,61.072877235286455
58,639,39,20,1,part_of_speech_classification,color_matching,matching,match_right,MQQM,noun,positive,blue,✲✲✲eitel✲✲✲✲,adjective,negative,blue,0.4932,match,0.4274,0,0.4241,0.5598,59.37685242302409
58,640,40,20,1,part_of_speech_classification,color_matching,matching,match_right,XVVX,adjective,negative,brown,✲✲✲✲gift✲✲✲✲,noun,negative,blue,0.4932,match,0.451,1,0.414,0.5497,57.958183437951
58,641,41,20,1,part_of_speech_classification,color_matching,matching,match_right,ZYYZ,noun,negative,blue,✲✲✲schön✲✲✲✲,adjective,positive,brown,0.4932,nonmatch,0.3902,0,0.4433,0.579,62.058613900292
58,642,42,20,1,part_of_speech_classification,color_matching,matching,match_right,XVVX,adjective,negative,brown,✲✲ehrlich✲✲✲,adjective,positive,blue,0.4932,nonmatch,0.4123,0,0.4334,0.5691,60.67535898963269
58,643,43,20,1,part_of_speech_classification,color_matching,matching,match_right,XVVX,adjective,negative,blue,✲✲✲liebe✲✲✲✲,noun,positive,brown,0.4932,nonmatch,0.4246,0,0.4252,0.5609,59.525103981836786
58,644,44,20,1,part_of_speech_classification,color_matching,matching,match_right,ZYYZ,noun,negative,blue,✲✲launisch✲✲,adjective,negative,brown,0.4932,nonmatch,0.5348,0,0.4182,0.5539,58.551356624997815
58,645,45,20,1,part_of_speech_classification,color_matching,matching,match_right,WJJW,adjective,positive,blue,✲✲✲eitel✲✲✲✲,adjective,negative,brown,0.4932,nonmatch,0.4466,0,0.4123,0.548,57.7232464205744
58,646,46,20,1,part_of_speech_classification,color_matching,matching,match_right,WJJW,adjective,positive,brown,✲✲✲liebe✲✲✲✲,noun,positive,blue,0.4932,nonmatch,0.408,0,0.4071,0.5428,56.995609099505835
58,647,47,20,1,part_of_speech_classification,color_matching,matching,match_right,WJJW,adjective,positive,blue,✲✲✲gütig✲✲✲✲,adjective,positive,brown,0.4932,nonmatch,0.5916,0,0.4025,0.5382,56.35153287609382
58,648,48,20,1,part_of_speech_classification,color_matching,matching,match_right,WJJW,adjective,positive,brown,✲✲✲gierig✲✲✲,adjective,negative,blue,0.4932,nonmatch,0.3896,0,0.3984,0.5341,55.77299489609792
58,649,49,20,1,part_of_speech_classification,color_matching,matching,match_right,MQQM,noun,positive,brown,✲✲✲lustig✲✲✲,adjective,positive,brown,0.5282,match,0.4787,0,0.3946,0.5303,55.248309839024934
58,650,50,20,1,part_of_speech_classification,color_matching,matching,match_right,XVVX,adjective,negative,brown,✲✲schleim✲✲✲,noun,negative,brown,0.4932,match,0.5506,0,0.3912,0.5269,54.767412249279985
58,651,51,20,1,part_of_speech_classification,color_matching,matching,match_right,XVVX,adjective,negative,brown,✲✲✲eitel✲✲✲✲,adjective,negative,brown,0.4932,match,0.326,0,0.388,0.5237,54.32185707349616
58,652,52,20,1,part_of_speech_classification,color_matching,matching,match_right,XVVX,adjective,negative,brown,✲✲✲✲spaß✲✲✲✲,noun,positive,brown,0.4932,match,0.4252,0,0.385,0.5207,53.90481311346926
58,653,53,20,1,part_of_speech_classification,color_matching,matching,match_right,WJJW,adjective,positive,blue,✲✲✲leiche✲✲✲,noun,negative,brown,0.4932,nonmatch,0.3895,0,0.3822,0.5179,53.51015243065192
58,654,54,20,1,part_of_speech_classification,color_matching,matching,match_right,ZYYZ,noun,negative,blue,✲✲✲liebe✲✲✲✲,noun,positive,blue,0.4932,nonmatch,0.3673,1,0.3796,0.5153,53.14435023270662
58,655,55,20,1,part_of_speech_classification,color_matching,matching,match_right,WJJW,adjective,positive,brown,✲✲✲schön✲✲✲✲,adjective,positive,blue,0.4932,match,0.4432,1,0.3872,0.5229,54.20675480476051
58,656,56,20,1,part_of_speech_classification,color_matching,matching,match_right,XVVX,adjective,negative,blue,✲✲✲schön✲✲✲✲,adjective,positive,brown,0.4932,nonmatch,0.4763,0,0.395,0.5307,55.298442167238505
58,657,57,20,1,part_of_speech_classification,color_matching,matching,match_right,WJJW,adjective,positive,brown,✲✲schlecht✲✲,adjective,negative,brown,0.4932,match,0.3459,0,0.3923,0.528,54.92008900265286
58,658,58,20,1,part_of_speech_classification,color_matching,matching,match_right,WJJW,adjective,positive,brown,✲✲✲✲spaß✲✲✲✲,noun,positive,brown,0.4932,match,0.3688,0,0.3897,0.5255,54.56305934681227
58,659,59,20,1,part_of_speech_classification,color_matching,matching,match_right,MQQM,noun,positive,brown,✲✲✲glück✲✲✲✲,noun,positive,blue,0.4933,nonmatch,0.5135,0,0.3874,0.5231,54.237007402985185
58,660,60,20,1,part_of_speech_classification,color_matching,matching,match_right,XVVX,adjective,negative,blue,✲✲schlecht✲✲,adjective,negative,brown,0.4932,nonmatch,0.4974,0,0.3852,0.5209,53.92651135569386
58,661,61,20,1,part_of_speech_classification,color_matching,matching,match_right,XVVX,adjective,negative,blue,✲entführung✲,noun,negative,brown,0.4932,nonmatch,0.483,0,0.3831,0.5188,53.633932368700656
58,662,62,20,1,part_of_speech_classification,color_matching,matching,match_right,MQQM,noun,positive,brown,✲✲✲gierig✲✲✲,adjective,negative,brown,0.4932,match,0.418,0,0.3811,0.5168,53.357285172113514
58,663,63,20,1,part_of_speech_classification,color_matching,matching,match_right,ZYYZ,noun,negative,blue,✲✲✲✲gift✲✲✲✲,noun,negative,brown,0.4932,nonmatch,0.3074,0,0.3792,0.5149,53.09276689934403
58,664,64,20,1,part_of_speech_classification,color_matching,matching,match_right,ZYYZ,noun,negative,brown,✲✲✲gierig✲✲✲,adjective,negative,brown,0.4961,match,0.4137,0,0.3774,0.5132,52.84153344871812
58,665,1,21,2,part_of_speech_classification,color_matching,matching,match_right,XVVX,adjective,negative,blue,✲✲✲gierig✲✲✲,adjective,negative,brown,0.4932,nonmatch,0.5793,0,0.3757,0.5114,52.60099959946009
58,666,2,21,2,part_of_speech_classification,color_matching,matching,match_right,MQQM,noun,positive,blue,✲✲✲leiche✲✲✲,noun,negative,brown,0.4961,nonmatch,0.4799,0,0.3741,0.5098,52.36849171326163
58,667,3,21,2,part_of_speech_classification,color_matching,matching,match_right,ZYYZ,noun,negative,brown,✲✲schleim✲✲✲,noun,negative,blue,0.4932,match,0.4394,1,0.3725,0.5082,52.148485744361366
58,668,4,21,2,part_of_speech_classification,color_matching,matching,match_right,MQQM,noun,positive,blue,✲✲✲liebe✲✲✲✲,noun,positive,brown,0.4932,nonmatch,0.3133,0,0.377,0.5127,52.78137470947899
58,669,5,21,2,part_of_speech_classification,color_matching,matching,match_right,MQQM,noun,positive,brown,✲✲✲eitel✲✲✲✲,adjective,negative,brown,0.4932,match,0.5897,0,0.3754,0.5111,52.56094571514497
58,670,6,21,2,part_of_speech_classification,color_matching,matching,match_right,MQQM,noun,positive,blue,✲✲✲✲gift✲✲✲✲,noun,negative,blue,0.4932,nonmatch,0.4554,1,0.3739,0.5096,52.35021656039984
58,671,7,21,2,part_of_speech_classification,color_matching,matching,match_right,ZYYZ,noun,negative,brown,✲✲launisch✲✲,adjective,negative,brown,0.4932,match,0.3999,0,0.3784,0.5141,52.97484394250285
58,672,8,21,2,part_of_speech_classification,color_matching,matching,match_right,MQQM,noun,positive,brown,✲entführung✲,noun,negative,brown,0.4932,match,0.4481,0,0.3769,0.5126,52.770647344428774
58,673,9,21,2,part_of_speech_classification,color_matching,matching,match_right,MQQM,noun,positive,brown,✲✲✲gierig✲✲✲,adjective,negative,blue,0.4932,nonmatch,0.4202,0,0.3755,0.5112,52.56846714666847
58,674,10,21,2,part_of_speech_classification,color_matching,matching,match_right,XVVX,adjective,negative,brown,✲✲✲liebe✲✲✲✲,noun,positive,brown,0.4932,match,0.4681,0,0.3741,0.5098,52.3740989399124
58,675,11,21,2,part_of_speech_classification,color_matching,matching,match_right,WJJW,adjective,positive,blue,✲✲✲leiche✲✲✲,noun,negative,blue,0.4932,match,0.456,0,0.3728,0.5085,52.19057177070252
58,676,12,21,2,part_of_speech_classification,color_matching,matching,match_right,WJJW,adjective,positive,brown,✲✲✲liebe✲✲✲✲,noun,positive,blue,0.4976,nonmatch,0.4377,0,0.3715,0.5072,52.008537377756966
58,677,13,21,2,part_of_speech_classification,color_matching,matching,match_right,ZYYZ,noun,negative,brown,✲✲✲leiche✲✲✲,noun,negative,brown,0.4932,match,0.4466,0,0.3702,0.506,51.83439650548472
58,678,14,21,2,part_of_speech_classification,color_matching,matching,match_right,WJJW,adjective,positive,blue,✲✲schlecht✲✲,adjective,negative,brown,0.4932,nonmatch,0.4181,0,0.3691,0.5048,51.667835197577645
58,679,15,21,2,part_of_speech_classification,color_matching,matching,match_right,WJJW,adjective,positive,blue,✲✲einfall✲✲✲,noun,positive,blue,0.4932,match,0.3751,0,0.3679,0.5036,51.5022499609981
58,680,16,21,2,part_of_speech_classification,color_matching,matching,match_right,ZYYZ,noun,negative,brown,✲✲✲lustig✲✲✲,adjective,positive,brown,0.4932,nonmatch,0.39,1,0.3667,0.5024,51.34205708173976
58,680,16,21,2,part_of_speech_classification,color_matching,matching,match_right,ZYYZ,noun,negative,brown,✲✲✲lustig✲✲✲,adjective,positive,brown,0.4932,match,0.4556,0,0.3667,0.5024,51.34205708173976
58,857,1,24,5,part_of_speech_classification,color_matching,matching,match_right,WJJW,adjective,positive,brown,✲✲✲leiche✲✲✲,noun,negative,brown,0.4932,nonmatch,0.7071,1,0.3667,0.5024,51.34205708173976
58,858,2,24,5,part_of_speech_classification,color_matching,matching,match_right,ZYYZ,noun,negative,brown,✲✲✲gütig✲✲✲✲,adjective,positive,blue,0.4932,nonmatch,0.4688,0,0.3701,0.5058,51.81685598077358
58,859,3,24,5,part_of_speech_classification,color_matching,matching,match_right,ZYYZ,noun,negative,brown,✲entführung✲,noun,negative,blue,0.4932,nonmatch,0.4253,0,0.369,0.5047,51.66093456473779
58,860,4,24,5,part_of_speech_classification,color_matching,matching,match_right,MQQM,noun,positive,brown,✲✲✲schön✲✲✲✲,adjective,positive,brown,0.4932,nonmatch,0.4251,1,0.3679,0.5036,51.5058857118627
58,861,5,24,5,part_of_speech_classification,color_matching,matching,match_right,WJJW,adjective,positive,blue,✲✲✲gütig✲✲✲✲,adjective,positive,brown,0.4932,nonmatch,0.4116,0,0.3711,0.5068,51.94760395453698
58,862,6,24,5,part_of_speech_classification,color_matching,matching,match_right,WJJW,adjective,positive,blue,✲✲ehrlich✲✲✲,adjective,positive,blue,0.4932,match,0.4108,0,0.37,0.5057,51.798595198394686
58,863,7,24,5,part_of_speech_classification,color_matching,matching,match_right,WJJW,adjective,positive,blue,✲✲launisch✲✲,adjective,negative,brown,0.4932,nonmatch,0.3849,0,0.3689,0.5047,51.652186147002425
58,864,8,24,5,part_of_speech_classification,color_matching,matching,match_right,XVVX,adjective,negative,brown,✲entführung✲,noun,negative,brown,0.4932,match,0.4488,0,0.3679,0.5036,51.506516305034445
58,865,9,24,5,part_of_speech_classification,color_matching,matching,match_right,ZYYZ,noun,negative,blue,✲✲schleim✲✲✲,noun,negative,blue,0.4932,nonmatch,0.4344,1,0.3669,0.5026,51.364617069344085
58,866,10,24,5,part_of_speech_classification,color_matching,matching,match_right,MQQM,noun,positive,blue,✲✲✲✲gift✲✲✲✲,noun,negative,brown,0.4932,match,0.4147,1,0.3699,0.5056,51.782027043460815
58,867,11,24,5,part_of_speech_classification,color_matching,matching,match_right,MQQM,noun,positive,blue,✲✲launisch✲✲,adjective,negative,brown,0.4932,nonmatch,0.3751,0,0.373,0.5087,52.21467489259694
58,868,12,24,5,part_of_speech_classification,color_matching,matching,match_right,WJJW,adjective,positive,brown,✲✲✲liebe✲✲✲✲,noun,positive,blue,0.4932,nonmatch,0.4323,0,0.3719,0.5076,52.06997481278237
58,869,13,24,5,part_of_speech_classification,color_matching,matching,match_right,WJJW,adjective,positive,brown,✲✲✲eitel✲✲✲✲,adjective,negative,blue,0.4932,nonmatch,0.3556,0,0.3709,0.5066,51.926064423711445
58,870,14,24,5,part_of_speech_classification,color_matching,matching,match_right,XVVX,adjective,negative,blue,✲✲einfall✲✲✲,noun,positive,brown,0.4932,match,0.4281,1,0.37,0.5057,51.79475437526316
58,871,15,24,5,part_of_speech_classification,color_matching,matching,match_right,WJJW,adjective,positive,brown,✲✲✲✲gift✲✲✲✲,noun,negative,blue,0.4932,nonmatch,0.3894,0,0.3729,0.5086,52.202322693221305
58,872,16,24,5,part_of_speech_classification,color_matching,matching,match_right,XVVX,adjective,negative,brown,✲✲✲eitel✲✲✲✲,adjective,negative,brown,0.496,match,0.4547,0,0.3719,0.5076,52.065457607971794
58,873,17,24,5,part_of_speech_classification,color_matching,matching,match_right,ZYYZ,noun,negative,blue,✲✲einfall✲✲✲,noun,positive,brown,0.4932,nonmatch,0.3765,0,0.3709,0.5066,51.92903783368837
58,874,18,24,5,part_of_speech_classification,color_matching,matching,match_right,ZYYZ,noun,negative,brown,✲✲✲gierig✲✲✲,adjective,negative,blue,0.4932,nonmatch,0.369,0,0.37,0.5057,51.8049960989409
58,875,19,24,5,part_of_speech_classification,color_matching,matching,match_right,ZYYZ,noun,negative,brown,✲✲✲eitel✲✲✲✲,adjective,negative,brown,0.4932,match,0.4252,0,0.3692,0.5049,51.68228067598365
58,876,20,24,5,part_of_speech_classification,color_matching,matching,match_right,MQQM,noun,positive,blue,✲✲✲✲spaß✲✲✲✲,noun,positive,brown,0.4932,nonmatch,0.454,0,0.3683,0.504,51.55980833157183
58,877,21,24,5,part_of_speech_classification,color_matching,matching,match_right,XVVX,adjective,negative,blue,✲✲✲gierig✲✲✲,adjective,negative,brown,0.4932,nonmatch,0.4217,0,0.3674,0.5031,51.43706683543961
58,878,22,24,5,part_of_speech_classification,color_matching,matching,match_right,XVVX,adjective,negative,brown,✲✲✲liebe✲✲✲✲,noun,positive,brown,0.4932,match,0.4394,0,0.3666,0.5023,51.323711010530396
58,879,23,24,5,part_of_speech_classification,color_matching,matching,match_right,XVVX,adjective,negative,brown,✲✲✲lustig✲✲✲,adjective,positive,brown,0.4932,match,0.3565,0,0.3658,0.5015,51.21335032294429
58,880,24,24,5,part_of_speech_classification,color_matching,matching,match_right,XVVX,adjective,negative,blue,✲✲schleim✲✲✲,noun,negative,brown,0.4932,nonmatch,0.4134,0,0.365,0.5007,51.10340677684575
58,881,25,24,5,part_of_speech_classification,color_matching,matching,match_right,XVVX,adjective,negative,brown,✲✲✲✲spaß✲✲✲✲,noun,positive,blue,0.4932,match,0.4323,1,0.3642,0.5,50.99355533850963
58,882,26,24,5,part_of_speech_classification,color_matching,matching,match_right,MQQM,noun,positive,blue,✲✲schlecht✲✲,adjective,negative,blue,0.4932,nonmatch,0.4542,1,0.3665,0.5022,51.30567234136895
58,883,27,24,5,part_of_speech_classification,color_matching,matching,match_right,MQQM,noun,positive,blue,✲✲schleim✲✲✲,noun,negative,blue,0.4932,match,0.4466,0,0.3688,0.5046,51.63741716638494
58,884,28,24,5,part_of_speech_classification,color_matching,matching,match_right,MQQM,noun,positive,brown,✲✲✲glück✲✲✲✲,noun,positive,blue,0.4932,nonmatch,0.411,0,0.368,0.5038,51.52568220299817
58,885,29,24,5,part_of_speech_classification,color_matching,matching,match_right,ZYYZ,noun,negative,blue,✲✲✲schön✲✲✲✲,adjective,positive,blue,0.4932,match,0.418,0,0.3672,0.503,51.41328524318571
58,886,30,24,5,part_of_speech_classification,color_matching,matching,match_right,ZYYZ,noun,negative,brown,✲✲✲glück✲✲✲✲,noun,positive,blue,0.4932,nonmatch,0.4252,0,0.3665,0.5022,51.311505563963884
58,887,31,24,5,part_of_speech_classification,color_matching,matching,match_right,ZYYZ,noun,negative,brown,✲✲✲lustig✲✲✲,adjective,positive,brown,0.4932,match,0.3982,0,0.3658,0.5015,51.210818895451396
58,888,32,24,5,part_of_speech_classification,color_matching,matching,match_right,XVVX,adjective,negative,brown,✲✲launisch✲✲,adjective,negative,blue,0.4932,nonmatch,0.3834,0,0.3651,0.5008,51.110480661265996
58,889,33,24,5,part_of_speech_classification,color_matching,matching,match_right,ZYYZ,noun,negative,brown,✲✲✲✲gift✲✲✲✲,noun,negative,brown,0.4933,match,0.4759,0,0.3644,0.5001,51.0102842205313
58,890,34,24,5,part_of_speech_classification,color_matching,matching,match_right,MQQM,noun,positive,brown,✲✲✲eitel✲✲✲✲,adjective,negative,brown,0.4932,match,0.3253,0,0.3636,0.4993,50.908835919807366
58,891,35,24,5,part_of_speech_classification,color_matching,matching,match_right,WJJW,adjective,positive,brown,✲✲✲gierig✲✲✲,adjective,negative,brown,0.4932,match,0.3982,0,0.363,0.4987,50.81714991819102
58,892,36,24,5,part_of_speech_classification,color_matching,matching,match_right,WJJW,adjective,positive,brown,✲✲✲schön✲✲✲✲,adjective,positive,brown,0.4932,match,0.3614,0,0.3623,0.498,50.72663522680858
58,893,37,24,5,part_of_speech_classification,color_matching,matching,match_right,ZYYZ,noun,negative,blue,✲✲launisch✲✲,adjective,negative,brown,0.4932,nonmatch,0.4252,0,0.3617,0.4974,50.63649728066189
58,894,38,24,5,part_of_speech_classification,color_matching,matching,match_right,XVVX,adjective,negative,blue,✲✲ehrlich✲✲✲,adjective,positive,brown,0.4932,match,0.3848,1,0.361,0.4968,50.54663655389153
58,895,39,24,5,part_of_speech_classification,color_matching,matching,match_right,WJJW,adjective,positive,blue,✲✲schleim✲✲✲,noun,negative,blue,0.4932,nonmatch,0.4109,1,0.3629,0.4986,50.8009656097822
58,896,40,24,5,part_of_speech_classification,color_matching,matching,match_right,MQQM,noun,positive,brown,✲✲✲leiche✲✲✲,noun,negative,blue,0.4932,nonmatch,0.4538,0,0.3648,0.5005,51.07545011821709
58,897,41,24,5,part_of_speech_classification,color_matching,matching,match_right,WJJW,adjective,positive,brown,✲✲✲lustig✲✲✲,adjective,positive,blue,0.4932,nonmatch,0.4331,0,0.3642,0.4999,50.98194834211757
58,898,42,24,5,part_of_speech_classification,color_matching,matching,match_right,XVVX,adjective,negative,blue,✲✲✲schön✲✲✲✲,adjective,positive,blue,0.4932,match,0.3999,0,0.3635,0.4992,50.889205221009746
58,899,43,24,5,part_of_speech_classification,color_matching,matching,match_right,WJJW,adjective,positive,blue,✲✲einfall✲✲✲,noun,positive,blue,0.4932,match,0.3271,0,0.3629,0.4986,50.80455101737278
58,900,44,24,5,part_of_speech_classification,color_matching,matching,match_right,XVVX,adjective,negative,blue,✲✲✲glück✲✲✲✲,noun,positive,blue,0.4932,match,0.4395,0,0.3623,0.498,50.72073082072931
58,901,45,24,5,part_of_speech_classification,color_matching,matching,match_right,WJJW,adjective,positive,brown,✲✲✲glück✲✲✲✲,noun,positive,brown,0.4932,match,0.4395,0,0.3617,0.4974,50.63722002945057
58,902,46,24,5,part_of_speech_classification,color_matching,matching,match_right,XVVX,adjective,negative,blue,✲✲schlecht✲✲,adjective,negative,blue,0.4932,match,0.4571,0,0.3611,0.4968,50.55397717295145
58,903,47,24,5,part_of_speech_classification,color_matching,matching,match_right,ZYYZ,noun,negative,blue,✲✲✲leiche✲✲✲,noun,negative,brown,0.4932,nonmatch,0.4144,0,0.3605,0.4962,50.469911917649476
58,904,48,24,5,part_of_speech_classification,color_matching,matching,match_right,WJJW,adjective,positive,blue,✲✲✲✲spaß✲✲✲✲,noun,positive,brown,0.4932,match,0.4075,1,0.3599,0.4956,50.386238471373744
58,905,49,24,5,part_of_speech_classification,color_matching,matching,match_right,MQQM,noun,positive,blue,✲✲einfall✲✲✲,noun,positive,blue,0.4932,match,0.4336,0,0.3616,0.4973,50.628793576657
58,906,50,24,5,part_of_speech_classification,color_matching,matching,match_right,MQQM,noun,positive,brown,✲entführung✲,noun,negative,brown,0.4932,match,0.5231,0,0.3611,0.4968,50.54818986736688
58,907,51,24,5,part_of_speech_classification,color_matching,matching,match_right,ZYYZ,noun,negative,blue,✲✲ehrlich✲✲✲,adjective,positive,brown,0.4932,nonmatch,0.4403,0,0.3605,0.4962,50.4667584928739
58,908,52,24,5,part_of_speech_classification,color_matching,matching,match_right,MQQM,noun,positive,brown,✲✲✲gütig✲✲✲✲,adjective,positive,blue,0.4932,nonmatch,0.418,0,0.3599,0.4956,50.385826428555326
58,909,53,24,5,part_of_speech_classification,color_matching,matching,match_right,MQQM,noun,positive,brown,✲✲✲liebe✲✲✲✲,noun,positive,brown,0.4932,match,0.4351,0,0.3594,0.4951,50.31220427698062
58,910,54,24,5,part_of_speech_classification,color_matching,matching,match_right,MQQM,noun,positive,brown,✲✲✲gierig✲✲✲,adjective,negative,blue,0.4932,match,0.3966,1,0.3589,0.4946,50.23931372436872
58,911,55,24,5,part_of_speech_classification,color_matching,matching,match_right,MQQM,noun,positive,blue,✲✲ehrlich✲✲✲,adjective,positive,brown,0.4932,nonmatch,0.3989,0,0.3605,0.4962,50.46356182559965
58,912,56,24,5,part_of_speech_classification,color_matching,matching,match_right,XVVX,adjective,negative,blue,✲✲✲✲gift✲✲✲✲,noun,negative,blue,0.4932,match,0.4407,0,0.3599,0.4956,50.38522205605254
58,913,57,24,5,part_of_speech_classification,color_matching,matching,match_right,ZYYZ,noun,negative,brown,✲✲✲liebe✲✲✲✲,noun,positive,brown,0.4932,match,0.4273,0,0.3594,0.4951,50.313968851080006
58,914,58,24,5,part_of_speech_classification,color_matching,matching,match_right,ZYYZ,noun,negative,blue,✲✲✲✲spaß✲✲✲✲,noun,positive,blue,0.4932,match,0.4201,0,0.3589,0.4946,50.2434340006244
58,915,59,24,5,part_of_speech_classification,color_matching,matching,match_right,WJJW,adjective,positive,blue,✲✲schlecht✲✲,adjective,negative,blue,0.4932,match,0.4609,0,0.3584,0.4941,50.17323911510376
58,916,60,24,5,part_of_speech_classification,color_matching,matching,match_right,ZYYZ,noun,negative,blue,✲✲schlecht✲✲,adjective,negative,blue,0.4932,match,0.4324,0,0.3579,0.4936,50.10301435011433
58,917,61,24,5,part_of_speech_classification,color_matching,matching,match_right,XVVX,adjective,negative,brown,✲✲✲gütig✲✲✲✲,adjective,positive,blue,0.4932,nonmatch,0.3894,0,0.3574,0.4931,50.03278296429829
58,918,62,24,5,part_of_speech_classification,color_matching,matching,match_right,XVVX,adjective,negative,brown,✲✲✲leiche✲✲✲,noun,negative,blue,0.4932,nonmatch,0.5094,0,0.3569,0.4926,49.96171340631227
58,919,63,24,5,part_of_speech_classification,color_matching,matching,match_right,WJJW,adjective,positive,blue,✲entführung✲,noun,negative,brown,0.4932,nonmatch,0.4788,0,0.3564,0.4921,49.890507093797254
58,920,64,24,5,part_of_speech_classification,color_matching,matching,match_right,MQQM,noun,positive,blue,✲✲✲lustig✲✲✲,adjective,positive,blue,0.4932,match,0.4123,0,0.3559,0.4916,49.82627610472777
58,921,1,25,6,part_of_speech_classification,color_matching,matching,match_right,MQQM,noun,positive,blue,✲✲schleim✲✲✲,noun,negative,brown,0.4932,nonmatch,0.4073,0,0.3554,0.4912,49.76270751142289
58,922,2,25,6,part_of_speech_classification,color_matching,matching,match_right,MQQM,noun,positive,brown,✲✲✲gütig✲✲✲✲,adjective,positive,brown,0.4932,match,0.4252,0,0.355,0.4907,49.69948956127265
58,923,3,25,6,part_of_speech_classification,color_matching,matching,match_right,WJJW,adjective,positive,blue,✲✲✲✲spaß✲✲✲✲,noun,positive,brown,0.4932,nonmatch,0.4067,0,0.3545,0.4903,49.63631726230399
58,924,4,25,6,part_of_speech_classification,color_matching,matching,match_right,XVVX,adjective,negative,blue,✲✲✲eitel✲✲✲✲,adjective,negative,blue,0.4932,match,0.3912,0,0.3541,0.4898,49.57325852672074
58,925,5,25,6,part_of_speech_classification,color_matching,matching,match_right,WJJW,adjective,positive,brown,✲✲✲lustig✲✲✲,adjective,positive,brown,0.4961,match,0.444,0,0.3536,0.4894,49.50957869086209
58,926,6,25,6,part_of_speech_classification,color_matching,matching,match_right,ZYYZ,noun,negative,blue,✲✲✲liebe✲✲✲✲,noun,positive,blue,0.4932,match,0.4144,0,0.3532,0.4889,49.44497953218042
58,927,7,25,6,part_of_speech_classification,color_matching,matching,match_right,ZYYZ,noun,negative,blue,✲entführung✲,noun,negative,brown,0.4932,nonmatch,0.3823,0,0.3527,0.4884,49.38189220658185
58,928,8,25,6,part_of_speech_classification,color_matching,matching,match_right,WJJW,adjective,positive,brown,✲✲✲eitel✲✲✲✲,adjective,negative,blue,0.4932,match,0.368,1,0.3523,0.488,49.323899003708355
58,929,9,25,6,part_of_speech_classification,color_matching,matching,match_right,WJJW,adjective,positive,blue,✲✲launisch✲✲,adjective,negative,brown,0.4932,nonmatch,0.3573,0,0.3536,0.4893,49.50553127277089
58,930,10,25,6,part_of_speech_classification,color_matching,matching,match_right,XVVX,adjective,negative,brown,✲✲✲leiche✲✲✲,noun,negative,brown,0.4932,match,0.4955,0,0.3532,0.4889,49.44247891839334
58,931,11,25,6,part_of_speech_classification,color_matching,matching,match_right,MQQM,noun,positive,blue,✲✲✲liebe✲✲✲✲,noun,positive,brown,0.4932,nonmatch,0.421,0,0.3527,0.4884,49.38111209268044
58,932,12,25,6,part_of_speech_classification,color_matching,matching,match_right,ZYYZ,noun,negative,brown,✲✲✲eitel✲✲✲✲,adjective,negative,blue,0.4932,nonmatch,0.4037,0,0.3523,0.488,49.32463686356529
58,933,13,25,6,part_of_speech_classification,color_matching,matching,match_right,XVVX,adjective,negative,brown,✲✲ehrlich✲✲✲,adjective,positive,blue,0.4932,nonmatch,0.3909,0,0.3519,0.4876,49.26868598658192
58,934,14,25,6,part_of_speech_classification,color_matching,matching,match_right,XVVX,adjective,negative,blue,✲✲✲gütig✲✲✲✲,adjective,positive,brown,0.4932,nonmatch,0.3894,0,0.3515,0.4872,49.213014857821435
58,935,15,25,6,part_of_speech_classification,color_matching,matching,match_right,XVVX,adjective,negative,blue,✲✲✲lustig✲✲✲,adjective,positive,blue,0.4932,match,0.4681,0,0.3511,0.4868,49.15738343347412
58,936,16,25,6,part_of_speech_classification,color_matching,matching,match_right,MQQM,noun,positive,brown,✲✲launisch✲✲,adjective,negative,brown,0.4932,match,0.3751,0,0.3507,0.4864,49.10155416617352
58,937,17,25,6,part_of_speech_classification,color_matching,matching,match_right,XVVX,adjective,negative,brown,✲✲einfall✲✲✲,noun,positive,brown,0.4932,match,0.4181,0,0.3503,0.486,49.045600382914124
58,938,18,25,6,part_of_speech_classification,color_matching,matching,match_right,WJJW,adjective,positive,blue,✲✲✲leiche✲✲✲,noun,negative,blue,0.4932,match,0.3506,0,0.3499,0.4856,48.988923911288005
58,939,19,25,6,part_of_speech_classification,color_matching,matching,match_right,XVVX,adjective,negative,brown,✲✲✲schön✲✲✲✲,adjective,positive,brown,0.4932,match,0.3751,0,0.3495,0.4852,48.93128540390045
58,940,20,25,6,part_of_speech_classification,color_matching,matching,match_right,ZYYZ,noun,negative,brown,✲✲✲✲spaß✲✲✲✲,noun,positive,blue,0.4963,nonmatch,0.4136,0,0.3491,0.4848,48.877259712724296
58,941,21,25,6,part_of_speech_classification,color_matching,matching,match_right,XVVX,adjective,negative,blue,✲entführung✲,noun,negative,brown,0.4932,match,0.3895,1,0.3488,0.4845,48.82608477794594
58,942,22,25,6,part_of_speech_classification,color_matching,matching,match_right,MQQM,noun,positive,blue,✲✲✲glück✲✲✲✲,noun,positive,blue,0.4932,match,0.3788,0,0.3499,0.4856,48.98571013338514
58,943,23,25,6,part_of_speech_classification,color_matching,matching,match_right,ZYYZ,noun,negative,brown,✲✲ehrlich✲✲✲,adjective,positive,blue,0.4932,nonmatch,0.3497,0,0.3495,0.4852,48.92929040685632
58,944,24,25,6,part_of_speech_classification,color_matching,matching,match_right,XVVX,adjective,negative,brown,✲✲✲liebe✲✲✲✲,noun,positive,blue,0.4932,nonmatch,0.45,0,0.3491,0.4848,48.87666742482963
58,945,25,25,6,part_of_speech_classification,color_matching,matching,match_right,XVVX,adjective,negative,blue,✲✲schleim✲✲✲,noun,negative,blue,0.4932,match,0.4766,0,0.3488,0.4845,48.82669639714623
58,946,26,25,6,part_of_speech_classification,color_matching,matching,match_right,ZYYZ,noun,negative,blue,✲✲✲lustig✲✲✲,adjective,positive,blue,0.4932,match,0.4109,0,0.3484,0.4841,48.77713733160567
58,947,27,25,6,part_of_speech_classification,color_matching,matching,match_right,WJJW,adjective,positive,blue,✲✲✲schön✲✲✲✲,adjective,positive,blue,0.4932,match,0.4397,0,0.3481,0.4838,48.727795870143375
58,948,28,25,6,part_of_speech_classification,color_matching,matching,match_right,MQQM,noun,positive,brown,✲✲✲leiche✲✲✲,noun,negative,blue,0.4932,nonmatch,0.4058,0,0.3477,0.4834,48.678480704282855
58,949,29,25,6,part_of_speech_classification,color_matching,matching,match_right,XVVX,adjective,negative,brown,✲✲schlecht✲✲,adjective,negative,blue,0.4932,nonmatch,0.3909,0,0.3474,0.4831,48.629002104314736
58,950,30,25,6,part_of_speech_classification,color_matching,matching,match_right,MQQM,noun,positive,brown,✲✲✲✲spaß✲✲✲✲,noun,positive,blue,0.4932,nonmatch,0.3997,0,0.347,0.4827,48.57945537809363
58,951,31,25,6,part_of_speech_classification,color_matching,matching,match_right,ZYYZ,noun,negative,brown,✲✲✲gierig✲✲✲,adjective,negative,brown,0.4932,match,0.4466,0,0.3466,0.4824,48.529325625297275
58,952,32,25,6,part_of_speech_classification,color_matching,matching,match_right,WJJW,adjective,positive,brown,✲entführung✲,noun,negative,blue,0.4932,nonmatch,0.3697,0,0.3463,0.482,48.47842153322493
58,953,33,25,6,part_of_speech_classification,color_matching,matching,match_right,MQQM,noun,positive,blue,✲✲ehrlich✲✲✲,adjective,positive,blue,0.4932,nonmatch,0.4127,1,0.3459,0.4816,48.42654714886094
58,954,34,25,6,part_of_speech_classification,color_matching,matching,match_right,XVVX,adjective,negative,brown,✲✲✲✲gift✲✲✲✲,noun,negative,blue,0.4932,nonmatch,0.4124,0,0.347,0.4827,48.574933508589886
58,955,35,25,6,part_of_speech_classification,color_matching,matching,match_right,ZYYZ,noun,negative,brown,✲✲schleim✲✲✲,noun,negative,brown,0.4932,match,0.368,0,0.3466,0.4823,48.52576066930493
58,956,36,25,6,part_of_speech_classification,color_matching,matching,match_right,MQQM,noun,positive,blue,✲✲✲eitel✲✲✲✲,adjective,negative,blue,0.5244,match,0.3782,0,0.3463,0.482,48.47581911731157
58,957,37,25,6,part_of_speech_classification,color_matching,matching,match_right,MQQM,noun,positive,brown,✲entführung✲,noun,negative,brown,0.4932,match,0.3679,0,0.3459,0.4816,48.42492027914607
58,958,38,25,6,part_of_speech_classification,color_matching,matching,match_right,ZYYZ,noun,negative,brown,✲✲✲leiche✲✲✲,noun,negative,blue,0.4932,nonmatch,0.3568,0,0.3456,0.4813,48.37978925672566
58,959,39,25,6,part_of_speech_classification,color_matching,matching,match_right,ZYYZ,noun,negative,blue,✲✲schlecht✲✲,adjective,negative,brown,0.4932,match,0.3465,1,0.3453,0.481,48.33523108197796
58,960,40,25,6,part_of_speech_classification,color_matching,matching,match_right,MQQM,noun,positive,blue,✲✲✲✲gift✲✲✲✲,noun,negative,blue,0.4932,nonmatch,0.3493,1,0.3462,0.482,48.473237610830424
58,961,41,25,6,part_of_speech_classification,color_matching,matching,match_right,MQQM,noun,positive,brown,✲✲einfall✲✲✲,noun,positive,brown,0.4932,match,0.3173,0,0.3472,0.4829,48.612987044289845
58,962,42,25,6,part_of_speech_classification,color_matching,matching,match_right,WJJW,adjective,positive,brown,✲✲einfall✲✲✲,noun,positive,blue,0.4932,nonmatch,0.3751,0,0.3469,0.4826,48.56619559880009
58,963,43,25,6,part_of_speech_classification,color_matching,matching,match_right,ZYYZ,noun,negative,brown,✲✲✲glück✲✲✲✲,noun,positive,brown,0.4932,match,0.346,0,0.3466,0.4823,48.51881663382957
58,964,44,25,6,part_of_speech_classification,color_matching,matching,match_right,WJJW,adjective,positive,blue,✲✲✲gütig✲✲✲✲,adjective,positive,brown,0.5584,nonmatch,0.4037,0,0.3462,0.4819,48.47067932811892
58,965,45,25,6,part_of_speech_classification,color_matching,matching,match_right,MQQM,noun,positive,brown,✲✲✲lustig✲✲✲,adjective,positive,blue,0.4932,match,0.4207,1,0.3459,0.4816,48.42192700597827
58,966,46,25,6,part_of_speech_classification,color_matching,matching,match_right,WJJW,adjective,positive,blue,✲✲✲glück✲✲✲✲,noun,positive,blue,0.4932,match,0.4044,0,0.3469,0.4826,48.56197393966368
58,967,47,25,6,part_of_speech_classification,color_matching,matching,match_right,WJJW,adjective,positive,blue,✲✲schleim✲✲✲,noun,negative,brown,0.4932,nonmatch,0.3571,0,0.3465,0.4823,48.51543678679812
58,968,48,25,6,part_of_speech_classification,color_matching,matching,match_right,XVVX,adjective,negative,brown,✲✲✲gierig✲✲✲,adjective,negative,brown,0.4932,match,0.3859,0,0.3462,0.4819,48.4681461185482
58,969,49,25,6,part_of_speech_classification,color_matching,matching,match_right,ZYYZ,noun,negative,blue,✲✲einfall✲✲✲,noun,positive,brown,0.4932,nonmatch,0.3764,0,0.3459,0.4816,48.42046350059471
58,970,50,25,6,part_of_speech_classification,color_matching,matching,match_right,ZYYZ,noun,negative,blue,✲✲✲✲gift✲✲✲✲,noun,negative,blue,0.4932,match,0.3714,0,0.3456,0.4813,48.37811812411035
58,971,51,25,6,part_of_speech_classification,color_matching,matching,match_right,XVVX,adjective,negative,blue,✲✲✲✲spaß✲✲✲✲,noun,positive,blue,0.4932,match,0.3784,0,0.3453,0.481,48.33623573512506
58,972,52,25,6,part_of_speech_classification,color_matching,matching,match_right,WJJW,adjective,positive,brown,✲✲schlecht✲✲,adjective,negative,brown,0.4932,match,0.4004,0,0.345,0.4807,48.294674479948235
58,973,53,25,6,part_of_speech_classification,color_matching,matching,match_right,WJJW,adjective,positive,blue,✲✲✲gierig✲✲✲,adjective,negative,blue,0.4932,match,0.404,0,0.3447,0.4804,48.25329538920706
58,974,54,25,6,part_of_speech_classification,color_matching,matching,match_right,ZYYZ,noun,negative,blue,✲✲✲schön✲✲✲✲,adjective,positive,brown,0.4932,nonmatch,0.3679,0,0.3444,0.4801,48.21196144973845
58,975,55,25,6,part_of_speech_classification,color_matching,matching,match_right,WJJW,adjective,positive,brown,✲✲✲liebe✲✲✲✲,noun,positive,brown,0.4932,match,0.4484,0,0.3441,0.4798,48.17053670770005
58,976,56,25,6,part_of_speech_classification,color_matching,matching,match_right,ZYYZ,noun,negative,brown,✲✲✲gütig✲✲✲✲,adjective,positive,brown,0.4932,match,0.3467,0,0.3438,0.4795,48.12913865845077
58,977,57,25,6,part_of_speech_classification,color_matching,matching,match_right,WJJW,adjective,positive,brown,✲✲ehrlich✲✲✲,adjective,positive,blue,0.4932,nonmatch,0.3641,0,0.3435,0.4792,48.08734956292991
58,978,58,25,6,part_of_speech_classification,color_matching,matching,match_right,MQQM,noun,positive,brown,✲✲schlecht✲✲,adjective,negative,blue,0.4962,match,0.3827,1,0.3432,0.4789,48.045033260221786
58,979,59,25,6,part_of_speech_classification,color_matching,matching,match_right,MQQM,noun,positive,blue,✲✲✲gierig✲✲✲,adjective,negative,brown,0.4932,nonmatch,0.4037,0,0.344,0.4798,48.165221275268344
58,980,60,25,6,part_of_speech_classification,color_matching,matching,match_right,WJJW,adjective,positive,brown,✲✲✲✲gift✲✲✲✲,noun,negative,brown,0.4932,match,0.3786,0,0.3437,0.4795,48.12450406421438
58,981,61,25,6,part_of_speech_classification,color_matching,matching,match_right,XVVX,adjective,negative,blue,✲✲✲glück✲✲✲✲,noun,positive,brown,0.4932,nonmatch,0.4494,0,0.3435,0.4792,48.083390179135826
58,982,62,25,6,part_of_speech_classification,color_matching,matching,match_right,ZYYZ,noun,negative,blue,✲✲launisch✲✲,adjective,negative,blue,0.4932,match,0.3536,0,0.3432,0.4789,48.041747830856565
58,983,63,25,6,part_of_speech_classification,color_matching,matching,match_right,MQQM,noun,positive,blue,✲✲✲schön✲✲✲✲,adjective,positive,brown,0.4943,nonmatch,0.3679,0,0.3429,0.4786,47.99944251446186
58,984,64,25,6,part_of_speech_classification,color_matching,matching,match_right,XVVX,adjective,negative,blue,✲✲launisch✲✲,adjective,negative,brown,0.4932,match,0.3569,1,0.3425,0.4783,47.95633619490242
58,985,1,26,7,part_of_speech_classification,color_matching,matching,match_right,ZYYZ,noun,negative,brown,✲✲✲✲spaß✲✲✲✲,noun,positive,brown,0.4932,match,0.4108,0,0.3434,0.4791,48.07951421175844
58,986,2,26,7,part_of_speech_classification,color_matching,matching,match_right,WJJW,adjective,positive,brown,✲✲schleim✲✲✲,noun,negative,brown,0.4963,match,0.299,0,0.3431,0.4788,48.03852106499299
58,987,3,26,7,part_of_speech_classification,color_matching,matching,match_right,MQQM,noun,positive,brown,✲entführung✲,noun,negative,blue,0.4932,nonmatch,0.3712,0,0.3428,0.4785,47.99686799414084
58,988,4,26,7,part_of_speech_classification,color_matching,matching,match_right,WJJW,adjective,positive,brown,✲✲✲gierig✲✲✲,adjective,negative,brown,0.4932,match,0.3316,0,0.3425,0.4782,47.954421210216736
58,989,5,26,7,part_of_speech_classification,color_matching,matching,match_right,XVVX,adjective,negative,blue,✲✲schleim✲✲✲,noun,negative,brown,0.4932,nonmatch,0.3966,0,0.3423,0.478,47.91536108951588
58,990,6,26,7,part_of_speech_classification,color_matching,matching,match_right,ZYYZ,noun,negative,blue,✲✲✲glück✲✲✲✲,noun,positive,blue,0.4932,match,0.3792,0,0.342,0.4777,47.878222221561295
58,991,7,26,7,part_of_speech_classification,color_matching,matching,match_right,XVVX,adjective,negative,blue,✲✲✲✲gift✲✲✲✲,noun,negative,blue,0.4932,match,0.3316,0,0.3417,0.4774,47.84142575094838
58,992,8,26,7,part_of_speech_classification,color_matching,matching,match_right,MQQM,noun,positive,blue,✲✲schlecht✲✲,adjective,negative,brown,0.4932,nonmatch,0.3965,0,0.3415,0.4772,47.80486087783325
58,993,9,26,7,part_of_speech_classification,color_matching,matching,match_right,ZYYZ,noun,negative,brown,✲✲einfall✲✲✲,noun,positive,blue,0.4932,nonmatch,0.468,0,0.3412,0.4769,47.76841862235187
58,994,10,26,7,part_of_speech_classification,color_matching,matching,match_right,MQQM,noun,positive,brown,✲✲ehrlich✲✲✲,adjective,positive,blue,0.4932,nonmatch,0.3758,0,0.3409,0.4767,47.73199118109242
58,995,11,26,7,part_of_speech_classification,color_matching,matching,match_right,WJJW,adjective,positive,brown,✲✲ehrlich✲✲✲,adjective,positive,blue,0.4932,nonmatch,0.3245,0,0.3407,0.4764,47.69547130083279
58,996,12,26,7,part_of_speech_classification,color_matching,matching,match_right,MQQM,noun,positive,blue,✲✲✲leiche✲✲✲,noun,negative,blue,0.4932,match,0.4331,0,0.3404,0.4761,47.65897856633831
58,997,13,26,7,part_of_speech_classification,color_matching,matching,match_right,XVVX,adjective,negative,brown,✲✲✲eitel✲✲✲✲,adjective,negative,brown,0.4932,match,0.3753,0,0.3402,0.4759,47.622156252925244
58,998,14,26,7,part_of_speech_classification,color_matching,matching,match_right,WJJW,adjective,positive,brown,✲✲✲liebe✲✲✲✲,noun,positive,brown,0.496,match,0.3394,0,0.3399,0.4756,47.58489657287262
58,999,15,26,7,part_of_speech_classification,color_matching,matching,match_right,WJJW,adjective,positive,brown,✲✲✲lustig✲✲✲,adjective,positive,brown,0.4932,match,0.4144,0,0.3396,0.4753,47.54708959914877
58,1000,16,26,7,part_of_speech_classification,color_matching,matching,match_right,MQQM,noun,positive,blue,✲✲✲liebe✲✲✲✲,noun,positive,brown,0.4932,nonmatch,0.3894,0,0.3393,0.4751,47.508622655350486
58,1001,17,26,7,part_of_speech_classification,color_matching,matching,match_right,WJJW,adjective,positive,blue,✲✲✲glück✲✲✲✲,noun,positive,blue,0.4932,match,0.4108,0,0.3391,0.4748,47.46937968877316
58,1002,18,26,7,part_of_speech_classification,color_matching,matching,match_right,XVVX,adjective,negative,brown,✲✲einfall✲✲✲,noun,positive,blue,0.4932,nonmatch,0.3894,0,0.3388,0.4745,47.43436843036259
58,1003,19,26,7,part_of_speech_classification,color_matching,matching,match_right,MQQM,noun,positive,brown,✲✲einfall✲✲✲,noun,positive,blue,0.4932,nonmatch,0.3608,0,0.3386,0.4743,47.400260486320995
58,1004,20,26,7,part_of_speech_classification,color_matching,matching,match_right,MQQM,noun,positive,brown,✲✲✲✲gift✲✲✲✲,noun,negative,brown,0.4932,match,0.3562,0,0.3383,0.474,47.36645143502626
58,1005,21,26,7,part_of_speech_classification,color_matching,matching,match_right,WJJW,adjective,positive,blue,✲✲schlecht✲✲,adjective,negative,brown,0.4932,nonmatch,0.3554,0,0.3381,0.4738,47.33284665930103
58,1006,22,26,7,part_of_speech_classification,color_matching,matching,match_right,ZYYZ,noun,negative,blue,✲✲schlecht✲✲,adjective,negative,brown,0.4961,nonmatch,0.4186,0,0.3379,0.4736,47.29935294400107
58,1007,23,26,7,part_of_speech_classification,color_matching,matching,match_right,MQQM,noun,positive,brown,✲✲✲eitel✲✲✲✲,adjective,negative,brown,0.4932,match,0.3546,0,0.3376,0.4733,47.26587796613715
58,1008,24,26,7,part_of_speech_classification,color_matching,matching,match_right,ZYYZ,noun,negative,blue,✲✲launisch✲✲,adjective,negative,blue,0.4932,nonmatch,0.2841,1,0.3374,0.4731,47.23232979686078
58,1009,25,26,7,part_of_speech_classification,color_matching,matching,match_right,ZYYZ,noun,negative,blue,✲✲✲lustig✲✲✲,adjective,positive,blue,0.4932,match,0.3351,0,0.3381,0.4738,47.333593281798585
58,1010,26,26,7,part_of_speech_classification,color_matching,matching,match_right,ZYYZ,noun,negative,brown,✲✲✲schön✲✲✲✲,adjective,positive,blue,0.4961,nonmatch,0.394,0,0.3379,0.4736,47.30065553047243
58,1011,27,26,7,part_of_speech_classification,color_matching,matching,match_right,XVVX,adjective,negative,brown,✲✲launisch✲✲,adjective,negative,blue,0.4932,nonmatch,0.414,0,0.3376,0.4733,47.26774176458926
58,1012,28,26,7,part_of_speech_classification,color_matching,matching,match_right,MQQM,noun,positive,brown,✲✲✲schön✲✲✲✲,adjective,positive,brown,0.4932,match,0.3537,0,0.3374,0.4731,47.23476302494126
58,1013,29,26,7,part_of_speech_classification,color_matching,matching,match_right,WJJW,adjective,positive,brown,✲✲✲leiche✲✲✲,noun,negative,blue,0.4932,nonmatch,0.3852,0,0.3372,0.4729,47.20163029793301
58,1014,30,26,7,part_of_speech_classification,color_matching,matching,match_right,WJJW,adjective,positive,blue,✲✲✲✲spaß✲✲✲✲,noun,positive,brown,0.4932,nonmatch,0.3822,0,0.3369,0.4726,47.168455110630845
58,1015,31,26,7,part_of_speech_classification,color_matching,matching,match_right,MQQM,noun,positive,brown,✲✲launisch✲✲,adjective,negative,blue,0.4932,match,0.3393,1,0.3367,0.4724,47.134928582490936
58,1016,32,26,7,part_of_speech_classification,color_matching,matching,match_right,MQQM,noun,positive,blue,✲✲✲gierig✲✲✲,adjective,negative,blue,0.4932,match,0.323,0,0.3374,0.4731,47.22988088852193
58,1017,33,26,7,part_of_speech_classification,color_matching,matching,match_right,MQQM,noun,positive,blue,✲✲✲✲spaß✲✲✲✲,noun,positive,blue,0.4932,match,0.2989,0,0.3371,0.4728,47.19720368159346
58,1018,34,26,7,part_of_speech_classification,color_matching,matching,match_right,ZYYZ,noun,negative,blue,✲✲✲gütig✲✲✲✲,adjective,positive,brown,0.4932,nonmatch,0.4435,0,0.3369,0.4726,47.164473817819804
58,1019,35,26,7,part_of_speech_classification,color_matching,matching,match_right,XVVX,adjective,negative,blue,✲✲✲liebe✲✲✲✲,noun,positive,brown,0.4967,match,0.3504,1,0.3367,0.4724,47.131389015718355
58,1020,36,26,7,part_of_speech_classification,color_matching,matching,match_right,WJJW,adjective,positive,blue,✲entführung✲,noun,negative,blue,0.4961,match,0.3479,0,0.3373,0.473,47.22510833216873
58,1021,37,26,7,part_of_speech_classification,color_matching,matching,match_right,MQQM,noun,positive,blue,✲✲schleim✲✲✲,noun,negative,brown,0.4932,nonmatch,0.4037,0,0.3371,0.4728,47.193074602673676
58,1022,38,26,7,part_of_speech_classification,color_matching,matching,match_right,WJJW,adjective,positive,brown,✲✲einfall✲✲✲,noun,positive,blue,0.4932,match,0.4037,1,0.3369,0.4726,47.16076751235918
58,1023,39,26,7,part_of_speech_classification,color_matching,matching,match_right,XVVX,adjective,negative,brown,✲entführung✲,noun,negative,blue,0.4963,nonmatch,0.4326,0,0.3375,0.4732,47.25207090020368
58,1024,40,26,7,part_of_speech_classification,color_matching,matching,match_right,ZYYZ,noun,negative,brown,✲✲✲leiche✲✲✲,noun,negative,blue,0.4932,nonmatch,0.4325,0,0.3373,0.473,47.22044145923106
58,1025,41,26,7,part_of_speech_classification,color_matching,matching,match_right,XVVX,adjective,negative,blue,✲✲✲glück✲✲✲✲,noun,positive,blue,0.4933,match,0.4395,0,0.3371,0.4728,47.18883103211407
58,1026,42,26,7,part_of_speech_classification,color_matching,matching,match_right,ZYYZ,noun,negative,brown,✲✲✲eitel✲✲✲✲,adjective,negative,brown,0.4932,match,0.4323,0,0.3368,0.4725,47.15694186129047
58,1027,43,26,7,part_of_speech_classification,color_matching,matching,match_right,XVVX,adjective,negative,brown,✲✲ehrlich✲✲✲,adjective,positive,blue,0.4932,nonmatch,0.3993,0,0.3366,0.4723,47.12469153310089
58,1028,44,26,7,part_of_speech_classification,color_matching,matching,match_right,ZYYZ,noun,negative,brown,✲✲ehrlich✲✲✲,adjective,positive,brown,0.4932,match,0.3823,0,0.3364,0.4721,47.09199602007637
58,1029,45,26,7,part_of_speech_classification,color_matching,matching,match_right,WJJW,adjective,positive,blue,✲✲✲gütig✲✲✲✲,adjective,positive,brown,0.4932,nonmatch,0.3466,0,0.3361,0.4718,47.0587692689955
58,1030,46,26,7,part_of_speech_classification,color_matching,matching,match_right,MQQM,noun,positive,blue,✲✲✲lustig✲✲✲,adjective,positive,blue,0.4932,match,0.4058,0,0.3359,0.4716,47.024922777414154
58,1031,47,26,7,part_of_speech_classification,color_matching,matching,match_right,XVVX,adjective,negative,blue,✲✲✲gütig✲✲✲✲,adjective,positive,brown,0.4932,nonmatch,0.3823,0,0.3356,0.4714,46.99072714922088
58,1032,48,26,7,part_of_speech_classification,color_matching,matching,match_right,MQQM,noun,positive,blue,✲✲✲gütig✲✲✲✲,adjective,positive,brown,0.4932,nonmatch,0.3912,0,0.3354,0.4711,46.960708917362176
58,1033,49,26,7,part_of_speech_classification,color_matching,matching,match_right,ZYYZ,noun,negative,blue,✲entführung✲,noun,negative,blue,0.4932,match,0.3628,0,0.3352,0.4709,46.93103006085511
58,1034,50,26,7,part_of_speech_classification,color_matching,matching,match_right,WJJW,adjective,positive,blue,✲✲✲✲gift✲✲✲✲,noun,negative,brown,0.4932,nonmatch,0.385,0,0.335,0.4707,46.90161641582723
58,1035,51,26,7,part_of_speech_classification,color_matching,matching,match_right,ZYYZ,noun,negative,blue,✲✲✲liebe✲✲✲✲,noun,positive,brown,0.4932,nonmatch,0.3212,0,0.3348,0.4705,46.87239525714579
58,1036,52,26,7,part_of_speech_classification,color_matching,matching,match_right,XVVX,adjective,negative,blue,✲✲✲lustig✲✲✲,adjective,positive,blue,0.4932,match,0.3846,0,0.3346,0.4703,46.84329494261363
58,1037,53,26,7,part_of_speech_classification,color_matching,matching,match_right,XVVX,adjective,negative,brown,✲✲✲schön✲✲✲✲,adjective,positive,brown,0.4961,match,0.4108,0,0.3344,0.4701,46.8142445675673
58,1038,54,26,7,part_of_speech_classification,color_matching,matching,match_right,WJJW,adjective,positive,blue,✲✲✲eitel✲✲✲✲,adjective,negative,blue,0.4932,match,0.4186,0,0.3342,0.4699,46.785173627321164
58,1039,55,26,7,part_of_speech_classification,color_matching,matching,match_right,XVVX,adjective,negative,blue,✲✲schlecht✲✲,adjective,negative,brown,0.4932,nonmatch,0.426,0,0.334,0.4697,46.75601168501196
58,1040,56,26,7,part_of_speech_classification,color_matching,matching,match_right,XVVX,adjective,negative,brown,✲✲✲leiche✲✲✲,noun,negative,brown,0.4932,match,0.4252,0,0.3338,0.4695,46.726873370668585
58,1041,57,26,7,part_of_speech_classification,color_matching,matching,match_right,WJJW,adjective,positive,brown,✲✲launisch✲✲,adjective,negative,blue,0.4932,nonmatch,0.4198,0,0.3336,0.4693,46.69748814626654
58,1042,58,26,7,part_of_speech_classification,color_matching,matching,match_right,ZYYZ,noun,negative,blue,✲✲✲✲gift✲✲✲✲,noun,negative,brown,0.4932,nonmatch,0.4538,0,0.3333,0.4691,46.667784824142025
58,1043,59,26,7,part_of_speech_classification,color_matching,matching,match_right,ZYYZ,noun,negative,brown,✲✲schleim✲✲✲,noun,negative,brown,0.4932,match,0.4061,0,0.3331,0.4688,46.637690834203724
58,1044,60,26,7,part_of_speech_classification,color_matching,matching,match_right,XVVX,adjective,negative,brown,✲✲✲✲spaß✲✲✲✲,noun,positive,brown,0.4962,match,0.3048,0,0.3329,0.4686,46.60713188969345
58,1045,61,26,7,part_of_speech_classification,color_matching,matching,match_right,WJJW,adjective,positive,blue,✲✲✲schön✲✲✲✲,adjective,positive,blue,0.4932,nonmatch,0.4037,1,0.3327,0.4684,46.57603164336091
58,1045,61,26,7,part_of_speech_classification,color_matching,matching,match_right,WJJW,adjective,positive,blue,✲✲✲schön✲✲✲✲,adjective,positive,blue,0.4932,match,0.4418,0,0.3327,0.4684,46.57603164336091
58,1046,62,26,7,part_of_speech_classification,color_matching,matching,match_right,XVVX,adjective,negative,blue,✲✲✲gierig✲✲✲,adjective,negative,blue,0.4932,match,0.3506,0,0.3325,0.4682,46.54431133180381
58,1047,63,26,7,part_of_speech_classification,color_matching,matching,match_right,ZYYZ,noun,negative,brown,✲✲✲gierig✲✲✲,adjective,negative,blue,0.4932,nonmatch,0.3766,0,0.3322,0.468,46.51380175301305
58,1048,64,26,7,part_of_speech_classification,color_matching,matching,match_right,MQQM,noun,positive,brown,✲✲✲glück✲✲✲✲,noun,positive,brown,0.4932,match,0.4323,0,0.332,0.4678,46.48600091507079
58,1049,1,27,8,part_of_speech_classification,color_matching,matching,match_right,WJJW,adjective,positive,brown,✲✲✲eitel✲✲✲✲,adjective,negative,brown,0.4932,match,0.3708,0,0.3318,0.4676,46.45849205238184
58,1050,2,27,8,part_of_speech_classification,color_matching,matching,match_right,XVVX,adjective,negative,blue,✲✲ehrlich✲✲✲,adjective,positive,brown,0.4932,nonmatch,0.3707,0,0.3317,0.4674,46.431210810544826
58,1051,3,27,8,part_of_speech_classification,color_matching,matching,match_right,XVVX,adjective,negative,brown,✲✲✲eitel✲✲✲✲,adjective,negative,brown,0.4932,match,0.3031,0,0.3315,0.4672,46.40409395223897
58,1052,4,27,8,part_of_speech_classification,color_matching,matching,match_right,XVVX,adjective,negative,blue,✲entführung✲,noun,negative,blue,0.4932,match,0.5461,0,0.3313,0.467,46.377079068926825
58,1053,5,27,8,part_of_speech_classification,color_matching,matching,match_right,MQQM,noun,positive,brown,✲✲launisch✲✲,adjective,negative,brown,0.4932,match,0.3637,0,0.3311,0.4668,46.35010429989028
58,1054,6,27,8,part_of_speech_classification,color_matching,matching,match_right,XVVX,adjective,negative,brown,✲✲✲glück✲✲✲✲,noun,positive,blue,0.4932,nonmatch,0.418,0,0.3309,0.4666,46.32310805666977
58,1055,7,27,8,part_of_speech_classification,color_matching,matching,match_right,XVVX,adjective,negative,brown,✲✲✲leiche✲✲✲,noun,negative,brown,0.4932,match,0.4182,0,0.3307,0.4664,46.2960287510486
58,1056,8,27,8,part_of_speech_classification,color_matching,matching,match_right,MQQM,noun,positive,blue,✲✲✲leiche✲✲✲,noun,negative,brown,0.4932,nonmatch,0.4142,0,0.3305,0.4662,46.26880452478035
58,1057,9,27,8,part_of_speech_classification,color_matching,matching,match_right,ZYYZ,noun,negative,brown,✲✲✲✲gift✲✲✲✲,noun,negative,brown,0.4932,match,0.3894,0,0.3303,0.466,46.241540664876645
58,1058,10,27,8,part_of_speech_classification,color_matching,matching,match_right,WJJW,adjective,positive,blue,✲✲✲schön✲✲✲✲,adjective,positive,brown,0.4932,nonmatch,0.4142,0,0.3301,0.4658,46.21399476470035
58,1059,11,27,8,part_of_speech_classification,color_matching,matching,match_right,ZYYZ,noun,negative,blue,✲✲✲gierig✲✲✲,adjective,negative,blue,0.4932,match,0.3751,0,0.3299,0.4656,46.18610335177649
58,1060,12,27,8,part_of_speech_classification,color_matching,matching,match_right,XVVX,adjective,negative,blue,✲✲schlecht✲✲,adjective,negative,blue,0.4932,match,0.3393,0,0.3297,0.4654,46.157801483351406
58,1061,13,27,8,part_of_speech_classification,color_matching,matching,match_right,MQQM,noun,positive,blue,✲✲✲gierig✲✲✲,adjective,negative,brown,0.4961,nonmatch,0.4336,0,0.3295,0.4652,46.12902246217785
58,1062,14,27,8,part_of_speech_classification,color_matching,matching,match_right,MQQM,noun,positive,brown,✲✲schleim✲✲✲,noun,negative,blue,0.4932,nonmatch,0.4714,0,0.3293,0.465,46.09969754249238
58,1063,15,27,8,part_of_speech_classification,color_matching,matching,match_right,XVVX,adjective,negative,blue,✲✲✲✲spaß✲✲✲✲,noun,positive,blue,0.4932,match,0.418,0,0.3291,0.4648,46.06975562436286
58,1064,16,27,8,part_of_speech_classification,color_matching,matching,match_right,MQQM,noun,positive,blue,✲✲✲schön✲✲✲✲,adjective,positive,brown,0.4932,nonmatch,0.385,0,0.3289,0.4646,46.04257383396859
58,1065,17,27,8,part_of_speech_classification,color_matching,matching,match_right,WJJW,adjective,positive,blue,✲✲✲liebe✲✲✲✲,noun,positive,blue,0.4932,match,0.4046,0,0.3287,0.4644,46.016652991583705
58,1066,18,27,8,part_of_speech_classification,color_matching,matching,match_right,ZYYZ,noun,negative,brown,✲entführung✲,noun,negative,blue,0.4932,nonmatch,0.3837,0,0.3285,0.4642,45.99098597785487
58,1067,19,27,8,part_of_speech_classification,color_matching,matching,match_right,XVVX,adjective,negative,blue,✲✲✲gütig✲✲✲✲,adjective,positive,blue,0.4932,match,0.3751,0,0.3283,0.464,45.96551618913732
58,1068,20,27,8,part_of_speech_classification,color_matching,matching,match_right,MQQM,noun,positive,brown,✲✲einfall✲✲✲,noun,positive,blue,0.4932,nonmatch,0.3244,0,0.3281,0.4639,45.94018790325177
58,1069,21,27,8,part_of_speech_classification,color_matching,matching,match_right,XVVX,adjective,negative,blue,✲✲✲liebe✲✲✲✲,noun,positive,brown,0.4932,match,0.4466,1,0.328,0.4637,45.914946040964175
58,1070,22,27,8,part_of_speech_classification,color_matching,matching,match_right,MQQM,noun,positive,brown,✲✲✲✲spaß✲✲✲✲,noun,positive,brown,0.4932,match,0.3624,0,0.3285,0.4642,45.99064362906043
58,1071,23,27,8,part_of_speech_classification,color_matching,matching,match_right,MQQM,noun,positive,brown,✲✲✲lustig✲✲✲,adjective,positive,blue,0.4932,nonmatch,0.4037,0,0.3283,0.464,45.9655019081544
58,1072,24,27,8,part_of_speech_classification,color_matching,matching,match_right,MQQM,noun,positive,blue,✲✲✲liebe✲✲✲✲,noun,positive,blue,0.4932,match,0.3828,0,0.3281,0.4639,45.94050138808903
58,1073,25,27,8,part_of_speech_classification,color_matching,matching,match_right,WJJW,adjective,positive,blue,✲✲einfall✲✲✲,noun,positive,brown,0.4932,nonmatch,0.4044,0,0.328,0.4637,45.91558835790232
58,1074,26,27,8,part_of_speech_classification,color_matching,matching,match_right,ZYYZ,noun,negative,blue,✲✲✲leiche✲✲✲,noun,negative,blue,0.4932,match,0.3989,0,0.3278,0.4635,45.89070951747848
58,1075,27,27,8,part_of_speech_classification,color_matching,matching,match_right,XVVX,adjective,negative,brown,✲✲einfall✲✲✲,noun,positive,brown,0.4932,match,0.3477,0,0.3276,0.4633,45.865811756545654
58,1076,28,27,8,part_of_speech_classification,color_matching,matching,match_right,MQQM,noun,positive,blue,✲✲schlecht✲✲,adjective,negative,blue,0.4932,nonmatch,0.3924,1,0.3274,0.4631,45.84084193599975
58,1077,29,27,8,part_of_speech_classification,color_matching,matching,match_right,MQQM,noun,positive,brown,✲entführung✲,noun,negative,brown,0.4932,match,0.3173,0,0.328,0.4637,45.91619444644588
58,1078,30,27,8,part_of_speech_classification,color_matching,matching,match_right,MQQM,noun,positive,blue,✲✲✲glück✲✲✲✲,noun,positive,brown,0.4933,nonmatch,0.4431,0,0.3278,0.4635,45.891638183527135
58,1079,31,27,8,part_of_speech_classification,color_matching,matching,match_right,WJJW,adjective,positive,blue,✲✲✲gierig✲✲✲,adjective,negative,brown,0.4932,nonmatch,0.3901,0,0.3276,0.4633,45.86706656901442
58,1080,32,27,8,part_of_speech_classification,color_matching,matching,match_right,ZYYZ,noun,negative,brown,✲✲✲✲spaß✲✲✲✲,noun,positive,blue,0.4932,nonmatch,0.4984,0,0.3274,0.4632,45.842427805616865
58,1081,33,27,8,part_of_speech_classification,color_matching,matching,match_right,XVVX,adjective,negative,blue,✲✲launisch✲✲,adjective,negative,brown,0.4932,nonmatch,0.405,0,0.3273,0.463,45.81766987409637
58,1082,34,27,8,part_of_speech_classification,color_matching,matching,match_right,WJJW,adjective,positive,brown,✲✲launisch✲✲,adjective,negative,blue,0.4932,nonmatch,0.3965,0,0.3271,0.4628,45.792895999351224
58,1083,35,27,8,part_of_speech_classification,color_matching,matching,match_right,XVVX,adjective,negative,brown,✲✲✲✲gift✲✲✲✲,noun,negative,blue,0.4932,nonmatch,0.4262,0,0.3269,0.4626,45.76788775842282
58,1084,36,27,8,part_of_speech_classification,color_matching,matching,match_right,WJJW,adjective,positive,blue,✲✲schlecht✲✲,adjective,negative,blue,0.4932,match,0.419,0,0.3267,0.4624,45.742591930956216
58,1085,37,27,8,part_of_speech_classification,color_matching,matching,match_right,WJJW,adjective,positive,brown,✲✲ehrlich✲✲✲,adjective,positive,blue,0.4932,nonmatch,0.3925,0,0.3265,0.4623,45.71695414390919
58,1086,38,27,8,part_of_speech_classification,color_matching,matching,match_right,WJJW,adjective,positive,brown,✲✲✲glück✲✲✲✲,noun,positive,blue,0.4932,nonmatch,0.4495,0,0.3264,0.4621,45.69091865147841
58,1087,39,27,8,part_of_speech_classification,color_matching,matching,match_right,MQQM,noun,positive,blue,✲✲ehrlich✲✲✲,adjective,positive,blue,0.4932,nonmatch,0.3988,1,0.3262,0.4619,45.664428107785035
58,1088,40,27,8,part_of_speech_classification,color_matching,matching,match_right,ZYYZ,noun,negative,brown,✲✲ehrlich✲✲✲,adjective,positive,blue,0.4932,nonmatch,0.4141,0,0.3267,0.4624,45.739895784503524
58,1089,41,27,8,part_of_speech_classification,color_matching,matching,match_right,WJJW,adjective,positive,blue,✲✲✲gütig✲✲✲✲,adjective,positive,blue,0.4932,match,0.3752,0,0.3265,0.4622,45.7145011885001
58,1090,42,27,8,part_of_speech_classification,color_matching,matching,match_right,ZYYZ,noun,negative,blue,✲✲schleim✲✲✲,noun,negative,brown,0.4932,nonmatch,0.3692,0,0.3263,0.4621,45.68870913944119
58,1091,43,27,8,part_of_speech_classification,color_matching,matching,match_right,ZYYZ,noun,negative,blue,✲✲✲lustig✲✲✲,adjective,positive,blue,0.4932,match,0.3338,0,0.3262,0.4619,45.66246336447087
58,1092,44,27,8,part_of_speech_classification,color_matching,matching,match_right,XVVX,adjective,negative,brown,✲✲✲schön✲✲✲✲,adjective,positive,blue,0.4932,nonmatch,0.3244,0,0.326,0.4617,45.635705782560485
58,1093,45,27,8,part_of_speech_classification,color_matching,matching,match_right,WJJW,adjective,positive,brown,✲✲✲✲gift✲✲✲✲,noun,negative,brown,0.4932,match,0.4538,0,0.3258,0.4615,45.608376265839354
58,1094,46,27,8,part_of_speech_classification,color_matching,matching,match_right,XVVX,adjective,negative,blue,✲✲schleim✲✲✲,noun,negative,brown,0.4932,nonmatch,0.4555,0,0.3256,0.4613,45.58404933493135
58,1095,47,27,8,part_of_speech_classification,color_matching,matching,match_right,ZYYZ,noun,negative,brown,✲✲launisch✲✲,adjective,negative,blue,0.4932,nonmatch,0.5083,0,0.3254,0.4611,45.560576948259076
58,1096,48,27,8,part_of_speech_classification,color_matching,matching,match_right,WJJW,adjective,positive,brown,✲✲schleim✲✲✲,noun,negative,blue,0.4935,nonmatch,0.3608,0,0.3253,0.461,45.53733968665926
58,1097,49,27,8,part_of_speech_classification,color_matching,matching,match_right,MQQM,noun,positive,brown,✲✲✲eitel✲✲✲✲,adjective,negative,blue,0.4932,nonmatch,0.376,0,0.3251,0.4608,45.51429050235826
58,1098,50,27,8,part_of_speech_classification,color_matching,matching,match_right,XVVX,adjective,negative,brown,✲✲✲gierig✲✲✲,adjective,negative,blue,0.4932,nonmatch,0.3776,0,0.3249,0.4607,45.49138309519892
58,1099,51,27,8,part_of_speech_classification,color_matching,matching,match_right,MQQM,noun,positive,brown,✲✲✲gütig✲✲✲✲,adjective,positive,brown,0.4932,match,0.4051,0,0.3248,0.4605,45.46857173115248
58,1100,52,27,8,part_of_speech_classification,color_matching,matching,match_right,ZYYZ,noun,negative,blue,✲✲✲glück✲✲✲✲,noun,positive,blue,0.4932,match,0.3966,0,0.3246,0.4603,45.44581106486321
58,1101,53,27,8,part_of_speech_classification,color_matching,matching,match_right,ZYYZ,noun,negative,brown,✲✲✲eitel✲✲✲✲,adjective,negative,brown,0.4932,match,0.3536,0,0.3245,0.4602,45.42305596517938
58,1102,54,27,8,part_of_speech_classification,color_matching,matching,match_right,WJJW,adjective,positive,brown,✲✲✲lustig✲✲✲,adjective,positive,brown,0.4932,match,0.3054,0,0.3243,0.46,45.4002613426573
58,1103,55,27,8,part_of_speech_classification,color_matching,matching,match_right,WJJW,adjective,positive,blue,✲✲✲leiche✲✲✲,noun,negative,blue,0.4932,match,0.4037,0,0.3241,0.4598,45.3773819780498
58,1104,56,27,8,part_of_speech_classification,color_matching,matching,match_right,ZYYZ,noun,negative,brown,✲✲✲gütig✲✲✲✲,adjective,positive,brown,0.4932,match,0.418,0,0.324,0.4597,45.35437235080776
58,1105,57,27,8,part_of_speech_classification,color_matching,matching,match_right,XVVX,adjective,negative,brown,✲✲✲lustig✲✲✲,adjective,positive,brown,0.4932,match,0.4636,0,0.3238,0.4595,45.33133007339521
58,1106,58,27,8,part_of_speech_classification,color_matching,matching,match_right,WJJW,adjective,positive,blue,✲entführung✲,noun,negative,brown,0.4932,nonmatch,0.398,0,0.3236,0.4593,45.30805677535119
58,1107,59,27,8,part_of_speech_classification,color_matching,matching,match_right,ZYYZ,noun,negative,blue,✲✲✲liebe✲✲✲✲,noun,positive,brown,0.4932,nonmatch,0.4496,0,0.3235,0.4592,45.28450561634271
58,1108,60,27,8,part_of_speech_classification,color_matching,matching,match_right,ZYYZ,noun,negative,blue,✲✲schlecht✲✲,adjective,negative,brown,0.4932,nonmatch,0.3757,0,0.3233,0.459,45.26062868796796
58,1109,61,27,8,part_of_speech_classification,color_matching,matching,match_right,ZYYZ,noun,negative,brown,✲✲einfall✲✲✲,noun,positive,brown,0.4932,nonmatch,0.3681,1,0.3231,0.4588,45.23637683022538
58,1110,62,27,8,part_of_speech_classification,color_matching,matching,match_right,MQQM,noun,positive,blue,✲✲✲✲gift✲✲✲✲,noun,negative,blue,0.4932,match,0.3267,0,0.3236,0.4593,45.30533437816297
58,1111,63,27,8,part_of_speech_classification,color_matching,matching,match_right,WJJW,adjective,positive,brown,✲✲✲✲spaß✲✲✲✲,noun,positive,brown,0.4932,match,0.3251,0,0.3234,0.4592,45.281993504327396
58,1112,64,27,8,part_of_speech_classification,color_matching,matching,match_right,ZYYZ,noun,negative,blue,✲✲✲schön✲✲✲✲,adjective,positive,brown,0.4932,nonmatch,0.4123,0,0.3233,0.459,45.258326219639194
58,1113,1,28,9,part_of_speech_classification,color_matching,matching,match_right,launisch,adjective,negative,blue,✲✲✲lustig✲✲✲,adjective,positive,brown,0.5425,nonmatch,1.0479,0,0.3231,0.4588,45.234284224141604
58,1114,2,28,9,part_of_speech_classification,color_matching,matching,match_right,gütig,adjective,positive,brown,✲✲✲lustig✲✲✲,adjective,positive,brown,0.4932,match,0.525,0,0.3229,0.4586,45.20981779441442
58,1115,3,28,9,part_of_speech_classification,color_matching,matching,match_right,lustig,adjective,positive,brown,✲✲✲glück✲✲✲✲,noun,positive,blue,0.4932,nonmatch,0.3845,0,0.3227,0.4585,45.18487559154063
58,1116,4,28,9,part_of_speech_classification,color_matching,matching,match_right,schön,adjective,positive,brown,✲✲✲eitel✲✲✲✲,adjective,negative,blue,0.4932,nonmatch,0.4964,0,0.3226,0.4583,45.1594044607644
58,1117,5,28,9,part_of_speech_classification,color_matching,matching,match_right,gierig,adjective,negative,blue,✲✲✲eitel✲✲✲✲,adjective,negative,brown,0.4932,match,0.3989,1,0.3224,0.4581,45.13594908013252
58,1118,6,28,9,part_of_speech_classification,color_matching,matching,match_right,liebe,noun,positive,brown,✲✲einfall✲✲✲,noun,positive,blue,0.4932,nonmatch,0.2787,0,0.3229,0.4586,45.20795616997961
58,1119,7,28,9,part_of_speech_classification,color_matching,matching,match_right,eitel,adjective,negative,blue,✲✲schleim✲✲✲,noun,negative,blue,0.4932,match,0.418,0,0.3227,0.4585,45.18322195045695
58,1120,8,28,9,part_of_speech_classification,color_matching,matching,match_right,eitel,adjective,negative,brown,✲✲schlecht✲✲,adjective,negative,brown,0.4932,match,0.3547,0,0.3226,0.4583,45.15796165121624
58,1121,9,28,9,part_of_speech_classification,color_matching,matching,match_right,leiche,noun,negative,blue,✲✲✲eitel✲✲✲✲,adjective,negative,blue,0.4932,match,0.4267,0,0.3224,0.4581,45.13493825301375
58,1122,10,28,9,part_of_speech_classification,color_matching,matching,match_right,entführung,noun,negative,blue,✲✲schlecht✲✲,adjective,negative,brown,0.4932,nonmatch,0.4252,0,0.3222,0.458,45.11322400930081
58,1123,11,28,9,part_of_speech_classification,color_matching,matching,match_right,glück,noun,positive,brown,✲✲✲✲gift✲✲✲✲,noun,negative,brown,0.4932,match,0.3608,0,0.3221,0.4578,45.091738600885485
58,1124,12,28,9,part_of_speech_classification,color_matching,matching,match_right,einfall,noun,positive,brown,✲✲launisch✲✲,adjective,negative,brown,0.4932,match,0.2898,0,0.3219,0.4576,45.070441253398755
58,1125,13,28,9,part_of_speech_classification,color_matching,matching,match_right,eitel,adjective,negative,blue,✲✲einfall✲✲✲,noun,positive,brown,0.4962,match,0.4941,1,0.3218,0.4575,45.049291872838396
58,1126,14,28,9,part_of_speech_classification,color_matching,matching,match_right,schlecht,adjective,negative,brown,✲✲✲✲gift✲✲✲✲,noun,negative,blue,0.4932,nonmatch,0.325,0,0.3222,0.4579,45.112460570201904
58,1127,15,28,9,part_of_speech_classification,color_matching,matching,match_right,ehrlich,adjective,positive,blue,✲✲✲gierig✲✲✲,adjective,negative,brown,0.4932,nonmatch,0.2915,0,0.3221,0.4578,45.09121157364294
58,1128,16,28,9,part_of_speech_classification,color_matching,matching,match_right,gift,noun,negative,blue,✲✲schleim✲✲✲,noun,negative,brown,0.4932,nonmatch,0.435,0,0.3219,0.4576,45.07014877368696
58,1129,17,28,9,part_of_speech_classification,color_matching,matching,match_right,gift,noun,negative,blue,✲✲✲✲spaß✲✲✲✲,noun,positive,blue,0.4932,match,0.4507,0,0.3218,0.4575,45.049232918980564
58,1130,18,28,9,part_of_speech_classification,color_matching,matching,match_right,einfall,noun,positive,blue,✲✲✲leiche✲✲✲,noun,negative,brown,0.4961,nonmatch,0.3714,0,0.3216,0.4573,45.02842528395967
58,1131,19,28,9,part_of_speech_classification,color_matching,matching,match_right,gütig,adjective,positive,blue,✲✲einfall✲✲✲,noun,positive,brown,0.4932,match,0.2984,1,0.3215,0.4572,45.00768752964629
58,1132,20,28,9,part_of_speech_classification,color_matching,matching,match_right,leiche,noun,negative,brown,✲entführung✲,noun,negative,blue,0.4932,nonmatch,0.418,0,0.3219,0.4576,45.06984959105191
58,1133,21,28,9,part_of_speech_classification,color_matching,matching,match_right,einfall,noun,positive,blue,✲✲✲✲spaß✲✲✲✲,noun,positive,brown,0.4932,nonmatch,0.5692,0,0.3218,0.4575,45.04916223210225
58,1134,22,28,9,part_of_speech_classification,color_matching,matching,match_right,gierig,adjective,negative,brown,✲entführung✲,noun,negative,brown,0.4932,match,0.704,0,0.3216,0.4573,45.02858285566848
58,1135,23,28,9,part_of_speech_classification,color_matching,matching,match_right,ehrlich,adjective,positive,brown,✲✲✲✲spaß✲✲✲✲,noun,positive,brown,0.4932,nonmatch,0.4605,1,0.3215,0.4572,45.00807392789958
58,1136,24,28,9,part_of_speech_classification,color_matching,matching,match_right,launisch,adjective,negative,blue,✲✲✲leiche✲✲✲,noun,negative,brown,0.4932,nonmatch,0.4108,0,0.3219,0.4576,45.06954426678358
58,1137,25,28,9,part_of_speech_classification,color_matching,matching,match_right,spaß,noun,positive,blue,✲✲✲glück✲✲✲✲,noun,positive,blue,0.5151,nonmatch,0.3647,1,0.3218,0.4575,45.04908054041254
58,1138,26,28,9,part_of_speech_classification,color_matching,matching,match_right,liebe,noun,positive,blue,✲✲schlecht✲✲,adjective,negative,brown,0.4932,nonmatch,0.3854,0,0.3222,0.4579,45.110191047442235
58,1139,27,28,9,part_of_speech_classification,color_matching,matching,match_right,gift,noun,negative,brown,✲✲✲lustig✲✲✲,adjective,positive,blue,0.4932,nonmatch,0.3833,0,0.3221,0.4578,45.089621871356734
58,1140,28,28,9,part_of_speech_classification,color_matching,matching,match_right,ehrlich,adjective,positive,blue,✲✲✲schön✲✲✲✲,adjective,positive,brown,0.4932,nonmatch,0.3988,0,0.3219,0.4576,45.069233323976476
58,1141,29,28,9,part_of_speech_classification,color_matching,matching,match_right,lustig,adjective,positive,brown,✲✲launisch✲✲,adjective,negative,brown,0.4932,match,0.3966,0,0.3218,0.4575,45.048988526248976
58,1142,30,28,9,part_of_speech_classification,color_matching,matching,match_right,spaß,noun,positive,blue,✲✲✲lustig✲✲✲,adjective,positive,blue,0.4932,nonmatch,0.3831,1,0.3216,0.4573,45.02885110216078
58,1143,31,28,9,part_of_speech_classification,color_matching,matching,match_right,gierig,adjective,negative,blue,✲✲ehrlich✲✲✲,adjective,positive,blue,0.4932,match,0.4195,0,0.3221,0.4578,45.08909032219232
58,1144,32,28,9,part_of_speech_classification,color_matching,matching,match_right,schön,adjective,positive,brown,✲✲✲✲gift✲✲✲✲,noun,negative,brown,0.4932,nonmatch,0.3679,1,0.3219,0.4576,45.06891725036476
58,1145,33,28,9,part_of_speech_classification,color_matching,matching,match_right,leiche,noun,negative,blue,✲✲einfall✲✲✲,noun,positive,brown,0.4932,nonmatch,0.368,0,0.3224,0.4581,45.129049366882484
58,1146,34,28,9,part_of_speech_classification,color_matching,matching,match_right,schleim,noun,negative,brown,✲✲✲liebe✲✲✲✲,noun,positive,brown,0.4932,match,0.3824,0,0.3222,0.4579,45.108697437777295
58,1147,35,28,9,part_of_speech_classification,color_matching,matching,match_right,liebe,noun,positive,blue,✲entführung✲,noun,negative,blue,0.4932,match,0.3758,0,0.3221,0.4578,45.088558491349836
58,1148,36,28,9,part_of_speech_classification,color_matching,matching,match_right,spaß,noun,positive,brown,✲✲schleim✲✲✲,noun,negative,blue,0.4932,nonmatch,0.4274,0,0.3219,0.4576,45.06859650091822
58,1149,37,28,9,part_of_speech_classification,color_matching,matching,match_right,gütig,adjective,positive,blue,✲✲schlecht✲✲,adjective,negative,blue,0.4932,match,0.4251,0,0.3218,0.4575,45.0487760500007
58,1150,38,28,9,part_of_speech_classification,color_matching,matching,match_right,entführung,noun,negative,blue,✲✲✲gütig✲✲✲✲,adjective,positive,brown,0.4932,nonmatch,0.418,0,0.3216,0.4574,45.02906220998874
58,1151,39,28,9,part_of_speech_classification,color_matching,matching,match_right,eitel,adjective,negative,brown,✲✲✲schön✲✲✲✲,adjective,positive,blue,0.4932,nonmatch,0.505,0,0.3215,0.4572,45.00942042073745
58,1152,40,28,9,part_of_speech_classification,color_matching,matching,match_right,schleim,noun,negative,brown,✲✲✲schön✲✲✲✲,adjective,positive,brown,0.4932,match,0.4538,0,0.3214,0.4571,44.98981637345101
58,1153,41,28,9,part_of_speech_classification,color_matching,matching,match_right,lustig,adjective,positive,brown,✲✲✲leiche✲✲✲,noun,negative,blue,0.4932,nonmatch,0.3986,0,0.3212,0.4569,44.97021589526091
58,1154,42,28,9,part_of_speech_classification,color_matching,matching,match_right,glück,noun,positive,blue,✲✲✲eitel✲✲✲✲,adjective,negative,blue,0.4932,match,0.3966,0,0.3211,0.4568,44.95058483491089
58,1155,43,28,9,part_of_speech_classification,color_matching,matching,match_right,gift,noun,negative,brown,✲✲launisch✲✲,adjective,negative,blue,0.4932,nonmatch,0.4395,0,0.3209,0.4566,44.930888948976154
58,1156,44,28,9,part_of_speech_classification,color_matching,matching,match_right,einfall,noun,positive,blue,✲✲✲gütig✲✲✲✲,adjective,positive,brown,0.4932,nonmatch,0.5162,0,0.3208,0.4565,44.91109378805078
58,1157,45,28,9,part_of_speech_classification,color_matching,matching,match_right,schleim,noun,negative,brown,✲✲✲gierig✲✲✲,adjective,negative,brown,0.4962,match,0.4388,0,0.3207,0.4564,44.89129153488181
58,1158,46,28,9,part_of_speech_classification,color_matching,matching,match_right,glück,noun,positive,brown,✲✲ehrlich✲✲✲,adjective,positive,brown,0.4932,match,0.4653,0,0.3205,0.4562,44.87131397463957
58,1159,47,28,9,part_of_speech_classification,color_matching,matching,match_right,schön,adjective,positive,blue,✲✲✲liebe✲✲✲✲,noun,positive,blue,0.4932,match,0.3974,0,0.3204,0.4561,44.85112586171173
58,1160,48,28,9,part_of_speech_classification,color_matching,matching,match_right,launisch,adjective,negative,blue,✲✲✲✲spaß✲✲✲✲,noun,positive,blue,0.4932,match,0.4573,0,0.3202,0.4559,44.83069123796719
58,1161,49,28,9,part_of_speech_classification,color_matching,matching,match_right,launisch,adjective,negative,blue,✲✲✲gierig✲✲✲,adjective,negative,blue,0.4932,match,0.4061,0,0.3201,0.4558,44.80997331226826
58,1162,50,28,9,part_of_speech_classification,color_matching,matching,match_right,schlecht,adjective,negative,brown,✲✲✲liebe✲✲✲✲,noun,positive,brown,0.4932,match,0.4109,0,0.3199,0.4556,44.788934336227456
58,1163,51,28,9,part_of_speech_classification,color_matching,matching,match_right,schleim,noun,negative,blue,✲✲✲leiche✲✲✲,noun,negative,blue,0.523,match,0.388,0,0.3198,0.4555,44.76753547560936
58,1164,52,28,9,part_of_speech_classification,color_matching,matching,match_right,gierig,adjective,negative,brown,✲✲✲glück✲✲✲✲,noun,positive,blue,0.4932,nonmatch,0.4344,0,0.3196,0.4553,44.745736676755435
58,1165,53,28,9,part_of_speech_classification,color_matching,matching,match_right,ehrlich,adjective,positive,blue,✲✲schleim✲✲✲,noun,negative,brown,0.4932,nonmatch,0.4187,0,0.3195,0.4552,44.723496527382686
58,1166,54,28,9,part_of_speech_classification,color_matching,matching,match_right,spaß,noun,positive,brown,✲✲✲gierig✲✲✲,adjective,negative,blue,0.4932,nonmatch,0.4141,0,0.3193,0.455,44.70083385005225
58,1167,55,28,9,part_of_speech_classification,color_matching,matching,match_right,leiche,noun,negative,blue,✲✲ehrlich✲✲✲,adjective,positive,blue,0.4932,match,0.3981,0,0.3192,0.4549,44.681428931734075
58,1168,56,28,9,part_of_speech_classification,color_matching,matching,match_right,schlecht,adjective,negative,brown,✲✲launisch✲✲,adjective,negative,blue,0.4932,nonmatch,0.303,0,0.319,0.4547,44.662260211396685
58,1169,57,28,9,part_of_speech_classification,color_matching,matching,match_right,gütig,adjective,positive,blue,✲entführung✲,noun,negative,blue,0.4932,nonmatch,0.6054,1,0.3189,0.4546,44.64329466124819
58,1170,58,28,9,part_of_speech_classification,color_matching,matching,match_right,glück,noun,positive,brown,✲✲✲liebe✲✲✲✲,noun,positive,brown,0.4932,match,0.2744,0,0.3193,0.455,44.6997146109645
58,1171,59,28,9,part_of_speech_classification,color_matching,matching,match_right,lustig,adjective,positive,blue,✲✲✲gütig✲✲✲✲,adjective,positive,blue,0.4932,match,0.4722,0,0.3191,0.4549,44.6805023613693
58,1172,60,28,9,part_of_speech_classification,color_matching,matching,match_right,liebe,noun,positive,brown,✲✲✲schön✲✲✲✲,adjective,positive,blue,0.4932,nonmatch,0.4043,0,0.319,0.4547,44.6615233826008
58,1173,61,28,9,part_of_speech_classification,color_matching,matching,match_right,entführung,noun,negative,brown,✲✲✲✲gift✲✲✲✲,noun,negative,brown,0.4932,nonmatch,0.3822,1,0.3189,0.4546,44.64274526693103
58,1174,62,28,9,part_of_speech_classification,color_matching,matching,match_right,schlecht,adjective,negative,brown,✲✲✲gütig✲✲✲✲,adjective,positive,brown,0.4932,match,0.3135,0,0.3193,0.455,44.69860719415444
58,1175,63,28,9,part_of_speech_classification,color_matching,matching,match_right,entführung,noun,negative,brown,✲✲✲glück✲✲✲✲,noun,positive,blue,0.4932,nonmatch,0.3895,0,0.3191,0.4549,44.67958399365301
58,1176,64,28,9,part_of_speech_classification,color_matching,matching,match_right,schön,adjective,positive,brown,✲✲ehrlich✲✲✲,adjective,positive,blue,0.4932,nonmatch,0.3972,0,0.319,0.4547,44.66079118290174
58,1177,1,29,10,part_of_speech_classification,color_matching,matching,match_right,liebe,noun,positive,brown,✲✲✲schön✲✲✲✲,adjective,positive,brown,0.4932,match,0.3494,0,0.3189,0.4546,44.642196956926874
58,1178,2,29,10,part_of_speech_classification,color_matching,matching,match_right,leiche,noun,negative,brown,✲✲✲gierig✲✲✲,adjective,negative,blue,0.4932,nonmatch,0.3399,0,0.3187,0.4545,44.62377013987215
58,1179,3,29,10,part_of_speech_classification,color_matching,matching,match_right,schleim,noun,negative,brown,✲✲✲✲spaß✲✲✲✲,noun,positive,brown,0.4932,match,0.2744,0,0.3186,0.4543,44.60548008318698
58,1180,4,29,10,part_of_speech_classification,color_matching,matching,match_right,schleim,noun,negative,brown,✲✲✲eitel✲✲✲✲,adjective,negative,brown,0.4932,match,0.3608,0,0.3185,0.4542,44.58729656662174
58,1181,5,29,10,part_of_speech_classification,color_matching,matching,match_right,ehrlich,adjective,positive,brown,✲✲✲schön✲✲✲✲,adjective,positive,blue,0.4932,nonmatch,0.4252,0,0.3184,0.4541,44.56918970154033
58,1182,6,29,10,part_of_speech_classification,color_matching,matching,match_right,eitel,adjective,negative,blue,✲✲schlecht✲✲,adjective,negative,brown,0.4932,nonmatch,0.3322,0,0.3182,0.4539,44.551129836078104
58,1183,7,29,10,part_of_speech_classification,color_matching,matching,match_right,eitel,adjective,negative,blue,✲✲✲✲gift✲✲✲✲,noun,negative,brown,0.4932,nonmatch,0.2853,0,0.3181,0.4538,44.53308746168794
58,1184,8,29,10,part_of_speech_classification,color_matching,matching,match_right,glück,noun,positive,brown,✲✲schleim✲✲✲,noun,negative,blue,0.4932,match,0.3654,1,0.318,0.4537,44.515033120629944
58,1185,9,29,10,part_of_speech_classification,color_matching,matching,match_right,spaß,noun,positive,blue,✲✲einfall✲✲✲,noun,positive,blue,0.4932,match,0.3856,0,0.3184,0.4541,44.56935332581449
58,1186,10,29,10,part_of_speech_classification,color_matching,matching,match_right,schön,adjective,positive,brown,✲✲einfall✲✲✲,noun,positive,blue,0.4932,nonmatch,0.2774,0,0.3182,0.4539,44.5514711333204
58,1187,11,29,10,part_of_speech_classification,color_matching,matching,match_right,ehrlich,adjective,positive,brown,✲✲schleim✲✲✲,noun,negative,blue,0.4932,nonmatch,0.4538,0,0.3181,0.4538,44.5336075456336
58,1188,12,29,10,part_of_speech_classification,color_matching,matching,match_right,leiche,noun,negative,blue,✲entführung✲,noun,negative,brown,0.4932,nonmatch,0.3321,0,0.318,0.4537,44.51573366466967
58,1189,13,29,10,part_of_speech_classification,color_matching,matching,match_right,glück,noun,positive,brown,✲✲schlecht✲✲,adjective,negative,blue,0.4962,nonmatch,0.2615,0,0.3178,0.4536,44.49782055784553
58,1190,14,29,10,part_of_speech_classification,color_matching,matching,match_right,einfall,noun,positive,blue,✲entführung✲,noun,negative,blue,0.4932,nonmatch,0.4346,1,0.3177,0.4534,44.479839168785915
58,1191,15,29,10,part_of_speech_classification,color_matching,matching,match_right,lustig,adjective,positive,blue,✲✲✲liebe✲✲✲✲,noun,positive,brown,0.4932,nonmatch,0.3608,0,0.3181,0.4538,44.53410874036233
58,1192,16,29,10,part_of_speech_classification,color_matching,matching,match_right,schlecht,adjective,negative,brown,✲✲ehrlich✲✲✲,adjective,positive,blue,0.4932,nonmatch,0.3348,0,0.318,0.4537,44.51641173668401
58,1193,17,29,10,part_of_speech_classification,color_matching,matching,match_right,gütig,adjective,positive,blue,✲✲✲lustig✲✲✲,adjective,positive,brown,0.4932,nonmatch,0.3483,0,0.3178,0.4536,44.498677648095494
58,1194,18,29,10,part_of_speech_classification,color_matching,matching,match_right,liebe,noun,positive,brown,✲✲✲leiche✲✲✲,noun,negative,brown,0.4932,nonmatch,0.3636,1,0.3177,0.4534,44.48087797649069
58,1195,19,29,10,part_of_speech_classification,color_matching,matching,match_right,eitel,adjective,negative,blue,✲✲✲gütig✲✲✲✲,adjective,positive,blue,0.4932,nonmatch,0.4202,1,0.3181,0.4538,44.53459180615221
58,1196,20,29,10,part_of_speech_classification,color_matching,matching,match_right,gierig,adjective,negative,brown,✲✲✲eitel✲✲✲✲,adjective,negative,blue,0.4932,nonmatch,0.4199,0,0.3185,0.4542,44.58719297732624
58,1197,21,29,10,part_of_speech_classification,color_matching,matching,match_right,lustig,adjective,positive,blue,✲entführung✲,noun,negative,brown,0.4932,nonmatch,0.4051,0,0.3184,0.4541,44.56977465254845
58,1198,22,29,10,part_of_speech_classification,color_matching,matching,match_right,ehrlich,adjective,positive,blue,✲✲schlecht✲✲,adjective,negative,blue,0.4932,match,0.4467,0,0.3182,0.4539,44.55240527540997
58,1199,23,29,10,part_of_speech_classification,color_matching,matching,match_right,glück,noun,positive,brown,✲✲✲✲spaß✲✲✲✲,noun,positive,brown,0.4932,match,0.4466,0,0.3181,0.4538,44.53505746574804
58,1200,24,29,10,part_of_speech_classification,color_matching,matching,match_right,liebe,noun,positive,blue,✲✲✲eitel✲✲✲✲,adjective,negative,brown,0.4932,nonmatch,0.4117,0,0.318,0.4537,44.51770390860091
58,1201,25,29,10,part_of_speech_classification,color_matching,matching,match_right,entführung,noun,negative,brown,✲✲✲lustig✲✲✲,adjective,positive,blue,0.4965,nonmatch,0.4338,0,0.3179,0.4536,44.50031727203119
58,1202,26,29,10,part_of_speech_classification,color_matching,matching,match_right,schlecht,adjective,negative,brown,✲✲schleim✲✲✲,noun,negative,brown,0.5144,match,0.4796,0,0.3177,0.4534,44.48287012512569
58,1203,27,29,10,part_of_speech_classification,color_matching,matching,match_right,entführung,noun,negative,blue,✲✲schleim✲✲✲,noun,negative,blue,0.4932,match,0.4065,0,0.3176,0.4533,44.46533485580486
58,1204,28,29,10,part_of_speech_classification,color_matching,matching,match_right,schleim,noun,negative,blue,✲✲✲schön✲✲✲✲,adjective,positive,blue,0.4932,match,0.4258,0,0.3175,0.4532,44.44779722069601
58,1205,29,29,10,part_of_speech_classification,color_matching,matching,match_right,schlecht,adjective,negative,brown,✲✲launisch✲✲,adjective,negative,brown,0.4932,match,0.442,0,0.3174,0.4531,44.4301106546426
58,1206,30,29,10,part_of_speech_classification,color_matching,matching,match_right,schlecht,adjective,negative,blue,✲✲✲glück✲✲✲✲,noun,positive,brown,0.4932,nonmatch,0.4147,0,0.3172,0.4529,44.412246925490884
58,1207,31,29,10,part_of_speech_classification,color_matching,matching,match_right,eitel,adjective,negative,brown,✲✲einfall✲✲✲,noun,positive,blue,0.4932,nonmatch,0.3543,0,0.3171,0.4528,44.39417725426016
58,1208,32,29,10,part_of_speech_classification,color_matching,matching,match_right,einfall,noun,positive,brown,✲✲✲gierig✲✲✲,adjective,negative,brown,0.4932,match,0.368,0,0.317,0.4527,44.37587222796903
58,1209,33,29,10,part_of_speech_classification,color_matching,matching,match_right,schön,adjective,positive,brown,✲✲ehrlich✲✲✲,adjective,positive,brown,0.4932,match,0.3919,0,0.3168,0.4526,44.35730170983935
58,1210,34,29,10,part_of_speech_classification,color_matching,matching,match_right,liebe,noun,positive,blue,✲✲✲glück✲✲✲✲,noun,positive,brown,0.4932,nonmatch,0.3074,0,0.3167,0.4524,44.338434746484296
58,1211,35,29,10,part_of_speech_classification,color_matching,matching,match_right,schön,adjective,positive,blue,✲✲✲leiche✲✲✲,noun,negative,blue,0.4932,nonmatch,0.3849,1,0.3166,0.4523,44.31923947167192
58,1212,36,29,10,part_of_speech_classification,color_matching,matching,match_right,gütig,adjective,positive,brown,✲✲✲gierig✲✲✲,adjective,negative,brown,0.4932,match,0.3405,0,0.317,0.4527,44.37387650159004
58,1213,37,29,10,part_of_speech_classification,color_matching,matching,match_right,entführung,noun,negative,brown,✲✲einfall✲✲✲,noun,positive,blue,0.4932,nonmatch,0.3894,0,0.3168,0.4525,44.35542507725579
58,1214,38,29,10,part_of_speech_classification,color_matching,matching,match_right,gierig,adjective,negative,brown,✲✲✲✲spaß✲✲✲✲,noun,positive,brown,0.4932,match,0.4131,0,0.3167,0.4524,44.336677000819684
58,1215,39,29,10,part_of_speech_classification,color_matching,matching,match_right,schleim,noun,negative,brown,✲✲✲✲gift✲✲✲✲,noun,negative,blue,0.4932,nonmatch,0.3846,0,0.3166,0.4523,44.31760081026689
58,1216,40,29,10,part_of_speech_classification,color_matching,matching,match_right,glück,noun,positive,blue,✲✲✲gütig✲✲✲✲,adjective,positive,brown,0.4932,nonmatch,0.311,0,0.3164,0.4521,44.29816404036699
58,1217,41,29,10,part_of_speech_classification,color_matching,matching,match_right,lustig,adjective,positive,blue,✲✲launisch✲✲,adjective,negative,brown,0.4932,nonmatch,0.4277,0,0.3163,0.452,44.27833312037653
58,1218,42,29,10,part_of_speech_classification,color_matching,matching,match_right,gütig,adjective,positive,blue,✲✲✲glück✲✲✲✲,noun,positive,blue,0.4932,match,0.3751,0,0.3161,0.4518,44.25807326707281
58,1219,43,29,10,part_of_speech_classification,color_matching,matching,match_right,launisch,adjective,negative,blue,✲✲✲gierig✲✲✲,adjective,negative,blue,0.4932,match,0.3536,0,0.316,0.4517,44.2405902144067
58,1220,44,29,10,part_of_speech_classification,color_matching,matching,match_right,gierig,adjective,negative,brown,✲✲✲schön✲✲✲✲,adjective,positive,brown,0.4932,nonmatch,0.2744,1,0.3159,0.4516,44.22358427128339
58,1221,45,29,10,part_of_speech_classification,color_matching,matching,match_right,launisch,adjective,negative,blue,✲entführung✲,noun,negative,blue,0.4932,nonmatch,0.3965,1,0.3163,0.452,44.27694574874214
58,1222,46,29,10,part_of_speech_classification,color_matching,matching,match_right,gütig,adjective,positive,brown,✲✲✲✲gift✲✲✲✲,noun,negative,brown,0.4932,nonmatch,0.3414,1,0.3167,0.4524,44.333214493924444
58,1223,47,29,10,part_of_speech_classification,color_matching,matching,match_right,launisch,adjective,negative,blue,✲✲✲lustig✲✲✲,adjective,positive,brown,0.4932,match,0.4333,1,0.317,0.4528,44.385861771893666
58,1224,48,29,10,part_of_speech_classification,color_matching,matching,match_right,lustig,adjective,positive,blue,✲✲✲gütig✲✲✲✲,adjective,positive,blue,0.4932,nonmatch,0.3841,1,0.3174,0.4531,44.43569959122383
58,1225,49,29,10,part_of_speech_classification,color_matching,matching,match_right,schön,adjective,positive,brown,✲✲✲eitel✲✲✲✲,adjective,negative,blue,0.4962,nonmatch,0.3806,0,0.3177,0.4535,44.48344445454097
58,1226,50,29,10,part_of_speech_classification,color_matching,matching,match_right,leiche,noun,negative,blue,✲✲✲glück✲✲✲✲,noun,positive,brown,0.4932,nonmatch,0.3751,0,0.3176,0.4533,44.4667603385285
58,1227,51,29,10,part_of_speech_classification,color_matching,matching,match_right,leiche,noun,negative,blue,✲✲✲gütig✲✲✲✲,adjective,positive,brown,0.4932,nonmatch,0.3536,0,0.3175,0.4532,44.450079639188075
58,1228,52,29,10,part_of_speech_classification,color_matching,matching,match_right,gift,noun,negative,blue,✲✲✲liebe✲✲✲✲,noun,positive,blue,0.4932,match,0.383,0,0.3174,0.4531,44.43326347512018
58,1229,53,29,10,part_of_speech_classification,color_matching,matching,match_right,gift,noun,negative,blue,✲✲launisch✲✲,adjective,negative,blue,0.4932,match,0.4133,0,0.3173,0.453,44.416286252567396
58,1230,54,29,10,part_of_speech_classification,color_matching,matching,match_right,gierig,adjective,negative,brown,✲✲✲leiche✲✲✲,noun,negative,blue,0.4932,nonmatch,0.4565,0,0.3171,0.4529,44.3991219084145
58,1231,55,29,10,part_of_speech_classification,color_matching,matching,match_right,einfall,noun,positive,blue,✲✲ehrlich✲✲✲,adjective,positive,blue,0.4932,match,0.383,0,0.317,0.4527,44.381743835183705
58,1232,56,29,10,part_of_speech_classification,color_matching,matching,match_right,gift,noun,negative,brown,✲✲ehrlich✲✲✲,adjective,positive,brown,0.4932,match,0.3578,0,0.3169,0.4526,44.36412480390853
58,1233,57,29,10,part_of_speech_classification,color_matching,matching,match_right,einfall,noun,positive,brown,✲✲✲liebe✲✲✲✲,noun,positive,blue,0.4963,nonmatch,0.3962,0,0.3168,0.4525,44.34623688456516
58,1234,58,29,10,part_of_speech_classification,color_matching,matching,match_right,spaß,noun,positive,brown,✲✲✲lustig✲✲✲,adjective,positive,blue,0.4932,nonmatch,0.4565,0,0.3166,0.4523,44.328051363728406
58,1235,59,29,10,part_of_speech_classification,color_matching,matching,match_right,entführung,noun,negative,blue,✲✲schlecht✲✲,adjective,negative,brown,0.4932,match,0.3679,1,0.3165,0.4522,44.309538659107105
58,1236,60,29,10,part_of_speech_classification,color_matching,matching,match_right,spaß,noun,positive,blue,✲✲launisch✲✲,adjective,negative,blue,0.4932,nonmatch,0.3608,1,0.3169,0.4526,44.36225749425878
58,1237,61,29,10,part_of_speech_classification,color_matching,matching,match_right,spaß,noun,positive,blue,✲✲✲✲gift✲✲✲✲,noun,negative,brown,0.4932,nonmatch,0.3972,0,0.3172,0.4529,44.411932844887374
58,1238,62,29,10,part_of_speech_classification,color_matching,matching,match_right,launisch,adjective,negative,blue,✲✲✲liebe✲✲✲✲,noun,positive,blue,0.4932,match,0.3121,0,0.3171,0.4528,44.39498337765034
58,1239,63,29,10,part_of_speech_classification,color_matching,matching,match_right,gift,noun,negative,brown,✲✲✲leiche✲✲✲,noun,negative,brown,0.4932,match,0.4323,0,0.317,0.4527,44.37781793460435
58,1240,64,29,10,part_of_speech_classification,color_matching,matching,match_right,ehrlich,adjective,positive,brown,✲✲✲✲spaß✲✲✲✲,noun,positive,brown,0.4932,match,0.4395,0,0.3169,0.4526,44.36040994248572
58,1241,1,30,11,part_of_speech_classification,color_matching,matching,match_right,liebe,noun,positive,blue,✲✲schlecht✲✲,adjective,negative,blue,0.4932,match,0.4466,0,0.3167,0.4524,44.34273213443918
58,1242,2,30,11,part_of_speech_classification,color_matching,matching,match_right,entführung,noun,negative,blue,✲✲ehrlich✲✲✲,adjective,positive,blue,0.4932,match,0.3633,0,0.3166,0.4523,44.324756470734904
58,1243,3,30,11,part_of_speech_classification,color_matching,matching,match_right,launisch,adjective,negative,blue,✲entführung✲,noun,negative,blue,0.4932,match,0.3679,0,0.3165,0.4522,44.30645405645578
58,1244,4,30,11,part_of_speech_classification,color_matching,matching,match_right,ehrlich,adjective,positive,brown,✲✲✲lustig✲✲✲,adjective,positive,brown,0.4932,match,0.3751,0,0.3163,0.4521,44.28779505581429
58,1245,5,30,11,part_of_speech_classification,color_matching,matching,match_right,gierig,adjective,negative,brown,✲✲✲gütig✲✲✲✲,adjective,positive,blue,0.4932,nonmatch,0.418,0,0.3162,0.4519,44.26874860274107
58,1246,6,30,11,part_of_speech_classification,color_matching,matching,match_right,schlecht,adjective,negative,brown,✲✲schleim✲✲✲,noun,negative,blue,0.4932,match,0.3101,1,0.3161,0.4518,44.25046693950997
58,1247,7,30,11,part_of_speech_classification,color_matching,matching,match_right,gift,noun,negative,brown,✲✲einfall✲✲✲,noun,positive,brown,0.4932,match,0.3685,0,0.3165,0.4522,44.30493226796361
58,1248,8,30,11,part_of_speech_classification,color_matching,matching,match_right,schlecht,adjective,negative,blue,✲✲✲lustig✲✲✲,adjective,positive,blue,0.4932,nonmatch,0.2984,1,0.3163,0.452,44.2863760715134
58,1249,9,30,11,part_of_speech_classification,color_matching,matching,match_right,gütig,adjective,positive,brown,✲✲✲schön✲✲✲✲,adjective,positive,blue,0.4932,match,0.4109,1,0.3167,0.4524,44.33929710962016
58,1250,10,30,11,part_of_speech_classification,color_matching,matching,match_right,schlecht,adjective,negative,brown,✲✲einfall✲✲✲,noun,positive,blue,0.4932,nonmatch,0.3355,0,0.3171,0.4528,44.38894903949066
58,1251,11,30,11,part_of_speech_classification,color_matching,matching,match_right,einfall,noun,positive,brown,✲✲✲✲spaß✲✲✲✲,noun,positive,blue,0.4932,nonmatch,0.4345,0,0.3169,0.4527,44.37208784269353
58,1252,12,30,11,part_of_speech_classification,color_matching,matching,match_right,launisch,adjective,negative,brown,✲✲schlecht✲✲,adjective,negative,blue,0.4932,nonmatch,0.506,0,0.3168,0.4525,44.354981905156336
58,1253,13,30,11,part_of_speech_classification,color_matching,matching,match_right,ehrlich,adjective,positive,brown,✲✲launisch✲✲,adjective,negative,brown,0.4932,match,0.3281,0,0.3167,0.4524,44.33760489647591
58,1254,14,30,11,part_of_speech_classification,color_matching,matching,match_right,einfall,noun,positive,brown,✲✲launisch✲✲,adjective,negative,brown,0.4932,match,0.2826,0,0.3166,0.4523,44.31992972864275
58,1255,15,30,11,part_of_speech_classification,color_matching,matching,match_right,lustig,adjective,positive,blue,✲entführung✲,noun,negative,brown,0.4932,nonmatch,0.2974,0,0.3164,0.4522,44.30192847811167
58,1256,16,30,11,part_of_speech_classification,color_matching,matching,match_right,eitel,adjective,negative,brown,✲✲✲schön✲✲✲✲,adjective,positive,brown,0.4932,match,0.3465,0,0.3163,0.452,44.2835723046556
58,1257,17,30,11,part_of_speech_classification,color_matching,matching,match_right,eitel,adjective,negative,blue,✲✲✲gierig✲✲✲,adjective,negative,brown,0.4932,nonmatch,0.3102,0,0.3162,0.4519,44.26483136667175
58,1258,18,30,11,part_of_speech_classification,color_matching,matching,match_right,schön,adjective,positive,blue,✲✲ehrlich✲✲✲,adjective,positive,blue,0.4932,match,0.3829,0,0.3161,0.4518,44.24751187369143
58,1259,19,30,11,part_of_speech_classification,color_matching,matching,match_right,schön,adjective,positive,brown,✲✲✲glück✲✲✲✲,noun,positive,blue,0.4962,nonmatch,0.3866,0,0.3159,0.4517,44.23172384881324
58,1260,20,30,11,part_of_speech_classification,color_matching,matching,match_right,gütig,adjective,positive,brown,✲✲✲✲spaß✲✲✲✲,noun,positive,brown,0.4932,match,0.3465,0,0.3158,0.4515,44.2161300302904
58,1261,21,30,11,part_of_speech_classification,color_matching,matching,match_right,spaß,noun,positive,blue,✲entführung✲,noun,negative,blue,0.4932,nonmatch,0.2958,1,0.3157,0.4514,44.200707950227816
58,1262,22,30,11,part_of_speech_classification,color_matching,matching,match_right,schön,adjective,positive,blue,✲✲✲eitel✲✲✲✲,adjective,negative,blue,0.4932,match,0.3465,0,0.316,0.4518,44.24654708359608
58,1263,23,30,11,part_of_speech_classification,color_matching,matching,match_right,eitel,adjective,negative,blue,✲✲✲liebe✲✲✲✲,noun,positive,brown,0.4932,match,0.2601,1,0.3159,0.4516,44.23088995355734
58,1264,24,30,11,part_of_speech_classification,color_matching,matching,match_right,gierig,adjective,negative,brown,✲✲✲leiche✲✲✲,noun,negative,brown,0.4932,match,0.3751,0,0.3163,0.452,44.280812839781746
58,1265,25,30,11,part_of_speech_classification,color_matching,matching,match_right,gütig,adjective,positive,blue,✲✲✲✲gift✲✲✲✲,noun,negative,blue,0.4932,nonmatch,0.3063,1,0.3162,0.4519,44.26226649894337
58,1266,26,30,11,part_of_speech_classification,color_matching,matching,match_right,leiche,noun,negative,blue,✲✲schlecht✲✲,adjective,negative,blue,0.4932,match,0.3101,0,0.3165,0.4523,44.31523482771579
58,1267,27,30,11,part_of_speech_classification,color_matching,matching,match_right,gift,noun,negative,brown,✲✲✲schön✲✲✲✲,adjective,positive,blue,0.4932,nonmatch,0.3902,0,0.3164,0.4521,44.297518690033925
58,1268,28,30,11,part_of_speech_classification,color_matching,matching,match_right,launisch,adjective,negative,blue,✲✲ehrlich✲✲✲,adjective,positive,brown,0.4965,match,0.3329,1,0.3163,0.452,44.27944924535355
58,1269,29,30,11,part_of_speech_classification,color_matching,matching,match_right,gift,noun,negative,blue,✲✲✲leiche✲✲✲,noun,negative,brown,0.4932,match,0.3393,1,0.3166,0.4524,44.33099719651386
58,1270,30,30,11,part_of_speech_classification,color_matching,matching,match_right,lustig,adjective,positive,blue,✲✲✲liebe✲✲✲✲,noun,positive,brown,0.4932,nonmatch,0.3751,0,0.317,0.4527,44.37932348823008
58,1271,31,30,11,part_of_speech_classification,color_matching,matching,match_right,gierig,adjective,negative,brown,✲✲✲eitel✲✲✲✲,adjective,negative,brown,0.4932,match,0.2823,0,0.3169,0.4526,44.36293323034842
58,1272,32,30,11,part_of_speech_classification,color_matching,matching,match_right,leiche,noun,negative,brown,✲✲✲✲gift✲✲✲✲,noun,negative,blue,0.4932,nonmatch,0.3787,0,0.3168,0.4525,44.34629504524011
58,1273,33,30,11,part_of_speech_classification,color_matching,matching,match_right,schlecht,adjective,negative,blue,✲✲launisch✲✲,adjective,negative,blue,0.4932,match,0.4189,0,0.3166,0.4524,44.32938402346956
58,1274,34,30,11,part_of_speech_classification,color_matching,matching,match_right,gütig,adjective,positive,brown,✲✲✲gierig✲✲✲,adjective,negative,blue,0.4932,nonmatch,0.3264,0,0.3165,0.4522,44.312174522157335
58,1275,35,30,11,part_of_speech_classification,color_matching,matching,match_right,eitel,adjective,negative,blue,✲✲✲✲gift✲✲✲✲,noun,negative,brown,0.4932,nonmatch,0.4813,0,0.3164,0.4521,44.29464009354829
58,1276,36,30,11,part_of_speech_classification,color_matching,matching,match_right,schleim,noun,negative,brown,✲✲✲gierig✲✲✲,adjective,negative,brown,0.4932,match,0.2995,0,0.3163,0.452,44.276753410594296
58,1277,37,30,11,part_of_speech_classification,color_matching,matching,match_right,ehrlich,adjective,positive,brown,✲✲✲leiche✲✲✲,noun,negative,brown,0.4932,match,0.328,0,0.3161,0.4518,44.25848618925912
58,1278,38,30,11,part_of_speech_classification,color_matching,matching,match_right,glück,noun,positive,blue,✲✲ehrlich✲✲✲,adjective,positive,brown,0.4973,nonmatch,0.2767,0,0.316,0.4517,44.242785512441934
58,1279,39,30,11,part_of_speech_classification,color_matching,matching,match_right,spaß,noun,positive,blue,✲✲✲lustig✲✲✲,adjective,positive,blue,0.4961,match,0.3044,0,0.3159,0.4516,44.227632135087106
58,1280,40,30,11,part_of_speech_classification,color_matching,matching,match_right,lustig,adjective,positive,blue,✲✲schlecht✲✲,adjective,negative,brown,0.4932,nonmatch,0.3486,0,0.3158,0.4515,44.212662386655374
58,1281,41,30,11,part_of_speech_classification,color_matching,matching,match_right,entführung,noun,negative,blue,✲✲schleim✲✲✲,noun,negative,blue,0.4932,match,0.3179,0,0.3157,0.4514,44.19785546809258
58,1282,42,30,11,part_of_speech_classification,color_matching,matching,match_right,leiche,noun,negative,blue,✲✲✲glück✲✲✲✲,noun,positive,blue,0.4932,match,0.2672,0,0.3156,0.4513,44.183190999454865
58,1283,43,30,11,part_of_speech_classification,color_matching,matching,match_right,liebe,noun,positive,blue,✲✲schleim✲✲✲,noun,negative,brown,0.4932,nonmatch,0.3932,0,0.3155,0.4512,44.168648965620775
58,1284,44,30,11,part_of_speech_classification,color_matching,matching,match_right,gierig,adjective,negative,blue,✲✲✲✲spaß✲✲✲✲,noun,positive,blue,0.4932,match,0.3209,0,0.3154,0.4511,44.15420966355574
58,1285,45,30,11,part_of_speech_classification,color_matching,matching,match_right,liebe,noun,positive,brown,✲✲✲gütig✲✲✲✲,adjective,positive,blue,0.4932,nonmatch,0.303,0,0.3153,0.451,44.139853650915015
58,1286,46,30,11,part_of_speech_classification,color_matching,matching,match_right,gift,noun,negative,blue,✲✲✲eitel✲✲✲✲,adjective,negative,brown,0.4932,match,0.369,1,0.3152,0.4509,44.12556169577912
58,1287,47,30,11,part_of_speech_classification,color_matching,matching,match_right,einfall,noun,positive,brown,✲✲✲✲gift✲✲✲✲,noun,negative,brown,0.4932,match,0.3465,0,0.3155,0.4512,44.168321257700896
58,1288,48,30,11,part_of_speech_classification,color_matching,matching,match_right,entführung,noun,negative,brown,✲✲✲✲spaß✲✲✲✲,noun,positive,blue,0.4932,nonmatch,0.3966,0,0.3154,0.4511,44.153996128602046
58,1289,49,30,11,part_of_speech_classification,color_matching,matching,match_right,liebe,noun,positive,blue,✲✲✲glück✲✲✲✲,noun,positive,blue,0.4932,match,0.371,0,0.3153,0.451,44.1397537707245
58,1290,50,30,11,part_of_speech_classification,color_matching,matching,match_right,schleim,noun,negative,blue,✲✲✲lustig✲✲✲,adjective,positive,brown,0.4932,nonmatch,0.422,0,0.3152,0.4509,44.12557523973059
58,1291,51,30,11,part_of_speech_classification,color_matching,matching,match_right,schön,adjective,positive,brown,✲✲schleim✲✲✲,noun,negative,blue,0.4932,match,0.3607,1,0.3151,0.4508,44.111441750965355
58,1292,52,30,11,part_of_speech_classification,color_matching,matching,match_right,einfall,noun,positive,brown,✲✲✲schön✲✲✲✲,adjective,positive,brown,0.4932,nonmatch,0.3074,1,0.3154,0.4511,44.15378132164066
58,1293,53,30,11,part_of_speech_classification,color_matching,matching,match_right,leiche,noun,negative,brown,✲✲✲gütig✲✲✲✲,adjective,positive,brown,0.4932,match,0.4323,0,0.3157,0.4514,44.19619085241888
58,1294,54,30,11,part_of_speech_classification,color_matching,matching,match_right,glück,noun,positive,blue,✲✲✲gierig✲✲✲,adjective,negative,brown,0.4932,nonmatch,0.2959,0,0.3156,0.4513,44.18186947022445
58,1295,55,30,11,part_of_speech_classification,color_matching,matching,match_right,schleim,noun,negative,brown,✲entführung✲,noun,negative,brown,0.4932,match,0.4044,0,0.3155,0.4512,44.16766725092761
58,1296,56,30,11,part_of_speech_classification,color_matching,matching,match_right,glück,noun,positive,brown,✲✲✲liebe✲✲✲✲,noun,positive,brown,0.4932,match,0.3629,0,0.3154,0.4511,44.1535653531736
58,1297,57,30,11,part_of_speech_classification,color_matching,matching,match_right,ehrlich,adjective,positive,blue,✲✲einfall✲✲✲,noun,positive,blue,0.4932,match,0.3984,0,0.3153,0.451,44.13954518556809
58,1298,58,30,11,part_of_speech_classification,color_matching,matching,match_right,lustig,adjective,positive,blue,✲✲✲gütig✲✲✲✲,adjective,positive,brown,0.4932,nonmatch,0.3916,0,0.3152,0.4509,44.12558835965965
58,1299,59,30,11,part_of_speech_classification,color_matching,matching,match_right,schleim,noun,negative,blue,✲✲✲liebe✲✲✲✲,noun,positive,brown,0.4932,match,0.4473,1,0.3151,0.4508,44.11167664380391
58,1300,60,30,11,part_of_speech_classification,color_matching,matching,match_right,spaß,noun,positive,brown,✲✲✲eitel✲✲✲✲,adjective,negative,blue,0.4932,nonmatch,0.4125,0,0.3154,0.4511,44.15334832808291
58,1301,61,30,11,part_of_speech_classification,color_matching,matching,match_right,entführung,noun,negative,brown,✲✲launisch✲✲,adjective,negative,blue,0.4932,nonmatch,0.3615,0,0.3153,0.451,44.139436774129415
58,1302,62,30,11,part_of_speech_classification,color_matching,matching,match_right,launisch,adjective,negative,brown,✲✲✲glück✲✲✲✲,noun,positive,brown,0.4932,match,0.3608,0,0.3152,0.4509,44.1255883085052
58,1303,63,30,11,part_of_speech_classification,color_matching,matching,match_right,glück,noun,positive,brown,✲✲✲leiche✲✲✲,noun,negative,blue,0.4932,nonmatch,0.3965,0,0.3151,0.4508,44.11178496680078
58,1304,64,30,11,part_of_speech_classification,color_matching,matching,match_right,spaß,noun,positive,blue,✲✲einfall✲✲✲,noun,positive,brown,0.4932,nonmatch,0.3265,0,0.315,0.4507,44.098008895516074
58,1305,1,31,12,part_of_speech_classification,color_matching,matching,match_right,liebe,noun,positive,brown,✲✲✲✲spaß✲✲✲✲,noun,positive,blue,0.4932,nonmatch,0.3923,0,0.3149,0.4506,44.084242308147786
58,1306,2,31,12,part_of_speech_classification,color_matching,matching,match_right,launisch,adjective,negative,blue,✲✲✲lustig✲✲✲,adjective,positive,brown,0.4964,nonmatch,0.3823,0,0.3148,0.4505,44.07046744164036
58,1307,3,31,12,part_of_speech_classification,color_matching,matching,match_right,launisch,adjective,negative,brown,✲✲schlecht✲✲,adjective,negative,brown,0.4932,match,0.4252,0,0.3147,0.4504,44.05666651303986
58,1308,4,31,12,part_of_speech_classification,color_matching,matching,match_right,gierig,adjective,negative,blue,✲✲✲✲gift✲✲✲✲,noun,negative,blue,0.4962,nonmatch,0.2996,1,0.3146,0.4503,44.042821676192105
58,1309,5,31,12,part_of_speech_classification,color_matching,matching,match_right,einfall,noun,positive,blue,✲✲schlecht✲✲,adjective,negative,brown,0.4932,nonmatch,0.4279,0,0.3149,0.4506,44.08455938629581
58,1310,6,31,12,part_of_speech_classification,color_matching,matching,match_right,launisch,adjective,negative,brown,✲✲schleim✲✲✲,noun,negative,blue,0.4932,nonmatch,0.5035,0,0.3148,0.4505,44.07089284287438
58,1311,7,31,12,part_of_speech_classification,color_matching,matching,match_right,entführung,noun,negative,brown,✲✲✲leiche✲✲✲,noun,negative,brown,0.4932,match,0.3966,0,0.3147,0.4504,44.05720128855201
58,1312,8,31,12,part_of_speech_classification,color_matching,matching,match_right,leiche,noun,negative,brown,✲✲✲✲gift✲✲✲✲,noun,negative,blue,0.4938,nonmatch,0.3894,0,0.3146,0.4503,44.04346714550084
58,1313,9,31,12,part_of_speech_classification,color_matching,matching,match_right,schleim,noun,negative,blue,✲✲schlecht✲✲,adjective,negative,brown,0.4932,nonmatch,0.3855,0,0.3145,0.4502,44.029672733572795
58,1314,10,31,12,part_of_speech_classification,color_matching,matching,match_right,liebe,noun,positive,brown,✲✲✲eitel✲✲✲✲,adjective,negative,blue,0.4932,nonmatch,0.3191,0,0.3144,0.4501,44.01589230120204
58,1315,11,31,12,part_of_speech_classification,color_matching,matching,match_right,spaß,noun,positive,blue,✲✲ehrlich✲✲✲,adjective,positive,blue,0.4932,match,0.4466,0,0.3143,0.45,44.00201285422275
58,1316,12,31,12,part_of_speech_classification,color_matching,matching,match_right,spaß,noun,positive,brown,✲✲schleim✲✲✲,noun,negative,brown,0.4932,match,0.3764,0,0.3142,0.4499,43.98801644311479
58,1317,13,31,12,part_of_speech_classification,color_matching,matching,match_right,lustig,adjective,positive,blue,✲✲✲schön✲✲✲✲,adjective,positive,brown,0.4932,nonmatch,0.3278,0,0.3141,0.4498,43.973884828675914
58,1318,14,31,12,part_of_speech_classification,color_matching,matching,match_right,gierig,adjective,negative,blue,✲✲✲gütig✲✲✲✲,adjective,positive,blue,0.4932,nonmatch,0.3322,1,0.314,0.4497,43.95959943770545
58,1319,15,31,12,part_of_speech_classification,color_matching,matching,match_right,entführung,noun,negative,blue,✲✲✲lustig✲✲✲,adjective,positive,brown,0.4966,match,0.3788,1,0.3143,0.45,43.99998405646129
58,1320,16,31,12,part_of_speech_classification,color_matching,matching,match_right,einfall,noun,positive,blue,✲✲✲schön✲✲✲✲,adjective,positive,brown,0.4932,nonmatch,0.3555,0,0.3146,0.4503,44.03886794794355
58,1321,17,31,12,part_of_speech_classification,color_matching,matching,match_right,gift,noun,negative,blue,✲✲schleim✲✲✲,noun,negative,blue,0.4932,nonmatch,0.3489,1,0.3145,0.4502,44.02523661571868
58,1322,18,31,12,part_of_speech_classification,color_matching,matching,match_right,liebe,noun,positive,brown,✲entführung✲,noun,negative,blue,0.4932,match,0.4058,1,0.3147,0.4505,44.06328749404562
58,1323,19,31,12,part_of_speech_classification,color_matching,matching,match_right,leiche,noun,negative,brown,✲✲ehrlich✲✲✲,adjective,positive,brown,0.4932,match,0.3347,0,0.315,0.4507,44.103595309074365
58,1324,20,31,12,part_of_speech_classification,color_matching,matching,match_right,liebe,noun,positive,brown,✲✲✲gütig✲✲✲✲,adjective,positive,brown,0.4932,match,0.2922,0,0.3149,0.4506,44.09031563492547
58,1325,21,31,12,part_of_speech_classification,color_matching,matching,match_right,glück,noun,positive,blue,✲✲einfall✲✲✲,noun,positive,blue,0.4932,match,0.5261,0,0.3148,0.4506,44.07703695756158
58,1326,22,31,12,part_of_speech_classification,color_matching,matching,match_right,gütig,adjective,positive,brown,✲✲✲leiche✲✲✲,noun,negative,brown,0.4932,match,0.3214,0,0.3147,0.4505,44.06374269056439
58,1327,23,31,12,part_of_speech_classification,color_matching,matching,match_right,gift,noun,negative,blue,✲✲✲gütig✲✲✲✲,adjective,positive,blue,0.4932,match,0.303,0,0.3146,0.4504,44.0504162124058
58,1328,24,31,12,part_of_speech_classification,color_matching,matching,match_right,lustig,adjective,positive,brown,✲✲schlecht✲✲,adjective,negative,brown,0.4932,match,0.3831,0,0.3146,0.4503,44.03704082738106
58,1329,25,31,12,part_of_speech_classification,color_matching,matching,match_right,lustig,adjective,positive,blue,✲✲✲✲gift✲✲✲✲,noun,negative,blue,0.4932,match,0.3679,0,0.3145,0.4502,44.02359972638957
58,1330,26,31,12,part_of_speech_classification,color_matching,matching,match_right,ehrlich,adjective,positive,brown,✲✲✲gierig✲✲✲,adjective,negative,blue,0.4932,nonmatch,0.3627,0,0.3144,0.4501,44.010165048221175
58,1331,27,31,12,part_of_speech_classification,color_matching,matching,match_right,ehrlich,adjective,positive,blue,✲✲schleim✲✲✲,noun,negative,brown,0.4932,nonmatch,0.4653,0,0.3143,0.45,43.996627888987646
58,1332,28,31,12,part_of_speech_classification,color_matching,matching,match_right,schleim,noun,negative,blue,✲entführung✲,noun,negative,brown,0.4932,match,0.4288,1,0.3142,0.4499,43.98297113874492
58,1333,29,31,12,part_of_speech_classification,color_matching,matching,match_right,gift,noun,negative,brown,✲✲✲✲spaß✲✲✲✲,noun,positive,brown,0.4932,match,0.4402,0,0.3144,0.4502,44.02149887917261
58,1334,30,31,12,part_of_speech_classification,color_matching,matching,match_right,lustig,adjective,positive,brown,✲✲✲glück✲✲✲✲,noun,positive,brown,0.4932,match,0.4062,0,0.3143,0.4501,44.0081375394938
58,1335,31,31,12,part_of_speech_classification,color_matching,matching,match_right,leiche,noun,negative,blue,✲✲einfall✲✲✲,noun,positive,brown,0.4932,nonmatch,0.3758,0,0.3142,0.45,43.994672065653
58,1336,32,31,12,part_of_speech_classification,color_matching,matching,match_right,eitel,adjective,negative,brown,✲entführung✲,noun,negative,brown,0.4932,match,0.3846,0,0.3142,0.4499,43.98108552133811
58,1337,33,31,12,part_of_speech_classification,color_matching,matching,match_right,gütig,adjective,positive,blue,✲✲launisch✲✲,adjective,negative,blue,0.4932,match,0.3608,0,0.3141,0.4498,43.96736068229692
58,1338,34,31,12,part_of_speech_classification,color_matching,matching,match_right,schön,adjective,positive,blue,✲✲ehrlich✲✲✲,adjective,positive,blue,0.4932,match,0.2847,0,0.314,0.4497,43.953479995772206
58,1339,35,31,12,part_of_speech_classification,color_matching,matching,match_right,ehrlich,adjective,positive,blue,✲✲✲liebe✲✲✲✲,noun,positive,brown,0.4932,nonmatch,0.398,0,0.3139,0.4496,43.939425538884336
58,1340,36,31,12,part_of_speech_classification,color_matching,matching,match_right,gierig,adjective,negative,brown,✲✲✲liebe✲✲✲✲,noun,positive,brown,0.4932,nonmatch,0.3894,1,0.3138,0.4495,43.92517897581853
58,1341,37,31,12,part_of_speech_classification,color_matching,matching,match_right,einfall,noun,positive,blue,✲✲✲✲gift✲✲✲✲,noun,negative,brown,0.4932,match,0.3934,1,0.314,0.4498,43.96556177529611
58,1342,38,31,12,part_of_speech_classification,color_matching,matching,match_right,eitel,adjective,negative,brown,✲✲✲schön✲✲✲✲,adjective,positive,blue,0.4932,nonmatch,0.4284,0,0.3143,0.45,44.00414632815446
58,1343,39,31,12,part_of_speech_classification,color_matching,matching,match_right,schön,adjective,positive,brown,✲entführung✲,noun,negative,blue,0.4932,nonmatch,0.4058,0,0.3142,0.4499,43.990820559360316
58,1344,40,31,12,part_of_speech_classification,color_matching,matching,match_right,schlecht,adjective,negative,blue,✲✲✲leiche✲✲✲,noun,negative,brown,0.4932,nonmatch,0.39,0,0.3141,0.4498,43.977370862735015
58,1345,41,31,12,part_of_speech_classification,color_matching,matching,match_right,spaß,noun,positive,brown,✲✲launisch✲✲,adjective,negative,brown,0.4932,match,0.3823,0,0.314,0.4497,43.96378034769966
58,1346,42,31,12,part_of_speech_classification,color_matching,matching,match_right,leiche,noun,negative,blue,✲✲launisch✲✲,adjective,negative,blue,0.4932,match,0.3844,0,0.3139,0.4496,43.95003179394825
58,1347,43,31,12,part_of_speech_classification,color_matching,matching,match_right,glück,noun,positive,blue,✲✲✲gierig✲✲✲,adjective,negative,blue,0.4932,match,0.4149,0,0.3138,0.4495,43.93610761105985
58,1348,44,31,12,part_of_speech_classification,color_matching,matching,match_right,schleim,noun,negative,brown,✲✲✲schön✲✲✲✲,adjective,positive,blue,0.4932,nonmatch,0.3322,0,0.3137,0.4494,43.92198979693019
58,1349,45,31,12,part_of_speech_classification,color_matching,matching,match_right,spaß,noun,positive,blue,✲✲✲liebe✲✲✲✲,noun,positive,brown,0.4932,nonmatch,0.2983,0,0.3136,0.4493,43.90765989488174
58,1350,46,31,12,part_of_speech_classification,color_matching,matching,match_right,entführung,noun,negative,brown,✲✲✲gierig✲✲✲,adjective,negative,brown,0.4932,match,0.5876,0,0.3135,0.4492,43.893098949305845
58,1351,47,31,12,part_of_speech_classification,color_matching,matching,match_right,gift,noun,negative,brown,✲✲✲eitel✲✲✲✲,adjective,negative,blue,0.4932,nonmatch,0.3685,0,0.3134,0.4491,43.87828745968572
58,1352,48,31,12,part_of_speech_classification,color_matching,matching,match_right,gütig,adjective,positive,brown,✲✲✲lustig✲✲✲,adjective,positive,brown,0.4932,nonmatch,0.3045,1,0.3133,0.449,43.86320533284205
58,1353,49,31,12,part_of_speech_classification,color_matching,matching,match_right,schlecht,adjective,negative,blue,✲✲✲gierig✲✲✲,adjective,negative,brown,0.4932,nonmatch,0.3987,0,0.3136,0.4493,43.906148560577506
58,1354,50,31,12,part_of_speech_classification,color_matching,matching,match_right,schön,adjective,positive,blue,✲✲✲eitel✲✲✲✲,adjective,negative,brown,0.4932,nonmatch,0.3751,0,0.3135,0.4492,43.89164942395045
58,1355,51,31,12,part_of_speech_classification,color_matching,matching,match_right,eitel,adjective,negative,brown,✲✲launisch✲✲,adjective,negative,blue,0.4932,nonmatch,0.3493,0,0.3134,0.4491,43.876899504612574
58,1356,52,31,12,part_of_speech_classification,color_matching,matching,match_right,gütig,adjective,positive,brown,✲✲✲✲spaß✲✲✲✲,noun,positive,blue,0.4932,nonmatch,0.3061,0,0.3133,0.449,43.86187888008865
58,1357,53,31,12,part_of_speech_classification,color_matching,matching,match_right,gierig,adjective,negative,blue,✲✲✲eitel✲✲✲✲,adjective,negative,blue,0.4932,nonmatch,0.3934,1,0.3132,0.4489,43.84656698941799
58,1358,54,31,12,part_of_speech_classification,color_matching,matching,match_right,schön,adjective,positive,blue,✲✲einfall✲✲✲,noun,positive,blue,0.4932,match,0.2982,0,0.3135,0.4492,43.89021156953622
58,1359,55,31,12,part_of_speech_classification,color_matching,matching,match_right,launisch,adjective,negative,blue,✲✲✲✲spaß✲✲✲✲,noun,positive,blue,0.4932,match,0.4344,0,0.3134,0.4491,43.875522225319706
58,1360,56,31,12,part_of_speech_classification,color_matching,matching,match_right,schleim,noun,negative,blue,✲✲✲liebe✲✲✲✲,noun,positive,blue,0.4968,match,0.4485,0,0.3133,0.449,43.8605621130565
58,1361,57,31,12,part_of_speech_classification,color_matching,matching,match_right,glück,noun,positive,brown,✲✲✲lustig✲✲✲,adjective,positive,blue,0.4932,nonmatch,0.3839,0,0.3132,0.4489,43.8453108430137
58,1362,58,31,12,part_of_speech_classification,color_matching,matching,match_right,schlecht,adjective,negative,brown,✲✲einfall✲✲✲,noun,positive,blue,0.4932,nonmatch,0.3822,0,0.3131,0.4488,43.82974734037859
58,1363,59,31,12,part_of_speech_classification,color_matching,matching,match_right,entführung,noun,negative,brown,✲✲✲glück✲✲✲✲,noun,positive,blue,0.4932,nonmatch,0.3628,0,0.313,0.4487,43.81423949267252
58,1364,60,31,12,part_of_speech_classification,color_matching,matching,match_right,ehrlich,adjective,positive,brown,✲✲✲gütig✲✲✲✲,adjective,positive,blue,0.4932,nonmatch,0.3894,0,0.3129,0.4486,43.80115182098766
58,1365,61,31,12,part_of_speech_classification,color_matching,matching,match_right,schlecht,adjective,negative,brown,✲✲ehrlich✲✲✲,adjective,positive,brown,0.4932,match,0.4756,0,0.3128,0.4485,43.78824094441192
58,1366,62,31,12,part_of_speech_classification,color_matching,matching,match_right,eitel,adjective,negative,blue,✲✲✲glück✲✲✲✲,noun,positive,brown,0.4932,nonmatch,0.3915,0,0.3127,0.4484,43.7754910521067
58,1367,63,31,12,part_of_speech_classification,color_matching,matching,match_right,glück,noun,positive,blue,✲✲✲leiche✲✲✲,noun,negative,blue,0.4932,match,0.3822,0,0.3126,0.4483,43.762886688950076
58,1368,64,31,12,part_of_speech_classification,color_matching,matching,match_right,einfall,noun,positive,brown,✲✲✲glück✲✲✲✲,noun,positive,brown,0.4932,match,0.4479,0,0.3125,0.4482,43.75041271947189
