sid,tid,tix,bid,bix,study_task,current_task,study_phase,key_assignment,prime_identity,prime_part_of_speech,prime_valence,prime_color,target_identity,target_part_of_speech,target_valence,target_color,target_onset,response,response_time,error,response_window_start,response_window_end,n_target
87,1,1,1,1,part_of_speech_classification,part_of_speech_classification,acquisition,adjective_left,XVVX,,,black,einfall,noun,positive,black,0.9015,noun,0.9602,0,0.41,0.54,41
87,2,2,1,1,part_of_speech_classification,part_of_speech_classification,acquisition,adjective_left,MQQM,,,black,gütig,adjective,positive,black,0.8937,adjective,0.663,0,0.41,0.54,41
87,3,3,1,1,part_of_speech_classification,part_of_speech_classification,acquisition,adjective_left,WJJW,,,black,launisch,adjective,negative,black,0.8804,adjective,0.6131,0,0.41,0.54,41
87,4,4,1,1,part_of_speech_classification,part_of_speech_classification,acquisition,adjective_left,ZYYZ,,,black,gift,noun,negative,black,0.8805,noun,0.6852,0,0.41,0.54,41
87,5,5,1,1,part_of_speech_classification,part_of_speech_classification,acquisition,adjective_left,ZYYZ,,,black,entführung,noun,negative,black,0.8804,noun,0.5467,0,0.41,0.54,41
87,6,6,1,1,part_of_speech_classification,part_of_speech_classification,acquisition,adjective_left,ZYYZ,,,black,entführung,noun,negative,black,0.8804,noun,0.4841,0,0.41,0.54,41
87,7,7,1,1,part_of_speech_classification,part_of_speech_classification,acquisition,adjective_left,MQQM,,,black,schön,adjective,positive,black,0.8804,adjective,0.5667,0,0.41,0.54,41
87,8,8,1,1,part_of_speech_classification,part_of_speech_classification,acquisition,adjective_left,XVVX,,,black,spaß,noun,positive,black,0.8804,noun,0.664,0,0.41,0.54,41
87,9,9,1,1,part_of_speech_classification,part_of_speech_classification,acquisition,adjective_left,XVVX,,,black,liebe,noun,positive,black,0.8804,noun,0.5318,0,0.41,0.54,41
87,10,10,1,1,part_of_speech_classification,part_of_speech_classification,acquisition,adjective_left,ZYYZ,,,black,schleim,noun,negative,black,0.8804,noun,0.5115,0,0.41,0.54,41
87,11,11,1,1,part_of_speech_classification,part_of_speech_classification,acquisition,adjective_left,MQQM,,,black,gütig,adjective,positive,black,0.8804,adjective,0.5783,0,0.41,0.54,41
87,12,12,1,1,part_of_speech_classification,part_of_speech_classification,acquisition,adjective_left,WJJW,,,black,schlecht,adjective,negative,black,0.8804,adjective,0.4944,0,0.41,0.54,41
87,13,13,1,1,part_of_speech_classification,part_of_speech_classification,acquisition,adjective_left,XVVX,,,black,glück,noun,positive,black,0.8804,noun,0.6679,0,0.41,0.54,41
87,14,14,1,1,part_of_speech_classification,part_of_speech_classification,acquisition,adjective_left,WJJW,,,black,gierig,adjective,negative,black,0.8804,adjective,0.5632,0,0.41,0.54,41
87,15,15,1,1,part_of_speech_classification,part_of_speech_classification,acquisition,adjective_left,ZYYZ,,,black,gift,noun,negative,black,0.8804,noun,0.5215,0,0.41,0.54,41
87,16,16,1,1,part_of_speech_classification,part_of_speech_classification,acquisition,adjective_left,XVVX,,,black,einfall,noun,positive,black,0.8804,noun,0.5308,0,0.41,0.54,41
87,17,17,1,1,part_of_speech_classification,part_of_speech_classification,acquisition,adjective_left,WJJW,,,black,eitel,adjective,negative,black,0.8805,adjective,0.6342,0,0.41,0.54,41
87,18,18,1,1,part_of_speech_classification,part_of_speech_classification,acquisition,adjective_left,MQQM,,,black,ehrlich,adjective,positive,black,0.8804,adjective,0.5917,0,0.41,0.54,41
87,19,19,1,1,part_of_speech_classification,part_of_speech_classification,acquisition,adjective_left,WJJW,,,black,eitel,adjective,negative,black,0.8805,adjective,0.6358,0,0.41,0.54,41
87,20,20,1,1,part_of_speech_classification,part_of_speech_classification,acquisition,adjective_left,XVVX,,,black,glück,noun,positive,black,0.8804,noun,0.4844,0,0.41,0.54,41
87,21,21,1,1,part_of_speech_classification,part_of_speech_classification,acquisition,adjective_left,ZYYZ,,,black,leiche,noun,negative,black,0.8804,noun,0.6028,0,0.41,0.54,41
87,22,22,1,1,part_of_speech_classification,part_of_speech_classification,acquisition,adjective_left,WJJW,,,black,gierig,adjective,negative,black,0.8806,adjective,0.4984,0,0.41,0.54,41
87,23,23,1,1,part_of_speech_classification,part_of_speech_classification,acquisition,adjective_left,MQQM,,,black,lustig,adjective,positive,black,0.8804,adjective,0.5201,0,0.41,0.54,41
87,24,24,1,1,part_of_speech_classification,part_of_speech_classification,acquisition,adjective_left,MQQM,,,black,ehrlich,adjective,positive,black,0.8804,adjective,0.5702,0,0.41,0.54,41
87,25,1,2,2,part_of_speech_classification,part_of_speech_classification,acquisition,adjective_left,XVVX,,,black,einfall,noun,positive,black,0.8836,noun,0.7126,0,0.41,0.54,41
87,26,2,2,2,part_of_speech_classification,part_of_speech_classification,acquisition,adjective_left,ZYYZ,,,black,schleim,noun,negative,black,0.8804,noun,0.443,0,0.41,0.54,41
87,27,3,2,2,part_of_speech_classification,part_of_speech_classification,acquisition,adjective_left,WJJW,,,black,gierig,adjective,negative,black,0.8805,adjective,0.5811,0,0.41,0.54,41
87,28,4,2,2,part_of_speech_classification,part_of_speech_classification,acquisition,adjective_left,MQQM,,,black,lustig,adjective,positive,black,0.8804,adjective,0.5895,0,0.41,0.54,41
87,29,5,2,2,part_of_speech_classification,part_of_speech_classification,acquisition,adjective_left,MQQM,,,black,ehrlich,adjective,positive,black,0.8804,adjective,0.49,0,0.41,0.54,41
87,30,6,2,2,part_of_speech_classification,part_of_speech_classification,acquisition,adjective_left,ZYYZ,,,black,entführung,noun,negative,black,0.8804,noun,0.443,0,0.41,0.54,41
87,31,7,2,2,part_of_speech_classification,part_of_speech_classification,acquisition,adjective_left,WJJW,,,black,schlecht,adjective,negative,black,0.8804,adjective,0.398,0,0.41,0.54,41
87,32,8,2,2,part_of_speech_classification,part_of_speech_classification,acquisition,adjective_left,MQQM,,,black,gütig,adjective,positive,black,0.8805,adjective,0.5577,0,0.41,0.54,41
87,33,9,2,2,part_of_speech_classification,part_of_speech_classification,acquisition,adjective_left,ZYYZ,,,black,leiche,noun,negative,black,0.8805,noun,0.5057,0,0.41,0.54,41
87,34,10,2,2,part_of_speech_classification,part_of_speech_classification,acquisition,adjective_left,MQQM,,,black,ehrlich,adjective,positive,black,0.8805,adjective,0.4475,0,0.41,0.54,41
87,35,11,2,2,part_of_speech_classification,part_of_speech_classification,acquisition,adjective_left,WJJW,,,black,eitel,adjective,negative,black,0.8804,adjective,0.5052,0,0.41,0.54,41
87,36,12,2,2,part_of_speech_classification,part_of_speech_classification,acquisition,adjective_left,XVVX,,,black,einfall,noun,positive,black,0.8804,noun,0.5448,0,0.41,0.54,41
87,37,13,2,2,part_of_speech_classification,part_of_speech_classification,acquisition,adjective_left,WJJW,,,black,launisch,adjective,negative,black,0.8805,adjective,0.2828,0,0.41,0.54,41
87,38,14,2,2,part_of_speech_classification,part_of_speech_classification,acquisition,adjective_left,WJJW,,,black,gierig,adjective,negative,black,0.8804,adjective,0.5052,0,0.41,0.54,41
87,39,15,2,2,part_of_speech_classification,part_of_speech_classification,acquisition,adjective_left,ZYYZ,,,black,gift,noun,negative,black,0.8804,adjective,0.3577,1,0.41,0.54,41
87,40,16,2,2,part_of_speech_classification,part_of_speech_classification,acquisition,adjective_left,XVVX,,,black,liebe,noun,positive,black,0.8804,noun,0.4092,0,0.41,0.54,41
87,41,17,2,2,part_of_speech_classification,part_of_speech_classification,acquisition,adjective_left,MQQM,,,black,gütig,adjective,positive,black,0.8804,adjective,0.5356,0,0.41,0.54,41
87,42,18,2,2,part_of_speech_classification,part_of_speech_classification,acquisition,adjective_left,XVVX,,,black,spaß,noun,positive,black,0.8804,noun,0.5352,0,0.41,0.54,41
87,43,19,2,2,part_of_speech_classification,part_of_speech_classification,acquisition,adjective_left,XVVX,,,black,glück,noun,positive,black,0.8804,noun,0.5749,0,0.41,0.54,41
87,44,20,2,2,part_of_speech_classification,part_of_speech_classification,acquisition,adjective_left,ZYYZ,,,black,entführung,noun,negative,black,0.8804,noun,0.4752,0,0.41,0.54,41
87,45,21,2,2,part_of_speech_classification,part_of_speech_classification,acquisition,adjective_left,MQQM,,,black,schön,adjective,positive,black,0.8805,adjective,0.5426,0,0.41,0.54,41
87,46,22,2,2,part_of_speech_classification,part_of_speech_classification,acquisition,adjective_left,ZYYZ,,,black,gift,noun,negative,black,0.8804,noun,0.5426,0,0.41,0.54,41
87,47,23,2,2,part_of_speech_classification,part_of_speech_classification,acquisition,adjective_left,XVVX,,,black,glück,noun,positive,black,0.8804,adjective,0.2391,1,0.41,0.54,41
87,48,24,2,2,part_of_speech_classification,part_of_speech_classification,acquisition,adjective_left,WJJW,,,black,eitel,adjective,negative,black,0.8804,adjective,0.5186,0,0.41,0.54,41
87,49,1,3,3,part_of_speech_classification,part_of_speech_classification,acquisition,adjective_left,MQQM,,,black,lustig,adjective,positive,black,0.8846,adjective,0.3785,0,0.39,0.52,39
87,50,2,3,3,part_of_speech_classification,part_of_speech_classification,acquisition,adjective_left,ZYYZ,,,black,leiche,noun,negative,black,0.8804,noun,0.4251,0,0.39,0.52,39
87,51,3,3,3,part_of_speech_classification,part_of_speech_classification,acquisition,adjective_left,MQQM,,,black,ehrlich,adjective,positive,black,0.8804,adjective,0.4069,0,0.39,0.52,39
87,52,4,3,3,part_of_speech_classification,part_of_speech_classification,acquisition,adjective_left,XVVX,,,black,glück,noun,positive,black,0.8805,noun,0.4139,0,0.39,0.52,39
87,53,5,3,3,part_of_speech_classification,part_of_speech_classification,acquisition,adjective_left,XVVX,,,black,einfall,noun,positive,black,0.8804,noun,0.3457,0,0.39,0.52,39
87,54,6,3,3,part_of_speech_classification,part_of_speech_classification,acquisition,adjective_left,WJJW,,,black,gierig,adjective,negative,black,0.8804,adjective,0.519,0,0.39,0.52,39
87,55,7,3,3,part_of_speech_classification,part_of_speech_classification,acquisition,adjective_left,ZYYZ,,,black,gift,noun,negative,black,0.8805,noun,0.4644,0,0.39,0.52,39
87,56,8,3,3,part_of_speech_classification,part_of_speech_classification,acquisition,adjective_left,XVVX,,,black,spaß,noun,positive,black,0.8805,noun,0.4687,0,0.39,0.52,39
87,57,9,3,3,part_of_speech_classification,part_of_speech_classification,acquisition,adjective_left,ZYYZ,,,black,gift,noun,negative,black,0.8804,noun,0.5226,0,0.39,0.52,39
87,58,10,3,3,part_of_speech_classification,part_of_speech_classification,acquisition,adjective_left,MQQM,,,black,ehrlich,adjective,positive,black,0.8804,adjective,0.4237,0,0.39,0.52,39
87,59,11,3,3,part_of_speech_classification,part_of_speech_classification,acquisition,adjective_left,WJJW,,,black,schlecht,adjective,negative,black,0.8804,adjective,0.4455,0,0.39,0.52,39
87,60,12,3,3,part_of_speech_classification,part_of_speech_classification,acquisition,adjective_left,MQQM,,,black,ehrlich,adjective,positive,black,0.8804,noun,0.4163,1,0.39,0.52,39
87,61,13,3,3,part_of_speech_classification,part_of_speech_classification,acquisition,adjective_left,MQQM,,,black,gütig,adjective,positive,black,0.8804,adjective,0.3492,0,0.39,0.52,39
87,62,14,3,3,part_of_speech_classification,part_of_speech_classification,acquisition,adjective_left,XVVX,,,black,spaß,noun,positive,black,0.8804,noun,0.5161,0,0.39,0.52,39
87,63,15,3,3,part_of_speech_classification,part_of_speech_classification,acquisition,adjective_left,WJJW,,,black,launisch,adjective,negative,black,0.8804,adjective,0.3551,0,0.39,0.52,39
87,64,16,3,3,part_of_speech_classification,part_of_speech_classification,acquisition,adjective_left,XVVX,,,black,glück,noun,positive,black,0.8804,noun,0.4863,0,0.39,0.52,39
87,65,17,3,3,part_of_speech_classification,part_of_speech_classification,acquisition,adjective_left,ZYYZ,,,black,schleim,noun,negative,black,0.8804,noun,0.443,0,0.39,0.52,39
87,66,18,3,3,part_of_speech_classification,part_of_speech_classification,acquisition,adjective_left,WJJW,,,black,gierig,adjective,negative,black,0.8805,adjective,0.4669,0,0.39,0.52,39
87,67,19,3,3,part_of_speech_classification,part_of_speech_classification,acquisition,adjective_left,ZYYZ,,,black,entführung,noun,negative,black,0.8804,noun,0.4129,0,0.39,0.52,39
87,68,20,3,3,part_of_speech_classification,part_of_speech_classification,acquisition,adjective_left,MQQM,,,black,schön,adjective,positive,black,0.8804,adjective,0.5465,0,0.39,0.52,39
87,69,21,3,3,part_of_speech_classification,part_of_speech_classification,acquisition,adjective_left,XVVX,,,black,liebe,noun,positive,black,0.8804,noun,0.4968,0,0.39,0.52,39
87,70,22,3,3,part_of_speech_classification,part_of_speech_classification,acquisition,adjective_left,MQQM,,,black,gütig,adjective,positive,black,0.8804,adjective,0.4954,0,0.39,0.52,39
87,71,23,3,3,part_of_speech_classification,part_of_speech_classification,acquisition,adjective_left,XVVX,,,black,spaß,noun,positive,black,0.8804,noun,0.3129,0,0.39,0.52,39
87,72,24,3,3,part_of_speech_classification,part_of_speech_classification,acquisition,adjective_left,ZYYZ,,,black,leiche,noun,negative,black,0.8804,noun,0.5031,0,0.39,0.52,39
87,73,25,3,3,part_of_speech_classification,part_of_speech_classification,acquisition,adjective_left,MQQM,,,black,schön,adjective,positive,black,0.8804,adjective,0.4655,0,0.39,0.52,39
87,74,26,3,3,part_of_speech_classification,part_of_speech_classification,acquisition,adjective_left,WJJW,,,black,launisch,adjective,negative,black,0.8804,adjective,0.39,0,0.39,0.52,39
87,75,27,3,3,part_of_speech_classification,part_of_speech_classification,acquisition,adjective_left,WJJW,,,black,gierig,adjective,negative,black,0.8804,adjective,0.4882,0,0.39,0.52,39
87,76,28,3,3,part_of_speech_classification,part_of_speech_classification,acquisition,adjective_left,ZYYZ,,,black,entführung,noun,negative,black,0.8804,noun,0.4455,0,0.39,0.52,39
87,77,29,3,3,part_of_speech_classification,part_of_speech_classification,acquisition,adjective_left,MQQM,,,black,schön,adjective,positive,black,0.8805,adjective,0.4677,0,0.39,0.52,39
87,78,30,3,3,part_of_speech_classification,part_of_speech_classification,acquisition,adjective_left,WJJW,,,black,eitel,adjective,negative,black,0.8804,adjective,0.4229,0,0.39,0.52,39
87,79,31,3,3,part_of_speech_classification,part_of_speech_classification,acquisition,adjective_left,ZYYZ,,,black,gift,noun,negative,black,0.8804,noun,0.3851,0,0.39,0.52,39
87,80,32,3,3,part_of_speech_classification,part_of_speech_classification,acquisition,adjective_left,WJJW,,,black,eitel,adjective,negative,black,0.8804,adjective,0.4963,0,0.39,0.52,39
87,81,33,3,3,part_of_speech_classification,part_of_speech_classification,acquisition,adjective_left,ZYYZ,,,black,leiche,noun,negative,black,0.8804,noun,0.4484,0,0.39,0.52,39
87,82,34,3,3,part_of_speech_classification,part_of_speech_classification,acquisition,adjective_left,WJJW,,,black,schlecht,adjective,negative,black,0.8804,adjective,0.5152,0,0.39,0.52,39
87,83,35,3,3,part_of_speech_classification,part_of_speech_classification,acquisition,adjective_left,WJJW,,,black,eitel,adjective,negative,black,0.8804,adjective,0.4467,0,0.39,0.52,39
87,84,36,3,3,part_of_speech_classification,part_of_speech_classification,acquisition,adjective_left,XVVX,,,black,einfall,noun,positive,black,0.8804,noun,0.3929,0,0.39,0.52,39
87,85,37,3,3,part_of_speech_classification,part_of_speech_classification,acquisition,adjective_left,ZYYZ,,,black,schleim,noun,negative,black,0.8804,noun,0.5757,0,0.39,0.52,39
87,86,38,3,3,part_of_speech_classification,part_of_speech_classification,acquisition,adjective_left,WJJW,,,black,schlecht,adjective,negative,black,0.8804,adjective,0.5168,0,0.39,0.52,39
87,87,39,3,3,part_of_speech_classification,part_of_speech_classification,acquisition,adjective_left,MQQM,,,black,gütig,adjective,positive,black,0.8804,adjective,0.5562,0,0.39,0.52,39
87,88,40,3,3,part_of_speech_classification,part_of_speech_classification,acquisition,adjective_left,ZYYZ,,,black,entführung,noun,negative,black,0.8804,noun,0.4055,0,0.39,0.52,39
87,89,41,3,3,part_of_speech_classification,part_of_speech_classification,acquisition,adjective_left,WJJW,,,black,launisch,adjective,negative,black,0.8804,adjective,0.5424,0,0.39,0.52,39
87,90,42,3,3,part_of_speech_classification,part_of_speech_classification,acquisition,adjective_left,ZYYZ,,,black,schleim,noun,negative,black,0.8804,noun,0.5053,0,0.39,0.52,39
87,91,43,3,3,part_of_speech_classification,part_of_speech_classification,acquisition,adjective_left,XVVX,,,black,einfall,noun,positive,black,0.8804,adjective,0.4353,1,0.39,0.52,39
87,92,44,3,3,part_of_speech_classification,part_of_speech_classification,acquisition,adjective_left,MQQM,,,black,lustig,adjective,positive,black,0.8804,adjective,0.4351,0,0.39,0.52,39
87,93,45,3,3,part_of_speech_classification,part_of_speech_classification,acquisition,adjective_left,XVVX,,,black,liebe,noun,positive,black,0.8804,noun,0.4666,0,0.39,0.52,39
87,94,46,3,3,part_of_speech_classification,part_of_speech_classification,acquisition,adjective_left,XVVX,,,black,glück,noun,positive,black,0.8804,noun,0.4803,0,0.39,0.52,39
87,95,47,3,3,part_of_speech_classification,part_of_speech_classification,acquisition,adjective_left,MQQM,,,black,lustig,adjective,positive,black,0.8804,adjective,0.5031,0,0.39,0.52,39
87,96,48,3,3,part_of_speech_classification,part_of_speech_classification,acquisition,adjective_left,XVVX,,,black,liebe,noun,positive,black,0.8804,noun,0.4953,0,0.39,0.52,39
87,97,1,4,4,part_of_speech_classification,part_of_speech_classification,acquisition,adjective_left,XVVX,,,black,glück,noun,positive,black,0.8832,adjective,0.3998,1,0.34,0.47,34
87,98,2,4,4,part_of_speech_classification,part_of_speech_classification,acquisition,adjective_left,XVVX,,,black,liebe,noun,positive,black,0.8804,noun,0.1727,0,0.34,0.47,34
87,99,3,4,4,part_of_speech_classification,part_of_speech_classification,acquisition,adjective_left,MQQM,,,black,ehrlich,adjective,positive,black,0.8804,noun,0.3429,1,0.34,0.47,34
87,100,4,4,4,part_of_speech_classification,part_of_speech_classification,acquisition,adjective_left,MQQM,,,black,gütig,adjective,positive,black,0.8804,adjective,0.408,0,0.34,0.47,34
87,101,5,4,4,part_of_speech_classification,part_of_speech_classification,acquisition,adjective_left,MQQM,,,black,lustig,adjective,positive,black,0.8804,adjective,0.4579,0,0.34,0.47,34
87,102,6,4,4,part_of_speech_classification,part_of_speech_classification,acquisition,adjective_left,ZYYZ,,,black,gift,noun,negative,black,0.8804,noun,0.3829,0,0.34,0.47,34
87,103,7,4,4,part_of_speech_classification,part_of_speech_classification,acquisition,adjective_left,XVVX,,,black,einfall,noun,positive,black,0.8804,noun,0.4548,0,0.34,0.47,34
87,104,8,4,4,part_of_speech_classification,part_of_speech_classification,acquisition,adjective_left,MQQM,,,black,schön,adjective,positive,black,0.8805,adjective,0.4397,0,0.34,0.47,34
87,105,9,4,4,part_of_speech_classification,part_of_speech_classification,acquisition,adjective_left,MQQM,,,black,schön,adjective,positive,black,0.8805,adjective,0.3956,0,0.34,0.47,34
87,106,10,4,4,part_of_speech_classification,part_of_speech_classification,acquisition,adjective_left,XVVX,,,black,einfall,noun,positive,black,0.8804,noun,0.4477,0,0.34,0.47,34
87,107,11,4,4,part_of_speech_classification,part_of_speech_classification,acquisition,adjective_left,WJJW,,,black,launisch,adjective,negative,black,0.8805,noun,0.433,1,0.34,0.47,34
87,108,12,4,4,part_of_speech_classification,part_of_speech_classification,acquisition,adjective_left,ZYYZ,,,black,gift,noun,negative,black,0.8804,noun,0.4129,0,0.34,0.47,34
87,109,13,4,4,part_of_speech_classification,part_of_speech_classification,acquisition,adjective_left,WJJW,,,black,gierig,adjective,negative,black,0.8804,adjective,0.3659,0,0.34,0.47,34
87,110,14,4,4,part_of_speech_classification,part_of_speech_classification,acquisition,adjective_left,WJJW,,,black,launisch,adjective,negative,black,0.8804,noun,0.3028,1,0.34,0.47,34
87,111,15,4,4,part_of_speech_classification,part_of_speech_classification,acquisition,adjective_left,WJJW,,,black,schlecht,adjective,negative,black,0.8804,adjective,0.5179,0,0.34,0.47,34
87,112,16,4,4,part_of_speech_classification,part_of_speech_classification,acquisition,adjective_left,XVVX,,,black,liebe,noun,positive,black,0.8804,adjective,0.4685,1,0.34,0.47,34
87,113,17,4,4,part_of_speech_classification,part_of_speech_classification,acquisition,adjective_left,ZYYZ,,,black,leiche,noun,negative,black,0.8804,noun,0.4605,0,0.34,0.47,34
87,114,18,4,4,part_of_speech_classification,part_of_speech_classification,acquisition,adjective_left,MQQM,,,black,ehrlich,adjective,positive,black,0.8804,adjective,0.453,0,0.34,0.47,34
87,115,19,4,4,part_of_speech_classification,part_of_speech_classification,acquisition,adjective_left,MQQM,,,black,gütig,adjective,positive,black,0.8805,noun,0.3629,1,0.34,0.47,34
87,116,20,4,4,part_of_speech_classification,part_of_speech_classification,acquisition,adjective_left,XVVX,,,black,liebe,noun,positive,black,0.8804,noun,0.4197,0,0.34,0.47,34
87,117,21,4,4,part_of_speech_classification,part_of_speech_classification,acquisition,adjective_left,ZYYZ,,,black,schleim,noun,negative,black,0.8804,noun,0.4751,0,0.34,0.47,34
87,118,22,4,4,part_of_speech_classification,part_of_speech_classification,acquisition,adjective_left,ZYYZ,,,black,gift,noun,negative,black,0.8804,noun,0.3793,0,0.34,0.47,34
87,119,23,4,4,part_of_speech_classification,part_of_speech_classification,acquisition,adjective_left,WJJW,,,black,eitel,adjective,negative,black,0.8804,adjective,0.419,0,0.34,0.47,34
87,120,24,4,4,part_of_speech_classification,part_of_speech_classification,acquisition,adjective_left,XVVX,,,black,spaß,noun,positive,black,0.8804,noun,0.4054,0,0.34,0.47,34
87,121,25,4,4,part_of_speech_classification,part_of_speech_classification,acquisition,adjective_left,MQQM,,,black,lustig,adjective,positive,black,0.8804,adjective,0.4231,0,0.34,0.47,34
87,122,26,4,4,part_of_speech_classification,part_of_speech_classification,acquisition,adjective_left,WJJW,,,black,eitel,adjective,negative,black,0.8804,adjective,0.5167,0,0.34,0.47,34
87,123,27,4,4,part_of_speech_classification,part_of_speech_classification,acquisition,adjective_left,ZYYZ,,,black,schleim,noun,negative,black,0.8804,noun,0.3829,0,0.34,0.47,34
87,124,28,4,4,part_of_speech_classification,part_of_speech_classification,acquisition,adjective_left,WJJW,,,black,schlecht,adjective,negative,black,0.8804,noun,0.4282,1,0.34,0.47,34
87,125,29,4,4,part_of_speech_classification,part_of_speech_classification,acquisition,adjective_left,WJJW,,,black,gierig,adjective,negative,black,0.8804,adjective,0.4693,0,0.34,0.47,34
87,126,30,4,4,part_of_speech_classification,part_of_speech_classification,acquisition,adjective_left,WJJW,,,black,launisch,adjective,negative,black,0.8804,adjective,0.4552,0,0.34,0.47,34
87,127,31,4,4,part_of_speech_classification,part_of_speech_classification,acquisition,adjective_left,MQQM,,,black,ehrlich,adjective,positive,black,0.8804,adjective,0.4067,0,0.34,0.47,34
87,128,32,4,4,part_of_speech_classification,part_of_speech_classification,acquisition,adjective_left,XVVX,,,black,glück,noun,positive,black,0.8805,noun,0.4864,0,0.34,0.47,34
87,129,33,4,4,part_of_speech_classification,part_of_speech_classification,acquisition,adjective_left,ZYYZ,,,black,leiche,noun,negative,black,0.8804,noun,0.413,0,0.34,0.47,34
87,130,34,4,4,part_of_speech_classification,part_of_speech_classification,acquisition,adjective_left,ZYYZ,,,black,entführung,noun,negative,black,0.8804,noun,0.4959,0,0.34,0.47,34
87,131,35,4,4,part_of_speech_classification,part_of_speech_classification,acquisition,adjective_left,XVVX,,,black,spaß,noun,positive,black,0.8804,noun,0.3465,0,0.34,0.47,34
87,132,36,4,4,part_of_speech_classification,part_of_speech_classification,acquisition,adjective_left,WJJW,,,black,schlecht,adjective,negative,black,0.8805,adjective,0.3992,0,0.34,0.47,34
87,133,37,4,4,part_of_speech_classification,part_of_speech_classification,acquisition,adjective_left,XVVX,,,black,spaß,noun,positive,black,0.8804,noun,0.4458,0,0.34,0.47,34
87,134,38,4,4,part_of_speech_classification,part_of_speech_classification,acquisition,adjective_left,ZYYZ,,,black,schleim,noun,negative,black,0.8804,noun,0.3855,0,0.34,0.47,34
87,135,39,4,4,part_of_speech_classification,part_of_speech_classification,acquisition,adjective_left,WJJW,,,black,gierig,adjective,negative,black,0.8804,adjective,0.4278,0,0.34,0.47,34
87,136,40,4,4,part_of_speech_classification,part_of_speech_classification,acquisition,adjective_left,XVVX,,,black,glück,noun,positive,black,0.8804,noun,0.4656,0,0.34,0.47,34
87,137,41,4,4,part_of_speech_classification,part_of_speech_classification,acquisition,adjective_left,MQQM,,,black,lustig,adjective,positive,black,0.8804,adjective,0.3884,0,0.34,0.47,34
87,138,42,4,4,part_of_speech_classification,part_of_speech_classification,acquisition,adjective_left,ZYYZ,,,black,leiche,noun,negative,black,0.8804,noun,0.3886,0,0.34,0.47,34
87,139,43,4,4,part_of_speech_classification,part_of_speech_classification,acquisition,adjective_left,WJJW,,,black,eitel,adjective,negative,black,0.8804,adjective,0.3882,0,0.34,0.47,34
87,140,44,4,4,part_of_speech_classification,part_of_speech_classification,acquisition,adjective_left,XVVX,,,black,einfall,noun,positive,black,0.8804,adjective,0.3264,1,0.34,0.47,34
87,141,45,4,4,part_of_speech_classification,part_of_speech_classification,acquisition,adjective_left,ZYYZ,,,black,entführung,noun,negative,black,0.8804,noun,0.4058,0,0.34,0.47,34
87,142,46,4,4,part_of_speech_classification,part_of_speech_classification,acquisition,adjective_left,ZYYZ,,,black,entführung,noun,negative,black,0.8804,noun,0.4725,0,0.34,0.47,34
87,143,47,4,4,part_of_speech_classification,part_of_speech_classification,acquisition,adjective_left,MQQM,,,black,gütig,adjective,positive,black,0.8804,adjective,0.433,0,0.34,0.47,34
87,144,48,4,4,part_of_speech_classification,part_of_speech_classification,acquisition,adjective_left,MQQM,,,black,schön,adjective,positive,black,0.8804,adjective,0.5218,0,0.34,0.47,34
87,145,1,5,5,part_of_speech_classification,part_of_speech_classification,acquisition,adjective_left,WJJW,,,black,eitel,adjective,negative,black,0.8841,adjective,0.3929,0,0.34,0.47,34
87,146,2,5,5,part_of_speech_classification,part_of_speech_classification,acquisition,adjective_left,ZYYZ,,,black,schleim,noun,negative,black,0.8804,noun,0.3135,0,0.34,0.47,34
87,147,3,5,5,part_of_speech_classification,part_of_speech_classification,acquisition,adjective_left,MQQM,,,black,ehrlich,adjective,positive,black,0.8804,adjective,0.4175,0,0.34,0.47,34
87,148,4,5,5,part_of_speech_classification,part_of_speech_classification,acquisition,adjective_left,XVVX,,,black,glück,noun,positive,black,0.8804,noun,0.4568,0,0.34,0.47,34
87,149,5,5,5,part_of_speech_classification,part_of_speech_classification,acquisition,adjective_left,MQQM,,,black,schön,adjective,positive,black,0.8804,adjective,0.4081,0,0.34,0.47,34
87,150,6,5,5,part_of_speech_classification,part_of_speech_classification,acquisition,adjective_left,WJJW,,,black,launisch,adjective,negative,black,0.8804,adjective,0.4389,0,0.34,0.47,34
87,151,7,5,5,part_of_speech_classification,part_of_speech_classification,acquisition,adjective_left,ZYYZ,,,black,gift,noun,negative,black,0.8804,noun,0.4091,0,0.34,0.47,34
87,152,8,5,5,part_of_speech_classification,part_of_speech_classification,acquisition,adjective_left,XVVX,,,black,glück,noun,positive,black,0.8804,noun,0.433,0,0.34,0.47,34
87,153,9,5,5,part_of_speech_classification,part_of_speech_classification,acquisition,adjective_left,MQQM,,,black,gütig,adjective,positive,black,0.8805,adjective,0.3929,0,0.34,0.47,34
87,154,10,5,5,part_of_speech_classification,part_of_speech_classification,acquisition,adjective_left,MQQM,,,black,gütig,adjective,positive,black,0.8805,adjective,0.4198,0,0.34,0.47,34
87,155,11,5,5,part_of_speech_classification,part_of_speech_classification,acquisition,adjective_left,WJJW,,,black,gierig,adjective,negative,black,0.8804,adjective,0.393,0,0.34,0.47,34
87,156,12,5,5,part_of_speech_classification,part_of_speech_classification,acquisition,adjective_left,XVVX,,,black,einfall,noun,positive,black,0.8804,noun,0.3776,0,0.34,0.47,34
87,157,13,5,5,part_of_speech_classification,part_of_speech_classification,acquisition,adjective_left,ZYYZ,,,black,leiche,noun,negative,black,0.8804,noun,0.4455,0,0.34,0.47,34
87,158,14,5,5,part_of_speech_classification,part_of_speech_classification,acquisition,adjective_left,XVVX,,,black,spaß,noun,positive,black,0.8804,adjective,0.3729,1,0.34,0.47,34
87,159,15,5,5,part_of_speech_classification,part_of_speech_classification,acquisition,adjective_left,WJJW,,,black,eitel,adjective,negative,black,0.8804,adjective,0.4204,0,0.34,0.47,34
87,160,16,5,5,part_of_speech_classification,part_of_speech_classification,acquisition,adjective_left,XVVX,,,black,glück,noun,positive,black,0.8804,noun,0.4081,0,0.34,0.47,34
87,161,17,5,5,part_of_speech_classification,part_of_speech_classification,acquisition,adjective_left,XVVX,,,black,spaß,noun,positive,black,0.8804,noun,0.355,0,0.34,0.47,34
87,162,18,5,5,part_of_speech_classification,part_of_speech_classification,acquisition,adjective_left,MQQM,,,black,lustig,adjective,positive,black,0.881,adjective,0.4505,0,0.34,0.47,34
87,163,19,5,5,part_of_speech_classification,part_of_speech_classification,acquisition,adjective_left,ZYYZ,,,black,gift,noun,negative,black,0.8804,adjective,0.3101,1,0.34,0.47,34
87,164,20,5,5,part_of_speech_classification,part_of_speech_classification,acquisition,adjective_left,WJJW,,,black,gierig,adjective,negative,black,0.8805,adjective,0.4262,0,0.34,0.47,34
87,165,21,5,5,part_of_speech_classification,part_of_speech_classification,acquisition,adjective_left,WJJW,,,black,launisch,adjective,negative,black,0.8804,adjective,0.5051,0,0.34,0.47,34
87,166,22,5,5,part_of_speech_classification,part_of_speech_classification,acquisition,adjective_left,WJJW,,,black,launisch,adjective,negative,black,0.8804,adjective,0.4198,0,0.34,0.47,34
87,167,23,5,5,part_of_speech_classification,part_of_speech_classification,acquisition,adjective_left,ZYYZ,,,black,leiche,noun,negative,black,0.8804,noun,0.4552,0,0.34,0.47,34
87,168,24,5,5,part_of_speech_classification,part_of_speech_classification,acquisition,adjective_left,ZYYZ,,,black,entführung,noun,negative,black,0.8804,noun,0.388,0,0.34,0.47,34
87,169,25,5,5,part_of_speech_classification,part_of_speech_classification,acquisition,adjective_left,WJJW,,,black,eitel,adjective,negative,black,0.8804,adjective,0.4262,0,0.34,0.47,34
87,170,26,5,5,part_of_speech_classification,part_of_speech_classification,acquisition,adjective_left,ZYYZ,,,black,schleim,noun,negative,black,0.8804,noun,0.3689,0,0.34,0.47,34
87,171,27,5,5,part_of_speech_classification,part_of_speech_classification,acquisition,adjective_left,XVVX,,,black,spaß,noun,positive,black,0.8804,noun,0.3675,0,0.34,0.47,34
87,172,28,5,5,part_of_speech_classification,part_of_speech_classification,acquisition,adjective_left,MQQM,,,black,ehrlich,adjective,positive,black,0.8804,adjective,0.387,0,0.34,0.47,34
87,173,29,5,5,part_of_speech_classification,part_of_speech_classification,acquisition,adjective_left,XVVX,,,black,einfall,noun,positive,black,0.8804,noun,0.3978,0,0.34,0.47,34
87,174,30,5,5,part_of_speech_classification,part_of_speech_classification,acquisition,adjective_left,ZYYZ,,,black,schleim,noun,negative,black,0.8805,noun,0.4269,0,0.34,0.47,34
87,175,31,5,5,part_of_speech_classification,part_of_speech_classification,acquisition,adjective_left,MQQM,,,black,schön,adjective,positive,black,0.8804,adjective,0.4054,0,0.34,0.47,34
87,176,32,5,5,part_of_speech_classification,part_of_speech_classification,acquisition,adjective_left,WJJW,,,black,schlecht,adjective,negative,black,0.8804,adjective,0.4331,0,0.34,0.47,34
87,177,33,5,5,part_of_speech_classification,part_of_speech_classification,acquisition,adjective_left,MQQM,,,black,ehrlich,adjective,positive,black,0.8804,adjective,0.4391,0,0.34,0.47,34
87,178,34,5,5,part_of_speech_classification,part_of_speech_classification,acquisition,adjective_left,XVVX,,,black,liebe,noun,positive,black,0.8804,noun,0.3793,0,0.34,0.47,34
87,179,35,5,5,part_of_speech_classification,part_of_speech_classification,acquisition,adjective_left,MQQM,,,black,lustig,adjective,positive,black,0.8804,adjective,0.4153,0,0.34,0.47,34
87,180,36,5,5,part_of_speech_classification,part_of_speech_classification,acquisition,adjective_left,XVVX,,,black,liebe,noun,positive,black,0.8804,adjective,0.3951,1,0.34,0.47,34
87,181,37,5,5,part_of_speech_classification,part_of_speech_classification,acquisition,adjective_left,WJJW,,,black,schlecht,adjective,negative,black,0.8804,adjective,0.4229,0,0.34,0.47,34
87,182,38,5,5,part_of_speech_classification,part_of_speech_classification,acquisition,adjective_left,ZYYZ,,,black,leiche,noun,negative,black,0.8805,noun,0.4579,0,0.34,0.47,34
87,183,39,5,5,part_of_speech_classification,part_of_speech_classification,acquisition,adjective_left,ZYYZ,,,black,gift,noun,negative,black,0.8804,noun,0.3829,0,0.34,0.47,34
87,184,40,5,5,part_of_speech_classification,part_of_speech_classification,acquisition,adjective_left,XVVX,,,black,liebe,noun,positive,black,0.8804,noun,0.3853,0,0.34,0.47,34
87,185,41,5,5,part_of_speech_classification,part_of_speech_classification,acquisition,adjective_left,XVVX,,,black,einfall,noun,positive,black,0.8804,noun,0.2659,0,0.34,0.47,34
87,186,42,5,5,part_of_speech_classification,part_of_speech_classification,acquisition,adjective_left,MQQM,,,black,schön,adjective,positive,black,0.8804,adjective,0.433,0,0.34,0.47,34
87,187,43,5,5,part_of_speech_classification,part_of_speech_classification,acquisition,adjective_left,ZYYZ,,,black,entführung,noun,negative,black,0.8804,noun,0.3779,0,0.34,0.47,34
87,188,44,5,5,part_of_speech_classification,part_of_speech_classification,acquisition,adjective_left,WJJW,,,black,gierig,adjective,negative,black,0.8804,adjective,0.433,0,0.34,0.47,34
87,189,45,5,5,part_of_speech_classification,part_of_speech_classification,acquisition,adjective_left,MQQM,,,black,lustig,adjective,positive,black,0.8804,adjective,0.3455,0,0.34,0.47,34
87,190,46,5,5,part_of_speech_classification,part_of_speech_classification,acquisition,adjective_left,ZYYZ,,,black,entführung,noun,negative,black,0.8804,noun,0.3199,0,0.34,0.47,34
87,191,47,5,5,part_of_speech_classification,part_of_speech_classification,acquisition,adjective_left,WJJW,,,black,schlecht,adjective,negative,black,0.8805,adjective,0.3853,0,0.34,0.47,34
87,192,48,5,5,part_of_speech_classification,part_of_speech_classification,acquisition,adjective_left,MQQM,,,black,gütig,adjective,positive,black,0.8804,adjective,0.3965,0,0.34,0.47,34
87,193,1,6,1,part_of_speech_classification,valence_classification,classification_1,positive_left,XVVX,,,black,entführung,noun,negative,black,0.8804,negative,0.9119,0,0.34,0.47,34
87,194,2,6,1,part_of_speech_classification,valence_classification,classification_1,positive_left,WJJW,,,black,gierig,adjective,negative,black,0.8804,negative,0.6036,0,0.34,0.47,34
87,195,3,6,1,part_of_speech_classification,valence_classification,classification_1,positive_left,XVVX,,,black,leiche,noun,negative,black,0.8804,negative,0.489,0,0.34,0.47,34
87,196,4,6,1,part_of_speech_classification,valence_classification,classification_1,positive_left,ZYYZ,,,black,glück,noun,positive,black,0.8805,positive,0.6117,0,0.34,0.47,34
87,197,5,6,1,part_of_speech_classification,valence_classification,classification_1,positive_left,WJJW,,,black,schlecht,adjective,negative,black,0.8804,negative,0.4529,0,0.34,0.47,34
87,198,6,6,1,part_of_speech_classification,valence_classification,classification_1,positive_left,ZYYZ,,,black,entführung,noun,negative,black,0.8805,negative,0.4964,0,0.34,0.47,34
87,199,7,6,1,part_of_speech_classification,valence_classification,classification_1,positive_left,WJJW,,,black,schön,adjective,positive,black,0.8805,positive,0.45,0,0.34,0.47,34
87,200,8,6,1,part_of_speech_classification,valence_classification,classification_1,positive_left,ZYYZ,,,black,gift,noun,negative,black,0.8805,negative,0.5025,0,0.34,0.47,34
87,201,9,6,1,part_of_speech_classification,valence_classification,classification_1,positive_left,MQQM,,,black,ehrlich,adjective,positive,black,0.8804,positive,0.584,0,0.34,0.47,34
87,202,10,6,1,part_of_speech_classification,valence_classification,classification_1,positive_left,MQQM,,,black,eitel,adjective,negative,black,0.8804,negative,0.5925,0,0.34,0.47,34
87,203,11,6,1,part_of_speech_classification,valence_classification,classification_1,positive_left,MQQM,,,black,gütig,adjective,positive,black,0.8804,positive,0.5019,0,0.34,0.47,34
87,204,12,6,1,part_of_speech_classification,valence_classification,classification_1,positive_left,WJJW,,,black,gütig,adjective,positive,black,0.8804,positive,0.5742,0,0.34,0.47,34
87,205,13,6,1,part_of_speech_classification,valence_classification,classification_1,positive_left,MQQM,,,black,gierig,adjective,negative,black,0.8804,negative,0.5372,0,0.34,0.47,34
87,206,14,6,1,part_of_speech_classification,valence_classification,classification_1,positive_left,ZYYZ,,,black,glück,noun,positive,black,0.8804,positive,1.0679,0,0.34,0.47,34
87,207,15,6,1,part_of_speech_classification,valence_classification,classification_1,positive_left,MQQM,,,black,lustig,adjective,positive,black,0.8804,positive,0.57,0,0.34,0.47,34
87,208,16,6,1,part_of_speech_classification,valence_classification,classification_1,positive_left,XVVX,,,black,liebe,noun,positive,black,0.8804,positive,0.4724,0,0.34,0.47,34
87,209,17,6,1,part_of_speech_classification,valence_classification,classification_1,positive_left,WJJW,,,black,ehrlich,adjective,positive,black,0.8804,positive,0.6059,0,0.34,0.47,34
87,210,18,6,1,part_of_speech_classification,valence_classification,classification_1,positive_left,ZYYZ,,,black,gift,noun,negative,black,0.8804,negative,0.8042,0,0.34,0.47,34
87,211,19,6,1,part_of_speech_classification,valence_classification,classification_1,positive_left,XVVX,,,black,spaß,noun,positive,black,0.8804,positive,0.6522,0,0.34,0.47,34
87,212,20,6,1,part_of_speech_classification,valence_classification,classification_1,positive_left,MQQM,,,black,launisch,adjective,negative,black,0.8804,negative,1.1542,0,0.34,0.47,34
87,213,21,6,1,part_of_speech_classification,valence_classification,classification_1,positive_left,XVVX,,,black,einfall,noun,positive,black,0.8804,positive,1.3699,0,0.34,0.47,34
87,214,22,6,1,part_of_speech_classification,valence_classification,classification_1,positive_left,WJJW,,,black,eitel,adjective,negative,black,0.8804,negative,1.14,0,0.34,0.47,34
87,215,23,6,1,part_of_speech_classification,valence_classification,classification_1,positive_left,XVVX,,,black,schleim,noun,negative,black,0.8804,negative,0.6455,0,0.34,0.47,34
87,216,24,6,1,part_of_speech_classification,valence_classification,classification_1,positive_left,ZYYZ,,,black,einfall,noun,positive,black,0.8804,positive,0.653,0,0.34,0.47,34
87,217,1,7,2,part_of_speech_classification,valence_classification,classification_1,positive_left,XVVX,,,black,leiche,noun,negative,black,0.8813,negative,0.6253,0,0.34,0.47,34
87,218,2,7,2,part_of_speech_classification,valence_classification,classification_1,positive_left,ZYYZ,,,black,gift,noun,negative,black,0.8804,negative,0.3729,0,0.34,0.47,34
87,219,3,7,2,part_of_speech_classification,valence_classification,classification_1,positive_left,WJJW,,,black,gierig,adjective,negative,black,0.8804,positive,0.4676,1,0.34,0.47,34
87,220,4,7,2,part_of_speech_classification,valence_classification,classification_1,positive_left,MQQM,,,black,eitel,adjective,negative,black,0.8805,positive,0.4038,1,0.34,0.47,34
87,221,5,7,2,part_of_speech_classification,valence_classification,classification_1,positive_left,ZYYZ,,,black,entführung,noun,negative,black,0.8806,negative,0.4239,0,0.34,0.47,34
87,222,6,7,2,part_of_speech_classification,valence_classification,classification_1,positive_left,ZYYZ,,,black,entführung,noun,negative,black,0.8804,negative,0.3841,0,0.34,0.47,34
87,223,7,7,2,part_of_speech_classification,valence_classification,classification_1,positive_left,MQQM,,,black,ehrlich,adjective,positive,black,0.8804,positive,0.3684,0,0.34,0.47,34
87,224,8,7,2,part_of_speech_classification,valence_classification,classification_1,positive_left,MQQM,,,black,gütig,adjective,positive,black,0.8804,negative,0.3104,1,0.34,0.47,34
87,225,9,7,2,part_of_speech_classification,valence_classification,classification_1,positive_left,WJJW,,,black,lustig,adjective,positive,black,0.8805,positive,0.3429,0,0.34,0.47,34
87,226,10,7,2,part_of_speech_classification,valence_classification,classification_1,positive_left,WJJW,,,black,schön,adjective,positive,black,0.8804,positive,0.3638,0,0.34,0.47,34
87,227,11,7,2,part_of_speech_classification,valence_classification,classification_1,positive_left,XVVX,,,black,glück,noun,positive,black,0.8805,positive,0.416,0,0.34,0.47,34
87,228,12,7,2,part_of_speech_classification,valence_classification,classification_1,positive_left,MQQM,,,black,ehrlich,adjective,positive,black,0.8804,positive,0.4205,0,0.34,0.47,34
87,229,13,7,2,part_of_speech_classification,valence_classification,classification_1,positive_left,MQQM,,,black,eitel,adjective,negative,black,0.8804,positive,0.4748,1,0.34,0.47,34
87,230,14,7,2,part_of_speech_classification,valence_classification,classification_1,positive_left,MQQM,,,black,launisch,adjective,negative,black,0.8805,negative,0.4055,0,0.34,0.47,34
87,231,15,7,2,part_of_speech_classification,valence_classification,classification_1,positive_left,WJJW,,,black,schlecht,adjective,negative,black,0.8805,negative,0.3751,0,0.34,0.47,34
87,232,16,7,2,part_of_speech_classification,valence_classification,classification_1,positive_left,XVVX,,,black,schleim,noun,negative,black,0.8804,negative,0.433,0,0.34,0.47,34
87,233,17,7,2,part_of_speech_classification,valence_classification,classification_1,positive_left,XVVX,,,black,einfall,noun,positive,black,0.8804,positive,0.4921,0,0.34,0.47,34
87,234,18,7,2,part_of_speech_classification,valence_classification,classification_1,positive_left,ZYYZ,,,black,spaß,noun,positive,black,0.8804,positive,0.3228,0,0.34,0.47,34
87,235,19,7,2,part_of_speech_classification,valence_classification,classification_1,positive_left,WJJW,,,black,gütig,adjective,positive,black,0.8805,positive,0.343,0,0.34,0.47,34
87,236,20,7,2,part_of_speech_classification,valence_classification,classification_1,positive_left,ZYYZ,,,black,liebe,noun,positive,black,0.8804,negative,0.3328,1,0.34,0.47,34
87,237,21,7,2,part_of_speech_classification,valence_classification,classification_1,positive_left,XVVX,,,black,gift,noun,negative,black,0.8804,positive,0.359,1,0.34,0.47,34
87,238,22,7,2,part_of_speech_classification,valence_classification,classification_1,positive_left,WJJW,,,black,gierig,adjective,negative,black,0.8804,positive,0.4429,1,0.34,0.47,34
87,239,23,7,2,part_of_speech_classification,valence_classification,classification_1,positive_left,ZYYZ,,,black,einfall,noun,positive,black,0.8804,negative,0.325,1,0.34,0.47,34
87,240,24,7,2,part_of_speech_classification,valence_classification,classification_1,positive_left,XVVX,,,black,glück,noun,positive,black,0.8804,negative,0.3059,1,0.34,0.47,34
87,241,1,8,3,part_of_speech_classification,valence_classification,classification_1,positive_left,ZYYZ,,,black,einfall,noun,positive,black,0.8845,positive,0.4791,0,0.34,0.47,34
87,242,2,8,3,part_of_speech_classification,valence_classification,classification_1,positive_left,MQQM,,,black,gierig,adjective,negative,black,0.8805,negative,0.5384,0,0.34,0.47,34
87,243,3,8,3,part_of_speech_classification,valence_classification,classification_1,positive_left,MQQM,,,black,gierig,adjective,negative,black,0.8804,negative,0.4688,0,0.34,0.47,34
87,244,4,8,3,part_of_speech_classification,valence_classification,classification_1,positive_left,WJJW,,,black,launisch,adjective,negative,black,0.8804,negative,0.433,0,0.34,0.47,34
87,245,5,8,3,part_of_speech_classification,valence_classification,classification_1,positive_left,XVVX,,,black,spaß,noun,positive,black,0.8804,positive,0.3074,0,0.34,0.47,34
87,246,6,8,3,part_of_speech_classification,valence_classification,classification_1,positive_left,WJJW,,,black,schlecht,adjective,negative,black,0.8805,negative,0.3963,0,0.34,0.47,34
87,247,7,8,3,part_of_speech_classification,valence_classification,classification_1,positive_left,WJJW,,,black,gütig,adjective,positive,black,0.8805,negative,0.3846,1,0.34,0.47,34
87,248,8,8,3,part_of_speech_classification,valence_classification,classification_1,positive_left,ZYYZ,,,black,leiche,noun,negative,black,0.8804,negative,0.3137,0,0.34,0.47,34
87,249,9,8,3,part_of_speech_classification,valence_classification,classification_1,positive_left,XVVX,,,black,entführung,noun,negative,black,0.8806,negative,0.5664,0,0.34,0.47,34
87,250,10,8,3,part_of_speech_classification,valence_classification,classification_1,positive_left,WJJW,,,black,schön,adjective,positive,black,0.8804,positive,0.4536,0,0.34,0.47,34
87,251,11,8,3,part_of_speech_classification,valence_classification,classification_1,positive_left,XVVX,,,black,entführung,noun,negative,black,0.8804,negative,0.379,0,0.34,0.47,34
87,252,12,8,3,part_of_speech_classification,valence_classification,classification_1,positive_left,MQQM,,,black,schön,adjective,positive,black,0.8804,positive,0.4636,0,0.34,0.47,34
87,253,13,8,3,part_of_speech_classification,valence_classification,classification_1,positive_left,WJJW,,,black,gütig,adjective,positive,black,0.8804,positive,0.4067,0,0.34,0.47,34
87,254,14,8,3,part_of_speech_classification,valence_classification,classification_1,positive_left,WJJW,,,black,ehrlich,adjective,positive,black,0.8804,positive,0.5299,0,0.34,0.47,34
87,255,15,8,3,part_of_speech_classification,valence_classification,classification_1,positive_left,XVVX,,,black,glück,noun,positive,black,0.8804,positive,0.4102,0,0.34,0.47,34
87,256,16,8,3,part_of_speech_classification,valence_classification,classification_1,positive_left,ZYYZ,,,black,gift,noun,negative,black,0.8804,negative,0.4329,0,0.34,0.47,34
87,257,17,8,3,part_of_speech_classification,valence_classification,classification_1,positive_left,MQQM,,,black,ehrlich,adjective,positive,black,0.8804,positive,0.4294,0,0.34,0.47,34
87,258,18,8,3,part_of_speech_classification,valence_classification,classification_1,positive_left,ZYYZ,,,black,gift,noun,negative,black,0.8804,negative,0.5537,0,0.34,0.47,34
87,259,19,8,3,part_of_speech_classification,valence_classification,classification_1,positive_left,XVVX,,,black,leiche,noun,negative,black,0.8805,positive,0.3864,1,0.34,0.47,34
87,260,20,8,3,part_of_speech_classification,valence_classification,classification_1,positive_left,WJJW,,,black,lustig,adjective,positive,black,0.8804,positive,0.4036,0,0.34,0.47,34
87,261,21,8,3,part_of_speech_classification,valence_classification,classification_1,positive_left,ZYYZ,,,black,spaß,noun,positive,black,0.8804,positive,0.4882,0,0.34,0.47,34
87,262,22,8,3,part_of_speech_classification,valence_classification,classification_1,positive_left,WJJW,,,black,launisch,adjective,negative,black,0.8804,positive,0.4338,1,0.34,0.47,34
87,262,22,8,3,part_of_speech_classification,valence_classification,classification_1,positive_left,WJJW,,,black,launisch,adjective,negative,black,0.8804,negative,0.5324,0,0.34,0.47,34
87,263,23,8,3,part_of_speech_classification,valence_classification,classification_1,positive_left,MQQM,,,black,lustig,adjective,positive,black,0.8804,positive,0.403,0,0.34,0.47,34
87,264,24,8,3,part_of_speech_classification,valence_classification,classification_1,positive_left,XVVX,,,black,schleim,noun,negative,black,0.8805,negative,0.4999,0,0.34,0.47,34
87,265,25,8,3,part_of_speech_classification,valence_classification,classification_1,positive_left,ZYYZ,,,black,entführung,noun,negative,black,0.8804,negative,0.4194,0,0.34,0.47,34
87,266,26,8,3,part_of_speech_classification,valence_classification,classification_1,positive_left,XVVX,,,black,gift,noun,negative,black,0.8804,negative,0.403,0,0.34,0.47,34
87,267,27,8,3,part_of_speech_classification,valence_classification,classification_1,positive_left,ZYYZ,,,black,liebe,noun,positive,black,0.8804,positive,0.4582,0,0.34,0.47,34
87,268,28,8,3,part_of_speech_classification,valence_classification,classification_1,positive_left,WJJW,,,black,schön,adjective,positive,black,0.8804,positive,0.3988,0,0.34,0.47,34
87,269,29,8,3,part_of_speech_classification,valence_classification,classification_1,positive_left,WJJW,,,black,launisch,adjective,negative,black,0.8804,negative,0.4993,0,0.34,0.47,34
87,270,30,8,3,part_of_speech_classification,valence_classification,classification_1,positive_left,ZYYZ,,,black,einfall,noun,positive,black,0.8804,negative,0.3829,1,0.34,0.47,34
87,271,31,8,3,part_of_speech_classification,valence_classification,classification_1,positive_left,ZYYZ,,,black,glück,noun,positive,black,0.8805,positive,0.4532,0,0.34,0.47,34
87,272,32,8,3,part_of_speech_classification,valence_classification,classification_1,positive_left,MQQM,,,black,ehrlich,adjective,positive,black,0.8804,positive,0.4173,0,0.34,0.47,34
87,273,33,8,3,part_of_speech_classification,valence_classification,classification_1,positive_left,WJJW,,,black,eitel,adjective,negative,black,0.8804,negative,0.4923,0,0.34,0.47,34
87,274,34,8,3,part_of_speech_classification,valence_classification,classification_1,positive_left,MQQM,,,black,eitel,adjective,negative,black,0.8804,negative,0.4189,0,0.34,0.47,34
87,275,35,8,3,part_of_speech_classification,valence_classification,classification_1,positive_left,WJJW,,,black,gierig,adjective,negative,black,0.8805,positive,0.4363,1,0.34,0.47,34
87,275,35,8,3,part_of_speech_classification,valence_classification,classification_1,positive_left,WJJW,,,black,gierig,adjective,negative,black,0.8805,negative,0.5298,0,0.34,0.47,34
87,276,36,8,3,part_of_speech_classification,valence_classification,classification_1,positive_left,MQQM,,,black,gütig,adjective,positive,black,0.8804,positive,0.4583,0,0.34,0.47,34
87,277,37,8,3,part_of_speech_classification,valence_classification,classification_1,positive_left,MQQM,,,black,schlecht,adjective,negative,black,0.8804,negative,0.3795,0,0.34,0.47,34
87,278,38,8,3,part_of_speech_classification,valence_classification,classification_1,positive_left,XVVX,,,black,leiche,noun,negative,black,0.8805,negative,0.4075,0,0.34,0.47,34
87,279,39,8,3,part_of_speech_classification,valence_classification,classification_1,positive_left,XVVX,,,black,liebe,noun,positive,black,0.8804,positive,0.4165,0,0.34,0.47,34
87,280,40,8,3,part_of_speech_classification,valence_classification,classification_1,positive_left,XVVX,,,black,spaß,noun,positive,black,0.8804,positive,0.4251,0,0.34,0.47,34
87,281,41,8,3,part_of_speech_classification,valence_classification,classification_1,positive_left,XVVX,,,black,glück,noun,positive,black,0.8804,positive,0.3666,0,0.34,0.47,34
87,282,42,8,3,part_of_speech_classification,valence_classification,classification_1,positive_left,ZYYZ,,,black,schleim,noun,negative,black,0.8805,negative,0.3651,0,0.34,0.47,34
87,283,43,8,3,part_of_speech_classification,valence_classification,classification_1,positive_left,XVVX,,,black,einfall,noun,positive,black,0.8804,positive,0.4553,0,0.34,0.47,34
87,284,44,8,3,part_of_speech_classification,valence_classification,classification_1,positive_left,MQQM,,,black,lustig,adjective,positive,black,0.8804,positive,0.433,0,0.34,0.47,34
87,285,45,8,3,part_of_speech_classification,valence_classification,classification_1,positive_left,ZYYZ,,,black,liebe,noun,positive,black,0.8804,positive,0.4164,0,0.34,0.47,34
87,286,46,8,3,part_of_speech_classification,valence_classification,classification_1,positive_left,MQQM,,,black,eitel,adjective,negative,black,0.8804,negative,0.4531,0,0.34,0.47,34
87,287,47,8,3,part_of_speech_classification,valence_classification,classification_1,positive_left,MQQM,,,black,schlecht,adjective,negative,black,0.8804,negative,0.363,0,0.34,0.47,34
87,288,48,8,3,part_of_speech_classification,valence_classification,classification_1,positive_left,ZYYZ,,,black,schleim,noun,negative,black,0.8804,negative,0.4103,0,0.34,0.47,34
87,289,1,9,4,part_of_speech_classification,valence_classification,classification_1,positive_left,ZYYZ,,,black,einfall,noun,positive,black,0.8837,positive,0.5636,0,0.34,0.47,34
87,290,2,9,4,part_of_speech_classification,valence_classification,classification_1,positive_left,XVVX,,,black,gift,noun,negative,black,0.8805,negative,0.3228,0,0.34,0.47,34
87,291,3,9,4,part_of_speech_classification,valence_classification,classification_1,positive_left,MQQM,,,black,launisch,adjective,negative,black,0.8804,negative,0.5144,0,0.34,0.47,34
87,292,4,9,4,part_of_speech_classification,valence_classification,classification_1,positive_left,XVVX,,,black,glück,noun,positive,black,0.8804,positive,0.5219,0,0.34,0.47,34
87,293,5,9,4,part_of_speech_classification,valence_classification,classification_1,positive_left,ZYYZ,,,black,spaß,noun,positive,black,0.8804,positive,0.3481,0,0.34,0.47,34
87,294,6,9,4,part_of_speech_classification,valence_classification,classification_1,positive_left,XVVX,,,black,schleim,noun,negative,black,0.8804,negative,0.4003,0,0.34,0.47,34
87,295,7,9,4,part_of_speech_classification,valence_classification,classification_1,positive_left,WJJW,,,black,gierig,adjective,negative,black,0.8804,negative,0.3829,0,0.34,0.47,34
87,296,8,9,4,part_of_speech_classification,valence_classification,classification_1,positive_left,ZYYZ,,,black,entführung,noun,negative,black,0.8804,negative,0.4732,0,0.34,0.47,34
87,297,9,9,4,part_of_speech_classification,valence_classification,classification_1,positive_left,XVVX,,,black,entführung,noun,negative,black,0.8804,negative,0.4284,0,0.34,0.47,34
87,298,10,9,4,part_of_speech_classification,valence_classification,classification_1,positive_left,WJJW,,,black,ehrlich,adjective,positive,black,0.8804,positive,0.4586,0,0.34,0.47,34
87,299,11,9,4,part_of_speech_classification,valence_classification,classification_1,positive_left,MQQM,,,black,eitel,adjective,negative,black,0.8804,positive,0.3771,1,0.34,0.47,34
87,300,12,9,4,part_of_speech_classification,valence_classification,classification_1,positive_left,MQQM,,,black,schön,adjective,positive,black,0.8804,positive,0.4852,0,0.34,0.47,34
87,301,13,9,4,part_of_speech_classification,valence_classification,classification_1,positive_left,MQQM,,,black,schön,adjective,positive,black,0.8804,positive,0.4725,0,0.34,0.47,34
87,302,14,9,4,part_of_speech_classification,valence_classification,classification_1,positive_left,ZYYZ,,,black,leiche,noun,negative,black,0.8804,negative,0.3629,0,0.34,0.47,34
87,303,15,9,4,part_of_speech_classification,valence_classification,classification_1,positive_left,ZYYZ,,,black,liebe,noun,positive,black,0.8804,positive,0.486,0,0.34,0.47,34
87,304,16,9,4,part_of_speech_classification,valence_classification,classification_1,positive_left,MQQM,,,black,schlecht,adjective,negative,black,0.8805,negative,0.4001,0,0.34,0.47,34
87,305,17,9,4,part_of_speech_classification,valence_classification,classification_1,positive_left,ZYYZ,,,black,leiche,noun,negative,black,0.8804,negative,0.4137,0,0.34,0.47,34
87,306,18,9,4,part_of_speech_classification,valence_classification,classification_1,positive_left,XVVX,,,black,entführung,noun,negative,black,0.8804,negative,0.4775,0,0.34,0.47,34
87,307,19,9,4,part_of_speech_classification,valence_classification,classification_1,positive_left,MQQM,,,black,eitel,adjective,negative,black,0.8804,negative,0.4404,0,0.34,0.47,34
87,308,20,9,4,part_of_speech_classification,valence_classification,classification_1,positive_left,MQQM,,,black,launisch,adjective,negative,black,0.8804,negative,0.4694,0,0.34,0.47,34
87,309,21,9,4,part_of_speech_classification,valence_classification,classification_1,positive_left,WJJW,,,black,eitel,adjective,negative,black,0.8804,negative,0.3755,0,0.34,0.47,34
87,310,22,9,4,part_of_speech_classification,valence_classification,classification_1,positive_left,XVVX,,,black,liebe,noun,positive,black,0.8805,positive,0.4195,0,0.34,0.47,34
87,311,23,9,4,part_of_speech_classification,valence_classification,classification_1,positive_left,ZYYZ,,,black,spaß,noun,positive,black,0.8804,negative,0.4005,1,0.34,0.47,34
87,311,23,9,4,part_of_speech_classification,valence_classification,classification_1,positive_left,ZYYZ,,,black,spaß,noun,positive,black,0.8804,positive,0.508,0,0.34,0.47,34
87,312,24,9,4,part_of_speech_classification,valence_classification,classification_1,positive_left,WJJW,,,black,gütig,adjective,positive,black,0.8806,positive,0.4466,0,0.34,0.47,34
87,313,25,9,4,part_of_speech_classification,valence_classification,classification_1,positive_left,XVVX,,,black,glück,noun,positive,black,0.8805,positive,0.4202,0,0.34,0.47,34
87,314,26,9,4,part_of_speech_classification,valence_classification,classification_1,positive_left,WJJW,,,black,schlecht,adjective,negative,black,0.8805,negative,0.4631,0,0.34,0.47,34
87,315,27,9,4,part_of_speech_classification,valence_classification,classification_1,positive_left,WJJW,,,black,schön,adjective,positive,black,0.8804,positive,0.41,0,0.34,0.47,34
87,316,28,9,4,part_of_speech_classification,valence_classification,classification_1,positive_left,MQQM,,,black,ehrlich,adjective,positive,black,0.8804,negative,0.3529,1,0.34,0.47,34
87,317,29,9,4,part_of_speech_classification,valence_classification,classification_1,positive_left,ZYYZ,,,black,schleim,noun,negative,black,0.8804,negative,0.3652,0,0.34,0.47,34
87,318,30,9,4,part_of_speech_classification,valence_classification,classification_1,positive_left,MQQM,,,black,lustig,adjective,positive,black,0.8804,positive,0.4352,0,0.34,0.47,34
87,319,31,9,4,part_of_speech_classification,valence_classification,classification_1,positive_left,XVVX,,,black,spaß,noun,positive,black,0.8804,positive,0.3757,0,0.34,0.47,34
87,320,32,9,4,part_of_speech_classification,valence_classification,classification_1,positive_left,XVVX,,,black,einfall,noun,positive,black,0.8804,positive,0.453,0,0.34,0.47,34
87,321,33,9,4,part_of_speech_classification,valence_classification,classification_1,positive_left,XVVX,,,black,leiche,noun,negative,black,0.8804,negative,0.453,0,0.34,0.47,34
87,321,33,9,4,part_of_speech_classification,valence_classification,classification_1,positive_left,XVVX,,,black,leiche,noun,negative,black,0.8804,negative,0.8252,0,0.34,0.47,34
87,322,34,9,4,part_of_speech_classification,valence_classification,classification_1,positive_left,MQQM,,,black,lustig,adjective,positive,black,0.8804,positive,0.433,0,0.34,0.47,34
87,323,35,9,4,part_of_speech_classification,valence_classification,classification_1,positive_left,WJJW,,,black,gütig,adjective,positive,black,0.8804,positive,0.4059,0,0.34,0.47,34
87,324,36,9,4,part_of_speech_classification,valence_classification,classification_1,positive_left,ZYYZ,,,black,schleim,noun,negative,black,0.8804,negative,0.3829,0,0.34,0.47,34
87,325,37,9,4,part_of_speech_classification,valence_classification,classification_1,positive_left,WJJW,,,black,lustig,adjective,positive,black,0.8804,positive,0.499,0,0.34,0.47,34
87,326,38,9,4,part_of_speech_classification,valence_classification,classification_1,positive_left,WJJW,,,black,gierig,adjective,negative,black,0.8804,positive,0.4078,1,0.34,0.47,34
87,327,39,9,4,part_of_speech_classification,valence_classification,classification_1,positive_left,MQQM,,,black,ehrlich,adjective,positive,black,0.8804,positive,0.4363,0,0.34,0.47,34
87,328,40,9,4,part_of_speech_classification,valence_classification,classification_1,positive_left,MQQM,,,black,schlecht,adjective,negative,black,0.8804,negative,0.3887,0,0.34,0.47,34
87,329,41,9,4,part_of_speech_classification,valence_classification,classification_1,positive_left,WJJW,,,black,gierig,adjective,negative,black,0.8804,negative,0.4189,0,0.34,0.47,34
87,330,42,9,4,part_of_speech_classification,valence_classification,classification_1,positive_left,XVVX,,,black,gift,noun,negative,black,0.8804,negative,0.3697,0,0.34,0.47,34
87,331,43,9,4,part_of_speech_classification,valence_classification,classification_1,positive_left,ZYYZ,,,black,liebe,noun,positive,black,0.8804,positive,0.4593,0,0.34,0.47,34
87,332,44,9,4,part_of_speech_classification,valence_classification,classification_1,positive_left,WJJW,,,black,launisch,adjective,negative,black,0.8804,negative,0.393,0,0.34,0.47,34
87,333,45,9,4,part_of_speech_classification,valence_classification,classification_1,positive_left,WJJW,,,black,gütig,adjective,positive,black,0.8804,positive,0.3803,0,0.34,0.47,34
87,334,46,9,4,part_of_speech_classification,valence_classification,classification_1,positive_left,XVVX,,,black,einfall,noun,positive,black,0.8805,negative,0.4029,1,0.34,0.47,34
87,335,47,9,4,part_of_speech_classification,valence_classification,classification_1,positive_left,ZYYZ,,,black,glück,noun,positive,black,0.8804,positive,0.494,0,0.34,0.47,34
87,336,48,9,4,part_of_speech_classification,valence_classification,classification_1,positive_left,ZYYZ,,,black,gift,noun,negative,black,0.8804,negative,0.3801,0,0.34,0.47,34
87,337,1,10,5,part_of_speech_classification,valence_classification,classification_1,positive_left,MQQM,,,black,launisch,adjective,negative,black,0.8808,negative,0.403,0,0.34,0.47,34
87,338,2,10,5,part_of_speech_classification,valence_classification,classification_1,positive_left,XVVX,,,black,liebe,noun,positive,black,0.8804,positive,0.4101,0,0.34,0.47,34
87,339,3,10,5,part_of_speech_classification,valence_classification,classification_1,positive_left,MQQM,,,black,lustig,adjective,positive,black,0.8804,positive,0.3467,0,0.34,0.47,34
87,340,4,10,5,part_of_speech_classification,valence_classification,classification_1,positive_left,ZYYZ,,,black,einfall,noun,positive,black,0.8804,negative,0.364,1,0.34,0.47,34
87,341,5,10,5,part_of_speech_classification,valence_classification,classification_1,positive_left,WJJW,,,black,gütig,adjective,positive,black,0.8804,positive,0.3529,0,0.34,0.47,34
87,342,6,10,5,part_of_speech_classification,valence_classification,classification_1,positive_left,ZYYZ,,,black,liebe,noun,positive,black,0.8805,negative,0.3455,1,0.34,0.47,34
87,343,7,10,5,part_of_speech_classification,valence_classification,classification_1,positive_left,WJJW,,,black,gierig,adjective,negative,black,0.8804,positive,0.413,1,0.34,0.47,34
87,344,8,10,5,part_of_speech_classification,valence_classification,classification_1,positive_left,WJJW,,,black,schön,adjective,positive,black,0.8804,positive,0.433,0,0.34,0.47,34
87,345,9,10,5,part_of_speech_classification,valence_classification,classification_1,positive_left,XVVX,,,black,entführung,noun,negative,black,0.8804,negative,0.423,0,0.34,0.47,34
87,346,10,10,5,part_of_speech_classification,valence_classification,classification_1,positive_left,XVVX,,,black,spaß,noun,positive,black,0.8804,positive,0.4053,0,0.34,0.47,34
87,347,11,10,5,part_of_speech_classification,valence_classification,classification_1,positive_left,WJJW,,,black,eitel,adjective,negative,black,0.8804,negative,0.512,0,0.34,0.47,34
87,348,12,10,5,part_of_speech_classification,valence_classification,classification_1,positive_left,WJJW,,,black,gütig,adjective,positive,black,0.8804,positive,0.463,0,0.34,0.47,34
87,349,13,10,5,part_of_speech_classification,valence_classification,classification_1,positive_left,ZYYZ,,,black,spaß,noun,positive,black,0.8804,positive,0.3929,0,0.34,0.47,34
87,350,14,10,5,part_of_speech_classification,valence_classification,classification_1,positive_left,XVVX,,,black,glück,noun,positive,black,0.8804,positive,0.3575,0,0.34,0.47,34
87,351,15,10,5,part_of_speech_classification,valence_classification,classification_1,positive_left,XVVX,,,black,leiche,noun,negative,black,0.8805,positive,0.3162,1,0.34,0.47,34
87,352,16,10,5,part_of_speech_classification,valence_classification,classification_1,positive_left,MQQM,,,black,gierig,adjective,negative,black,0.8804,negative,0.4924,0,0.34,0.47,34
87,353,17,10,5,part_of_speech_classification,valence_classification,classification_1,positive_left,WJJW,,,black,eitel,adjective,negative,black,0.8804,negative,0.3751,0,0.34,0.47,34
87,354,18,10,5,part_of_speech_classification,valence_classification,classification_1,positive_left,WJJW,,,black,ehrlich,adjective,positive,black,0.8804,positive,0.4766,0,0.34,0.47,34
87,355,19,10,5,part_of_speech_classification,valence_classification,classification_1,positive_left,MQQM,,,black,gierig,adjective,negative,black,0.8805,negative,0.4432,0,0.34,0.47,34
87,356,20,10,5,part_of_speech_classification,valence_classification,classification_1,positive_left,XVVX,,,black,schleim,noun,negative,black,0.8809,negative,0.3667,0,0.34,0.47,34
87,357,21,10,5,part_of_speech_classification,valence_classification,classification_1,positive_left,MQQM,,,black,eitel,adjective,negative,black,0.8805,positive,0.4578,1,0.34,0.47,34
87,358,22,10,5,part_of_speech_classification,valence_classification,classification_1,positive_left,XVVX,,,black,entführung,noun,negative,black,0.8804,negative,0.3879,0,0.34,0.47,34
87,359,23,10,5,part_of_speech_classification,valence_classification,classification_1,positive_left,ZYYZ,,,black,schleim,noun,negative,black,0.8804,negative,0.3753,0,0.34,0.47,34
87,360,24,10,5,part_of_speech_classification,valence_classification,classification_1,positive_left,XVVX,,,black,glück,noun,positive,black,0.8804,positive,0.3353,0,0.34,0.47,34
87,361,25,10,5,part_of_speech_classification,valence_classification,classification_1,positive_left,MQQM,,,black,schlecht,adjective,negative,black,0.8804,negative,0.5383,0,0.34,0.47,34
87,362,26,10,5,part_of_speech_classification,valence_classification,classification_1,positive_left,ZYYZ,,,black,einfall,noun,positive,black,0.8804,negative,0.3851,1,0.34,0.47,34
87,363,27,10,5,part_of_speech_classification,valence_classification,classification_1,positive_left,MQQM,,,black,lustig,adjective,positive,black,0.8804,negative,0.4766,1,0.34,0.47,34
87,364,28,10,5,part_of_speech_classification,valence_classification,classification_1,positive_left,ZYYZ,,,black,entführung,noun,negative,black,0.8804,negative,0.2695,0,0.34,0.47,34
87,365,29,10,5,part_of_speech_classification,valence_classification,classification_1,positive_left,WJJW,,,black,launisch,adjective,negative,black,0.8804,negative,0.403,0,0.34,0.47,34
87,366,30,10,5,part_of_speech_classification,valence_classification,classification_1,positive_left,ZYYZ,,,black,gift,noun,negative,black,0.8804,negative,0.3772,0,0.34,0.47,34
87,367,31,10,5,part_of_speech_classification,valence_classification,classification_1,positive_left,ZYYZ,,,black,einfall,noun,positive,black,0.8806,positive,0.6986,0,0.34,0.47,34
87,368,32,10,5,part_of_speech_classification,valence_classification,classification_1,positive_left,ZYYZ,,,black,gift,noun,negative,black,0.8804,negative,0.4356,0,0.34,0.47,34
87,369,33,10,5,part_of_speech_classification,valence_classification,classification_1,positive_left,XVVX,,,black,leiche,noun,negative,black,0.8804,negative,0.3754,0,0.34,0.47,34
87,370,34,10,5,part_of_speech_classification,valence_classification,classification_1,positive_left,MQQM,,,black,schlecht,adjective,negative,black,0.8804,negative,0.3668,0,0.34,0.47,34
87,371,35,10,5,part_of_speech_classification,valence_classification,classification_1,positive_left,XVVX,,,black,liebe,noun,positive,black,0.8804,positive,0.3831,0,0.34,0.47,34
87,372,36,10,5,part_of_speech_classification,valence_classification,classification_1,positive_left,ZYYZ,,,black,gift,noun,negative,black,0.8804,negative,0.4157,0,0.34,0.47,34
87,373,37,10,5,part_of_speech_classification,valence_classification,classification_1,positive_left,WJJW,,,black,schön,adjective,positive,black,0.8804,positive,0.413,0,0.34,0.47,34
87,374,38,10,5,part_of_speech_classification,valence_classification,classification_1,positive_left,WJJW,,,black,schlecht,adjective,negative,black,0.8804,negative,0.3766,0,0.34,0.47,34
87,375,39,10,5,part_of_speech_classification,valence_classification,classification_1,positive_left,MQQM,,,black,lustig,adjective,positive,black,0.8804,positive,0.4499,0,0.34,0.47,34
87,376,40,10,5,part_of_speech_classification,valence_classification,classification_1,positive_left,MQQM,,,black,ehrlich,adjective,positive,black,0.8804,positive,0.4252,0,0.34,0.47,34
87,377,41,10,5,part_of_speech_classification,valence_classification,classification_1,positive_left,ZYYZ,,,black,leiche,noun,negative,black,0.8804,negative,0.383,0,0.34,0.47,34
87,378,42,10,5,part_of_speech_classification,valence_classification,classification_1,positive_left,MQQM,,,black,schön,adjective,positive,black,0.8804,positive,0.437,0,0.34,0.47,34
87,379,43,10,5,part_of_speech_classification,valence_classification,classification_1,positive_left,MQQM,,,black,ehrlich,adjective,positive,black,0.8804,positive,0.4258,0,0.34,0.47,34
87,380,44,10,5,part_of_speech_classification,valence_classification,classification_1,positive_left,XVVX,,,black,glück,noun,positive,black,0.8804,positive,0.4202,0,0.34,0.47,34
87,381,45,10,5,part_of_speech_classification,valence_classification,classification_1,positive_left,XVVX,,,black,schleim,noun,negative,black,0.8804,negative,0.366,0,0.34,0.47,34
87,382,46,10,5,part_of_speech_classification,valence_classification,classification_1,positive_left,WJJW,,,black,gütig,adjective,positive,black,0.8804,positive,0.3875,0,0.34,0.47,34
87,383,47,10,5,part_of_speech_classification,valence_classification,classification_1,positive_left,ZYYZ,,,black,spaß,noun,positive,black,0.8804,positive,0.4286,0,0.34,0.47,34
87,384,48,10,5,part_of_speech_classification,valence_classification,classification_1,positive_left,WJJW,,,black,launisch,adjective,negative,black,0.8804,negative,0.3887,0,0.34,0.47,34
87,385,1,14,4,part_of_speech_classification,part_of_speech_classification,classification_2,adjective_left,ZYYZ,,,black,leiche,noun,negative,black,0.884,noun,0.4337,0,0.34,0.47,34
87,386,2,14,4,part_of_speech_classification,part_of_speech_classification,classification_2,adjective_left,WJJW,,,black,entführung,noun,negative,black,0.8804,noun,0.5833,0,0.34,0.47,34
87,387,3,14,4,part_of_speech_classification,part_of_speech_classification,classification_2,adjective_left,XVVX,,,black,lustig,adjective,positive,black,0.8804,adjective,0.408,0,0.34,0.47,34
87,388,4,14,4,part_of_speech_classification,part_of_speech_classification,classification_2,adjective_left,MQQM,,,black,einfall,noun,positive,black,0.8804,noun,0.5675,0,0.34,0.47,34
87,389,5,14,4,part_of_speech_classification,part_of_speech_classification,classification_2,adjective_left,MQQM,,,black,glück,noun,positive,black,0.8804,adjective,0.3779,1,0.34,0.47,34
87,390,6,14,4,part_of_speech_classification,part_of_speech_classification,classification_2,adjective_left,WJJW,,,black,gierig,adjective,negative,black,0.8805,adjective,0.4483,0,0.34,0.47,34
87,391,7,14,4,part_of_speech_classification,part_of_speech_classification,classification_2,adjective_left,MQQM,,,black,ehrlich,adjective,positive,black,0.8804,noun,0.4251,1,0.34,0.47,34
87,392,8,14,4,part_of_speech_classification,part_of_speech_classification,classification_2,adjective_left,WJJW,,,black,launisch,adjective,negative,black,0.8805,adjective,0.4029,0,0.34,0.47,34
87,393,9,14,4,part_of_speech_classification,part_of_speech_classification,classification_2,adjective_left,ZYYZ,,,black,schleim,noun,negative,black,0.8805,noun,0.3165,0,0.34,0.47,34
87,394,10,14,4,part_of_speech_classification,part_of_speech_classification,classification_2,adjective_left,MQQM,,,black,gütig,adjective,positive,black,0.8804,adjective,0.436,0,0.34,0.47,34
87,395,11,14,4,part_of_speech_classification,part_of_speech_classification,classification_2,adjective_left,XVVX,,,black,spaß,noun,positive,black,0.8804,adjective,0.3936,1,0.34,0.47,34
87,396,12,14,4,part_of_speech_classification,part_of_speech_classification,classification_2,adjective_left,WJJW,,,black,gierig,adjective,negative,black,0.8804,adjective,0.4768,0,0.34,0.47,34
87,397,13,14,4,part_of_speech_classification,part_of_speech_classification,classification_2,adjective_left,ZYYZ,,,black,entführung,noun,negative,black,0.8804,noun,0.3684,0,0.34,0.47,34
87,398,14,14,4,part_of_speech_classification,part_of_speech_classification,classification_2,adjective_left,WJJW,,,black,leiche,noun,negative,black,0.8804,noun,0.3929,0,0.34,0.47,34
87,399,15,14,4,part_of_speech_classification,part_of_speech_classification,classification_2,adjective_left,MQQM,,,black,einfall,noun,positive,black,0.8804,adjective,0.4367,1,0.34,0.47,34
87,400,16,14,4,part_of_speech_classification,part_of_speech_classification,classification_2,adjective_left,XVVX,,,black,spaß,noun,positive,black,0.8804,adjective,0.4676,1,0.34,0.47,34
87,401,17,14,4,part_of_speech_classification,part_of_speech_classification,classification_2,adjective_left,MQQM,,,black,schön,adjective,positive,black,0.8804,adjective,0.5791,0,0.34,0.47,34
87,402,18,14,4,part_of_speech_classification,part_of_speech_classification,classification_2,adjective_left,XVVX,,,black,liebe,noun,positive,black,0.8805,noun,0.367,0,0.34,0.47,34
87,403,19,14,4,part_of_speech_classification,part_of_speech_classification,classification_2,adjective_left,XVVX,,,black,spaß,noun,positive,black,0.8804,noun,0.3965,0,0.34,0.47,34
87,404,20,14,4,part_of_speech_classification,part_of_speech_classification,classification_2,adjective_left,WJJW,,,black,schlecht,adjective,negative,black,0.8804,adjective,0.403,0,0.34,0.47,34
87,405,21,14,4,part_of_speech_classification,part_of_speech_classification,classification_2,adjective_left,ZYYZ,,,black,schlecht,adjective,negative,black,0.8804,noun,0.423,1,0.34,0.47,34
87,406,22,14,4,part_of_speech_classification,part_of_speech_classification,classification_2,adjective_left,WJJW,,,black,schleim,noun,negative,black,0.8804,noun,0.5839,0,0.34,0.47,34
87,407,23,14,4,part_of_speech_classification,part_of_speech_classification,classification_2,adjective_left,XVVX,,,black,lustig,adjective,positive,black,0.8804,adjective,0.3929,0,0.34,0.47,34
87,408,24,14,4,part_of_speech_classification,part_of_speech_classification,classification_2,adjective_left,WJJW,,,black,entführung,noun,negative,black,0.8804,noun,0.4279,0,0.34,0.47,34
87,409,25,14,4,part_of_speech_classification,part_of_speech_classification,classification_2,adjective_left,ZYYZ,,,black,gift,noun,negative,black,0.8804,noun,0.4265,0,0.34,0.47,34
87,410,26,14,4,part_of_speech_classification,part_of_speech_classification,classification_2,adjective_left,XVVX,,,black,glück,noun,positive,black,0.8804,noun,0.373,0,0.34,0.47,34
87,411,27,14,4,part_of_speech_classification,part_of_speech_classification,classification_2,adjective_left,ZYYZ,,,black,gierig,adjective,negative,black,0.8805,adjective,0.3757,0,0.34,0.47,34
87,412,28,14,4,part_of_speech_classification,part_of_speech_classification,classification_2,adjective_left,MQQM,,,black,ehrlich,adjective,positive,black,0.8806,adjective,0.3395,0,0.34,0.47,34
87,413,29,14,4,part_of_speech_classification,part_of_speech_classification,classification_2,adjective_left,XVVX,,,black,liebe,noun,positive,black,0.8804,noun,0.4875,0,0.34,0.47,34
87,414,30,14,4,part_of_speech_classification,part_of_speech_classification,classification_2,adjective_left,MQQM,,,black,gütig,adjective,positive,black,0.8805,noun,0.4133,1,0.34,0.47,34
87,415,31,14,4,part_of_speech_classification,part_of_speech_classification,classification_2,adjective_left,WJJW,,,black,schlecht,adjective,negative,black,0.8804,noun,0.4369,1,0.34,0.47,34
87,416,32,14,4,part_of_speech_classification,part_of_speech_classification,classification_2,adjective_left,WJJW,,,black,leiche,noun,negative,black,0.8805,noun,0.4273,0,0.34,0.47,34
87,417,33,14,4,part_of_speech_classification,part_of_speech_classification,classification_2,adjective_left,MQQM,,,black,einfall,noun,positive,black,0.8804,noun,0.4451,0,0.34,0.47,34
87,418,34,14,4,part_of_speech_classification,part_of_speech_classification,classification_2,adjective_left,ZYYZ,,,black,eitel,adjective,negative,black,0.8804,adjective,0.463,0,0.34,0.47,34
87,419,35,14,4,part_of_speech_classification,part_of_speech_classification,classification_2,adjective_left,XVVX,,,black,ehrlich,adjective,positive,black,0.8804,adjective,0.4157,0,0.34,0.47,34
87,420,36,14,4,part_of_speech_classification,part_of_speech_classification,classification_2,adjective_left,MQQM,,,black,glück,noun,positive,black,0.8805,noun,0.383,0,0.34,0.47,34
87,421,37,14,4,part_of_speech_classification,part_of_speech_classification,classification_2,adjective_left,XVVX,,,black,schön,adjective,positive,black,0.8804,adjective,0.3965,0,0.34,0.47,34
87,422,38,14,4,part_of_speech_classification,part_of_speech_classification,classification_2,adjective_left,ZYYZ,,,black,launisch,adjective,negative,black,0.8804,adjective,0.4972,0,0.34,0.47,34
87,423,39,14,4,part_of_speech_classification,part_of_speech_classification,classification_2,adjective_left,ZYYZ,,,black,launisch,adjective,negative,black,0.8804,adjective,0.4151,0,0.34,0.47,34
87,424,40,14,4,part_of_speech_classification,part_of_speech_classification,classification_2,adjective_left,XVVX,,,black,lustig,adjective,positive,black,0.8804,adjective,0.393,0,0.34,0.47,34
87,425,41,14,4,part_of_speech_classification,part_of_speech_classification,classification_2,adjective_left,MQQM,,,black,schön,adjective,positive,black,0.8804,noun,0.3183,1,0.34,0.47,34
87,426,42,14,4,part_of_speech_classification,part_of_speech_classification,classification_2,adjective_left,WJJW,,,black,eitel,adjective,negative,black,0.8804,adjective,0.5521,0,0.34,0.47,34
87,427,43,14,4,part_of_speech_classification,part_of_speech_classification,classification_2,adjective_left,WJJW,,,black,gift,noun,negative,black,0.8804,noun,0.4694,0,0.34,0.47,34
87,428,44,14,4,part_of_speech_classification,part_of_speech_classification,classification_2,adjective_left,XVVX,,,black,gütig,adjective,positive,black,0.8804,adjective,0.4103,0,0.34,0.47,34
87,429,45,14,4,part_of_speech_classification,part_of_speech_classification,classification_2,adjective_left,MQQM,,,black,liebe,noun,positive,black,0.8804,noun,0.315,0,0.34,0.47,34
87,430,46,14,4,part_of_speech_classification,part_of_speech_classification,classification_2,adjective_left,ZYYZ,,,black,gift,noun,negative,black,0.8806,noun,0.407,0,0.34,0.47,34
87,431,47,14,4,part_of_speech_classification,part_of_speech_classification,classification_2,adjective_left,ZYYZ,,,black,eitel,adjective,negative,black,0.8804,adjective,0.4747,0,0.34,0.47,34
87,432,48,14,4,part_of_speech_classification,part_of_speech_classification,classification_2,adjective_left,ZYYZ,,,black,schleim,noun,negative,black,0.8804,adjective,0.383,1,0.34,0.47,34
87,433,1,15,5,part_of_speech_classification,part_of_speech_classification,classification_2,adjective_left,XVVX,,,black,liebe,noun,positive,black,0.8845,noun,0.3946,0,0.34,0.47,34
87,434,2,15,5,part_of_speech_classification,part_of_speech_classification,classification_2,adjective_left,ZYYZ,,,black,schleim,noun,negative,black,0.8804,adjective,0.3777,1,0.34,0.47,34
87,435,3,15,5,part_of_speech_classification,part_of_speech_classification,classification_2,adjective_left,MQQM,,,black,einfall,noun,positive,black,0.8804,noun,0.492,0,0.34,0.47,34
87,436,4,15,5,part_of_speech_classification,part_of_speech_classification,classification_2,adjective_left,WJJW,,,black,schleim,noun,negative,black,0.8805,noun,0.453,0,0.34,0.47,34
87,437,5,15,5,part_of_speech_classification,part_of_speech_classification,classification_2,adjective_left,MQQM,,,black,schön,adjective,positive,black,0.8804,noun,0.378,1,0.34,0.47,34
87,438,6,15,5,part_of_speech_classification,part_of_speech_classification,classification_2,adjective_left,XVVX,,,black,schön,adjective,positive,black,0.8805,noun,0.3831,1,0.34,0.47,34
87,439,7,15,5,part_of_speech_classification,part_of_speech_classification,classification_2,adjective_left,XVVX,,,black,liebe,noun,positive,black,0.8804,noun,0.4355,0,0.34,0.47,34
87,440,8,15,5,part_of_speech_classification,part_of_speech_classification,classification_2,adjective_left,MQQM,,,black,lustig,adjective,positive,black,0.8804,adjective,0.4653,0,0.34,0.47,34
87,441,9,15,5,part_of_speech_classification,part_of_speech_classification,classification_2,adjective_left,XVVX,,,black,gütig,adjective,positive,black,0.8804,adjective,0.3696,0,0.34,0.47,34
87,442,10,15,5,part_of_speech_classification,part_of_speech_classification,classification_2,adjective_left,XVVX,,,black,lustig,adjective,positive,black,0.8804,adjective,0.3754,0,0.34,0.47,34
87,443,11,15,5,part_of_speech_classification,part_of_speech_classification,classification_2,adjective_left,MQQM,,,black,einfall,noun,positive,black,0.8804,adjective,0.423,1,0.34,0.47,34
87,443,11,15,5,part_of_speech_classification,part_of_speech_classification,classification_2,adjective_left,MQQM,,,black,einfall,noun,positive,black,0.8804,noun,0.5032,0,0.34,0.47,34
87,444,12,15,5,part_of_speech_classification,part_of_speech_classification,classification_2,adjective_left,ZYYZ,,,black,gierig,adjective,negative,black,0.8804,adjective,0.4098,0,0.34,0.47,34
87,445,13,15,5,part_of_speech_classification,part_of_speech_classification,classification_2,adjective_left,MQQM,,,black,ehrlich,adjective,positive,black,0.8804,noun,0.3429,1,0.34,0.47,34
87,446,14,15,5,part_of_speech_classification,part_of_speech_classification,classification_2,adjective_left,XVVX,,,black,glück,noun,positive,black,0.8804,noun,0.433,0,0.34,0.47,34
87,447,15,15,5,part_of_speech_classification,part_of_speech_classification,classification_2,adjective_left,ZYYZ,,,black,leiche,noun,negative,black,0.8804,noun,0.413,0,0.34,0.47,34
87,448,16,15,5,part_of_speech_classification,part_of_speech_classification,classification_2,adjective_left,WJJW,,,black,schlecht,adjective,negative,black,0.8805,adjective,0.4139,0,0.34,0.47,34
87,449,17,15,5,part_of_speech_classification,part_of_speech_classification,classification_2,adjective_left,XVVX,,,black,glück,noun,positive,black,0.8804,adjective,0.3351,1,0.34,0.47,34
87,450,18,15,5,part_of_speech_classification,part_of_speech_classification,classification_2,adjective_left,WJJW,,,black,schleim,noun,negative,black,0.8804,noun,0.4253,0,0.34,0.47,34
87,451,19,15,5,part_of_speech_classification,part_of_speech_classification,classification_2,adjective_left,ZYYZ,,,black,leiche,noun,negative,black,0.8804,noun,0.393,0,0.34,0.47,34
87,452,20,15,5,part_of_speech_classification,part_of_speech_classification,classification_2,adjective_left,WJJW,,,black,entführung,noun,negative,black,0.8804,noun,0.443,0,0.34,0.47,34
87,453,21,15,5,part_of_speech_classification,part_of_speech_classification,classification_2,adjective_left,MQQM,,,black,ehrlich,adjective,positive,black,0.8804,adjective,0.4494,0,0.34,0.47,34
87,454,22,15,5,part_of_speech_classification,part_of_speech_classification,classification_2,adjective_left,ZYYZ,,,black,entführung,noun,negative,black,0.8804,noun,0.4354,0,0.34,0.47,34
87,455,23,15,5,part_of_speech_classification,part_of_speech_classification,classification_2,adjective_left,WJJW,,,black,gift,noun,negative,black,0.8804,noun,0.3765,0,0.34,0.47,34
87,456,24,15,5,part_of_speech_classification,part_of_speech_classification,classification_2,adjective_left,ZYYZ,,,black,launisch,adjective,negative,black,0.8804,noun,0.4696,1,0.34,0.47,34
87,457,25,15,5,part_of_speech_classification,part_of_speech_classification,classification_2,adjective_left,XVVX,,,black,spaß,noun,positive,black,0.8807,noun,0.453,0,0.34,0.47,34
87,458,26,15,5,part_of_speech_classification,part_of_speech_classification,classification_2,adjective_left,ZYYZ,,,black,eitel,adjective,negative,black,0.8804,adjective,0.3955,0,0.34,0.47,34
87,459,27,15,5,part_of_speech_classification,part_of_speech_classification,classification_2,adjective_left,ZYYZ,,,black,schlecht,adjective,negative,black,0.8805,adjective,0.3653,0,0.34,0.47,34
87,460,28,15,5,part_of_speech_classification,part_of_speech_classification,classification_2,adjective_left,MQQM,,,black,ehrlich,adjective,positive,black,0.8804,adjective,0.433,0,0.34,0.47,34
87,461,29,15,5,part_of_speech_classification,part_of_speech_classification,classification_2,adjective_left,XVVX,,,black,lustig,adjective,positive,black,0.8804,adjective,0.3451,0,0.34,0.47,34
87,462,30,15,5,part_of_speech_classification,part_of_speech_classification,classification_2,adjective_left,MQQM,,,black,einfall,noun,positive,black,0.8804,noun,0.4258,0,0.34,0.47,34
87,463,31,15,5,part_of_speech_classification,part_of_speech_classification,classification_2,adjective_left,ZYYZ,,,black,gift,noun,negative,black,0.8804,noun,0.4156,0,0.34,0.47,34
87,464,32,15,5,part_of_speech_classification,part_of_speech_classification,classification_2,adjective_left,ZYYZ,,,black,entführung,noun,negative,black,0.8804,noun,0.4157,0,0.34,0.47,34
87,465,33,15,5,part_of_speech_classification,part_of_speech_classification,classification_2,adjective_left,MQQM,,,black,spaß,noun,positive,black,0.8804,noun,0.4666,0,0.34,0.47,34
87,466,34,15,5,part_of_speech_classification,part_of_speech_classification,classification_2,adjective_left,WJJW,,,black,launisch,adjective,negative,black,0.8804,adjective,0.463,0,0.34,0.47,34
87,467,35,15,5,part_of_speech_classification,part_of_speech_classification,classification_2,adjective_left,WJJW,,,black,launisch,adjective,negative,black,0.8804,adjective,0.423,0,0.34,0.47,34
87,468,36,15,5,part_of_speech_classification,part_of_speech_classification,classification_2,adjective_left,MQQM,,,black,gütig,adjective,positive,black,0.8804,noun,0.4101,1,0.34,0.47,34
87,469,37,15,5,part_of_speech_classification,part_of_speech_classification,classification_2,adjective_left,WJJW,,,black,gift,noun,negative,black,0.8804,noun,0.438,0,0.34,0.47,34
87,470,38,15,5,part_of_speech_classification,part_of_speech_classification,classification_2,adjective_left,ZYYZ,,,black,eitel,adjective,negative,black,0.8804,noun,0.3252,1,0.34,0.47,34
87,471,39,15,5,part_of_speech_classification,part_of_speech_classification,classification_2,adjective_left,XVVX,,,black,gütig,adjective,positive,black,0.8804,adjective,0.4897,0,0.34,0.47,34
87,472,40,15,5,part_of_speech_classification,part_of_speech_classification,classification_2,adjective_left,XVVX,,,black,schön,adjective,positive,black,0.8805,adjective,0.3776,0,0.34,0.47,34
87,473,41,15,5,part_of_speech_classification,part_of_speech_classification,classification_2,adjective_left,WJJW,,,black,gierig,adjective,negative,black,0.8804,adjective,0.4771,0,0.34,0.47,34
87,474,42,15,5,part_of_speech_classification,part_of_speech_classification,classification_2,adjective_left,MQQM,,,black,spaß,noun,positive,black,0.8804,noun,0.3685,0,0.34,0.47,34
87,475,43,15,5,part_of_speech_classification,part_of_speech_classification,classification_2,adjective_left,WJJW,,,black,gierig,adjective,negative,black,0.8806,adjective,0.3961,0,0.34,0.47,34
87,476,44,15,5,part_of_speech_classification,part_of_speech_classification,classification_2,adjective_left,XVVX,,,black,liebe,noun,positive,black,0.8804,noun,0.3228,0,0.34,0.47,34
87,477,45,15,5,part_of_speech_classification,part_of_speech_classification,classification_2,adjective_left,WJJW,,,black,leiche,noun,negative,black,0.8805,noun,0.4159,0,0.34,0.47,34
87,477,45,15,5,part_of_speech_classification,part_of_speech_classification,classification_2,adjective_left,WJJW,,,black,leiche,noun,negative,black,0.8805,noun,0.7065,0,0.34,0.47,34
87,478,46,15,5,part_of_speech_classification,part_of_speech_classification,classification_2,adjective_left,MQQM,,,black,glück,noun,positive,black,0.8804,noun,0.383,0,0.34,0.47,34
87,479,47,15,5,part_of_speech_classification,part_of_speech_classification,classification_2,adjective_left,ZYYZ,,,black,schlecht,adjective,negative,black,0.8804,adjective,0.3052,0,0.34,0.47,34
87,480,48,15,5,part_of_speech_classification,part_of_speech_classification,classification_2,adjective_left,WJJW,,,black,eitel,adjective,negative,black,0.8804,adjective,0.4473,0,0.34,0.47,34
87,485,1,17,1,part_of_speech_classification,prime_discrimination,prime_discrimination,none,XVVX,,,black,launisch,adjective,negative,black,0.9331,,,,0.34,0.47,34
87,485,1,17,1,part_of_speech_classification,prime_discrimination,prime_discrimination,none,XVVX,,,black,launisch,adjective,negative,black,,m,4276.391799969133,,,,34
87,486,2,17,1,part_of_speech_classification,prime_discrimination,prime_discrimination,none,XVVX,,,black,ehrlich,adjective,positive,black,0.9316,,,,0.34,0.47,34
87,486,2,17,1,part_of_speech_classification,prime_discrimination,prime_discrimination,none,XVVX,,,black,ehrlich,adjective,positive,black,,m,2695.4787999857217,,,,34
87,487,3,17,1,part_of_speech_classification,prime_discrimination,prime_discrimination,none,ZYYZ,,,black,schön,adjective,positive,black,0.9305,,,,0.34,0.47,34
87,487,3,17,1,part_of_speech_classification,prime_discrimination,prime_discrimination,none,ZYYZ,,,black,schön,adjective,positive,black,,s,1373.9760000025854,,,,34
87,488,4,17,1,part_of_speech_classification,prime_discrimination,prime_discrimination,none,ZYYZ,,,black,einfall,noun,positive,black,0.9305,,,,0.34,0.47,34
87,488,4,17,1,part_of_speech_classification,prime_discrimination,prime_discrimination,none,ZYYZ,,,black,einfall,noun,positive,black,,s,557.6405000174418,,,,34
87,489,5,17,1,part_of_speech_classification,prime_discrimination,prime_discrimination,none,XVVX,,,black,spaß,noun,positive,black,0.9305,,,,0.34,0.47,34
87,489,5,17,1,part_of_speech_classification,prime_discrimination,prime_discrimination,none,XVVX,,,black,spaß,noun,positive,black,,m,2076.527500001248,,,,34
87,490,6,17,1,part_of_speech_classification,prime_discrimination,prime_discrimination,none,WJJW,,,black,gütig,adjective,positive,black,0.9305,,,,0.34,0.47,34
87,490,6,17,1,part_of_speech_classification,prime_discrimination,prime_discrimination,none,WJJW,,,black,gütig,adjective,positive,black,,x,1519.200400041882,,,,34
87,491,7,17,1,part_of_speech_classification,prime_discrimination,prime_discrimination,none,MQQM,,,black,schlecht,adjective,negative,black,0.9306,,,,0.34,0.47,34
87,491,7,17,1,part_of_speech_classification,prime_discrimination,prime_discrimination,none,MQQM,,,black,schlecht,adjective,negative,black,,k,546.3236999930814,,,,34
87,492,8,17,1,part_of_speech_classification,prime_discrimination,prime_discrimination,none,MQQM,,,black,liebe,noun,positive,black,0.9308,,,,0.34,0.47,34
87,492,8,17,1,part_of_speech_classification,prime_discrimination,prime_discrimination,none,MQQM,,,black,liebe,noun,positive,black,,k,348.9492000080645,,,,34
87,493,9,17,1,part_of_speech_classification,prime_discrimination,prime_discrimination,none,ZYYZ,,,black,glück,noun,positive,black,0.9305,,,,0.34,0.47,34
87,493,9,17,1,part_of_speech_classification,prime_discrimination,prime_discrimination,none,ZYYZ,,,black,glück,noun,positive,black,,s,893.2279999717139,,,,34
87,494,10,17,1,part_of_speech_classification,prime_discrimination,prime_discrimination,none,WJJW,,,black,lustig,adjective,positive,black,0.9305,,,,0.34,0.47,34
87,494,10,17,1,part_of_speech_classification,prime_discrimination,prime_discrimination,none,WJJW,,,black,lustig,adjective,positive,black,,x,1461.0432999907061,,,,34
87,495,11,17,1,part_of_speech_classification,prime_discrimination,prime_discrimination,none,MQQM,,,black,eitel,adjective,negative,black,0.9305,,,,0.34,0.47,34
87,495,11,17,1,part_of_speech_classification,prime_discrimination,prime_discrimination,none,MQQM,,,black,eitel,adjective,negative,black,,k,532.9235999961384,,,,34
87,496,12,17,1,part_of_speech_classification,prime_discrimination,prime_discrimination,none,WJJW,,,black,gierig,adjective,negative,black,0.9305,,,,0.34,0.47,34
87,496,12,17,1,part_of_speech_classification,prime_discrimination,prime_discrimination,none,WJJW,,,black,gierig,adjective,negative,black,,x,2140.1953999884427,,,,34
87,497,1,18,2,part_of_speech_classification,prime_discrimination,prime_discrimination,none,WJJW,,,black,gütig,adjective,positive,black,0.8805,,,,0.34,0.47,34
87,497,1,18,2,part_of_speech_classification,prime_discrimination,prime_discrimination,none,WJJW,,,black,gütig,adjective,positive,black,,x,2035.3780000004917,,,,34
87,498,2,18,2,part_of_speech_classification,prime_discrimination,prime_discrimination,none,MQQM,,,black,glück,noun,positive,black,0.8804,,,,0.34,0.47,34
87,498,2,18,2,part_of_speech_classification,prime_discrimination,prime_discrimination,none,MQQM,,,black,glück,noun,positive,black,,k,423.54960000375286,,,,34
87,499,3,18,2,part_of_speech_classification,prime_discrimination,prime_discrimination,none,ZYYZ,,,black,gift,noun,negative,black,0.8804,,,,0.34,0.47,34
87,499,3,18,2,part_of_speech_classification,prime_discrimination,prime_discrimination,none,ZYYZ,,,black,gift,noun,negative,black,,s,475.4971999791451,,,,34
87,500,4,18,2,part_of_speech_classification,prime_discrimination,prime_discrimination,none,XVVX,,,black,schön,adjective,positive,black,0.8804,,,,0.34,0.47,34
87,500,4,18,2,part_of_speech_classification,prime_discrimination,prime_discrimination,none,XVVX,,,black,schön,adjective,positive,black,,m,2498.064899991732,,,,34
87,501,5,18,2,part_of_speech_classification,prime_discrimination,prime_discrimination,none,XVVX,,,black,gütig,adjective,positive,black,0.9105,,,,0.34,0.47,34
87,501,5,18,2,part_of_speech_classification,prime_discrimination,prime_discrimination,none,XVVX,,,black,gütig,adjective,positive,black,,x,1114.4775000284426,,,,34
87,502,6,18,2,part_of_speech_classification,prime_discrimination,prime_discrimination,none,MQQM,,,black,entführung,noun,negative,black,0.8805,,,,0.34,0.47,34
87,502,6,18,2,part_of_speech_classification,prime_discrimination,prime_discrimination,none,MQQM,,,black,entführung,noun,negative,black,,k,1179.3146000127308,,,,34
87,503,7,18,2,part_of_speech_classification,prime_discrimination,prime_discrimination,none,ZYYZ,,,black,einfall,noun,positive,black,0.8804,,,,0.34,0.47,34
87,503,7,18,2,part_of_speech_classification,prime_discrimination,prime_discrimination,none,ZYYZ,,,black,einfall,noun,positive,black,,k,1835.8084000064991,,,,34
87,504,8,18,2,part_of_speech_classification,prime_discrimination,prime_discrimination,none,MQQM,,,black,gierig,adjective,negative,black,0.8805,,,,0.34,0.47,34
87,504,8,18,2,part_of_speech_classification,prime_discrimination,prime_discrimination,none,MQQM,,,black,gierig,adjective,negative,black,,k,428.10990003636107,,,,34
87,505,9,18,2,part_of_speech_classification,prime_discrimination,prime_discrimination,none,MQQM,,,black,spaß,noun,positive,black,0.8804,,,,0.34,0.47,34
87,505,9,18,2,part_of_speech_classification,prime_discrimination,prime_discrimination,none,MQQM,,,black,spaß,noun,positive,black,,k,1920.4696000088006,,,,34
87,506,10,18,2,part_of_speech_classification,prime_discrimination,prime_discrimination,none,XVVX,,,black,schleim,noun,negative,black,0.8805,,,,0.34,0.47,34
87,506,10,18,2,part_of_speech_classification,prime_discrimination,prime_discrimination,none,XVVX,,,black,schleim,noun,negative,black,,s,2163.7519999640062,,,,34
87,507,11,18,2,part_of_speech_classification,prime_discrimination,prime_discrimination,none,MQQM,,,black,launisch,adjective,negative,black,0.8804,,,,0.34,0.47,34
87,507,11,18,2,part_of_speech_classification,prime_discrimination,prime_discrimination,none,MQQM,,,black,launisch,adjective,negative,black,,x,1191.3191000348888,,,,34
87,508,12,18,2,part_of_speech_classification,prime_discrimination,prime_discrimination,none,WJJW,,,black,launisch,adjective,negative,black,0.8804,,,,0.34,0.47,34
87,508,12,18,2,part_of_speech_classification,prime_discrimination,prime_discrimination,none,WJJW,,,black,launisch,adjective,negative,black,,m,3161.5234999917448,,,,34
87,509,13,18,2,part_of_speech_classification,prime_discrimination,prime_discrimination,none,WJJW,,,black,schleim,noun,negative,black,0.8805,,,,0.34,0.47,34
87,509,13,18,2,part_of_speech_classification,prime_discrimination,prime_discrimination,none,WJJW,,,black,schleim,noun,negative,black,,s,1088.5351999895647,,,,34
87,510,14,18,2,part_of_speech_classification,prime_discrimination,prime_discrimination,none,WJJW,,,black,gütig,adjective,positive,black,0.8804,,,,0.34,0.47,34
87,510,14,18,2,part_of_speech_classification,prime_discrimination,prime_discrimination,none,WJJW,,,black,gütig,adjective,positive,black,,x,1191.0868000122719,,,,34
87,511,15,18,2,part_of_speech_classification,prime_discrimination,prime_discrimination,none,MQQM,,,black,schön,adjective,positive,black,0.9109,,,,0.34,0.47,34
87,511,15,18,2,part_of_speech_classification,prime_discrimination,prime_discrimination,none,MQQM,,,black,schön,adjective,positive,black,,k,914.4986000028439,,,,34
87,512,16,18,2,part_of_speech_classification,prime_discrimination,prime_discrimination,none,ZYYZ,,,black,leiche,noun,negative,black,0.8804,,,,0.34,0.47,34
87,512,16,18,2,part_of_speech_classification,prime_discrimination,prime_discrimination,none,ZYYZ,,,black,leiche,noun,negative,black,,s,1216.4584000129253,,,,34
87,513,17,18,2,part_of_speech_classification,prime_discrimination,prime_discrimination,none,MQQM,,,black,lustig,adjective,positive,black,0.8804,,,,0.34,0.47,34
87,513,17,18,2,part_of_speech_classification,prime_discrimination,prime_discrimination,none,MQQM,,,black,lustig,adjective,positive,black,,k,351.4396999962628,,,,34
87,514,18,18,2,part_of_speech_classification,prime_discrimination,prime_discrimination,none,ZYYZ,,,black,schleim,noun,negative,black,0.8805,,,,0.34,0.47,34
87,514,18,18,2,part_of_speech_classification,prime_discrimination,prime_discrimination,none,ZYYZ,,,black,schleim,noun,negative,black,,s,805.9781999909319,,,,34
87,515,19,18,2,part_of_speech_classification,prime_discrimination,prime_discrimination,none,XVVX,,,black,lustig,adjective,positive,black,0.8804,,,,0.34,0.47,34
87,515,19,18,2,part_of_speech_classification,prime_discrimination,prime_discrimination,none,XVVX,,,black,lustig,adjective,positive,black,,s,1885.9245000057854,,,,34
87,516,20,18,2,part_of_speech_classification,prime_discrimination,prime_discrimination,none,ZYYZ,,,black,liebe,noun,positive,black,0.8805,,,,0.34,0.47,34
87,516,20,18,2,part_of_speech_classification,prime_discrimination,prime_discrimination,none,ZYYZ,,,black,liebe,noun,positive,black,,s,2480.2286999765784,,,,34
87,517,21,18,2,part_of_speech_classification,prime_discrimination,prime_discrimination,none,ZYYZ,,,black,schön,adjective,positive,black,0.8805,,,,0.34,0.47,34
87,517,21,18,2,part_of_speech_classification,prime_discrimination,prime_discrimination,none,ZYYZ,,,black,schön,adjective,positive,black,,s,1768.602899974212,,,,34
87,518,22,18,2,part_of_speech_classification,prime_discrimination,prime_discrimination,none,XVVX,,,black,glück,noun,positive,black,0.8805,,,,0.34,0.47,34
87,518,22,18,2,part_of_speech_classification,prime_discrimination,prime_discrimination,none,XVVX,,,black,glück,noun,positive,black,,x,2816.6684999596328,,,,34
87,519,23,18,2,part_of_speech_classification,prime_discrimination,prime_discrimination,none,MQQM,,,black,gierig,adjective,negative,black,0.8804,,,,0.34,0.47,34
87,519,23,18,2,part_of_speech_classification,prime_discrimination,prime_discrimination,none,MQQM,,,black,gierig,adjective,negative,black,,k,1523.02810002584,,,,34
87,520,24,18,2,part_of_speech_classification,prime_discrimination,prime_discrimination,none,MQQM,,,black,gierig,adjective,negative,black,0.8804,,,,0.34,0.47,34
87,520,24,18,2,part_of_speech_classification,prime_discrimination,prime_discrimination,none,MQQM,,,black,gierig,adjective,negative,black,,k,330.30760003020987,,,,34
87,521,25,18,2,part_of_speech_classification,prime_discrimination,prime_discrimination,none,MQQM,,,black,einfall,noun,positive,black,0.8805,,,,0.34,0.47,34
87,521,25,18,2,part_of_speech_classification,prime_discrimination,prime_discrimination,none,MQQM,,,black,einfall,noun,positive,black,,k,365.90510001406074,,,,34
87,522,26,18,2,part_of_speech_classification,prime_discrimination,prime_discrimination,none,XVVX,,,black,entführung,noun,negative,black,0.8805,,,,0.34,0.47,34
87,522,26,18,2,part_of_speech_classification,prime_discrimination,prime_discrimination,none,XVVX,,,black,entführung,noun,negative,black,,m,1121.8201000010595,,,,34
87,523,27,18,2,part_of_speech_classification,prime_discrimination,prime_discrimination,none,XVVX,,,black,spaß,noun,positive,black,0.8805,,,,0.34,0.47,34
87,523,27,18,2,part_of_speech_classification,prime_discrimination,prime_discrimination,none,XVVX,,,black,spaß,noun,positive,black,,m,3079.0565999923274,,,,34
87,524,28,18,2,part_of_speech_classification,prime_discrimination,prime_discrimination,none,WJJW,,,black,lustig,adjective,positive,black,0.8805,,,,0.34,0.47,34
87,524,28,18,2,part_of_speech_classification,prime_discrimination,prime_discrimination,none,WJJW,,,black,lustig,adjective,positive,black,,k,2126.9441000185907,,,,34
87,525,29,18,2,part_of_speech_classification,prime_discrimination,prime_discrimination,none,MQQM,,,black,ehrlich,adjective,positive,black,0.8804,,,,0.34,0.47,34
87,525,29,18,2,part_of_speech_classification,prime_discrimination,prime_discrimination,none,MQQM,,,black,ehrlich,adjective,positive,black,,k,1144.758200040087,,,,34
87,526,30,18,2,part_of_speech_classification,prime_discrimination,prime_discrimination,none,ZYYZ,,,black,eitel,adjective,negative,black,0.8804,,,,0.34,0.47,34
87,526,30,18,2,part_of_speech_classification,prime_discrimination,prime_discrimination,none,ZYYZ,,,black,eitel,adjective,negative,black,,s,684.9200000287965,,,,34
87,527,31,18,2,part_of_speech_classification,prime_discrimination,prime_discrimination,none,ZYYZ,,,black,einfall,noun,positive,black,0.8805,,,,0.34,0.47,34
87,527,31,18,2,part_of_speech_classification,prime_discrimination,prime_discrimination,none,ZYYZ,,,black,einfall,noun,positive,black,,x,1048.7991999834776,,,,34
87,528,32,18,2,part_of_speech_classification,prime_discrimination,prime_discrimination,none,WJJW,,,black,entführung,noun,negative,black,0.8804,,,,0.34,0.47,34
87,528,32,18,2,part_of_speech_classification,prime_discrimination,prime_discrimination,none,WJJW,,,black,entführung,noun,negative,black,,x,2352.2347999969497,,,,34
87,529,33,18,2,part_of_speech_classification,prime_discrimination,prime_discrimination,none,ZYYZ,,,black,leiche,noun,negative,black,0.8804,,,,0.34,0.47,34
87,529,33,18,2,part_of_speech_classification,prime_discrimination,prime_discrimination,none,ZYYZ,,,black,leiche,noun,negative,black,,s,501.96650001453236,,,,34
87,530,34,18,2,part_of_speech_classification,prime_discrimination,prime_discrimination,none,ZYYZ,,,black,gift,noun,negative,black,0.8804,,,,0.34,0.47,34
87,530,34,18,2,part_of_speech_classification,prime_discrimination,prime_discrimination,none,ZYYZ,,,black,gift,noun,negative,black,,s,1286.6348000243306,,,,34
87,531,35,18,2,part_of_speech_classification,prime_discrimination,prime_discrimination,none,XVVX,,,black,spaß,noun,positive,black,0.8804,,,,0.34,0.47,34
87,531,35,18,2,part_of_speech_classification,prime_discrimination,prime_discrimination,none,XVVX,,,black,spaß,noun,positive,black,,k,470.55020002881065,,,,34
87,532,36,18,2,part_of_speech_classification,prime_discrimination,prime_discrimination,none,ZYYZ,,,black,lustig,adjective,positive,black,0.8804,,,,0.34,0.47,34
87,532,36,18,2,part_of_speech_classification,prime_discrimination,prime_discrimination,none,ZYYZ,,,black,lustig,adjective,positive,black,,s,453.8996999617666,,,,34
87,533,37,18,2,part_of_speech_classification,prime_discrimination,prime_discrimination,none,WJJW,,,black,launisch,adjective,negative,black,0.9104,,,,0.34,0.47,34
87,533,37,18,2,part_of_speech_classification,prime_discrimination,prime_discrimination,none,WJJW,,,black,launisch,adjective,negative,black,,x,1108.761300041806,,,,34
87,534,38,18,2,part_of_speech_classification,prime_discrimination,prime_discrimination,none,XVVX,,,black,liebe,noun,positive,black,0.8804,,,,0.34,0.47,34
87,534,38,18,2,part_of_speech_classification,prime_discrimination,prime_discrimination,none,XVVX,,,black,liebe,noun,positive,black,,m,2329.5265999622643,,,,34
87,535,39,18,2,part_of_speech_classification,prime_discrimination,prime_discrimination,none,XVVX,,,black,schlecht,adjective,negative,black,0.8804,,,,0.34,0.47,34
87,535,39,18,2,part_of_speech_classification,prime_discrimination,prime_discrimination,none,XVVX,,,black,schlecht,adjective,negative,black,,s,742.271900002379,,,,34
87,536,40,18,2,part_of_speech_classification,prime_discrimination,prime_discrimination,none,WJJW,,,black,leiche,noun,negative,black,0.8805,,,,0.34,0.47,34
87,536,40,18,2,part_of_speech_classification,prime_discrimination,prime_discrimination,none,WJJW,,,black,leiche,noun,negative,black,,x,1569.182900013402,,,,34
87,537,41,18,2,part_of_speech_classification,prime_discrimination,prime_discrimination,none,XVVX,,,black,eitel,adjective,negative,black,0.8805,,,,0.34,0.47,34
87,537,41,18,2,part_of_speech_classification,prime_discrimination,prime_discrimination,none,XVVX,,,black,eitel,adjective,negative,black,,k,1693.0787000455894,,,,34
87,538,42,18,2,part_of_speech_classification,prime_discrimination,prime_discrimination,none,WJJW,,,black,liebe,noun,positive,black,0.8804,,,,0.34,0.47,34
87,538,42,18,2,part_of_speech_classification,prime_discrimination,prime_discrimination,none,WJJW,,,black,liebe,noun,positive,black,,k,1275.9328000247478,,,,34
87,539,43,18,2,part_of_speech_classification,prime_discrimination,prime_discrimination,none,XVVX,,,black,gift,noun,negative,black,0.9105,,,,0.34,0.47,34
87,539,43,18,2,part_of_speech_classification,prime_discrimination,prime_discrimination,none,XVVX,,,black,gift,noun,negative,black,,m,1192.5362999900244,,,,34
87,540,44,18,2,part_of_speech_classification,prime_discrimination,prime_discrimination,none,ZYYZ,,,black,ehrlich,adjective,positive,black,0.8804,,,,0.34,0.47,34
87,540,44,18,2,part_of_speech_classification,prime_discrimination,prime_discrimination,none,ZYYZ,,,black,ehrlich,adjective,positive,black,,s,442.8170999744907,,,,34
87,541,45,18,2,part_of_speech_classification,prime_discrimination,prime_discrimination,none,ZYYZ,,,black,ehrlich,adjective,positive,black,0.8804,,,,0.34,0.47,34
87,541,45,18,2,part_of_speech_classification,prime_discrimination,prime_discrimination,none,ZYYZ,,,black,ehrlich,adjective,positive,black,,s,264.3028000020422,,,,34
87,542,46,18,2,part_of_speech_classification,prime_discrimination,prime_discrimination,none,XVVX,,,black,schön,adjective,positive,black,0.8804,,,,0.34,0.47,34
87,542,46,18,2,part_of_speech_classification,prime_discrimination,prime_discrimination,none,XVVX,,,black,schön,adjective,positive,black,,m,1204.3818999663927,,,,34
87,543,47,18,2,part_of_speech_classification,prime_discrimination,prime_discrimination,none,WJJW,,,black,eitel,adjective,negative,black,0.8804,,,,0.34,0.47,34
87,543,47,18,2,part_of_speech_classification,prime_discrimination,prime_discrimination,none,WJJW,,,black,eitel,adjective,negative,black,,s,1780.9707000269555,,,,34
87,544,48,18,2,part_of_speech_classification,prime_discrimination,prime_discrimination,none,WJJW,,,black,ehrlich,adjective,positive,black,0.8804,,,,0.34,0.47,34
87,544,48,18,2,part_of_speech_classification,prime_discrimination,prime_discrimination,none,WJJW,,,black,ehrlich,adjective,positive,black,,x,573.4238000004552,,,,34
87,545,49,18,2,part_of_speech_classification,prime_discrimination,prime_discrimination,none,MQQM,,,black,gütig,adjective,positive,black,0.8804,,,,0.34,0.47,34
87,545,49,18,2,part_of_speech_classification,prime_discrimination,prime_discrimination,none,MQQM,,,black,gütig,adjective,positive,black,,k,627.4215999874286,,,,34
87,546,50,18,2,part_of_speech_classification,prime_discrimination,prime_discrimination,none,WJJW,,,black,glück,noun,positive,black,0.8804,,,,0.34,0.47,34
87,546,50,18,2,part_of_speech_classification,prime_discrimination,prime_discrimination,none,WJJW,,,black,glück,noun,positive,black,,k,464.93529999861494,,,,34
87,547,51,18,2,part_of_speech_classification,prime_discrimination,prime_discrimination,none,MQQM,,,black,schlecht,adjective,negative,black,0.8804,,,,0.34,0.47,34
87,547,51,18,2,part_of_speech_classification,prime_discrimination,prime_discrimination,none,MQQM,,,black,schlecht,adjective,negative,black,,s,692.6687000086531,,,,34
87,548,52,18,2,part_of_speech_classification,prime_discrimination,prime_discrimination,none,WJJW,,,black,schlecht,adjective,negative,black,0.8805,,,,0.34,0.47,34
87,548,52,18,2,part_of_speech_classification,prime_discrimination,prime_discrimination,none,WJJW,,,black,schlecht,adjective,negative,black,,s,1400.9187000337988,,,,34
87,549,1,19,3,part_of_speech_classification,prime_discrimination,prime_discrimination,none,XVVX,,,black,schlecht,adjective,negative,black,0.8834,,,,0.34,0.47,34
87,549,1,19,3,part_of_speech_classification,prime_discrimination,prime_discrimination,none,XVVX,,,black,schlecht,adjective,negative,black,,s,597.2077999613248,,,,34
87,550,2,19,3,part_of_speech_classification,prime_discrimination,prime_discrimination,none,XVVX,,,black,lustig,adjective,positive,black,0.8804,,,,0.34,0.47,34
87,550,2,19,3,part_of_speech_classification,prime_discrimination,prime_discrimination,none,XVVX,,,black,lustig,adjective,positive,black,,m,1031.9619000074454,,,,34
87,551,3,19,3,part_of_speech_classification,prime_discrimination,prime_discrimination,none,WJJW,,,black,einfall,noun,positive,black,0.8804,,,,0.34,0.47,34
87,551,3,19,3,part_of_speech_classification,prime_discrimination,prime_discrimination,none,WJJW,,,black,einfall,noun,positive,black,,x,1595.629999996163,,,,34
87,552,4,19,3,part_of_speech_classification,prime_discrimination,prime_discrimination,none,ZYYZ,,,black,gift,noun,negative,black,0.8805,,,,0.34,0.47,34
87,552,4,19,3,part_of_speech_classification,prime_discrimination,prime_discrimination,none,ZYYZ,,,black,gift,noun,negative,black,,s,321.58439996419474,,,,34
87,553,5,19,3,part_of_speech_classification,prime_discrimination,prime_discrimination,none,XVVX,,,black,ehrlich,adjective,positive,black,0.8804,,,,0.34,0.47,34
87,553,5,19,3,part_of_speech_classification,prime_discrimination,prime_discrimination,none,XVVX,,,black,ehrlich,adjective,positive,black,,x,1547.2156999749132,,,,34
87,554,6,19,3,part_of_speech_classification,prime_discrimination,prime_discrimination,none,ZYYZ,,,black,ehrlich,adjective,positive,black,0.8804,,,,0.34,0.47,34
87,554,6,19,3,part_of_speech_classification,prime_discrimination,prime_discrimination,none,ZYYZ,,,black,ehrlich,adjective,positive,black,,s,4423.350800003391,,,,34
87,555,7,19,3,part_of_speech_classification,prime_discrimination,prime_discrimination,none,XVVX,,,black,spaß,noun,positive,black,0.8805,,,,0.34,0.47,34
87,555,7,19,3,part_of_speech_classification,prime_discrimination,prime_discrimination,none,XVVX,,,black,spaß,noun,positive,black,,x,1446.782400016673,,,,34
87,556,8,19,3,part_of_speech_classification,prime_discrimination,prime_discrimination,none,MQQM,,,black,gierig,adjective,negative,black,0.8805,,,,0.34,0.47,34
87,556,8,19,3,part_of_speech_classification,prime_discrimination,prime_discrimination,none,MQQM,,,black,gierig,adjective,negative,black,,k,918.5489999945275,,,,34
87,557,9,19,3,part_of_speech_classification,prime_discrimination,prime_discrimination,none,XVVX,,,black,gierig,adjective,negative,black,0.8804,,,,0.34,0.47,34
87,557,9,19,3,part_of_speech_classification,prime_discrimination,prime_discrimination,none,XVVX,,,black,gierig,adjective,negative,black,,k,343.83440000237897,,,,34
87,558,10,19,3,part_of_speech_classification,prime_discrimination,prime_discrimination,none,MQQM,,,black,entführung,noun,negative,black,0.8804,,,,0.34,0.47,34
87,558,10,19,3,part_of_speech_classification,prime_discrimination,prime_discrimination,none,MQQM,,,black,entführung,noun,negative,black,,k,1138.7411000323482,,,,34
87,559,11,19,3,part_of_speech_classification,prime_discrimination,prime_discrimination,none,WJJW,,,black,launisch,adjective,negative,black,0.8804,,,,0.34,0.47,34
87,559,11,19,3,part_of_speech_classification,prime_discrimination,prime_discrimination,none,WJJW,,,black,launisch,adjective,negative,black,,m,3529.68650002731,,,,34
87,560,12,19,3,part_of_speech_classification,prime_discrimination,prime_discrimination,none,WJJW,,,black,spaß,noun,positive,black,0.8805,,,,0.34,0.47,34
87,560,12,19,3,part_of_speech_classification,prime_discrimination,prime_discrimination,none,WJJW,,,black,spaß,noun,positive,black,,x,1161.45959997084,,,,34
87,561,13,19,3,part_of_speech_classification,prime_discrimination,prime_discrimination,none,ZYYZ,,,black,schleim,noun,negative,black,0.9105,,,,0.34,0.47,34
87,561,13,19,3,part_of_speech_classification,prime_discrimination,prime_discrimination,none,ZYYZ,,,black,schleim,noun,negative,black,,s,272.21269998699427,,,,34
87,562,14,19,3,part_of_speech_classification,prime_discrimination,prime_discrimination,none,ZYYZ,,,black,launisch,adjective,negative,black,0.8804,,,,0.34,0.47,34
87,562,14,19,3,part_of_speech_classification,prime_discrimination,prime_discrimination,none,ZYYZ,,,black,launisch,adjective,negative,black,,s,374.1559999762103,,,,34
87,563,15,19,3,part_of_speech_classification,prime_discrimination,prime_discrimination,none,ZYYZ,,,black,eitel,adjective,negative,black,0.9106,,,,0.34,0.47,34
87,563,15,19,3,part_of_speech_classification,prime_discrimination,prime_discrimination,none,ZYYZ,,,black,eitel,adjective,negative,black,,s,395.80220001516864,,,,34
87,564,16,19,3,part_of_speech_classification,prime_discrimination,prime_discrimination,none,MQQM,,,black,schön,adjective,positive,black,0.8804,,,,0.34,0.47,34
87,564,16,19,3,part_of_speech_classification,prime_discrimination,prime_discrimination,none,MQQM,,,black,schön,adjective,positive,black,,k,441.8955000001006,,,,34
87,565,17,19,3,part_of_speech_classification,prime_discrimination,prime_discrimination,none,MQQM,,,black,schön,adjective,positive,black,0.8804,,,,0.34,0.47,34
87,565,17,19,3,part_of_speech_classification,prime_discrimination,prime_discrimination,none,MQQM,,,black,schön,adjective,positive,black,,k,380.8337000082247,,,,34
87,566,18,19,3,part_of_speech_classification,prime_discrimination,prime_discrimination,none,MQQM,,,black,glück,noun,positive,black,0.8804,,,,0.34,0.47,34
87,566,18,19,3,part_of_speech_classification,prime_discrimination,prime_discrimination,none,MQQM,,,black,glück,noun,positive,black,,m,1057.5713000143878,,,,34
87,567,19,19,3,part_of_speech_classification,prime_discrimination,prime_discrimination,none,WJJW,,,black,gütig,adjective,positive,black,0.8804,,,,0.34,0.47,34
87,567,19,19,3,part_of_speech_classification,prime_discrimination,prime_discrimination,none,WJJW,,,black,gütig,adjective,positive,black,,x,1625.1537000061944,,,,34
87,568,20,19,3,part_of_speech_classification,prime_discrimination,prime_discrimination,none,MQQM,,,black,glück,noun,positive,black,0.8804,,,,0.34,0.47,34
87,568,20,19,3,part_of_speech_classification,prime_discrimination,prime_discrimination,none,MQQM,,,black,glück,noun,positive,black,,k,766.0127999843098,,,,34
87,569,21,19,3,part_of_speech_classification,prime_discrimination,prime_discrimination,none,WJJW,,,black,schleim,noun,negative,black,0.8804,,,,0.34,0.47,34
87,569,21,19,3,part_of_speech_classification,prime_discrimination,prime_discrimination,none,WJJW,,,black,schleim,noun,negative,black,,x,1184.651900024619,,,,34
87,570,22,19,3,part_of_speech_classification,prime_discrimination,prime_discrimination,none,WJJW,,,black,schlecht,adjective,negative,black,0.8804,,,,0.34,0.47,34
87,570,22,19,3,part_of_speech_classification,prime_discrimination,prime_discrimination,none,WJJW,,,black,schlecht,adjective,negative,black,,x,977.4687999743037,,,,34
87,571,23,19,3,part_of_speech_classification,prime_discrimination,prime_discrimination,none,XVVX,,,black,glück,noun,positive,black,0.8804,,,,0.34,0.47,34
87,571,23,19,3,part_of_speech_classification,prime_discrimination,prime_discrimination,none,XVVX,,,black,glück,noun,positive,black,,s,1168.3591000037268,,,,34
87,572,24,19,3,part_of_speech_classification,prime_discrimination,prime_discrimination,none,XVVX,,,black,entführung,noun,negative,black,0.8804,,,,0.34,0.47,34
87,572,24,19,3,part_of_speech_classification,prime_discrimination,prime_discrimination,none,XVVX,,,black,entführung,noun,negative,black,,m,1361.1066000303254,,,,34
87,573,25,19,3,part_of_speech_classification,prime_discrimination,prime_discrimination,none,MQQM,,,black,leiche,noun,negative,black,0.8804,,,,0.34,0.47,34
87,573,25,19,3,part_of_speech_classification,prime_discrimination,prime_discrimination,none,MQQM,,,black,leiche,noun,negative,black,,x,1292.847200005781,,,,34
87,574,26,19,3,part_of_speech_classification,prime_discrimination,prime_discrimination,none,WJJW,,,black,schön,adjective,positive,black,0.8804,,,,0.34,0.47,34
87,574,26,19,3,part_of_speech_classification,prime_discrimination,prime_discrimination,none,WJJW,,,black,schön,adjective,positive,black,,x,501.1818999773823,,,,34
87,575,27,19,3,part_of_speech_classification,prime_discrimination,prime_discrimination,none,MQQM,,,black,lustig,adjective,positive,black,0.8804,,,,0.34,0.47,34
87,575,27,19,3,part_of_speech_classification,prime_discrimination,prime_discrimination,none,MQQM,,,black,lustig,adjective,positive,black,,k,820.9943000110798,,,,34
87,576,28,19,3,part_of_speech_classification,prime_discrimination,prime_discrimination,none,WJJW,,,black,liebe,noun,positive,black,0.8804,,,,0.34,0.47,34
87,576,28,19,3,part_of_speech_classification,prime_discrimination,prime_discrimination,none,WJJW,,,black,liebe,noun,positive,black,,k,717.6389000378549,,,,34
87,577,29,19,3,part_of_speech_classification,prime_discrimination,prime_discrimination,none,MQQM,,,black,leiche,noun,negative,black,0.8804,,,,0.34,0.47,34
87,577,29,19,3,part_of_speech_classification,prime_discrimination,prime_discrimination,none,MQQM,,,black,leiche,noun,negative,black,,k,11.086200014688075,,,,34
87,578,30,19,3,part_of_speech_classification,prime_discrimination,prime_discrimination,none,MQQM,,,black,eitel,adjective,negative,black,0.8804,,,,0.34,0.47,34
87,578,30,19,3,part_of_speech_classification,prime_discrimination,prime_discrimination,none,MQQM,,,black,eitel,adjective,negative,black,,s,5624.391800025478,,,,34
87,579,31,19,3,part_of_speech_classification,prime_discrimination,prime_discrimination,none,ZYYZ,,,black,einfall,noun,positive,black,0.8805,,,,0.34,0.47,34
87,579,31,19,3,part_of_speech_classification,prime_discrimination,prime_discrimination,none,ZYYZ,,,black,einfall,noun,positive,black,,x,5729.311000031885,,,,34
87,580,32,19,3,part_of_speech_classification,prime_discrimination,prime_discrimination,none,ZYYZ,,,black,ehrlich,adjective,positive,black,0.8804,,,,0.34,0.47,34
87,580,32,19,3,part_of_speech_classification,prime_discrimination,prime_discrimination,none,ZYYZ,,,black,ehrlich,adjective,positive,black,,s,665.043400018476,,,,34
87,581,33,19,3,part_of_speech_classification,prime_discrimination,prime_discrimination,none,ZYYZ,,,black,gift,noun,negative,black,0.8805,,,,0.34,0.47,34
87,581,33,19,3,part_of_speech_classification,prime_discrimination,prime_discrimination,none,ZYYZ,,,black,gift,noun,negative,black,,k,2449.2526999674737,,,,34
87,582,34,19,3,part_of_speech_classification,prime_discrimination,prime_discrimination,none,XVVX,,,black,lustig,adjective,positive,black,0.8804,,,,0.34,0.47,34
87,582,34,19,3,part_of_speech_classification,prime_discrimination,prime_discrimination,none,XVVX,,,black,lustig,adjective,positive,black,,m,1521.1748000001535,,,,34
87,583,35,19,3,part_of_speech_classification,prime_discrimination,prime_discrimination,none,WJJW,,,black,gift,noun,negative,black,0.9105,,,,0.34,0.47,34
87,583,35,19,3,part_of_speech_classification,prime_discrimination,prime_discrimination,none,WJJW,,,black,gift,noun,negative,black,,x,767.8133000154048,,,,34
87,584,36,19,3,part_of_speech_classification,prime_discrimination,prime_discrimination,none,ZYYZ,,,black,gütig,adjective,positive,black,0.8804,,,,0.34,0.47,34
87,584,36,19,3,part_of_speech_classification,prime_discrimination,prime_discrimination,none,ZYYZ,,,black,gütig,adjective,positive,black,,s,969.7787000332028,,,,34
87,585,37,19,3,part_of_speech_classification,prime_discrimination,prime_discrimination,none,XVVX,,,black,einfall,noun,positive,black,0.8805,,,,0.34,0.47,34
87,585,37,19,3,part_of_speech_classification,prime_discrimination,prime_discrimination,none,XVVX,,,black,einfall,noun,positive,black,,s,1209.9618999636732,,,,34
87,586,38,19,3,part_of_speech_classification,prime_discrimination,prime_discrimination,none,XVVX,,,black,lustig,adjective,positive,black,0.8804,,,,0.34,0.47,34
87,586,38,19,3,part_of_speech_classification,prime_discrimination,prime_discrimination,none,XVVX,,,black,lustig,adjective,positive,black,,m,679.119200038258,,,,34
87,587,39,19,3,part_of_speech_classification,prime_discrimination,prime_discrimination,none,ZYYZ,,,black,launisch,adjective,negative,black,0.8804,,,,0.34,0.47,34
87,587,39,19,3,part_of_speech_classification,prime_discrimination,prime_discrimination,none,ZYYZ,,,black,launisch,adjective,negative,black,,s,908.4203999955207,,,,34
87,588,40,19,3,part_of_speech_classification,prime_discrimination,prime_discrimination,none,WJJW,,,black,schön,adjective,positive,black,0.8804,,,,0.34,0.47,34
87,588,40,19,3,part_of_speech_classification,prime_discrimination,prime_discrimination,none,WJJW,,,black,schön,adjective,positive,black,,x,787.2914000181481,,,,34
87,589,41,19,3,part_of_speech_classification,prime_discrimination,prime_discrimination,none,WJJW,,,black,schleim,noun,negative,black,0.8804,,,,0.34,0.47,34
87,589,41,19,3,part_of_speech_classification,prime_discrimination,prime_discrimination,none,WJJW,,,black,schleim,noun,negative,black,,k,1146.2950999848545,,,,34
87,590,42,19,3,part_of_speech_classification,prime_discrimination,prime_discrimination,none,XVVX,,,black,gütig,adjective,positive,black,0.8804,,,,0.34,0.47,34
87,590,42,19,3,part_of_speech_classification,prime_discrimination,prime_discrimination,none,XVVX,,,black,gütig,adjective,positive,black,,k,1031.0020999750122,,,,34
87,591,43,19,3,part_of_speech_classification,prime_discrimination,prime_discrimination,none,ZYYZ,,,black,eitel,adjective,negative,black,0.8805,,,,0.34,0.47,34
87,591,43,19,3,part_of_speech_classification,prime_discrimination,prime_discrimination,none,ZYYZ,,,black,eitel,adjective,negative,black,,s,1036.7642000201158,,,,34
87,592,44,19,3,part_of_speech_classification,prime_discrimination,prime_discrimination,none,XVVX,,,black,liebe,noun,positive,black,0.8804,,,,0.34,0.47,34
87,592,44,19,3,part_of_speech_classification,prime_discrimination,prime_discrimination,none,XVVX,,,black,liebe,noun,positive,black,,m,862.2363999602385,,,,34
87,593,45,19,3,part_of_speech_classification,prime_discrimination,prime_discrimination,none,ZYYZ,,,black,ehrlich,adjective,positive,black,0.8804,,,,0.34,0.47,34
87,593,45,19,3,part_of_speech_classification,prime_discrimination,prime_discrimination,none,ZYYZ,,,black,ehrlich,adjective,positive,black,,s,1355.1250000018626,,,,34
87,594,46,19,3,part_of_speech_classification,prime_discrimination,prime_discrimination,none,WJJW,,,black,schlecht,adjective,negative,black,0.8804,,,,0.34,0.47,34
87,594,46,19,3,part_of_speech_classification,prime_discrimination,prime_discrimination,none,WJJW,,,black,schlecht,adjective,negative,black,,x,550.0029000104405,,,,34
87,595,47,19,3,part_of_speech_classification,prime_discrimination,prime_discrimination,none,WJJW,,,black,entführung,noun,negative,black,0.8805,,,,0.34,0.47,34
87,595,47,19,3,part_of_speech_classification,prime_discrimination,prime_discrimination,none,WJJW,,,black,entführung,noun,negative,black,,k,1338.619199988898,,,,34
87,596,48,19,3,part_of_speech_classification,prime_discrimination,prime_discrimination,none,XVVX,,,black,gütig,adjective,positive,black,0.8805,,,,0.34,0.47,34
87,596,48,19,3,part_of_speech_classification,prime_discrimination,prime_discrimination,none,XVVX,,,black,gütig,adjective,positive,black,,m,2230.649999983143,,,,34
87,597,49,19,3,part_of_speech_classification,prime_discrimination,prime_discrimination,none,ZYYZ,,,black,gierig,adjective,negative,black,0.9105,,,,0.34,0.47,34
87,597,49,19,3,part_of_speech_classification,prime_discrimination,prime_discrimination,none,ZYYZ,,,black,gierig,adjective,negative,black,,s,418.62279997440055,,,,34
87,598,50,19,3,part_of_speech_classification,prime_discrimination,prime_discrimination,none,MQQM,,,black,leiche,noun,negative,black,0.8805,,,,0.34,0.47,34
87,598,50,19,3,part_of_speech_classification,prime_discrimination,prime_discrimination,none,MQQM,,,black,leiche,noun,negative,black,,x,689.7752999793738,,,,34
87,599,51,19,3,part_of_speech_classification,prime_discrimination,prime_discrimination,none,MQQM,,,black,liebe,noun,positive,black,0.8805,,,,0.34,0.47,34
87,599,51,19,3,part_of_speech_classification,prime_discrimination,prime_discrimination,none,MQQM,,,black,liebe,noun,positive,black,,k,795.0150999822654,,,,34
87,600,52,19,3,part_of_speech_classification,prime_discrimination,prime_discrimination,none,MQQM,,,black,spaß,noun,positive,black,0.8804,,,,0.34,0.47,34
87,600,52,19,3,part_of_speech_classification,prime_discrimination,prime_discrimination,none,MQQM,,,black,spaß,noun,positive,black,,x,1446.5177999809384,,,,34
87,601,1,20,1,part_of_speech_classification,color_matching,matching,match_right,WJJW,adjective,negative,brown,✲✲ehrlich✲✲✲,adjective,positive,blue,0.545,nonmatch,1.2608,0,0.4671,0.6028,65.39199293522232
87,602,2,20,1,part_of_speech_classification,color_matching,matching,match_right,MQQM,adjective,positive,brown,✲✲✲liebe✲✲✲✲,noun,positive,blue,0.4932,nonmatch,0.6733,0,0.4671,0.6028,65.39199293522232
87,603,3,20,1,part_of_speech_classification,color_matching,matching,match_right,WJJW,adjective,negative,brown,✲✲✲✲spaß✲✲✲✲,noun,positive,brown,0.4967,match,0.7206,0,0.4671,0.6028,65.39199293522232
87,604,4,20,1,part_of_speech_classification,color_matching,matching,match_right,MQQM,adjective,positive,brown,✲✲ehrlich✲✲✲,adjective,positive,blue,0.4932,nonmatch,0.4913,0,0.4671,0.6028,65.39199293522232
87,605,5,20,1,part_of_speech_classification,color_matching,matching,match_right,WJJW,adjective,negative,brown,✲✲✲leiche✲✲✲,noun,negative,brown,0.4932,match,0.4564,0,0.4671,0.6028,65.39199293522232
87,606,6,20,1,part_of_speech_classification,color_matching,matching,match_right,ZYYZ,noun,negative,blue,✲✲✲eitel✲✲✲✲,adjective,negative,blue,0.4932,nonmatch,0.7685,1,0.4671,0.6028,65.39199293522232
87,607,7,20,1,part_of_speech_classification,color_matching,matching,match_right,XVVX,noun,positive,brown,✲✲✲eitel✲✲✲✲,adjective,negative,brown,0.4932,match,0.4603,0,0.4671,0.6028,65.39199293522232
87,608,8,20,1,part_of_speech_classification,color_matching,matching,match_right,XVVX,noun,positive,brown,✲✲✲gütig✲✲✲✲,adjective,positive,brown,0.4932,match,0.3999,0,0.4671,0.6028,65.39199293522232
87,609,9,20,1,part_of_speech_classification,color_matching,matching,match_right,WJJW,adjective,negative,blue,✲✲✲✲gift✲✲✲✲,noun,negative,blue,0.4932,nonmatch,0.4845,1,0.4671,0.6028,65.39199293522232
87,610,10,20,1,part_of_speech_classification,color_matching,matching,match_right,ZYYZ,noun,negative,brown,✲✲✲gütig✲✲✲✲,adjective,positive,brown,0.4932,match,0.5666,0,0.4671,0.6028,65.39199293522232
87,611,11,20,1,part_of_speech_classification,color_matching,matching,match_right,MQQM,adjective,positive,blue,✲✲✲gierig✲✲✲,adjective,negative,blue,0.4932,match,0.4532,0,0.4671,0.6028,65.39199293522232
87,612,12,20,1,part_of_speech_classification,color_matching,matching,match_right,WJJW,adjective,negative,blue,✲✲launisch✲✲,adjective,negative,brown,0.4933,nonmatch,0.547,0,0.4671,0.6028,65.39199293522232
87,613,13,20,1,part_of_speech_classification,color_matching,matching,match_right,MQQM,adjective,positive,blue,✲✲einfall✲✲✲,noun,positive,blue,0.4933,match,0.6503,0,0.4671,0.6028,65.39199293522232
87,614,14,20,1,part_of_speech_classification,color_matching,matching,match_right,ZYYZ,noun,negative,brown,✲✲✲gierig✲✲✲,adjective,negative,blue,0.4932,nonmatch,0.5322,0,0.4671,0.6028,65.39199293522232
87,615,15,20,1,part_of_speech_classification,color_matching,matching,match_right,XVVX,noun,positive,blue,✲✲schleim✲✲✲,noun,negative,brown,0.4942,nonmatch,0.6383,0,0.4671,0.6028,65.39199293522232
87,616,16,20,1,part_of_speech_classification,color_matching,matching,match_right,MQQM,adjective,positive,blue,✲✲✲✲gift✲✲✲✲,noun,negative,blue,0.4932,match,0.5283,0,0.4671,0.6028,65.39199293522232
87,617,17,20,1,part_of_speech_classification,color_matching,matching,match_right,WJJW,adjective,negative,blue,✲✲✲gierig✲✲✲,adjective,negative,blue,0.4932,match,0.5076,0,0.4671,0.6028,65.39199293522232
87,618,18,20,1,part_of_speech_classification,color_matching,matching,match_right,ZYYZ,noun,negative,blue,✲✲launisch✲✲,adjective,negative,brown,0.4932,nonmatch,0.4823,0,0.4671,0.6028,65.39199293522232
87,619,19,20,1,part_of_speech_classification,color_matching,matching,match_right,XVVX,noun,positive,brown,✲entführung✲,noun,negative,brown,0.4932,match,0.4498,0,0.4671,0.6028,65.39199293522232
87,620,20,20,1,part_of_speech_classification,color_matching,matching,match_right,ZYYZ,noun,negative,brown,✲✲schlecht✲✲,adjective,negative,brown,0.4932,match,0.4631,0,0.4671,0.6028,65.39199293522232
87,621,21,20,1,part_of_speech_classification,color_matching,matching,match_right,ZYYZ,noun,negative,brown,✲✲✲glück✲✲✲✲,noun,positive,blue,0.4936,nonmatch,0.4417,0,0.4671,0.6028,65.39199293522232
87,622,22,20,1,part_of_speech_classification,color_matching,matching,match_right,XVVX,noun,positive,blue,✲✲ehrlich✲✲✲,adjective,positive,brown,0.4932,match,0.4247,1,0.4671,0.6028,65.39199293522232
87,623,23,20,1,part_of_speech_classification,color_matching,matching,match_right,MQQM,adjective,positive,blue,✲✲✲gütig✲✲✲✲,adjective,positive,blue,0.4932,match,0.5274,0,0.4671,0.6028,65.39199293522232
87,624,24,20,1,part_of_speech_classification,color_matching,matching,match_right,MQQM,adjective,positive,blue,✲✲launisch✲✲,adjective,negative,brown,0.4965,nonmatch,0.396,0,0.4671,0.6028,65.39199293522232
87,625,25,20,1,part_of_speech_classification,color_matching,matching,match_right,ZYYZ,noun,negative,blue,✲✲✲lustig✲✲✲,adjective,positive,blue,0.4932,match,0.4246,0,0.4671,0.6028,65.39199293522232
87,626,26,20,1,part_of_speech_classification,color_matching,matching,match_right,WJJW,adjective,negative,brown,✲✲✲eitel✲✲✲✲,adjective,negative,brown,0.4932,match,0.5429,0,0.4671,0.6028,65.39199293522232
87,627,27,20,1,part_of_speech_classification,color_matching,matching,match_right,WJJW,adjective,negative,blue,✲✲✲schön✲✲✲✲,adjective,positive,blue,0.4932,match,0.4532,0,0.4671,0.6028,65.39199293522232
87,628,28,20,1,part_of_speech_classification,color_matching,matching,match_right,MQQM,adjective,positive,blue,✲entführung✲,noun,negative,brown,0.4932,nonmatch,0.4199,0,0.4671,0.6028,65.39199293522232
87,629,29,20,1,part_of_speech_classification,color_matching,matching,match_right,MQQM,adjective,positive,blue,✲✲✲✲spaß✲✲✲✲,noun,positive,brown,0.4932,nonmatch,0.4992,0,0.4671,0.6028,65.39199293522232
87,630,30,20,1,part_of_speech_classification,color_matching,matching,match_right,ZYYZ,noun,negative,blue,✲✲einfall✲✲✲,noun,positive,blue,0.4932,match,0.4317,0,0.4671,0.6028,65.39199293522232
87,631,31,20,1,part_of_speech_classification,color_matching,matching,match_right,ZYYZ,noun,negative,blue,✲entführung✲,noun,negative,brown,0.4932,match,0.4805,1,0.4671,0.6028,65.39199293522232
87,632,32,20,1,part_of_speech_classification,color_matching,matching,match_right,MQQM,adjective,positive,brown,✲✲schlecht✲✲,adjective,negative,brown,0.4932,match,0.457,0,0.4671,0.6028,65.39199293522232
87,633,33,20,1,part_of_speech_classification,color_matching,matching,match_right,XVVX,noun,positive,brown,✲✲✲leiche✲✲✲,noun,negative,blue,0.5514,match,0.6376,1,0.4671,0.6028,65.39199293522232
87,634,34,20,1,part_of_speech_classification,color_matching,matching,match_right,MQQM,adjective,positive,brown,✲✲✲lustig✲✲✲,adjective,positive,brown,0.4932,match,0.7458,0,0.5319,0.6676,74.4638331198342
87,635,35,20,1,part_of_speech_classification,color_matching,matching,match_right,WJJW,adjective,negative,brown,✲✲schleim✲✲✲,noun,negative,blue,0.4932,nonmatch,0.5275,0,0.5162,0.6519,72.26233535731113
87,636,36,20,1,part_of_speech_classification,color_matching,matching,match_right,MQQM,adjective,positive,brown,✲✲✲eitel✲✲✲✲,adjective,negative,blue,0.4932,nonmatch,0.4389,0,0.5023,0.638,70.32077159523402
87,637,37,20,1,part_of_speech_classification,color_matching,matching,match_right,ZYYZ,noun,negative,blue,✲✲schleim✲✲✲,noun,negative,blue,0.4932,nonmatch,0.5682,1,0.4901,0.6258,68.61456567761391
87,638,38,20,1,part_of_speech_classification,color_matching,matching,match_right,XVVX,noun,positive,brown,✲✲schlecht✲✲,adjective,negative,blue,0.4932,nonmatch,0.5247,0,0.5256,0.6613,73.58591920374046
87,639,39,20,1,part_of_speech_classification,color_matching,matching,match_right,MQQM,adjective,positive,brown,✲✲schleim✲✲✲,noun,negative,blue,0.4932,nonmatch,0.5825,0,0.5146,0.6504,72.04986541554345
87,640,40,20,1,part_of_speech_classification,color_matching,matching,match_right,WJJW,adjective,negative,brown,✲✲✲liebe✲✲✲✲,noun,positive,blue,0.4932,nonmatch,0.511,0,0.5051,0.6408,70.71663928161328
87,641,41,20,1,part_of_speech_classification,color_matching,matching,match_right,ZYYZ,noun,negative,brown,✲✲✲leiche✲✲✲,noun,negative,brown,0.4936,nonmatch,0.5262,1,0.4968,0.6326,69.5580430827543
87,642,42,20,1,part_of_speech_classification,color_matching,matching,match_right,WJJW,adjective,negative,blue,✲✲einfall✲✲✲,noun,positive,brown,0.4932,nonmatch,0.5902,0,0.5205,0.6562,72.86495853413538
87,643,43,20,1,part_of_speech_classification,color_matching,matching,match_right,XVVX,noun,positive,brown,✲✲✲liebe✲✲✲✲,noun,positive,blue,0.4961,nonmatch,0.6119,0,0.5124,0.6481,71.73137866111351
87,644,44,20,1,part_of_speech_classification,color_matching,matching,match_right,WJJW,adjective,negative,brown,✲✲schlecht✲✲,adjective,negative,blue,0.4932,nonmatch,0.5396,0,0.5053,0.641,70.73750758937801
87,645,45,20,1,part_of_speech_classification,color_matching,matching,match_right,ZYYZ,noun,negative,brown,✲✲ehrlich✲✲✲,adjective,positive,blue,0.5039,nonmatch,0.5499,0,0.499,0.6348,69.86534558619228
87,646,46,20,1,part_of_speech_classification,color_matching,matching,match_right,ZYYZ,noun,negative,brown,✲✲✲✲gift✲✲✲✲,noun,negative,blue,0.4932,nonmatch,0.5539,0,0.4935,0.6292,69.08793001086238
87,647,47,20,1,part_of_speech_classification,color_matching,matching,match_right,MQQM,adjective,positive,brown,✲✲✲glück✲✲✲✲,noun,positive,brown,0.4932,match,0.5682,0,0.4885,0.6242,68.39061784184702
87,648,48,20,1,part_of_speech_classification,color_matching,matching,match_right,MQQM,adjective,positive,blue,✲✲✲schön✲✲✲✲,adjective,positive,brown,0.4932,nonmatch,0.5628,0,0.484,0.6197,67.76002378682423
87,649,49,20,1,part_of_speech_classification,color_matching,matching,match_right,ZYYZ,noun,negative,blue,✲✲✲schön✲✲✲✲,adjective,positive,brown,0.4932,nonmatch,0.5712,0,0.4799,0.6156,67.18432945314139
87,650,50,20,1,part_of_speech_classification,color_matching,matching,match_right,XVVX,noun,positive,brown,✲✲✲glück✲✲✲✲,noun,positive,brown,0.4932,match,0.5325,0,0.4761,0.6118,66.65356364338194
87,651,51,20,1,part_of_speech_classification,color_matching,matching,match_right,WJJW,adjective,negative,brown,✲✲✲gütig✲✲✲✲,adjective,positive,brown,0.4933,match,0.4967,0,0.4726,0.6083,66.16885165862763
87,652,52,20,1,part_of_speech_classification,color_matching,matching,match_right,XVVX,noun,positive,blue,✲✲✲✲gift✲✲✲✲,noun,negative,blue,0.4932,match,0.4973,0,0.4694,0.6051,65.71624742751996
87,653,53,20,1,part_of_speech_classification,color_matching,matching,match_right,ZYYZ,noun,negative,blue,✲✲✲✲spaß✲✲✲✲,noun,positive,brown,0.496,nonmatch,0.4967,0,0.4663,0.602,65.28649346789753
87,654,54,20,1,part_of_speech_classification,color_matching,matching,match_right,WJJW,adjective,negative,blue,✲✲✲glück✲✲✲✲,noun,positive,blue,0.4932,match,0.4966,0,0.4635,0.5992,64.88851039857067
87,655,55,20,1,part_of_speech_classification,color_matching,matching,match_right,WJJW,adjective,negative,blue,✲entführung✲,noun,negative,brown,0.4932,nonmatch,0.4131,0,0.4608,0.5965,64.51042190359495
87,656,56,20,1,part_of_speech_classification,color_matching,matching,match_right,WJJW,adjective,negative,blue,✲✲✲lustig✲✲✲,adjective,positive,brown,0.4932,match,0.5712,1,0.4582,0.5939,64.14861772637597
87,657,57,20,1,part_of_speech_classification,color_matching,matching,match_right,ZYYZ,noun,negative,brown,✲✲✲liebe✲✲✲✲,noun,positive,brown,0.4932,match,0.4692,0,0.4657,0.6014,65.19501835989026
87,658,58,20,1,part_of_speech_classification,color_matching,matching,match_right,XVVX,noun,positive,brown,✲✲✲lustig✲✲✲,adjective,positive,blue,0.4932,nonmatch,0.4831,0,0.4631,0.5989,64.84088751492447
87,659,59,20,1,part_of_speech_classification,color_matching,matching,match_right,XVVX,noun,positive,blue,✲✲✲✲spaß✲✲✲✲,noun,positive,brown,0.4932,nonmatch,0.4895,0,0.4608,0.5965,64.50719174608683
87,660,60,20,1,part_of_speech_classification,color_matching,matching,match_right,MQQM,adjective,positive,brown,✲✲✲leiche✲✲✲,noun,negative,brown,0.4932,match,0.4824,0,0.4585,0.5942,64.18695698126245
87,661,61,20,1,part_of_speech_classification,color_matching,matching,match_right,XVVX,noun,positive,blue,✲✲einfall✲✲✲,noun,positive,blue,0.4932,match,0.5539,0,0.4563,0.592,63.88404234118963
87,662,62,20,1,part_of_speech_classification,color_matching,matching,match_right,XVVX,noun,positive,blue,✲✲✲schön✲✲✲✲,adjective,positive,blue,0.4932,match,0.4771,0,0.4542,0.5899,63.59296538350578
87,663,63,20,1,part_of_speech_classification,color_matching,matching,match_right,XVVX,noun,positive,blue,✲✲✲gierig✲✲✲,adjective,negative,blue,0.4932,match,0.4609,0,0.4522,0.5879,63.31271679008357
87,664,64,20,1,part_of_speech_classification,color_matching,matching,match_right,XVVX,noun,positive,blue,✲✲launisch✲✲,adjective,negative,brown,0.4932,nonmatch,0.4823,0,0.4503,0.586,63.04666698719948
87,857,1,24,5,part_of_speech_classification,color_matching,matching,match_right,MQQM,adjective,positive,blue,✲✲✲gütig✲✲✲✲,adjective,positive,blue,0.4932,match,0.6378,0,0.4485,0.5842,62.78310091570491
87,858,2,24,5,part_of_speech_classification,color_matching,matching,match_right,XVVX,noun,positive,brown,✲✲ehrlich✲✲✲,adjective,positive,brown,0.4932,nonmatch,0.4823,1,0.4467,0.5824,62.538132518533146
87,859,3,24,5,part_of_speech_classification,color_matching,matching,match_right,MQQM,adjective,positive,brown,✲✲✲glück✲✲✲✲,noun,positive,brown,0.4932,match,0.5061,0,0.4521,0.5878,63.29596773043795
87,860,4,24,5,part_of_speech_classification,color_matching,matching,match_right,MQQM,adjective,positive,blue,✲✲ehrlich✲✲✲,adjective,positive,brown,0.4932,nonmatch,0.4776,0,0.4504,0.5861,63.05205038546545
87,861,5,24,5,part_of_speech_classification,color_matching,matching,match_right,MQQM,adjective,positive,blue,✲✲✲liebe✲✲✲✲,noun,positive,blue,0.4932,match,0.4987,0,0.4486,0.5844,62.80921209617435
87,862,6,24,5,part_of_speech_classification,color_matching,matching,match_right,WJJW,adjective,negative,blue,✲entführung✲,noun,negative,blue,0.4932,match,0.561,0,0.447,0.5827,62.584866677375494
87,863,7,24,5,part_of_speech_classification,color_matching,matching,match_right,MQQM,adjective,positive,brown,✲✲✲lustig✲✲✲,adjective,positive,brown,0.4932,match,0.4728,0,0.4454,0.5812,62.36272301288291
87,864,8,24,5,part_of_speech_classification,color_matching,matching,match_right,WJJW,adjective,negative,brown,✲✲einfall✲✲✲,noun,positive,blue,0.4932,nonmatch,0.4983,0,0.4439,0.5796,62.14320449326817
87,865,9,24,5,part_of_speech_classification,color_matching,matching,match_right,ZYYZ,noun,negative,blue,✲✲✲✲spaß✲✲✲✲,noun,positive,brown,0.4932,match,0.5199,1,0.4424,0.5781,61.93869513554425
87,866,10,24,5,part_of_speech_classification,color_matching,matching,match_right,ZYYZ,noun,negative,brown,✲✲✲schön✲✲✲✲,adjective,positive,brown,0.4932,match,0.622,0,0.4469,0.5827,62.57230904028993
87,867,11,24,5,part_of_speech_classification,color_matching,matching,match_right,MQQM,adjective,positive,blue,✲entführung✲,noun,negative,brown,0.4932,nonmatch,0.468,0,0.4455,0.5812,62.365863331018375
87,868,12,24,5,part_of_speech_classification,color_matching,matching,match_right,WJJW,adjective,negative,brown,✲✲✲✲gift✲✲✲✲,noun,negative,brown,0.4932,match,0.4577,0,0.444,0.5797,62.16073042657158
87,869,13,24,5,part_of_speech_classification,color_matching,matching,match_right,ZYYZ,noun,negative,brown,✲entführung✲,noun,negative,blue,0.4932,nonmatch,0.4921,0,0.4427,0.5784,61.971204609395365
87,870,14,24,5,part_of_speech_classification,color_matching,matching,match_right,WJJW,adjective,negative,brown,✲✲✲lustig✲✲✲,adjective,positive,brown,0.4932,match,0.4417,0,0.4413,0.577,61.782909673719246
87,871,15,24,5,part_of_speech_classification,color_matching,matching,match_right,WJJW,adjective,negative,blue,✲✲launisch✲✲,adjective,negative,blue,0.4932,match,0.6075,0,0.44,0.5757,61.59449869020316
87,872,16,24,5,part_of_speech_classification,color_matching,matching,match_right,ZYYZ,noun,negative,blue,✲✲✲leiche✲✲✲,noun,negative,brown,0.4932,nonmatch,0.4716,0,0.4387,0.5744,61.4175133307353
87,873,17,24,5,part_of_speech_classification,color_matching,matching,match_right,WJJW,adjective,negative,blue,✲✲schleim✲✲✲,noun,negative,brown,0.4961,nonmatch,0.4792,0,0.4375,0.5732,61.24474635890141
87,874,18,24,5,part_of_speech_classification,color_matching,matching,match_right,WJJW,adjective,negative,brown,✲✲✲liebe✲✲✲✲,noun,positive,brown,0.4932,match,0.4561,0,0.4362,0.5719,61.07242863391153
87,875,19,24,5,part_of_speech_classification,color_matching,matching,match_right,ZYYZ,noun,negative,brown,✲✲✲glück✲✲✲✲,noun,positive,brown,0.4932,match,0.578,0,0.435,0.5707,60.9018351212966
87,876,20,24,5,part_of_speech_classification,color_matching,matching,match_right,MQQM,adjective,positive,brown,✲✲schlecht✲✲,adjective,negative,blue,0.4932,nonmatch,0.4827,0,0.4339,0.5696,60.741928015449474
87,877,21,24,5,part_of_speech_classification,color_matching,matching,match_right,MQQM,adjective,positive,brown,✲✲✲gierig✲✲✲,adjective,negative,brown,0.4933,match,0.4611,0,0.4327,0.5684,60.5824819897919
87,878,22,24,5,part_of_speech_classification,color_matching,matching,match_right,ZYYZ,noun,negative,brown,✲✲✲eitel✲✲✲✲,adjective,negative,brown,0.4959,match,0.5424,0,0.4316,0.5673,60.422599092206
87,879,23,24,5,part_of_speech_classification,color_matching,matching,match_right,XVVX,noun,positive,brown,✲✲schleim✲✲✲,noun,negative,brown,0.4932,match,0.4765,0,0.4305,0.5662,60.266924958090755
87,880,24,24,5,part_of_speech_classification,color_matching,matching,match_right,XVVX,noun,positive,blue,✲✲✲lustig✲✲✲,adjective,positive,brown,0.4932,nonmatch,0.4568,0,0.4294,0.5651,60.118561101207625
87,881,25,24,5,part_of_speech_classification,color_matching,matching,match_right,MQQM,adjective,positive,blue,✲✲✲eitel✲✲✲✲,adjective,negative,brown,0.4932,nonmatch,0.468,0,0.4284,0.5641,59.970194474236465
87,882,26,24,5,part_of_speech_classification,color_matching,matching,match_right,ZYYZ,noun,negative,brown,✲✲ehrlich✲✲✲,adjective,positive,blue,0.4932,nonmatch,0.4643,0,0.4273,0.563,59.82104349638882
87,883,27,24,5,part_of_speech_classification,color_matching,matching,match_right,XVVX,noun,positive,brown,✲✲✲eitel✲✲✲✲,adjective,negative,brown,0.4932,match,0.3696,0,0.4263,0.562,59.67509121339081
87,884,28,24,5,part_of_speech_classification,color_matching,matching,match_right,MQQM,adjective,positive,brown,✲✲✲schön✲✲✲✲,adjective,positive,blue,0.4962,nonmatch,0.519,0,0.4253,0.561,59.53598713452126
87,885,29,24,5,part_of_speech_classification,color_matching,matching,match_right,ZYYZ,noun,negative,brown,✲✲✲gierig✲✲✲,adjective,negative,blue,0.4932,nonmatch,0.4395,0,0.4243,0.56,59.39675560520249
87,886,30,24,5,part_of_speech_classification,color_matching,matching,match_right,ZYYZ,noun,negative,brown,✲✲✲liebe✲✲✲✲,noun,positive,blue,0.4932,nonmatch,0.4109,0,0.4233,0.559,59.25671702729769
87,887,31,24,5,part_of_speech_classification,color_matching,matching,match_right,ZYYZ,noun,negative,blue,✲✲schlecht✲✲,adjective,negative,blue,0.4932,match,0.4411,0,0.4223,0.558,59.11640151634828
87,888,32,24,5,part_of_speech_classification,color_matching,matching,match_right,MQQM,adjective,positive,blue,✲✲✲leiche✲✲✲,noun,negative,blue,0.4932,match,0.4413,0,0.4213,0.557,58.98437303346084
87,889,33,24,5,part_of_speech_classification,color_matching,matching,match_right,ZYYZ,noun,negative,blue,✲✲✲gütig✲✲✲✲,adjective,positive,brown,0.4932,nonmatch,0.55,0,0.4204,0.5561,58.85228525141657
87,890,34,24,5,part_of_speech_classification,color_matching,matching,match_right,ZYYZ,noun,negative,blue,✲✲✲lustig✲✲✲,adjective,positive,blue,0.4933,nonmatch,0.4049,1,0.4194,0.5551,58.719010866256646
87,891,35,24,5,part_of_speech_classification,color_matching,matching,match_right,XVVX,noun,positive,blue,✲✲✲gierig✲✲✲,adjective,negative,brown,0.4932,match,0.4842,1,0.4221,0.5578,59.09811639530198
87,892,36,24,5,part_of_speech_classification,color_matching,matching,match_right,ZYYZ,noun,negative,blue,✲✲launisch✲✲,adjective,negative,brown,0.4932,nonmatch,0.4538,0,0.4249,0.5606,59.488460337213496
87,893,37,24,5,part_of_speech_classification,color_matching,matching,match_right,WJJW,adjective,negative,brown,✲✲✲eitel✲✲✲✲,adjective,negative,brown,0.4932,match,0.4403,0,0.424,0.5597,59.3616178264708
87,894,38,24,5,part_of_speech_classification,color_matching,matching,match_right,WJJW,adjective,negative,brown,✲✲✲gierig✲✲✲,adjective,negative,blue,0.4932,nonmatch,0.4497,0,0.4231,0.5588,59.23398020176499
87,895,39,24,5,part_of_speech_classification,color_matching,matching,match_right,ZYYZ,noun,negative,blue,✲✲schleim✲✲✲,noun,negative,blue,0.4933,match,0.4033,0,0.4222,0.5579,59.10750795095428
87,896,40,24,5,part_of_speech_classification,color_matching,matching,match_right,WJJW,adjective,negative,blue,✲✲✲✲spaß✲✲✲✲,noun,positive,brown,0.4933,nonmatch,0.5222,0,0.4213,0.5571,58.988568614232264
87,897,41,24,5,part_of_speech_classification,color_matching,matching,match_right,WJJW,adjective,negative,blue,✲✲ehrlich✲✲✲,adjective,positive,blue,0.4932,match,0.4752,0,0.4205,0.5562,58.86984125032101
87,898,42,24,5,part_of_speech_classification,color_matching,matching,match_right,XVVX,noun,positive,blue,✲✲✲glück✲✲✲✲,noun,positive,blue,0.4932,match,0.4357,0,0.4196,0.5554,58.75042501959375
87,899,43,24,5,part_of_speech_classification,color_matching,matching,match_right,WJJW,adjective,negative,brown,✲✲✲leiche✲✲✲,noun,negative,blue,0.4932,nonmatch,0.4764,0,0.4188,0.5545,58.62987048659586
87,900,44,24,5,part_of_speech_classification,color_matching,matching,match_right,WJJW,adjective,negative,blue,✲✲✲schön✲✲✲✲,adjective,positive,brown,0.4932,nonmatch,0.4895,0,0.4179,0.5537,58.51106777051791
87,901,45,24,5,part_of_speech_classification,color_matching,matching,match_right,XVVX,noun,positive,brown,✲✲✲✲spaß✲✲✲✲,noun,positive,blue,0.4932,nonmatch,0.4625,0,0.4171,0.5528,58.39832532835066
87,902,46,24,5,part_of_speech_classification,color_matching,matching,match_right,XVVX,noun,positive,blue,✲✲✲leiche✲✲✲,noun,negative,blue,0.4932,match,0.4689,0,0.4163,0.552,58.285561399309955
87,903,47,24,5,part_of_speech_classification,color_matching,matching,match_right,XVVX,noun,positive,brown,✲✲✲gütig✲✲✲✲,adjective,positive,blue,0.4932,nonmatch,0.4823,0,0.4155,0.5512,58.171946731132934
87,904,48,24,5,part_of_speech_classification,color_matching,matching,match_right,MQQM,adjective,positive,brown,✲✲✲✲spaß✲✲✲✲,noun,positive,blue,0.496,nonmatch,0.5679,0,0.4147,0.5504,58.05705982113707
87,905,49,24,5,part_of_speech_classification,color_matching,matching,match_right,MQQM,adjective,positive,brown,✲✲schleim✲✲✲,noun,negative,brown,0.4932,match,0.4776,0,0.4139,0.5496,57.94235195747351
87,906,50,24,5,part_of_speech_classification,color_matching,matching,match_right,ZYYZ,noun,negative,blue,✲✲einfall✲✲✲,noun,positive,blue,0.4932,match,0.4537,0,0.4131,0.5488,57.83384344961408
87,907,51,24,5,part_of_speech_classification,color_matching,matching,match_right,MQQM,adjective,positive,blue,✲✲einfall✲✲✲,noun,positive,brown,0.4932,nonmatch,0.4325,0,0.4123,0.548,57.725214468010876
87,908,52,24,5,part_of_speech_classification,color_matching,matching,match_right,XVVX,noun,positive,brown,✲✲✲liebe✲✲✲✲,noun,positive,brown,0.4932,match,0.4856,0,0.4115,0.5473,57.61567822002072
87,909,53,24,5,part_of_speech_classification,color_matching,matching,match_right,WJJW,adjective,negative,blue,✲✲✲glück✲✲✲✲,noun,positive,blue,0.4932,match,5.3537,0,0.4107,0.5465,57.50482778069453
87,910,54,24,5,part_of_speech_classification,color_matching,matching,match_right,WJJW,adjective,negative,blue,✲✲schlecht✲✲,adjective,negative,brown,0.4932,nonmatch,0.4638,0,0.4099,0.5457,57.39171908063668
87,911,55,24,5,part_of_speech_classification,color_matching,matching,match_right,XVVX,noun,positive,brown,✲✲schlecht✲✲,adjective,negative,blue,0.4932,nonmatch,0.4894,0,0.4092,0.5449,57.28542355169863
87,912,56,24,5,part_of_speech_classification,color_matching,matching,match_right,MQQM,adjective,positive,blue,✲✲launisch✲✲,adjective,negative,blue,0.4932,match,0.4554,0,0.4084,0.5441,57.178956496624615
87,913,57,24,5,part_of_speech_classification,color_matching,matching,match_right,WJJW,adjective,negative,brown,✲✲✲gütig✲✲✲✲,adjective,positive,blue,0.4932,nonmatch,0.4323,0,0.4077,0.5434,57.07154567808362
87,914,58,24,5,part_of_speech_classification,color_matching,matching,match_right,MQQM,adjective,positive,brown,✲✲✲✲gift✲✲✲✲,noun,negative,blue,0.4932,nonmatch,0.491,0,0.4069,0.5426,56.96277586196099
87,915,59,24,5,part_of_speech_classification,color_matching,matching,match_right,ZYYZ,noun,negative,brown,✲✲✲✲gift✲✲✲✲,noun,negative,brown,0.4932,match,0.418,0,0.4061,0.5418,56.85126161894593
87,916,60,24,5,part_of_speech_classification,color_matching,matching,match_right,XVVX,noun,positive,blue,✲✲✲✲gift✲✲✲✲,noun,negative,brown,0.4932,nonmatch,0.4681,0,0.4053,0.541,56.74342864398438
87,917,61,24,5,part_of_speech_classification,color_matching,matching,match_right,XVVX,noun,positive,blue,✲✲launisch✲✲,adjective,negative,blue,0.4932,match,0.4404,0,0.4045,0.5403,56.63693658241546
87,918,62,24,5,part_of_speech_classification,color_matching,matching,match_right,XVVX,noun,positive,brown,✲entführung✲,noun,negative,blue,0.4932,nonmatch,0.5109,0,0.4038,0.5395,56.52940698976584
87,919,63,24,5,part_of_speech_classification,color_matching,matching,match_right,XVVX,noun,positive,blue,✲✲einfall✲✲✲,noun,positive,brown,0.4932,nonmatch,0.4895,0,0.403,0.5387,56.420380386046844
87,920,64,24,5,part_of_speech_classification,color_matching,matching,match_right,XVVX,noun,positive,blue,✲✲✲schön✲✲✲✲,adjective,positive,blue,0.4932,match,0.4752,0,0.4022,0.5379,56.30845751987345
87,921,1,25,6,part_of_speech_classification,color_matching,matching,match_right,XVVX,noun,positive,blue,✲✲✲eitel✲✲✲✲,adjective,negative,brown,0.4932,nonmatch,0.5324,0,0.4014,0.5371,56.19746039482973
87,922,2,25,6,part_of_speech_classification,color_matching,matching,match_right,WJJW,adjective,negative,blue,✲✲einfall✲✲✲,noun,positive,brown,0.4932,nonmatch,0.4264,0,0.4006,0.5363,56.08850229372495
87,923,3,25,6,part_of_speech_classification,color_matching,matching,match_right,MQQM,adjective,positive,brown,✲✲✲leiche✲✲✲,noun,negative,brown,0.4932,match,0.4752,0,0.3998,0.5356,55.978265848168725
87,924,4,25,6,part_of_speech_classification,color_matching,matching,match_right,XVVX,noun,positive,blue,✲✲✲glück✲✲✲✲,noun,positive,blue,0.4932,match,0.5413,0,0.399,0.5348,55.86618882768437
87,925,5,25,6,part_of_speech_classification,color_matching,matching,match_right,ZYYZ,noun,negative,brown,✲✲schleim✲✲✲,noun,negative,brown,0.4932,match,0.4422,0,0.3982,0.5339,55.75081815901985
87,926,6,25,6,part_of_speech_classification,color_matching,matching,match_right,MQQM,adjective,positive,brown,✲✲✲liebe✲✲✲✲,noun,positive,brown,0.4932,match,0.4615,0,0.3974,0.5331,55.63535200381568
87,927,7,25,6,part_of_speech_classification,color_matching,matching,match_right,MQQM,adjective,positive,blue,✲✲✲eitel✲✲✲✲,adjective,negative,brown,0.4932,nonmatch,0.3888,0,0.3966,0.5323,55.52114140355493
87,928,8,25,6,part_of_speech_classification,color_matching,matching,match_right,ZYYZ,noun,negative,brown,✲✲launisch✲✲,adjective,negative,brown,0.4932,match,0.6818,0,0.3958,0.5315,55.40512563455088
87,929,9,25,6,part_of_speech_classification,color_matching,matching,match_right,MQQM,adjective,positive,blue,✲✲einfall✲✲✲,noun,positive,brown,0.4932,match,0.4912,1,0.3949,0.5306,55.28653342305178
87,930,10,25,6,part_of_speech_classification,color_matching,matching,match_right,XVVX,noun,positive,brown,✲✲✲✲spaß✲✲✲✲,noun,positive,brown,0.4963,match,0.4775,0,0.3974,0.5331,55.63056496247669
87,931,11,25,6,part_of_speech_classification,color_matching,matching,match_right,ZYYZ,noun,negative,blue,✲✲einfall✲✲✲,noun,positive,blue,0.4932,match,0.5583,0,0.3966,0.5323,55.52231610382828
87,932,12,25,6,part_of_speech_classification,color_matching,matching,match_right,WJJW,adjective,negative,brown,✲✲✲liebe✲✲✲✲,noun,positive,blue,0.4932,nonmatch,0.4115,0,0.3958,0.5315,55.4126602898492
87,933,13,25,6,part_of_speech_classification,color_matching,matching,match_right,WJJW,adjective,negative,blue,✲✲ehrlich✲✲✲,adjective,positive,brown,0.4932,nonmatch,0.4144,0,0.395,0.5307,55.301039234351826
87,934,14,25,6,part_of_speech_classification,color_matching,matching,match_right,ZYYZ,noun,negative,brown,✲✲✲lustig✲✲✲,adjective,positive,brown,0.4932,match,0.4394,0,0.3942,0.5299,55.186033208886535
87,935,15,25,6,part_of_speech_classification,color_matching,matching,match_right,ZYYZ,noun,negative,blue,✲✲✲eitel✲✲✲✲,adjective,negative,brown,0.4932,nonmatch,0.52,0,0.3934,0.5291,55.07130145366277
87,936,16,25,6,part_of_speech_classification,color_matching,matching,match_right,WJJW,adjective,negative,brown,✲✲✲gierig✲✲✲,adjective,negative,brown,0.4932,match,0.4752,0,0.3926,0.5283,54.957224205364206
87,937,17,25,6,part_of_speech_classification,color_matching,matching,match_right,MQQM,adjective,positive,brown,✲✲launisch✲✲,adjective,negative,brown,0.4932,match,0.4895,0,0.3917,0.5274,54.841297606443305
87,938,18,25,6,part_of_speech_classification,color_matching,matching,match_right,XVVX,noun,positive,brown,✲✲✲liebe✲✲✲✲,noun,positive,blue,0.4932,nonmatch,0.4465,0,0.3909,0.5266,54.72278937045285
87,939,19,25,6,part_of_speech_classification,color_matching,matching,match_right,WJJW,adjective,negative,brown,✲✲✲glück✲✲✲✲,noun,positive,brown,0.4932,match,0.4262,0,0.39,0.5257,54.600177127625365
87,940,20,25,6,part_of_speech_classification,color_matching,matching,match_right,WJJW,adjective,negative,blue,✲✲schleim✲✲✲,noun,negative,blue,0.4932,match,0.5793,0,0.3891,0.5249,54.4795524631688
87,941,21,25,6,part_of_speech_classification,color_matching,matching,match_right,ZYYZ,noun,negative,blue,✲entführung✲,noun,negative,blue,0.4932,match,0.353,0,0.3883,0.524,54.35737301124162
87,942,22,25,6,part_of_speech_classification,color_matching,matching,match_right,MQQM,adjective,positive,brown,✲✲✲schön✲✲✲✲,adjective,positive,blue,0.4932,nonmatch,0.3984,0,0.3874,0.5231,54.2324804419304
87,943,23,25,6,part_of_speech_classification,color_matching,matching,match_right,ZYYZ,noun,negative,brown,✲✲✲glück✲✲✲✲,noun,positive,brown,0.4932,nonmatch,0.3894,1,0.3865,0.5222,54.103830269532004
87,944,24,25,6,part_of_speech_classification,color_matching,matching,match_right,XVVX,noun,positive,blue,✲✲✲leiche✲✲✲,noun,negative,brown,0.4932,match,0.4466,1,0.3891,0.5249,54.47985736389354
87,945,25,25,6,part_of_speech_classification,color_matching,matching,match_right,WJJW,adjective,negative,brown,✲entführung✲,noun,negative,blue,0.4932,match,0.596,1,0.3916,0.5274,54.82973637618758
87,946,26,25,6,part_of_speech_classification,color_matching,matching,match_right,WJJW,adjective,negative,blue,✲✲✲✲spaß✲✲✲✲,noun,positive,blue,0.4932,match,0.547,0,0.3938,0.5295,55.131715084453305
87,947,27,25,6,part_of_speech_classification,color_matching,matching,match_right,MQQM,adjective,positive,brown,✲✲schleim✲✲✲,noun,negative,blue,0.4932,nonmatch,0.5181,0,0.3931,0.5288,55.03249042663382
87,948,28,25,6,part_of_speech_classification,color_matching,matching,match_right,ZYYZ,noun,negative,brown,✲✲✲✲spaß✲✲✲✲,noun,positive,blue,0.4932,nonmatch,1.7293,0,0.3924,0.5281,54.9326859667678
87,949,29,25,6,part_of_speech_classification,color_matching,matching,match_right,ZYYZ,noun,negative,brown,✲✲✲gierig✲✲✲,adjective,negative,blue,0.4932,nonmatch,0.4537,0,0.3917,0.5274,54.831619888969676
87,950,30,25,6,part_of_speech_classification,color_matching,matching,match_right,MQQM,adjective,positive,blue,✲✲✲✲gift✲✲✲✲,noun,negative,blue,0.4932,match,0.4395,0,0.3909,0.5266,54.72891133573255
87,951,31,25,6,part_of_speech_classification,color_matching,matching,match_right,XVVX,noun,positive,brown,✲entführung✲,noun,negative,brown,0.4932,match,0.5563,0,0.3902,0.5259,54.62333013907415
87,952,32,25,6,part_of_speech_classification,color_matching,matching,match_right,MQQM,adjective,positive,blue,✲entführung✲,noun,negative,brown,0.4932,nonmatch,1.1836,0,0.3894,0.5251,54.51971647546169
87,953,33,25,6,part_of_speech_classification,color_matching,matching,match_right,MQQM,adjective,positive,brown,✲✲schlecht✲✲,adjective,negative,blue,0.5306,nonmatch,0.5562,0,0.3887,0.5244,54.4169351209326
87,954,34,25,6,part_of_speech_classification,color_matching,matching,match_right,WJJW,adjective,negative,brown,✲✲launisch✲✲,adjective,negative,blue,0.4932,nonmatch,0.5198,0,0.388,0.5237,54.31301867508776
87,955,35,25,6,part_of_speech_classification,color_matching,matching,match_right,MQQM,adjective,positive,blue,✲✲✲gierig✲✲✲,adjective,negative,blue,0.4932,match,0.5122,0,0.3872,0.5229,54.2075720153773
87,956,36,25,6,part_of_speech_classification,color_matching,matching,match_right,MQQM,adjective,positive,blue,✲✲✲gütig✲✲✲✲,adjective,positive,blue,0.4932,match,0.4719,0,0.3864,0.5221,54.09929880308686
87,957,37,25,6,part_of_speech_classification,color_matching,matching,match_right,XVVX,noun,positive,blue,✲✲einfall✲✲✲,noun,positive,brown,0.4989,nonmatch,0.3966,0,0.3857,0.5214,53.99167793392319
87,958,38,25,6,part_of_speech_classification,color_matching,matching,match_right,ZYYZ,noun,negative,brown,✲✲ehrlich✲✲✲,adjective,positive,blue,0.4969,nonmatch,0.4109,0,0.3849,0.5206,53.88576960260449
87,959,39,25,6,part_of_speech_classification,color_matching,matching,match_right,ZYYZ,noun,negative,blue,✲✲✲liebe✲✲✲✲,noun,positive,brown,0.4932,nonmatch,0.4143,0,0.3841,0.5198,53.77875456011139
87,960,40,25,6,part_of_speech_classification,color_matching,matching,match_right,XVVX,noun,positive,brown,✲✲✲✲gift✲✲✲✲,noun,negative,blue,0.4932,nonmatch,0.4187,0,0.3834,0.5191,53.67020157407482
87,961,41,25,6,part_of_speech_classification,color_matching,matching,match_right,WJJW,adjective,negative,blue,✲✲✲✲gift✲✲✲✲,noun,negative,brown,0.4932,nonmatch,0.4131,0,0.3826,0.5183,53.558749981259936
87,962,42,25,6,part_of_speech_classification,color_matching,matching,match_right,ZYYZ,noun,negative,blue,✲✲✲gütig✲✲✲✲,adjective,positive,blue,0.4932,match,0.3754,0,0.3818,0.5175,53.448433218509024
87,963,43,25,6,part_of_speech_classification,color_matching,matching,match_right,XVVX,noun,positive,blue,✲✲✲gierig✲✲✲,adjective,negative,blue,0.4932,match,0.4823,0,0.381,0.5167,53.339783108891126
87,964,44,25,6,part_of_speech_classification,color_matching,matching,match_right,XVVX,noun,positive,blue,✲✲schleim✲✲✲,noun,negative,blue,0.4932,match,0.5361,0,0.3802,0.5159,53.22993141109946
87,965,45,25,6,part_of_speech_classification,color_matching,matching,match_right,XVVX,noun,positive,brown,✲✲launisch✲✲,adjective,negative,blue,0.4932,nonmatch,0.4037,0,0.3794,0.5151,53.11838576109079
87,966,46,25,6,part_of_speech_classification,color_matching,matching,match_right,ZYYZ,noun,negative,blue,✲✲✲✲gift✲✲✲✲,noun,negative,brown,0.4961,match,0.4042,1,0.3786,0.5143,53.0037315266401
87,967,47,25,6,part_of_speech_classification,color_matching,matching,match_right,XVVX,noun,positive,brown,✲✲✲schön✲✲✲✲,adjective,positive,blue,0.4932,nonmatch,0.5179,0,0.381,0.5167,53.33648559781873
87,968,48,25,6,part_of_speech_classification,color_matching,matching,match_right,WJJW,adjective,negative,blue,✲✲schlecht✲✲,adjective,negative,blue,0.4932,match,0.4037,0,0.3802,0.5159,53.23156724828584
87,969,49,25,6,part_of_speech_classification,color_matching,matching,match_right,ZYYZ,noun,negative,blue,✲✲schlecht✲✲,adjective,negative,blue,0.4932,match,0.3967,0,0.3795,0.5152,53.12523538058492
87,970,50,25,6,part_of_speech_classification,color_matching,matching,match_right,XVVX,noun,positive,brown,✲✲ehrlich✲✲✲,adjective,positive,brown,0.4932,match,0.3982,0,0.3787,0.5144,53.01616392181491
87,971,51,25,6,part_of_speech_classification,color_matching,matching,match_right,WJJW,adjective,negative,blue,✲✲✲eitel✲✲✲✲,adjective,negative,brown,0.4932,nonmatch,0.4488,0,0.3779,0.5136,52.909620027133585
87,972,52,25,6,part_of_speech_classification,color_matching,matching,match_right,MQQM,adjective,positive,blue,✲✲✲glück✲✲✲✲,noun,positive,blue,0.4932,match,0.4902,0,0.3772,0.5129,52.80465468729138
87,973,53,25,6,part_of_speech_classification,color_matching,matching,match_right,MQQM,adjective,positive,brown,✲✲✲✲spaß✲✲✲✲,noun,positive,blue,0.4932,nonmatch,0.468,0,0.3764,0.5121,52.69866933874705
87,974,54,25,6,part_of_speech_classification,color_matching,matching,match_right,XVVX,noun,positive,brown,✲✲schlecht✲✲,adjective,negative,brown,0.4932,match,0.4475,0,0.3757,0.5114,52.59124048484361
87,975,55,25,6,part_of_speech_classification,color_matching,matching,match_right,MQQM,adjective,positive,brown,✲✲ehrlich✲✲✲,adjective,positive,brown,0.4932,match,0.4044,0,0.3749,0.5106,52.4810099281153
87,976,56,25,6,part_of_speech_classification,color_matching,matching,match_right,ZYYZ,noun,negative,brown,✲✲✲leiche✲✲✲,noun,negative,blue,0.4932,nonmatch,0.3928,0,0.3741,0.5098,52.374195074700495
87,977,57,25,6,part_of_speech_classification,color_matching,matching,match_right,MQQM,adjective,positive,blue,✲✲✲lustig✲✲✲,adjective,positive,brown,0.4932,nonmatch,0.4856,0,0.3733,0.5091,52.268496581787375
87,978,58,25,6,part_of_speech_classification,color_matching,matching,match_right,WJJW,adjective,negative,brown,✲✲✲schön✲✲✲✲,adjective,positive,blue,0.4932,nonmatch,0.386,0,0.3726,0.5083,52.16167427968647
87,979,59,25,6,part_of_speech_classification,color_matching,matching,match_right,XVVX,noun,positive,blue,✲✲✲gütig✲✲✲✲,adjective,positive,blue,0.4932,match,0.348,0,0.3718,0.5075,52.05325642668654
87,980,60,25,6,part_of_speech_classification,color_matching,matching,match_right,WJJW,adjective,negative,blue,✲✲✲lustig✲✲✲,adjective,positive,blue,0.4933,match,0.5644,0,0.371,0.5067,51.94186420260619
87,981,61,25,6,part_of_speech_classification,color_matching,matching,match_right,XVVX,noun,positive,blue,✲✲✲lustig✲✲✲,adjective,positive,brown,0.4932,nonmatch,0.419,0,0.3703,0.506,51.83526836250461
87,982,62,25,6,part_of_speech_classification,color_matching,matching,match_right,ZYYZ,noun,negative,blue,✲✲✲schön✲✲✲✲,adjective,positive,brown,0.4932,nonmatch,0.4181,0,0.3695,0.5052,51.72855261413974
87,983,63,25,6,part_of_speech_classification,color_matching,matching,match_right,WJJW,adjective,negative,brown,✲✲✲leiche✲✲✲,noun,negative,brown,0.4932,match,0.4251,0,0.3687,0.5044,51.62049363341887
87,984,64,25,6,part_of_speech_classification,color_matching,matching,match_right,WJJW,adjective,negative,brown,✲✲✲gütig✲✲✲✲,adjective,positive,brown,0.4932,match,0.4335,0,0.3679,0.5036,51.51055207306803
87,985,1,26,7,part_of_speech_classification,color_matching,matching,match_right,XVVX,noun,positive,blue,✲✲einfall✲✲✲,noun,positive,brown,0.4932,nonmatch,0.5391,0,0.3671,0.5028,51.39866010841191
87,986,2,26,7,part_of_speech_classification,color_matching,matching,match_right,ZYYZ,noun,negative,blue,✲✲✲lustig✲✲✲,adjective,positive,blue,0.4932,match,0.4416,0,0.3664,0.5021,51.290906555251986
87,987,3,26,7,part_of_speech_classification,color_matching,matching,match_right,ZYYZ,noun,negative,brown,✲✲schlecht✲✲,adjective,negative,brown,0.4932,match,0.3645,0,0.3656,0.5013,51.1823212470434
87,988,4,26,7,part_of_speech_classification,color_matching,matching,match_right,ZYYZ,noun,negative,blue,✲✲✲gierig✲✲✲,adjective,negative,blue,0.4932,match,1.1394,0,0.3648,0.5005,51.07204932819017
87,989,5,26,7,part_of_speech_classification,color_matching,matching,match_right,XVVX,noun,positive,blue,✲✲✲gütig✲✲✲✲,adjective,positive,brown,0.4932,nonmatch,0.5436,0,0.364,0.4997,50.959462041168145
87,990,6,26,7,part_of_speech_classification,color_matching,matching,match_right,ZYYZ,noun,negative,blue,✲✲launisch✲✲,adjective,negative,brown,0.4932,nonmatch,0.4916,0,0.3632,0.4989,50.847170149717115
87,991,7,26,7,part_of_speech_classification,color_matching,matching,match_right,WJJW,adjective,negative,blue,✲✲✲lustig✲✲✲,adjective,positive,brown,0.4932,nonmatch,0.4252,0,0.3624,0.4981,50.736893941671454
87,992,8,26,7,part_of_speech_classification,color_matching,matching,match_right,WJJW,adjective,negative,blue,✲✲schleim✲✲✲,noun,negative,brown,0.4932,nonmatch,0.3751,0,0.3616,0.4973,50.62536167821164
87,993,9,26,7,part_of_speech_classification,color_matching,matching,match_right,WJJW,adjective,negative,brown,✲✲launisch✲✲,adjective,negative,blue,0.4934,match,0.3693,1,0.3608,0.4965,50.5119840238866
87,994,10,26,7,part_of_speech_classification,color_matching,matching,match_right,ZYYZ,noun,negative,blue,✲✲einfall✲✲✲,noun,positive,blue,0.4932,match,0.3613,0,0.3631,0.4989,50.839194056694275
87,995,11,26,7,part_of_speech_classification,color_matching,matching,match_right,XVVX,noun,positive,blue,✲✲✲gierig✲✲✲,adjective,negative,brown,0.4934,nonmatch,0.4341,0,0.3624,0.4981,50.73418734922628
87,996,12,26,7,part_of_speech_classification,color_matching,matching,match_right,WJJW,adjective,negative,blue,✲✲✲leiche✲✲✲,noun,negative,blue,0.4932,match,0.378,0,0.3616,0.4973,50.62811753480871
87,997,13,26,7,part_of_speech_classification,color_matching,matching,match_right,MQQM,adjective,positive,blue,✲✲✲leiche✲✲✲,noun,negative,brown,0.4932,nonmatch,0.3679,0,0.3609,0.4966,50.52050892168073
87,998,14,26,7,part_of_speech_classification,color_matching,matching,match_right,WJJW,adjective,negative,blue,✲✲✲eitel✲✲✲✲,adjective,negative,brown,0.4932,nonmatch,0.4466,0,0.3601,0.4958,50.409980374585636
87,999,15,26,7,part_of_speech_classification,color_matching,matching,match_right,ZYYZ,noun,negative,blue,✲✲✲glück✲✲✲✲,noun,positive,brown,0.4932,nonmatch,0.5084,0,0.3593,0.495,50.30292217314933
87,1000,16,26,7,part_of_speech_classification,color_matching,matching,match_right,XVVX,noun,positive,brown,✲✲schlecht✲✲,adjective,negative,blue,0.4932,nonmatch,0.4638,0,0.3585,0.4943,50.19585850245894
87,1001,17,26,7,part_of_speech_classification,color_matching,matching,match_right,MQQM,adjective,positive,brown,✲✲launisch✲✲,adjective,negative,blue,0.4959,nonmatch,0.3893,0,0.3578,0.4935,50.08747158428636
87,1002,18,26,7,part_of_speech_classification,color_matching,matching,match_right,XVVX,noun,positive,brown,✲✲✲lustig✲✲✲,adjective,positive,blue,0.4967,nonmatch,0.3695,0,0.357,0.4927,49.97722920702704
87,1003,19,26,7,part_of_speech_classification,color_matching,matching,match_right,XVVX,noun,positive,brown,✲✲✲eitel✲✲✲✲,adjective,negative,brown,0.4932,match,0.4323,0,0.3562,0.4919,49.86581241581834
87,1004,20,26,7,part_of_speech_classification,color_matching,matching,match_right,WJJW,adjective,negative,brown,✲✲einfall✲✲✲,noun,positive,blue,0.4932,nonmatch,0.4143,0,0.3554,0.4911,49.75768242846764
87,1005,21,26,7,part_of_speech_classification,color_matching,matching,match_right,WJJW,adjective,negative,brown,✲✲schlecht✲✲,adjective,negative,brown,0.4932,match,0.4043,0,0.3546,0.4903,49.64876837122517
87,1006,22,26,7,part_of_speech_classification,color_matching,matching,match_right,MQQM,adjective,positive,brown,✲✲✲schön✲✲✲✲,adjective,positive,blue,0.5022,nonmatch,0.4193,0,0.3538,0.4896,49.53860943036503
87,1007,23,26,7,part_of_speech_classification,color_matching,matching,match_right,XVVX,noun,positive,brown,✲✲✲✲spaß✲✲✲✲,noun,positive,brown,0.4933,match,0.3665,0,0.353,0.4888,49.42575107635977
87,1008,24,26,7,part_of_speech_classification,color_matching,matching,match_right,MQQM,adjective,positive,blue,✲entführung✲,noun,negative,blue,0.4932,nonmatch,0.3967,1,0.3523,0.488,49.31588211177926
87,1009,25,26,7,part_of_speech_classification,color_matching,matching,match_right,MQQM,adjective,positive,blue,✲✲schlecht✲✲,adjective,negative,blue,0.4932,match,0.418,0,0.3546,0.4903,49.6488256811311
87,1010,26,26,7,part_of_speech_classification,color_matching,matching,match_right,MQQM,adjective,positive,brown,✲✲✲✲gift✲✲✲✲,noun,negative,blue,0.4932,nonmatch,0.4412,0,0.3539,0.4896,49.54368268675445
87,1011,27,26,7,part_of_speech_classification,color_matching,matching,match_right,XVVX,noun,positive,brown,✲✲ehrlich✲✲✲,adjective,positive,brown,0.4932,match,0.4466,0,0.3531,0.4888,49.43612911552922
87,1012,28,26,7,part_of_speech_classification,color_matching,matching,match_right,MQQM,adjective,positive,blue,✲✲✲liebe✲✲✲✲,noun,positive,brown,0.4932,nonmatch,0.413,0,0.3524,0.4881,49.33094516794012
87,1013,29,26,7,part_of_speech_classification,color_matching,matching,match_right,WJJW,adjective,negative,brown,✲✲✲liebe✲✲✲✲,noun,positive,brown,0.4932,match,0.4892,0,0.3516,0.4873,49.22762508321605
87,1014,30,26,7,part_of_speech_classification,color_matching,matching,match_right,MQQM,adjective,positive,blue,✲✲✲eitel✲✲✲✲,adjective,negative,brown,0.4932,nonmatch,0.4403,0,0.3509,0.4866,49.1235433332608
87,1015,31,26,7,part_of_speech_classification,color_matching,matching,match_right,XVVX,noun,positive,blue,✲✲✲liebe✲✲✲✲,noun,positive,blue,0.4932,match,0.4133,0,0.3501,0.4858,49.01831432081873
87,1016,32,26,7,part_of_speech_classification,color_matching,matching,match_right,XVVX,noun,positive,blue,✲✲✲schön✲✲✲✲,adjective,positive,blue,0.4932,match,0.3388,0,0.3494,0.4851,48.91060517159515
87,1017,33,26,7,part_of_speech_classification,color_matching,matching,match_right,ZYYZ,noun,negative,blue,✲✲schleim✲✲✲,noun,negative,brown,0.4932,nonmatch,0.4783,0,0.3486,0.4843,48.80893347799385
87,1018,34,26,7,part_of_speech_classification,color_matching,matching,match_right,XVVX,noun,positive,brown,✲✲✲✲gift✲✲✲✲,noun,negative,brown,0.4932,nonmatch,0.375,1,0.3479,0.4836,48.707167517240826
87,1018,34,26,7,part_of_speech_classification,color_matching,matching,match_right,XVVX,noun,positive,brown,✲✲✲✲gift✲✲✲✲,noun,negative,brown,0.4932,match,0.4674,0,0.3479,0.4836,48.707167517240826
87,1019,35,26,7,part_of_speech_classification,color_matching,matching,match_right,MQQM,adjective,positive,brown,✲✲ehrlich✲✲✲,adjective,positive,brown,0.4932,match,0.2999,0,0.3472,0.4829,48.60456670966369
87,1020,36,26,7,part_of_speech_classification,color_matching,matching,match_right,WJJW,adjective,negative,brown,✲✲ehrlich✲✲✲,adjective,positive,blue,0.4932,nonmatch,0.3982,0,0.3464,0.4821,48.500745236461896
87,1021,37,26,7,part_of_speech_classification,color_matching,matching,match_right,WJJW,adjective,negative,brown,✲✲✲✲gift✲✲✲✲,noun,negative,blue,0.4932,nonmatch,0.4683,0,0.3457,0.4814,48.39674814619993
87,1022,38,26,7,part_of_speech_classification,color_matching,matching,match_right,WJJW,adjective,negative,brown,✲✲✲gütig✲✲✲✲,adjective,positive,brown,0.5029,nonmatch,0.3966,1,0.345,0.4807,48.298065086329174
87,1023,39,26,7,part_of_speech_classification,color_matching,matching,match_right,XVVX,noun,positive,blue,✲entführung✲,noun,negative,brown,0.4932,nonmatch,0.4537,0,0.3472,0.4829,48.60416230058878
87,1024,40,26,7,part_of_speech_classification,color_matching,matching,match_right,MQQM,adjective,positive,brown,✲✲✲✲spaß✲✲✲✲,noun,positive,blue,0.4932,nonmatch,0.4538,0,0.3465,0.4822,48.50473450250914
87,1025,41,26,7,part_of_speech_classification,color_matching,matching,match_right,WJJW,adjective,negative,brown,✲entführung✲,noun,negative,brown,0.4932,match,0.3762,0,0.3457,0.4815,48.404715454444165
87,1026,42,26,7,part_of_speech_classification,color_matching,matching,match_right,WJJW,adjective,negative,blue,✲✲✲glück✲✲✲✲,noun,positive,brown,0.4932,nonmatch,0.4057,0,0.3451,0.4808,48.31052626005394
87,1027,43,26,7,part_of_speech_classification,color_matching,matching,match_right,ZYYZ,noun,negative,brown,✲✲✲✲spaß✲✲✲✲,noun,positive,blue,0.4932,nonmatch,0.3894,0,0.3444,0.4801,48.21635563533368
87,1028,44,26,7,part_of_speech_classification,color_matching,matching,match_right,MQQM,adjective,positive,blue,✲✲✲gütig✲✲✲✲,adjective,positive,blue,0.4932,match,0.3395,0,0.3437,0.4794,48.12155378525279
87,1029,45,26,7,part_of_speech_classification,color_matching,matching,match_right,MQQM,adjective,positive,brown,✲✲✲gierig✲✲✲,adjective,negative,brown,0.4932,match,0.5439,0,0.343,0.4788,48.0258382409225
87,1030,46,26,7,part_of_speech_classification,color_matching,matching,match_right,XVVX,noun,positive,blue,✲✲launisch✲✲,adjective,negative,blue,0.4961,match,0.4051,0,0.3424,0.4781,47.92923681161115
87,1031,47,26,7,part_of_speech_classification,color_matching,matching,match_right,MQQM,adjective,positive,blue,✲✲✲lustig✲✲✲,adjective,positive,brown,0.4932,nonmatch,0.4419,0,0.3417,0.4774,47.8391096940756
87,1032,48,26,7,part_of_speech_classification,color_matching,matching,match_right,ZYYZ,noun,negative,brown,✲✲✲leiche✲✲✲,noun,negative,brown,0.4932,match,0.418,0,0.3411,0.4768,47.7491169601788
87,1033,49,26,7,part_of_speech_classification,color_matching,matching,match_right,MQQM,adjective,positive,brown,✲✲einfall✲✲✲,noun,positive,brown,0.4932,match,0.4252,0,0.3404,0.4761,47.658645177981136
87,1034,50,26,7,part_of_speech_classification,color_matching,matching,match_right,ZYYZ,noun,negative,brown,✲✲✲liebe✲✲✲✲,noun,positive,brown,0.4932,match,0.5162,0,0.3398,0.4755,47.567451837372715
87,1035,51,26,7,part_of_speech_classification,color_matching,matching,match_right,ZYYZ,noun,negative,brown,✲✲ehrlich✲✲✲,adjective,positive,brown,0.4932,match,0.5103,0,0.3391,0.4748,47.47438191176199
87,1036,52,26,7,part_of_speech_classification,color_matching,matching,match_right,ZYYZ,noun,negative,brown,✲✲✲schön✲✲✲✲,adjective,positive,blue,0.4936,nonmatch,0.4473,0,0.3385,0.4742,47.38743608021474
87,1037,53,26,7,part_of_speech_classification,color_matching,matching,match_right,ZYYZ,noun,negative,brown,✲entführung✲,noun,negative,blue,0.4932,nonmatch,0.4037,0,0.3379,0.4736,47.30151619278147
87,1038,54,26,7,part_of_speech_classification,color_matching,matching,match_right,XVVX,noun,positive,blue,✲✲✲leiche✲✲✲,noun,negative,blue,0.4932,match,0.4524,0,0.3373,0.473,47.21528937498235
87,1039,55,26,7,part_of_speech_classification,color_matching,matching,match_right,WJJW,adjective,negative,blue,✲✲✲schön✲✲✲✲,adjective,positive,blue,0.4932,match,0.3465,0,0.3366,0.4723,47.128550403640396
87,1040,56,26,7,part_of_speech_classification,color_matching,matching,match_right,WJJW,adjective,negative,blue,✲✲✲✲spaß✲✲✲✲,noun,positive,blue,0.4932,match,0.4043,0,0.336,0.4717,47.04018502231645
87,1041,57,26,7,part_of_speech_classification,color_matching,matching,match_right,ZYYZ,noun,negative,blue,✲✲✲gütig✲✲✲✲,adjective,positive,brown,0.4932,nonmatch,0.4416,0,0.3354,0.4711,46.95352253285734
87,1042,58,26,7,part_of_speech_classification,color_matching,matching,match_right,ZYYZ,noun,negative,brown,✲✲✲eitel✲✲✲✲,adjective,negative,blue,0.4932,nonmatch,1.0925,0,0.3348,0.4705,46.87076724101833
87,1043,59,26,7,part_of_speech_classification,color_matching,matching,match_right,ZYYZ,noun,negative,blue,✲✲✲✲gift✲✲✲✲,noun,negative,blue,0.4932,match,0.5559,0,0.3342,0.4699,46.78787757530088
87,1044,60,26,7,part_of_speech_classification,color_matching,matching,match_right,MQQM,adjective,positive,blue,✲✲✲glück✲✲✲✲,noun,positive,blue,0.4932,match,0.3483,0,0.3336,0.4693,46.70429181833069
87,1045,61,26,7,part_of_speech_classification,color_matching,matching,match_right,XVVX,noun,positive,brown,✲✲schleim✲✲✲,noun,negative,blue,0.4932,nonmatch,0.4077,0,0.333,0.4687,46.619752610880774
87,1046,62,26,7,part_of_speech_classification,color_matching,matching,match_right,XVVX,noun,positive,brown,✲✲✲glück✲✲✲✲,noun,positive,blue,0.4932,nonmatch,0.5039,0,0.3324,0.4681,46.53321555920034
87,1047,63,26,7,part_of_speech_classification,color_matching,matching,match_right,MQQM,adjective,positive,brown,✲✲schleim✲✲✲,noun,negative,brown,0.4963,match,0.3552,0,0.3318,0.4675,46.4516253200217
87,1048,64,26,7,part_of_speech_classification,color_matching,matching,match_right,WJJW,adjective,negative,blue,✲✲✲gierig✲✲✲,adjective,negative,blue,0.4932,match,0.3894,0,0.3312,0.4669,46.37063479898536
87,1049,1,27,8,part_of_speech_classification,color_matching,matching,match_right,WJJW,adjective,negative,brown,✲✲schlecht✲✲,adjective,negative,blue,0.4932,nonmatch,0.4324,0,0.3306,0.4664,46.289097328136755
87,1050,2,27,8,part_of_speech_classification,color_matching,matching,match_right,XVVX,noun,positive,brown,✲✲schleim✲✲✲,noun,negative,brown,0.4932,match,0.3429,0,0.33,0.4658,46.206759417720114
87,1051,3,27,8,part_of_speech_classification,color_matching,matching,match_right,WJJW,adjective,negative,blue,✲✲✲schön✲✲✲✲,adjective,positive,blue,0.4932,nonmatch,0.329,1,0.3294,0.4652,46.12257377414735
87,1052,4,27,8,part_of_speech_classification,color_matching,matching,match_right,WJJW,adjective,negative,brown,✲✲✲lustig✲✲✲,adjective,positive,brown,0.4933,nonmatch,0.3893,1,0.3312,0.4669,46.36535104290053
87,1053,5,27,8,part_of_speech_classification,color_matching,matching,match_right,WJJW,adjective,negative,blue,✲✲launisch✲✲,adjective,negative,blue,0.4932,match,0.3688,0,0.3329,0.4686,46.60601228959448
87,1054,6,27,8,part_of_speech_classification,color_matching,matching,match_right,ZYYZ,noun,negative,brown,✲✲schleim✲✲✲,noun,negative,brown,0.4932,match,0.3259,0,0.3323,0.468,46.525424792547255
87,1055,7,27,8,part_of_speech_classification,color_matching,matching,match_right,WJJW,adjective,negative,brown,✲✲✲glück✲✲✲✲,noun,positive,blue,0.4932,nonmatch,0.4323,0,0.3318,0.4675,46.450800465264585
87,1056,8,27,8,part_of_speech_classification,color_matching,matching,match_right,WJJW,adjective,negative,blue,✲✲✲liebe✲✲✲✲,noun,positive,blue,0.4932,nonmatch,0.3265,1,0.3313,0.467,46.37634694591777
87,1057,9,27,8,part_of_speech_classification,color_matching,matching,match_right,ZYYZ,noun,negative,brown,✲✲✲eitel✲✲✲✲,adjective,negative,blue,0.4932,match,0.4749,1,0.3329,0.4686,46.60678693532724
87,1058,10,27,8,part_of_speech_classification,color_matching,matching,match_right,ZYYZ,noun,negative,blue,✲✲✲liebe✲✲✲✲,noun,positive,blue,0.4932,match,0.3698,0,0.3345,0.4702,46.82432492681031
87,1059,11,27,8,part_of_speech_classification,color_matching,matching,match_right,XVVX,noun,positive,brown,✲✲ehrlich✲✲✲,adjective,positive,brown,0.4932,match,0.418,0,0.3339,0.4697,46.75227247920372
87,1060,12,27,8,part_of_speech_classification,color_matching,matching,match_right,WJJW,adjective,negative,blue,✲✲✲gütig✲✲✲✲,adjective,positive,brown,0.4932,match,0.4546,1,0.3334,0.4691,46.67997092018176
87,1061,13,27,8,part_of_speech_classification,color_matching,matching,match_right,MQQM,adjective,positive,brown,✲✲✲schön✲✲✲✲,adjective,positive,brown,0.4961,match,0.3816,0,0.3349,0.4706,46.88555439903678
87,1062,14,27,8,part_of_speech_classification,color_matching,matching,match_right,ZYYZ,noun,negative,blue,✲✲✲schön✲✲✲✲,adjective,positive,blue,0.4932,match,0.3822,0,0.3344,0.4701,46.816064939116075
87,1063,15,27,8,part_of_speech_classification,color_matching,matching,match_right,XVVX,noun,positive,brown,✲✲✲gierig✲✲✲,adjective,negative,brown,0.4932,match,0.4036,0,0.3339,0.4696,46.746377598002624
87,1064,16,27,8,part_of_speech_classification,color_matching,matching,match_right,XVVX,noun,positive,blue,✲✲✲gütig✲✲✲✲,adjective,positive,blue,0.4932,match,0.3923,0,0.3334,0.4691,46.67645307524212
87,1065,17,27,8,part_of_speech_classification,color_matching,matching,match_right,WJJW,adjective,negative,blue,✲✲schleim✲✲✲,noun,negative,brown,0.4932,nonmatch,0.4044,0,0.3329,0.4686,46.60545706694762
87,1066,18,27,8,part_of_speech_classification,color_matching,matching,match_right,MQQM,adjective,positive,blue,✲✲ehrlich✲✲✲,adjective,positive,blue,0.4932,match,0.3679,0,0.3324,0.4681,46.53298566888032
87,1067,19,27,8,part_of_speech_classification,color_matching,matching,match_right,ZYYZ,noun,negative,brown,✲✲✲gierig✲✲✲,adjective,negative,brown,0.4932,match,0.3751,0,0.3319,0.4676,46.46567046358866
87,1068,20,27,8,part_of_speech_classification,color_matching,matching,match_right,MQQM,adjective,positive,blue,✲✲launisch✲✲,adjective,negative,brown,0.4932,nonmatch,0.3828,0,0.3314,0.4671,46.399391555762335
87,1069,21,27,8,part_of_speech_classification,color_matching,matching,match_right,MQQM,adjective,positive,blue,✲✲schleim✲✲✲,noun,negative,brown,0.4932,nonmatch,0.3751,0,0.331,0.4667,46.333119241198986
87,1070,22,27,8,part_of_speech_classification,color_matching,matching,match_right,MQQM,adjective,positive,brown,✲✲✲gierig✲✲✲,adjective,negative,blue,0.4932,nonmatch,0.3987,0,0.3305,0.4662,46.26649176651639
87,1071,23,27,8,part_of_speech_classification,color_matching,matching,match_right,MQQM,adjective,positive,brown,✲✲✲leiche✲✲✲,noun,negative,brown,0.4932,match,0.4289,0,0.33,0.4657,46.199462949608694
87,1072,24,27,8,part_of_speech_classification,color_matching,matching,match_right,ZYYZ,noun,negative,blue,✲✲ehrlich✲✲✲,adjective,positive,brown,0.4932,nonmatch,0.3536,0,0.3295,0.4652,46.13125959501065
87,1073,25,27,8,part_of_speech_classification,color_matching,matching,match_right,WJJW,adjective,negative,brown,✲✲✲✲spaß✲✲✲✲,noun,positive,brown,0.4932,match,0.2887,0,0.329,0.4647,46.0615885952146
87,1074,26,27,8,part_of_speech_classification,color_matching,matching,match_right,MQQM,adjective,positive,brown,✲✲✲eitel✲✲✲✲,adjective,negative,brown,0.5544,match,0.2895,0,0.3286,0.4643,45.997323501416254
87,1075,27,27,8,part_of_speech_classification,color_matching,matching,match_right,XVVX,noun,positive,brown,✲✲✲liebe✲✲✲✲,noun,positive,blue,0.4932,nonmatch,0.3779,0,0.3281,0.4638,45.93329794662693
87,1076,28,27,8,part_of_speech_classification,color_matching,matching,match_right,ZYYZ,noun,negative,blue,✲entführung✲,noun,negative,brown,0.4932,nonmatch,0.3474,0,0.3276,0.4634,45.869168145273534
87,1077,29,27,8,part_of_speech_classification,color_matching,matching,match_right,ZYYZ,noun,negative,blue,✲✲launisch✲✲,adjective,negative,blue,0.4932,match,0.418,0,0.3272,0.4629,45.80458847100902
87,1078,30,27,8,part_of_speech_classification,color_matching,matching,match_right,XVVX,noun,positive,blue,✲✲✲schön✲✲✲✲,adjective,positive,brown,0.4932,match,0.3844,1,0.3267,0.4624,45.73950539334577
87,1079,31,27,8,part_of_speech_classification,color_matching,matching,match_right,ZYYZ,noun,negative,brown,✲✲✲lustig✲✲✲,adjective,positive,brown,0.5013,match,0.3899,0,0.328,0.4638,45.92515348443229
87,1080,32,27,8,part_of_speech_classification,color_matching,matching,match_right,MQQM,adjective,positive,blue,✲✲✲✲gift✲✲✲✲,noun,negative,blue,0.4964,match,0.3822,0,0.3276,0.4633,45.86299219254769
87,1081,33,27,8,part_of_speech_classification,color_matching,matching,match_right,MQQM,adjective,positive,brown,✲✲✲✲spaß✲✲✲✲,noun,positive,blue,0.4932,nonmatch,0.405,0,0.3271,0.4629,45.80039653996828
87,1082,34,27,8,part_of_speech_classification,color_matching,matching,match_right,MQQM,adjective,positive,brown,✲✲✲lustig✲✲✲,adjective,positive,blue,0.4933,nonmatch,0.3198,0,0.3267,0.4624,45.73733196703443
87,1083,35,27,8,part_of_speech_classification,color_matching,matching,match_right,WJJW,adjective,negative,brown,✲entführung✲,noun,negative,blue,0.4932,nonmatch,0.4466,0,0.3262,0.462,45.6730951718843
87,1084,36,27,8,part_of_speech_classification,color_matching,matching,match_right,MQQM,adjective,positive,blue,✲✲✲liebe✲✲✲✲,noun,positive,brown,0.4932,nonmatch,0.3392,0,0.3258,0.4615,45.60733771527718
87,1085,37,27,8,part_of_speech_classification,color_matching,matching,match_right,XVVX,noun,positive,brown,✲✲✲✲gift✲✲✲✲,noun,negative,blue,0.4932,nonmatch,0.3965,0,0.3253,0.461,45.5462465265418
87,1086,38,27,8,part_of_speech_classification,color_matching,matching,match_right,WJJW,adjective,negative,blue,✲✲✲eitel✲✲✲✲,adjective,negative,brown,0.4932,nonmatch,0.3987,0,0.3249,0.4606,45.485627361404035
87,1087,39,27,8,part_of_speech_classification,color_matching,matching,match_right,WJJW,adjective,negative,blue,✲✲✲leiche✲✲✲,noun,negative,blue,0.4932,match,0.3751,0,0.3245,0.4602,45.424901877295596
87,1088,40,27,8,part_of_speech_classification,color_matching,matching,match_right,MQQM,adjective,positive,brown,✲✲✲glück✲✲✲✲,noun,positive,brown,0.4933,match,0.4006,0,0.324,0.4597,45.363755024429864
87,1089,41,27,8,part_of_speech_classification,color_matching,matching,match_right,MQQM,adjective,positive,blue,✲✲einfall✲✲✲,noun,positive,blue,0.4932,match,0.3913,0,0.3236,0.4593,45.30215331581748
87,1090,42,27,8,part_of_speech_classification,color_matching,matching,match_right,ZYYZ,noun,negative,blue,✲✲✲✲gift✲✲✲✲,noun,negative,blue,0.4932,match,0.378,0,0.3231,0.4589,45.239408409024215
87,1091,43,27,8,part_of_speech_classification,color_matching,matching,match_right,ZYYZ,noun,negative,brown,✲✲✲leiche✲✲✲,noun,negative,blue,0.4932,nonmatch,0.3993,0,0.3227,0.4584,45.17517788119118
87,1092,44,27,8,part_of_speech_classification,color_matching,matching,match_right,MQQM,adjective,positive,blue,✲✲✲gütig✲✲✲✲,adjective,positive,brown,0.4932,nonmatch,0.3854,0,0.3222,0.4579,45.11291711479136
87,1093,45,27,8,part_of_speech_classification,color_matching,matching,match_right,XVVX,noun,positive,blue,✲entführung✲,noun,negative,brown,0.4932,nonmatch,0.3894,0,0.3218,0.4575,45.052728297079966
87,1094,46,27,8,part_of_speech_classification,color_matching,matching,match_right,XVVX,noun,positive,blue,✲✲schlecht✲✲,adjective,negative,blue,0.4932,nonmatch,0.4725,1,0.3214,0.4571,44.99243114307403
87,1095,47,27,8,part_of_speech_classification,color_matching,matching,match_right,XVVX,noun,positive,blue,✲✲launisch✲✲,adjective,negative,brown,0.4932,nonmatch,0.405,0,0.3227,0.4584,45.1771145519264
87,1096,48,27,8,part_of_speech_classification,color_matching,matching,match_right,XVVX,noun,positive,blue,✲✲einfall✲✲✲,noun,positive,blue,0.4932,match,0.3788,0,0.3223,0.458,45.1165903503583
87,1097,49,27,8,part_of_speech_classification,color_matching,matching,match_right,XVVX,noun,positive,brown,✲✲✲✲spaß✲✲✲✲,noun,positive,brown,0.4932,match,0.3679,0,0.3218,0.4576,45.05838616786458
87,1098,50,27,8,part_of_speech_classification,color_matching,matching,match_right,ZYYZ,noun,negative,blue,✲✲✲✲spaß✲✲✲✲,noun,positive,brown,0.4932,nonmatch,0.4963,0,0.3214,0.4571,45.000148619901
87,1099,51,27,8,part_of_speech_classification,color_matching,matching,match_right,ZYYZ,noun,negative,brown,✲✲✲glück✲✲✲✲,noun,positive,brown,0.4932,match,0.3393,0,0.321,0.4567,44.94158365637842
87,1100,52,27,8,part_of_speech_classification,color_matching,matching,match_right,XVVX,noun,positive,brown,✲✲✲eitel✲✲✲✲,adjective,negative,blue,0.4932,nonmatch,0.379,0,0.3206,0.4563,44.8823921255963
87,1101,53,27,8,part_of_speech_classification,color_matching,matching,match_right,MQQM,adjective,positive,brown,✲entführung✲,noun,negative,blue,0.4932,nonmatch,0.4074,0,0.3202,0.4559,44.822520262524485
87,1102,54,27,8,part_of_speech_classification,color_matching,matching,match_right,ZYYZ,noun,negative,brown,✲✲✲gütig✲✲✲✲,adjective,positive,blue,0.4932,nonmatch,0.3828,0,0.3197,0.4554,44.761328664760484
87,1103,55,27,8,part_of_speech_classification,color_matching,matching,match_right,WJJW,adjective,negative,brown,✲✲✲✲gift✲✲✲✲,noun,negative,brown,0.4932,match,0.37,0,0.3193,0.455,44.69869813185377
87,1104,56,27,8,part_of_speech_classification,color_matching,matching,match_right,XVVX,noun,positive,brown,✲✲✲lustig✲✲✲,adjective,positive,blue,0.4932,nonmatch,0.3715,0,0.3189,0.4546,44.640143472547585
87,1105,57,27,8,part_of_speech_classification,color_matching,matching,match_right,XVVX,noun,positive,blue,✲✲✲leiche✲✲✲,noun,negative,blue,0.4932,match,0.3704,0,0.3184,0.4542,44.58160222768359
87,1106,58,27,8,part_of_speech_classification,color_matching,matching,match_right,MQQM,adjective,positive,blue,✲✲schlecht✲✲,adjective,negative,blue,0.4932,match,0.3467,0,0.318,0.4537,44.52277306410169
87,1107,59,27,8,part_of_speech_classification,color_matching,matching,match_right,WJJW,adjective,negative,brown,✲✲✲gierig✲✲✲,adjective,negative,brown,0.4932,match,0.3822,0,0.3176,0.4533,44.463349007189635
87,1108,60,27,8,part_of_speech_classification,color_matching,matching,match_right,WJJW,adjective,negative,brown,✲✲ehrlich✲✲✲,adjective,positive,blue,0.4932,nonmatch,0.4136,0,0.3172,0.4529,44.40326904625767
87,1109,61,27,8,part_of_speech_classification,color_matching,matching,match_right,XVVX,noun,positive,blue,✲✲✲glück✲✲✲✲,noun,positive,brown,0.4932,nonmatch,0.3608,0,0.3167,0.4524,44.34187995404301
87,1110,62,27,8,part_of_speech_classification,color_matching,matching,match_right,ZYYZ,noun,negative,blue,✲✲schlecht✲✲,adjective,negative,brown,0.4932,nonmatch,0.418,0,0.3163,0.452,44.278836480306836
87,1111,63,27,8,part_of_speech_classification,color_matching,matching,match_right,ZYYZ,noun,negative,brown,✲✲einfall✲✲✲,noun,positive,blue,0.4932,nonmatch,0.3751,0,0.3158,0.4516,44.21724395410794
87,1112,64,27,8,part_of_speech_classification,color_matching,matching,match_right,WJJW,adjective,negative,blue,✲✲einfall✲✲✲,noun,positive,brown,0.4932,nonmatch,0.3758,0,0.3154,0.4511,44.15710324250621
87,1113,1,28,9,part_of_speech_classification,color_matching,matching,match_right,einfall,noun,positive,blue,✲✲✲✲spaß✲✲✲✲,noun,positive,blue,0.529,match,0.4141,0,0.315,0.4507,44.09665019300428
87,1114,2,28,9,part_of_speech_classification,color_matching,matching,match_right,eitel,adjective,negative,blue,✲✲ehrlich✲✲✲,adjective,positive,blue,0.4932,match,0.325,0,0.3145,0.4503,44.035558529084845
87,1115,3,28,9,part_of_speech_classification,color_matching,matching,match_right,schön,adjective,positive,brown,✲✲✲lustig✲✲✲,adjective,positive,blue,0.4932,nonmatch,0.4108,0,0.3141,0.4498,43.973744763135144
87,1116,4,28,9,part_of_speech_classification,color_matching,matching,match_right,gift,noun,negative,blue,✲✲✲eitel✲✲✲✲,adjective,negative,brown,0.4932,nonmatch,0.3322,0,0.3136,0.4494,43.91052942095613
87,1117,5,28,9,part_of_speech_classification,color_matching,matching,match_right,gütig,adjective,positive,brown,✲entführung✲,noun,negative,blue,0.4961,nonmatch,0.3327,0,0.3132,0.4489,43.845542088609484
87,1118,6,28,9,part_of_speech_classification,color_matching,matching,match_right,ehrlich,adjective,positive,blue,✲✲✲gierig✲✲✲,adjective,negative,brown,0.4932,nonmatch,0.3322,0,0.3127,0.4484,43.780993830285425
87,1119,7,28,9,part_of_speech_classification,color_matching,matching,match_right,spaß,noun,positive,brown,✲✲✲schön✲✲✲✲,adjective,positive,blue,0.4932,nonmatch,0.3108,0,0.3123,0.448,43.71789693159907
87,1120,8,28,9,part_of_speech_classification,color_matching,matching,match_right,gütig,adjective,positive,brown,✲✲✲eitel✲✲✲✲,adjective,negative,brown,0.4932,nonmatch,0.3893,1,0.3118,0.4475,43.654371823928926
87,1121,9,28,9,part_of_speech_classification,color_matching,matching,match_right,gift,noun,negative,brown,✲✲✲lustig✲✲✲,adjective,positive,brown,0.4932,match,0.3279,0,0.3132,0.4489,43.8496387913544
87,1122,10,28,9,part_of_speech_classification,color_matching,matching,match_right,einfall,noun,positive,blue,✲✲✲leiche✲✲✲,noun,negative,blue,0.4933,match,0.3678,0,0.3128,0.4485,43.78700729606711
87,1123,11,28,9,part_of_speech_classification,color_matching,matching,match_right,liebe,noun,positive,brown,✲✲✲gütig✲✲✲✲,adjective,positive,brown,0.4932,match,0.3835,0,0.3123,0.448,43.72619358097005
87,1124,12,28,9,part_of_speech_classification,color_matching,matching,match_right,leiche,noun,negative,brown,✲✲launisch✲✲,adjective,negative,brown,0.4932,match,0.375,0,0.3119,0.4476,43.665068721676754
87,1125,13,28,9,part_of_speech_classification,color_matching,matching,match_right,lustig,adjective,positive,brown,✲✲einfall✲✲✲,noun,positive,blue,0.4932,nonmatch,0.3852,0,0.3115,0.4472,43.60330375726738
87,1126,14,28,9,part_of_speech_classification,color_matching,matching,match_right,einfall,noun,positive,blue,✲✲✲lustig✲✲✲,adjective,positive,blue,0.4932,match,0.442,0,0.311,0.4467,43.54055969390325
87,1127,15,28,9,part_of_speech_classification,color_matching,matching,match_right,glück,noun,positive,brown,✲✲✲✲gift✲✲✲✲,noun,negative,brown,0.4932,match,0.3751,0,0.3105,0.4463,43.4767028657899
87,1128,16,28,9,part_of_speech_classification,color_matching,matching,match_right,schleim,noun,negative,blue,✲✲ehrlich✲✲✲,adjective,positive,brown,0.4932,nonmatch,0.349,0,0.3101,0.4458,43.41106693576492
87,1129,17,28,9,part_of_speech_classification,color_matching,matching,match_right,liebe,noun,positive,brown,✲entführung✲,noun,negative,blue,0.4932,nonmatch,0.3899,0,0.3096,0.4453,43.34558741099936
87,1130,18,28,9,part_of_speech_classification,color_matching,matching,match_right,gütig,adjective,positive,blue,✲✲✲liebe✲✲✲✲,noun,positive,brown,0.4932,nonmatch,0.4043,0,0.3092,0.4449,43.28146733222268
87,1131,19,28,9,part_of_speech_classification,color_matching,matching,match_right,spaß,noun,positive,blue,✲✲schleim✲✲✲,noun,negative,brown,0.4932,nonmatch,0.3607,0,0.3087,0.4444,43.21693350043766
87,1132,20,28,9,part_of_speech_classification,color_matching,matching,match_right,entführung,noun,negative,blue,✲✲✲schön✲✲✲✲,adjective,positive,blue,0.4932,match,0.3608,0,0.3082,0.4439,43.15162820579306
87,1133,21,28,9,part_of_speech_classification,color_matching,matching,match_right,ehrlich,adjective,positive,blue,✲✲✲✲spaß✲✲✲✲,noun,positive,blue,0.4932,match,0.3337,0,0.3078,0.4435,43.085437967304266
87,1134,22,28,9,part_of_speech_classification,color_matching,matching,match_right,launisch,adjective,negative,blue,✲✲✲✲gift✲✲✲✲,noun,negative,brown,0.4932,nonmatch,0.3705,0,0.3073,0.443,43.01764002174139
87,1135,23,28,9,part_of_speech_classification,color_matching,matching,match_right,eitel,adjective,negative,blue,✲✲✲✲spaß✲✲✲✲,noun,positive,blue,0.4932,match,0.303,0,0.3068,0.4425,42.94785830508194
87,1136,24,28,9,part_of_speech_classification,color_matching,matching,match_right,leiche,noun,negative,brown,✲✲✲✲gift✲✲✲✲,noun,negative,brown,0.4932,nonmatch,0.4036,1,0.3063,0.442,42.880536422925935
87,1137,25,28,9,part_of_speech_classification,color_matching,matching,match_right,schlecht,adjective,negative,blue,✲✲✲liebe✲✲✲✲,noun,positive,brown,0.4932,nonmatch,0.3836,0,0.3078,0.4435,43.086100372466234
87,1138,26,28,9,part_of_speech_classification,color_matching,matching,match_right,lustig,adjective,positive,brown,✲✲ehrlich✲✲✲,adjective,positive,brown,0.4932,match,0.3336,0,0.3073,0.443,43.020516491546154
87,1139,27,28,9,part_of_speech_classification,color_matching,matching,match_right,leiche,noun,negative,brown,✲✲✲gütig✲✲✲✲,adjective,positive,blue,0.4932,nonmatch,0.3751,0,0.3068,0.4425,42.953050627984965
87,1140,28,28,9,part_of_speech_classification,color_matching,matching,match_right,gierig,adjective,negative,brown,✲✲✲leiche✲✲✲,noun,negative,blue,0.4932,nonmatch,0.418,0,0.3063,0.4421,42.88786024935461
87,1141,29,28,9,part_of_speech_classification,color_matching,matching,match_right,schleim,noun,negative,brown,✲✲✲leiche✲✲✲,noun,negative,blue,0.4932,nonmatch,0.4462,0,0.3059,0.4416,42.82279745853916
87,1142,30,28,9,part_of_speech_classification,color_matching,matching,match_right,schleim,noun,negative,brown,✲✲schlecht✲✲,adjective,negative,blue,0.4932,nonmatch,0.333,0,0.3054,0.4411,42.75726800513708
87,1143,31,28,9,part_of_speech_classification,color_matching,matching,match_right,schön,adjective,positive,blue,✲✲launisch✲✲,adjective,negative,blue,0.4932,match,0.3679,0,0.3049,0.4406,42.69091445541852
87,1144,32,28,9,part_of_speech_classification,color_matching,matching,match_right,schön,adjective,positive,blue,✲✲schleim✲✲✲,noun,negative,brown,0.4932,nonmatch,0.3679,0,0.3045,0.4402,42.623627199141985
87,1145,33,28,9,part_of_speech_classification,color_matching,matching,match_right,glück,noun,positive,brown,✲✲launisch✲✲,adjective,negative,blue,0.4932,nonmatch,0.4061,0,0.304,0.4397,42.55468458041911
87,1146,34,28,9,part_of_speech_classification,color_matching,matching,match_right,gierig,adjective,negative,brown,✲✲einfall✲✲✲,noun,positive,brown,0.4932,nonmatch,0.3178,1,0.3035,0.4392,42.48624211877637
87,1147,35,28,9,part_of_speech_classification,color_matching,matching,match_right,gierig,adjective,negative,brown,✲✲✲gütig✲✲✲✲,adjective,positive,brown,0.4932,match,0.2751,0,0.3049,0.4406,42.68949286367117
87,1148,36,28,9,part_of_speech_classification,color_matching,matching,match_right,lustig,adjective,positive,blue,✲✲✲leiche✲✲✲,noun,negative,blue,0.4932,match,0.5994,0,0.3045,0.4402,42.624274657429496
87,1149,37,28,9,part_of_speech_classification,color_matching,matching,match_right,leiche,noun,negative,blue,✲✲einfall✲✲✲,noun,positive,blue,0.4932,match,0.3482,0,0.304,0.4397,42.55749590176429
87,1150,38,28,9,part_of_speech_classification,color_matching,matching,match_right,launisch,adjective,negative,blue,✲✲✲schön✲✲✲✲,adjective,positive,brown,0.4932,nonmatch,0.3347,0,0.3035,0.4392,42.491048106164406
87,1151,39,28,9,part_of_speech_classification,color_matching,matching,match_right,launisch,adjective,negative,blue,✲✲✲gierig✲✲✲,adjective,negative,blue,0.4932,match,0.375,0,0.303,0.4388,42.42673387541922
87,1152,40,28,9,part_of_speech_classification,color_matching,matching,match_right,eitel,adjective,negative,blue,✲✲schlecht✲✲,adjective,negative,brown,0.4932,nonmatch,0.3403,0,0.3026,0.4383,42.36228913814803
87,1153,41,28,9,part_of_speech_classification,color_matching,matching,match_right,schleim,noun,negative,brown,✲✲✲liebe✲✲✲✲,noun,positive,brown,0.4932,match,0.3409,0,0.3021,0.4378,42.29737640403909
87,1154,42,28,9,part_of_speech_classification,color_matching,matching,match_right,gierig,adjective,negative,brown,✲✲✲eitel✲✲✲✲,adjective,negative,blue,0.4932,nonmatch,0.3679,0,0.3017,0.4374,42.23195309682245
87,1155,43,28,9,part_of_speech_classification,color_matching,matching,match_right,glück,noun,positive,blue,✲✲ehrlich✲✲✲,adjective,positive,brown,0.4932,match,0.3122,1,0.3012,0.4369,42.165290955072756
87,1156,44,28,9,part_of_speech_classification,color_matching,matching,match_right,spaß,noun,positive,blue,✲✲✲eitel✲✲✲✲,adjective,negative,brown,0.4932,nonmatch,0.3679,0,0.3025,0.4383,42.35643796012211
87,1157,45,28,9,part_of_speech_classification,color_matching,matching,match_right,entführung,noun,negative,blue,✲✲✲gierig✲✲✲,adjective,negative,blue,0.4932,match,0.3464,0,0.3021,0.4378,42.29341726146699
87,1158,46,28,9,part_of_speech_classification,color_matching,matching,match_right,eitel,adjective,negative,blue,✲entführung✲,noun,negative,blue,0.4932,match,0.3346,0,0.3016,0.4374,42.22991310996969
87,1159,47,28,9,part_of_speech_classification,color_matching,matching,match_right,einfall,noun,positive,brown,✲✲schlecht✲✲,adjective,negative,brown,0.4932,nonmatch,0.3355,1,0.3012,0.4369,42.16522640549657
87,1160,48,28,9,part_of_speech_classification,color_matching,matching,match_right,schlecht,adjective,negative,brown,✲✲✲lustig✲✲✲,adjective,positive,blue,0.4932,match,0.3637,1,0.3025,0.4382,42.35060867449047
87,1161,49,28,9,part_of_speech_classification,color_matching,matching,match_right,gift,noun,negative,blue,✲✲✲glück✲✲✲✲,noun,positive,brown,0.4932,nonmatch,0.3543,0,0.3038,0.4395,42.53579225185991
87,1162,50,28,9,part_of_speech_classification,color_matching,matching,match_right,entführung,noun,negative,blue,✲✲schleim✲✲✲,noun,negative,brown,0.4932,nonmatch,0.3894,0,0.3034,0.4391,42.475856955025016
87,1163,51,28,9,part_of_speech_classification,color_matching,matching,match_right,gütig,adjective,positive,blue,✲✲✲schön✲✲✲✲,adjective,positive,blue,0.4932,match,0.3923,0,0.303,0.4387,42.41708241246853
87,1164,52,28,9,part_of_speech_classification,color_matching,matching,match_right,schön,adjective,positive,brown,✲✲✲glück✲✲✲✲,noun,positive,brown,0.4932,match,0.3822,0,0.3026,0.4383,42.358222219873795
87,1165,53,28,9,part_of_speech_classification,color_matching,matching,match_right,glück,noun,positive,blue,✲✲einfall✲✲✲,noun,positive,brown,0.4932,nonmatch,0.3646,0,0.3021,0.4378,42.29899246340916
87,1166,54,28,9,part_of_speech_classification,color_matching,matching,match_right,launisch,adjective,negative,brown,✲✲✲glück✲✲✲✲,noun,positive,blue,0.4932,nonmatch,0.4828,0,0.3017,0.4374,42.239397993086
87,1167,55,28,9,part_of_speech_classification,color_matching,matching,match_right,ehrlich,adjective,positive,brown,✲✲✲✲gift✲✲✲✲,noun,negative,brown,0.4932,match,0.4262,0,0.3013,0.437,42.17878972085391
87,1168,56,28,9,part_of_speech_classification,color_matching,matching,match_right,entführung,noun,negative,brown,✲✲✲✲spaß✲✲✲✲,noun,positive,blue,0.4932,nonmatch,0.3428,0,0.3008,0.4365,42.11686540538436
87,1169,57,28,9,part_of_speech_classification,color_matching,matching,match_right,spaß,noun,positive,brown,✲✲✲liebe✲✲✲✲,noun,positive,brown,0.4932,nonmatch,0.3894,1,0.3004,0.4361,42.05751334359448
87,1170,58,28,9,part_of_speech_classification,color_matching,matching,match_right,schlecht,adjective,negative,brown,✲✲schleim✲✲✲,noun,negative,brown,0.4932,match,0.3038,0,0.3017,0.4374,42.236741833813916
87,1171,59,28,9,part_of_speech_classification,color_matching,matching,match_right,gift,noun,negative,blue,✲entführung✲,noun,negative,blue,0.4932,match,0.3329,0,0.3013,0.437,42.17771728740601
87,1172,60,28,9,part_of_speech_classification,color_matching,matching,match_right,liebe,noun,positive,blue,✲✲✲gierig✲✲✲,adjective,negative,blue,0.4932,match,0.3789,0,0.3008,0.4366,42.11742687691531
87,1173,61,28,9,part_of_speech_classification,color_matching,matching,match_right,schlecht,adjective,negative,brown,✲✲launisch✲✲,adjective,negative,brown,0.4932,match,0.4357,0,0.3004,0.4361,42.05963790963205
87,1174,62,28,9,part_of_speech_classification,color_matching,matching,match_right,lustig,adjective,positive,brown,✲✲schlecht✲✲,adjective,negative,blue,0.4932,nonmatch,0.3761,0,0.3,0.4357,42.00375951178125
87,1175,63,28,9,part_of_speech_classification,color_matching,matching,match_right,ehrlich,adjective,positive,blue,✲✲✲gütig✲✲✲✲,adjective,positive,brown,0.4932,match,0.4492,1,0.2996,0.4353,41.947996628155884
87,1176,64,28,9,part_of_speech_classification,color_matching,matching,match_right,liebe,noun,positive,brown,✲✲✲glück✲✲✲✲,noun,positive,blue,0.4933,match,0.4109,1,0.3008,0.4366,42.11771724223388
87,1176,64,28,9,part_of_speech_classification,color_matching,matching,match_right,liebe,noun,positive,brown,✲✲✲glück✲✲✲✲,noun,positive,blue,0.4933,nonmatch,0.5073,0,0.3008,0.4366,42.11771724223388
87,1177,1,29,10,part_of_speech_classification,color_matching,matching,match_right,schlecht,adjective,negative,blue,✲✲✲eitel✲✲✲✲,adjective,negative,brown,0.4932,nonmatch,0.4215,0,0.3004,0.4362,42.0614200581442
87,1178,2,29,10,part_of_speech_classification,color_matching,matching,match_right,einfall,noun,positive,blue,✲✲✲schön✲✲✲✲,adjective,positive,blue,0.4946,match,0.3992,0,0.3001,0.4358,42.00710613241091
87,1179,3,29,10,part_of_speech_classification,color_matching,matching,match_right,entführung,noun,negative,brown,✲✲✲glück✲✲✲✲,noun,positive,brown,0.4932,nonmatch,0.297,1,0.2997,0.4354,41.952934971135754
87,1180,4,29,10,part_of_speech_classification,color_matching,matching,match_right,einfall,noun,positive,blue,✲✲✲liebe✲✲✲✲,noun,positive,brown,0.4932,nonmatch,0.3321,0,0.3008,0.4366,42.11777354489444
87,1181,5,29,10,part_of_speech_classification,color_matching,matching,match_right,eitel,adjective,negative,brown,✲✲schlecht✲✲,adjective,negative,blue,0.4932,nonmatch,0.3563,0,0.3004,0.4362,42.06290317960743
87,1182,6,29,10,part_of_speech_classification,color_matching,matching,match_right,schleim,noun,negative,brown,✲✲✲gütig✲✲✲✲,adjective,positive,brown,0.4932,nonmatch,0.4048,1,0.3001,0.4358,42.01006713738757
87,1183,7,29,10,part_of_speech_classification,color_matching,matching,match_right,gütig,adjective,positive,blue,✲✲✲gierig✲✲✲,adjective,negative,blue,0.4932,nonmatch,0.3477,1,0.3012,0.437,42.17354185719945
87,1184,8,29,10,part_of_speech_classification,color_matching,matching,match_right,spaß,noun,positive,brown,✲✲✲glück✲✲✲✲,noun,positive,blue,0.4932,nonmatch,0.3622,0,0.3024,0.4381,42.33001873946468
87,1185,9,29,10,part_of_speech_classification,color_matching,matching,match_right,lustig,adjective,positive,brown,✲✲schlecht✲✲,adjective,negative,blue,0.4932,nonmatch,0.3485,0,0.302,0.4377,42.27774603530663
87,1186,10,29,10,part_of_speech_classification,color_matching,matching,match_right,schlecht,adjective,negative,brown,✲✲✲✲spaß✲✲✲✲,noun,positive,blue,0.4932,nonmatch,0.418,0,0.3016,0.4373,42.22514482900924
87,1187,11,29,10,part_of_speech_classification,color_matching,matching,match_right,gift,noun,negative,blue,✲✲ehrlich✲✲✲,adjective,positive,blue,0.4932,nonmatch,0.2272,1,0.3012,0.4369,42.17167061841971
87,1188,12,29,10,part_of_speech_classification,color_matching,matching,match_right,lustig,adjective,positive,blue,✲✲✲gütig✲✲✲✲,adjective,positive,brown,0.4932,nonmatch,0.4839,0,0.3023,0.438,42.32441536593623
87,1189,13,29,10,part_of_speech_classification,color_matching,matching,match_right,spaß,noun,positive,brown,✲✲ehrlich✲✲✲,adjective,positive,brown,0.4932,match,0.3321,0,0.302,0.4377,42.27335275589925
87,1190,14,29,10,part_of_speech_classification,color_matching,matching,match_right,leiche,noun,negative,blue,✲✲✲✲spaß✲✲✲✲,noun,positive,blue,0.4932,match,0.3321,0,0.3016,0.4373,42.221963563794056
87,1191,15,29,10,part_of_speech_classification,color_matching,matching,match_right,liebe,noun,positive,brown,✲✲✲leiche✲✲✲,noun,negative,blue,0.4932,nonmatch,0.4515,0,0.3012,0.4369,42.16972119127853
87,1192,16,29,10,part_of_speech_classification,color_matching,matching,match_right,lustig,adjective,positive,brown,✲✲einfall✲✲✲,noun,positive,brown,0.4932,match,0.3988,0,0.3008,0.4365,42.11639917416786
87,1193,17,29,10,part_of_speech_classification,color_matching,matching,match_right,schön,adjective,positive,blue,✲✲schleim✲✲✲,noun,negative,brown,0.4932,nonmatch,0.2826,0,0.3005,0.4362,42.06556266831018
87,1194,18,29,10,part_of_speech_classification,color_matching,matching,match_right,ehrlich,adjective,positive,blue,✲✲✲lustig✲✲✲,adjective,positive,blue,0.4932,match,0.5022,0,0.3001,0.4358,42.01676550587397
87,1195,19,29,10,part_of_speech_classification,color_matching,matching,match_right,entführung,noun,negative,blue,✲✲launisch✲✲,adjective,negative,brown,0.4932,nonmatch,0.4055,0,0.2998,0.4355,41.96818185063317
87,1196,20,29,10,part_of_speech_classification,color_matching,matching,match_right,gift,noun,negative,brown,✲✲schlecht✲✲,adjective,negative,brown,0.4932,nonmatch,0.3251,1,0.2994,0.4351,41.91961333429585
87,1197,21,29,10,part_of_speech_classification,color_matching,matching,match_right,spaß,noun,positive,blue,✲✲✲gierig✲✲✲,adjective,negative,brown,0.4932,nonmatch,0.3965,0,0.3005,0.4362,42.06617695801113
87,1198,22,29,10,part_of_speech_classification,color_matching,matching,match_right,eitel,adjective,negative,brown,✲✲einfall✲✲✲,noun,positive,brown,0.4932,match,0.3046,0,0.3001,0.4358,42.01857542862029
87,1199,23,29,10,part_of_speech_classification,color_matching,matching,match_right,launisch,adjective,negative,blue,✲✲schleim✲✲✲,noun,negative,brown,0.4932,nonmatch,0.334,0,0.2998,0.4355,41.97119865859223
87,1200,24,29,10,part_of_speech_classification,color_matching,matching,match_right,schleim,noun,negative,blue,✲✲✲liebe✲✲✲✲,noun,positive,brown,0.4933,nonmatch,0.3614,0,0.2995,0.4352,41.9238573661244
87,1201,25,29,10,part_of_speech_classification,color_matching,matching,match_right,entführung,noun,negative,brown,✲✲✲lustig✲✲✲,adjective,positive,blue,0.4932,match,0.3678,1,0.2991,0.4348,41.87636299764777
87,1202,26,29,10,part_of_speech_classification,color_matching,matching,match_right,gierig,adjective,negative,brown,✲✲✲leiche✲✲✲,noun,negative,blue,0.4932,nonmatch,0.414,0,0.3001,0.4358,42.00943055475152
87,1203,27,29,10,part_of_speech_classification,color_matching,matching,match_right,ehrlich,adjective,positive,blue,✲✲✲✲gift✲✲✲✲,noun,negative,blue,0.4932,nonmatch,0.3764,1,0.2997,0.4355,41.963146309677974
87,1204,28,29,10,part_of_speech_classification,color_matching,matching,match_right,gütig,adjective,positive,brown,✲✲✲leiche✲✲✲,noun,negative,blue,0.4932,nonmatch,0.3822,0,0.3007,0.4364,42.102703650028644
87,1205,29,29,10,part_of_speech_classification,color_matching,matching,match_right,leiche,noun,negative,blue,✲✲✲schön✲✲✲✲,adjective,positive,brown,0.4932,nonmatch,0.4465,0,0.3004,0.4361,42.056483582982096
87,1206,30,29,10,part_of_speech_classification,color_matching,matching,match_right,gierig,adjective,negative,blue,✲✲ehrlich✲✲✲,adjective,positive,blue,0.4932,match,0.3465,0,0.3001,0.4358,42.011098685036195
87,1207,31,29,10,part_of_speech_classification,color_matching,matching,match_right,liebe,noun,positive,brown,✲✲✲✲spaß✲✲✲✲,noun,positive,brown,0.4932,match,0.3574,0,0.2998,0.4355,41.965915028323074
87,1208,32,29,10,part_of_speech_classification,color_matching,matching,match_right,glück,noun,positive,blue,✲✲schleim✲✲✲,noun,negative,blue,0.4932,match,0.3488,0,0.2994,0.4351,41.92075943890394
87,1209,33,29,10,part_of_speech_classification,color_matching,matching,match_right,ehrlich,adjective,positive,blue,✲✲✲liebe✲✲✲✲,noun,positive,brown,0.5466,nonmatch,0.3635,0,0.2991,0.4348,41.875459418008
87,1210,34,29,10,part_of_speech_classification,color_matching,matching,match_right,lustig,adjective,positive,brown,✲entführung✲,noun,negative,brown,0.4932,match,0.3115,0,0.2988,0.4345,41.83010280103349
87,1211,35,29,10,part_of_speech_classification,color_matching,matching,match_right,liebe,noun,positive,brown,✲✲✲lustig✲✲✲,adjective,positive,blue,0.4932,nonmatch,0.3745,0,0.2985,0.4342,41.78421764550117
87,1212,36,29,10,part_of_speech_classification,color_matching,matching,match_right,schlecht,adjective,negative,blue,✲✲✲✲gift✲✲✲✲,noun,negative,blue,0.4932,match,0.4116,0,0.2981,0.4338,41.73762799751882
87,1213,37,29,10,part_of_speech_classification,color_matching,matching,match_right,schleim,noun,negative,brown,✲entführung✲,noun,negative,brown,0.4932,match,0.3213,0,0.2978,0.4335,41.69015317379574
87,1214,38,29,10,part_of_speech_classification,color_matching,matching,match_right,einfall,noun,positive,blue,✲✲✲✲gift✲✲✲✲,noun,negative,brown,0.4932,nonmatch,0.4617,0,0.2975,0.4332,41.64632673362722
87,1215,39,29,10,part_of_speech_classification,color_matching,matching,match_right,leiche,noun,negative,blue,✲✲✲eitel✲✲✲✲,adjective,negative,blue,0.4932,nonmatch,0.3427,1,0.2972,0.4329,41.60417244457696
87,1216,40,29,10,part_of_speech_classification,color_matching,matching,match_right,ehrlich,adjective,positive,brown,✲✲✲eitel✲✲✲✲,adjective,negative,brown,0.4932,nonmatch,0.3623,1,0.2981,0.4338,41.735278531796446
87,1217,41,29,10,part_of_speech_classification,color_matching,matching,match_right,schön,adjective,positive,brown,✲✲ehrlich✲✲✲,adjective,positive,brown,0.4944,match,0.2629,0,0.299,0.4348,41.86553938503134
87,1218,42,29,10,part_of_speech_classification,color_matching,matching,match_right,launisch,adjective,negative,blue,✲✲✲glück✲✲✲✲,noun,positive,blue,0.4932,nonmatch,0.3757,1,0.2987,0.4344,41.82192076137995
87,1219,43,29,10,part_of_speech_classification,color_matching,matching,match_right,gütig,adjective,positive,brown,✲✲✲schön✲✲✲✲,adjective,positive,blue,0.4961,match,0.3665,1,0.2996,0.4353,41.945398571992015
87,1220,44,29,10,part_of_speech_classification,color_matching,matching,match_right,schleim,noun,negative,brown,✲✲✲gierig✲✲✲,adjective,negative,blue,0.5059,nonmatch,0.419,0,0.3005,0.4362,42.07309574005642
87,1221,45,29,10,part_of_speech_classification,color_matching,matching,match_right,gierig,adjective,negative,blue,✲✲launisch✲✲,adjective,negative,blue,0.4932,match,0.3988,0,0.3002,0.4359,42.03116545165751
87,1222,46,29,10,part_of_speech_classification,color_matching,matching,match_right,schön,adjective,positive,brown,✲✲✲✲spaß✲✲✲✲,noun,positive,blue,0.4932,nonmatch,0.3757,0,0.2999,0.4356,41.98951495280393
87,1223,47,29,10,part_of_speech_classification,color_matching,matching,match_right,gift,noun,negative,blue,✲✲✲leiche✲✲✲,noun,negative,blue,0.4932,match,0.3354,0,0.2996,0.4353,41.947995287749606
87,1224,48,29,10,part_of_speech_classification,color_matching,matching,match_right,launisch,adjective,negative,blue,✲✲✲lustig✲✲✲,adjective,positive,brown,0.4932,nonmatch,0.4042,0,0.2993,0.435,41.90645883939326
87,1225,49,29,10,part_of_speech_classification,color_matching,matching,match_right,gift,noun,negative,brown,✲✲einfall✲✲✲,noun,positive,blue,0.4932,nonmatch,0.3894,0,0.299,0.4347,41.864758348339606
87,1226,50,29,10,part_of_speech_classification,color_matching,matching,match_right,spaß,noun,positive,brown,✲entführung✲,noun,negative,brown,0.4932,match,0.3858,0,0.2987,0.4344,41.82298742495549
87,1227,51,29,10,part_of_speech_classification,color_matching,matching,match_right,schlecht,adjective,negative,brown,✲✲✲schön✲✲✲✲,adjective,positive,blue,0.4932,nonmatch,0.418,0,0.2984,0.4341,41.78072484074947
87,1228,52,29,10,part_of_speech_classification,color_matching,matching,match_right,glück,noun,positive,blue,✲✲✲gütig✲✲✲✲,adjective,positive,brown,0.4932,nonmatch,0.45,0,0.2981,0.4338,41.73782024538972
87,1229,53,29,10,part_of_speech_classification,color_matching,matching,match_right,glück,noun,positive,blue,✲✲✲eitel✲✲✲✲,adjective,negative,blue,0.4932,match,0.3987,0,0.2978,0.4335,41.69411936072235
87,1230,54,29,10,part_of_speech_classification,color_matching,matching,match_right,gütig,adjective,positive,blue,✲✲✲glück✲✲✲✲,noun,positive,blue,0.4932,match,0.3987,0,0.2975,0.4332,41.65329707547414
87,1231,55,29,10,part_of_speech_classification,color_matching,matching,match_right,liebe,noun,positive,brown,✲✲launisch✲✲,adjective,negative,blue,0.4932,nonmatch,0.343,0,0.2972,0.433,41.61463551234745
87,1232,56,29,10,part_of_speech_classification,color_matching,matching,match_right,leiche,noun,negative,blue,✲✲schleim✲✲✲,noun,negative,brown,0.4967,nonmatch,0.3611,0,0.297,0.4327,41.57630252982162
87,1233,57,29,10,part_of_speech_classification,color_matching,matching,match_right,eitel,adjective,negative,brown,✲✲✲gütig✲✲✲✲,adjective,positive,brown,0.4932,match,0.3393,0,0.2967,0.4324,41.53816767783449
87,1234,58,29,10,part_of_speech_classification,color_matching,matching,match_right,einfall,noun,positive,brown,✲✲schlecht✲✲,adjective,negative,brown,0.4935,match,0.4108,0,0.2964,0.4321,41.50010241083535
87,1235,59,29,10,part_of_speech_classification,color_matching,matching,match_right,glück,noun,positive,blue,✲✲einfall✲✲✲,noun,positive,blue,0.4932,match,0.4136,0,0.2962,0.4319,41.46197926432855
87,1236,60,29,10,part_of_speech_classification,color_matching,matching,match_right,entführung,noun,negative,brown,✲✲✲✲gift✲✲✲✲,noun,negative,blue,0.4935,nonmatch,0.3537,0,0.2959,0.4316,41.423905931213156
87,1237,61,29,10,part_of_speech_classification,color_matching,matching,match_right,launisch,adjective,negative,brown,✲✲✲gierig✲✲✲,adjective,negative,brown,0.4933,match,0.4181,0,0.2956,0.4313,41.38549325232388
87,1238,62,29,10,part_of_speech_classification,color_matching,matching,match_right,eitel,adjective,negative,brown,✲entführung✲,noun,negative,brown,0.4932,match,0.4319,0,0.2953,0.431,41.34661396973257
87,1239,63,29,10,part_of_speech_classification,color_matching,matching,match_right,gierig,adjective,negative,blue,✲✲✲liebe✲✲✲✲,noun,positive,brown,0.4932,nonmatch,0.3471,0,0.2951,0.4308,41.307138398952155
87,1240,64,29,10,part_of_speech_classification,color_matching,matching,match_right,schön,adjective,positive,blue,✲✲launisch✲✲,adjective,negative,brown,0.4932,nonmatch,0.3686,0,0.2948,0.4305,41.266933641866515
87,1241,1,30,11,part_of_speech_classification,color_matching,matching,match_right,launisch,adjective,negative,blue,✲✲schlecht✲✲,adjective,negative,blue,0.4932,match,0.4612,0,0.2945,0.4302,41.23146710118291
87,1242,2,30,11,part_of_speech_classification,color_matching,matching,match_right,schön,adjective,positive,brown,✲✲✲✲gift✲✲✲✲,noun,negative,brown,0.4932,match,0.3536,0,0.2943,0.43,41.196761931353485
87,1243,3,30,11,part_of_speech_classification,color_matching,matching,match_right,glück,noun,positive,blue,✲✲✲eitel✲✲✲✲,adjective,negative,blue,0.4932,match,0.4037,0,0.294,0.4297,41.16237692164864
87,1244,4,30,11,part_of_speech_classification,color_matching,matching,match_right,gift,noun,negative,blue,✲✲✲eitel✲✲✲✲,adjective,negative,blue,0.4932,match,0.3627,0,0.2938,0.4295,41.12820257196517
87,1245,5,30,11,part_of_speech_classification,color_matching,matching,match_right,gift,noun,negative,brown,✲✲ehrlich✲✲✲,adjective,positive,brown,0.4932,match,0.3983,0,0.2935,0.4292,41.09413129408002
87,1246,6,30,11,part_of_speech_classification,color_matching,matching,match_right,spaß,noun,positive,brown,✲✲schlecht✲✲,adjective,negative,blue,0.4932,nonmatch,0.325,0,0.2933,0.429,41.060056755029564
87,1247,7,30,11,part_of_speech_classification,color_matching,matching,match_right,liebe,noun,positive,blue,✲✲launisch✲✲,adjective,negative,brown,0.4932,nonmatch,0.3321,0,0.293,0.4288,41.025873239332896
87,1248,8,30,11,part_of_speech_classification,color_matching,matching,match_right,leiche,noun,negative,brown,✲✲✲✲spaß✲✲✲✲,noun,positive,blue,0.4932,nonmatch,0.3546,0,0.2928,0.4285,40.991682691262014
87,1249,9,30,11,part_of_speech_classification,color_matching,matching,match_right,liebe,noun,positive,blue,✲✲✲gütig✲✲✲✲,adjective,positive,brown,0.4978,nonmatch,0.393,0,0.2926,0.4283,40.957149842458904
87,1250,10,30,11,part_of_speech_classification,color_matching,matching,match_right,schön,adjective,positive,brown,✲✲✲lustig✲✲✲,adjective,positive,brown,0.4932,match,0.3464,0,0.2923,0.428,40.922168554030485
87,1251,11,30,11,part_of_speech_classification,color_matching,matching,match_right,liebe,noun,positive,brown,✲entführung✲,noun,negative,blue,0.4932,nonmatch,0.369,0,0.292,0.4278,40.88663057766377
87,1252,12,30,11,part_of_speech_classification,color_matching,matching,match_right,schön,adjective,positive,brown,✲✲✲liebe✲✲✲✲,noun,positive,brown,0.4932,match,0.2815,0,0.2918,0.4275,40.85089572802921
87,1253,13,30,11,part_of_speech_classification,color_matching,matching,match_right,gütig,adjective,positive,brown,✲✲ehrlich✲✲✲,adjective,positive,blue,0.4932,nonmatch,0.3924,0,0.2916,0.4273,40.81969040553452
87,1254,14,30,11,part_of_speech_classification,color_matching,matching,match_right,gierig,adjective,negative,blue,✲entführung✲,noun,negative,brown,0.4932,nonmatch,0.3679,0,0.2913,0.4271,40.78887463440646
87,1255,15,30,11,part_of_speech_classification,color_matching,matching,match_right,schlecht,adjective,negative,brown,✲✲schleim✲✲✲,noun,negative,blue,0.4962,nonmatch,0.4523,0,0.2911,0.4268,40.75835643147407
87,1256,16,30,11,part_of_speech_classification,color_matching,matching,match_right,glück,noun,positive,blue,✲✲✲✲gift✲✲✲✲,noun,negative,blue,0.4932,match,0.3107,0,0.2909,0.4266,40.728046024407696
87,1257,17,30,11,part_of_speech_classification,color_matching,matching,match_right,schleim,noun,negative,blue,✲✲✲leiche✲✲✲,noun,negative,blue,0.4932,match,0.3693,0,0.2907,0.4264,40.69785532602125
87,1258,18,30,11,part_of_speech_classification,color_matching,matching,match_right,entführung,noun,negative,brown,✲✲schleim✲✲✲,noun,negative,blue,0.4932,nonmatch,0.4004,0,0.2905,0.4262,40.66769742869551
87,1259,19,30,11,part_of_speech_classification,color_matching,matching,match_right,ehrlich,adjective,positive,blue,✲✲✲schön✲✲✲✲,adjective,positive,blue,0.5042,match,0.3724,0,0.2903,0.426,40.637486114461645
87,1260,20,30,11,part_of_speech_classification,color_matching,matching,match_right,entführung,noun,negative,blue,✲✲✲liebe✲✲✲✲,noun,positive,brown,0.4932,nonmatch,0.3786,0,0.2901,0.4258,40.60732692767639
87,1261,21,30,11,part_of_speech_classification,color_matching,matching,match_right,ehrlich,adjective,positive,blue,✲✲✲leiche✲✲✲,noun,negative,blue,0.4932,match,0.3343,0,0.2898,0.4255,40.57692448569217
87,1262,22,30,11,part_of_speech_classification,color_matching,matching,match_right,leiche,noun,negative,blue,✲✲✲lustig✲✲✲,adjective,positive,brown,0.4965,match,0.2909,1,0.2896,0.4253,40.54619309786035
87,1263,23,30,11,part_of_speech_classification,color_matching,matching,match_right,einfall,noun,positive,brown,✲✲✲leiche✲✲✲,noun,negative,brown,0.4932,match,0.392,0,0.2902,0.426,40.633267014825755
87,1264,24,30,11,part_of_speech_classification,color_matching,matching,match_right,spaß,noun,positive,brown,✲✲✲liebe✲✲✲✲,noun,positive,brown,0.4932,match,0.335,0,0.29,0.4257,40.60353341997484
87,1265,25,30,11,part_of_speech_classification,color_matching,matching,match_right,launisch,adjective,negative,blue,✲✲einfall✲✲✲,noun,positive,blue,0.4932,nonmatch,0.2845,1,0.2898,0.4255,40.57355044585439
87,1266,26,30,11,part_of_speech_classification,color_matching,matching,match_right,launisch,adjective,negative,brown,✲✲✲✲gift✲✲✲✲,noun,negative,brown,0.4932,match,0.391,0,0.2904,0.4261,40.6582958895751
87,1267,27,30,11,part_of_speech_classification,color_matching,matching,match_right,gierig,adjective,negative,brown,✲✲launisch✲✲,adjective,negative,blue,0.4932,nonmatch,0.3893,0,0.2902,0.4259,40.62895614176388
87,1268,28,30,11,part_of_speech_classification,color_matching,matching,match_right,gierig,adjective,negative,brown,✲✲ehrlich✲✲✲,adjective,positive,brown,0.5001,match,0.4042,0,0.29,0.4257,40.599642684498676
87,1269,29,30,11,part_of_speech_classification,color_matching,matching,match_right,ehrlich,adjective,positive,blue,✲✲✲glück✲✲✲✲,noun,positive,blue,0.4932,match,0.3991,0,0.2898,0.4255,40.57007362468682
87,1270,30,30,11,part_of_speech_classification,color_matching,matching,match_right,gütig,adjective,positive,blue,✲✲✲gierig✲✲✲,adjective,negative,brown,0.4932,nonmatch,0.4583,0,0.2896,0.4253,40.5401679005826
87,1271,31,30,11,part_of_speech_classification,color_matching,matching,match_right,schlecht,adjective,negative,brown,✲✲✲✲spaß✲✲✲✲,noun,positive,blue,0.4932,nonmatch,0.2984,0,0.2894,0.4251,40.50984305252567
87,1272,32,30,11,part_of_speech_classification,color_matching,matching,match_right,gütig,adjective,positive,brown,✲✲✲✲spaß✲✲✲✲,noun,positive,blue,0.4932,match,0.4131,1,0.2891,0.4249,40.4790147980664
87,1273,33,30,11,part_of_speech_classification,color_matching,matching,match_right,entführung,noun,negative,blue,✲✲launisch✲✲,adjective,negative,brown,0.4932,nonmatch,0.2988,0,0.2898,0.4255,40.56684703952254
87,1274,34,30,11,part_of_speech_classification,color_matching,matching,match_right,eitel,adjective,negative,blue,✲✲✲leiche✲✲✲,noun,negative,blue,0.4932,nonmatch,0.3042,1,0.2896,0.4253,40.537330533784186
87,1275,35,30,11,part_of_speech_classification,color_matching,matching,match_right,leiche,noun,negative,blue,✲✲✲✲gift✲✲✲✲,noun,negative,brown,0.4932,nonmatch,0.514,0,0.2902,0.4259,40.621015427155456
87,1276,36,30,11,part_of_speech_classification,color_matching,matching,match_right,glück,noun,positive,blue,✲✲✲✲spaß✲✲✲✲,noun,positive,blue,0.5195,nonmatch,0.3118,1,0.2899,0.4257,40.592485204378384
87,1277,37,30,11,part_of_speech_classification,color_matching,matching,match_right,eitel,adjective,negative,brown,✲✲✲liebe✲✲✲✲,noun,positive,brown,0.4932,match,0.3465,0,0.2905,0.4262,40.67297781862232
87,1278,38,30,11,part_of_speech_classification,color_matching,matching,match_right,liebe,noun,positive,brown,✲✲einfall✲✲✲,noun,positive,blue,0.4932,nonmatch,0.3544,0,0.2903,0.426,40.64495189530893
87,1279,39,30,11,part_of_speech_classification,color_matching,matching,match_right,eitel,adjective,negative,brown,✲✲✲lustig✲✲✲,adjective,positive,blue,0.4932,match,0.3465,1,0.2901,0.4258,40.61699995909589
87,1280,40,30,11,part_of_speech_classification,color_matching,matching,match_right,spaß,noun,positive,blue,✲✲ehrlich✲✲✲,adjective,positive,blue,0.4932,match,0.3771,0,0.2907,0.4264,40.69568189578567
87,1281,41,30,11,part_of_speech_classification,color_matching,matching,match_right,schleim,noun,negative,blue,✲✲✲gütig✲✲✲✲,adjective,positive,blue,0.4932,match,0.3702,0,0.2905,0.4262,40.66809788836896
87,1282,42,30,11,part_of_speech_classification,color_matching,matching,match_right,leiche,noun,negative,brown,✲✲✲gierig✲✲✲,adjective,negative,blue,0.4932,nonmatch,0.2964,0,0.2903,0.426,40.64046856396091
87,1283,43,30,11,part_of_speech_classification,color_matching,matching,match_right,eitel,adjective,negative,blue,✲✲✲gierig✲✲✲,adjective,negative,brown,0.4932,nonmatch,0.3848,0,0.2901,0.4258,40.612899748022734
87,1284,44,30,11,part_of_speech_classification,color_matching,matching,match_right,gift,noun,negative,brown,✲entführung✲,noun,negative,brown,0.4932,match,0.4037,0,0.2899,0.4256,40.58512607482001
87,1285,45,30,11,part_of_speech_classification,color_matching,matching,match_right,lustig,adjective,positive,blue,✲✲✲gütig✲✲✲✲,adjective,positive,brown,0.4932,nonmatch,0.325,0,0.2897,0.4254,40.55707564104056
87,1286,46,30,11,part_of_speech_classification,color_matching,matching,match_right,schlecht,adjective,negative,brown,✲✲✲eitel✲✲✲✲,adjective,negative,brown,0.4961,nonmatch,0.2951,1,0.2895,0.4252,40.52867549515761
87,1287,47,30,11,part_of_speech_classification,color_matching,matching,match_right,lustig,adjective,positive,brown,✲✲schlecht✲✲,adjective,negative,brown,0.4932,match,0.3275,0,0.2901,0.4258,40.60924609445456
87,1288,48,30,11,part_of_speech_classification,color_matching,matching,match_right,schön,adjective,positive,blue,✲✲✲eitel✲✲✲✲,adjective,negative,blue,0.4932,match,0.3695,0,0.2899,0.4256,40.581822028907595
87,1289,49,30,11,part_of_speech_classification,color_matching,matching,match_right,schleim,noun,negative,brown,✲✲einfall✲✲✲,noun,positive,brown,0.4932,match,0.363,0,0.2897,0.4254,40.5541169160894
87,1290,50,30,11,part_of_speech_classification,color_matching,matching,match_right,glück,noun,positive,brown,✲✲✲lustig✲✲✲,adjective,positive,brown,0.4932,match,0.291,0,0.2895,0.4252,40.52605958933748
87,1291,51,30,11,part_of_speech_classification,color_matching,matching,match_right,launisch,adjective,negative,blue,✲✲✲gütig✲✲✲✲,adjective,positive,brown,0.4932,nonmatch,0.5604,0,0.2893,0.425,40.49757748011941
87,1292,52,30,11,part_of_speech_classification,color_matching,matching,match_right,gierig,adjective,negative,blue,✲✲✲glück✲✲✲✲,noun,positive,brown,0.4932,nonmatch,0.47,0,0.2891,0.4248,40.468596269232435
87,1293,53,30,11,part_of_speech_classification,color_matching,matching,match_right,gütig,adjective,positive,brown,✲✲schleim✲✲✲,noun,negative,blue,0.4932,match,0.4108,1,0.2889,0.4246,40.44028095979435
87,1294,54,30,11,part_of_speech_classification,color_matching,matching,match_right,ehrlich,adjective,positive,brown,✲✲launisch✲✲,adjective,negative,blue,0.4932,match,0.3893,1,0.2895,0.4252,40.523492765587186
87,1295,55,30,11,part_of_speech_classification,color_matching,matching,match_right,einfall,noun,positive,brown,✲✲✲gierig✲✲✲,adjective,negative,brown,0.4932,match,0.2743,0,0.29,0.4257,40.60217658293947
87,1296,56,30,11,part_of_speech_classification,color_matching,matching,match_right,gift,noun,negative,blue,✲✲✲glück✲✲✲✲,noun,positive,blue,0.4932,match,0.4108,0,0.2898,0.4255,40.57542039850527
87,1297,57,30,11,part_of_speech_classification,color_matching,matching,match_right,einfall,noun,positive,brown,✲✲✲schön✲✲✲✲,adjective,positive,blue,0.4932,nonmatch,0.2841,0,0.2896,0.4253,40.54837530314135
87,1298,58,30,11,part_of_speech_classification,color_matching,matching,match_right,lustig,adjective,positive,blue,✲✲einfall✲✲✲,noun,positive,brown,0.4961,nonmatch,0.3227,0,0.2894,0.4251,40.5209734808847
87,1299,59,30,11,part_of_speech_classification,color_matching,matching,match_right,entführung,noun,negative,brown,✲✲✲schön✲✲✲✲,adjective,positive,blue,0.4932,nonmatch,0.2861,0,0.2892,0.425,40.49314571995382
87,1300,60,30,11,part_of_speech_classification,color_matching,matching,match_right,spaß,noun,positive,blue,✲✲schleim✲✲✲,noun,negative,brown,0.4932,nonmatch,0.3922,0,0.289,0.4247,40.46482108858049
87,1301,61,30,11,part_of_speech_classification,color_matching,matching,match_right,schlecht,adjective,negative,blue,✲✲✲schön✲✲✲✲,adjective,positive,blue,0.4933,match,0.3402,0,0.2888,0.4246,40.43767356593101
87,1302,62,30,11,part_of_speech_classification,color_matching,matching,match_right,einfall,noun,positive,blue,✲✲✲glück✲✲✲✲,noun,positive,brown,0.4932,nonmatch,0.3709,0,0.2887,0.4244,40.41330044191684
87,1303,63,30,11,part_of_speech_classification,color_matching,matching,match_right,schleim,noun,negative,brown,✲✲schlecht✲✲,adjective,negative,brown,0.4932,match,0.3999,0,0.2885,0.4242,40.38922768303339
87,1304,64,30,11,part_of_speech_classification,color_matching,matching,match_right,lustig,adjective,positive,blue,✲entführung✲,noun,negative,brown,0.4932,nonmatch,0.3333,0,0.2883,0.424,40.365397133552165
87,1305,1,31,12,part_of_speech_classification,color_matching,matching,match_right,lustig,adjective,positive,brown,✲✲✲liebe✲✲✲✲,noun,positive,brown,0.5402,match,0.4278,0,0.2882,0.4239,40.34175201330515
87,1306,2,31,12,part_of_speech_classification,color_matching,matching,match_right,gift,noun,negative,brown,✲✲✲glück✲✲✲✲,noun,positive,blue,0.4932,nonmatch,0.3465,0,0.288,0.4237,40.31823664502391
87,1307,3,31,12,part_of_speech_classification,color_matching,matching,match_right,gütig,adjective,positive,brown,✲✲✲glück✲✲✲✲,noun,positive,blue,0.4932,match,0.3115,1,0.2878,0.4235,40.294796191977426
87,1308,4,31,12,part_of_speech_classification,color_matching,matching,match_right,entführung,noun,negative,blue,✲✲✲leiche✲✲✲,noun,negative,brown,0.4932,match,0.3639,1,0.2883,0.424,40.365122567187406
87,1309,5,31,12,part_of_speech_classification,color_matching,matching,match_right,ehrlich,adjective,positive,blue,✲✲✲✲gift✲✲✲✲,noun,negative,brown,0.4932,nonmatch,0.3393,0,0.2888,0.4245,40.43514817515334
87,1310,6,31,12,part_of_speech_classification,color_matching,matching,match_right,liebe,noun,positive,brown,✲✲✲gütig✲✲✲✲,adjective,positive,blue,0.4932,nonmatch,0.3548,0,0.2887,0.4244,40.41144199387947
87,1311,7,31,12,part_of_speech_classification,color_matching,matching,match_right,schlecht,adjective,negative,blue,✲entführung✲,noun,negative,blue,0.4963,nonmatch,0.2825,1,0.2885,0.4242,40.38802483093615
87,1312,8,31,12,part_of_speech_classification,color_matching,matching,match_right,glück,noun,positive,brown,✲✲✲✲gift✲✲✲✲,noun,negative,brown,0.4932,match,0.3629,0,0.289,0.4247,40.45936306512701
87,1313,9,31,12,part_of_speech_classification,color_matching,matching,match_right,spaß,noun,positive,blue,✲✲✲glück✲✲✲✲,noun,positive,brown,0.4932,nonmatch,0.3419,0,0.2888,0.4245,40.43391533081139
87,1314,10,31,12,part_of_speech_classification,color_matching,matching,match_right,einfall,noun,positive,blue,✲✲schleim✲✲✲,noun,negative,blue,0.4932,match,0.3249,0,0.2886,0.4244,40.41052948853194
87,1315,11,31,12,part_of_speech_classification,color_matching,matching,match_right,einfall,noun,positive,blue,✲✲✲schön✲✲✲✲,adjective,positive,brown,0.4965,nonmatch,0.3635,0,0.2885,0.4242,40.38742721981624
87,1316,12,31,12,part_of_speech_classification,color_matching,matching,match_right,schleim,noun,negative,brown,✲✲✲eitel✲✲✲✲,adjective,negative,brown,0.4932,match,0.3179,0,0.2883,0.424,40.3645548473016
87,1317,13,31,12,part_of_speech_classification,color_matching,matching,match_right,ehrlich,adjective,positive,brown,✲✲✲eitel✲✲✲✲,adjective,negative,brown,0.4932,match,0.3213,0,0.2882,0.4239,40.34185994672332
87,1318,14,31,12,part_of_speech_classification,color_matching,matching,match_right,gierig,adjective,negative,blue,✲✲schlecht✲✲,adjective,negative,blue,0.4932,match,0.3536,0,0.288,0.4237,40.31929110482791
87,1319,15,31,12,part_of_speech_classification,color_matching,matching,match_right,leiche,noun,negative,blue,✲entführung✲,noun,negative,blue,0.4932,match,0.3782,0,0.2878,0.4235,40.296797686344405
87,1320,16,31,12,part_of_speech_classification,color_matching,matching,match_right,launisch,adjective,negative,blue,✲✲✲glück✲✲✲✲,noun,positive,brown,0.4932,nonmatch,0.3784,0,0.2877,0.4234,40.27432960835711
87,1321,17,31,12,part_of_speech_classification,color_matching,matching,match_right,leiche,noun,negative,blue,✲✲✲✲spaß✲✲✲✲,noun,positive,brown,0.4932,nonmatch,0.3713,0,0.2875,0.4232,40.25183712051578
87,1322,18,31,12,part_of_speech_classification,color_matching,matching,match_right,eitel,adjective,negative,brown,✲✲✲gierig✲✲✲,adjective,negative,brown,0.4932,match,0.3608,0,0.2874,0.4231,40.22927058959463
87,1323,19,31,12,part_of_speech_classification,color_matching,matching,match_right,schön,adjective,positive,blue,✲✲✲gütig✲✲✲✲,adjective,positive,blue,0.4932,nonmatch,0.3188,1,0.2872,0.4229,40.2067254037707
87,1324,20,31,12,part_of_speech_classification,color_matching,matching,match_right,glück,noun,positive,brown,✲✲✲✲spaß✲✲✲✲,noun,positive,brown,0.4932,match,0.3536,0,0.2876,0.4234,40.27023947952749
87,1325,21,31,12,part_of_speech_classification,color_matching,matching,match_right,gift,noun,negative,blue,✲✲✲schön✲✲✲✲,adjective,positive,blue,0.4932,match,0.3965,0,0.2875,0.4232,40.24801020180595
87,1326,22,31,12,part_of_speech_classification,color_matching,matching,match_right,gütig,adjective,positive,blue,✲entführung✲,noun,negative,blue,0.4932,match,0.3464,0,0.2873,0.423,40.22569968580941
87,1327,23,31,12,part_of_speech_classification,color_matching,matching,match_right,gütig,adjective,positive,blue,✲✲✲schön✲✲✲✲,adjective,positive,brown,0.4932,nonmatch,0.4343,0,0.2872,0.4229,40.203402126547566
87,1328,24,31,12,part_of_speech_classification,color_matching,matching,match_right,lustig,adjective,positive,brown,✲✲schleim✲✲✲,noun,negative,blue,0.4932,nonmatch,0.3608,0,0.287,0.4227,40.18091660821653
87,1329,25,31,12,part_of_speech_classification,color_matching,matching,match_right,eitel,adjective,negative,brown,✲✲✲✲spaß✲✲✲✲,noun,positive,brown,0.4932,match,0.3964,0,0.2868,0.4226,40.1581944217632
87,1330,26,31,12,part_of_speech_classification,color_matching,matching,match_right,spaß,noun,positive,blue,✲✲schlecht✲✲,adjective,negative,blue,0.4932,nonmatch,0.3569,1,0.2867,0.4224,40.13518603964388
87,1331,27,31,12,part_of_speech_classification,color_matching,matching,match_right,entführung,noun,negative,blue,✲✲✲gierig✲✲✲,adjective,negative,brown,0.4932,nonmatch,0.4523,0,0.2871,0.4229,40.20042523936811
87,1332,28,31,12,part_of_speech_classification,color_matching,matching,match_right,einfall,noun,positive,brown,✲✲✲eitel✲✲✲✲,adjective,negative,brown,0.4932,match,0.3683,0,0.287,0.4227,40.17816712193215
87,1333,29,31,12,part_of_speech_classification,color_matching,matching,match_right,gierig,adjective,negative,blue,✲✲einfall✲✲✲,noun,positive,blue,0.4932,nonmatch,0.3909,1,0.2868,0.4225,40.155669428659905
87,1334,30,31,12,part_of_speech_classification,color_matching,matching,match_right,lustig,adjective,positive,brown,✲✲ehrlich✲✲✲,adjective,positive,brown,0.4932,nonmatch,0.3615,1,0.2873,0.423,40.21934389192301
87,1335,31,31,12,part_of_speech_classification,color_matching,matching,match_right,liebe,noun,positive,blue,✲entführung✲,noun,negative,brown,0.4932,nonmatch,0.6313,0,0.2877,0.4234,40.28037545095233
87,1336,32,31,12,part_of_speech_classification,color_matching,matching,match_right,schleim,noun,negative,brown,✲✲✲lustig✲✲✲,adjective,positive,brown,0.4932,match,0.3862,0,0.2876,0.4233,40.258930893523186
87,1337,33,31,12,part_of_speech_classification,color_matching,matching,match_right,schlecht,adjective,negative,brown,✲✲✲schön✲✲✲✲,adjective,positive,brown,0.5646,match,0.3208,0,0.2874,0.4231,40.237431557724555
87,1338,34,31,12,part_of_speech_classification,color_matching,matching,match_right,spaß,noun,positive,brown,✲✲✲leiche✲✲✲,noun,negative,blue,0.4932,nonmatch,0.325,0,0.2873,0.423,40.215972997557856
87,1339,35,31,12,part_of_speech_classification,color_matching,matching,match_right,launisch,adjective,negative,blue,✲✲ehrlich✲✲✲,adjective,positive,brown,0.4932,nonmatch,0.3784,0,0.2871,0.4228,40.194360011190184
87,1340,36,31,12,part_of_speech_classification,color_matching,matching,match_right,ehrlich,adjective,positive,blue,✲✲✲✲spaß✲✲✲✲,noun,positive,blue,0.4932,nonmatch,0.3066,1,0.2869,0.4227,40.172547421145694
87,1341,37,31,12,part_of_speech_classification,color_matching,matching,match_right,eitel,adjective,negative,brown,✲✲schleim✲✲✲,noun,negative,brown,0.4932,match,0.3179,0,0.2874,0.4231,40.23418592740478
87,1342,38,31,12,part_of_speech_classification,color_matching,matching,match_right,einfall,noun,positive,blue,✲✲✲liebe✲✲✲✲,noun,positive,blue,0.4932,match,0.3217,0,0.2872,0.4229,40.212945019829704
87,1343,39,31,12,part_of_speech_classification,color_matching,matching,match_right,gütig,adjective,positive,blue,✲✲✲gierig✲✲✲,adjective,negative,brown,0.4932,nonmatch,0.4046,0,0.2871,0.4228,40.19154542097836
87,1344,40,31,12,part_of_speech_classification,color_matching,matching,match_right,schlecht,adjective,negative,brown,✲✲✲liebe✲✲✲✲,noun,positive,blue,0.4932,nonmatch,0.3822,0,0.2869,0.4226,40.169942842348405
87,1345,41,31,12,part_of_speech_classification,color_matching,matching,match_right,liebe,noun,positive,brown,✲✲✲gierig✲✲✲,adjective,negative,blue,0.4932,nonmatch,0.3106,0,0.2868,0.4225,40.148092336600634
87,1346,42,31,12,part_of_speech_classification,color_matching,matching,match_right,schleim,noun,negative,brown,✲✲✲✲gift✲✲✲✲,noun,negative,blue,0.4932,nonmatch,0.3274,0,0.2866,0.4223,40.125948121416556
87,1347,43,31,12,part_of_speech_classification,color_matching,matching,match_right,glück,noun,positive,blue,✲✲✲lustig✲✲✲,adjective,positive,blue,0.4932,nonmatch,0.3621,1,0.2865,0.4222,40.10346339995285
87,1348,44,31,12,part_of_speech_classification,color_matching,matching,match_right,gierig,adjective,negative,blue,✲✲✲leiche✲✲✲,noun,negative,brown,0.4932,match,0.2501,1,0.2869,0.4226,40.16738246822243
87,1349,45,31,12,part_of_speech_classification,color_matching,matching,match_right,schön,adjective,positive,brown,✲✲schlecht✲✲,adjective,negative,blue,0.4932,nonmatch,0.3965,0,0.2873,0.4231,40.227874519805184
87,1350,46,31,12,part_of_speech_classification,color_matching,matching,match_right,eitel,adjective,negative,blue,✲✲✲gütig✲✲✲✲,adjective,positive,blue,0.4932,match,0.3613,0,0.2872,0.4229,40.20705223019937
87,1351,47,31,12,part_of_speech_classification,color_matching,matching,match_right,ehrlich,adjective,positive,brown,✲✲✲lustig✲✲✲,adjective,positive,blue,0.4932,nonmatch,0.2744,0,0.287,0.4228,40.186063256065914
87,1352,48,31,12,part_of_speech_classification,color_matching,matching,match_right,schleim,noun,negative,blue,✲✲✲liebe✲✲✲✲,noun,positive,blue,0.4932,nonmatch,0.4049,1,0.2869,0.4226,40.16486499451367
87,1353,49,31,12,part_of_speech_classification,color_matching,matching,match_right,spaß,noun,positive,brown,✲✲ehrlich✲✲✲,adjective,positive,brown,0.4932,match,0.4183,0,0.2873,0.423,40.22480505413968
87,1354,50,31,12,part_of_speech_classification,color_matching,matching,match_right,gift,noun,negative,brown,✲✲schleim✲✲✲,noun,negative,brown,0.4932,match,0.3321,0,0.2872,0.4229,40.20418412202185
87,1355,51,31,12,part_of_speech_classification,color_matching,matching,match_right,schön,adjective,positive,blue,✲✲einfall✲✲✲,noun,positive,brown,0.4932,nonmatch,0.3178,0,0.287,0.4227,40.18339276051598
87,1356,52,31,12,part_of_speech_classification,color_matching,matching,match_right,launisch,adjective,negative,brown,✲✲✲✲gift✲✲✲✲,noun,negative,blue,0.4932,nonmatch,0.3607,0,0.2869,0.4226,40.16238916618401
87,1357,53,31,12,part_of_speech_classification,color_matching,matching,match_right,entführung,noun,negative,brown,✲✲einfall✲✲✲,noun,positive,brown,0.4932,match,0.464,0,0.2867,0.4224,40.14113085660336
87,1358,54,31,12,part_of_speech_classification,color_matching,matching,match_right,launisch,adjective,negative,brown,✲✲✲eitel✲✲✲✲,adjective,negative,blue,0.4932,nonmatch,0.3607,0,0.2866,0.4223,40.119574509114386
87,1359,55,31,12,part_of_speech_classification,color_matching,matching,match_right,leiche,noun,negative,brown,✲✲✲gütig✲✲✲✲,adjective,positive,blue,0.4932,nonmatch,0.3641,0,0.2864,0.4221,40.09767579614849
87,1360,56,31,12,part_of_speech_classification,color_matching,matching,match_right,lustig,adjective,positive,blue,✲✲launisch✲✲,adjective,negative,blue,0.4932,match,0.3545,0,0.2863,0.422,40.07538921624364
87,1361,57,31,12,part_of_speech_classification,color_matching,matching,match_right,entführung,noun,negative,blue,✲✲ehrlich✲✲✲,adjective,positive,brown,0.4932,nonmatch,0.3634,0,0.2861,0.4218,40.0526679198371
87,1362,58,31,12,part_of_speech_classification,color_matching,matching,match_right,liebe,noun,positive,brown,✲✲einfall✲✲✲,noun,positive,blue,0.4932,match,0.3331,1,0.2859,0.4217,40.03201308662568
87,1363,59,31,12,part_of_speech_classification,color_matching,matching,match_right,leiche,noun,negative,brown,✲✲schlecht✲✲,adjective,negative,blue,0.4932,nonmatch,0.371,0,0.2864,0.4221,40.095800885421326
87,1364,60,31,12,part_of_speech_classification,color_matching,matching,match_right,schön,adjective,positive,brown,✲✲✲leiche✲✲✲,noun,negative,brown,0.4932,match,0.5622,0,0.2862,0.422,40.07370062878914
87,1365,61,31,12,part_of_speech_classification,color_matching,matching,match_right,glück,noun,positive,blue,✲✲launisch✲✲,adjective,negative,brown,0.4932,nonmatch,0.3861,0,0.2861,0.4218,40.05116671206484
87,1366,62,31,12,part_of_speech_classification,color_matching,matching,match_right,gierig,adjective,negative,brown,✲✲✲lustig✲✲✲,adjective,positive,blue,0.4932,match,0.3912,1,0.2859,0.4216,40.03094592387887
87,1367,63,31,12,part_of_speech_classification,color_matching,matching,match_right,gift,noun,negative,blue,✲✲launisch✲✲,adjective,negative,blue,0.4932,match,0.3847,0,0.2864,0.4221,40.093951926213336
87,1368,64,31,12,part_of_speech_classification,color_matching,matching,match_right,schlecht,adjective,negative,blue,✲✲launisch✲✲,adjective,negative,brown,0.4932,match,0.2912,1,0.2862,0.4219,40.07203363387517
