thisN,thisTrialN,thisRepN,correct,textbox_target.text,trials_1.thisRepN,trials_1.thisTrialN,trials_1.thisN,trials_1.thisIndex,trials_2.thisRepN,trials_2.thisTrialN,trials_2.thisN,trials_2.thisIndex,thisRow.t,notes,piloting,code_marius.started,code_marius.stopped,welcome.started,welcome.stopped,code_generator.started,letter_mother.started,textbox_mother.started,letter_father.started,textbox_father.started,letter_month.started,textbox_month.started,letter_place.started,textbox_place.started,letter_bday.started,textbox_bday.started,code_generator.stopped,code,instruction_study.started,wüste_0.started,strand_0.started,wald_0.started,berg_0.started,instruction_study.stopped,fixationcross.started,fixationcross.stopped,blanc.started,blanc.stopped,study.started,context_1.started,study.stopped,cue,target,image1,stimuli,task,condition,liste_phase1,thanks_vorgezogen.started,image_animal_2.started,thanks_vorgezogen.stopped,instruction_restudy.started,instruction_restudy.stopped,practice_test.started,context_test_2.started,practice_test.stopped,practice_target,Textbox_Umlauttest.text,code_defineWordsInit.started,code_defineWordsInit.stopped,image2,liste_phase2,study_new.started,study_new.stopped,restudy.started,restudy.stopped,test.started,context_test.started,trials_2.correct,test.stopped,firstKeyTime,secondWordTime,trials_2.textbox_target.text,recalled_target,context_new.started,participant,date,expName,expVersion,psychopyVersion,frameRate,condition,age,gender,native_language,highest_degree,major,target_major,expStart,
,,,,,,,,,,,,,,,False,0.007146499934606254,0.007209099945612252,,,,,,,,,,,,,,,,,,,,,,,,,,,,,,,,,,2,,,,,,,,,,,,,,,,,,,,,,,,,,,,,116,2026-08-19_10h06.58.094,watkins2_part1,,2026.1.3,143.36321491096137,2,25,Weiblich,Muttersprache,Abitur,Anderes Studienfach,Bachelor,2026-08-19 10h06.58.943357 +0200,
,,,,,,,,,,,,,,,,,,0.007541799917817116,5.121460299938917,,,,,,,,,,,,,,,,,,,,,,,,,,,,,,,,2,,,,,,,,,,,,,,,,,,,,,,,,,,,,,116,2026-08-19_10h06.58.094,watkins2_part1,,2026.1.3,143.36321491096137,2,25,Weiblich,Muttersprache,Abitur,Anderes Studienfach,Bachelor,2026-08-19 10h06.58.943357 +0200,
,,,,,,,,,,,,,,,,,,,,5.122228999971412,5.142093100002967,5.142093100002967,5.142093100002967,5.142093100002967,5.142093100002967,5.142093100002967,5.142093100002967,5.142093100002967,5.142093100002967,5.142093100002967,38.36543469992466,SAPL11,,,,,,,,,,,,,,,,,,,2,,,,,,,,,,,,,,,,,,,,,,,,,,,,,116,2026-08-19_10h06.58.094,watkins2_part1,,2026.1.3,143.36321491096137,2,25,Weiblich,Muttersprache,Abitur,Anderes Studienfach,Bachelor,2026-08-19 10h06.58.943357 +0200,
,,,,,,,,,,,,,,,,,,,,,,,,,,,,,,,,,,,,,,,,,,,,,,,,,,,2,,,,,,,,,,,,,,,,,,,,,,,,,,,,,116,2026-08-19_10h06.58.094,watkins2_part1,,2026.1.3,143.36321491096137,2,25,Weiblich,Muttersprache,Abitur,Anderes Studienfach,Bachelor,2026-08-19 10h06.58.943357 +0200,
,,,,,,,,,,,,,,,,,,,,,,,,,,,,,,,,,38.36553899990395,38.40157139999792,38.40157139999792,38.40157139999792,38.40157139999792,60.62436059990432,,,,,,,,,,,,,2,,,,,,,,,,,,,,,,,,,,,,,,,,,,,116,2026-08-19_10h06.58.094,watkins2_part1,,2026.1.3,143.36321491096137,2,25,Weiblich,Muttersprache,Abitur,Anderes Studienfach,Bachelor,2026-08-19 10h06.58.943357 +0200,
,,,,,,,,,,,,,,,,,,,,,,,,,,,,,,,,,,,,,,,60.624394799931906,61.61440989992116,,,,,,,,,,,2,,,,,,,,,,,,,,,,,,,,,,,,,,,,,116,2026-08-19_10h06.58.094,watkins2_part1,,2026.1.3,143.36321491096137,2,25,Weiblich,Muttersprache,Abitur,Anderes Studienfach,Bachelor,2026-08-19 10h06.58.943357 +0200,
0,0,0,,,0,0,0,0,,,,,61.62138429994229,,,,,,,,,,,,,,,,,,,,,,,,,,,,61.61471399990842,62.10956039989833,62.126069999998435,62.13078469992615,70.12709550000727,Bett,Regen,C:\git\experiments\watkins2_part1\strand.jpg,"['Bett', 'Regen', 'C:\\git\\experiments\\watkins2_part1\\strand.jpg']",test,2,"[('Bett', 'Regen', 'C:\\git\\experiments\\watkins2_part1\\strand.jpg', 'C:\\git\\experiments\\watkins2_part1\\strand.jpg'), ('Fahrrad', 'Säge', 'C:\\git\\experiments\\watkins2_part1\\wald.jpg'), ('Krümel', 'Umschlag', 'C:\\git\\experiments\\watkins2_part1\\strand.jpg'), ('Ball', 'Flugzeug', 'C:\\git\\experiments\\watkins2_part1\\wueste.jpg', 'C:\\git\\experiments\\watkins2_part1\\wueste.jpg'), ('Schwester', 'Staub', 'C:\\git\\experiments\\watkins2_part1\\wueste.jpg'), ('Staffelei', 'Dünger', 'C:\\git\\experiments\\watkins2_part1\\berg.jpg', 'C:\\git\\experiments\\watkins2_part1\\berg.jpg'), ('Kreisel', 'Leinwand', 'C:\\git\\experiments\\watkins2_part1\\wald.jpg'), ('Birne', 'Goldfisch', 'C:\\git\\experiments\\watkins2_part1\\berg.jpg', 'C:\\git\\experiments\\watkins2_part1\\berg.jpg'), ('Löffel', 'Orange', 'C:\\git\\experiments\\watkins2_part1\\strand.jpg'), ('Tee', 'Lampe', 'C:\\git\\experiments\\watkins2_part1\\berg.jpg', 'C:\\git\\experiments\\watkins2_part1\\berg.jpg'), ('Hamster', 'Drucker', 'C:\\git\\experiments\\watkins2_part1\\berg.jpg'), ('Pinsel', 'Kaninchen', 'C:\\git\\experiments\\watkins2_part1\\wueste.jpg'), ('Flöte', 'Wolke', 'C:\\git\\experiments\\watkins2_part1\\strand.jpg', 'C:\\git\\experiments\\watkins2_part1\\strand.jpg'), ('Wind', 'Bus', 'C:\\git\\experiments\\watkins2_part1\\strand.jpg', 'C:\\git\\experiments\\watkins2_part1\\strand.jpg'), ('Locher', 'Tasse', 'C:\\git\\experiments\\watkins2_part1\\wald.jpg', 'C:\\git\\experiments\\watkins2_part1\\wald.jpg'), ('Matsch', 'Zange', 'C:\\git\\experiments\\watkins2_part1\\strand.jpg'), ('Kaffee', 'Skulptur', 'C:\\git\\experiments\\watkins2_part1\\wald.jpg'), ('Traube', 'Limonade', 'C:\\git\\experiments\\watkins2_part1\\wald.jpg', 'C:\\git\\experiments\\watkins2_part1\\wald.jpg'), ('Computer', 'Schwimmen', 'C:\\git\\experiments\\watkins2_part1\\wueste.jpg'), ('Schnee', 'Nichte', 'C:\\git\\experiments\\watkins2_part1\\wueste.jpg', 'C:\\git\\experiments\\watkins2_part1\\wueste.jpg'), ('Geige', 'Kakao', 'C:\\git\\experiments\\watkins2_part1\\berg.jpg'), ('Mütze', 'Fernseher', 'C:\\git\\experiments\\watkins2_part1\\wald.jpg', 'C:\\git\\experiments\\watkins2_part1\\wald.jpg'), ('Hammer', 'Mappe', 'C:\\git\\experiments\\watkins2_part1\\wueste.jpg', 'C:\\git\\experiments\\watkins2_part1\\wueste.jpg'), ('Boxen', 'Gitarre', 'C:\\git\\experiments\\watkins2_part1\\berg.jpg')]",,,,,,,,,,,,,,,,,,,,,,,,,,,,116,2026-08-19_10h06.58.094,watkins2_part1,,2026.1.3,143.36321491096137,2,25,Weiblich,Muttersprache,Abitur,Anderes Studienfach,Bachelor,2026-08-19 10h06.58.943357 +0200,
1,0,1,,,1,0,1,0,,,,,70.1339262999827,,,,,,,,,,,,,,,,,,,,,,,,,,,,70.12728909996804,70.61499759997241,70.63740010000765,70.64063449995592,78.63339059997816,Fahrrad,Säge,C:\git\experiments\watkins2_part1\wald.jpg,"['Fahrrad', 'Säge', 'C:\\git\\experiments\\watkins2_part1\\wald.jpg']",study,2,"[('Bett', 'Regen', 'C:\\git\\experiments\\watkins2_part1\\strand.jpg', 'C:\\git\\experiments\\watkins2_part1\\strand.jpg'), ('Fahrrad', 'Säge', 'C:\\git\\experiments\\watkins2_part1\\wald.jpg'), ('Krümel', 'Umschlag', 'C:\\git\\experiments\\watkins2_part1\\strand.jpg'), ('Ball', 'Flugzeug', 'C:\\git\\experiments\\watkins2_part1\\wueste.jpg', 'C:\\git\\experiments\\watkins2_part1\\wueste.jpg'), ('Schwester', 'Staub', 'C:\\git\\experiments\\watkins2_part1\\wueste.jpg'), ('Staffelei', 'Dünger', 'C:\\git\\experiments\\watkins2_part1\\berg.jpg', 'C:\\git\\experiments\\watkins2_part1\\berg.jpg'), ('Kreisel', 'Leinwand', 'C:\\git\\experiments\\watkins2_part1\\wald.jpg'), ('Birne', 'Goldfisch', 'C:\\git\\experiments\\watkins2_part1\\berg.jpg', 'C:\\git\\experiments\\watkins2_part1\\berg.jpg'), ('Löffel', 'Orange', 'C:\\git\\experiments\\watkins2_part1\\strand.jpg'), ('Tee', 'Lampe', 'C:\\git\\experiments\\watkins2_part1\\berg.jpg', 'C:\\git\\experiments\\watkins2_part1\\berg.jpg'), ('Hamster', 'Drucker', 'C:\\git\\experiments\\watkins2_part1\\berg.jpg'), ('Pinsel', 'Kaninchen', 'C:\\git\\experiments\\watkins2_part1\\wueste.jpg'), ('Flöte', 'Wolke', 'C:\\git\\experiments\\watkins2_part1\\strand.jpg', 'C:\\git\\experiments\\watkins2_part1\\strand.jpg'), ('Wind', 'Bus', 'C:\\git\\experiments\\watkins2_part1\\strand.jpg', 'C:\\git\\experiments\\watkins2_part1\\strand.jpg'), ('Locher', 'Tasse', 'C:\\git\\experiments\\watkins2_part1\\wald.jpg', 'C:\\git\\experiments\\watkins2_part1\\wald.jpg'), ('Matsch', 'Zange', 'C:\\git\\experiments\\watkins2_part1\\strand.jpg'), ('Kaffee', 'Skulptur', 'C:\\git\\experiments\\watkins2_part1\\wald.jpg'), ('Traube', 'Limonade', 'C:\\git\\experiments\\watkins2_part1\\wald.jpg', 'C:\\git\\experiments\\watkins2_part1\\wald.jpg'), ('Computer', 'Schwimmen', 'C:\\git\\experiments\\watkins2_part1\\wueste.jpg'), ('Schnee', 'Nichte', 'C:\\git\\experiments\\watkins2_part1\\wueste.jpg', 'C:\\git\\experiments\\watkins2_part1\\wueste.jpg'), ('Geige', 'Kakao', 'C:\\git\\experiments\\watkins2_part1\\berg.jpg'), ('Mütze', 'Fernseher', 'C:\\git\\experiments\\watkins2_part1\\wald.jpg', 'C:\\git\\experiments\\watkins2_part1\\wald.jpg'), ('Hammer', 'Mappe', 'C:\\git\\experiments\\watkins2_part1\\wueste.jpg', 'C:\\git\\experiments\\watkins2_part1\\wueste.jpg'), ('Boxen', 'Gitarre', 'C:\\git\\experiments\\watkins2_part1\\berg.jpg')]",,,,,,,,,,,,,,,,,,,,,,,,,,,,116,2026-08-19_10h06.58.094,watkins2_part1,,2026.1.3,143.36321491096137,2,25,Weiblich,Muttersprache,Abitur,Anderes Studienfach,Bachelor,2026-08-19 10h06.58.943357 +0200,
2,0,2,,,2,0,2,0,,,,,78.64027069997974,,,,,,,,,,,,,,,,,,,,,,,,,,,,78.6335813999176,79.12130749993958,79.13685029989574,79.13975609990302,87.13458349998109,Krümel,Umschlag,C:\git\experiments\watkins2_part1\strand.jpg,"['Krümel', 'Umschlag', 'C:\\git\\experiments\\watkins2_part1\\strand.jpg']",study,2,"[('Bett', 'Regen', 'C:\\git\\experiments\\watkins2_part1\\strand.jpg', 'C:\\git\\experiments\\watkins2_part1\\strand.jpg'), ('Fahrrad', 'Säge', 'C:\\git\\experiments\\watkins2_part1\\wald.jpg'), ('Krümel', 'Umschlag', 'C:\\git\\experiments\\watkins2_part1\\strand.jpg'), ('Ball', 'Flugzeug', 'C:\\git\\experiments\\watkins2_part1\\wueste.jpg', 'C:\\git\\experiments\\watkins2_part1\\wueste.jpg'), ('Schwester', 'Staub', 'C:\\git\\experiments\\watkins2_part1\\wueste.jpg'), ('Staffelei', 'Dünger', 'C:\\git\\experiments\\watkins2_part1\\berg.jpg', 'C:\\git\\experiments\\watkins2_part1\\berg.jpg'), ('Kreisel', 'Leinwand', 'C:\\git\\experiments\\watkins2_part1\\wald.jpg'), ('Birne', 'Goldfisch', 'C:\\git\\experiments\\watkins2_part1\\berg.jpg', 'C:\\git\\experiments\\watkins2_part1\\berg.jpg'), ('Löffel', 'Orange', 'C:\\git\\experiments\\watkins2_part1\\strand.jpg'), ('Tee', 'Lampe', 'C:\\git\\experiments\\watkins2_part1\\berg.jpg', 'C:\\git\\experiments\\watkins2_part1\\berg.jpg'), ('Hamster', 'Drucker', 'C:\\git\\experiments\\watkins2_part1\\berg.jpg'), ('Pinsel', 'Kaninchen', 'C:\\git\\experiments\\watkins2_part1\\wueste.jpg'), ('Flöte', 'Wolke', 'C:\\git\\experiments\\watkins2_part1\\strand.jpg', 'C:\\git\\experiments\\watkins2_part1\\strand.jpg'), ('Wind', 'Bus', 'C:\\git\\experiments\\watkins2_part1\\strand.jpg', 'C:\\git\\experiments\\watkins2_part1\\strand.jpg'), ('Locher', 'Tasse', 'C:\\git\\experiments\\watkins2_part1\\wald.jpg', 'C:\\git\\experiments\\watkins2_part1\\wald.jpg'), ('Matsch', 'Zange', 'C:\\git\\experiments\\watkins2_part1\\strand.jpg'), ('Kaffee', 'Skulptur', 'C:\\git\\experiments\\watkins2_part1\\wald.jpg'), ('Traube', 'Limonade', 'C:\\git\\experiments\\watkins2_part1\\wald.jpg', 'C:\\git\\experiments\\watkins2_part1\\wald.jpg'), ('Computer', 'Schwimmen', 'C:\\git\\experiments\\watkins2_part1\\wueste.jpg'), ('Schnee', 'Nichte', 'C:\\git\\experiments\\watkins2_part1\\wueste.jpg', 'C:\\git\\experiments\\watkins2_part1\\wueste.jpg'), ('Geige', 'Kakao', 'C:\\git\\experiments\\watkins2_part1\\berg.jpg'), ('Mütze', 'Fernseher', 'C:\\git\\experiments\\watkins2_part1\\wald.jpg', 'C:\\git\\experiments\\watkins2_part1\\wald.jpg'), ('Hammer', 'Mappe', 'C:\\git\\experiments\\watkins2_part1\\wueste.jpg', 'C:\\git\\experiments\\watkins2_part1\\wueste.jpg'), ('Boxen', 'Gitarre', 'C:\\git\\experiments\\watkins2_part1\\berg.jpg')]",,,,,,,,,,,,,,,,,,,,,,,,,,,,116,2026-08-19_10h06.58.094,watkins2_part1,,2026.1.3,143.36321491096137,2,25,Weiblich,Muttersprache,Abitur,Anderes Studienfach,Bachelor,2026-08-19 10h06.58.943357 +0200,
3,0,3,,,3,0,3,0,,,,,87.1414440999506,,,,,,,,,,,,,,,,,,,,,,,,,,,,87.13477459992282,87.62286219990347,87.64234449993819,87.6480415998958,95.63861399993766,Ball,Flugzeug,C:\git\experiments\watkins2_part1\wueste.jpg,"['Ball', 'Flugzeug', 'C:\\git\\experiments\\watkins2_part1\\wueste.jpg']",test,2,"[('Bett', 'Regen', 'C:\\git\\experiments\\watkins2_part1\\strand.jpg', 'C:\\git\\experiments\\watkins2_part1\\strand.jpg'), ('Fahrrad', 'Säge', 'C:\\git\\experiments\\watkins2_part1\\wald.jpg'), ('Krümel', 'Umschlag', 'C:\\git\\experiments\\watkins2_part1\\strand.jpg'), ('Ball', 'Flugzeug', 'C:\\git\\experiments\\watkins2_part1\\wueste.jpg', 'C:\\git\\experiments\\watkins2_part1\\wueste.jpg'), ('Schwester', 'Staub', 'C:\\git\\experiments\\watkins2_part1\\wueste.jpg'), ('Staffelei', 'Dünger', 'C:\\git\\experiments\\watkins2_part1\\berg.jpg', 'C:\\git\\experiments\\watkins2_part1\\berg.jpg'), ('Kreisel', 'Leinwand', 'C:\\git\\experiments\\watkins2_part1\\wald.jpg'), ('Birne', 'Goldfisch', 'C:\\git\\experiments\\watkins2_part1\\berg.jpg', 'C:\\git\\experiments\\watkins2_part1\\berg.jpg'), ('Löffel', 'Orange', 'C:\\git\\experiments\\watkins2_part1\\strand.jpg'), ('Tee', 'Lampe', 'C:\\git\\experiments\\watkins2_part1\\berg.jpg', 'C:\\git\\experiments\\watkins2_part1\\berg.jpg'), ('Hamster', 'Drucker', 'C:\\git\\experiments\\watkins2_part1\\berg.jpg'), ('Pinsel', 'Kaninchen', 'C:\\git\\experiments\\watkins2_part1\\wueste.jpg'), ('Flöte', 'Wolke', 'C:\\git\\experiments\\watkins2_part1\\strand.jpg', 'C:\\git\\experiments\\watkins2_part1\\strand.jpg'), ('Wind', 'Bus', 'C:\\git\\experiments\\watkins2_part1\\strand.jpg', 'C:\\git\\experiments\\watkins2_part1\\strand.jpg'), ('Locher', 'Tasse', 'C:\\git\\experiments\\watkins2_part1\\wald.jpg', 'C:\\git\\experiments\\watkins2_part1\\wald.jpg'), ('Matsch', 'Zange', 'C:\\git\\experiments\\watkins2_part1\\strand.jpg'), ('Kaffee', 'Skulptur', 'C:\\git\\experiments\\watkins2_part1\\wald.jpg'), ('Traube', 'Limonade', 'C:\\git\\experiments\\watkins2_part1\\wald.jpg', 'C:\\git\\experiments\\watkins2_part1\\wald.jpg'), ('Computer', 'Schwimmen', 'C:\\git\\experiments\\watkins2_part1\\wueste.jpg'), ('Schnee', 'Nichte', 'C:\\git\\experiments\\watkins2_part1\\wueste.jpg', 'C:\\git\\experiments\\watkins2_part1\\wueste.jpg'), ('Geige', 'Kakao', 'C:\\git\\experiments\\watkins2_part1\\berg.jpg'), ('Mütze', 'Fernseher', 'C:\\git\\experiments\\watkins2_part1\\wald.jpg', 'C:\\git\\experiments\\watkins2_part1\\wald.jpg'), ('Hammer', 'Mappe', 'C:\\git\\experiments\\watkins2_part1\\wueste.jpg', 'C:\\git\\experiments\\watkins2_part1\\wueste.jpg'), ('Boxen', 'Gitarre', 'C:\\git\\experiments\\watkins2_part1\\berg.jpg')]",,,,,,,,,,,,,,,,,,,,,,,,,,,,116,2026-08-19_10h06.58.094,watkins2_part1,,2026.1.3,143.36321491096137,2,25,Weiblich,Muttersprache,Abitur,Anderes Studienfach,Bachelor,2026-08-19 10h06.58.943357 +0200,
4,0,4,,,4,0,4,0,,,,,95.64548919990193,,,,,,,,,,,,,,,,,,,,,,,,,,,,95.6388064000057,96.126936799963,96.1443534999853,96.14633939997293,104.13974129990675,Schwester,Staub,C:\git\experiments\watkins2_part1\wueste.jpg,"['Schwester', 'Staub', 'C:\\git\\experiments\\watkins2_part1\\wueste.jpg']",study,2,"[('Bett', 'Regen', 'C:\\git\\experiments\\watkins2_part1\\strand.jpg', 'C:\\git\\experiments\\watkins2_part1\\strand.jpg'), ('Fahrrad', 'Säge', 'C:\\git\\experiments\\watkins2_part1\\wald.jpg'), ('Krümel', 'Umschlag', 'C:\\git\\experiments\\watkins2_part1\\strand.jpg'), ('Ball', 'Flugzeug', 'C:\\git\\experiments\\watkins2_part1\\wueste.jpg', 'C:\\git\\experiments\\watkins2_part1\\wueste.jpg'), ('Schwester', 'Staub', 'C:\\git\\experiments\\watkins2_part1\\wueste.jpg'), ('Staffelei', 'Dünger', 'C:\\git\\experiments\\watkins2_part1\\berg.jpg', 'C:\\git\\experiments\\watkins2_part1\\berg.jpg'), ('Kreisel', 'Leinwand', 'C:\\git\\experiments\\watkins2_part1\\wald.jpg'), ('Birne', 'Goldfisch', 'C:\\git\\experiments\\watkins2_part1\\berg.jpg', 'C:\\git\\experiments\\watkins2_part1\\berg.jpg'), ('Löffel', 'Orange', 'C:\\git\\experiments\\watkins2_part1\\strand.jpg'), ('Tee', 'Lampe', 'C:\\git\\experiments\\watkins2_part1\\berg.jpg', 'C:\\git\\experiments\\watkins2_part1\\berg.jpg'), ('Hamster', 'Drucker', 'C:\\git\\experiments\\watkins2_part1\\berg.jpg'), ('Pinsel', 'Kaninchen', 'C:\\git\\experiments\\watkins2_part1\\wueste.jpg'), ('Flöte', 'Wolke', 'C:\\git\\experiments\\watkins2_part1\\strand.jpg', 'C:\\git\\experiments\\watkins2_part1\\strand.jpg'), ('Wind', 'Bus', 'C:\\git\\experiments\\watkins2_part1\\strand.jpg', 'C:\\git\\experiments\\watkins2_part1\\strand.jpg'), ('Locher', 'Tasse', 'C:\\git\\experiments\\watkins2_part1\\wald.jpg', 'C:\\git\\experiments\\watkins2_part1\\wald.jpg'), ('Matsch', 'Zange', 'C:\\git\\experiments\\watkins2_part1\\strand.jpg'), ('Kaffee', 'Skulptur', 'C:\\git\\experiments\\watkins2_part1\\wald.jpg'), ('Traube', 'Limonade', 'C:\\git\\experiments\\watkins2_part1\\wald.jpg', 'C:\\git\\experiments\\watkins2_part1\\wald.jpg'), ('Computer', 'Schwimmen', 'C:\\git\\experiments\\watkins2_part1\\wueste.jpg'), ('Schnee', 'Nichte', 'C:\\git\\experiments\\watkins2_part1\\wueste.jpg', 'C:\\git\\experiments\\watkins2_part1\\wueste.jpg'), ('Geige', 'Kakao', 'C:\\git\\experiments\\watkins2_part1\\berg.jpg'), ('Mütze', 'Fernseher', 'C:\\git\\experiments\\watkins2_part1\\wald.jpg', 'C:\\git\\experiments\\watkins2_part1\\wald.jpg'), ('Hammer', 'Mappe', 'C:\\git\\experiments\\watkins2_part1\\wueste.jpg', 'C:\\git\\experiments\\watkins2_part1\\wueste.jpg'), ('Boxen', 'Gitarre', 'C:\\git\\experiments\\watkins2_part1\\berg.jpg')]",,,,,,,,,,,,,,,,,,,,,,,,,,,,116,2026-08-19_10h06.58.094,watkins2_part1,,2026.1.3,143.36321491096137,2,25,Weiblich,Muttersprache,Abitur,Anderes Studienfach,Bachelor,2026-08-19 10h06.58.943357 +0200,
5,0,5,,,5,0,5,0,,,,,104.14671909995377,,,,,,,,,,,,,,,,,,,,,,,,,,,,104.13994369993452,104.62802089995239,104.6594105999684,104.6616042999085,112.6464092999231,Staffelei,Dünger,C:\git\experiments\watkins2_part1\berg.jpg,"['Staffelei', 'Dünger', 'C:\\git\\experiments\\watkins2_part1\\berg.jpg']",test,2,"[('Bett', 'Regen', 'C:\\git\\experiments\\watkins2_part1\\strand.jpg', 'C:\\git\\experiments\\watkins2_part1\\strand.jpg'), ('Fahrrad', 'Säge', 'C:\\git\\experiments\\watkins2_part1\\wald.jpg'), ('Krümel', 'Umschlag', 'C:\\git\\experiments\\watkins2_part1\\strand.jpg'), ('Ball', 'Flugzeug', 'C:\\git\\experiments\\watkins2_part1\\wueste.jpg', 'C:\\git\\experiments\\watkins2_part1\\wueste.jpg'), ('Schwester', 'Staub', 'C:\\git\\experiments\\watkins2_part1\\wueste.jpg'), ('Staffelei', 'Dünger', 'C:\\git\\experiments\\watkins2_part1\\berg.jpg', 'C:\\git\\experiments\\watkins2_part1\\berg.jpg'), ('Kreisel', 'Leinwand', 'C:\\git\\experiments\\watkins2_part1\\wald.jpg'), ('Birne', 'Goldfisch', 'C:\\git\\experiments\\watkins2_part1\\berg.jpg', 'C:\\git\\experiments\\watkins2_part1\\berg.jpg'), ('Löffel', 'Orange', 'C:\\git\\experiments\\watkins2_part1\\strand.jpg'), ('Tee', 'Lampe', 'C:\\git\\experiments\\watkins2_part1\\berg.jpg', 'C:\\git\\experiments\\watkins2_part1\\berg.jpg'), ('Hamster', 'Drucker', 'C:\\git\\experiments\\watkins2_part1\\berg.jpg'), ('Pinsel', 'Kaninchen', 'C:\\git\\experiments\\watkins2_part1\\wueste.jpg'), ('Flöte', 'Wolke', 'C:\\git\\experiments\\watkins2_part1\\strand.jpg', 'C:\\git\\experiments\\watkins2_part1\\strand.jpg'), ('Wind', 'Bus', 'C:\\git\\experiments\\watkins2_part1\\strand.jpg', 'C:\\git\\experiments\\watkins2_part1\\strand.jpg'), ('Locher', 'Tasse', 'C:\\git\\experiments\\watkins2_part1\\wald.jpg', 'C:\\git\\experiments\\watkins2_part1\\wald.jpg'), ('Matsch', 'Zange', 'C:\\git\\experiments\\watkins2_part1\\strand.jpg'), ('Kaffee', 'Skulptur', 'C:\\git\\experiments\\watkins2_part1\\wald.jpg'), ('Traube', 'Limonade', 'C:\\git\\experiments\\watkins2_part1\\wald.jpg', 'C:\\git\\experiments\\watkins2_part1\\wald.jpg'), ('Computer', 'Schwimmen', 'C:\\git\\experiments\\watkins2_part1\\wueste.jpg'), ('Schnee', 'Nichte', 'C:\\git\\experiments\\watkins2_part1\\wueste.jpg', 'C:\\git\\experiments\\watkins2_part1\\wueste.jpg'), ('Geige', 'Kakao', 'C:\\git\\experiments\\watkins2_part1\\berg.jpg'), ('Mütze', 'Fernseher', 'C:\\git\\experiments\\watkins2_part1\\wald.jpg', 'C:\\git\\experiments\\watkins2_part1\\wald.jpg'), ('Hammer', 'Mappe', 'C:\\git\\experiments\\watkins2_part1\\wueste.jpg', 'C:\\git\\experiments\\watkins2_part1\\wueste.jpg'), ('Boxen', 'Gitarre', 'C:\\git\\experiments\\watkins2_part1\\berg.jpg')]",,,,,,,,,,,,,,,,,,,,,,,,,,,,116,2026-08-19_10h06.58.094,watkins2_part1,,2026.1.3,143.36321491096137,2,25,Weiblich,Muttersprache,Abitur,Anderes Studienfach,Bachelor,2026-08-19 10h06.58.943357 +0200,
6,0,6,,,6,0,6,0,,,,,112.6533237999538,,,,,,,,,,,,,,,,,,,,,,,,,,,,112.64659889996983,113.134557299898,113.15677729994059,113.15897629992105,121.14947770000435,Kreisel,Leinwand,C:\git\experiments\watkins2_part1\wald.jpg,"['Kreisel', 'Leinwand', 'C:\\git\\experiments\\watkins2_part1\\wald.jpg']",study,2,"[('Bett', 'Regen', 'C:\\git\\experiments\\watkins2_part1\\strand.jpg', 'C:\\git\\experiments\\watkins2_part1\\strand.jpg'), ('Fahrrad', 'Säge', 'C:\\git\\experiments\\watkins2_part1\\wald.jpg'), ('Krümel', 'Umschlag', 'C:\\git\\experiments\\watkins2_part1\\strand.jpg'), ('Ball', 'Flugzeug', 'C:\\git\\experiments\\watkins2_part1\\wueste.jpg', 'C:\\git\\experiments\\watkins2_part1\\wueste.jpg'), ('Schwester', 'Staub', 'C:\\git\\experiments\\watkins2_part1\\wueste.jpg'), ('Staffelei', 'Dünger', 'C:\\git\\experiments\\watkins2_part1\\berg.jpg', 'C:\\git\\experiments\\watkins2_part1\\berg.jpg'), ('Kreisel', 'Leinwand', 'C:\\git\\experiments\\watkins2_part1\\wald.jpg'), ('Birne', 'Goldfisch', 'C:\\git\\experiments\\watkins2_part1\\berg.jpg', 'C:\\git\\experiments\\watkins2_part1\\berg.jpg'), ('Löffel', 'Orange', 'C:\\git\\experiments\\watkins2_part1\\strand.jpg'), ('Tee', 'Lampe', 'C:\\git\\experiments\\watkins2_part1\\berg.jpg', 'C:\\git\\experiments\\watkins2_part1\\berg.jpg'), ('Hamster', 'Drucker', 'C:\\git\\experiments\\watkins2_part1\\berg.jpg'), ('Pinsel', 'Kaninchen', 'C:\\git\\experiments\\watkins2_part1\\wueste.jpg'), ('Flöte', 'Wolke', 'C:\\git\\experiments\\watkins2_part1\\strand.jpg', 'C:\\git\\experiments\\watkins2_part1\\strand.jpg'), ('Wind', 'Bus', 'C:\\git\\experiments\\watkins2_part1\\strand.jpg', 'C:\\git\\experiments\\watkins2_part1\\strand.jpg'), ('Locher', 'Tasse', 'C:\\git\\experiments\\watkins2_part1\\wald.jpg', 'C:\\git\\experiments\\watkins2_part1\\wald.jpg'), ('Matsch', 'Zange', 'C:\\git\\experiments\\watkins2_part1\\strand.jpg'), ('Kaffee', 'Skulptur', 'C:\\git\\experiments\\watkins2_part1\\wald.jpg'), ('Traube', 'Limonade', 'C:\\git\\experiments\\watkins2_part1\\wald.jpg', 'C:\\git\\experiments\\watkins2_part1\\wald.jpg'), ('Computer', 'Schwimmen', 'C:\\git\\experiments\\watkins2_part1\\wueste.jpg'), ('Schnee', 'Nichte', 'C:\\git\\experiments\\watkins2_part1\\wueste.jpg', 'C:\\git\\experiments\\watkins2_part1\\wueste.jpg'), ('Geige', 'Kakao', 'C:\\git\\experiments\\watkins2_part1\\berg.jpg'), ('Mütze', 'Fernseher', 'C:\\git\\experiments\\watkins2_part1\\wald.jpg', 'C:\\git\\experiments\\watkins2_part1\\wald.jpg'), ('Hammer', 'Mappe', 'C:\\git\\experiments\\watkins2_part1\\wueste.jpg', 'C:\\git\\experiments\\watkins2_part1\\wueste.jpg'), ('Boxen', 'Gitarre', 'C:\\git\\experiments\\watkins2_part1\\berg.jpg')]",,,,,,,,,,,,,,,,,,,,,,,,,,,,116,2026-08-19_10h06.58.094,watkins2_part1,,2026.1.3,143.36321491096137,2,25,Weiblich,Muttersprache,Abitur,Anderes Studienfach,Bachelor,2026-08-19 10h06.58.943357 +0200,
7,0,7,,,7,0,7,0,,,,,121.15629179996904,,,,,,,,,,,,,,,,,,,,,,,,,,,,121.14966799994,121.6379763999721,121.66818819998298,121.67014309996739,129.6554235999938,Birne,Goldfisch,C:\git\experiments\watkins2_part1\berg.jpg,"['Birne', 'Goldfisch', 'C:\\git\\experiments\\watkins2_part1\\berg.jpg']",test,2,"[('Bett', 'Regen', 'C:\\git\\experiments\\watkins2_part1\\strand.jpg', 'C:\\git\\experiments\\watkins2_part1\\strand.jpg'), ('Fahrrad', 'Säge', 'C:\\git\\experiments\\watkins2_part1\\wald.jpg'), ('Krümel', 'Umschlag', 'C:\\git\\experiments\\watkins2_part1\\strand.jpg'), ('Ball', 'Flugzeug', 'C:\\git\\experiments\\watkins2_part1\\wueste.jpg', 'C:\\git\\experiments\\watkins2_part1\\wueste.jpg'), ('Schwester', 'Staub', 'C:\\git\\experiments\\watkins2_part1\\wueste.jpg'), ('Staffelei', 'Dünger', 'C:\\git\\experiments\\watkins2_part1\\berg.jpg', 'C:\\git\\experiments\\watkins2_part1\\berg.jpg'), ('Kreisel', 'Leinwand', 'C:\\git\\experiments\\watkins2_part1\\wald.jpg'), ('Birne', 'Goldfisch', 'C:\\git\\experiments\\watkins2_part1\\berg.jpg', 'C:\\git\\experiments\\watkins2_part1\\berg.jpg'), ('Löffel', 'Orange', 'C:\\git\\experiments\\watkins2_part1\\strand.jpg'), ('Tee', 'Lampe', 'C:\\git\\experiments\\watkins2_part1\\berg.jpg', 'C:\\git\\experiments\\watkins2_part1\\berg.jpg'), ('Hamster', 'Drucker', 'C:\\git\\experiments\\watkins2_part1\\berg.jpg'), ('Pinsel', 'Kaninchen', 'C:\\git\\experiments\\watkins2_part1\\wueste.jpg'), ('Flöte', 'Wolke', 'C:\\git\\experiments\\watkins2_part1\\strand.jpg', 'C:\\git\\experiments\\watkins2_part1\\strand.jpg'), ('Wind', 'Bus', 'C:\\git\\experiments\\watkins2_part1\\strand.jpg', 'C:\\git\\experiments\\watkins2_part1\\strand.jpg'), ('Locher', 'Tasse', 'C:\\git\\experiments\\watkins2_part1\\wald.jpg', 'C:\\git\\experiments\\watkins2_part1\\wald.jpg'), ('Matsch', 'Zange', 'C:\\git\\experiments\\watkins2_part1\\strand.jpg'), ('Kaffee', 'Skulptur', 'C:\\git\\experiments\\watkins2_part1\\wald.jpg'), ('Traube', 'Limonade', 'C:\\git\\experiments\\watkins2_part1\\wald.jpg', 'C:\\git\\experiments\\watkins2_part1\\wald.jpg'), ('Computer', 'Schwimmen', 'C:\\git\\experiments\\watkins2_part1\\wueste.jpg'), ('Schnee', 'Nichte', 'C:\\git\\experiments\\watkins2_part1\\wueste.jpg', 'C:\\git\\experiments\\watkins2_part1\\wueste.jpg'), ('Geige', 'Kakao', 'C:\\git\\experiments\\watkins2_part1\\berg.jpg'), ('Mütze', 'Fernseher', 'C:\\git\\experiments\\watkins2_part1\\wald.jpg', 'C:\\git\\experiments\\watkins2_part1\\wald.jpg'), ('Hammer', 'Mappe', 'C:\\git\\experiments\\watkins2_part1\\wueste.jpg', 'C:\\git\\experiments\\watkins2_part1\\wueste.jpg'), ('Boxen', 'Gitarre', 'C:\\git\\experiments\\watkins2_part1\\berg.jpg')]",,,,,,,,,,,,,,,,,,,,,,,,,,,,116,2026-08-19_10h06.58.094,watkins2_part1,,2026.1.3,143.36321491096137,2,25,Weiblich,Muttersprache,Abitur,Anderes Studienfach,Bachelor,2026-08-19 10h06.58.943357 +0200,
8,0,8,,,8,0,8,0,,,,,129.66227480000816,,,,,,,,,,,,,,,,,,,,,,,,,,,,129.65561489993706,130.1436703999061,130.15892560000066,130.16110449994449,138.1573290999513,Löffel,Orange,C:\git\experiments\watkins2_part1\strand.jpg,"['Löffel', 'Orange', 'C:\\git\\experiments\\watkins2_part1\\strand.jpg']",study,2,"[('Bett', 'Regen', 'C:\\git\\experiments\\watkins2_part1\\strand.jpg', 'C:\\git\\experiments\\watkins2_part1\\strand.jpg'), ('Fahrrad', 'Säge', 'C:\\git\\experiments\\watkins2_part1\\wald.jpg'), ('Krümel', 'Umschlag', 'C:\\git\\experiments\\watkins2_part1\\strand.jpg'), ('Ball', 'Flugzeug', 'C:\\git\\experiments\\watkins2_part1\\wueste.jpg', 'C:\\git\\experiments\\watkins2_part1\\wueste.jpg'), ('Schwester', 'Staub', 'C:\\git\\experiments\\watkins2_part1\\wueste.jpg'), ('Staffelei', 'Dünger', 'C:\\git\\experiments\\watkins2_part1\\berg.jpg', 'C:\\git\\experiments\\watkins2_part1\\berg.jpg'), ('Kreisel', 'Leinwand', 'C:\\git\\experiments\\watkins2_part1\\wald.jpg'), ('Birne', 'Goldfisch', 'C:\\git\\experiments\\watkins2_part1\\berg.jpg', 'C:\\git\\experiments\\watkins2_part1\\berg.jpg'), ('Löffel', 'Orange', 'C:\\git\\experiments\\watkins2_part1\\strand.jpg'), ('Tee', 'Lampe', 'C:\\git\\experiments\\watkins2_part1\\berg.jpg', 'C:\\git\\experiments\\watkins2_part1\\berg.jpg'), ('Hamster', 'Drucker', 'C:\\git\\experiments\\watkins2_part1\\berg.jpg'), ('Pinsel', 'Kaninchen', 'C:\\git\\experiments\\watkins2_part1\\wueste.jpg'), ('Flöte', 'Wolke', 'C:\\git\\experiments\\watkins2_part1\\strand.jpg', 'C:\\git\\experiments\\watkins2_part1\\strand.jpg'), ('Wind', 'Bus', 'C:\\git\\experiments\\watkins2_part1\\strand.jpg', 'C:\\git\\experiments\\watkins2_part1\\strand.jpg'), ('Locher', 'Tasse', 'C:\\git\\experiments\\watkins2_part1\\wald.jpg', 'C:\\git\\experiments\\watkins2_part1\\wald.jpg'), ('Matsch', 'Zange', 'C:\\git\\experiments\\watkins2_part1\\strand.jpg'), ('Kaffee', 'Skulptur', 'C:\\git\\experiments\\watkins2_part1\\wald.jpg'), ('Traube', 'Limonade', 'C:\\git\\experiments\\watkins2_part1\\wald.jpg', 'C:\\git\\experiments\\watkins2_part1\\wald.jpg'), ('Computer', 'Schwimmen', 'C:\\git\\experiments\\watkins2_part1\\wueste.jpg'), ('Schnee', 'Nichte', 'C:\\git\\experiments\\watkins2_part1\\wueste.jpg', 'C:\\git\\experiments\\watkins2_part1\\wueste.jpg'), ('Geige', 'Kakao', 'C:\\git\\experiments\\watkins2_part1\\berg.jpg'), ('Mütze', 'Fernseher', 'C:\\git\\experiments\\watkins2_part1\\wald.jpg', 'C:\\git\\experiments\\watkins2_part1\\wald.jpg'), ('Hammer', 'Mappe', 'C:\\git\\experiments\\watkins2_part1\\wueste.jpg', 'C:\\git\\experiments\\watkins2_part1\\wueste.jpg'), ('Boxen', 'Gitarre', 'C:\\git\\experiments\\watkins2_part1\\berg.jpg')]",,,,,,,,,,,,,,,,,,,,,,,,,,,,116,2026-08-19_10h06.58.094,watkins2_part1,,2026.1.3,143.36321491096137,2,25,Weiblich,Muttersprache,Abitur,Anderes Studienfach,Bachelor,2026-08-19 10h06.58.943357 +0200,
9,0,9,,,9,0,9,0,,,,,138.16417589993216,,,,,,,,,,,,,,,,,,,,,,,,,,,,138.15751889999956,138.6456170999445,138.67642679996789,138.68107099994086,146.66407379996963,Tee,Lampe,C:\git\experiments\watkins2_part1\berg.jpg,"['Tee', 'Lampe', 'C:\\git\\experiments\\watkins2_part1\\berg.jpg']",test,2,"[('Bett', 'Regen', 'C:\\git\\experiments\\watkins2_part1\\strand.jpg', 'C:\\git\\experiments\\watkins2_part1\\strand.jpg'), ('Fahrrad', 'Säge', 'C:\\git\\experiments\\watkins2_part1\\wald.jpg'), ('Krümel', 'Umschlag', 'C:\\git\\experiments\\watkins2_part1\\strand.jpg'), ('Ball', 'Flugzeug', 'C:\\git\\experiments\\watkins2_part1\\wueste.jpg', 'C:\\git\\experiments\\watkins2_part1\\wueste.jpg'), ('Schwester', 'Staub', 'C:\\git\\experiments\\watkins2_part1\\wueste.jpg'), ('Staffelei', 'Dünger', 'C:\\git\\experiments\\watkins2_part1\\berg.jpg', 'C:\\git\\experiments\\watkins2_part1\\berg.jpg'), ('Kreisel', 'Leinwand', 'C:\\git\\experiments\\watkins2_part1\\wald.jpg'), ('Birne', 'Goldfisch', 'C:\\git\\experiments\\watkins2_part1\\berg.jpg', 'C:\\git\\experiments\\watkins2_part1\\berg.jpg'), ('Löffel', 'Orange', 'C:\\git\\experiments\\watkins2_part1\\strand.jpg'), ('Tee', 'Lampe', 'C:\\git\\experiments\\watkins2_part1\\berg.jpg', 'C:\\git\\experiments\\watkins2_part1\\berg.jpg'), ('Hamster', 'Drucker', 'C:\\git\\experiments\\watkins2_part1\\berg.jpg'), ('Pinsel', 'Kaninchen', 'C:\\git\\experiments\\watkins2_part1\\wueste.jpg'), ('Flöte', 'Wolke', 'C:\\git\\experiments\\watkins2_part1\\strand.jpg', 'C:\\git\\experiments\\watkins2_part1\\strand.jpg'), ('Wind', 'Bus', 'C:\\git\\experiments\\watkins2_part1\\strand.jpg', 'C:\\git\\experiments\\watkins2_part1\\strand.jpg'), ('Locher', 'Tasse', 'C:\\git\\experiments\\watkins2_part1\\wald.jpg', 'C:\\git\\experiments\\watkins2_part1\\wald.jpg'), ('Matsch', 'Zange', 'C:\\git\\experiments\\watkins2_part1\\strand.jpg'), ('Kaffee', 'Skulptur', 'C:\\git\\experiments\\watkins2_part1\\wald.jpg'), ('Traube', 'Limonade', 'C:\\git\\experiments\\watkins2_part1\\wald.jpg', 'C:\\git\\experiments\\watkins2_part1\\wald.jpg'), ('Computer', 'Schwimmen', 'C:\\git\\experiments\\watkins2_part1\\wueste.jpg'), ('Schnee', 'Nichte', 'C:\\git\\experiments\\watkins2_part1\\wueste.jpg', 'C:\\git\\experiments\\watkins2_part1\\wueste.jpg'), ('Geige', 'Kakao', 'C:\\git\\experiments\\watkins2_part1\\berg.jpg'), ('Mütze', 'Fernseher', 'C:\\git\\experiments\\watkins2_part1\\wald.jpg', 'C:\\git\\experiments\\watkins2_part1\\wald.jpg'), ('Hammer', 'Mappe', 'C:\\git\\experiments\\watkins2_part1\\wueste.jpg', 'C:\\git\\experiments\\watkins2_part1\\wueste.jpg'), ('Boxen', 'Gitarre', 'C:\\git\\experiments\\watkins2_part1\\berg.jpg')]",,,,,,,,,,,,,,,,,,,,,,,,,,,,116,2026-08-19_10h06.58.094,watkins2_part1,,2026.1.3,143.36321491096137,2,25,Weiblich,Muttersprache,Abitur,Anderes Studienfach,Bachelor,2026-08-19 10h06.58.943357 +0200,
10,0,10,,,10,0,10,0,,,,,146.67089399998076,,,,,,,,,,,,,,,,,,,,,,,,,,,,146.6642629998969,147.15237239992712,147.17938689992297,147.18404620001093,155.16732389992103,Hamster,Drucker,C:\git\experiments\watkins2_part1\berg.jpg,"['Hamster', 'Drucker', 'C:\\git\\experiments\\watkins2_part1\\berg.jpg']",study,2,"[('Bett', 'Regen', 'C:\\git\\experiments\\watkins2_part1\\strand.jpg', 'C:\\git\\experiments\\watkins2_part1\\strand.jpg'), ('Fahrrad', 'Säge', 'C:\\git\\experiments\\watkins2_part1\\wald.jpg'), ('Krümel', 'Umschlag', 'C:\\git\\experiments\\watkins2_part1\\strand.jpg'), ('Ball', 'Flugzeug', 'C:\\git\\experiments\\watkins2_part1\\wueste.jpg', 'C:\\git\\experiments\\watkins2_part1\\wueste.jpg'), ('Schwester', 'Staub', 'C:\\git\\experiments\\watkins2_part1\\wueste.jpg'), ('Staffelei', 'Dünger', 'C:\\git\\experiments\\watkins2_part1\\berg.jpg', 'C:\\git\\experiments\\watkins2_part1\\berg.jpg'), ('Kreisel', 'Leinwand', 'C:\\git\\experiments\\watkins2_part1\\wald.jpg'), ('Birne', 'Goldfisch', 'C:\\git\\experiments\\watkins2_part1\\berg.jpg', 'C:\\git\\experiments\\watkins2_part1\\berg.jpg'), ('Löffel', 'Orange', 'C:\\git\\experiments\\watkins2_part1\\strand.jpg'), ('Tee', 'Lampe', 'C:\\git\\experiments\\watkins2_part1\\berg.jpg', 'C:\\git\\experiments\\watkins2_part1\\berg.jpg'), ('Hamster', 'Drucker', 'C:\\git\\experiments\\watkins2_part1\\berg.jpg'), ('Pinsel', 'Kaninchen', 'C:\\git\\experiments\\watkins2_part1\\wueste.jpg'), ('Flöte', 'Wolke', 'C:\\git\\experiments\\watkins2_part1\\strand.jpg', 'C:\\git\\experiments\\watkins2_part1\\strand.jpg'), ('Wind', 'Bus', 'C:\\git\\experiments\\watkins2_part1\\strand.jpg', 'C:\\git\\experiments\\watkins2_part1\\strand.jpg'), ('Locher', 'Tasse', 'C:\\git\\experiments\\watkins2_part1\\wald.jpg', 'C:\\git\\experiments\\watkins2_part1\\wald.jpg'), ('Matsch', 'Zange', 'C:\\git\\experiments\\watkins2_part1\\strand.jpg'), ('Kaffee', 'Skulptur', 'C:\\git\\experiments\\watkins2_part1\\wald.jpg'), ('Traube', 'Limonade', 'C:\\git\\experiments\\watkins2_part1\\wald.jpg', 'C:\\git\\experiments\\watkins2_part1\\wald.jpg'), ('Computer', 'Schwimmen', 'C:\\git\\experiments\\watkins2_part1\\wueste.jpg'), ('Schnee', 'Nichte', 'C:\\git\\experiments\\watkins2_part1\\wueste.jpg', 'C:\\git\\experiments\\watkins2_part1\\wueste.jpg'), ('Geige', 'Kakao', 'C:\\git\\experiments\\watkins2_part1\\berg.jpg'), ('Mütze', 'Fernseher', 'C:\\git\\experiments\\watkins2_part1\\wald.jpg', 'C:\\git\\experiments\\watkins2_part1\\wald.jpg'), ('Hammer', 'Mappe', 'C:\\git\\experiments\\watkins2_part1\\wueste.jpg', 'C:\\git\\experiments\\watkins2_part1\\wueste.jpg'), ('Boxen', 'Gitarre', 'C:\\git\\experiments\\watkins2_part1\\berg.jpg')]",,,,,,,,,,,,,,,,,,,,,,,,,,,,116,2026-08-19_10h06.58.094,watkins2_part1,,2026.1.3,143.36321491096137,2,25,Weiblich,Muttersprache,Abitur,Anderes Studienfach,Bachelor,2026-08-19 10h06.58.943357 +0200,
11,0,11,,,11,0,11,0,,,,,155.17417319992092,,,,,,,,,,,,,,,,,,,,,,,,,,,,155.16751579998527,155.6555894999765,155.67747839994263,155.68235409993213,163.6741633999627,Pinsel,Kaninchen,C:\git\experiments\watkins2_part1\wueste.jpg,"['Pinsel', 'Kaninchen', 'C:\\git\\experiments\\watkins2_part1\\wueste.jpg']",study,2,"[('Bett', 'Regen', 'C:\\git\\experiments\\watkins2_part1\\strand.jpg', 'C:\\git\\experiments\\watkins2_part1\\strand.jpg'), ('Fahrrad', 'Säge', 'C:\\git\\experiments\\watkins2_part1\\wald.jpg'), ('Krümel', 'Umschlag', 'C:\\git\\experiments\\watkins2_part1\\strand.jpg'), ('Ball', 'Flugzeug', 'C:\\git\\experiments\\watkins2_part1\\wueste.jpg', 'C:\\git\\experiments\\watkins2_part1\\wueste.jpg'), ('Schwester', 'Staub', 'C:\\git\\experiments\\watkins2_part1\\wueste.jpg'), ('Staffelei', 'Dünger', 'C:\\git\\experiments\\watkins2_part1\\berg.jpg', 'C:\\git\\experiments\\watkins2_part1\\berg.jpg'), ('Kreisel', 'Leinwand', 'C:\\git\\experiments\\watkins2_part1\\wald.jpg'), ('Birne', 'Goldfisch', 'C:\\git\\experiments\\watkins2_part1\\berg.jpg', 'C:\\git\\experiments\\watkins2_part1\\berg.jpg'), ('Löffel', 'Orange', 'C:\\git\\experiments\\watkins2_part1\\strand.jpg'), ('Tee', 'Lampe', 'C:\\git\\experiments\\watkins2_part1\\berg.jpg', 'C:\\git\\experiments\\watkins2_part1\\berg.jpg'), ('Hamster', 'Drucker', 'C:\\git\\experiments\\watkins2_part1\\berg.jpg'), ('Pinsel', 'Kaninchen', 'C:\\git\\experiments\\watkins2_part1\\wueste.jpg'), ('Flöte', 'Wolke', 'C:\\git\\experiments\\watkins2_part1\\strand.jpg', 'C:\\git\\experiments\\watkins2_part1\\strand.jpg'), ('Wind', 'Bus', 'C:\\git\\experiments\\watkins2_part1\\strand.jpg', 'C:\\git\\experiments\\watkins2_part1\\strand.jpg'), ('Locher', 'Tasse', 'C:\\git\\experiments\\watkins2_part1\\wald.jpg', 'C:\\git\\experiments\\watkins2_part1\\wald.jpg'), ('Matsch', 'Zange', 'C:\\git\\experiments\\watkins2_part1\\strand.jpg'), ('Kaffee', 'Skulptur', 'C:\\git\\experiments\\watkins2_part1\\wald.jpg'), ('Traube', 'Limonade', 'C:\\git\\experiments\\watkins2_part1\\wald.jpg', 'C:\\git\\experiments\\watkins2_part1\\wald.jpg'), ('Computer', 'Schwimmen', 'C:\\git\\experiments\\watkins2_part1\\wueste.jpg'), ('Schnee', 'Nichte', 'C:\\git\\experiments\\watkins2_part1\\wueste.jpg', 'C:\\git\\experiments\\watkins2_part1\\wueste.jpg'), ('Geige', 'Kakao', 'C:\\git\\experiments\\watkins2_part1\\berg.jpg'), ('Mütze', 'Fernseher', 'C:\\git\\experiments\\watkins2_part1\\wald.jpg', 'C:\\git\\experiments\\watkins2_part1\\wald.jpg'), ('Hammer', 'Mappe', 'C:\\git\\experiments\\watkins2_part1\\wueste.jpg', 'C:\\git\\experiments\\watkins2_part1\\wueste.jpg'), ('Boxen', 'Gitarre', 'C:\\git\\experiments\\watkins2_part1\\berg.jpg')]",,,,,,,,,,,,,,,,,,,,,,,,,,,,116,2026-08-19_10h06.58.094,watkins2_part1,,2026.1.3,143.36321491096137,2,25,Weiblich,Muttersprache,Abitur,Anderes Studienfach,Bachelor,2026-08-19 10h06.58.943357 +0200,
12,0,12,,,12,0,12,0,,,,,163.68101359996945,,,,,,,,,,,,,,,,,,,,,,,,,,,,163.6743576999288,164.1623350000009,164.1768299000105,164.18146009999327,172.17933239997365,Flöte,Wolke,C:\git\experiments\watkins2_part1\strand.jpg,"['Flöte', 'Wolke', 'C:\\git\\experiments\\watkins2_part1\\strand.jpg']",test,2,"[('Bett', 'Regen', 'C:\\git\\experiments\\watkins2_part1\\strand.jpg', 'C:\\git\\experiments\\watkins2_part1\\strand.jpg'), ('Fahrrad', 'Säge', 'C:\\git\\experiments\\watkins2_part1\\wald.jpg'), ('Krümel', 'Umschlag', 'C:\\git\\experiments\\watkins2_part1\\strand.jpg'), ('Ball', 'Flugzeug', 'C:\\git\\experiments\\watkins2_part1\\wueste.jpg', 'C:\\git\\experiments\\watkins2_part1\\wueste.jpg'), ('Schwester', 'Staub', 'C:\\git\\experiments\\watkins2_part1\\wueste.jpg'), ('Staffelei', 'Dünger', 'C:\\git\\experiments\\watkins2_part1\\berg.jpg', 'C:\\git\\experiments\\watkins2_part1\\berg.jpg'), ('Kreisel', 'Leinwand', 'C:\\git\\experiments\\watkins2_part1\\wald.jpg'), ('Birne', 'Goldfisch', 'C:\\git\\experiments\\watkins2_part1\\berg.jpg', 'C:\\git\\experiments\\watkins2_part1\\berg.jpg'), ('Löffel', 'Orange', 'C:\\git\\experiments\\watkins2_part1\\strand.jpg'), ('Tee', 'Lampe', 'C:\\git\\experiments\\watkins2_part1\\berg.jpg', 'C:\\git\\experiments\\watkins2_part1\\berg.jpg'), ('Hamster', 'Drucker', 'C:\\git\\experiments\\watkins2_part1\\berg.jpg'), ('Pinsel', 'Kaninchen', 'C:\\git\\experiments\\watkins2_part1\\wueste.jpg'), ('Flöte', 'Wolke', 'C:\\git\\experiments\\watkins2_part1\\strand.jpg', 'C:\\git\\experiments\\watkins2_part1\\strand.jpg'), ('Wind', 'Bus', 'C:\\git\\experiments\\watkins2_part1\\strand.jpg', 'C:\\git\\experiments\\watkins2_part1\\strand.jpg'), ('Locher', 'Tasse', 'C:\\git\\experiments\\watkins2_part1\\wald.jpg', 'C:\\git\\experiments\\watkins2_part1\\wald.jpg'), ('Matsch', 'Zange', 'C:\\git\\experiments\\watkins2_part1\\strand.jpg'), ('Kaffee', 'Skulptur', 'C:\\git\\experiments\\watkins2_part1\\wald.jpg'), ('Traube', 'Limonade', 'C:\\git\\experiments\\watkins2_part1\\wald.jpg', 'C:\\git\\experiments\\watkins2_part1\\wald.jpg'), ('Computer', 'Schwimmen', 'C:\\git\\experiments\\watkins2_part1\\wueste.jpg'), ('Schnee', 'Nichte', 'C:\\git\\experiments\\watkins2_part1\\wueste.jpg', 'C:\\git\\experiments\\watkins2_part1\\wueste.jpg'), ('Geige', 'Kakao', 'C:\\git\\experiments\\watkins2_part1\\berg.jpg'), ('Mütze', 'Fernseher', 'C:\\git\\experiments\\watkins2_part1\\wald.jpg', 'C:\\git\\experiments\\watkins2_part1\\wald.jpg'), ('Hammer', 'Mappe', 'C:\\git\\experiments\\watkins2_part1\\wueste.jpg', 'C:\\git\\experiments\\watkins2_part1\\wueste.jpg'), ('Boxen', 'Gitarre', 'C:\\git\\experiments\\watkins2_part1\\berg.jpg')]",,,,,,,,,,,,,,,,,,,,,,,,,,,,116,2026-08-19_10h06.58.094,watkins2_part1,,2026.1.3,143.36321491096137,2,25,Weiblich,Muttersprache,Abitur,Anderes Studienfach,Bachelor,2026-08-19 10h06.58.943357 +0200,
13,0,13,,,13,0,13,0,,,,,172.18618650001008,,,,,,,,,,,,,,,,,,,,,,,,,,,,172.17952379991766,172.66742349998094,172.6792217999464,172.68488019995857,180.68157119990792,Wind,Bus,C:\git\experiments\watkins2_part1\strand.jpg,"['Wind', 'Bus', 'C:\\git\\experiments\\watkins2_part1\\strand.jpg']",test,2,"[('Bett', 'Regen', 'C:\\git\\experiments\\watkins2_part1\\strand.jpg', 'C:\\git\\experiments\\watkins2_part1\\strand.jpg'), ('Fahrrad', 'Säge', 'C:\\git\\experiments\\watkins2_part1\\wald.jpg'), ('Krümel', 'Umschlag', 'C:\\git\\experiments\\watkins2_part1\\strand.jpg'), ('Ball', 'Flugzeug', 'C:\\git\\experiments\\watkins2_part1\\wueste.jpg', 'C:\\git\\experiments\\watkins2_part1\\wueste.jpg'), ('Schwester', 'Staub', 'C:\\git\\experiments\\watkins2_part1\\wueste.jpg'), ('Staffelei', 'Dünger', 'C:\\git\\experiments\\watkins2_part1\\berg.jpg', 'C:\\git\\experiments\\watkins2_part1\\berg.jpg'), ('Kreisel', 'Leinwand', 'C:\\git\\experiments\\watkins2_part1\\wald.jpg'), ('Birne', 'Goldfisch', 'C:\\git\\experiments\\watkins2_part1\\berg.jpg', 'C:\\git\\experiments\\watkins2_part1\\berg.jpg'), ('Löffel', 'Orange', 'C:\\git\\experiments\\watkins2_part1\\strand.jpg'), ('Tee', 'Lampe', 'C:\\git\\experiments\\watkins2_part1\\berg.jpg', 'C:\\git\\experiments\\watkins2_part1\\berg.jpg'), ('Hamster', 'Drucker', 'C:\\git\\experiments\\watkins2_part1\\berg.jpg'), ('Pinsel', 'Kaninchen', 'C:\\git\\experiments\\watkins2_part1\\wueste.jpg'), ('Flöte', 'Wolke', 'C:\\git\\experiments\\watkins2_part1\\strand.jpg', 'C:\\git\\experiments\\watkins2_part1\\strand.jpg'), ('Wind', 'Bus', 'C:\\git\\experiments\\watkins2_part1\\strand.jpg', 'C:\\git\\experiments\\watkins2_part1\\strand.jpg'), ('Locher', 'Tasse', 'C:\\git\\experiments\\watkins2_part1\\wald.jpg', 'C:\\git\\experiments\\watkins2_part1\\wald.jpg'), ('Matsch', 'Zange', 'C:\\git\\experiments\\watkins2_part1\\strand.jpg'), ('Kaffee', 'Skulptur', 'C:\\git\\experiments\\watkins2_part1\\wald.jpg'), ('Traube', 'Limonade', 'C:\\git\\experiments\\watkins2_part1\\wald.jpg', 'C:\\git\\experiments\\watkins2_part1\\wald.jpg'), ('Computer', 'Schwimmen', 'C:\\git\\experiments\\watkins2_part1\\wueste.jpg'), ('Schnee', 'Nichte', 'C:\\git\\experiments\\watkins2_part1\\wueste.jpg', 'C:\\git\\experiments\\watkins2_part1\\wueste.jpg'), ('Geige', 'Kakao', 'C:\\git\\experiments\\watkins2_part1\\berg.jpg'), ('Mütze', 'Fernseher', 'C:\\git\\experiments\\watkins2_part1\\wald.jpg', 'C:\\git\\experiments\\watkins2_part1\\wald.jpg'), ('Hammer', 'Mappe', 'C:\\git\\experiments\\watkins2_part1\\wueste.jpg', 'C:\\git\\experiments\\watkins2_part1\\wueste.jpg'), ('Boxen', 'Gitarre', 'C:\\git\\experiments\\watkins2_part1\\berg.jpg')]",,,,,,,,,,,,,,,,,,,,,,,,,,,,116,2026-08-19_10h06.58.094,watkins2_part1,,2026.1.3,143.36321491096137,2,25,Weiblich,Muttersprache,Abitur,Anderes Studienfach,Bachelor,2026-08-19 10h06.58.943357 +0200,
14,0,14,,,14,0,14,0,,,,,180.68851020000875,,,,,,,,,,,,,,,,,,,,,,,,,,,,180.68176649999805,181.17002929991577,181.1894556999905,181.19637359993067,189.18766209995374,Locher,Tasse,C:\git\experiments\watkins2_part1\wald.jpg,"['Locher', 'Tasse', 'C:\\git\\experiments\\watkins2_part1\\wald.jpg']",test,2,"[('Bett', 'Regen', 'C:\\git\\experiments\\watkins2_part1\\strand.jpg', 'C:\\git\\experiments\\watkins2_part1\\strand.jpg'), ('Fahrrad', 'Säge', 'C:\\git\\experiments\\watkins2_part1\\wald.jpg'), ('Krümel', 'Umschlag', 'C:\\git\\experiments\\watkins2_part1\\strand.jpg'), ('Ball', 'Flugzeug', 'C:\\git\\experiments\\watkins2_part1\\wueste.jpg', 'C:\\git\\experiments\\watkins2_part1\\wueste.jpg'), ('Schwester', 'Staub', 'C:\\git\\experiments\\watkins2_part1\\wueste.jpg'), ('Staffelei', 'Dünger', 'C:\\git\\experiments\\watkins2_part1\\berg.jpg', 'C:\\git\\experiments\\watkins2_part1\\berg.jpg'), ('Kreisel', 'Leinwand', 'C:\\git\\experiments\\watkins2_part1\\wald.jpg'), ('Birne', 'Goldfisch', 'C:\\git\\experiments\\watkins2_part1\\berg.jpg', 'C:\\git\\experiments\\watkins2_part1\\berg.jpg'), ('Löffel', 'Orange', 'C:\\git\\experiments\\watkins2_part1\\strand.jpg'), ('Tee', 'Lampe', 'C:\\git\\experiments\\watkins2_part1\\berg.jpg', 'C:\\git\\experiments\\watkins2_part1\\berg.jpg'), ('Hamster', 'Drucker', 'C:\\git\\experiments\\watkins2_part1\\berg.jpg'), ('Pinsel', 'Kaninchen', 'C:\\git\\experiments\\watkins2_part1\\wueste.jpg'), ('Flöte', 'Wolke', 'C:\\git\\experiments\\watkins2_part1\\strand.jpg', 'C:\\git\\experiments\\watkins2_part1\\strand.jpg'), ('Wind', 'Bus', 'C:\\git\\experiments\\watkins2_part1\\strand.jpg', 'C:\\git\\experiments\\watkins2_part1\\strand.jpg'), ('Locher', 'Tasse', 'C:\\git\\experiments\\watkins2_part1\\wald.jpg', 'C:\\git\\experiments\\watkins2_part1\\wald.jpg'), ('Matsch', 'Zange', 'C:\\git\\experiments\\watkins2_part1\\strand.jpg'), ('Kaffee', 'Skulptur', 'C:\\git\\experiments\\watkins2_part1\\wald.jpg'), ('Traube', 'Limonade', 'C:\\git\\experiments\\watkins2_part1\\wald.jpg', 'C:\\git\\experiments\\watkins2_part1\\wald.jpg'), ('Computer', 'Schwimmen', 'C:\\git\\experiments\\watkins2_part1\\wueste.jpg'), ('Schnee', 'Nichte', 'C:\\git\\experiments\\watkins2_part1\\wueste.jpg', 'C:\\git\\experiments\\watkins2_part1\\wueste.jpg'), ('Geige', 'Kakao', 'C:\\git\\experiments\\watkins2_part1\\berg.jpg'), ('Mütze', 'Fernseher', 'C:\\git\\experiments\\watkins2_part1\\wald.jpg', 'C:\\git\\experiments\\watkins2_part1\\wald.jpg'), ('Hammer', 'Mappe', 'C:\\git\\experiments\\watkins2_part1\\wueste.jpg', 'C:\\git\\experiments\\watkins2_part1\\wueste.jpg'), ('Boxen', 'Gitarre', 'C:\\git\\experiments\\watkins2_part1\\berg.jpg')]",,,,,,,,,,,,,,,,,,,,,,,,,,,,116,2026-08-19_10h06.58.094,watkins2_part1,,2026.1.3,143.36321491096137,2,25,Weiblich,Muttersprache,Abitur,Anderes Studienfach,Bachelor,2026-08-19 10h06.58.943357 +0200,
15,0,15,,,15,0,15,0,,,,,189.19451699999627,,,,,,,,,,,,,,,,,,,,,,,,,,,,189.18785629991908,189.6755493999226,189.69003299996257,189.69446769997012,197.69337789993733,Matsch,Zange,C:\git\experiments\watkins2_part1\strand.jpg,"['Matsch', 'Zange', 'C:\\git\\experiments\\watkins2_part1\\strand.jpg']",study,2,"[('Bett', 'Regen', 'C:\\git\\experiments\\watkins2_part1\\strand.jpg', 'C:\\git\\experiments\\watkins2_part1\\strand.jpg'), ('Fahrrad', 'Säge', 'C:\\git\\experiments\\watkins2_part1\\wald.jpg'), ('Krümel', 'Umschlag', 'C:\\git\\experiments\\watkins2_part1\\strand.jpg'), ('Ball', 'Flugzeug', 'C:\\git\\experiments\\watkins2_part1\\wueste.jpg', 'C:\\git\\experiments\\watkins2_part1\\wueste.jpg'), ('Schwester', 'Staub', 'C:\\git\\experiments\\watkins2_part1\\wueste.jpg'), ('Staffelei', 'Dünger', 'C:\\git\\experiments\\watkins2_part1\\berg.jpg', 'C:\\git\\experiments\\watkins2_part1\\berg.jpg'), ('Kreisel', 'Leinwand', 'C:\\git\\experiments\\watkins2_part1\\wald.jpg'), ('Birne', 'Goldfisch', 'C:\\git\\experiments\\watkins2_part1\\berg.jpg', 'C:\\git\\experiments\\watkins2_part1\\berg.jpg'), ('Löffel', 'Orange', 'C:\\git\\experiments\\watkins2_part1\\strand.jpg'), ('Tee', 'Lampe', 'C:\\git\\experiments\\watkins2_part1\\berg.jpg', 'C:\\git\\experiments\\watkins2_part1\\berg.jpg'), ('Hamster', 'Drucker', 'C:\\git\\experiments\\watkins2_part1\\berg.jpg'), ('Pinsel', 'Kaninchen', 'C:\\git\\experiments\\watkins2_part1\\wueste.jpg'), ('Flöte', 'Wolke', 'C:\\git\\experiments\\watkins2_part1\\strand.jpg', 'C:\\git\\experiments\\watkins2_part1\\strand.jpg'), ('Wind', 'Bus', 'C:\\git\\experiments\\watkins2_part1\\strand.jpg', 'C:\\git\\experiments\\watkins2_part1\\strand.jpg'), ('Locher', 'Tasse', 'C:\\git\\experiments\\watkins2_part1\\wald.jpg', 'C:\\git\\experiments\\watkins2_part1\\wald.jpg'), ('Matsch', 'Zange', 'C:\\git\\experiments\\watkins2_part1\\strand.jpg'), ('Kaffee', 'Skulptur', 'C:\\git\\experiments\\watkins2_part1\\wald.jpg'), ('Traube', 'Limonade', 'C:\\git\\experiments\\watkins2_part1\\wald.jpg', 'C:\\git\\experiments\\watkins2_part1\\wald.jpg'), ('Computer', 'Schwimmen', 'C:\\git\\experiments\\watkins2_part1\\wueste.jpg'), ('Schnee', 'Nichte', 'C:\\git\\experiments\\watkins2_part1\\wueste.jpg', 'C:\\git\\experiments\\watkins2_part1\\wueste.jpg'), ('Geige', 'Kakao', 'C:\\git\\experiments\\watkins2_part1\\berg.jpg'), ('Mütze', 'Fernseher', 'C:\\git\\experiments\\watkins2_part1\\wald.jpg', 'C:\\git\\experiments\\watkins2_part1\\wald.jpg'), ('Hammer', 'Mappe', 'C:\\git\\experiments\\watkins2_part1\\wueste.jpg', 'C:\\git\\experiments\\watkins2_part1\\wueste.jpg'), ('Boxen', 'Gitarre', 'C:\\git\\experiments\\watkins2_part1\\berg.jpg')]",,,,,,,,,,,,,,,,,,,,,,,,,,,,116,2026-08-19_10h06.58.094,watkins2_part1,,2026.1.3,143.36321491096137,2,25,Weiblich,Muttersprache,Abitur,Anderes Studienfach,Bachelor,2026-08-19 10h06.58.943357 +0200,
16,0,16,,,16,0,16,0,,,,,197.70021789998282,,,,,,,,,,,,,,,,,,,,,,,,,,,,197.6935714998981,198.18139359995257,198.20032319996972,198.2069809999084,206.19809079996776,Kaffee,Skulptur,C:\git\experiments\watkins2_part1\wald.jpg,"['Kaffee', 'Skulptur', 'C:\\git\\experiments\\watkins2_part1\\wald.jpg']",study,2,"[('Bett', 'Regen', 'C:\\git\\experiments\\watkins2_part1\\strand.jpg', 'C:\\git\\experiments\\watkins2_part1\\strand.jpg'), ('Fahrrad', 'Säge', 'C:\\git\\experiments\\watkins2_part1\\wald.jpg'), ('Krümel', 'Umschlag', 'C:\\git\\experiments\\watkins2_part1\\strand.jpg'), ('Ball', 'Flugzeug', 'C:\\git\\experiments\\watkins2_part1\\wueste.jpg', 'C:\\git\\experiments\\watkins2_part1\\wueste.jpg'), ('Schwester', 'Staub', 'C:\\git\\experiments\\watkins2_part1\\wueste.jpg'), ('Staffelei', 'Dünger', 'C:\\git\\experiments\\watkins2_part1\\berg.jpg', 'C:\\git\\experiments\\watkins2_part1\\berg.jpg'), ('Kreisel', 'Leinwand', 'C:\\git\\experiments\\watkins2_part1\\wald.jpg'), ('Birne', 'Goldfisch', 'C:\\git\\experiments\\watkins2_part1\\berg.jpg', 'C:\\git\\experiments\\watkins2_part1\\berg.jpg'), ('Löffel', 'Orange', 'C:\\git\\experiments\\watkins2_part1\\strand.jpg'), ('Tee', 'Lampe', 'C:\\git\\experiments\\watkins2_part1\\berg.jpg', 'C:\\git\\experiments\\watkins2_part1\\berg.jpg'), ('Hamster', 'Drucker', 'C:\\git\\experiments\\watkins2_part1\\berg.jpg'), ('Pinsel', 'Kaninchen', 'C:\\git\\experiments\\watkins2_part1\\wueste.jpg'), ('Flöte', 'Wolke', 'C:\\git\\experiments\\watkins2_part1\\strand.jpg', 'C:\\git\\experiments\\watkins2_part1\\strand.jpg'), ('Wind', 'Bus', 'C:\\git\\experiments\\watkins2_part1\\strand.jpg', 'C:\\git\\experiments\\watkins2_part1\\strand.jpg'), ('Locher', 'Tasse', 'C:\\git\\experiments\\watkins2_part1\\wald.jpg', 'C:\\git\\experiments\\watkins2_part1\\wald.jpg'), ('Matsch', 'Zange', 'C:\\git\\experiments\\watkins2_part1\\strand.jpg'), ('Kaffee', 'Skulptur', 'C:\\git\\experiments\\watkins2_part1\\wald.jpg'), ('Traube', 'Limonade', 'C:\\git\\experiments\\watkins2_part1\\wald.jpg', 'C:\\git\\experiments\\watkins2_part1\\wald.jpg'), ('Computer', 'Schwimmen', 'C:\\git\\experiments\\watkins2_part1\\wueste.jpg'), ('Schnee', 'Nichte', 'C:\\git\\experiments\\watkins2_part1\\wueste.jpg', 'C:\\git\\experiments\\watkins2_part1\\wueste.jpg'), ('Geige', 'Kakao', 'C:\\git\\experiments\\watkins2_part1\\berg.jpg'), ('Mütze', 'Fernseher', 'C:\\git\\experiments\\watkins2_part1\\wald.jpg', 'C:\\git\\experiments\\watkins2_part1\\wald.jpg'), ('Hammer', 'Mappe', 'C:\\git\\experiments\\watkins2_part1\\wueste.jpg', 'C:\\git\\experiments\\watkins2_part1\\wueste.jpg'), ('Boxen', 'Gitarre', 'C:\\git\\experiments\\watkins2_part1\\berg.jpg')]",,,,,,,,,,,,,,,,,,,,,,,,,,,,116,2026-08-19_10h06.58.094,watkins2_part1,,2026.1.3,143.36321491096137,2,25,Weiblich,Muttersprache,Abitur,Anderes Studienfach,Bachelor,2026-08-19 10h06.58.943357 +0200,
17,0,17,,,17,0,17,0,,,,,206.20495579997078,,,,,,,,,,,,,,,,,,,,,,,,,,,,206.19828049989883,206.68626260000747,206.70481769996695,206.71116449998226,214.70170039997902,Traube,Limonade,C:\git\experiments\watkins2_part1\wald.jpg,"['Traube', 'Limonade', 'C:\\git\\experiments\\watkins2_part1\\wald.jpg']",test,2,"[('Bett', 'Regen', 'C:\\git\\experiments\\watkins2_part1\\strand.jpg', 'C:\\git\\experiments\\watkins2_part1\\strand.jpg'), ('Fahrrad', 'Säge', 'C:\\git\\experiments\\watkins2_part1\\wald.jpg'), ('Krümel', 'Umschlag', 'C:\\git\\experiments\\watkins2_part1\\strand.jpg'), ('Ball', 'Flugzeug', 'C:\\git\\experiments\\watkins2_part1\\wueste.jpg', 'C:\\git\\experiments\\watkins2_part1\\wueste.jpg'), ('Schwester', 'Staub', 'C:\\git\\experiments\\watkins2_part1\\wueste.jpg'), ('Staffelei', 'Dünger', 'C:\\git\\experiments\\watkins2_part1\\berg.jpg', 'C:\\git\\experiments\\watkins2_part1\\berg.jpg'), ('Kreisel', 'Leinwand', 'C:\\git\\experiments\\watkins2_part1\\wald.jpg'), ('Birne', 'Goldfisch', 'C:\\git\\experiments\\watkins2_part1\\berg.jpg', 'C:\\git\\experiments\\watkins2_part1\\berg.jpg'), ('Löffel', 'Orange', 'C:\\git\\experiments\\watkins2_part1\\strand.jpg'), ('Tee', 'Lampe', 'C:\\git\\experiments\\watkins2_part1\\berg.jpg', 'C:\\git\\experiments\\watkins2_part1\\berg.jpg'), ('Hamster', 'Drucker', 'C:\\git\\experiments\\watkins2_part1\\berg.jpg'), ('Pinsel', 'Kaninchen', 'C:\\git\\experiments\\watkins2_part1\\wueste.jpg'), ('Flöte', 'Wolke', 'C:\\git\\experiments\\watkins2_part1\\strand.jpg', 'C:\\git\\experiments\\watkins2_part1\\strand.jpg'), ('Wind', 'Bus', 'C:\\git\\experiments\\watkins2_part1\\strand.jpg', 'C:\\git\\experiments\\watkins2_part1\\strand.jpg'), ('Locher', 'Tasse', 'C:\\git\\experiments\\watkins2_part1\\wald.jpg', 'C:\\git\\experiments\\watkins2_part1\\wald.jpg'), ('Matsch', 'Zange', 'C:\\git\\experiments\\watkins2_part1\\strand.jpg'), ('Kaffee', 'Skulptur', 'C:\\git\\experiments\\watkins2_part1\\wald.jpg'), ('Traube', 'Limonade', 'C:\\git\\experiments\\watkins2_part1\\wald.jpg', 'C:\\git\\experiments\\watkins2_part1\\wald.jpg'), ('Computer', 'Schwimmen', 'C:\\git\\experiments\\watkins2_part1\\wueste.jpg'), ('Schnee', 'Nichte', 'C:\\git\\experiments\\watkins2_part1\\wueste.jpg', 'C:\\git\\experiments\\watkins2_part1\\wueste.jpg'), ('Geige', 'Kakao', 'C:\\git\\experiments\\watkins2_part1\\berg.jpg'), ('Mütze', 'Fernseher', 'C:\\git\\experiments\\watkins2_part1\\wald.jpg', 'C:\\git\\experiments\\watkins2_part1\\wald.jpg'), ('Hammer', 'Mappe', 'C:\\git\\experiments\\watkins2_part1\\wueste.jpg', 'C:\\git\\experiments\\watkins2_part1\\wueste.jpg'), ('Boxen', 'Gitarre', 'C:\\git\\experiments\\watkins2_part1\\berg.jpg')]",,,,,,,,,,,,,,,,,,,,,,,,,,,,116,2026-08-19_10h06.58.094,watkins2_part1,,2026.1.3,143.36321491096137,2,25,Weiblich,Muttersprache,Abitur,Anderes Studienfach,Bachelor,2026-08-19 10h06.58.943357 +0200,
18,0,18,,,18,0,18,0,,,,,214.70855260000098,,,,,,,,,,,,,,,,,,,,,,,,,,,,214.70189149992075,215.1901002000086,215.21058209997136,215.21588599996176,223.20526769990101,Computer,Schwimmen,C:\git\experiments\watkins2_part1\wueste.jpg,"['Computer', 'Schwimmen', 'C:\\git\\experiments\\watkins2_part1\\wueste.jpg']",study,2,"[('Bett', 'Regen', 'C:\\git\\experiments\\watkins2_part1\\strand.jpg', 'C:\\git\\experiments\\watkins2_part1\\strand.jpg'), ('Fahrrad', 'Säge', 'C:\\git\\experiments\\watkins2_part1\\wald.jpg'), ('Krümel', 'Umschlag', 'C:\\git\\experiments\\watkins2_part1\\strand.jpg'), ('Ball', 'Flugzeug', 'C:\\git\\experiments\\watkins2_part1\\wueste.jpg', 'C:\\git\\experiments\\watkins2_part1\\wueste.jpg'), ('Schwester', 'Staub', 'C:\\git\\experiments\\watkins2_part1\\wueste.jpg'), ('Staffelei', 'Dünger', 'C:\\git\\experiments\\watkins2_part1\\berg.jpg', 'C:\\git\\experiments\\watkins2_part1\\berg.jpg'), ('Kreisel', 'Leinwand', 'C:\\git\\experiments\\watkins2_part1\\wald.jpg'), ('Birne', 'Goldfisch', 'C:\\git\\experiments\\watkins2_part1\\berg.jpg', 'C:\\git\\experiments\\watkins2_part1\\berg.jpg'), ('Löffel', 'Orange', 'C:\\git\\experiments\\watkins2_part1\\strand.jpg'), ('Tee', 'Lampe', 'C:\\git\\experiments\\watkins2_part1\\berg.jpg', 'C:\\git\\experiments\\watkins2_part1\\berg.jpg'), ('Hamster', 'Drucker', 'C:\\git\\experiments\\watkins2_part1\\berg.jpg'), ('Pinsel', 'Kaninchen', 'C:\\git\\experiments\\watkins2_part1\\wueste.jpg'), ('Flöte', 'Wolke', 'C:\\git\\experiments\\watkins2_part1\\strand.jpg', 'C:\\git\\experiments\\watkins2_part1\\strand.jpg'), ('Wind', 'Bus', 'C:\\git\\experiments\\watkins2_part1\\strand.jpg', 'C:\\git\\experiments\\watkins2_part1\\strand.jpg'), ('Locher', 'Tasse', 'C:\\git\\experiments\\watkins2_part1\\wald.jpg', 'C:\\git\\experiments\\watkins2_part1\\wald.jpg'), ('Matsch', 'Zange', 'C:\\git\\experiments\\watkins2_part1\\strand.jpg'), ('Kaffee', 'Skulptur', 'C:\\git\\experiments\\watkins2_part1\\wald.jpg'), ('Traube', 'Limonade', 'C:\\git\\experiments\\watkins2_part1\\wald.jpg', 'C:\\git\\experiments\\watkins2_part1\\wald.jpg'), ('Computer', 'Schwimmen', 'C:\\git\\experiments\\watkins2_part1\\wueste.jpg'), ('Schnee', 'Nichte', 'C:\\git\\experiments\\watkins2_part1\\wueste.jpg', 'C:\\git\\experiments\\watkins2_part1\\wueste.jpg'), ('Geige', 'Kakao', 'C:\\git\\experiments\\watkins2_part1\\berg.jpg'), ('Mütze', 'Fernseher', 'C:\\git\\experiments\\watkins2_part1\\wald.jpg', 'C:\\git\\experiments\\watkins2_part1\\wald.jpg'), ('Hammer', 'Mappe', 'C:\\git\\experiments\\watkins2_part1\\wueste.jpg', 'C:\\git\\experiments\\watkins2_part1\\wueste.jpg'), ('Boxen', 'Gitarre', 'C:\\git\\experiments\\watkins2_part1\\berg.jpg')]",,,,,,,,,,,,,,,,,,,,,,,,,,,,116,2026-08-19_10h06.58.094,watkins2_part1,,2026.1.3,143.36321491096137,2,25,Weiblich,Muttersprache,Abitur,Anderes Studienfach,Bachelor,2026-08-19 10h06.58.943357 +0200,
19,0,19,,,19,0,19,0,,,,,223.2121128999861,,,,,,,,,,,,,,,,,,,,,,,,,,,,223.20560839993414,223.6934239999391,223.71066719992086,223.71517689991742,231.70974069996737,Schnee,Nichte,C:\git\experiments\watkins2_part1\wueste.jpg,"['Schnee', 'Nichte', 'C:\\git\\experiments\\watkins2_part1\\wueste.jpg']",test,2,"[('Bett', 'Regen', 'C:\\git\\experiments\\watkins2_part1\\strand.jpg', 'C:\\git\\experiments\\watkins2_part1\\strand.jpg'), ('Fahrrad', 'Säge', 'C:\\git\\experiments\\watkins2_part1\\wald.jpg'), ('Krümel', 'Umschlag', 'C:\\git\\experiments\\watkins2_part1\\strand.jpg'), ('Ball', 'Flugzeug', 'C:\\git\\experiments\\watkins2_part1\\wueste.jpg', 'C:\\git\\experiments\\watkins2_part1\\wueste.jpg'), ('Schwester', 'Staub', 'C:\\git\\experiments\\watkins2_part1\\wueste.jpg'), ('Staffelei', 'Dünger', 'C:\\git\\experiments\\watkins2_part1\\berg.jpg', 'C:\\git\\experiments\\watkins2_part1\\berg.jpg'), ('Kreisel', 'Leinwand', 'C:\\git\\experiments\\watkins2_part1\\wald.jpg'), ('Birne', 'Goldfisch', 'C:\\git\\experiments\\watkins2_part1\\berg.jpg', 'C:\\git\\experiments\\watkins2_part1\\berg.jpg'), ('Löffel', 'Orange', 'C:\\git\\experiments\\watkins2_part1\\strand.jpg'), ('Tee', 'Lampe', 'C:\\git\\experiments\\watkins2_part1\\berg.jpg', 'C:\\git\\experiments\\watkins2_part1\\berg.jpg'), ('Hamster', 'Drucker', 'C:\\git\\experiments\\watkins2_part1\\berg.jpg'), ('Pinsel', 'Kaninchen', 'C:\\git\\experiments\\watkins2_part1\\wueste.jpg'), ('Flöte', 'Wolke', 'C:\\git\\experiments\\watkins2_part1\\strand.jpg', 'C:\\git\\experiments\\watkins2_part1\\strand.jpg'), ('Wind', 'Bus', 'C:\\git\\experiments\\watkins2_part1\\strand.jpg', 'C:\\git\\experiments\\watkins2_part1\\strand.jpg'), ('Locher', 'Tasse', 'C:\\git\\experiments\\watkins2_part1\\wald.jpg', 'C:\\git\\experiments\\watkins2_part1\\wald.jpg'), ('Matsch', 'Zange', 'C:\\git\\experiments\\watkins2_part1\\strand.jpg'), ('Kaffee', 'Skulptur', 'C:\\git\\experiments\\watkins2_part1\\wald.jpg'), ('Traube', 'Limonade', 'C:\\git\\experiments\\watkins2_part1\\wald.jpg', 'C:\\git\\experiments\\watkins2_part1\\wald.jpg'), ('Computer', 'Schwimmen', 'C:\\git\\experiments\\watkins2_part1\\wueste.jpg'), ('Schnee', 'Nichte', 'C:\\git\\experiments\\watkins2_part1\\wueste.jpg', 'C:\\git\\experiments\\watkins2_part1\\wueste.jpg'), ('Geige', 'Kakao', 'C:\\git\\experiments\\watkins2_part1\\berg.jpg'), ('Mütze', 'Fernseher', 'C:\\git\\experiments\\watkins2_part1\\wald.jpg', 'C:\\git\\experiments\\watkins2_part1\\wald.jpg'), ('Hammer', 'Mappe', 'C:\\git\\experiments\\watkins2_part1\\wueste.jpg', 'C:\\git\\experiments\\watkins2_part1\\wueste.jpg'), ('Boxen', 'Gitarre', 'C:\\git\\experiments\\watkins2_part1\\berg.jpg')]",,,,,,,,,,,,,,,,,,,,,,,,,,,,116,2026-08-19_10h06.58.094,watkins2_part1,,2026.1.3,143.36321491096137,2,25,Weiblich,Muttersprache,Abitur,Anderes Studienfach,Bachelor,2026-08-19 10h06.58.943357 +0200,
20,0,20,,,20,0,20,0,,,,,231.71660159993917,,,,,,,,,,,,,,,,,,,,,,,,,,,,231.7099298000103,232.19797779992223,232.22702180000488,232.23412189993542,240.21319419995416,Geige,Kakao,C:\git\experiments\watkins2_part1\berg.jpg,"['Geige', 'Kakao', 'C:\\git\\experiments\\watkins2_part1\\berg.jpg']",study,2,"[('Bett', 'Regen', 'C:\\git\\experiments\\watkins2_part1\\strand.jpg', 'C:\\git\\experiments\\watkins2_part1\\strand.jpg'), ('Fahrrad', 'Säge', 'C:\\git\\experiments\\watkins2_part1\\wald.jpg'), ('Krümel', 'Umschlag', 'C:\\git\\experiments\\watkins2_part1\\strand.jpg'), ('Ball', 'Flugzeug', 'C:\\git\\experiments\\watkins2_part1\\wueste.jpg', 'C:\\git\\experiments\\watkins2_part1\\wueste.jpg'), ('Schwester', 'Staub', 'C:\\git\\experiments\\watkins2_part1\\wueste.jpg'), ('Staffelei', 'Dünger', 'C:\\git\\experiments\\watkins2_part1\\berg.jpg', 'C:\\git\\experiments\\watkins2_part1\\berg.jpg'), ('Kreisel', 'Leinwand', 'C:\\git\\experiments\\watkins2_part1\\wald.jpg'), ('Birne', 'Goldfisch', 'C:\\git\\experiments\\watkins2_part1\\berg.jpg', 'C:\\git\\experiments\\watkins2_part1\\berg.jpg'), ('Löffel', 'Orange', 'C:\\git\\experiments\\watkins2_part1\\strand.jpg'), ('Tee', 'Lampe', 'C:\\git\\experiments\\watkins2_part1\\berg.jpg', 'C:\\git\\experiments\\watkins2_part1\\berg.jpg'), ('Hamster', 'Drucker', 'C:\\git\\experiments\\watkins2_part1\\berg.jpg'), ('Pinsel', 'Kaninchen', 'C:\\git\\experiments\\watkins2_part1\\wueste.jpg'), ('Flöte', 'Wolke', 'C:\\git\\experiments\\watkins2_part1\\strand.jpg', 'C:\\git\\experiments\\watkins2_part1\\strand.jpg'), ('Wind', 'Bus', 'C:\\git\\experiments\\watkins2_part1\\strand.jpg', 'C:\\git\\experiments\\watkins2_part1\\strand.jpg'), ('Locher', 'Tasse', 'C:\\git\\experiments\\watkins2_part1\\wald.jpg', 'C:\\git\\experiments\\watkins2_part1\\wald.jpg'), ('Matsch', 'Zange', 'C:\\git\\experiments\\watkins2_part1\\strand.jpg'), ('Kaffee', 'Skulptur', 'C:\\git\\experiments\\watkins2_part1\\wald.jpg'), ('Traube', 'Limonade', 'C:\\git\\experiments\\watkins2_part1\\wald.jpg', 'C:\\git\\experiments\\watkins2_part1\\wald.jpg'), ('Computer', 'Schwimmen', 'C:\\git\\experiments\\watkins2_part1\\wueste.jpg'), ('Schnee', 'Nichte', 'C:\\git\\experiments\\watkins2_part1\\wueste.jpg', 'C:\\git\\experiments\\watkins2_part1\\wueste.jpg'), ('Geige', 'Kakao', 'C:\\git\\experiments\\watkins2_part1\\berg.jpg'), ('Mütze', 'Fernseher', 'C:\\git\\experiments\\watkins2_part1\\wald.jpg', 'C:\\git\\experiments\\watkins2_part1\\wald.jpg'), ('Hammer', 'Mappe', 'C:\\git\\experiments\\watkins2_part1\\wueste.jpg', 'C:\\git\\experiments\\watkins2_part1\\wueste.jpg'), ('Boxen', 'Gitarre', 'C:\\git\\experiments\\watkins2_part1\\berg.jpg')]",,,,,,,,,,,,,,,,,,,,,,,,,,,,116,2026-08-19_10h06.58.094,watkins2_part1,,2026.1.3,143.36321491096137,2,25,Weiblich,Muttersprache,Abitur,Anderes Studienfach,Bachelor,2026-08-19 10h06.58.943357 +0200,
21,0,21,,,21,0,21,0,,,,,240.22000859992113,,,,,,,,,,,,,,,,,,,,,,,,,,,,240.21338370000012,240.70130429998972,240.72216329991352,240.72814469994046,248.71898899995722,Mütze,Fernseher,C:\git\experiments\watkins2_part1\wald.jpg,"['Mütze', 'Fernseher', 'C:\\git\\experiments\\watkins2_part1\\wald.jpg']",test,2,"[('Bett', 'Regen', 'C:\\git\\experiments\\watkins2_part1\\strand.jpg', 'C:\\git\\experiments\\watkins2_part1\\strand.jpg'), ('Fahrrad', 'Säge', 'C:\\git\\experiments\\watkins2_part1\\wald.jpg'), ('Krümel', 'Umschlag', 'C:\\git\\experiments\\watkins2_part1\\strand.jpg'), ('Ball', 'Flugzeug', 'C:\\git\\experiments\\watkins2_part1\\wueste.jpg', 'C:\\git\\experiments\\watkins2_part1\\wueste.jpg'), ('Schwester', 'Staub', 'C:\\git\\experiments\\watkins2_part1\\wueste.jpg'), ('Staffelei', 'Dünger', 'C:\\git\\experiments\\watkins2_part1\\berg.jpg', 'C:\\git\\experiments\\watkins2_part1\\berg.jpg'), ('Kreisel', 'Leinwand', 'C:\\git\\experiments\\watkins2_part1\\wald.jpg'), ('Birne', 'Goldfisch', 'C:\\git\\experiments\\watkins2_part1\\berg.jpg', 'C:\\git\\experiments\\watkins2_part1\\berg.jpg'), ('Löffel', 'Orange', 'C:\\git\\experiments\\watkins2_part1\\strand.jpg'), ('Tee', 'Lampe', 'C:\\git\\experiments\\watkins2_part1\\berg.jpg', 'C:\\git\\experiments\\watkins2_part1\\berg.jpg'), ('Hamster', 'Drucker', 'C:\\git\\experiments\\watkins2_part1\\berg.jpg'), ('Pinsel', 'Kaninchen', 'C:\\git\\experiments\\watkins2_part1\\wueste.jpg'), ('Flöte', 'Wolke', 'C:\\git\\experiments\\watkins2_part1\\strand.jpg', 'C:\\git\\experiments\\watkins2_part1\\strand.jpg'), ('Wind', 'Bus', 'C:\\git\\experiments\\watkins2_part1\\strand.jpg', 'C:\\git\\experiments\\watkins2_part1\\strand.jpg'), ('Locher', 'Tasse', 'C:\\git\\experiments\\watkins2_part1\\wald.jpg', 'C:\\git\\experiments\\watkins2_part1\\wald.jpg'), ('Matsch', 'Zange', 'C:\\git\\experiments\\watkins2_part1\\strand.jpg'), ('Kaffee', 'Skulptur', 'C:\\git\\experiments\\watkins2_part1\\wald.jpg'), ('Traube', 'Limonade', 'C:\\git\\experiments\\watkins2_part1\\wald.jpg', 'C:\\git\\experiments\\watkins2_part1\\wald.jpg'), ('Computer', 'Schwimmen', 'C:\\git\\experiments\\watkins2_part1\\wueste.jpg'), ('Schnee', 'Nichte', 'C:\\git\\experiments\\watkins2_part1\\wueste.jpg', 'C:\\git\\experiments\\watkins2_part1\\wueste.jpg'), ('Geige', 'Kakao', 'C:\\git\\experiments\\watkins2_part1\\berg.jpg'), ('Mütze', 'Fernseher', 'C:\\git\\experiments\\watkins2_part1\\wald.jpg', 'C:\\git\\experiments\\watkins2_part1\\wald.jpg'), ('Hammer', 'Mappe', 'C:\\git\\experiments\\watkins2_part1\\wueste.jpg', 'C:\\git\\experiments\\watkins2_part1\\wueste.jpg'), ('Boxen', 'Gitarre', 'C:\\git\\experiments\\watkins2_part1\\berg.jpg')]",,,,,,,,,,,,,,,,,,,,,,,,,,,,116,2026-08-19_10h06.58.094,watkins2_part1,,2026.1.3,143.36321491096137,2,25,Weiblich,Muttersprache,Abitur,Anderes Studienfach,Bachelor,2026-08-19 10h06.58.943357 +0200,
22,0,22,,,22,0,22,0,,,,,248.7258462999016,,,,,,,,,,,,,,,,,,,,,,,,,,,,248.719179000007,249.20699969993439,249.22593819990288,249.2334238999756,257.2233686000109,Hammer,Mappe,C:\git\experiments\watkins2_part1\wueste.jpg,"['Hammer', 'Mappe', 'C:\\git\\experiments\\watkins2_part1\\wueste.jpg']",test,2,"[('Bett', 'Regen', 'C:\\git\\experiments\\watkins2_part1\\strand.jpg', 'C:\\git\\experiments\\watkins2_part1\\strand.jpg'), ('Fahrrad', 'Säge', 'C:\\git\\experiments\\watkins2_part1\\wald.jpg'), ('Krümel', 'Umschlag', 'C:\\git\\experiments\\watkins2_part1\\strand.jpg'), ('Ball', 'Flugzeug', 'C:\\git\\experiments\\watkins2_part1\\wueste.jpg', 'C:\\git\\experiments\\watkins2_part1\\wueste.jpg'), ('Schwester', 'Staub', 'C:\\git\\experiments\\watkins2_part1\\wueste.jpg'), ('Staffelei', 'Dünger', 'C:\\git\\experiments\\watkins2_part1\\berg.jpg', 'C:\\git\\experiments\\watkins2_part1\\berg.jpg'), ('Kreisel', 'Leinwand', 'C:\\git\\experiments\\watkins2_part1\\wald.jpg'), ('Birne', 'Goldfisch', 'C:\\git\\experiments\\watkins2_part1\\berg.jpg', 'C:\\git\\experiments\\watkins2_part1\\berg.jpg'), ('Löffel', 'Orange', 'C:\\git\\experiments\\watkins2_part1\\strand.jpg'), ('Tee', 'Lampe', 'C:\\git\\experiments\\watkins2_part1\\berg.jpg', 'C:\\git\\experiments\\watkins2_part1\\berg.jpg'), ('Hamster', 'Drucker', 'C:\\git\\experiments\\watkins2_part1\\berg.jpg'), ('Pinsel', 'Kaninchen', 'C:\\git\\experiments\\watkins2_part1\\wueste.jpg'), ('Flöte', 'Wolke', 'C:\\git\\experiments\\watkins2_part1\\strand.jpg', 'C:\\git\\experiments\\watkins2_part1\\strand.jpg'), ('Wind', 'Bus', 'C:\\git\\experiments\\watkins2_part1\\strand.jpg', 'C:\\git\\experiments\\watkins2_part1\\strand.jpg'), ('Locher', 'Tasse', 'C:\\git\\experiments\\watkins2_part1\\wald.jpg', 'C:\\git\\experiments\\watkins2_part1\\wald.jpg'), ('Matsch', 'Zange', 'C:\\git\\experiments\\watkins2_part1\\strand.jpg'), ('Kaffee', 'Skulptur', 'C:\\git\\experiments\\watkins2_part1\\wald.jpg'), ('Traube', 'Limonade', 'C:\\git\\experiments\\watkins2_part1\\wald.jpg', 'C:\\git\\experiments\\watkins2_part1\\wald.jpg'), ('Computer', 'Schwimmen', 'C:\\git\\experiments\\watkins2_part1\\wueste.jpg'), ('Schnee', 'Nichte', 'C:\\git\\experiments\\watkins2_part1\\wueste.jpg', 'C:\\git\\experiments\\watkins2_part1\\wueste.jpg'), ('Geige', 'Kakao', 'C:\\git\\experiments\\watkins2_part1\\berg.jpg'), ('Mütze', 'Fernseher', 'C:\\git\\experiments\\watkins2_part1\\wald.jpg', 'C:\\git\\experiments\\watkins2_part1\\wald.jpg'), ('Hammer', 'Mappe', 'C:\\git\\experiments\\watkins2_part1\\wueste.jpg', 'C:\\git\\experiments\\watkins2_part1\\wueste.jpg'), ('Boxen', 'Gitarre', 'C:\\git\\experiments\\watkins2_part1\\berg.jpg')]",,,,,,,,,,,,,,,,,,,,,,,,,,,,116,2026-08-19_10h06.58.094,watkins2_part1,,2026.1.3,143.36321491096137,2,25,Weiblich,Muttersprache,Abitur,Anderes Studienfach,Bachelor,2026-08-19 10h06.58.943357 +0200,
23,0,23,,,23,0,23,0,,,,,257.2302112999605,,,,,,,,,,,,,,,,,,,,,,,,,,,,257.22356169996783,257.71132729994133,257.7410588999046,257.74567059997935,265.7303230999969,Boxen,Gitarre,C:\git\experiments\watkins2_part1\berg.jpg,"['Boxen', 'Gitarre', 'C:\\git\\experiments\\watkins2_part1\\berg.jpg']",study,2,"[('Bett', 'Regen', 'C:\\git\\experiments\\watkins2_part1\\strand.jpg', 'C:\\git\\experiments\\watkins2_part1\\strand.jpg'), ('Fahrrad', 'Säge', 'C:\\git\\experiments\\watkins2_part1\\wald.jpg'), ('Krümel', 'Umschlag', 'C:\\git\\experiments\\watkins2_part1\\strand.jpg'), ('Ball', 'Flugzeug', 'C:\\git\\experiments\\watkins2_part1\\wueste.jpg', 'C:\\git\\experiments\\watkins2_part1\\wueste.jpg'), ('Schwester', 'Staub', 'C:\\git\\experiments\\watkins2_part1\\wueste.jpg'), ('Staffelei', 'Dünger', 'C:\\git\\experiments\\watkins2_part1\\berg.jpg', 'C:\\git\\experiments\\watkins2_part1\\berg.jpg'), ('Kreisel', 'Leinwand', 'C:\\git\\experiments\\watkins2_part1\\wald.jpg'), ('Birne', 'Goldfisch', 'C:\\git\\experiments\\watkins2_part1\\berg.jpg', 'C:\\git\\experiments\\watkins2_part1\\berg.jpg'), ('Löffel', 'Orange', 'C:\\git\\experiments\\watkins2_part1\\strand.jpg'), ('Tee', 'Lampe', 'C:\\git\\experiments\\watkins2_part1\\berg.jpg', 'C:\\git\\experiments\\watkins2_part1\\berg.jpg'), ('Hamster', 'Drucker', 'C:\\git\\experiments\\watkins2_part1\\berg.jpg'), ('Pinsel', 'Kaninchen', 'C:\\git\\experiments\\watkins2_part1\\wueste.jpg'), ('Flöte', 'Wolke', 'C:\\git\\experiments\\watkins2_part1\\strand.jpg', 'C:\\git\\experiments\\watkins2_part1\\strand.jpg'), ('Wind', 'Bus', 'C:\\git\\experiments\\watkins2_part1\\strand.jpg', 'C:\\git\\experiments\\watkins2_part1\\strand.jpg'), ('Locher', 'Tasse', 'C:\\git\\experiments\\watkins2_part1\\wald.jpg', 'C:\\git\\experiments\\watkins2_part1\\wald.jpg'), ('Matsch', 'Zange', 'C:\\git\\experiments\\watkins2_part1\\strand.jpg'), ('Kaffee', 'Skulptur', 'C:\\git\\experiments\\watkins2_part1\\wald.jpg'), ('Traube', 'Limonade', 'C:\\git\\experiments\\watkins2_part1\\wald.jpg', 'C:\\git\\experiments\\watkins2_part1\\wald.jpg'), ('Computer', 'Schwimmen', 'C:\\git\\experiments\\watkins2_part1\\wueste.jpg'), ('Schnee', 'Nichte', 'C:\\git\\experiments\\watkins2_part1\\wueste.jpg', 'C:\\git\\experiments\\watkins2_part1\\wueste.jpg'), ('Geige', 'Kakao', 'C:\\git\\experiments\\watkins2_part1\\berg.jpg'), ('Mütze', 'Fernseher', 'C:\\git\\experiments\\watkins2_part1\\wald.jpg', 'C:\\git\\experiments\\watkins2_part1\\wald.jpg'), ('Hammer', 'Mappe', 'C:\\git\\experiments\\watkins2_part1\\wueste.jpg', 'C:\\git\\experiments\\watkins2_part1\\wueste.jpg'), ('Boxen', 'Gitarre', 'C:\\git\\experiments\\watkins2_part1\\berg.jpg')]",,,,,,,,,,,,,,,,,,,,,,,,,,,,116,2026-08-19_10h06.58.094,watkins2_part1,,2026.1.3,143.36321491096137,2,25,Weiblich,Muttersprache,Abitur,Anderes Studienfach,Bachelor,2026-08-19 10h06.58.943357 +0200,
,,,,,,,,,,,,,,,,,,,,,,,,,,,,,,,,,,,,,,,,,,,,,,,,,,,2,,265.7309675998986,265.73717430001125,285.3412615999114,,,,,,,,,,,,,,,,,,,,,,,,,116,2026-08-19_10h06.58.094,watkins2_part1,,2026.1.3,143.36321491096137,2,25,Weiblich,Muttersprache,Abitur,Anderes Studienfach,Bachelor,2026-08-19 10h06.58.943357 +0200,
,,,,,,,,,,,,,,,,,,,,,,,,,,,,,,,,,,,,,,,,,,,,,,,,,,,2,,,,,285.3530273999786,298.46591659996193,,,,,,,,,,,,,,,,,,,,,,,116,2026-08-19_10h06.58.094,watkins2_part1,,2026.1.3,143.36321491096137,2,25,Weiblich,Muttersprache,Abitur,Anderes Studienfach,Bachelor,2026-08-19 10h06.58.943357 +0200,
,,,,,,,,,,,,,,,,,,,,,,,,,,,,,,,,,,,,,,,,,,,,,,,,,,,2,,,,,,,298.4661745999474,298.4786932999268,312.324665299966,säge,säge,,,,,,,,,,,,,,,,,,116,2026-08-19_10h06.58.094,watkins2_part1,,2026.1.3,143.36321491096137,2,25,Weiblich,Muttersprache,Abitur,Anderes Studienfach,Bachelor,2026-08-19 10h06.58.943357 +0200,
,,,,,,,,,,,,,,,,,,,,,,,,,,,,,,,,,,,,,,,312.32470419991296,313.3142122999998,,,,,,,,,,,2,,,,,,,,,,,,,,,,,,,,,,,,,,,,,116,2026-08-19_10h06.58.094,watkins2_part1,,2026.1.3,143.36321491096137,2,25,Weiblich,Muttersprache,Abitur,Anderes Studienfach,Bachelor,2026-08-19 10h06.58.943357 +0200,
0,0,0,1,Regen,,,,,0,0,0,0,313.3210259999614,,,,,,,,,,,,,,,,,,,,,,,,,,,,313.31466899998486,313.8021884999471,,,,Bett,Regen,,"['Bett', 'Regen', 'C:\\git\\experiments\\watkins2_part1\\strand.jpg']",test,2,,,,,,,,,,,,313.3145208999049,313.3145674999105,C:\git\experiments\watkins2_part1\strand.jpg,"[('Bett', 'Regen', 'C:\\git\\experiments\\watkins2_part1\\strand.jpg', 'C:\\git\\experiments\\watkins2_part1\\strand.jpg'), ('Tee', 'Lampe', 'C:\\git\\experiments\\watkins2_part1\\berg.jpg', 'C:\\git\\experiments\\watkins2_part1\\berg.jpg'), ('Mütze', 'Fernseher', 'C:\\git\\experiments\\watkins2_part1\\wald.jpg', 'C:\\git\\experiments\\watkins2_part1\\wald.jpg'), ('Schnee', 'Nichte', 'C:\\git\\experiments\\watkins2_part1\\wueste.jpg', 'C:\\git\\experiments\\watkins2_part1\\wueste.jpg'), ('Traube', 'Limonade', 'C:\\git\\experiments\\watkins2_part1\\wald.jpg', 'C:\\git\\experiments\\watkins2_part1\\wald.jpg'), ('Heft', 'Puzzle', 'C:\\git\\experiments\\watkins2_part1\\wald.jpg'), ('Teller', 'Großvater', 'C:\\git\\experiments\\watkins2_part1\\wueste.jpg'), ('Ball', 'Flugzeug', 'C:\\git\\experiments\\watkins2_part1\\wueste.jpg', 'C:\\git\\experiments\\watkins2_part1\\wueste.jpg'), ('Hammer', 'Mappe', 'C:\\git\\experiments\\watkins2_part1\\wueste.jpg', 'C:\\git\\experiments\\watkins2_part1\\wueste.jpg'), ('Katze', 'Topf', 'C:\\git\\experiments\\watkins2_part1\\strand.jpg'), ('Bohrer', 'Hemd', 'C:\\git\\experiments\\watkins2_part1\\wueste.jpg'), ('Joggen', 'Banane', 'C:\\git\\experiments\\watkins2_part1\\strand.jpg'), ('Laub', 'Schal', 'C:\\git\\experiments\\watkins2_part1\\berg.jpg'), ('Onkel', 'Beet', 'C:\\git\\experiments\\watkins2_part1\\wald.jpg'), ('Wind', 'Bus', 'C:\\git\\experiments\\watkins2_part1\\strand.jpg', 'C:\\git\\experiments\\watkins2_part1\\strand.jpg'), ('Fenster', 'Tennis', 'C:\\git\\experiments\\watkins2_part1\\wueste.jpg'), ('Staffelei', 'Dünger', 'C:\\git\\experiments\\watkins2_part1\\berg.jpg', 'C:\\git\\experiments\\watkins2_part1\\berg.jpg'), ('Birne', 'Goldfisch', 'C:\\git\\experiments\\watkins2_part1\\berg.jpg', 'C:\\git\\experiments\\watkins2_part1\\berg.jpg'), ('Rasen', 'Würfel', 'C:\\git\\experiments\\watkins2_part1\\berg.jpg'), ('Kamera', 'Sofa', 'C:\\git\\experiments\\watkins2_part1\\berg.jpg'), ('Jacke', 'Trommel', 'C:\\git\\experiments\\watkins2_part1\\strand.jpg'), ('Flöte', 'Wolke', 'C:\\git\\experiments\\watkins2_part1\\strand.jpg', 'C:\\git\\experiments\\watkins2_part1\\strand.jpg'), ('Auto', 'Müll', 'C:\\git\\experiments\\watkins2_part1\\wald.jpg'), ('Locher', 'Tasse', 'C:\\git\\experiments\\watkins2_part1\\wald.jpg', 'C:\\git\\experiments\\watkins2_part1\\wald.jpg')]",313.81556159991305,313.8156098999316,313.8288910998963,313.8289383999072,313.8415536999237,313.85087339999154,1,321.8342265000101,None,None,Regen,Regen,,116,2026-08-19_10h06.58.094,watkins2_part1,,2026.1.3,143.36321491096137,2,25,Weiblich,Muttersprache,Abitur,Anderes Studienfach,Bachelor,2026-08-19 10h06.58.943357 +0200,
1,0,1,1,Lampe,,,,,1,0,1,0,321.8410729999887,,,,,,,,,,,,,,,,,,,,,,,,,,,,321.8344922999386,322.3223538999446,,,,Tee,Lampe,,"['Tee', 'Lampe', 'C:\\git\\experiments\\watkins2_part1\\berg.jpg']",test,2,,,,,,,,,,,,321.8343429999659,321.8343904999783,C:\git\experiments\watkins2_part1\berg.jpg,"[('Bett', 'Regen', 'C:\\git\\experiments\\watkins2_part1\\strand.jpg', 'C:\\git\\experiments\\watkins2_part1\\strand.jpg'), ('Tee', 'Lampe', 'C:\\git\\experiments\\watkins2_part1\\berg.jpg', 'C:\\git\\experiments\\watkins2_part1\\berg.jpg'), ('Mütze', 'Fernseher', 'C:\\git\\experiments\\watkins2_part1\\wald.jpg', 'C:\\git\\experiments\\watkins2_part1\\wald.jpg'), ('Schnee', 'Nichte', 'C:\\git\\experiments\\watkins2_part1\\wueste.jpg', 'C:\\git\\experiments\\watkins2_part1\\wueste.jpg'), ('Traube', 'Limonade', 'C:\\git\\experiments\\watkins2_part1\\wald.jpg', 'C:\\git\\experiments\\watkins2_part1\\wald.jpg'), ('Heft', 'Puzzle', 'C:\\git\\experiments\\watkins2_part1\\wald.jpg'), ('Teller', 'Großvater', 'C:\\git\\experiments\\watkins2_part1\\wueste.jpg'), ('Ball', 'Flugzeug', 'C:\\git\\experiments\\watkins2_part1\\wueste.jpg', 'C:\\git\\experiments\\watkins2_part1\\wueste.jpg'), ('Hammer', 'Mappe', 'C:\\git\\experiments\\watkins2_part1\\wueste.jpg', 'C:\\git\\experiments\\watkins2_part1\\wueste.jpg'), ('Katze', 'Topf', 'C:\\git\\experiments\\watkins2_part1\\strand.jpg'), ('Bohrer', 'Hemd', 'C:\\git\\experiments\\watkins2_part1\\wueste.jpg'), ('Joggen', 'Banane', 'C:\\git\\experiments\\watkins2_part1\\strand.jpg'), ('Laub', 'Schal', 'C:\\git\\experiments\\watkins2_part1\\berg.jpg'), ('Onkel', 'Beet', 'C:\\git\\experiments\\watkins2_part1\\wald.jpg'), ('Wind', 'Bus', 'C:\\git\\experiments\\watkins2_part1\\strand.jpg', 'C:\\git\\experiments\\watkins2_part1\\strand.jpg'), ('Fenster', 'Tennis', 'C:\\git\\experiments\\watkins2_part1\\wueste.jpg'), ('Staffelei', 'Dünger', 'C:\\git\\experiments\\watkins2_part1\\berg.jpg', 'C:\\git\\experiments\\watkins2_part1\\berg.jpg'), ('Birne', 'Goldfisch', 'C:\\git\\experiments\\watkins2_part1\\berg.jpg', 'C:\\git\\experiments\\watkins2_part1\\berg.jpg'), ('Rasen', 'Würfel', 'C:\\git\\experiments\\watkins2_part1\\berg.jpg'), ('Kamera', 'Sofa', 'C:\\git\\experiments\\watkins2_part1\\berg.jpg'), ('Jacke', 'Trommel', 'C:\\git\\experiments\\watkins2_part1\\strand.jpg'), ('Flöte', 'Wolke', 'C:\\git\\experiments\\watkins2_part1\\strand.jpg', 'C:\\git\\experiments\\watkins2_part1\\strand.jpg'), ('Auto', 'Müll', 'C:\\git\\experiments\\watkins2_part1\\wald.jpg'), ('Locher', 'Tasse', 'C:\\git\\experiments\\watkins2_part1\\wald.jpg', 'C:\\git\\experiments\\watkins2_part1\\wald.jpg')]",322.3523852999788,322.35242939996533,322.3828483999241,322.38289379992057,322.4126704999944,322.42027100000996,1,330.38789239991456,None,None,Lampe,Lampe,,116,2026-08-19_10h06.58.094,watkins2_part1,,2026.1.3,143.36321491096137,2,25,Weiblich,Muttersprache,Abitur,Anderes Studienfach,Bachelor,2026-08-19 10h06.58.943357 +0200,
2,0,2,0,,,,,,2,0,2,0,330.3947459999472,,,,,,,,,,,,,,,,,,,,,,,,,,,,330.3881598999724,330.8758548999904,,,,Mütze,Fernseher,,"['Mütze', 'Fernseher', 'C:\\git\\experiments\\watkins2_part1\\wald.jpg']",test,2,,,,,,,,,,,,330.3880058999639,330.3880557999946,C:\git\experiments\watkins2_part1\wald.jpg,"[('Bett', 'Regen', 'C:\\git\\experiments\\watkins2_part1\\strand.jpg', 'C:\\git\\experiments\\watkins2_part1\\strand.jpg'), ('Tee', 'Lampe', 'C:\\git\\experiments\\watkins2_part1\\berg.jpg', 'C:\\git\\experiments\\watkins2_part1\\berg.jpg'), ('Mütze', 'Fernseher', 'C:\\git\\experiments\\watkins2_part1\\wald.jpg', 'C:\\git\\experiments\\watkins2_part1\\wald.jpg'), ('Schnee', 'Nichte', 'C:\\git\\experiments\\watkins2_part1\\wueste.jpg', 'C:\\git\\experiments\\watkins2_part1\\wueste.jpg'), ('Traube', 'Limonade', 'C:\\git\\experiments\\watkins2_part1\\wald.jpg', 'C:\\git\\experiments\\watkins2_part1\\wald.jpg'), ('Heft', 'Puzzle', 'C:\\git\\experiments\\watkins2_part1\\wald.jpg'), ('Teller', 'Großvater', 'C:\\git\\experiments\\watkins2_part1\\wueste.jpg'), ('Ball', 'Flugzeug', 'C:\\git\\experiments\\watkins2_part1\\wueste.jpg', 'C:\\git\\experiments\\watkins2_part1\\wueste.jpg'), ('Hammer', 'Mappe', 'C:\\git\\experiments\\watkins2_part1\\wueste.jpg', 'C:\\git\\experiments\\watkins2_part1\\wueste.jpg'), ('Katze', 'Topf', 'C:\\git\\experiments\\watkins2_part1\\strand.jpg'), ('Bohrer', 'Hemd', 'C:\\git\\experiments\\watkins2_part1\\wueste.jpg'), ('Joggen', 'Banane', 'C:\\git\\experiments\\watkins2_part1\\strand.jpg'), ('Laub', 'Schal', 'C:\\git\\experiments\\watkins2_part1\\berg.jpg'), ('Onkel', 'Beet', 'C:\\git\\experiments\\watkins2_part1\\wald.jpg'), ('Wind', 'Bus', 'C:\\git\\experiments\\watkins2_part1\\strand.jpg', 'C:\\git\\experiments\\watkins2_part1\\strand.jpg'), ('Fenster', 'Tennis', 'C:\\git\\experiments\\watkins2_part1\\wueste.jpg'), ('Staffelei', 'Dünger', 'C:\\git\\experiments\\watkins2_part1\\berg.jpg', 'C:\\git\\experiments\\watkins2_part1\\berg.jpg'), ('Birne', 'Goldfisch', 'C:\\git\\experiments\\watkins2_part1\\berg.jpg', 'C:\\git\\experiments\\watkins2_part1\\berg.jpg'), ('Rasen', 'Würfel', 'C:\\git\\experiments\\watkins2_part1\\berg.jpg'), ('Kamera', 'Sofa', 'C:\\git\\experiments\\watkins2_part1\\berg.jpg'), ('Jacke', 'Trommel', 'C:\\git\\experiments\\watkins2_part1\\strand.jpg'), ('Flöte', 'Wolke', 'C:\\git\\experiments\\watkins2_part1\\strand.jpg', 'C:\\git\\experiments\\watkins2_part1\\strand.jpg'), ('Auto', 'Müll', 'C:\\git\\experiments\\watkins2_part1\\wald.jpg'), ('Locher', 'Tasse', 'C:\\git\\experiments\\watkins2_part1\\wald.jpg', 'C:\\git\\experiments\\watkins2_part1\\wald.jpg')]",330.8961099999724,330.89615539996885,330.9172080999706,330.91725499997847,330.9361357999733,330.94484989997,0,338.9226198999677,None,None,,,,116,2026-08-19_10h06.58.094,watkins2_part1,,2026.1.3,143.36321491096137,2,25,Weiblich,Muttersprache,Abitur,Anderes Studienfach,Bachelor,2026-08-19 10h06.58.943357 +0200,
3,0,3,1,Nichte,,,,,3,0,3,0,338.9294375999598,,,,,,,,,,,,,,,,,,,,,,,,,,,,338.922888699919,339.4106594999321,,,,Schnee,Nichte,,"['Schnee', 'Nichte', 'C:\\git\\experiments\\watkins2_part1\\wueste.jpg']",test,2,,,,,,,,,,,,338.92273509991355,338.9227848999435,C:\git\experiments\watkins2_part1\wueste.jpg,"[('Bett', 'Regen', 'C:\\git\\experiments\\watkins2_part1\\strand.jpg', 'C:\\git\\experiments\\watkins2_part1\\strand.jpg'), ('Tee', 'Lampe', 'C:\\git\\experiments\\watkins2_part1\\berg.jpg', 'C:\\git\\experiments\\watkins2_part1\\berg.jpg'), ('Mütze', 'Fernseher', 'C:\\git\\experiments\\watkins2_part1\\wald.jpg', 'C:\\git\\experiments\\watkins2_part1\\wald.jpg'), ('Schnee', 'Nichte', 'C:\\git\\experiments\\watkins2_part1\\wueste.jpg', 'C:\\git\\experiments\\watkins2_part1\\wueste.jpg'), ('Traube', 'Limonade', 'C:\\git\\experiments\\watkins2_part1\\wald.jpg', 'C:\\git\\experiments\\watkins2_part1\\wald.jpg'), ('Heft', 'Puzzle', 'C:\\git\\experiments\\watkins2_part1\\wald.jpg'), ('Teller', 'Großvater', 'C:\\git\\experiments\\watkins2_part1\\wueste.jpg'), ('Ball', 'Flugzeug', 'C:\\git\\experiments\\watkins2_part1\\wueste.jpg', 'C:\\git\\experiments\\watkins2_part1\\wueste.jpg'), ('Hammer', 'Mappe', 'C:\\git\\experiments\\watkins2_part1\\wueste.jpg', 'C:\\git\\experiments\\watkins2_part1\\wueste.jpg'), ('Katze', 'Topf', 'C:\\git\\experiments\\watkins2_part1\\strand.jpg'), ('Bohrer', 'Hemd', 'C:\\git\\experiments\\watkins2_part1\\wueste.jpg'), ('Joggen', 'Banane', 'C:\\git\\experiments\\watkins2_part1\\strand.jpg'), ('Laub', 'Schal', 'C:\\git\\experiments\\watkins2_part1\\berg.jpg'), ('Onkel', 'Beet', 'C:\\git\\experiments\\watkins2_part1\\wald.jpg'), ('Wind', 'Bus', 'C:\\git\\experiments\\watkins2_part1\\strand.jpg', 'C:\\git\\experiments\\watkins2_part1\\strand.jpg'), ('Fenster', 'Tennis', 'C:\\git\\experiments\\watkins2_part1\\wueste.jpg'), ('Staffelei', 'Dünger', 'C:\\git\\experiments\\watkins2_part1\\berg.jpg', 'C:\\git\\experiments\\watkins2_part1\\berg.jpg'), ('Birne', 'Goldfisch', 'C:\\git\\experiments\\watkins2_part1\\berg.jpg', 'C:\\git\\experiments\\watkins2_part1\\berg.jpg'), ('Rasen', 'Würfel', 'C:\\git\\experiments\\watkins2_part1\\berg.jpg'), ('Kamera', 'Sofa', 'C:\\git\\experiments\\watkins2_part1\\berg.jpg'), ('Jacke', 'Trommel', 'C:\\git\\experiments\\watkins2_part1\\strand.jpg'), ('Flöte', 'Wolke', 'C:\\git\\experiments\\watkins2_part1\\strand.jpg', 'C:\\git\\experiments\\watkins2_part1\\strand.jpg'), ('Auto', 'Müll', 'C:\\git\\experiments\\watkins2_part1\\wald.jpg'), ('Locher', 'Tasse', 'C:\\git\\experiments\\watkins2_part1\\wald.jpg', 'C:\\git\\experiments\\watkins2_part1\\wald.jpg')]",339.4303189999191,339.43036339990795,339.45012599998154,339.4501712999772,339.4696980000008,339.4768421999179,1,347.45467249990907,None,None,Nichte,Nichte,,116,2026-08-19_10h06.58.094,watkins2_part1,,2026.1.3,143.36321491096137,2,25,Weiblich,Muttersprache,Abitur,Anderes Studienfach,Bachelor,2026-08-19 10h06.58.943357 +0200,
4,0,4,0,,,,,,4,0,4,0,347.46161309990566,,,,,,,,,,,,,,,,,,,,,,,,,,,,347.45494289998896,347.94288159999996,,,,Traube,Limonade,,"['Traube', 'Limonade', 'C:\\git\\experiments\\watkins2_part1\\wald.jpg']",test,2,,,,,,,,,,,,347.4547862999607,347.4548386000097,C:\git\experiments\watkins2_part1\wald.jpg,"[('Bett', 'Regen', 'C:\\git\\experiments\\watkins2_part1\\strand.jpg', 'C:\\git\\experiments\\watkins2_part1\\strand.jpg'), ('Tee', 'Lampe', 'C:\\git\\experiments\\watkins2_part1\\berg.jpg', 'C:\\git\\experiments\\watkins2_part1\\berg.jpg'), ('Mütze', 'Fernseher', 'C:\\git\\experiments\\watkins2_part1\\wald.jpg', 'C:\\git\\experiments\\watkins2_part1\\wald.jpg'), ('Schnee', 'Nichte', 'C:\\git\\experiments\\watkins2_part1\\wueste.jpg', 'C:\\git\\experiments\\watkins2_part1\\wueste.jpg'), ('Traube', 'Limonade', 'C:\\git\\experiments\\watkins2_part1\\wald.jpg', 'C:\\git\\experiments\\watkins2_part1\\wald.jpg'), ('Heft', 'Puzzle', 'C:\\git\\experiments\\watkins2_part1\\wald.jpg'), ('Teller', 'Großvater', 'C:\\git\\experiments\\watkins2_part1\\wueste.jpg'), ('Ball', 'Flugzeug', 'C:\\git\\experiments\\watkins2_part1\\wueste.jpg', 'C:\\git\\experiments\\watkins2_part1\\wueste.jpg'), ('Hammer', 'Mappe', 'C:\\git\\experiments\\watkins2_part1\\wueste.jpg', 'C:\\git\\experiments\\watkins2_part1\\wueste.jpg'), ('Katze', 'Topf', 'C:\\git\\experiments\\watkins2_part1\\strand.jpg'), ('Bohrer', 'Hemd', 'C:\\git\\experiments\\watkins2_part1\\wueste.jpg'), ('Joggen', 'Banane', 'C:\\git\\experiments\\watkins2_part1\\strand.jpg'), ('Laub', 'Schal', 'C:\\git\\experiments\\watkins2_part1\\berg.jpg'), ('Onkel', 'Beet', 'C:\\git\\experiments\\watkins2_part1\\wald.jpg'), ('Wind', 'Bus', 'C:\\git\\experiments\\watkins2_part1\\strand.jpg', 'C:\\git\\experiments\\watkins2_part1\\strand.jpg'), ('Fenster', 'Tennis', 'C:\\git\\experiments\\watkins2_part1\\wueste.jpg'), ('Staffelei', 'Dünger', 'C:\\git\\experiments\\watkins2_part1\\berg.jpg', 'C:\\git\\experiments\\watkins2_part1\\berg.jpg'), ('Birne', 'Goldfisch', 'C:\\git\\experiments\\watkins2_part1\\berg.jpg', 'C:\\git\\experiments\\watkins2_part1\\berg.jpg'), ('Rasen', 'Würfel', 'C:\\git\\experiments\\watkins2_part1\\berg.jpg'), ('Kamera', 'Sofa', 'C:\\git\\experiments\\watkins2_part1\\berg.jpg'), ('Jacke', 'Trommel', 'C:\\git\\experiments\\watkins2_part1\\strand.jpg'), ('Flöte', 'Wolke', 'C:\\git\\experiments\\watkins2_part1\\strand.jpg', 'C:\\git\\experiments\\watkins2_part1\\strand.jpg'), ('Auto', 'Müll', 'C:\\git\\experiments\\watkins2_part1\\wald.jpg'), ('Locher', 'Tasse', 'C:\\git\\experiments\\watkins2_part1\\wald.jpg', 'C:\\git\\experiments\\watkins2_part1\\wald.jpg')]",347.96256269991864,347.9626069999067,347.98493759997655,347.98498369997833,348.00666079996154,348.01571619999595,0,355.9864649999654,None,None,,,,116,2026-08-19_10h06.58.094,watkins2_part1,,2026.1.3,143.36321491096137,2,25,Weiblich,Muttersprache,Abitur,Anderes Studienfach,Bachelor,2026-08-19 10h06.58.943357 +0200,
5,0,5,,,,,,,5,0,5,0,355.9932384999702,,,,,,,,,,,,,,,,,,,,,,,,,,,,355.9867339999182,356.4743865999626,,,,Heft,Puzzle,,"['Heft', 'Puzzle', 'C:\\git\\experiments\\watkins2_part1\\wald.jpg']",study_new,2,,,,,,,,,,,,355.98657969990745,355.98663249996025,C:\git\experiments\watkins2_part1\wald.jpg,"[('Bett', 'Regen', 'C:\\git\\experiments\\watkins2_part1\\strand.jpg', 'C:\\git\\experiments\\watkins2_part1\\strand.jpg'), ('Tee', 'Lampe', 'C:\\git\\experiments\\watkins2_part1\\berg.jpg', 'C:\\git\\experiments\\watkins2_part1\\berg.jpg'), ('Mütze', 'Fernseher', 'C:\\git\\experiments\\watkins2_part1\\wald.jpg', 'C:\\git\\experiments\\watkins2_part1\\wald.jpg'), ('Schnee', 'Nichte', 'C:\\git\\experiments\\watkins2_part1\\wueste.jpg', 'C:\\git\\experiments\\watkins2_part1\\wueste.jpg'), ('Traube', 'Limonade', 'C:\\git\\experiments\\watkins2_part1\\wald.jpg', 'C:\\git\\experiments\\watkins2_part1\\wald.jpg'), ('Heft', 'Puzzle', 'C:\\git\\experiments\\watkins2_part1\\wald.jpg'), ('Teller', 'Großvater', 'C:\\git\\experiments\\watkins2_part1\\wueste.jpg'), ('Ball', 'Flugzeug', 'C:\\git\\experiments\\watkins2_part1\\wueste.jpg', 'C:\\git\\experiments\\watkins2_part1\\wueste.jpg'), ('Hammer', 'Mappe', 'C:\\git\\experiments\\watkins2_part1\\wueste.jpg', 'C:\\git\\experiments\\watkins2_part1\\wueste.jpg'), ('Katze', 'Topf', 'C:\\git\\experiments\\watkins2_part1\\strand.jpg'), ('Bohrer', 'Hemd', 'C:\\git\\experiments\\watkins2_part1\\wueste.jpg'), ('Joggen', 'Banane', 'C:\\git\\experiments\\watkins2_part1\\strand.jpg'), ('Laub', 'Schal', 'C:\\git\\experiments\\watkins2_part1\\berg.jpg'), ('Onkel', 'Beet', 'C:\\git\\experiments\\watkins2_part1\\wald.jpg'), ('Wind', 'Bus', 'C:\\git\\experiments\\watkins2_part1\\strand.jpg', 'C:\\git\\experiments\\watkins2_part1\\strand.jpg'), ('Fenster', 'Tennis', 'C:\\git\\experiments\\watkins2_part1\\wueste.jpg'), ('Staffelei', 'Dünger', 'C:\\git\\experiments\\watkins2_part1\\berg.jpg', 'C:\\git\\experiments\\watkins2_part1\\berg.jpg'), ('Birne', 'Goldfisch', 'C:\\git\\experiments\\watkins2_part1\\berg.jpg', 'C:\\git\\experiments\\watkins2_part1\\berg.jpg'), ('Rasen', 'Würfel', 'C:\\git\\experiments\\watkins2_part1\\berg.jpg'), ('Kamera', 'Sofa', 'C:\\git\\experiments\\watkins2_part1\\berg.jpg'), ('Jacke', 'Trommel', 'C:\\git\\experiments\\watkins2_part1\\strand.jpg'), ('Flöte', 'Wolke', 'C:\\git\\experiments\\watkins2_part1\\strand.jpg', 'C:\\git\\experiments\\watkins2_part1\\strand.jpg'), ('Auto', 'Müll', 'C:\\git\\experiments\\watkins2_part1\\wald.jpg'), ('Locher', 'Tasse', 'C:\\git\\experiments\\watkins2_part1\\wald.jpg', 'C:\\git\\experiments\\watkins2_part1\\wald.jpg')]",356.4922654000111,364.49119999993127,364.509857499972,364.5099031999707,364.52774439996574,,,364.527798499912,None,None,,,356.5000252999598,116,2026-08-19_10h06.58.094,watkins2_part1,,2026.1.3,143.36321491096137,2,25,Weiblich,Muttersprache,Abitur,Anderes Studienfach,Bachelor,2026-08-19 10h06.58.943357 +0200,
6,0,6,,,,,,,6,0,6,0,364.5320499999216,,,,,,,,,,,,,,,,,,,,,,,,,,,,364.5280847999966,365.0172298999969,,,,Teller,Großvater,,"['Teller', 'Großvater', 'C:\\git\\experiments\\watkins2_part1\\wueste.jpg']",study_new,2,,,,,,,,,,,,364.5279155999888,364.5279840999283,C:\git\experiments\watkins2_part1\wueste.jpg,"[('Bett', 'Regen', 'C:\\git\\experiments\\watkins2_part1\\strand.jpg', 'C:\\git\\experiments\\watkins2_part1\\strand.jpg'), ('Tee', 'Lampe', 'C:\\git\\experiments\\watkins2_part1\\berg.jpg', 'C:\\git\\experiments\\watkins2_part1\\berg.jpg'), ('Mütze', 'Fernseher', 'C:\\git\\experiments\\watkins2_part1\\wald.jpg', 'C:\\git\\experiments\\watkins2_part1\\wald.jpg'), ('Schnee', 'Nichte', 'C:\\git\\experiments\\watkins2_part1\\wueste.jpg', 'C:\\git\\experiments\\watkins2_part1\\wueste.jpg'), ('Traube', 'Limonade', 'C:\\git\\experiments\\watkins2_part1\\wald.jpg', 'C:\\git\\experiments\\watkins2_part1\\wald.jpg'), ('Heft', 'Puzzle', 'C:\\git\\experiments\\watkins2_part1\\wald.jpg'), ('Teller', 'Großvater', 'C:\\git\\experiments\\watkins2_part1\\wueste.jpg'), ('Ball', 'Flugzeug', 'C:\\git\\experiments\\watkins2_part1\\wueste.jpg', 'C:\\git\\experiments\\watkins2_part1\\wueste.jpg'), ('Hammer', 'Mappe', 'C:\\git\\experiments\\watkins2_part1\\wueste.jpg', 'C:\\git\\experiments\\watkins2_part1\\wueste.jpg'), ('Katze', 'Topf', 'C:\\git\\experiments\\watkins2_part1\\strand.jpg'), ('Bohrer', 'Hemd', 'C:\\git\\experiments\\watkins2_part1\\wueste.jpg'), ('Joggen', 'Banane', 'C:\\git\\experiments\\watkins2_part1\\strand.jpg'), ('Laub', 'Schal', 'C:\\git\\experiments\\watkins2_part1\\berg.jpg'), ('Onkel', 'Beet', 'C:\\git\\experiments\\watkins2_part1\\wald.jpg'), ('Wind', 'Bus', 'C:\\git\\experiments\\watkins2_part1\\strand.jpg', 'C:\\git\\experiments\\watkins2_part1\\strand.jpg'), ('Fenster', 'Tennis', 'C:\\git\\experiments\\watkins2_part1\\wueste.jpg'), ('Staffelei', 'Dünger', 'C:\\git\\experiments\\watkins2_part1\\berg.jpg', 'C:\\git\\experiments\\watkins2_part1\\berg.jpg'), ('Birne', 'Goldfisch', 'C:\\git\\experiments\\watkins2_part1\\berg.jpg', 'C:\\git\\experiments\\watkins2_part1\\berg.jpg'), ('Rasen', 'Würfel', 'C:\\git\\experiments\\watkins2_part1\\berg.jpg'), ('Kamera', 'Sofa', 'C:\\git\\experiments\\watkins2_part1\\berg.jpg'), ('Jacke', 'Trommel', 'C:\\git\\experiments\\watkins2_part1\\strand.jpg'), ('Flöte', 'Wolke', 'C:\\git\\experiments\\watkins2_part1\\strand.jpg', 'C:\\git\\experiments\\watkins2_part1\\strand.jpg'), ('Auto', 'Müll', 'C:\\git\\experiments\\watkins2_part1\\wald.jpg'), ('Locher', 'Tasse', 'C:\\git\\experiments\\watkins2_part1\\wald.jpg', 'C:\\git\\experiments\\watkins2_part1\\wald.jpg')]",365.03783960000146,373.0328183999518,373.0520672999555,373.05211279995274,373.07431639998686,,,373.0743702999316,None,None,,,365.0425906999735,116,2026-08-19_10h06.58.094,watkins2_part1,,2026.1.3,143.36321491096137,2,25,Weiblich,Muttersprache,Abitur,Anderes Studienfach,Bachelor,2026-08-19 10h06.58.943357 +0200,
7,0,7,0,,,,,,7,0,7,0,373.0795947998995,,,,,,,,,,,,,,,,,,,,,,,,,,,,373.07465739990585,373.5636003999971,,,,Ball,Flugzeug,,"['Ball', 'Flugzeug', 'C:\\git\\experiments\\watkins2_part1\\wueste.jpg']",test,2,,,,,,,,,,,,373.0744856999954,373.07455499994103,C:\git\experiments\watkins2_part1\wueste.jpg,"[('Bett', 'Regen', 'C:\\git\\experiments\\watkins2_part1\\strand.jpg', 'C:\\git\\experiments\\watkins2_part1\\strand.jpg'), ('Tee', 'Lampe', 'C:\\git\\experiments\\watkins2_part1\\berg.jpg', 'C:\\git\\experiments\\watkins2_part1\\berg.jpg'), ('Mütze', 'Fernseher', 'C:\\git\\experiments\\watkins2_part1\\wald.jpg', 'C:\\git\\experiments\\watkins2_part1\\wald.jpg'), ('Schnee', 'Nichte', 'C:\\git\\experiments\\watkins2_part1\\wueste.jpg', 'C:\\git\\experiments\\watkins2_part1\\wueste.jpg'), ('Traube', 'Limonade', 'C:\\git\\experiments\\watkins2_part1\\wald.jpg', 'C:\\git\\experiments\\watkins2_part1\\wald.jpg'), ('Heft', 'Puzzle', 'C:\\git\\experiments\\watkins2_part1\\wald.jpg'), ('Teller', 'Großvater', 'C:\\git\\experiments\\watkins2_part1\\wueste.jpg'), ('Ball', 'Flugzeug', 'C:\\git\\experiments\\watkins2_part1\\wueste.jpg', 'C:\\git\\experiments\\watkins2_part1\\wueste.jpg'), ('Hammer', 'Mappe', 'C:\\git\\experiments\\watkins2_part1\\wueste.jpg', 'C:\\git\\experiments\\watkins2_part1\\wueste.jpg'), ('Katze', 'Topf', 'C:\\git\\experiments\\watkins2_part1\\strand.jpg'), ('Bohrer', 'Hemd', 'C:\\git\\experiments\\watkins2_part1\\wueste.jpg'), ('Joggen', 'Banane', 'C:\\git\\experiments\\watkins2_part1\\strand.jpg'), ('Laub', 'Schal', 'C:\\git\\experiments\\watkins2_part1\\berg.jpg'), ('Onkel', 'Beet', 'C:\\git\\experiments\\watkins2_part1\\wald.jpg'), ('Wind', 'Bus', 'C:\\git\\experiments\\watkins2_part1\\strand.jpg', 'C:\\git\\experiments\\watkins2_part1\\strand.jpg'), ('Fenster', 'Tennis', 'C:\\git\\experiments\\watkins2_part1\\wueste.jpg'), ('Staffelei', 'Dünger', 'C:\\git\\experiments\\watkins2_part1\\berg.jpg', 'C:\\git\\experiments\\watkins2_part1\\berg.jpg'), ('Birne', 'Goldfisch', 'C:\\git\\experiments\\watkins2_part1\\berg.jpg', 'C:\\git\\experiments\\watkins2_part1\\berg.jpg'), ('Rasen', 'Würfel', 'C:\\git\\experiments\\watkins2_part1\\berg.jpg'), ('Kamera', 'Sofa', 'C:\\git\\experiments\\watkins2_part1\\berg.jpg'), ('Jacke', 'Trommel', 'C:\\git\\experiments\\watkins2_part1\\strand.jpg'), ('Flöte', 'Wolke', 'C:\\git\\experiments\\watkins2_part1\\strand.jpg', 'C:\\git\\experiments\\watkins2_part1\\strand.jpg'), ('Auto', 'Müll', 'C:\\git\\experiments\\watkins2_part1\\wald.jpg'), ('Locher', 'Tasse', 'C:\\git\\experiments\\watkins2_part1\\wald.jpg', 'C:\\git\\experiments\\watkins2_part1\\wald.jpg')]",373.5811823999975,373.5812270999886,373.5998005999718,373.59984549996443,373.61484409996774,373.6232172999298,0,381.60388309997506,None,None,,,,116,2026-08-19_10h06.58.094,watkins2_part1,,2026.1.3,143.36321491096137,2,25,Weiblich,Muttersprache,Abitur,Anderes Studienfach,Bachelor,2026-08-19 10h06.58.943357 +0200,
8,0,8,0,,,,,,8,0,8,0,381.61067679990083,,,,,,,,,,,,,,,,,,,,,,,,,,,,381.60415169992484,382.09209379996173,,,,Hammer,Mappe,,"['Hammer', 'Mappe', 'C:\\git\\experiments\\watkins2_part1\\wueste.jpg']",test,2,,,,,,,,,,,,381.60399769991636,381.6040501999669,C:\git\experiments\watkins2_part1\wueste.jpg,"[('Bett', 'Regen', 'C:\\git\\experiments\\watkins2_part1\\strand.jpg', 'C:\\git\\experiments\\watkins2_part1\\strand.jpg'), ('Tee', 'Lampe', 'C:\\git\\experiments\\watkins2_part1\\berg.jpg', 'C:\\git\\experiments\\watkins2_part1\\berg.jpg'), ('Mütze', 'Fernseher', 'C:\\git\\experiments\\watkins2_part1\\wald.jpg', 'C:\\git\\experiments\\watkins2_part1\\wald.jpg'), ('Schnee', 'Nichte', 'C:\\git\\experiments\\watkins2_part1\\wueste.jpg', 'C:\\git\\experiments\\watkins2_part1\\wueste.jpg'), ('Traube', 'Limonade', 'C:\\git\\experiments\\watkins2_part1\\wald.jpg', 'C:\\git\\experiments\\watkins2_part1\\wald.jpg'), ('Heft', 'Puzzle', 'C:\\git\\experiments\\watkins2_part1\\wald.jpg'), ('Teller', 'Großvater', 'C:\\git\\experiments\\watkins2_part1\\wueste.jpg'), ('Ball', 'Flugzeug', 'C:\\git\\experiments\\watkins2_part1\\wueste.jpg', 'C:\\git\\experiments\\watkins2_part1\\wueste.jpg'), ('Hammer', 'Mappe', 'C:\\git\\experiments\\watkins2_part1\\wueste.jpg', 'C:\\git\\experiments\\watkins2_part1\\wueste.jpg'), ('Katze', 'Topf', 'C:\\git\\experiments\\watkins2_part1\\strand.jpg'), ('Bohrer', 'Hemd', 'C:\\git\\experiments\\watkins2_part1\\wueste.jpg'), ('Joggen', 'Banane', 'C:\\git\\experiments\\watkins2_part1\\strand.jpg'), ('Laub', 'Schal', 'C:\\git\\experiments\\watkins2_part1\\berg.jpg'), ('Onkel', 'Beet', 'C:\\git\\experiments\\watkins2_part1\\wald.jpg'), ('Wind', 'Bus', 'C:\\git\\experiments\\watkins2_part1\\strand.jpg', 'C:\\git\\experiments\\watkins2_part1\\strand.jpg'), ('Fenster', 'Tennis', 'C:\\git\\experiments\\watkins2_part1\\wueste.jpg'), ('Staffelei', 'Dünger', 'C:\\git\\experiments\\watkins2_part1\\berg.jpg', 'C:\\git\\experiments\\watkins2_part1\\berg.jpg'), ('Birne', 'Goldfisch', 'C:\\git\\experiments\\watkins2_part1\\berg.jpg', 'C:\\git\\experiments\\watkins2_part1\\berg.jpg'), ('Rasen', 'Würfel', 'C:\\git\\experiments\\watkins2_part1\\berg.jpg'), ('Kamera', 'Sofa', 'C:\\git\\experiments\\watkins2_part1\\berg.jpg'), ('Jacke', 'Trommel', 'C:\\git\\experiments\\watkins2_part1\\strand.jpg'), ('Flöte', 'Wolke', 'C:\\git\\experiments\\watkins2_part1\\strand.jpg', 'C:\\git\\experiments\\watkins2_part1\\strand.jpg'), ('Auto', 'Müll', 'C:\\git\\experiments\\watkins2_part1\\wald.jpg'), ('Locher', 'Tasse', 'C:\\git\\experiments\\watkins2_part1\\wald.jpg', 'C:\\git\\experiments\\watkins2_part1\\wald.jpg')]",382.1083545999136,382.10839809989557,382.1240692998981,382.1241155999014,382.13905849994626,382.14753259997815,0,390.127626099973,None,None,,,,116,2026-08-19_10h06.58.094,watkins2_part1,,2026.1.3,143.36321491096137,2,25,Weiblich,Muttersprache,Abitur,Anderes Studienfach,Bachelor,2026-08-19 10h06.58.943357 +0200,
9,0,9,,,,,,,9,0,9,0,390.13457220001146,,,,,,,,,,,,,,,,,,,,,,,,,,,,390.127936600009,390.61605029995553,,,,Katze,Topf,,"['Katze', 'Topf', 'C:\\git\\experiments\\watkins2_part1\\strand.jpg']",study_new,2,,,,,,,,,,,,390.12776820000727,390.1278350999346,C:\git\experiments\watkins2_part1\strand.jpg,"[('Bett', 'Regen', 'C:\\git\\experiments\\watkins2_part1\\strand.jpg', 'C:\\git\\experiments\\watkins2_part1\\strand.jpg'), ('Tee', 'Lampe', 'C:\\git\\experiments\\watkins2_part1\\berg.jpg', 'C:\\git\\experiments\\watkins2_part1\\berg.jpg'), ('Mütze', 'Fernseher', 'C:\\git\\experiments\\watkins2_part1\\wald.jpg', 'C:\\git\\experiments\\watkins2_part1\\wald.jpg'), ('Schnee', 'Nichte', 'C:\\git\\experiments\\watkins2_part1\\wueste.jpg', 'C:\\git\\experiments\\watkins2_part1\\wueste.jpg'), ('Traube', 'Limonade', 'C:\\git\\experiments\\watkins2_part1\\wald.jpg', 'C:\\git\\experiments\\watkins2_part1\\wald.jpg'), ('Heft', 'Puzzle', 'C:\\git\\experiments\\watkins2_part1\\wald.jpg'), ('Teller', 'Großvater', 'C:\\git\\experiments\\watkins2_part1\\wueste.jpg'), ('Ball', 'Flugzeug', 'C:\\git\\experiments\\watkins2_part1\\wueste.jpg', 'C:\\git\\experiments\\watkins2_part1\\wueste.jpg'), ('Hammer', 'Mappe', 'C:\\git\\experiments\\watkins2_part1\\wueste.jpg', 'C:\\git\\experiments\\watkins2_part1\\wueste.jpg'), ('Katze', 'Topf', 'C:\\git\\experiments\\watkins2_part1\\strand.jpg'), ('Bohrer', 'Hemd', 'C:\\git\\experiments\\watkins2_part1\\wueste.jpg'), ('Joggen', 'Banane', 'C:\\git\\experiments\\watkins2_part1\\strand.jpg'), ('Laub', 'Schal', 'C:\\git\\experiments\\watkins2_part1\\berg.jpg'), ('Onkel', 'Beet', 'C:\\git\\experiments\\watkins2_part1\\wald.jpg'), ('Wind', 'Bus', 'C:\\git\\experiments\\watkins2_part1\\strand.jpg', 'C:\\git\\experiments\\watkins2_part1\\strand.jpg'), ('Fenster', 'Tennis', 'C:\\git\\experiments\\watkins2_part1\\wueste.jpg'), ('Staffelei', 'Dünger', 'C:\\git\\experiments\\watkins2_part1\\berg.jpg', 'C:\\git\\experiments\\watkins2_part1\\berg.jpg'), ('Birne', 'Goldfisch', 'C:\\git\\experiments\\watkins2_part1\\berg.jpg', 'C:\\git\\experiments\\watkins2_part1\\berg.jpg'), ('Rasen', 'Würfel', 'C:\\git\\experiments\\watkins2_part1\\berg.jpg'), ('Kamera', 'Sofa', 'C:\\git\\experiments\\watkins2_part1\\berg.jpg'), ('Jacke', 'Trommel', 'C:\\git\\experiments\\watkins2_part1\\strand.jpg'), ('Flöte', 'Wolke', 'C:\\git\\experiments\\watkins2_part1\\strand.jpg', 'C:\\git\\experiments\\watkins2_part1\\strand.jpg'), ('Auto', 'Müll', 'C:\\git\\experiments\\watkins2_part1\\wald.jpg'), ('Locher', 'Tasse', 'C:\\git\\experiments\\watkins2_part1\\wald.jpg', 'C:\\git\\experiments\\watkins2_part1\\wald.jpg')]",390.62982229993213,398.63448629993945,398.64784079999663,398.64788599999156,398.6623688999098,,,398.66242409998085,None,None,,,390.6360993999988,116,2026-08-19_10h06.58.094,watkins2_part1,,2026.1.3,143.36321491096137,2,25,Weiblich,Muttersprache,Abitur,Anderes Studienfach,Bachelor,2026-08-19 10h06.58.943357 +0200,
10,0,10,,,,,,,10,0,10,0,398.6678892999189,,,,,,,,,,,,,,,,,,,,,,,,,,,,398.66271019994747,399.1517594999168,,,,Bohrer,Hemd,,"['Bohrer', 'Hemd', 'C:\\git\\experiments\\watkins2_part1\\wueste.jpg']",study_new,2,,,,,,,,,,,,398.66253869992215,398.66260879999027,C:\git\experiments\watkins2_part1\wueste.jpg,"[('Bett', 'Regen', 'C:\\git\\experiments\\watkins2_part1\\strand.jpg', 'C:\\git\\experiments\\watkins2_part1\\strand.jpg'), ('Tee', 'Lampe', 'C:\\git\\experiments\\watkins2_part1\\berg.jpg', 'C:\\git\\experiments\\watkins2_part1\\berg.jpg'), ('Mütze', 'Fernseher', 'C:\\git\\experiments\\watkins2_part1\\wald.jpg', 'C:\\git\\experiments\\watkins2_part1\\wald.jpg'), ('Schnee', 'Nichte', 'C:\\git\\experiments\\watkins2_part1\\wueste.jpg', 'C:\\git\\experiments\\watkins2_part1\\wueste.jpg'), ('Traube', 'Limonade', 'C:\\git\\experiments\\watkins2_part1\\wald.jpg', 'C:\\git\\experiments\\watkins2_part1\\wald.jpg'), ('Heft', 'Puzzle', 'C:\\git\\experiments\\watkins2_part1\\wald.jpg'), ('Teller', 'Großvater', 'C:\\git\\experiments\\watkins2_part1\\wueste.jpg'), ('Ball', 'Flugzeug', 'C:\\git\\experiments\\watkins2_part1\\wueste.jpg', 'C:\\git\\experiments\\watkins2_part1\\wueste.jpg'), ('Hammer', 'Mappe', 'C:\\git\\experiments\\watkins2_part1\\wueste.jpg', 'C:\\git\\experiments\\watkins2_part1\\wueste.jpg'), ('Katze', 'Topf', 'C:\\git\\experiments\\watkins2_part1\\strand.jpg'), ('Bohrer', 'Hemd', 'C:\\git\\experiments\\watkins2_part1\\wueste.jpg'), ('Joggen', 'Banane', 'C:\\git\\experiments\\watkins2_part1\\strand.jpg'), ('Laub', 'Schal', 'C:\\git\\experiments\\watkins2_part1\\berg.jpg'), ('Onkel', 'Beet', 'C:\\git\\experiments\\watkins2_part1\\wald.jpg'), ('Wind', 'Bus', 'C:\\git\\experiments\\watkins2_part1\\strand.jpg', 'C:\\git\\experiments\\watkins2_part1\\strand.jpg'), ('Fenster', 'Tennis', 'C:\\git\\experiments\\watkins2_part1\\wueste.jpg'), ('Staffelei', 'Dünger', 'C:\\git\\experiments\\watkins2_part1\\berg.jpg', 'C:\\git\\experiments\\watkins2_part1\\berg.jpg'), ('Birne', 'Goldfisch', 'C:\\git\\experiments\\watkins2_part1\\berg.jpg', 'C:\\git\\experiments\\watkins2_part1\\berg.jpg'), ('Rasen', 'Würfel', 'C:\\git\\experiments\\watkins2_part1\\berg.jpg'), ('Kamera', 'Sofa', 'C:\\git\\experiments\\watkins2_part1\\berg.jpg'), ('Jacke', 'Trommel', 'C:\\git\\experiments\\watkins2_part1\\strand.jpg'), ('Flöte', 'Wolke', 'C:\\git\\experiments\\watkins2_part1\\strand.jpg', 'C:\\git\\experiments\\watkins2_part1\\strand.jpg'), ('Auto', 'Müll', 'C:\\git\\experiments\\watkins2_part1\\wald.jpg'), ('Locher', 'Tasse', 'C:\\git\\experiments\\watkins2_part1\\wald.jpg', 'C:\\git\\experiments\\watkins2_part1\\wald.jpg')]",399.1703017000109,407.16713009995874,407.1857801999431,407.1858257999411,407.20445449999534,,,407.2045088999439,None,None,,,399.1772975999629,116,2026-08-19_10h06.58.094,watkins2_part1,,2026.1.3,143.36321491096137,2,25,Weiblich,Muttersprache,Abitur,Anderes Studienfach,Bachelor,2026-08-19 10h06.58.943357 +0200,
11,0,11,,,,,,,11,0,11,0,407.2108520999318,,,,,,,,,,,,,,,,,,,,,,,,,,,,407.20479469990823,407.69023409998044,,,,Joggen,Banane,,"['Joggen', 'Banane', 'C:\\git\\experiments\\watkins2_part1\\strand.jpg']",study_new,2,,,,,,,,,,,,407.20462340000086,407.2046930999495,C:\git\experiments\watkins2_part1\strand.jpg,"[('Bett', 'Regen', 'C:\\git\\experiments\\watkins2_part1\\strand.jpg', 'C:\\git\\experiments\\watkins2_part1\\strand.jpg'), ('Tee', 'Lampe', 'C:\\git\\experiments\\watkins2_part1\\berg.jpg', 'C:\\git\\experiments\\watkins2_part1\\berg.jpg'), ('Mütze', 'Fernseher', 'C:\\git\\experiments\\watkins2_part1\\wald.jpg', 'C:\\git\\experiments\\watkins2_part1\\wald.jpg'), ('Schnee', 'Nichte', 'C:\\git\\experiments\\watkins2_part1\\wueste.jpg', 'C:\\git\\experiments\\watkins2_part1\\wueste.jpg'), ('Traube', 'Limonade', 'C:\\git\\experiments\\watkins2_part1\\wald.jpg', 'C:\\git\\experiments\\watkins2_part1\\wald.jpg'), ('Heft', 'Puzzle', 'C:\\git\\experiments\\watkins2_part1\\wald.jpg'), ('Teller', 'Großvater', 'C:\\git\\experiments\\watkins2_part1\\wueste.jpg'), ('Ball', 'Flugzeug', 'C:\\git\\experiments\\watkins2_part1\\wueste.jpg', 'C:\\git\\experiments\\watkins2_part1\\wueste.jpg'), ('Hammer', 'Mappe', 'C:\\git\\experiments\\watkins2_part1\\wueste.jpg', 'C:\\git\\experiments\\watkins2_part1\\wueste.jpg'), ('Katze', 'Topf', 'C:\\git\\experiments\\watkins2_part1\\strand.jpg'), ('Bohrer', 'Hemd', 'C:\\git\\experiments\\watkins2_part1\\wueste.jpg'), ('Joggen', 'Banane', 'C:\\git\\experiments\\watkins2_part1\\strand.jpg'), ('Laub', 'Schal', 'C:\\git\\experiments\\watkins2_part1\\berg.jpg'), ('Onkel', 'Beet', 'C:\\git\\experiments\\watkins2_part1\\wald.jpg'), ('Wind', 'Bus', 'C:\\git\\experiments\\watkins2_part1\\strand.jpg', 'C:\\git\\experiments\\watkins2_part1\\strand.jpg'), ('Fenster', 'Tennis', 'C:\\git\\experiments\\watkins2_part1\\wueste.jpg'), ('Staffelei', 'Dünger', 'C:\\git\\experiments\\watkins2_part1\\berg.jpg', 'C:\\git\\experiments\\watkins2_part1\\berg.jpg'), ('Birne', 'Goldfisch', 'C:\\git\\experiments\\watkins2_part1\\berg.jpg', 'C:\\git\\experiments\\watkins2_part1\\berg.jpg'), ('Rasen', 'Würfel', 'C:\\git\\experiments\\watkins2_part1\\berg.jpg'), ('Kamera', 'Sofa', 'C:\\git\\experiments\\watkins2_part1\\berg.jpg'), ('Jacke', 'Trommel', 'C:\\git\\experiments\\watkins2_part1\\strand.jpg'), ('Flöte', 'Wolke', 'C:\\git\\experiments\\watkins2_part1\\strand.jpg', 'C:\\git\\experiments\\watkins2_part1\\strand.jpg'), ('Auto', 'Müll', 'C:\\git\\experiments\\watkins2_part1\\wald.jpg'), ('Locher', 'Tasse', 'C:\\git\\experiments\\watkins2_part1\\wald.jpg', 'C:\\git\\experiments\\watkins2_part1\\wald.jpg')]",407.70458359993063,415.70743760000914,415.72145750001073,415.7215023000026,415.73595459992066,,,415.73600769997574,None,None,,,407.70910449989606,116,2026-08-19_10h06.58.094,watkins2_part1,,2026.1.3,143.36321491096137,2,25,Weiblich,Muttersprache,Abitur,Anderes Studienfach,Bachelor,2026-08-19 10h06.58.943357 +0200,
12,0,12,,,,,,,12,0,12,0,415.7411714999471,,,,,,,,,,,,,,,,,,,,,,,,,,,,415.73629409994464,416.22528059990145,,,,Laub,Schal,,"['Laub', 'Schal', 'C:\\git\\experiments\\watkins2_part1\\berg.jpg']",study_new,2,,,,,,,,,,,,415.73612229991704,415.7361919999821,C:\git\experiments\watkins2_part1\berg.jpg,"[('Bett', 'Regen', 'C:\\git\\experiments\\watkins2_part1\\strand.jpg', 'C:\\git\\experiments\\watkins2_part1\\strand.jpg'), ('Tee', 'Lampe', 'C:\\git\\experiments\\watkins2_part1\\berg.jpg', 'C:\\git\\experiments\\watkins2_part1\\berg.jpg'), ('Mütze', 'Fernseher', 'C:\\git\\experiments\\watkins2_part1\\wald.jpg', 'C:\\git\\experiments\\watkins2_part1\\wald.jpg'), ('Schnee', 'Nichte', 'C:\\git\\experiments\\watkins2_part1\\wueste.jpg', 'C:\\git\\experiments\\watkins2_part1\\wueste.jpg'), ('Traube', 'Limonade', 'C:\\git\\experiments\\watkins2_part1\\wald.jpg', 'C:\\git\\experiments\\watkins2_part1\\wald.jpg'), ('Heft', 'Puzzle', 'C:\\git\\experiments\\watkins2_part1\\wald.jpg'), ('Teller', 'Großvater', 'C:\\git\\experiments\\watkins2_part1\\wueste.jpg'), ('Ball', 'Flugzeug', 'C:\\git\\experiments\\watkins2_part1\\wueste.jpg', 'C:\\git\\experiments\\watkins2_part1\\wueste.jpg'), ('Hammer', 'Mappe', 'C:\\git\\experiments\\watkins2_part1\\wueste.jpg', 'C:\\git\\experiments\\watkins2_part1\\wueste.jpg'), ('Katze', 'Topf', 'C:\\git\\experiments\\watkins2_part1\\strand.jpg'), ('Bohrer', 'Hemd', 'C:\\git\\experiments\\watkins2_part1\\wueste.jpg'), ('Joggen', 'Banane', 'C:\\git\\experiments\\watkins2_part1\\strand.jpg'), ('Laub', 'Schal', 'C:\\git\\experiments\\watkins2_part1\\berg.jpg'), ('Onkel', 'Beet', 'C:\\git\\experiments\\watkins2_part1\\wald.jpg'), ('Wind', 'Bus', 'C:\\git\\experiments\\watkins2_part1\\strand.jpg', 'C:\\git\\experiments\\watkins2_part1\\strand.jpg'), ('Fenster', 'Tennis', 'C:\\git\\experiments\\watkins2_part1\\wueste.jpg'), ('Staffelei', 'Dünger', 'C:\\git\\experiments\\watkins2_part1\\berg.jpg', 'C:\\git\\experiments\\watkins2_part1\\berg.jpg'), ('Birne', 'Goldfisch', 'C:\\git\\experiments\\watkins2_part1\\berg.jpg', 'C:\\git\\experiments\\watkins2_part1\\berg.jpg'), ('Rasen', 'Würfel', 'C:\\git\\experiments\\watkins2_part1\\berg.jpg'), ('Kamera', 'Sofa', 'C:\\git\\experiments\\watkins2_part1\\berg.jpg'), ('Jacke', 'Trommel', 'C:\\git\\experiments\\watkins2_part1\\strand.jpg'), ('Flöte', 'Wolke', 'C:\\git\\experiments\\watkins2_part1\\strand.jpg', 'C:\\git\\experiments\\watkins2_part1\\strand.jpg'), ('Auto', 'Müll', 'C:\\git\\experiments\\watkins2_part1\\wald.jpg'), ('Locher', 'Tasse', 'C:\\git\\experiments\\watkins2_part1\\wald.jpg', 'C:\\git\\experiments\\watkins2_part1\\wald.jpg')]",416.25340029993095,424.2403618999524,424.2708253999008,424.27087099989876,424.301256799954,,,424.30130920000374,None,None,,,416.2602825999493,116,2026-08-19_10h06.58.094,watkins2_part1,,2026.1.3,143.36321491096137,2,25,Weiblich,Muttersprache,Abitur,Anderes Studienfach,Bachelor,2026-08-19 10h06.58.943357 +0200,
13,0,13,,,,,,,13,0,13,0,424.30700609995984,,,,,,,,,,,,,,,,,,,,,,,,,,,,424.30159399996046,424.7876363999676,,,,Onkel,Beet,,"['Onkel', 'Beet', 'C:\\git\\experiments\\watkins2_part1\\wald.jpg']",study_new,2,,,,,,,,,,,,424.3014236999443,424.3014928000048,C:\git\experiments\watkins2_part1\wald.jpg,"[('Bett', 'Regen', 'C:\\git\\experiments\\watkins2_part1\\strand.jpg', 'C:\\git\\experiments\\watkins2_part1\\strand.jpg'), ('Tee', 'Lampe', 'C:\\git\\experiments\\watkins2_part1\\berg.jpg', 'C:\\git\\experiments\\watkins2_part1\\berg.jpg'), ('Mütze', 'Fernseher', 'C:\\git\\experiments\\watkins2_part1\\wald.jpg', 'C:\\git\\experiments\\watkins2_part1\\wald.jpg'), ('Schnee', 'Nichte', 'C:\\git\\experiments\\watkins2_part1\\wueste.jpg', 'C:\\git\\experiments\\watkins2_part1\\wueste.jpg'), ('Traube', 'Limonade', 'C:\\git\\experiments\\watkins2_part1\\wald.jpg', 'C:\\git\\experiments\\watkins2_part1\\wald.jpg'), ('Heft', 'Puzzle', 'C:\\git\\experiments\\watkins2_part1\\wald.jpg'), ('Teller', 'Großvater', 'C:\\git\\experiments\\watkins2_part1\\wueste.jpg'), ('Ball', 'Flugzeug', 'C:\\git\\experiments\\watkins2_part1\\wueste.jpg', 'C:\\git\\experiments\\watkins2_part1\\wueste.jpg'), ('Hammer', 'Mappe', 'C:\\git\\experiments\\watkins2_part1\\wueste.jpg', 'C:\\git\\experiments\\watkins2_part1\\wueste.jpg'), ('Katze', 'Topf', 'C:\\git\\experiments\\watkins2_part1\\strand.jpg'), ('Bohrer', 'Hemd', 'C:\\git\\experiments\\watkins2_part1\\wueste.jpg'), ('Joggen', 'Banane', 'C:\\git\\experiments\\watkins2_part1\\strand.jpg'), ('Laub', 'Schal', 'C:\\git\\experiments\\watkins2_part1\\berg.jpg'), ('Onkel', 'Beet', 'C:\\git\\experiments\\watkins2_part1\\wald.jpg'), ('Wind', 'Bus', 'C:\\git\\experiments\\watkins2_part1\\strand.jpg', 'C:\\git\\experiments\\watkins2_part1\\strand.jpg'), ('Fenster', 'Tennis', 'C:\\git\\experiments\\watkins2_part1\\wueste.jpg'), ('Staffelei', 'Dünger', 'C:\\git\\experiments\\watkins2_part1\\berg.jpg', 'C:\\git\\experiments\\watkins2_part1\\berg.jpg'), ('Birne', 'Goldfisch', 'C:\\git\\experiments\\watkins2_part1\\berg.jpg', 'C:\\git\\experiments\\watkins2_part1\\berg.jpg'), ('Rasen', 'Würfel', 'C:\\git\\experiments\\watkins2_part1\\berg.jpg'), ('Kamera', 'Sofa', 'C:\\git\\experiments\\watkins2_part1\\berg.jpg'), ('Jacke', 'Trommel', 'C:\\git\\experiments\\watkins2_part1\\strand.jpg'), ('Flöte', 'Wolke', 'C:\\git\\experiments\\watkins2_part1\\strand.jpg', 'C:\\git\\experiments\\watkins2_part1\\strand.jpg'), ('Auto', 'Müll', 'C:\\git\\experiments\\watkins2_part1\\wald.jpg'), ('Locher', 'Tasse', 'C:\\git\\experiments\\watkins2_part1\\wald.jpg', 'C:\\git\\experiments\\watkins2_part1\\wald.jpg')]",424.80796569993254,432.80464509991,432.8250919999555,432.8251387999626,432.84712519997265,,,432.84717869991437,None,None,,,424.8140398999676,116,2026-08-19_10h06.58.094,watkins2_part1,,2026.1.3,143.36321491096137,2,25,Weiblich,Muttersprache,Abitur,Anderes Studienfach,Bachelor,2026-08-19 10h06.58.943357 +0200,
14,0,14,0,,,,,,14,0,14,0,432.8517129999818,,,,,,,,,,,,,,,,,,,,,,,,,,,,432.84747579996474,433.3347661999287,,,,Wind,Bus,,"['Wind', 'Bus', 'C:\\git\\experiments\\watkins2_part1\\strand.jpg']",test,2,,,,,,,,,,,,432.84730219992343,432.84737360000145,C:\git\experiments\watkins2_part1\strand.jpg,"[('Bett', 'Regen', 'C:\\git\\experiments\\watkins2_part1\\strand.jpg', 'C:\\git\\experiments\\watkins2_part1\\strand.jpg'), ('Tee', 'Lampe', 'C:\\git\\experiments\\watkins2_part1\\berg.jpg', 'C:\\git\\experiments\\watkins2_part1\\berg.jpg'), ('Mütze', 'Fernseher', 'C:\\git\\experiments\\watkins2_part1\\wald.jpg', 'C:\\git\\experiments\\watkins2_part1\\wald.jpg'), ('Schnee', 'Nichte', 'C:\\git\\experiments\\watkins2_part1\\wueste.jpg', 'C:\\git\\experiments\\watkins2_part1\\wueste.jpg'), ('Traube', 'Limonade', 'C:\\git\\experiments\\watkins2_part1\\wald.jpg', 'C:\\git\\experiments\\watkins2_part1\\wald.jpg'), ('Heft', 'Puzzle', 'C:\\git\\experiments\\watkins2_part1\\wald.jpg'), ('Teller', 'Großvater', 'C:\\git\\experiments\\watkins2_part1\\wueste.jpg'), ('Ball', 'Flugzeug', 'C:\\git\\experiments\\watkins2_part1\\wueste.jpg', 'C:\\git\\experiments\\watkins2_part1\\wueste.jpg'), ('Hammer', 'Mappe', 'C:\\git\\experiments\\watkins2_part1\\wueste.jpg', 'C:\\git\\experiments\\watkins2_part1\\wueste.jpg'), ('Katze', 'Topf', 'C:\\git\\experiments\\watkins2_part1\\strand.jpg'), ('Bohrer', 'Hemd', 'C:\\git\\experiments\\watkins2_part1\\wueste.jpg'), ('Joggen', 'Banane', 'C:\\git\\experiments\\watkins2_part1\\strand.jpg'), ('Laub', 'Schal', 'C:\\git\\experiments\\watkins2_part1\\berg.jpg'), ('Onkel', 'Beet', 'C:\\git\\experiments\\watkins2_part1\\wald.jpg'), ('Wind', 'Bus', 'C:\\git\\experiments\\watkins2_part1\\strand.jpg', 'C:\\git\\experiments\\watkins2_part1\\strand.jpg'), ('Fenster', 'Tennis', 'C:\\git\\experiments\\watkins2_part1\\wueste.jpg'), ('Staffelei', 'Dünger', 'C:\\git\\experiments\\watkins2_part1\\berg.jpg', 'C:\\git\\experiments\\watkins2_part1\\berg.jpg'), ('Birne', 'Goldfisch', 'C:\\git\\experiments\\watkins2_part1\\berg.jpg', 'C:\\git\\experiments\\watkins2_part1\\berg.jpg'), ('Rasen', 'Würfel', 'C:\\git\\experiments\\watkins2_part1\\berg.jpg'), ('Kamera', 'Sofa', 'C:\\git\\experiments\\watkins2_part1\\berg.jpg'), ('Jacke', 'Trommel', 'C:\\git\\experiments\\watkins2_part1\\strand.jpg'), ('Flöte', 'Wolke', 'C:\\git\\experiments\\watkins2_part1\\strand.jpg', 'C:\\git\\experiments\\watkins2_part1\\strand.jpg'), ('Auto', 'Müll', 'C:\\git\\experiments\\watkins2_part1\\wald.jpg'), ('Locher', 'Tasse', 'C:\\git\\experiments\\watkins2_part1\\wald.jpg', 'C:\\git\\experiments\\watkins2_part1\\wald.jpg')]",433.3478670999175,433.347910799901,433.36250289995223,433.36254839994945,433.37627559993416,433.3865996999666,0,441.36313519999385,None,None,,,,116,2026-08-19_10h06.58.094,watkins2_part1,,2026.1.3,143.36321491096137,2,25,Weiblich,Muttersprache,Abitur,Anderes Studienfach,Bachelor,2026-08-19 10h06.58.943357 +0200,
15,0,15,,,,,,,15,0,15,0,441.36994669993874,,,,,,,,,,,,,,,,,,,,,,,,,,,,441.3634025999345,441.85132429993246,,,,Fenster,Tennis,,"['Fenster', 'Tennis', 'C:\\git\\experiments\\watkins2_part1\\wueste.jpg']",study_new,2,,,,,,,,,,,,441.36324819992296,441.36330149997957,C:\git\experiments\watkins2_part1\wueste.jpg,"[('Bett', 'Regen', 'C:\\git\\experiments\\watkins2_part1\\strand.jpg', 'C:\\git\\experiments\\watkins2_part1\\strand.jpg'), ('Tee', 'Lampe', 'C:\\git\\experiments\\watkins2_part1\\berg.jpg', 'C:\\git\\experiments\\watkins2_part1\\berg.jpg'), ('Mütze', 'Fernseher', 'C:\\git\\experiments\\watkins2_part1\\wald.jpg', 'C:\\git\\experiments\\watkins2_part1\\wald.jpg'), ('Schnee', 'Nichte', 'C:\\git\\experiments\\watkins2_part1\\wueste.jpg', 'C:\\git\\experiments\\watkins2_part1\\wueste.jpg'), ('Traube', 'Limonade', 'C:\\git\\experiments\\watkins2_part1\\wald.jpg', 'C:\\git\\experiments\\watkins2_part1\\wald.jpg'), ('Heft', 'Puzzle', 'C:\\git\\experiments\\watkins2_part1\\wald.jpg'), ('Teller', 'Großvater', 'C:\\git\\experiments\\watkins2_part1\\wueste.jpg'), ('Ball', 'Flugzeug', 'C:\\git\\experiments\\watkins2_part1\\wueste.jpg', 'C:\\git\\experiments\\watkins2_part1\\wueste.jpg'), ('Hammer', 'Mappe', 'C:\\git\\experiments\\watkins2_part1\\wueste.jpg', 'C:\\git\\experiments\\watkins2_part1\\wueste.jpg'), ('Katze', 'Topf', 'C:\\git\\experiments\\watkins2_part1\\strand.jpg'), ('Bohrer', 'Hemd', 'C:\\git\\experiments\\watkins2_part1\\wueste.jpg'), ('Joggen', 'Banane', 'C:\\git\\experiments\\watkins2_part1\\strand.jpg'), ('Laub', 'Schal', 'C:\\git\\experiments\\watkins2_part1\\berg.jpg'), ('Onkel', 'Beet', 'C:\\git\\experiments\\watkins2_part1\\wald.jpg'), ('Wind', 'Bus', 'C:\\git\\experiments\\watkins2_part1\\strand.jpg', 'C:\\git\\experiments\\watkins2_part1\\strand.jpg'), ('Fenster', 'Tennis', 'C:\\git\\experiments\\watkins2_part1\\wueste.jpg'), ('Staffelei', 'Dünger', 'C:\\git\\experiments\\watkins2_part1\\berg.jpg', 'C:\\git\\experiments\\watkins2_part1\\berg.jpg'), ('Birne', 'Goldfisch', 'C:\\git\\experiments\\watkins2_part1\\berg.jpg', 'C:\\git\\experiments\\watkins2_part1\\berg.jpg'), ('Rasen', 'Würfel', 'C:\\git\\experiments\\watkins2_part1\\berg.jpg'), ('Kamera', 'Sofa', 'C:\\git\\experiments\\watkins2_part1\\berg.jpg'), ('Jacke', 'Trommel', 'C:\\git\\experiments\\watkins2_part1\\strand.jpg'), ('Flöte', 'Wolke', 'C:\\git\\experiments\\watkins2_part1\\strand.jpg', 'C:\\git\\experiments\\watkins2_part1\\strand.jpg'), ('Auto', 'Müll', 'C:\\git\\experiments\\watkins2_part1\\wald.jpg'), ('Locher', 'Tasse', 'C:\\git\\experiments\\watkins2_part1\\wald.jpg', 'C:\\git\\experiments\\watkins2_part1\\wald.jpg')]",441.87048249994405,449.86900099995546,449.8887272999855,449.88879429991357,449.90755309991073,,,449.90760579996277,None,None,,,441.87795629992615,116,2026-08-19_10h06.58.094,watkins2_part1,,2026.1.3,143.36321491096137,2,25,Weiblich,Muttersprache,Abitur,Anderes Studienfach,Bachelor,2026-08-19 10h06.58.943357 +0200,
16,0,16,0,,,,,,16,0,16,0,449.9134053000016,,,,,,,,,,,,,,,,,,,,,,,,,,,,449.90788839990273,450.3940858999267,,,,Staffelei,Dünger,,"['Staffelei', 'Dünger', 'C:\\git\\experiments\\watkins2_part1\\berg.jpg']",test,2,,,,,,,,,,,,449.90771759999916,449.907786799944,C:\git\experiments\watkins2_part1\berg.jpg,"[('Bett', 'Regen', 'C:\\git\\experiments\\watkins2_part1\\strand.jpg', 'C:\\git\\experiments\\watkins2_part1\\strand.jpg'), ('Tee', 'Lampe', 'C:\\git\\experiments\\watkins2_part1\\berg.jpg', 'C:\\git\\experiments\\watkins2_part1\\berg.jpg'), ('Mütze', 'Fernseher', 'C:\\git\\experiments\\watkins2_part1\\wald.jpg', 'C:\\git\\experiments\\watkins2_part1\\wald.jpg'), ('Schnee', 'Nichte', 'C:\\git\\experiments\\watkins2_part1\\wueste.jpg', 'C:\\git\\experiments\\watkins2_part1\\wueste.jpg'), ('Traube', 'Limonade', 'C:\\git\\experiments\\watkins2_part1\\wald.jpg', 'C:\\git\\experiments\\watkins2_part1\\wald.jpg'), ('Heft', 'Puzzle', 'C:\\git\\experiments\\watkins2_part1\\wald.jpg'), ('Teller', 'Großvater', 'C:\\git\\experiments\\watkins2_part1\\wueste.jpg'), ('Ball', 'Flugzeug', 'C:\\git\\experiments\\watkins2_part1\\wueste.jpg', 'C:\\git\\experiments\\watkins2_part1\\wueste.jpg'), ('Hammer', 'Mappe', 'C:\\git\\experiments\\watkins2_part1\\wueste.jpg', 'C:\\git\\experiments\\watkins2_part1\\wueste.jpg'), ('Katze', 'Topf', 'C:\\git\\experiments\\watkins2_part1\\strand.jpg'), ('Bohrer', 'Hemd', 'C:\\git\\experiments\\watkins2_part1\\wueste.jpg'), ('Joggen', 'Banane', 'C:\\git\\experiments\\watkins2_part1\\strand.jpg'), ('Laub', 'Schal', 'C:\\git\\experiments\\watkins2_part1\\berg.jpg'), ('Onkel', 'Beet', 'C:\\git\\experiments\\watkins2_part1\\wald.jpg'), ('Wind', 'Bus', 'C:\\git\\experiments\\watkins2_part1\\strand.jpg', 'C:\\git\\experiments\\watkins2_part1\\strand.jpg'), ('Fenster', 'Tennis', 'C:\\git\\experiments\\watkins2_part1\\wueste.jpg'), ('Staffelei', 'Dünger', 'C:\\git\\experiments\\watkins2_part1\\berg.jpg', 'C:\\git\\experiments\\watkins2_part1\\berg.jpg'), ('Birne', 'Goldfisch', 'C:\\git\\experiments\\watkins2_part1\\berg.jpg', 'C:\\git\\experiments\\watkins2_part1\\berg.jpg'), ('Rasen', 'Würfel', 'C:\\git\\experiments\\watkins2_part1\\berg.jpg'), ('Kamera', 'Sofa', 'C:\\git\\experiments\\watkins2_part1\\berg.jpg'), ('Jacke', 'Trommel', 'C:\\git\\experiments\\watkins2_part1\\strand.jpg'), ('Flöte', 'Wolke', 'C:\\git\\experiments\\watkins2_part1\\strand.jpg', 'C:\\git\\experiments\\watkins2_part1\\strand.jpg'), ('Auto', 'Müll', 'C:\\git\\experiments\\watkins2_part1\\wald.jpg'), ('Locher', 'Tasse', 'C:\\git\\experiments\\watkins2_part1\\wald.jpg', 'C:\\git\\experiments\\watkins2_part1\\wald.jpg')]",450.4245115999365,450.42455649992917,450.4577414999949,450.45778629998676,450.4902387999464,450.50117079995107,0,458.4588468999136,None,None,,,,116,2026-08-19_10h06.58.094,watkins2_part1,,2026.1.3,143.36321491096137,2,25,Weiblich,Muttersprache,Abitur,Anderes Studienfach,Bachelor,2026-08-19 10h06.58.943357 +0200,
17,0,17,0,,,,,,17,0,17,0,458.46561819990166,,,,,,,,,,,,,,,,,,,,,,,,,,,,458.45911329996306,458.94698599993717,,,,Birne,Goldfisch,,"['Birne', 'Goldfisch', 'C:\\git\\experiments\\watkins2_part1\\berg.jpg']",test,2,,,,,,,,,,,,458.4589604999637,458.4590127998963,C:\git\experiments\watkins2_part1\berg.jpg,"[('Bett', 'Regen', 'C:\\git\\experiments\\watkins2_part1\\strand.jpg', 'C:\\git\\experiments\\watkins2_part1\\strand.jpg'), ('Tee', 'Lampe', 'C:\\git\\experiments\\watkins2_part1\\berg.jpg', 'C:\\git\\experiments\\watkins2_part1\\berg.jpg'), ('Mütze', 'Fernseher', 'C:\\git\\experiments\\watkins2_part1\\wald.jpg', 'C:\\git\\experiments\\watkins2_part1\\wald.jpg'), ('Schnee', 'Nichte', 'C:\\git\\experiments\\watkins2_part1\\wueste.jpg', 'C:\\git\\experiments\\watkins2_part1\\wueste.jpg'), ('Traube', 'Limonade', 'C:\\git\\experiments\\watkins2_part1\\wald.jpg', 'C:\\git\\experiments\\watkins2_part1\\wald.jpg'), ('Heft', 'Puzzle', 'C:\\git\\experiments\\watkins2_part1\\wald.jpg'), ('Teller', 'Großvater', 'C:\\git\\experiments\\watkins2_part1\\wueste.jpg'), ('Ball', 'Flugzeug', 'C:\\git\\experiments\\watkins2_part1\\wueste.jpg', 'C:\\git\\experiments\\watkins2_part1\\wueste.jpg'), ('Hammer', 'Mappe', 'C:\\git\\experiments\\watkins2_part1\\wueste.jpg', 'C:\\git\\experiments\\watkins2_part1\\wueste.jpg'), ('Katze', 'Topf', 'C:\\git\\experiments\\watkins2_part1\\strand.jpg'), ('Bohrer', 'Hemd', 'C:\\git\\experiments\\watkins2_part1\\wueste.jpg'), ('Joggen', 'Banane', 'C:\\git\\experiments\\watkins2_part1\\strand.jpg'), ('Laub', 'Schal', 'C:\\git\\experiments\\watkins2_part1\\berg.jpg'), ('Onkel', 'Beet', 'C:\\git\\experiments\\watkins2_part1\\wald.jpg'), ('Wind', 'Bus', 'C:\\git\\experiments\\watkins2_part1\\strand.jpg', 'C:\\git\\experiments\\watkins2_part1\\strand.jpg'), ('Fenster', 'Tennis', 'C:\\git\\experiments\\watkins2_part1\\wueste.jpg'), ('Staffelei', 'Dünger', 'C:\\git\\experiments\\watkins2_part1\\berg.jpg', 'C:\\git\\experiments\\watkins2_part1\\berg.jpg'), ('Birne', 'Goldfisch', 'C:\\git\\experiments\\watkins2_part1\\berg.jpg', 'C:\\git\\experiments\\watkins2_part1\\berg.jpg'), ('Rasen', 'Würfel', 'C:\\git\\experiments\\watkins2_part1\\berg.jpg'), ('Kamera', 'Sofa', 'C:\\git\\experiments\\watkins2_part1\\berg.jpg'), ('Jacke', 'Trommel', 'C:\\git\\experiments\\watkins2_part1\\strand.jpg'), ('Flöte', 'Wolke', 'C:\\git\\experiments\\watkins2_part1\\strand.jpg', 'C:\\git\\experiments\\watkins2_part1\\strand.jpg'), ('Auto', 'Müll', 'C:\\git\\experiments\\watkins2_part1\\wald.jpg'), ('Locher', 'Tasse', 'C:\\git\\experiments\\watkins2_part1\\wald.jpg', 'C:\\git\\experiments\\watkins2_part1\\wald.jpg')]",458.9728522999212,458.9728959999047,459.00085519999266,459.0009002999868,459.0269954999676,459.0353655999061,0,467.00692979991436,None,None,,,,116,2026-08-19_10h06.58.094,watkins2_part1,,2026.1.3,143.36321491096137,2,25,Weiblich,Muttersprache,Abitur,Anderes Studienfach,Bachelor,2026-08-19 10h06.58.943357 +0200,
18,0,18,,,,,,,18,0,18,0,467.01374859991483,,,,,,,,,,,,,,,,,,,,,,,,,,,,467.0071995999897,467.49532669992186,,,,Rasen,Würfel,,"['Rasen', 'Würfel', 'C:\\git\\experiments\\watkins2_part1\\berg.jpg']",study_new,2,,,,,,,,,,,,467.00704469997436,467.0070972999092,C:\git\experiments\watkins2_part1\berg.jpg,"[('Bett', 'Regen', 'C:\\git\\experiments\\watkins2_part1\\strand.jpg', 'C:\\git\\experiments\\watkins2_part1\\strand.jpg'), ('Tee', 'Lampe', 'C:\\git\\experiments\\watkins2_part1\\berg.jpg', 'C:\\git\\experiments\\watkins2_part1\\berg.jpg'), ('Mütze', 'Fernseher', 'C:\\git\\experiments\\watkins2_part1\\wald.jpg', 'C:\\git\\experiments\\watkins2_part1\\wald.jpg'), ('Schnee', 'Nichte', 'C:\\git\\experiments\\watkins2_part1\\wueste.jpg', 'C:\\git\\experiments\\watkins2_part1\\wueste.jpg'), ('Traube', 'Limonade', 'C:\\git\\experiments\\watkins2_part1\\wald.jpg', 'C:\\git\\experiments\\watkins2_part1\\wald.jpg'), ('Heft', 'Puzzle', 'C:\\git\\experiments\\watkins2_part1\\wald.jpg'), ('Teller', 'Großvater', 'C:\\git\\experiments\\watkins2_part1\\wueste.jpg'), ('Ball', 'Flugzeug', 'C:\\git\\experiments\\watkins2_part1\\wueste.jpg', 'C:\\git\\experiments\\watkins2_part1\\wueste.jpg'), ('Hammer', 'Mappe', 'C:\\git\\experiments\\watkins2_part1\\wueste.jpg', 'C:\\git\\experiments\\watkins2_part1\\wueste.jpg'), ('Katze', 'Topf', 'C:\\git\\experiments\\watkins2_part1\\strand.jpg'), ('Bohrer', 'Hemd', 'C:\\git\\experiments\\watkins2_part1\\wueste.jpg'), ('Joggen', 'Banane', 'C:\\git\\experiments\\watkins2_part1\\strand.jpg'), ('Laub', 'Schal', 'C:\\git\\experiments\\watkins2_part1\\berg.jpg'), ('Onkel', 'Beet', 'C:\\git\\experiments\\watkins2_part1\\wald.jpg'), ('Wind', 'Bus', 'C:\\git\\experiments\\watkins2_part1\\strand.jpg', 'C:\\git\\experiments\\watkins2_part1\\strand.jpg'), ('Fenster', 'Tennis', 'C:\\git\\experiments\\watkins2_part1\\wueste.jpg'), ('Staffelei', 'Dünger', 'C:\\git\\experiments\\watkins2_part1\\berg.jpg', 'C:\\git\\experiments\\watkins2_part1\\berg.jpg'), ('Birne', 'Goldfisch', 'C:\\git\\experiments\\watkins2_part1\\berg.jpg', 'C:\\git\\experiments\\watkins2_part1\\berg.jpg'), ('Rasen', 'Würfel', 'C:\\git\\experiments\\watkins2_part1\\berg.jpg'), ('Kamera', 'Sofa', 'C:\\git\\experiments\\watkins2_part1\\berg.jpg'), ('Jacke', 'Trommel', 'C:\\git\\experiments\\watkins2_part1\\strand.jpg'), ('Flöte', 'Wolke', 'C:\\git\\experiments\\watkins2_part1\\strand.jpg', 'C:\\git\\experiments\\watkins2_part1\\strand.jpg'), ('Auto', 'Müll', 'C:\\git\\experiments\\watkins2_part1\\wald.jpg'), ('Locher', 'Tasse', 'C:\\git\\experiments\\watkins2_part1\\wald.jpg', 'C:\\git\\experiments\\watkins2_part1\\wald.jpg')]",467.5218201999087,475.51397599990014,475.5406246999046,475.5406690000091,475.5664224999491,,,475.5664794999175,None,None,,,467.52927349996753,116,2026-08-19_10h06.58.094,watkins2_part1,,2026.1.3,143.36321491096137,2,25,Weiblich,Muttersprache,Abitur,Anderes Studienfach,Bachelor,2026-08-19 10h06.58.943357 +0200,
19,0,19,,,,,,,19,0,19,0,475.5704025999876,,,,,,,,,,,,,,,,,,,,,,,,,,,,475.5667678999016,476.0495750999544,,,,Kamera,Sofa,,"['Kamera', 'Sofa', 'C:\\git\\experiments\\watkins2_part1\\berg.jpg']",study_new,2,,,,,,,,,,,,475.56659529998433,475.56666609994136,C:\git\experiments\watkins2_part1\berg.jpg,"[('Bett', 'Regen', 'C:\\git\\experiments\\watkins2_part1\\strand.jpg', 'C:\\git\\experiments\\watkins2_part1\\strand.jpg'), ('Tee', 'Lampe', 'C:\\git\\experiments\\watkins2_part1\\berg.jpg', 'C:\\git\\experiments\\watkins2_part1\\berg.jpg'), ('Mütze', 'Fernseher', 'C:\\git\\experiments\\watkins2_part1\\wald.jpg', 'C:\\git\\experiments\\watkins2_part1\\wald.jpg'), ('Schnee', 'Nichte', 'C:\\git\\experiments\\watkins2_part1\\wueste.jpg', 'C:\\git\\experiments\\watkins2_part1\\wueste.jpg'), ('Traube', 'Limonade', 'C:\\git\\experiments\\watkins2_part1\\wald.jpg', 'C:\\git\\experiments\\watkins2_part1\\wald.jpg'), ('Heft', 'Puzzle', 'C:\\git\\experiments\\watkins2_part1\\wald.jpg'), ('Teller', 'Großvater', 'C:\\git\\experiments\\watkins2_part1\\wueste.jpg'), ('Ball', 'Flugzeug', 'C:\\git\\experiments\\watkins2_part1\\wueste.jpg', 'C:\\git\\experiments\\watkins2_part1\\wueste.jpg'), ('Hammer', 'Mappe', 'C:\\git\\experiments\\watkins2_part1\\wueste.jpg', 'C:\\git\\experiments\\watkins2_part1\\wueste.jpg'), ('Katze', 'Topf', 'C:\\git\\experiments\\watkins2_part1\\strand.jpg'), ('Bohrer', 'Hemd', 'C:\\git\\experiments\\watkins2_part1\\wueste.jpg'), ('Joggen', 'Banane', 'C:\\git\\experiments\\watkins2_part1\\strand.jpg'), ('Laub', 'Schal', 'C:\\git\\experiments\\watkins2_part1\\berg.jpg'), ('Onkel', 'Beet', 'C:\\git\\experiments\\watkins2_part1\\wald.jpg'), ('Wind', 'Bus', 'C:\\git\\experiments\\watkins2_part1\\strand.jpg', 'C:\\git\\experiments\\watkins2_part1\\strand.jpg'), ('Fenster', 'Tennis', 'C:\\git\\experiments\\watkins2_part1\\wueste.jpg'), ('Staffelei', 'Dünger', 'C:\\git\\experiments\\watkins2_part1\\berg.jpg', 'C:\\git\\experiments\\watkins2_part1\\berg.jpg'), ('Birne', 'Goldfisch', 'C:\\git\\experiments\\watkins2_part1\\berg.jpg', 'C:\\git\\experiments\\watkins2_part1\\berg.jpg'), ('Rasen', 'Würfel', 'C:\\git\\experiments\\watkins2_part1\\berg.jpg'), ('Kamera', 'Sofa', 'C:\\git\\experiments\\watkins2_part1\\berg.jpg'), ('Jacke', 'Trommel', 'C:\\git\\experiments\\watkins2_part1\\strand.jpg'), ('Flöte', 'Wolke', 'C:\\git\\experiments\\watkins2_part1\\strand.jpg', 'C:\\git\\experiments\\watkins2_part1\\strand.jpg'), ('Auto', 'Müll', 'C:\\git\\experiments\\watkins2_part1\\wald.jpg'), ('Locher', 'Tasse', 'C:\\git\\experiments\\watkins2_part1\\wald.jpg', 'C:\\git\\experiments\\watkins2_part1\\wald.jpg')]",476.0742665999569,484.0712573999772,484.0975116000045,484.0975558999926,484.1227489999728,,,484.12280689994805,None,None,,,476.08172349992674,116,2026-08-19_10h06.58.094,watkins2_part1,,2026.1.3,143.36321491096137,2,25,Weiblich,Muttersprache,Abitur,Anderes Studienfach,Bachelor,2026-08-19 10h06.58.943357 +0200,
20,0,20,,,,,,,20,0,20,0,484.1266185999848,,,,,,,,,,,,,,,,,,,,,,,,,,,,484.12309409992304,484.6117999999551,,,,Jacke,Trommel,,"['Jacke', 'Trommel', 'C:\\git\\experiments\\watkins2_part1\\strand.jpg']",study_new,2,,,,,,,,,,,,484.1229247999145,484.12299449997954,C:\git\experiments\watkins2_part1\strand.jpg,"[('Bett', 'Regen', 'C:\\git\\experiments\\watkins2_part1\\strand.jpg', 'C:\\git\\experiments\\watkins2_part1\\strand.jpg'), ('Tee', 'Lampe', 'C:\\git\\experiments\\watkins2_part1\\berg.jpg', 'C:\\git\\experiments\\watkins2_part1\\berg.jpg'), ('Mütze', 'Fernseher', 'C:\\git\\experiments\\watkins2_part1\\wald.jpg', 'C:\\git\\experiments\\watkins2_part1\\wald.jpg'), ('Schnee', 'Nichte', 'C:\\git\\experiments\\watkins2_part1\\wueste.jpg', 'C:\\git\\experiments\\watkins2_part1\\wueste.jpg'), ('Traube', 'Limonade', 'C:\\git\\experiments\\watkins2_part1\\wald.jpg', 'C:\\git\\experiments\\watkins2_part1\\wald.jpg'), ('Heft', 'Puzzle', 'C:\\git\\experiments\\watkins2_part1\\wald.jpg'), ('Teller', 'Großvater', 'C:\\git\\experiments\\watkins2_part1\\wueste.jpg'), ('Ball', 'Flugzeug', 'C:\\git\\experiments\\watkins2_part1\\wueste.jpg', 'C:\\git\\experiments\\watkins2_part1\\wueste.jpg'), ('Hammer', 'Mappe', 'C:\\git\\experiments\\watkins2_part1\\wueste.jpg', 'C:\\git\\experiments\\watkins2_part1\\wueste.jpg'), ('Katze', 'Topf', 'C:\\git\\experiments\\watkins2_part1\\strand.jpg'), ('Bohrer', 'Hemd', 'C:\\git\\experiments\\watkins2_part1\\wueste.jpg'), ('Joggen', 'Banane', 'C:\\git\\experiments\\watkins2_part1\\strand.jpg'), ('Laub', 'Schal', 'C:\\git\\experiments\\watkins2_part1\\berg.jpg'), ('Onkel', 'Beet', 'C:\\git\\experiments\\watkins2_part1\\wald.jpg'), ('Wind', 'Bus', 'C:\\git\\experiments\\watkins2_part1\\strand.jpg', 'C:\\git\\experiments\\watkins2_part1\\strand.jpg'), ('Fenster', 'Tennis', 'C:\\git\\experiments\\watkins2_part1\\wueste.jpg'), ('Staffelei', 'Dünger', 'C:\\git\\experiments\\watkins2_part1\\berg.jpg', 'C:\\git\\experiments\\watkins2_part1\\berg.jpg'), ('Birne', 'Goldfisch', 'C:\\git\\experiments\\watkins2_part1\\berg.jpg', 'C:\\git\\experiments\\watkins2_part1\\berg.jpg'), ('Rasen', 'Würfel', 'C:\\git\\experiments\\watkins2_part1\\berg.jpg'), ('Kamera', 'Sofa', 'C:\\git\\experiments\\watkins2_part1\\berg.jpg'), ('Jacke', 'Trommel', 'C:\\git\\experiments\\watkins2_part1\\strand.jpg'), ('Flöte', 'Wolke', 'C:\\git\\experiments\\watkins2_part1\\strand.jpg', 'C:\\git\\experiments\\watkins2_part1\\strand.jpg'), ('Auto', 'Müll', 'C:\\git\\experiments\\watkins2_part1\\wald.jpg'), ('Locher', 'Tasse', 'C:\\git\\experiments\\watkins2_part1\\wald.jpg', 'C:\\git\\experiments\\watkins2_part1\\wald.jpg')]",484.62686499999836,492.62568109994754,492.63986499991734,492.63991049991455,492.6543979999842,,,492.65445139992516,None,None,,,484.6334089000011,116,2026-08-19_10h06.58.094,watkins2_part1,,2026.1.3,143.36321491096137,2,25,Weiblich,Muttersprache,Abitur,Anderes Studienfach,Bachelor,2026-08-19 10h06.58.943357 +0200,
21,0,21,0,,,,,,21,0,21,0,492.65947949991096,,,,,,,,,,,,,,,,,,,,,,,,,,,,492.65473629999906,493.14354429999366,,,,Flöte,Wolke,,"['Flöte', 'Wolke', 'C:\\git\\experiments\\watkins2_part1\\strand.jpg']",test,2,,,,,,,,,,,,492.6545669999905,492.65463559993077,C:\git\experiments\watkins2_part1\strand.jpg,"[('Bett', 'Regen', 'C:\\git\\experiments\\watkins2_part1\\strand.jpg', 'C:\\git\\experiments\\watkins2_part1\\strand.jpg'), ('Tee', 'Lampe', 'C:\\git\\experiments\\watkins2_part1\\berg.jpg', 'C:\\git\\experiments\\watkins2_part1\\berg.jpg'), ('Mütze', 'Fernseher', 'C:\\git\\experiments\\watkins2_part1\\wald.jpg', 'C:\\git\\experiments\\watkins2_part1\\wald.jpg'), ('Schnee', 'Nichte', 'C:\\git\\experiments\\watkins2_part1\\wueste.jpg', 'C:\\git\\experiments\\watkins2_part1\\wueste.jpg'), ('Traube', 'Limonade', 'C:\\git\\experiments\\watkins2_part1\\wald.jpg', 'C:\\git\\experiments\\watkins2_part1\\wald.jpg'), ('Heft', 'Puzzle', 'C:\\git\\experiments\\watkins2_part1\\wald.jpg'), ('Teller', 'Großvater', 'C:\\git\\experiments\\watkins2_part1\\wueste.jpg'), ('Ball', 'Flugzeug', 'C:\\git\\experiments\\watkins2_part1\\wueste.jpg', 'C:\\git\\experiments\\watkins2_part1\\wueste.jpg'), ('Hammer', 'Mappe', 'C:\\git\\experiments\\watkins2_part1\\wueste.jpg', 'C:\\git\\experiments\\watkins2_part1\\wueste.jpg'), ('Katze', 'Topf', 'C:\\git\\experiments\\watkins2_part1\\strand.jpg'), ('Bohrer', 'Hemd', 'C:\\git\\experiments\\watkins2_part1\\wueste.jpg'), ('Joggen', 'Banane', 'C:\\git\\experiments\\watkins2_part1\\strand.jpg'), ('Laub', 'Schal', 'C:\\git\\experiments\\watkins2_part1\\berg.jpg'), ('Onkel', 'Beet', 'C:\\git\\experiments\\watkins2_part1\\wald.jpg'), ('Wind', 'Bus', 'C:\\git\\experiments\\watkins2_part1\\strand.jpg', 'C:\\git\\experiments\\watkins2_part1\\strand.jpg'), ('Fenster', 'Tennis', 'C:\\git\\experiments\\watkins2_part1\\wueste.jpg'), ('Staffelei', 'Dünger', 'C:\\git\\experiments\\watkins2_part1\\berg.jpg', 'C:\\git\\experiments\\watkins2_part1\\berg.jpg'), ('Birne', 'Goldfisch', 'C:\\git\\experiments\\watkins2_part1\\berg.jpg', 'C:\\git\\experiments\\watkins2_part1\\berg.jpg'), ('Rasen', 'Würfel', 'C:\\git\\experiments\\watkins2_part1\\berg.jpg'), ('Kamera', 'Sofa', 'C:\\git\\experiments\\watkins2_part1\\berg.jpg'), ('Jacke', 'Trommel', 'C:\\git\\experiments\\watkins2_part1\\strand.jpg'), ('Flöte', 'Wolke', 'C:\\git\\experiments\\watkins2_part1\\strand.jpg', 'C:\\git\\experiments\\watkins2_part1\\strand.jpg'), ('Auto', 'Müll', 'C:\\git\\experiments\\watkins2_part1\\wald.jpg'), ('Locher', 'Tasse', 'C:\\git\\experiments\\watkins2_part1\\wald.jpg', 'C:\\git\\experiments\\watkins2_part1\\wald.jpg')]",493.15595909999683,493.1560031999834,493.1686468999833,493.1686912999721,493.1800734999124,493.18915589991957,0,501.17369679990225,None,None,,,,116,2026-08-19_10h06.58.094,watkins2_part1,,2026.1.3,143.36321491096137,2,25,Weiblich,Muttersprache,Abitur,Anderes Studienfach,Bachelor,2026-08-19 10h06.58.943357 +0200,
22,0,22,,,,,,,22,0,22,0,501.18051139998715,,,,,,,,,,,,,,,,,,,,,,,,,,,,501.1739630999509,501.6618436999852,,,,Auto,Müll,,"['Auto', 'Müll', 'C:\\git\\experiments\\watkins2_part1\\wald.jpg']",study_new,2,,,,,,,,,,,,501.17381059995387,501.1738631000044,C:\git\experiments\watkins2_part1\wald.jpg,"[('Bett', 'Regen', 'C:\\git\\experiments\\watkins2_part1\\strand.jpg', 'C:\\git\\experiments\\watkins2_part1\\strand.jpg'), ('Tee', 'Lampe', 'C:\\git\\experiments\\watkins2_part1\\berg.jpg', 'C:\\git\\experiments\\watkins2_part1\\berg.jpg'), ('Mütze', 'Fernseher', 'C:\\git\\experiments\\watkins2_part1\\wald.jpg', 'C:\\git\\experiments\\watkins2_part1\\wald.jpg'), ('Schnee', 'Nichte', 'C:\\git\\experiments\\watkins2_part1\\wueste.jpg', 'C:\\git\\experiments\\watkins2_part1\\wueste.jpg'), ('Traube', 'Limonade', 'C:\\git\\experiments\\watkins2_part1\\wald.jpg', 'C:\\git\\experiments\\watkins2_part1\\wald.jpg'), ('Heft', 'Puzzle', 'C:\\git\\experiments\\watkins2_part1\\wald.jpg'), ('Teller', 'Großvater', 'C:\\git\\experiments\\watkins2_part1\\wueste.jpg'), ('Ball', 'Flugzeug', 'C:\\git\\experiments\\watkins2_part1\\wueste.jpg', 'C:\\git\\experiments\\watkins2_part1\\wueste.jpg'), ('Hammer', 'Mappe', 'C:\\git\\experiments\\watkins2_part1\\wueste.jpg', 'C:\\git\\experiments\\watkins2_part1\\wueste.jpg'), ('Katze', 'Topf', 'C:\\git\\experiments\\watkins2_part1\\strand.jpg'), ('Bohrer', 'Hemd', 'C:\\git\\experiments\\watkins2_part1\\wueste.jpg'), ('Joggen', 'Banane', 'C:\\git\\experiments\\watkins2_part1\\strand.jpg'), ('Laub', 'Schal', 'C:\\git\\experiments\\watkins2_part1\\berg.jpg'), ('Onkel', 'Beet', 'C:\\git\\experiments\\watkins2_part1\\wald.jpg'), ('Wind', 'Bus', 'C:\\git\\experiments\\watkins2_part1\\strand.jpg', 'C:\\git\\experiments\\watkins2_part1\\strand.jpg'), ('Fenster', 'Tennis', 'C:\\git\\experiments\\watkins2_part1\\wueste.jpg'), ('Staffelei', 'Dünger', 'C:\\git\\experiments\\watkins2_part1\\berg.jpg', 'C:\\git\\experiments\\watkins2_part1\\berg.jpg'), ('Birne', 'Goldfisch', 'C:\\git\\experiments\\watkins2_part1\\berg.jpg', 'C:\\git\\experiments\\watkins2_part1\\berg.jpg'), ('Rasen', 'Würfel', 'C:\\git\\experiments\\watkins2_part1\\berg.jpg'), ('Kamera', 'Sofa', 'C:\\git\\experiments\\watkins2_part1\\berg.jpg'), ('Jacke', 'Trommel', 'C:\\git\\experiments\\watkins2_part1\\strand.jpg'), ('Flöte', 'Wolke', 'C:\\git\\experiments\\watkins2_part1\\strand.jpg', 'C:\\git\\experiments\\watkins2_part1\\strand.jpg'), ('Auto', 'Müll', 'C:\\git\\experiments\\watkins2_part1\\wald.jpg'), ('Locher', 'Tasse', 'C:\\git\\experiments\\watkins2_part1\\wald.jpg', 'C:\\git\\experiments\\watkins2_part1\\wald.jpg')]",501.68290099990554,509.6780739999376,509.69722490001004,509.6972712998977,509.71822539996356,,,509.7182798999129,None,None,,,501.68765149998944,116,2026-08-19_10h06.58.094,watkins2_part1,,2026.1.3,143.36321491096137,2,25,Weiblich,Muttersprache,Abitur,Anderes Studienfach,Bachelor,2026-08-19 10h06.58.943357 +0200,
23,0,23,0,,,,,,23,0,23,0,509.72351589996833,,,,,,,,,,,,,,,,,,,,,,,,,,,,509.7185662999982,510.20335129997693,,,,Locher,Tasse,,"['Locher', 'Tasse', 'C:\\git\\experiments\\watkins2_part1\\wald.jpg']",test,2,,,,,,,,,,,,509.7183946999721,509.7184656999307,C:\git\experiments\watkins2_part1\wald.jpg,"[('Bett', 'Regen', 'C:\\git\\experiments\\watkins2_part1\\strand.jpg', 'C:\\git\\experiments\\watkins2_part1\\strand.jpg'), ('Tee', 'Lampe', 'C:\\git\\experiments\\watkins2_part1\\berg.jpg', 'C:\\git\\experiments\\watkins2_part1\\berg.jpg'), ('Mütze', 'Fernseher', 'C:\\git\\experiments\\watkins2_part1\\wald.jpg', 'C:\\git\\experiments\\watkins2_part1\\wald.jpg'), ('Schnee', 'Nichte', 'C:\\git\\experiments\\watkins2_part1\\wueste.jpg', 'C:\\git\\experiments\\watkins2_part1\\wueste.jpg'), ('Traube', 'Limonade', 'C:\\git\\experiments\\watkins2_part1\\wald.jpg', 'C:\\git\\experiments\\watkins2_part1\\wald.jpg'), ('Heft', 'Puzzle', 'C:\\git\\experiments\\watkins2_part1\\wald.jpg'), ('Teller', 'Großvater', 'C:\\git\\experiments\\watkins2_part1\\wueste.jpg'), ('Ball', 'Flugzeug', 'C:\\git\\experiments\\watkins2_part1\\wueste.jpg', 'C:\\git\\experiments\\watkins2_part1\\wueste.jpg'), ('Hammer', 'Mappe', 'C:\\git\\experiments\\watkins2_part1\\wueste.jpg', 'C:\\git\\experiments\\watkins2_part1\\wueste.jpg'), ('Katze', 'Topf', 'C:\\git\\experiments\\watkins2_part1\\strand.jpg'), ('Bohrer', 'Hemd', 'C:\\git\\experiments\\watkins2_part1\\wueste.jpg'), ('Joggen', 'Banane', 'C:\\git\\experiments\\watkins2_part1\\strand.jpg'), ('Laub', 'Schal', 'C:\\git\\experiments\\watkins2_part1\\berg.jpg'), ('Onkel', 'Beet', 'C:\\git\\experiments\\watkins2_part1\\wald.jpg'), ('Wind', 'Bus', 'C:\\git\\experiments\\watkins2_part1\\strand.jpg', 'C:\\git\\experiments\\watkins2_part1\\strand.jpg'), ('Fenster', 'Tennis', 'C:\\git\\experiments\\watkins2_part1\\wueste.jpg'), ('Staffelei', 'Dünger', 'C:\\git\\experiments\\watkins2_part1\\berg.jpg', 'C:\\git\\experiments\\watkins2_part1\\berg.jpg'), ('Birne', 'Goldfisch', 'C:\\git\\experiments\\watkins2_part1\\berg.jpg', 'C:\\git\\experiments\\watkins2_part1\\berg.jpg'), ('Rasen', 'Würfel', 'C:\\git\\experiments\\watkins2_part1\\berg.jpg'), ('Kamera', 'Sofa', 'C:\\git\\experiments\\watkins2_part1\\berg.jpg'), ('Jacke', 'Trommel', 'C:\\git\\experiments\\watkins2_part1\\strand.jpg'), ('Flöte', 'Wolke', 'C:\\git\\experiments\\watkins2_part1\\strand.jpg', 'C:\\git\\experiments\\watkins2_part1\\strand.jpg'), ('Auto', 'Müll', 'C:\\git\\experiments\\watkins2_part1\\wald.jpg'), ('Locher', 'Tasse', 'C:\\git\\experiments\\watkins2_part1\\wald.jpg', 'C:\\git\\experiments\\watkins2_part1\\wald.jpg')]",510.2216908999253,510.22173579991795,510.2402876999695,510.24033359996974,510.25906839990057,510.2671749999281,0,518.24269549991,None,None,,,,116,2026-08-19_10h06.58.094,watkins2_part1,,2026.1.3,143.36321491096137,2,25,Weiblich,Muttersprache,Abitur,Anderes Studienfach,Bachelor,2026-08-19 10h06.58.943357 +0200,
