thisN,thisTrialN,thisRepN,textbox_target.text,trials_1.thisRepN,trials_1.thisTrialN,trials_1.thisN,trials_1.thisIndex,trials_2.thisRepN,trials_2.thisTrialN,trials_2.thisN,trials_2.thisIndex,thisRow.t,notes,piloting,code_marius.started,code_marius.stopped,welcome.started,welcome.stopped,code_generator.started,letter_mother.started,textbox_mother.started,letter_father.started,textbox_father.started,letter_month.started,textbox_month.started,letter_place.started,textbox_place.started,letter_bday.started,textbox_bday.started,code_generator.stopped,code,instruction_study.started,wüste_0.started,strand_0.started,wald_0.started,berg_0.started,instruction_study.stopped,fixationcross.started,fixationcross.stopped,blanc.started,blanc.stopped,study.started,context_1.started,study.stopped,cue,target,image1,stimuli,task,condition,liste_phase1,thanks_vorgezogen.started,image_animal_2.started,thanks_vorgezogen.stopped,instruction_restudy.started,instruction_restudy.stopped,practice_test.started,practice_test.stopped,practice_target,Textbox_Umlauttest.text,code_defineWordsInit.started,code_defineWordsInit.stopped,image2,liste_phase2,study_new.started,context_new.started,study_new.stopped,restudy.started,restudy.stopped,test.started,test.stopped,firstKeyTime,secondWordTime,trials_2.textbox_target.text,recalled_target,context_restudy.started,key_resp_8.started,image_animal.started,key_resp_8.keys,key_resp_8.rt,key_resp_8.duration,participant,date,expName,expVersion,psychopyVersion,frameRate,condition,age,gender,native_language,highest_degree,major,target_major,expStart,
,,,,,,,,,,,,,,False,0.006761100026778877,0.006822200026363134,,,,,,,,,,,,,,,,,,,,,,,,,,,,,,,,,,3,,,,,,,,,,,,,,,,,,,,,,,,,,,,,,,,127,2026-08-21_15h12.05.708,watkins2_part1,,2026.1.3,143.20020974272663,3,22,Weiblich,Muttersprache,Abitur,Psychologie,Bachelor,2026-08-21 15h12.06.277279 +0200,
,,,,,,,,,,,,,,,,,0.007151800091378391,10.670017200056463,,,,,,,,,,,,,,,,,,,,,,,,,,,,,,,,3,,,,,,,,,,,,,,,,,,,,,,,,,,,,,,,,127,2026-08-21_15h12.05.708,watkins2_part1,,2026.1.3,143.20020974272663,3,22,Weiblich,Muttersprache,Abitur,Psychologie,Bachelor,2026-08-21 15h12.06.277279 +0200,
,,,,,,,,,,,,,,,,,,,10.6707656000508,10.690225500031374,10.690225500031374,10.690225500031374,10.690225500031374,10.690225500031374,10.690225500031374,10.690225500031374,10.690225500031374,10.690225500031374,10.690225500031374,51.71876680001151,SORE27,,,,,,,,,,,,,,,,,,,3,,,,,,,,,,,,,,,,,,,,,,,,,,,,,,,,127,2026-08-21_15h12.05.708,watkins2_part1,,2026.1.3,143.20020974272663,3,22,Weiblich,Muttersprache,Abitur,Psychologie,Bachelor,2026-08-21 15h12.06.277279 +0200,
,,,,,,,,,,,,,,,,,,,,,,,,,,,,,,,,,,,,,,,,,,,,,,,,,,3,,,,,,,,,,,,,,,,,,,,,,,,,,,,,,,,127,2026-08-21_15h12.05.708,watkins2_part1,,2026.1.3,143.20020974272663,3,22,Weiblich,Muttersprache,Abitur,Psychologie,Bachelor,2026-08-21 15h12.06.277279 +0200,
,,,,,,,,,,,,,,,,,,,,,,,,,,,,,,,,51.71887350000907,51.747068600030616,51.747068600030616,51.747068600030616,51.747068600030616,77.49732810002752,,,,,,,,,,,,,3,,,,,,,,,,,,,,,,,,,,,,,,,,,,,,,,127,2026-08-21_15h12.05.708,watkins2_part1,,2026.1.3,143.20020974272663,3,22,Weiblich,Muttersprache,Abitur,Psychologie,Bachelor,2026-08-21 15h12.06.277279 +0200,
,,,,,,,,,,,,,,,,,,,,,,,,,,,,,,,,,,,,,,77.49736150004901,78.48700770002324,,,,,,,,,,,3,,,,,,,,,,,,,,,,,,,,,,,,,,,,,,,,127,2026-08-21_15h12.05.708,watkins2_part1,,2026.1.3,143.20020974272663,3,22,Weiblich,Muttersprache,Abitur,Psychologie,Bachelor,2026-08-21 15h12.06.277279 +0200,
0,0,0,,0,0,0,0,,,,,78.49384560005274,,,,,,,,,,,,,,,,,,,,,,,,,,,,78.48730670008808,78.98190610005986,78.99650370003656,79.00086320005357,87.0020635999972,Tee,Lampe,C:\git\experiments\watkins2_part1\strand.jpg,"['Tee', 'Lampe', 'C:\\git\\experiments\\watkins2_part1\\strand.jpg']",restudy_diff,3,"[('Tee', 'Lampe', 'C:\\git\\experiments\\watkins2_part1\\strand.jpg', 'C:\\git\\experiments\\watkins2_part1\\wald.jpg'), ('Flöte', 'Wolke', 'C:\\git\\experiments\\watkins2_part1\\wald.jpg'), ('Birne', 'Goldfisch', 'C:\\git\\experiments\\watkins2_part1\\berg.jpg', 'C:\\git\\experiments\\watkins2_part1\\strand.jpg'), ('Bett', 'Regen', 'C:\\git\\experiments\\watkins2_part1\\wueste.jpg'), ('Kaffee', 'Skulptur', 'C:\\git\\experiments\\watkins2_part1\\wald.jpg', 'C:\\git\\experiments\\watkins2_part1\\wueste.jpg'), ('Matsch', 'Zange', 'C:\\git\\experiments\\watkins2_part1\\strand.jpg', 'C:\\git\\experiments\\watkins2_part1\\berg.jpg'), ('Joggen', 'Banane', 'C:\\git\\experiments\\watkins2_part1\\strand.jpg', 'C:\\git\\experiments\\watkins2_part1\\wueste.jpg'), ('Schnee', 'Nichte', 'C:\\git\\experiments\\watkins2_part1\\wald.jpg'), ('Teller', 'Großvater', 'C:\\git\\experiments\\watkins2_part1\\strand.jpg'), ('Computer', 'Schwimmen', 'C:\\git\\experiments\\watkins2_part1\\strand.jpg'), ('Traube', 'Limonade', 'C:\\git\\experiments\\watkins2_part1\\berg.jpg', 'C:\\git\\experiments\\watkins2_part1\\wueste.jpg'), ('Löffel', 'Orange', 'C:\\git\\experiments\\watkins2_part1\\wueste.jpg'), ('Kamera', 'Sofa', 'C:\\git\\experiments\\watkins2_part1\\wueste.jpg', 'C:\\git\\experiments\\watkins2_part1\\berg.jpg'), ('Laub', 'Schal', 'C:\\git\\experiments\\watkins2_part1\\wueste.jpg', 'C:\\git\\experiments\\watkins2_part1\\strand.jpg'), ('Fahrrad', 'Säge', 'C:\\git\\experiments\\watkins2_part1\\wald.jpg', 'C:\\git\\experiments\\watkins2_part1\\berg.jpg'), ('Bohrer', 'Hemd', 'C:\\git\\experiments\\watkins2_part1\\strand.jpg'), ('Katze', 'Topf', 'C:\\git\\experiments\\watkins2_part1\\berg.jpg'), ('Ball', 'Flugzeug', 'C:\\git\\experiments\\watkins2_part1\\wald.jpg'), ('Hammer', 'Mappe', 'C:\\git\\experiments\\watkins2_part1\\berg.jpg'), ('Staffelei', 'Dünger', 'C:\\git\\experiments\\watkins2_part1\\wald.jpg', 'C:\\git\\experiments\\watkins2_part1\\strand.jpg'), ('Locher', 'Tasse', 'C:\\git\\experiments\\watkins2_part1\\wueste.jpg', 'C:\\git\\experiments\\watkins2_part1\\wald.jpg'), ('Wind', 'Bus', 'C:\\git\\experiments\\watkins2_part1\\wueste.jpg'), ('Jacke', 'Trommel', 'C:\\git\\experiments\\watkins2_part1\\berg.jpg', 'C:\\git\\experiments\\watkins2_part1\\wald.jpg'), ('Rasen', 'Würfel', 'C:\\git\\experiments\\watkins2_part1\\berg.jpg')]",,,,,,,,,,,,,,,,,,,,,,,,,,,,,,,127,2026-08-21_15h12.05.708,watkins2_part1,,2026.1.3,143.20020974272663,3,22,Weiblich,Muttersprache,Abitur,Psychologie,Bachelor,2026-08-21 15h12.06.277279 +0200,
1,0,1,,1,0,1,0,,,,,87.00896120001562,,,,,,,,,,,,,,,,,,,,,,,,,,,,87.00225550006144,87.48999070003629,87.51231820008252,87.51503340003546,95.50802840001415,Flöte,Wolke,C:\git\experiments\watkins2_part1\wald.jpg,"['Flöte', 'Wolke', 'C:\\git\\experiments\\watkins2_part1\\wald.jpg']",study,3,"[('Tee', 'Lampe', 'C:\\git\\experiments\\watkins2_part1\\strand.jpg', 'C:\\git\\experiments\\watkins2_part1\\wald.jpg'), ('Flöte', 'Wolke', 'C:\\git\\experiments\\watkins2_part1\\wald.jpg'), ('Birne', 'Goldfisch', 'C:\\git\\experiments\\watkins2_part1\\berg.jpg', 'C:\\git\\experiments\\watkins2_part1\\strand.jpg'), ('Bett', 'Regen', 'C:\\git\\experiments\\watkins2_part1\\wueste.jpg'), ('Kaffee', 'Skulptur', 'C:\\git\\experiments\\watkins2_part1\\wald.jpg', 'C:\\git\\experiments\\watkins2_part1\\wueste.jpg'), ('Matsch', 'Zange', 'C:\\git\\experiments\\watkins2_part1\\strand.jpg', 'C:\\git\\experiments\\watkins2_part1\\berg.jpg'), ('Joggen', 'Banane', 'C:\\git\\experiments\\watkins2_part1\\strand.jpg', 'C:\\git\\experiments\\watkins2_part1\\wueste.jpg'), ('Schnee', 'Nichte', 'C:\\git\\experiments\\watkins2_part1\\wald.jpg'), ('Teller', 'Großvater', 'C:\\git\\experiments\\watkins2_part1\\strand.jpg'), ('Computer', 'Schwimmen', 'C:\\git\\experiments\\watkins2_part1\\strand.jpg'), ('Traube', 'Limonade', 'C:\\git\\experiments\\watkins2_part1\\berg.jpg', 'C:\\git\\experiments\\watkins2_part1\\wueste.jpg'), ('Löffel', 'Orange', 'C:\\git\\experiments\\watkins2_part1\\wueste.jpg'), ('Kamera', 'Sofa', 'C:\\git\\experiments\\watkins2_part1\\wueste.jpg', 'C:\\git\\experiments\\watkins2_part1\\berg.jpg'), ('Laub', 'Schal', 'C:\\git\\experiments\\watkins2_part1\\wueste.jpg', 'C:\\git\\experiments\\watkins2_part1\\strand.jpg'), ('Fahrrad', 'Säge', 'C:\\git\\experiments\\watkins2_part1\\wald.jpg', 'C:\\git\\experiments\\watkins2_part1\\berg.jpg'), ('Bohrer', 'Hemd', 'C:\\git\\experiments\\watkins2_part1\\strand.jpg'), ('Katze', 'Topf', 'C:\\git\\experiments\\watkins2_part1\\berg.jpg'), ('Ball', 'Flugzeug', 'C:\\git\\experiments\\watkins2_part1\\wald.jpg'), ('Hammer', 'Mappe', 'C:\\git\\experiments\\watkins2_part1\\berg.jpg'), ('Staffelei', 'Dünger', 'C:\\git\\experiments\\watkins2_part1\\wald.jpg', 'C:\\git\\experiments\\watkins2_part1\\strand.jpg'), ('Locher', 'Tasse', 'C:\\git\\experiments\\watkins2_part1\\wueste.jpg', 'C:\\git\\experiments\\watkins2_part1\\wald.jpg'), ('Wind', 'Bus', 'C:\\git\\experiments\\watkins2_part1\\wueste.jpg'), ('Jacke', 'Trommel', 'C:\\git\\experiments\\watkins2_part1\\berg.jpg', 'C:\\git\\experiments\\watkins2_part1\\wald.jpg'), ('Rasen', 'Würfel', 'C:\\git\\experiments\\watkins2_part1\\berg.jpg')]",,,,,,,,,,,,,,,,,,,,,,,,,,,,,,,127,2026-08-21_15h12.05.708,watkins2_part1,,2026.1.3,143.20020974272663,3,22,Weiblich,Muttersprache,Abitur,Psychologie,Bachelor,2026-08-21 15h12.06.277279 +0200,
2,0,2,,2,0,2,0,,,,,95.51493130007293,,,,,,,,,,,,,,,,,,,,,,,,,,,,95.50821780005936,95.996034800075,96.03094640001655,96.03433290007524,104.01238760002889,Birne,Goldfisch,C:\git\experiments\watkins2_part1\berg.jpg,"['Birne', 'Goldfisch', 'C:\\git\\experiments\\watkins2_part1\\berg.jpg']",restudy_diff,3,"[('Tee', 'Lampe', 'C:\\git\\experiments\\watkins2_part1\\strand.jpg', 'C:\\git\\experiments\\watkins2_part1\\wald.jpg'), ('Flöte', 'Wolke', 'C:\\git\\experiments\\watkins2_part1\\wald.jpg'), ('Birne', 'Goldfisch', 'C:\\git\\experiments\\watkins2_part1\\berg.jpg', 'C:\\git\\experiments\\watkins2_part1\\strand.jpg'), ('Bett', 'Regen', 'C:\\git\\experiments\\watkins2_part1\\wueste.jpg'), ('Kaffee', 'Skulptur', 'C:\\git\\experiments\\watkins2_part1\\wald.jpg', 'C:\\git\\experiments\\watkins2_part1\\wueste.jpg'), ('Matsch', 'Zange', 'C:\\git\\experiments\\watkins2_part1\\strand.jpg', 'C:\\git\\experiments\\watkins2_part1\\berg.jpg'), ('Joggen', 'Banane', 'C:\\git\\experiments\\watkins2_part1\\strand.jpg', 'C:\\git\\experiments\\watkins2_part1\\wueste.jpg'), ('Schnee', 'Nichte', 'C:\\git\\experiments\\watkins2_part1\\wald.jpg'), ('Teller', 'Großvater', 'C:\\git\\experiments\\watkins2_part1\\strand.jpg'), ('Computer', 'Schwimmen', 'C:\\git\\experiments\\watkins2_part1\\strand.jpg'), ('Traube', 'Limonade', 'C:\\git\\experiments\\watkins2_part1\\berg.jpg', 'C:\\git\\experiments\\watkins2_part1\\wueste.jpg'), ('Löffel', 'Orange', 'C:\\git\\experiments\\watkins2_part1\\wueste.jpg'), ('Kamera', 'Sofa', 'C:\\git\\experiments\\watkins2_part1\\wueste.jpg', 'C:\\git\\experiments\\watkins2_part1\\berg.jpg'), ('Laub', 'Schal', 'C:\\git\\experiments\\watkins2_part1\\wueste.jpg', 'C:\\git\\experiments\\watkins2_part1\\strand.jpg'), ('Fahrrad', 'Säge', 'C:\\git\\experiments\\watkins2_part1\\wald.jpg', 'C:\\git\\experiments\\watkins2_part1\\berg.jpg'), ('Bohrer', 'Hemd', 'C:\\git\\experiments\\watkins2_part1\\strand.jpg'), ('Katze', 'Topf', 'C:\\git\\experiments\\watkins2_part1\\berg.jpg'), ('Ball', 'Flugzeug', 'C:\\git\\experiments\\watkins2_part1\\wald.jpg'), ('Hammer', 'Mappe', 'C:\\git\\experiments\\watkins2_part1\\berg.jpg'), ('Staffelei', 'Dünger', 'C:\\git\\experiments\\watkins2_part1\\wald.jpg', 'C:\\git\\experiments\\watkins2_part1\\strand.jpg'), ('Locher', 'Tasse', 'C:\\git\\experiments\\watkins2_part1\\wueste.jpg', 'C:\\git\\experiments\\watkins2_part1\\wald.jpg'), ('Wind', 'Bus', 'C:\\git\\experiments\\watkins2_part1\\wueste.jpg'), ('Jacke', 'Trommel', 'C:\\git\\experiments\\watkins2_part1\\berg.jpg', 'C:\\git\\experiments\\watkins2_part1\\wald.jpg'), ('Rasen', 'Würfel', 'C:\\git\\experiments\\watkins2_part1\\berg.jpg')]",,,,,,,,,,,,,,,,,,,,,,,,,,,,,,,127,2026-08-21_15h12.05.708,watkins2_part1,,2026.1.3,143.20020974272663,3,22,Weiblich,Muttersprache,Abitur,Psychologie,Bachelor,2026-08-21 15h12.06.277279 +0200,
3,0,3,,3,0,3,0,,,,,104.01921210007276,,,,,,,,,,,,,,,,,,,,,,,,,,,,104.01257820008323,104.5003775000805,104.52210960001685,104.52706470002886,112.51746750005987,Bett,Regen,C:\git\experiments\watkins2_part1\wueste.jpg,"['Bett', 'Regen', 'C:\\git\\experiments\\watkins2_part1\\wueste.jpg']",study,3,"[('Tee', 'Lampe', 'C:\\git\\experiments\\watkins2_part1\\strand.jpg', 'C:\\git\\experiments\\watkins2_part1\\wald.jpg'), ('Flöte', 'Wolke', 'C:\\git\\experiments\\watkins2_part1\\wald.jpg'), ('Birne', 'Goldfisch', 'C:\\git\\experiments\\watkins2_part1\\berg.jpg', 'C:\\git\\experiments\\watkins2_part1\\strand.jpg'), ('Bett', 'Regen', 'C:\\git\\experiments\\watkins2_part1\\wueste.jpg'), ('Kaffee', 'Skulptur', 'C:\\git\\experiments\\watkins2_part1\\wald.jpg', 'C:\\git\\experiments\\watkins2_part1\\wueste.jpg'), ('Matsch', 'Zange', 'C:\\git\\experiments\\watkins2_part1\\strand.jpg', 'C:\\git\\experiments\\watkins2_part1\\berg.jpg'), ('Joggen', 'Banane', 'C:\\git\\experiments\\watkins2_part1\\strand.jpg', 'C:\\git\\experiments\\watkins2_part1\\wueste.jpg'), ('Schnee', 'Nichte', 'C:\\git\\experiments\\watkins2_part1\\wald.jpg'), ('Teller', 'Großvater', 'C:\\git\\experiments\\watkins2_part1\\strand.jpg'), ('Computer', 'Schwimmen', 'C:\\git\\experiments\\watkins2_part1\\strand.jpg'), ('Traube', 'Limonade', 'C:\\git\\experiments\\watkins2_part1\\berg.jpg', 'C:\\git\\experiments\\watkins2_part1\\wueste.jpg'), ('Löffel', 'Orange', 'C:\\git\\experiments\\watkins2_part1\\wueste.jpg'), ('Kamera', 'Sofa', 'C:\\git\\experiments\\watkins2_part1\\wueste.jpg', 'C:\\git\\experiments\\watkins2_part1\\berg.jpg'), ('Laub', 'Schal', 'C:\\git\\experiments\\watkins2_part1\\wueste.jpg', 'C:\\git\\experiments\\watkins2_part1\\strand.jpg'), ('Fahrrad', 'Säge', 'C:\\git\\experiments\\watkins2_part1\\wald.jpg', 'C:\\git\\experiments\\watkins2_part1\\berg.jpg'), ('Bohrer', 'Hemd', 'C:\\git\\experiments\\watkins2_part1\\strand.jpg'), ('Katze', 'Topf', 'C:\\git\\experiments\\watkins2_part1\\berg.jpg'), ('Ball', 'Flugzeug', 'C:\\git\\experiments\\watkins2_part1\\wald.jpg'), ('Hammer', 'Mappe', 'C:\\git\\experiments\\watkins2_part1\\berg.jpg'), ('Staffelei', 'Dünger', 'C:\\git\\experiments\\watkins2_part1\\wald.jpg', 'C:\\git\\experiments\\watkins2_part1\\strand.jpg'), ('Locher', 'Tasse', 'C:\\git\\experiments\\watkins2_part1\\wueste.jpg', 'C:\\git\\experiments\\watkins2_part1\\wald.jpg'), ('Wind', 'Bus', 'C:\\git\\experiments\\watkins2_part1\\wueste.jpg'), ('Jacke', 'Trommel', 'C:\\git\\experiments\\watkins2_part1\\berg.jpg', 'C:\\git\\experiments\\watkins2_part1\\wald.jpg'), ('Rasen', 'Würfel', 'C:\\git\\experiments\\watkins2_part1\\berg.jpg')]",,,,,,,,,,,,,,,,,,,,,,,,,,,,,,,127,2026-08-21_15h12.05.708,watkins2_part1,,2026.1.3,143.20020974272663,3,22,Weiblich,Muttersprache,Abitur,Psychologie,Bachelor,2026-08-21 15h12.06.277279 +0200,
4,0,4,,4,0,4,0,,,,,112.52429370000027,,,,,,,,,,,,,,,,,,,,,,,,,,,,112.51766800007317,113.00560700008646,113.02726860006806,113.03202520008199,121.02101330005098,Kaffee,Skulptur,C:\git\experiments\watkins2_part1\wald.jpg,"['Kaffee', 'Skulptur', 'C:\\git\\experiments\\watkins2_part1\\wald.jpg']",restudy_diff,3,"[('Tee', 'Lampe', 'C:\\git\\experiments\\watkins2_part1\\strand.jpg', 'C:\\git\\experiments\\watkins2_part1\\wald.jpg'), ('Flöte', 'Wolke', 'C:\\git\\experiments\\watkins2_part1\\wald.jpg'), ('Birne', 'Goldfisch', 'C:\\git\\experiments\\watkins2_part1\\berg.jpg', 'C:\\git\\experiments\\watkins2_part1\\strand.jpg'), ('Bett', 'Regen', 'C:\\git\\experiments\\watkins2_part1\\wueste.jpg'), ('Kaffee', 'Skulptur', 'C:\\git\\experiments\\watkins2_part1\\wald.jpg', 'C:\\git\\experiments\\watkins2_part1\\wueste.jpg'), ('Matsch', 'Zange', 'C:\\git\\experiments\\watkins2_part1\\strand.jpg', 'C:\\git\\experiments\\watkins2_part1\\berg.jpg'), ('Joggen', 'Banane', 'C:\\git\\experiments\\watkins2_part1\\strand.jpg', 'C:\\git\\experiments\\watkins2_part1\\wueste.jpg'), ('Schnee', 'Nichte', 'C:\\git\\experiments\\watkins2_part1\\wald.jpg'), ('Teller', 'Großvater', 'C:\\git\\experiments\\watkins2_part1\\strand.jpg'), ('Computer', 'Schwimmen', 'C:\\git\\experiments\\watkins2_part1\\strand.jpg'), ('Traube', 'Limonade', 'C:\\git\\experiments\\watkins2_part1\\berg.jpg', 'C:\\git\\experiments\\watkins2_part1\\wueste.jpg'), ('Löffel', 'Orange', 'C:\\git\\experiments\\watkins2_part1\\wueste.jpg'), ('Kamera', 'Sofa', 'C:\\git\\experiments\\watkins2_part1\\wueste.jpg', 'C:\\git\\experiments\\watkins2_part1\\berg.jpg'), ('Laub', 'Schal', 'C:\\git\\experiments\\watkins2_part1\\wueste.jpg', 'C:\\git\\experiments\\watkins2_part1\\strand.jpg'), ('Fahrrad', 'Säge', 'C:\\git\\experiments\\watkins2_part1\\wald.jpg', 'C:\\git\\experiments\\watkins2_part1\\berg.jpg'), ('Bohrer', 'Hemd', 'C:\\git\\experiments\\watkins2_part1\\strand.jpg'), ('Katze', 'Topf', 'C:\\git\\experiments\\watkins2_part1\\berg.jpg'), ('Ball', 'Flugzeug', 'C:\\git\\experiments\\watkins2_part1\\wald.jpg'), ('Hammer', 'Mappe', 'C:\\git\\experiments\\watkins2_part1\\berg.jpg'), ('Staffelei', 'Dünger', 'C:\\git\\experiments\\watkins2_part1\\wald.jpg', 'C:\\git\\experiments\\watkins2_part1\\strand.jpg'), ('Locher', 'Tasse', 'C:\\git\\experiments\\watkins2_part1\\wueste.jpg', 'C:\\git\\experiments\\watkins2_part1\\wald.jpg'), ('Wind', 'Bus', 'C:\\git\\experiments\\watkins2_part1\\wueste.jpg'), ('Jacke', 'Trommel', 'C:\\git\\experiments\\watkins2_part1\\berg.jpg', 'C:\\git\\experiments\\watkins2_part1\\wald.jpg'), ('Rasen', 'Würfel', 'C:\\git\\experiments\\watkins2_part1\\berg.jpg')]",,,,,,,,,,,,,,,,,,,,,,,,,,,,,,,127,2026-08-21_15h12.05.708,watkins2_part1,,2026.1.3,143.20020974272663,3,22,Weiblich,Muttersprache,Abitur,Psychologie,Bachelor,2026-08-21 15h12.06.277279 +0200,
5,0,5,,5,0,5,0,,,,,121.02788300008979,,,,,,,,,,,,,,,,,,,,,,,,,,,,121.02120360010304,121.50911199999973,121.5238471000921,121.52863830002025,129.52457440004218,Matsch,Zange,C:\git\experiments\watkins2_part1\strand.jpg,"['Matsch', 'Zange', 'C:\\git\\experiments\\watkins2_part1\\strand.jpg']",restudy_diff,3,"[('Tee', 'Lampe', 'C:\\git\\experiments\\watkins2_part1\\strand.jpg', 'C:\\git\\experiments\\watkins2_part1\\wald.jpg'), ('Flöte', 'Wolke', 'C:\\git\\experiments\\watkins2_part1\\wald.jpg'), ('Birne', 'Goldfisch', 'C:\\git\\experiments\\watkins2_part1\\berg.jpg', 'C:\\git\\experiments\\watkins2_part1\\strand.jpg'), ('Bett', 'Regen', 'C:\\git\\experiments\\watkins2_part1\\wueste.jpg'), ('Kaffee', 'Skulptur', 'C:\\git\\experiments\\watkins2_part1\\wald.jpg', 'C:\\git\\experiments\\watkins2_part1\\wueste.jpg'), ('Matsch', 'Zange', 'C:\\git\\experiments\\watkins2_part1\\strand.jpg', 'C:\\git\\experiments\\watkins2_part1\\berg.jpg'), ('Joggen', 'Banane', 'C:\\git\\experiments\\watkins2_part1\\strand.jpg', 'C:\\git\\experiments\\watkins2_part1\\wueste.jpg'), ('Schnee', 'Nichte', 'C:\\git\\experiments\\watkins2_part1\\wald.jpg'), ('Teller', 'Großvater', 'C:\\git\\experiments\\watkins2_part1\\strand.jpg'), ('Computer', 'Schwimmen', 'C:\\git\\experiments\\watkins2_part1\\strand.jpg'), ('Traube', 'Limonade', 'C:\\git\\experiments\\watkins2_part1\\berg.jpg', 'C:\\git\\experiments\\watkins2_part1\\wueste.jpg'), ('Löffel', 'Orange', 'C:\\git\\experiments\\watkins2_part1\\wueste.jpg'), ('Kamera', 'Sofa', 'C:\\git\\experiments\\watkins2_part1\\wueste.jpg', 'C:\\git\\experiments\\watkins2_part1\\berg.jpg'), ('Laub', 'Schal', 'C:\\git\\experiments\\watkins2_part1\\wueste.jpg', 'C:\\git\\experiments\\watkins2_part1\\strand.jpg'), ('Fahrrad', 'Säge', 'C:\\git\\experiments\\watkins2_part1\\wald.jpg', 'C:\\git\\experiments\\watkins2_part1\\berg.jpg'), ('Bohrer', 'Hemd', 'C:\\git\\experiments\\watkins2_part1\\strand.jpg'), ('Katze', 'Topf', 'C:\\git\\experiments\\watkins2_part1\\berg.jpg'), ('Ball', 'Flugzeug', 'C:\\git\\experiments\\watkins2_part1\\wald.jpg'), ('Hammer', 'Mappe', 'C:\\git\\experiments\\watkins2_part1\\berg.jpg'), ('Staffelei', 'Dünger', 'C:\\git\\experiments\\watkins2_part1\\wald.jpg', 'C:\\git\\experiments\\watkins2_part1\\strand.jpg'), ('Locher', 'Tasse', 'C:\\git\\experiments\\watkins2_part1\\wueste.jpg', 'C:\\git\\experiments\\watkins2_part1\\wald.jpg'), ('Wind', 'Bus', 'C:\\git\\experiments\\watkins2_part1\\wueste.jpg'), ('Jacke', 'Trommel', 'C:\\git\\experiments\\watkins2_part1\\berg.jpg', 'C:\\git\\experiments\\watkins2_part1\\wald.jpg'), ('Rasen', 'Würfel', 'C:\\git\\experiments\\watkins2_part1\\berg.jpg')]",,,,,,,,,,,,,,,,,,,,,,,,,,,,,,,127,2026-08-21_15h12.05.708,watkins2_part1,,2026.1.3,143.20020974272663,3,22,Weiblich,Muttersprache,Abitur,Psychologie,Bachelor,2026-08-21 15h12.06.277279 +0200,
6,0,6,,6,0,6,0,,,,,129.53154250001535,,,,,,,,,,,,,,,,,,,,,,,,,,,,129.5247640000889,130.01274630008265,130.0257192000281,130.03017879999243,138.02509320003446,Joggen,Banane,C:\git\experiments\watkins2_part1\strand.jpg,"['Joggen', 'Banane', 'C:\\git\\experiments\\watkins2_part1\\strand.jpg']",restudy_diff,3,"[('Tee', 'Lampe', 'C:\\git\\experiments\\watkins2_part1\\strand.jpg', 'C:\\git\\experiments\\watkins2_part1\\wald.jpg'), ('Flöte', 'Wolke', 'C:\\git\\experiments\\watkins2_part1\\wald.jpg'), ('Birne', 'Goldfisch', 'C:\\git\\experiments\\watkins2_part1\\berg.jpg', 'C:\\git\\experiments\\watkins2_part1\\strand.jpg'), ('Bett', 'Regen', 'C:\\git\\experiments\\watkins2_part1\\wueste.jpg'), ('Kaffee', 'Skulptur', 'C:\\git\\experiments\\watkins2_part1\\wald.jpg', 'C:\\git\\experiments\\watkins2_part1\\wueste.jpg'), ('Matsch', 'Zange', 'C:\\git\\experiments\\watkins2_part1\\strand.jpg', 'C:\\git\\experiments\\watkins2_part1\\berg.jpg'), ('Joggen', 'Banane', 'C:\\git\\experiments\\watkins2_part1\\strand.jpg', 'C:\\git\\experiments\\watkins2_part1\\wueste.jpg'), ('Schnee', 'Nichte', 'C:\\git\\experiments\\watkins2_part1\\wald.jpg'), ('Teller', 'Großvater', 'C:\\git\\experiments\\watkins2_part1\\strand.jpg'), ('Computer', 'Schwimmen', 'C:\\git\\experiments\\watkins2_part1\\strand.jpg'), ('Traube', 'Limonade', 'C:\\git\\experiments\\watkins2_part1\\berg.jpg', 'C:\\git\\experiments\\watkins2_part1\\wueste.jpg'), ('Löffel', 'Orange', 'C:\\git\\experiments\\watkins2_part1\\wueste.jpg'), ('Kamera', 'Sofa', 'C:\\git\\experiments\\watkins2_part1\\wueste.jpg', 'C:\\git\\experiments\\watkins2_part1\\berg.jpg'), ('Laub', 'Schal', 'C:\\git\\experiments\\watkins2_part1\\wueste.jpg', 'C:\\git\\experiments\\watkins2_part1\\strand.jpg'), ('Fahrrad', 'Säge', 'C:\\git\\experiments\\watkins2_part1\\wald.jpg', 'C:\\git\\experiments\\watkins2_part1\\berg.jpg'), ('Bohrer', 'Hemd', 'C:\\git\\experiments\\watkins2_part1\\strand.jpg'), ('Katze', 'Topf', 'C:\\git\\experiments\\watkins2_part1\\berg.jpg'), ('Ball', 'Flugzeug', 'C:\\git\\experiments\\watkins2_part1\\wald.jpg'), ('Hammer', 'Mappe', 'C:\\git\\experiments\\watkins2_part1\\berg.jpg'), ('Staffelei', 'Dünger', 'C:\\git\\experiments\\watkins2_part1\\wald.jpg', 'C:\\git\\experiments\\watkins2_part1\\strand.jpg'), ('Locher', 'Tasse', 'C:\\git\\experiments\\watkins2_part1\\wueste.jpg', 'C:\\git\\experiments\\watkins2_part1\\wald.jpg'), ('Wind', 'Bus', 'C:\\git\\experiments\\watkins2_part1\\wueste.jpg'), ('Jacke', 'Trommel', 'C:\\git\\experiments\\watkins2_part1\\berg.jpg', 'C:\\git\\experiments\\watkins2_part1\\wald.jpg'), ('Rasen', 'Würfel', 'C:\\git\\experiments\\watkins2_part1\\berg.jpg')]",,,,,,,,,,,,,,,,,,,,,,,,,,,,,,,127,2026-08-21_15h12.05.708,watkins2_part1,,2026.1.3,143.20020974272663,3,22,Weiblich,Muttersprache,Abitur,Psychologie,Bachelor,2026-08-21 15h12.06.277279 +0200,
7,0,7,,7,0,7,0,,,,,138.0320699000731,,,,,,,,,,,,,,,,,,,,,,,,,,,,138.02528750000056,138.5132697999943,138.53381829999853,138.53870410006493,146.5273161000805,Schnee,Nichte,C:\git\experiments\watkins2_part1\wald.jpg,"['Schnee', 'Nichte', 'C:\\git\\experiments\\watkins2_part1\\wald.jpg']",study,3,"[('Tee', 'Lampe', 'C:\\git\\experiments\\watkins2_part1\\strand.jpg', 'C:\\git\\experiments\\watkins2_part1\\wald.jpg'), ('Flöte', 'Wolke', 'C:\\git\\experiments\\watkins2_part1\\wald.jpg'), ('Birne', 'Goldfisch', 'C:\\git\\experiments\\watkins2_part1\\berg.jpg', 'C:\\git\\experiments\\watkins2_part1\\strand.jpg'), ('Bett', 'Regen', 'C:\\git\\experiments\\watkins2_part1\\wueste.jpg'), ('Kaffee', 'Skulptur', 'C:\\git\\experiments\\watkins2_part1\\wald.jpg', 'C:\\git\\experiments\\watkins2_part1\\wueste.jpg'), ('Matsch', 'Zange', 'C:\\git\\experiments\\watkins2_part1\\strand.jpg', 'C:\\git\\experiments\\watkins2_part1\\berg.jpg'), ('Joggen', 'Banane', 'C:\\git\\experiments\\watkins2_part1\\strand.jpg', 'C:\\git\\experiments\\watkins2_part1\\wueste.jpg'), ('Schnee', 'Nichte', 'C:\\git\\experiments\\watkins2_part1\\wald.jpg'), ('Teller', 'Großvater', 'C:\\git\\experiments\\watkins2_part1\\strand.jpg'), ('Computer', 'Schwimmen', 'C:\\git\\experiments\\watkins2_part1\\strand.jpg'), ('Traube', 'Limonade', 'C:\\git\\experiments\\watkins2_part1\\berg.jpg', 'C:\\git\\experiments\\watkins2_part1\\wueste.jpg'), ('Löffel', 'Orange', 'C:\\git\\experiments\\watkins2_part1\\wueste.jpg'), ('Kamera', 'Sofa', 'C:\\git\\experiments\\watkins2_part1\\wueste.jpg', 'C:\\git\\experiments\\watkins2_part1\\berg.jpg'), ('Laub', 'Schal', 'C:\\git\\experiments\\watkins2_part1\\wueste.jpg', 'C:\\git\\experiments\\watkins2_part1\\strand.jpg'), ('Fahrrad', 'Säge', 'C:\\git\\experiments\\watkins2_part1\\wald.jpg', 'C:\\git\\experiments\\watkins2_part1\\berg.jpg'), ('Bohrer', 'Hemd', 'C:\\git\\experiments\\watkins2_part1\\strand.jpg'), ('Katze', 'Topf', 'C:\\git\\experiments\\watkins2_part1\\berg.jpg'), ('Ball', 'Flugzeug', 'C:\\git\\experiments\\watkins2_part1\\wald.jpg'), ('Hammer', 'Mappe', 'C:\\git\\experiments\\watkins2_part1\\berg.jpg'), ('Staffelei', 'Dünger', 'C:\\git\\experiments\\watkins2_part1\\wald.jpg', 'C:\\git\\experiments\\watkins2_part1\\strand.jpg'), ('Locher', 'Tasse', 'C:\\git\\experiments\\watkins2_part1\\wueste.jpg', 'C:\\git\\experiments\\watkins2_part1\\wald.jpg'), ('Wind', 'Bus', 'C:\\git\\experiments\\watkins2_part1\\wueste.jpg'), ('Jacke', 'Trommel', 'C:\\git\\experiments\\watkins2_part1\\berg.jpg', 'C:\\git\\experiments\\watkins2_part1\\wald.jpg'), ('Rasen', 'Würfel', 'C:\\git\\experiments\\watkins2_part1\\berg.jpg')]",,,,,,,,,,,,,,,,,,,,,,,,,,,,,,,127,2026-08-21_15h12.05.708,watkins2_part1,,2026.1.3,143.20020974272663,3,22,Weiblich,Muttersprache,Abitur,Psychologie,Bachelor,2026-08-21 15h12.06.277279 +0200,
8,0,8,,8,0,8,0,,,,,146.5341573000187,,,,,,,,,,,,,,,,,,,,,,,,,,,,146.52750409999862,147.01543130003847,147.029981700005,147.03444519999903,155.03065850003622,Teller,Großvater,C:\git\experiments\watkins2_part1\strand.jpg,"['Teller', 'Großvater', 'C:\\git\\experiments\\watkins2_part1\\strand.jpg']",study,3,"[('Tee', 'Lampe', 'C:\\git\\experiments\\watkins2_part1\\strand.jpg', 'C:\\git\\experiments\\watkins2_part1\\wald.jpg'), ('Flöte', 'Wolke', 'C:\\git\\experiments\\watkins2_part1\\wald.jpg'), ('Birne', 'Goldfisch', 'C:\\git\\experiments\\watkins2_part1\\berg.jpg', 'C:\\git\\experiments\\watkins2_part1\\strand.jpg'), ('Bett', 'Regen', 'C:\\git\\experiments\\watkins2_part1\\wueste.jpg'), ('Kaffee', 'Skulptur', 'C:\\git\\experiments\\watkins2_part1\\wald.jpg', 'C:\\git\\experiments\\watkins2_part1\\wueste.jpg'), ('Matsch', 'Zange', 'C:\\git\\experiments\\watkins2_part1\\strand.jpg', 'C:\\git\\experiments\\watkins2_part1\\berg.jpg'), ('Joggen', 'Banane', 'C:\\git\\experiments\\watkins2_part1\\strand.jpg', 'C:\\git\\experiments\\watkins2_part1\\wueste.jpg'), ('Schnee', 'Nichte', 'C:\\git\\experiments\\watkins2_part1\\wald.jpg'), ('Teller', 'Großvater', 'C:\\git\\experiments\\watkins2_part1\\strand.jpg'), ('Computer', 'Schwimmen', 'C:\\git\\experiments\\watkins2_part1\\strand.jpg'), ('Traube', 'Limonade', 'C:\\git\\experiments\\watkins2_part1\\berg.jpg', 'C:\\git\\experiments\\watkins2_part1\\wueste.jpg'), ('Löffel', 'Orange', 'C:\\git\\experiments\\watkins2_part1\\wueste.jpg'), ('Kamera', 'Sofa', 'C:\\git\\experiments\\watkins2_part1\\wueste.jpg', 'C:\\git\\experiments\\watkins2_part1\\berg.jpg'), ('Laub', 'Schal', 'C:\\git\\experiments\\watkins2_part1\\wueste.jpg', 'C:\\git\\experiments\\watkins2_part1\\strand.jpg'), ('Fahrrad', 'Säge', 'C:\\git\\experiments\\watkins2_part1\\wald.jpg', 'C:\\git\\experiments\\watkins2_part1\\berg.jpg'), ('Bohrer', 'Hemd', 'C:\\git\\experiments\\watkins2_part1\\strand.jpg'), ('Katze', 'Topf', 'C:\\git\\experiments\\watkins2_part1\\berg.jpg'), ('Ball', 'Flugzeug', 'C:\\git\\experiments\\watkins2_part1\\wald.jpg'), ('Hammer', 'Mappe', 'C:\\git\\experiments\\watkins2_part1\\berg.jpg'), ('Staffelei', 'Dünger', 'C:\\git\\experiments\\watkins2_part1\\wald.jpg', 'C:\\git\\experiments\\watkins2_part1\\strand.jpg'), ('Locher', 'Tasse', 'C:\\git\\experiments\\watkins2_part1\\wueste.jpg', 'C:\\git\\experiments\\watkins2_part1\\wald.jpg'), ('Wind', 'Bus', 'C:\\git\\experiments\\watkins2_part1\\wueste.jpg'), ('Jacke', 'Trommel', 'C:\\git\\experiments\\watkins2_part1\\berg.jpg', 'C:\\git\\experiments\\watkins2_part1\\wald.jpg'), ('Rasen', 'Würfel', 'C:\\git\\experiments\\watkins2_part1\\berg.jpg')]",,,,,,,,,,,,,,,,,,,,,,,,,,,,,,,127,2026-08-21_15h12.05.708,watkins2_part1,,2026.1.3,143.20020974272663,3,22,Weiblich,Muttersprache,Abitur,Psychologie,Bachelor,2026-08-21 15h12.06.277279 +0200,
9,0,9,,9,0,9,0,,,,,155.03750410000794,,,,,,,,,,,,,,,,,,,,,,,,,,,,155.03084750007838,155.5188136000652,155.53289870009758,155.53735340002459,163.53313270001672,Computer,Schwimmen,C:\git\experiments\watkins2_part1\strand.jpg,"['Computer', 'Schwimmen', 'C:\\git\\experiments\\watkins2_part1\\strand.jpg']",study,3,"[('Tee', 'Lampe', 'C:\\git\\experiments\\watkins2_part1\\strand.jpg', 'C:\\git\\experiments\\watkins2_part1\\wald.jpg'), ('Flöte', 'Wolke', 'C:\\git\\experiments\\watkins2_part1\\wald.jpg'), ('Birne', 'Goldfisch', 'C:\\git\\experiments\\watkins2_part1\\berg.jpg', 'C:\\git\\experiments\\watkins2_part1\\strand.jpg'), ('Bett', 'Regen', 'C:\\git\\experiments\\watkins2_part1\\wueste.jpg'), ('Kaffee', 'Skulptur', 'C:\\git\\experiments\\watkins2_part1\\wald.jpg', 'C:\\git\\experiments\\watkins2_part1\\wueste.jpg'), ('Matsch', 'Zange', 'C:\\git\\experiments\\watkins2_part1\\strand.jpg', 'C:\\git\\experiments\\watkins2_part1\\berg.jpg'), ('Joggen', 'Banane', 'C:\\git\\experiments\\watkins2_part1\\strand.jpg', 'C:\\git\\experiments\\watkins2_part1\\wueste.jpg'), ('Schnee', 'Nichte', 'C:\\git\\experiments\\watkins2_part1\\wald.jpg'), ('Teller', 'Großvater', 'C:\\git\\experiments\\watkins2_part1\\strand.jpg'), ('Computer', 'Schwimmen', 'C:\\git\\experiments\\watkins2_part1\\strand.jpg'), ('Traube', 'Limonade', 'C:\\git\\experiments\\watkins2_part1\\berg.jpg', 'C:\\git\\experiments\\watkins2_part1\\wueste.jpg'), ('Löffel', 'Orange', 'C:\\git\\experiments\\watkins2_part1\\wueste.jpg'), ('Kamera', 'Sofa', 'C:\\git\\experiments\\watkins2_part1\\wueste.jpg', 'C:\\git\\experiments\\watkins2_part1\\berg.jpg'), ('Laub', 'Schal', 'C:\\git\\experiments\\watkins2_part1\\wueste.jpg', 'C:\\git\\experiments\\watkins2_part1\\strand.jpg'), ('Fahrrad', 'Säge', 'C:\\git\\experiments\\watkins2_part1\\wald.jpg', 'C:\\git\\experiments\\watkins2_part1\\berg.jpg'), ('Bohrer', 'Hemd', 'C:\\git\\experiments\\watkins2_part1\\strand.jpg'), ('Katze', 'Topf', 'C:\\git\\experiments\\watkins2_part1\\berg.jpg'), ('Ball', 'Flugzeug', 'C:\\git\\experiments\\watkins2_part1\\wald.jpg'), ('Hammer', 'Mappe', 'C:\\git\\experiments\\watkins2_part1\\berg.jpg'), ('Staffelei', 'Dünger', 'C:\\git\\experiments\\watkins2_part1\\wald.jpg', 'C:\\git\\experiments\\watkins2_part1\\strand.jpg'), ('Locher', 'Tasse', 'C:\\git\\experiments\\watkins2_part1\\wueste.jpg', 'C:\\git\\experiments\\watkins2_part1\\wald.jpg'), ('Wind', 'Bus', 'C:\\git\\experiments\\watkins2_part1\\wueste.jpg'), ('Jacke', 'Trommel', 'C:\\git\\experiments\\watkins2_part1\\berg.jpg', 'C:\\git\\experiments\\watkins2_part1\\wald.jpg'), ('Rasen', 'Würfel', 'C:\\git\\experiments\\watkins2_part1\\berg.jpg')]",,,,,,,,,,,,,,,,,,,,,,,,,,,,,,,127,2026-08-21_15h12.05.708,watkins2_part1,,2026.1.3,143.20020974272663,3,22,Weiblich,Muttersprache,Abitur,Psychologie,Bachelor,2026-08-21 15h12.06.277279 +0200,
10,0,10,,10,0,10,0,,,,,163.53997990000062,,,,,,,,,,,,,,,,,,,,,,,,,,,,163.53331950004213,164.0212662999984,164.05185170006007,164.05684980005026,172.0336714000441,Traube,Limonade,C:\git\experiments\watkins2_part1\berg.jpg,"['Traube', 'Limonade', 'C:\\git\\experiments\\watkins2_part1\\berg.jpg']",restudy_diff,3,"[('Tee', 'Lampe', 'C:\\git\\experiments\\watkins2_part1\\strand.jpg', 'C:\\git\\experiments\\watkins2_part1\\wald.jpg'), ('Flöte', 'Wolke', 'C:\\git\\experiments\\watkins2_part1\\wald.jpg'), ('Birne', 'Goldfisch', 'C:\\git\\experiments\\watkins2_part1\\berg.jpg', 'C:\\git\\experiments\\watkins2_part1\\strand.jpg'), ('Bett', 'Regen', 'C:\\git\\experiments\\watkins2_part1\\wueste.jpg'), ('Kaffee', 'Skulptur', 'C:\\git\\experiments\\watkins2_part1\\wald.jpg', 'C:\\git\\experiments\\watkins2_part1\\wueste.jpg'), ('Matsch', 'Zange', 'C:\\git\\experiments\\watkins2_part1\\strand.jpg', 'C:\\git\\experiments\\watkins2_part1\\berg.jpg'), ('Joggen', 'Banane', 'C:\\git\\experiments\\watkins2_part1\\strand.jpg', 'C:\\git\\experiments\\watkins2_part1\\wueste.jpg'), ('Schnee', 'Nichte', 'C:\\git\\experiments\\watkins2_part1\\wald.jpg'), ('Teller', 'Großvater', 'C:\\git\\experiments\\watkins2_part1\\strand.jpg'), ('Computer', 'Schwimmen', 'C:\\git\\experiments\\watkins2_part1\\strand.jpg'), ('Traube', 'Limonade', 'C:\\git\\experiments\\watkins2_part1\\berg.jpg', 'C:\\git\\experiments\\watkins2_part1\\wueste.jpg'), ('Löffel', 'Orange', 'C:\\git\\experiments\\watkins2_part1\\wueste.jpg'), ('Kamera', 'Sofa', 'C:\\git\\experiments\\watkins2_part1\\wueste.jpg', 'C:\\git\\experiments\\watkins2_part1\\berg.jpg'), ('Laub', 'Schal', 'C:\\git\\experiments\\watkins2_part1\\wueste.jpg', 'C:\\git\\experiments\\watkins2_part1\\strand.jpg'), ('Fahrrad', 'Säge', 'C:\\git\\experiments\\watkins2_part1\\wald.jpg', 'C:\\git\\experiments\\watkins2_part1\\berg.jpg'), ('Bohrer', 'Hemd', 'C:\\git\\experiments\\watkins2_part1\\strand.jpg'), ('Katze', 'Topf', 'C:\\git\\experiments\\watkins2_part1\\berg.jpg'), ('Ball', 'Flugzeug', 'C:\\git\\experiments\\watkins2_part1\\wald.jpg'), ('Hammer', 'Mappe', 'C:\\git\\experiments\\watkins2_part1\\berg.jpg'), ('Staffelei', 'Dünger', 'C:\\git\\experiments\\watkins2_part1\\wald.jpg', 'C:\\git\\experiments\\watkins2_part1\\strand.jpg'), ('Locher', 'Tasse', 'C:\\git\\experiments\\watkins2_part1\\wueste.jpg', 'C:\\git\\experiments\\watkins2_part1\\wald.jpg'), ('Wind', 'Bus', 'C:\\git\\experiments\\watkins2_part1\\wueste.jpg'), ('Jacke', 'Trommel', 'C:\\git\\experiments\\watkins2_part1\\berg.jpg', 'C:\\git\\experiments\\watkins2_part1\\wald.jpg'), ('Rasen', 'Würfel', 'C:\\git\\experiments\\watkins2_part1\\berg.jpg')]",,,,,,,,,,,,,,,,,,,,,,,,,,,,,,,127,2026-08-21_15h12.05.708,watkins2_part1,,2026.1.3,143.20020974272663,3,22,Weiblich,Muttersprache,Abitur,Psychologie,Bachelor,2026-08-21 15h12.06.277279 +0200,
11,0,11,,11,0,11,0,,,,,172.0405473000137,,,,,,,,,,,,,,,,,,,,,,,,,,,,172.03385790006723,172.52182470005937,172.54245300008915,172.547583400039,180.53522190009244,Löffel,Orange,C:\git\experiments\watkins2_part1\wueste.jpg,"['Löffel', 'Orange', 'C:\\git\\experiments\\watkins2_part1\\wueste.jpg']",study,3,"[('Tee', 'Lampe', 'C:\\git\\experiments\\watkins2_part1\\strand.jpg', 'C:\\git\\experiments\\watkins2_part1\\wald.jpg'), ('Flöte', 'Wolke', 'C:\\git\\experiments\\watkins2_part1\\wald.jpg'), ('Birne', 'Goldfisch', 'C:\\git\\experiments\\watkins2_part1\\berg.jpg', 'C:\\git\\experiments\\watkins2_part1\\strand.jpg'), ('Bett', 'Regen', 'C:\\git\\experiments\\watkins2_part1\\wueste.jpg'), ('Kaffee', 'Skulptur', 'C:\\git\\experiments\\watkins2_part1\\wald.jpg', 'C:\\git\\experiments\\watkins2_part1\\wueste.jpg'), ('Matsch', 'Zange', 'C:\\git\\experiments\\watkins2_part1\\strand.jpg', 'C:\\git\\experiments\\watkins2_part1\\berg.jpg'), ('Joggen', 'Banane', 'C:\\git\\experiments\\watkins2_part1\\strand.jpg', 'C:\\git\\experiments\\watkins2_part1\\wueste.jpg'), ('Schnee', 'Nichte', 'C:\\git\\experiments\\watkins2_part1\\wald.jpg'), ('Teller', 'Großvater', 'C:\\git\\experiments\\watkins2_part1\\strand.jpg'), ('Computer', 'Schwimmen', 'C:\\git\\experiments\\watkins2_part1\\strand.jpg'), ('Traube', 'Limonade', 'C:\\git\\experiments\\watkins2_part1\\berg.jpg', 'C:\\git\\experiments\\watkins2_part1\\wueste.jpg'), ('Löffel', 'Orange', 'C:\\git\\experiments\\watkins2_part1\\wueste.jpg'), ('Kamera', 'Sofa', 'C:\\git\\experiments\\watkins2_part1\\wueste.jpg', 'C:\\git\\experiments\\watkins2_part1\\berg.jpg'), ('Laub', 'Schal', 'C:\\git\\experiments\\watkins2_part1\\wueste.jpg', 'C:\\git\\experiments\\watkins2_part1\\strand.jpg'), ('Fahrrad', 'Säge', 'C:\\git\\experiments\\watkins2_part1\\wald.jpg', 'C:\\git\\experiments\\watkins2_part1\\berg.jpg'), ('Bohrer', 'Hemd', 'C:\\git\\experiments\\watkins2_part1\\strand.jpg'), ('Katze', 'Topf', 'C:\\git\\experiments\\watkins2_part1\\berg.jpg'), ('Ball', 'Flugzeug', 'C:\\git\\experiments\\watkins2_part1\\wald.jpg'), ('Hammer', 'Mappe', 'C:\\git\\experiments\\watkins2_part1\\berg.jpg'), ('Staffelei', 'Dünger', 'C:\\git\\experiments\\watkins2_part1\\wald.jpg', 'C:\\git\\experiments\\watkins2_part1\\strand.jpg'), ('Locher', 'Tasse', 'C:\\git\\experiments\\watkins2_part1\\wueste.jpg', 'C:\\git\\experiments\\watkins2_part1\\wald.jpg'), ('Wind', 'Bus', 'C:\\git\\experiments\\watkins2_part1\\wueste.jpg'), ('Jacke', 'Trommel', 'C:\\git\\experiments\\watkins2_part1\\berg.jpg', 'C:\\git\\experiments\\watkins2_part1\\wald.jpg'), ('Rasen', 'Würfel', 'C:\\git\\experiments\\watkins2_part1\\berg.jpg')]",,,,,,,,,,,,,,,,,,,,,,,,,,,,,,,127,2026-08-21_15h12.05.708,watkins2_part1,,2026.1.3,143.20020974272663,3,22,Weiblich,Muttersprache,Abitur,Psychologie,Bachelor,2026-08-21 15h12.06.277279 +0200,
12,0,12,,12,0,12,0,,,,,180.54219270008616,,,,,,,,,,,,,,,,,,,,,,,,,,,,180.53541170002427,181.0234543000115,181.0397409000434,181.04626239999197,189.0400604000315,Kamera,Sofa,C:\git\experiments\watkins2_part1\wueste.jpg,"['Kamera', 'Sofa', 'C:\\git\\experiments\\watkins2_part1\\wueste.jpg']",restudy_diff,3,"[('Tee', 'Lampe', 'C:\\git\\experiments\\watkins2_part1\\strand.jpg', 'C:\\git\\experiments\\watkins2_part1\\wald.jpg'), ('Flöte', 'Wolke', 'C:\\git\\experiments\\watkins2_part1\\wald.jpg'), ('Birne', 'Goldfisch', 'C:\\git\\experiments\\watkins2_part1\\berg.jpg', 'C:\\git\\experiments\\watkins2_part1\\strand.jpg'), ('Bett', 'Regen', 'C:\\git\\experiments\\watkins2_part1\\wueste.jpg'), ('Kaffee', 'Skulptur', 'C:\\git\\experiments\\watkins2_part1\\wald.jpg', 'C:\\git\\experiments\\watkins2_part1\\wueste.jpg'), ('Matsch', 'Zange', 'C:\\git\\experiments\\watkins2_part1\\strand.jpg', 'C:\\git\\experiments\\watkins2_part1\\berg.jpg'), ('Joggen', 'Banane', 'C:\\git\\experiments\\watkins2_part1\\strand.jpg', 'C:\\git\\experiments\\watkins2_part1\\wueste.jpg'), ('Schnee', 'Nichte', 'C:\\git\\experiments\\watkins2_part1\\wald.jpg'), ('Teller', 'Großvater', 'C:\\git\\experiments\\watkins2_part1\\strand.jpg'), ('Computer', 'Schwimmen', 'C:\\git\\experiments\\watkins2_part1\\strand.jpg'), ('Traube', 'Limonade', 'C:\\git\\experiments\\watkins2_part1\\berg.jpg', 'C:\\git\\experiments\\watkins2_part1\\wueste.jpg'), ('Löffel', 'Orange', 'C:\\git\\experiments\\watkins2_part1\\wueste.jpg'), ('Kamera', 'Sofa', 'C:\\git\\experiments\\watkins2_part1\\wueste.jpg', 'C:\\git\\experiments\\watkins2_part1\\berg.jpg'), ('Laub', 'Schal', 'C:\\git\\experiments\\watkins2_part1\\wueste.jpg', 'C:\\git\\experiments\\watkins2_part1\\strand.jpg'), ('Fahrrad', 'Säge', 'C:\\git\\experiments\\watkins2_part1\\wald.jpg', 'C:\\git\\experiments\\watkins2_part1\\berg.jpg'), ('Bohrer', 'Hemd', 'C:\\git\\experiments\\watkins2_part1\\strand.jpg'), ('Katze', 'Topf', 'C:\\git\\experiments\\watkins2_part1\\berg.jpg'), ('Ball', 'Flugzeug', 'C:\\git\\experiments\\watkins2_part1\\wald.jpg'), ('Hammer', 'Mappe', 'C:\\git\\experiments\\watkins2_part1\\berg.jpg'), ('Staffelei', 'Dünger', 'C:\\git\\experiments\\watkins2_part1\\wald.jpg', 'C:\\git\\experiments\\watkins2_part1\\strand.jpg'), ('Locher', 'Tasse', 'C:\\git\\experiments\\watkins2_part1\\wueste.jpg', 'C:\\git\\experiments\\watkins2_part1\\wald.jpg'), ('Wind', 'Bus', 'C:\\git\\experiments\\watkins2_part1\\wueste.jpg'), ('Jacke', 'Trommel', 'C:\\git\\experiments\\watkins2_part1\\berg.jpg', 'C:\\git\\experiments\\watkins2_part1\\wald.jpg'), ('Rasen', 'Würfel', 'C:\\git\\experiments\\watkins2_part1\\berg.jpg')]",,,,,,,,,,,,,,,,,,,,,,,,,,,,,,,127,2026-08-21_15h12.05.708,watkins2_part1,,2026.1.3,143.20020974272663,3,22,Weiblich,Muttersprache,Abitur,Psychologie,Bachelor,2026-08-21 15h12.06.277279 +0200,
13,0,13,,13,0,13,0,,,,,189.04696210008115,,,,,,,,,,,,,,,,,,,,,,,,,,,,189.04025150008965,189.52839450002648,189.54453440010548,189.55094650003593,197.54508810001425,Laub,Schal,C:\git\experiments\watkins2_part1\wueste.jpg,"['Laub', 'Schal', 'C:\\git\\experiments\\watkins2_part1\\wueste.jpg']",restudy_diff,3,"[('Tee', 'Lampe', 'C:\\git\\experiments\\watkins2_part1\\strand.jpg', 'C:\\git\\experiments\\watkins2_part1\\wald.jpg'), ('Flöte', 'Wolke', 'C:\\git\\experiments\\watkins2_part1\\wald.jpg'), ('Birne', 'Goldfisch', 'C:\\git\\experiments\\watkins2_part1\\berg.jpg', 'C:\\git\\experiments\\watkins2_part1\\strand.jpg'), ('Bett', 'Regen', 'C:\\git\\experiments\\watkins2_part1\\wueste.jpg'), ('Kaffee', 'Skulptur', 'C:\\git\\experiments\\watkins2_part1\\wald.jpg', 'C:\\git\\experiments\\watkins2_part1\\wueste.jpg'), ('Matsch', 'Zange', 'C:\\git\\experiments\\watkins2_part1\\strand.jpg', 'C:\\git\\experiments\\watkins2_part1\\berg.jpg'), ('Joggen', 'Banane', 'C:\\git\\experiments\\watkins2_part1\\strand.jpg', 'C:\\git\\experiments\\watkins2_part1\\wueste.jpg'), ('Schnee', 'Nichte', 'C:\\git\\experiments\\watkins2_part1\\wald.jpg'), ('Teller', 'Großvater', 'C:\\git\\experiments\\watkins2_part1\\strand.jpg'), ('Computer', 'Schwimmen', 'C:\\git\\experiments\\watkins2_part1\\strand.jpg'), ('Traube', 'Limonade', 'C:\\git\\experiments\\watkins2_part1\\berg.jpg', 'C:\\git\\experiments\\watkins2_part1\\wueste.jpg'), ('Löffel', 'Orange', 'C:\\git\\experiments\\watkins2_part1\\wueste.jpg'), ('Kamera', 'Sofa', 'C:\\git\\experiments\\watkins2_part1\\wueste.jpg', 'C:\\git\\experiments\\watkins2_part1\\berg.jpg'), ('Laub', 'Schal', 'C:\\git\\experiments\\watkins2_part1\\wueste.jpg', 'C:\\git\\experiments\\watkins2_part1\\strand.jpg'), ('Fahrrad', 'Säge', 'C:\\git\\experiments\\watkins2_part1\\wald.jpg', 'C:\\git\\experiments\\watkins2_part1\\berg.jpg'), ('Bohrer', 'Hemd', 'C:\\git\\experiments\\watkins2_part1\\strand.jpg'), ('Katze', 'Topf', 'C:\\git\\experiments\\watkins2_part1\\berg.jpg'), ('Ball', 'Flugzeug', 'C:\\git\\experiments\\watkins2_part1\\wald.jpg'), ('Hammer', 'Mappe', 'C:\\git\\experiments\\watkins2_part1\\berg.jpg'), ('Staffelei', 'Dünger', 'C:\\git\\experiments\\watkins2_part1\\wald.jpg', 'C:\\git\\experiments\\watkins2_part1\\strand.jpg'), ('Locher', 'Tasse', 'C:\\git\\experiments\\watkins2_part1\\wueste.jpg', 'C:\\git\\experiments\\watkins2_part1\\wald.jpg'), ('Wind', 'Bus', 'C:\\git\\experiments\\watkins2_part1\\wueste.jpg'), ('Jacke', 'Trommel', 'C:\\git\\experiments\\watkins2_part1\\berg.jpg', 'C:\\git\\experiments\\watkins2_part1\\wald.jpg'), ('Rasen', 'Würfel', 'C:\\git\\experiments\\watkins2_part1\\berg.jpg')]",,,,,,,,,,,,,,,,,,,,,,,,,,,,,,,127,2026-08-21_15h12.05.708,watkins2_part1,,2026.1.3,143.20020974272663,3,22,Weiblich,Muttersprache,Abitur,Psychologie,Bachelor,2026-08-21 15h12.06.277279 +0200,
14,0,14,,14,0,14,0,,,,,197.55193469999358,,,,,,,,,,,,,,,,,,,,,,,,,,,,197.5452758000465,198.0332577000372,198.0544756000163,198.05917700007558,206.0482056000037,Fahrrad,Säge,C:\git\experiments\watkins2_part1\wald.jpg,"['Fahrrad', 'Säge', 'C:\\git\\experiments\\watkins2_part1\\wald.jpg']",restudy_diff,3,"[('Tee', 'Lampe', 'C:\\git\\experiments\\watkins2_part1\\strand.jpg', 'C:\\git\\experiments\\watkins2_part1\\wald.jpg'), ('Flöte', 'Wolke', 'C:\\git\\experiments\\watkins2_part1\\wald.jpg'), ('Birne', 'Goldfisch', 'C:\\git\\experiments\\watkins2_part1\\berg.jpg', 'C:\\git\\experiments\\watkins2_part1\\strand.jpg'), ('Bett', 'Regen', 'C:\\git\\experiments\\watkins2_part1\\wueste.jpg'), ('Kaffee', 'Skulptur', 'C:\\git\\experiments\\watkins2_part1\\wald.jpg', 'C:\\git\\experiments\\watkins2_part1\\wueste.jpg'), ('Matsch', 'Zange', 'C:\\git\\experiments\\watkins2_part1\\strand.jpg', 'C:\\git\\experiments\\watkins2_part1\\berg.jpg'), ('Joggen', 'Banane', 'C:\\git\\experiments\\watkins2_part1\\strand.jpg', 'C:\\git\\experiments\\watkins2_part1\\wueste.jpg'), ('Schnee', 'Nichte', 'C:\\git\\experiments\\watkins2_part1\\wald.jpg'), ('Teller', 'Großvater', 'C:\\git\\experiments\\watkins2_part1\\strand.jpg'), ('Computer', 'Schwimmen', 'C:\\git\\experiments\\watkins2_part1\\strand.jpg'), ('Traube', 'Limonade', 'C:\\git\\experiments\\watkins2_part1\\berg.jpg', 'C:\\git\\experiments\\watkins2_part1\\wueste.jpg'), ('Löffel', 'Orange', 'C:\\git\\experiments\\watkins2_part1\\wueste.jpg'), ('Kamera', 'Sofa', 'C:\\git\\experiments\\watkins2_part1\\wueste.jpg', 'C:\\git\\experiments\\watkins2_part1\\berg.jpg'), ('Laub', 'Schal', 'C:\\git\\experiments\\watkins2_part1\\wueste.jpg', 'C:\\git\\experiments\\watkins2_part1\\strand.jpg'), ('Fahrrad', 'Säge', 'C:\\git\\experiments\\watkins2_part1\\wald.jpg', 'C:\\git\\experiments\\watkins2_part1\\berg.jpg'), ('Bohrer', 'Hemd', 'C:\\git\\experiments\\watkins2_part1\\strand.jpg'), ('Katze', 'Topf', 'C:\\git\\experiments\\watkins2_part1\\berg.jpg'), ('Ball', 'Flugzeug', 'C:\\git\\experiments\\watkins2_part1\\wald.jpg'), ('Hammer', 'Mappe', 'C:\\git\\experiments\\watkins2_part1\\berg.jpg'), ('Staffelei', 'Dünger', 'C:\\git\\experiments\\watkins2_part1\\wald.jpg', 'C:\\git\\experiments\\watkins2_part1\\strand.jpg'), ('Locher', 'Tasse', 'C:\\git\\experiments\\watkins2_part1\\wueste.jpg', 'C:\\git\\experiments\\watkins2_part1\\wald.jpg'), ('Wind', 'Bus', 'C:\\git\\experiments\\watkins2_part1\\wueste.jpg'), ('Jacke', 'Trommel', 'C:\\git\\experiments\\watkins2_part1\\berg.jpg', 'C:\\git\\experiments\\watkins2_part1\\wald.jpg'), ('Rasen', 'Würfel', 'C:\\git\\experiments\\watkins2_part1\\berg.jpg')]",,,,,,,,,,,,,,,,,,,,,,,,,,,,,,,127,2026-08-21_15h12.05.708,watkins2_part1,,2026.1.3,143.20020974272663,3,22,Weiblich,Muttersprache,Abitur,Psychologie,Bachelor,2026-08-21 15h12.06.277279 +0200,
15,0,15,,15,0,15,0,,,,,206.05506200005766,,,,,,,,,,,,,,,,,,,,,,,,,,,,206.04839830007404,206.536378000048,206.55069260008167,206.55541510006879,214.5518490000395,Bohrer,Hemd,C:\git\experiments\watkins2_part1\strand.jpg,"['Bohrer', 'Hemd', 'C:\\git\\experiments\\watkins2_part1\\strand.jpg']",study,3,"[('Tee', 'Lampe', 'C:\\git\\experiments\\watkins2_part1\\strand.jpg', 'C:\\git\\experiments\\watkins2_part1\\wald.jpg'), ('Flöte', 'Wolke', 'C:\\git\\experiments\\watkins2_part1\\wald.jpg'), ('Birne', 'Goldfisch', 'C:\\git\\experiments\\watkins2_part1\\berg.jpg', 'C:\\git\\experiments\\watkins2_part1\\strand.jpg'), ('Bett', 'Regen', 'C:\\git\\experiments\\watkins2_part1\\wueste.jpg'), ('Kaffee', 'Skulptur', 'C:\\git\\experiments\\watkins2_part1\\wald.jpg', 'C:\\git\\experiments\\watkins2_part1\\wueste.jpg'), ('Matsch', 'Zange', 'C:\\git\\experiments\\watkins2_part1\\strand.jpg', 'C:\\git\\experiments\\watkins2_part1\\berg.jpg'), ('Joggen', 'Banane', 'C:\\git\\experiments\\watkins2_part1\\strand.jpg', 'C:\\git\\experiments\\watkins2_part1\\wueste.jpg'), ('Schnee', 'Nichte', 'C:\\git\\experiments\\watkins2_part1\\wald.jpg'), ('Teller', 'Großvater', 'C:\\git\\experiments\\watkins2_part1\\strand.jpg'), ('Computer', 'Schwimmen', 'C:\\git\\experiments\\watkins2_part1\\strand.jpg'), ('Traube', 'Limonade', 'C:\\git\\experiments\\watkins2_part1\\berg.jpg', 'C:\\git\\experiments\\watkins2_part1\\wueste.jpg'), ('Löffel', 'Orange', 'C:\\git\\experiments\\watkins2_part1\\wueste.jpg'), ('Kamera', 'Sofa', 'C:\\git\\experiments\\watkins2_part1\\wueste.jpg', 'C:\\git\\experiments\\watkins2_part1\\berg.jpg'), ('Laub', 'Schal', 'C:\\git\\experiments\\watkins2_part1\\wueste.jpg', 'C:\\git\\experiments\\watkins2_part1\\strand.jpg'), ('Fahrrad', 'Säge', 'C:\\git\\experiments\\watkins2_part1\\wald.jpg', 'C:\\git\\experiments\\watkins2_part1\\berg.jpg'), ('Bohrer', 'Hemd', 'C:\\git\\experiments\\watkins2_part1\\strand.jpg'), ('Katze', 'Topf', 'C:\\git\\experiments\\watkins2_part1\\berg.jpg'), ('Ball', 'Flugzeug', 'C:\\git\\experiments\\watkins2_part1\\wald.jpg'), ('Hammer', 'Mappe', 'C:\\git\\experiments\\watkins2_part1\\berg.jpg'), ('Staffelei', 'Dünger', 'C:\\git\\experiments\\watkins2_part1\\wald.jpg', 'C:\\git\\experiments\\watkins2_part1\\strand.jpg'), ('Locher', 'Tasse', 'C:\\git\\experiments\\watkins2_part1\\wueste.jpg', 'C:\\git\\experiments\\watkins2_part1\\wald.jpg'), ('Wind', 'Bus', 'C:\\git\\experiments\\watkins2_part1\\wueste.jpg'), ('Jacke', 'Trommel', 'C:\\git\\experiments\\watkins2_part1\\berg.jpg', 'C:\\git\\experiments\\watkins2_part1\\wald.jpg'), ('Rasen', 'Würfel', 'C:\\git\\experiments\\watkins2_part1\\berg.jpg')]",,,,,,,,,,,,,,,,,,,,,,,,,,,,,,,127,2026-08-21_15h12.05.708,watkins2_part1,,2026.1.3,143.20020974272663,3,22,Weiblich,Muttersprache,Abitur,Psychologie,Bachelor,2026-08-21 15h12.06.277279 +0200,
16,0,16,,16,0,16,0,,,,,214.55882210005075,,,,,,,,,,,,,,,,,,,,,,,,,,,,214.5520392000908,215.04021600005217,215.07042000000365,215.07509940001182,223.05878770002164,Katze,Topf,C:\git\experiments\watkins2_part1\berg.jpg,"['Katze', 'Topf', 'C:\\git\\experiments\\watkins2_part1\\berg.jpg']",study,3,"[('Tee', 'Lampe', 'C:\\git\\experiments\\watkins2_part1\\strand.jpg', 'C:\\git\\experiments\\watkins2_part1\\wald.jpg'), ('Flöte', 'Wolke', 'C:\\git\\experiments\\watkins2_part1\\wald.jpg'), ('Birne', 'Goldfisch', 'C:\\git\\experiments\\watkins2_part1\\berg.jpg', 'C:\\git\\experiments\\watkins2_part1\\strand.jpg'), ('Bett', 'Regen', 'C:\\git\\experiments\\watkins2_part1\\wueste.jpg'), ('Kaffee', 'Skulptur', 'C:\\git\\experiments\\watkins2_part1\\wald.jpg', 'C:\\git\\experiments\\watkins2_part1\\wueste.jpg'), ('Matsch', 'Zange', 'C:\\git\\experiments\\watkins2_part1\\strand.jpg', 'C:\\git\\experiments\\watkins2_part1\\berg.jpg'), ('Joggen', 'Banane', 'C:\\git\\experiments\\watkins2_part1\\strand.jpg', 'C:\\git\\experiments\\watkins2_part1\\wueste.jpg'), ('Schnee', 'Nichte', 'C:\\git\\experiments\\watkins2_part1\\wald.jpg'), ('Teller', 'Großvater', 'C:\\git\\experiments\\watkins2_part1\\strand.jpg'), ('Computer', 'Schwimmen', 'C:\\git\\experiments\\watkins2_part1\\strand.jpg'), ('Traube', 'Limonade', 'C:\\git\\experiments\\watkins2_part1\\berg.jpg', 'C:\\git\\experiments\\watkins2_part1\\wueste.jpg'), ('Löffel', 'Orange', 'C:\\git\\experiments\\watkins2_part1\\wueste.jpg'), ('Kamera', 'Sofa', 'C:\\git\\experiments\\watkins2_part1\\wueste.jpg', 'C:\\git\\experiments\\watkins2_part1\\berg.jpg'), ('Laub', 'Schal', 'C:\\git\\experiments\\watkins2_part1\\wueste.jpg', 'C:\\git\\experiments\\watkins2_part1\\strand.jpg'), ('Fahrrad', 'Säge', 'C:\\git\\experiments\\watkins2_part1\\wald.jpg', 'C:\\git\\experiments\\watkins2_part1\\berg.jpg'), ('Bohrer', 'Hemd', 'C:\\git\\experiments\\watkins2_part1\\strand.jpg'), ('Katze', 'Topf', 'C:\\git\\experiments\\watkins2_part1\\berg.jpg'), ('Ball', 'Flugzeug', 'C:\\git\\experiments\\watkins2_part1\\wald.jpg'), ('Hammer', 'Mappe', 'C:\\git\\experiments\\watkins2_part1\\berg.jpg'), ('Staffelei', 'Dünger', 'C:\\git\\experiments\\watkins2_part1\\wald.jpg', 'C:\\git\\experiments\\watkins2_part1\\strand.jpg'), ('Locher', 'Tasse', 'C:\\git\\experiments\\watkins2_part1\\wueste.jpg', 'C:\\git\\experiments\\watkins2_part1\\wald.jpg'), ('Wind', 'Bus', 'C:\\git\\experiments\\watkins2_part1\\wueste.jpg'), ('Jacke', 'Trommel', 'C:\\git\\experiments\\watkins2_part1\\berg.jpg', 'C:\\git\\experiments\\watkins2_part1\\wald.jpg'), ('Rasen', 'Würfel', 'C:\\git\\experiments\\watkins2_part1\\berg.jpg')]",,,,,,,,,,,,,,,,,,,,,,,,,,,,,,,127,2026-08-21_15h12.05.708,watkins2_part1,,2026.1.3,143.20020974272663,3,22,Weiblich,Muttersprache,Abitur,Psychologie,Bachelor,2026-08-21 15h12.06.277279 +0200,
17,0,17,,17,0,17,0,,,,,223.06566200009547,,,,,,,,,,,,,,,,,,,,,,,,,,,,223.05897560005542,223.54695530002937,223.56762520002667,223.57468330010306,231.56119929999113,Ball,Flugzeug,C:\git\experiments\watkins2_part1\wald.jpg,"['Ball', 'Flugzeug', 'C:\\git\\experiments\\watkins2_part1\\wald.jpg']",study,3,"[('Tee', 'Lampe', 'C:\\git\\experiments\\watkins2_part1\\strand.jpg', 'C:\\git\\experiments\\watkins2_part1\\wald.jpg'), ('Flöte', 'Wolke', 'C:\\git\\experiments\\watkins2_part1\\wald.jpg'), ('Birne', 'Goldfisch', 'C:\\git\\experiments\\watkins2_part1\\berg.jpg', 'C:\\git\\experiments\\watkins2_part1\\strand.jpg'), ('Bett', 'Regen', 'C:\\git\\experiments\\watkins2_part1\\wueste.jpg'), ('Kaffee', 'Skulptur', 'C:\\git\\experiments\\watkins2_part1\\wald.jpg', 'C:\\git\\experiments\\watkins2_part1\\wueste.jpg'), ('Matsch', 'Zange', 'C:\\git\\experiments\\watkins2_part1\\strand.jpg', 'C:\\git\\experiments\\watkins2_part1\\berg.jpg'), ('Joggen', 'Banane', 'C:\\git\\experiments\\watkins2_part1\\strand.jpg', 'C:\\git\\experiments\\watkins2_part1\\wueste.jpg'), ('Schnee', 'Nichte', 'C:\\git\\experiments\\watkins2_part1\\wald.jpg'), ('Teller', 'Großvater', 'C:\\git\\experiments\\watkins2_part1\\strand.jpg'), ('Computer', 'Schwimmen', 'C:\\git\\experiments\\watkins2_part1\\strand.jpg'), ('Traube', 'Limonade', 'C:\\git\\experiments\\watkins2_part1\\berg.jpg', 'C:\\git\\experiments\\watkins2_part1\\wueste.jpg'), ('Löffel', 'Orange', 'C:\\git\\experiments\\watkins2_part1\\wueste.jpg'), ('Kamera', 'Sofa', 'C:\\git\\experiments\\watkins2_part1\\wueste.jpg', 'C:\\git\\experiments\\watkins2_part1\\berg.jpg'), ('Laub', 'Schal', 'C:\\git\\experiments\\watkins2_part1\\wueste.jpg', 'C:\\git\\experiments\\watkins2_part1\\strand.jpg'), ('Fahrrad', 'Säge', 'C:\\git\\experiments\\watkins2_part1\\wald.jpg', 'C:\\git\\experiments\\watkins2_part1\\berg.jpg'), ('Bohrer', 'Hemd', 'C:\\git\\experiments\\watkins2_part1\\strand.jpg'), ('Katze', 'Topf', 'C:\\git\\experiments\\watkins2_part1\\berg.jpg'), ('Ball', 'Flugzeug', 'C:\\git\\experiments\\watkins2_part1\\wald.jpg'), ('Hammer', 'Mappe', 'C:\\git\\experiments\\watkins2_part1\\berg.jpg'), ('Staffelei', 'Dünger', 'C:\\git\\experiments\\watkins2_part1\\wald.jpg', 'C:\\git\\experiments\\watkins2_part1\\strand.jpg'), ('Locher', 'Tasse', 'C:\\git\\experiments\\watkins2_part1\\wueste.jpg', 'C:\\git\\experiments\\watkins2_part1\\wald.jpg'), ('Wind', 'Bus', 'C:\\git\\experiments\\watkins2_part1\\wueste.jpg'), ('Jacke', 'Trommel', 'C:\\git\\experiments\\watkins2_part1\\berg.jpg', 'C:\\git\\experiments\\watkins2_part1\\wald.jpg'), ('Rasen', 'Würfel', 'C:\\git\\experiments\\watkins2_part1\\berg.jpg')]",,,,,,,,,,,,,,,,,,,,,,,,,,,,,,,127,2026-08-21_15h12.05.708,watkins2_part1,,2026.1.3,143.20020974272663,3,22,Weiblich,Muttersprache,Abitur,Psychologie,Bachelor,2026-08-21 15h12.06.277279 +0200,
18,0,18,,18,0,18,0,,,,,231.56806790002156,,,,,,,,,,,,,,,,,,,,,,,,,,,,231.56138870003633,232.04917840007693,232.07965480000712,232.085162900039,240.06184580002446,Hammer,Mappe,C:\git\experiments\watkins2_part1\berg.jpg,"['Hammer', 'Mappe', 'C:\\git\\experiments\\watkins2_part1\\berg.jpg']",study,3,"[('Tee', 'Lampe', 'C:\\git\\experiments\\watkins2_part1\\strand.jpg', 'C:\\git\\experiments\\watkins2_part1\\wald.jpg'), ('Flöte', 'Wolke', 'C:\\git\\experiments\\watkins2_part1\\wald.jpg'), ('Birne', 'Goldfisch', 'C:\\git\\experiments\\watkins2_part1\\berg.jpg', 'C:\\git\\experiments\\watkins2_part1\\strand.jpg'), ('Bett', 'Regen', 'C:\\git\\experiments\\watkins2_part1\\wueste.jpg'), ('Kaffee', 'Skulptur', 'C:\\git\\experiments\\watkins2_part1\\wald.jpg', 'C:\\git\\experiments\\watkins2_part1\\wueste.jpg'), ('Matsch', 'Zange', 'C:\\git\\experiments\\watkins2_part1\\strand.jpg', 'C:\\git\\experiments\\watkins2_part1\\berg.jpg'), ('Joggen', 'Banane', 'C:\\git\\experiments\\watkins2_part1\\strand.jpg', 'C:\\git\\experiments\\watkins2_part1\\wueste.jpg'), ('Schnee', 'Nichte', 'C:\\git\\experiments\\watkins2_part1\\wald.jpg'), ('Teller', 'Großvater', 'C:\\git\\experiments\\watkins2_part1\\strand.jpg'), ('Computer', 'Schwimmen', 'C:\\git\\experiments\\watkins2_part1\\strand.jpg'), ('Traube', 'Limonade', 'C:\\git\\experiments\\watkins2_part1\\berg.jpg', 'C:\\git\\experiments\\watkins2_part1\\wueste.jpg'), ('Löffel', 'Orange', 'C:\\git\\experiments\\watkins2_part1\\wueste.jpg'), ('Kamera', 'Sofa', 'C:\\git\\experiments\\watkins2_part1\\wueste.jpg', 'C:\\git\\experiments\\watkins2_part1\\berg.jpg'), ('Laub', 'Schal', 'C:\\git\\experiments\\watkins2_part1\\wueste.jpg', 'C:\\git\\experiments\\watkins2_part1\\strand.jpg'), ('Fahrrad', 'Säge', 'C:\\git\\experiments\\watkins2_part1\\wald.jpg', 'C:\\git\\experiments\\watkins2_part1\\berg.jpg'), ('Bohrer', 'Hemd', 'C:\\git\\experiments\\watkins2_part1\\strand.jpg'), ('Katze', 'Topf', 'C:\\git\\experiments\\watkins2_part1\\berg.jpg'), ('Ball', 'Flugzeug', 'C:\\git\\experiments\\watkins2_part1\\wald.jpg'), ('Hammer', 'Mappe', 'C:\\git\\experiments\\watkins2_part1\\berg.jpg'), ('Staffelei', 'Dünger', 'C:\\git\\experiments\\watkins2_part1\\wald.jpg', 'C:\\git\\experiments\\watkins2_part1\\strand.jpg'), ('Locher', 'Tasse', 'C:\\git\\experiments\\watkins2_part1\\wueste.jpg', 'C:\\git\\experiments\\watkins2_part1\\wald.jpg'), ('Wind', 'Bus', 'C:\\git\\experiments\\watkins2_part1\\wueste.jpg'), ('Jacke', 'Trommel', 'C:\\git\\experiments\\watkins2_part1\\berg.jpg', 'C:\\git\\experiments\\watkins2_part1\\wald.jpg'), ('Rasen', 'Würfel', 'C:\\git\\experiments\\watkins2_part1\\berg.jpg')]",,,,,,,,,,,,,,,,,,,,,,,,,,,,,,,127,2026-08-21_15h12.05.708,watkins2_part1,,2026.1.3,143.20020974272663,3,22,Weiblich,Muttersprache,Abitur,Psychologie,Bachelor,2026-08-21 15h12.06.277279 +0200,
19,0,19,,19,0,19,0,,,,,240.06867619999684,,,,,,,,,,,,,,,,,,,,,,,,,,,,240.0620361000765,240.54981240001507,240.57053800008725,240.57342560007237,248.5649962000316,Staffelei,Dünger,C:\git\experiments\watkins2_part1\wald.jpg,"['Staffelei', 'Dünger', 'C:\\git\\experiments\\watkins2_part1\\wald.jpg']",restudy_diff,3,"[('Tee', 'Lampe', 'C:\\git\\experiments\\watkins2_part1\\strand.jpg', 'C:\\git\\experiments\\watkins2_part1\\wald.jpg'), ('Flöte', 'Wolke', 'C:\\git\\experiments\\watkins2_part1\\wald.jpg'), ('Birne', 'Goldfisch', 'C:\\git\\experiments\\watkins2_part1\\berg.jpg', 'C:\\git\\experiments\\watkins2_part1\\strand.jpg'), ('Bett', 'Regen', 'C:\\git\\experiments\\watkins2_part1\\wueste.jpg'), ('Kaffee', 'Skulptur', 'C:\\git\\experiments\\watkins2_part1\\wald.jpg', 'C:\\git\\experiments\\watkins2_part1\\wueste.jpg'), ('Matsch', 'Zange', 'C:\\git\\experiments\\watkins2_part1\\strand.jpg', 'C:\\git\\experiments\\watkins2_part1\\berg.jpg'), ('Joggen', 'Banane', 'C:\\git\\experiments\\watkins2_part1\\strand.jpg', 'C:\\git\\experiments\\watkins2_part1\\wueste.jpg'), ('Schnee', 'Nichte', 'C:\\git\\experiments\\watkins2_part1\\wald.jpg'), ('Teller', 'Großvater', 'C:\\git\\experiments\\watkins2_part1\\strand.jpg'), ('Computer', 'Schwimmen', 'C:\\git\\experiments\\watkins2_part1\\strand.jpg'), ('Traube', 'Limonade', 'C:\\git\\experiments\\watkins2_part1\\berg.jpg', 'C:\\git\\experiments\\watkins2_part1\\wueste.jpg'), ('Löffel', 'Orange', 'C:\\git\\experiments\\watkins2_part1\\wueste.jpg'), ('Kamera', 'Sofa', 'C:\\git\\experiments\\watkins2_part1\\wueste.jpg', 'C:\\git\\experiments\\watkins2_part1\\berg.jpg'), ('Laub', 'Schal', 'C:\\git\\experiments\\watkins2_part1\\wueste.jpg', 'C:\\git\\experiments\\watkins2_part1\\strand.jpg'), ('Fahrrad', 'Säge', 'C:\\git\\experiments\\watkins2_part1\\wald.jpg', 'C:\\git\\experiments\\watkins2_part1\\berg.jpg'), ('Bohrer', 'Hemd', 'C:\\git\\experiments\\watkins2_part1\\strand.jpg'), ('Katze', 'Topf', 'C:\\git\\experiments\\watkins2_part1\\berg.jpg'), ('Ball', 'Flugzeug', 'C:\\git\\experiments\\watkins2_part1\\wald.jpg'), ('Hammer', 'Mappe', 'C:\\git\\experiments\\watkins2_part1\\berg.jpg'), ('Staffelei', 'Dünger', 'C:\\git\\experiments\\watkins2_part1\\wald.jpg', 'C:\\git\\experiments\\watkins2_part1\\strand.jpg'), ('Locher', 'Tasse', 'C:\\git\\experiments\\watkins2_part1\\wueste.jpg', 'C:\\git\\experiments\\watkins2_part1\\wald.jpg'), ('Wind', 'Bus', 'C:\\git\\experiments\\watkins2_part1\\wueste.jpg'), ('Jacke', 'Trommel', 'C:\\git\\experiments\\watkins2_part1\\berg.jpg', 'C:\\git\\experiments\\watkins2_part1\\wald.jpg'), ('Rasen', 'Würfel', 'C:\\git\\experiments\\watkins2_part1\\berg.jpg')]",,,,,,,,,,,,,,,,,,,,,,,,,,,,,,,127,2026-08-21_15h12.05.708,watkins2_part1,,2026.1.3,143.20020974272663,3,22,Weiblich,Muttersprache,Abitur,Psychologie,Bachelor,2026-08-21 15h12.06.277279 +0200,
20,0,20,,20,0,20,0,,,,,248.5718372000847,,,,,,,,,,,,,,,,,,,,,,,,,,,,248.565185100073,249.05289180006366,249.07149680005386,249.07630600000266,257.065969999996,Locher,Tasse,C:\git\experiments\watkins2_part1\wueste.jpg,"['Locher', 'Tasse', 'C:\\git\\experiments\\watkins2_part1\\wueste.jpg']",restudy_diff,3,"[('Tee', 'Lampe', 'C:\\git\\experiments\\watkins2_part1\\strand.jpg', 'C:\\git\\experiments\\watkins2_part1\\wald.jpg'), ('Flöte', 'Wolke', 'C:\\git\\experiments\\watkins2_part1\\wald.jpg'), ('Birne', 'Goldfisch', 'C:\\git\\experiments\\watkins2_part1\\berg.jpg', 'C:\\git\\experiments\\watkins2_part1\\strand.jpg'), ('Bett', 'Regen', 'C:\\git\\experiments\\watkins2_part1\\wueste.jpg'), ('Kaffee', 'Skulptur', 'C:\\git\\experiments\\watkins2_part1\\wald.jpg', 'C:\\git\\experiments\\watkins2_part1\\wueste.jpg'), ('Matsch', 'Zange', 'C:\\git\\experiments\\watkins2_part1\\strand.jpg', 'C:\\git\\experiments\\watkins2_part1\\berg.jpg'), ('Joggen', 'Banane', 'C:\\git\\experiments\\watkins2_part1\\strand.jpg', 'C:\\git\\experiments\\watkins2_part1\\wueste.jpg'), ('Schnee', 'Nichte', 'C:\\git\\experiments\\watkins2_part1\\wald.jpg'), ('Teller', 'Großvater', 'C:\\git\\experiments\\watkins2_part1\\strand.jpg'), ('Computer', 'Schwimmen', 'C:\\git\\experiments\\watkins2_part1\\strand.jpg'), ('Traube', 'Limonade', 'C:\\git\\experiments\\watkins2_part1\\berg.jpg', 'C:\\git\\experiments\\watkins2_part1\\wueste.jpg'), ('Löffel', 'Orange', 'C:\\git\\experiments\\watkins2_part1\\wueste.jpg'), ('Kamera', 'Sofa', 'C:\\git\\experiments\\watkins2_part1\\wueste.jpg', 'C:\\git\\experiments\\watkins2_part1\\berg.jpg'), ('Laub', 'Schal', 'C:\\git\\experiments\\watkins2_part1\\wueste.jpg', 'C:\\git\\experiments\\watkins2_part1\\strand.jpg'), ('Fahrrad', 'Säge', 'C:\\git\\experiments\\watkins2_part1\\wald.jpg', 'C:\\git\\experiments\\watkins2_part1\\berg.jpg'), ('Bohrer', 'Hemd', 'C:\\git\\experiments\\watkins2_part1\\strand.jpg'), ('Katze', 'Topf', 'C:\\git\\experiments\\watkins2_part1\\berg.jpg'), ('Ball', 'Flugzeug', 'C:\\git\\experiments\\watkins2_part1\\wald.jpg'), ('Hammer', 'Mappe', 'C:\\git\\experiments\\watkins2_part1\\berg.jpg'), ('Staffelei', 'Dünger', 'C:\\git\\experiments\\watkins2_part1\\wald.jpg', 'C:\\git\\experiments\\watkins2_part1\\strand.jpg'), ('Locher', 'Tasse', 'C:\\git\\experiments\\watkins2_part1\\wueste.jpg', 'C:\\git\\experiments\\watkins2_part1\\wald.jpg'), ('Wind', 'Bus', 'C:\\git\\experiments\\watkins2_part1\\wueste.jpg'), ('Jacke', 'Trommel', 'C:\\git\\experiments\\watkins2_part1\\berg.jpg', 'C:\\git\\experiments\\watkins2_part1\\wald.jpg'), ('Rasen', 'Würfel', 'C:\\git\\experiments\\watkins2_part1\\berg.jpg')]",,,,,,,,,,,,,,,,,,,,,,,,,,,,,,,127,2026-08-21_15h12.05.708,watkins2_part1,,2026.1.3,143.20020974272663,3,22,Weiblich,Muttersprache,Abitur,Psychologie,Bachelor,2026-08-21 15h12.06.277279 +0200,
21,0,21,,21,0,21,0,,,,,257.07279360003304,,,,,,,,,,,,,,,,,,,,,,,,,,,,257.0661633000709,257.5540089000715,257.57021020003594,257.5741422000574,265.5692570999963,Wind,Bus,C:\git\experiments\watkins2_part1\wueste.jpg,"['Wind', 'Bus', 'C:\\git\\experiments\\watkins2_part1\\wueste.jpg']",study,3,"[('Tee', 'Lampe', 'C:\\git\\experiments\\watkins2_part1\\strand.jpg', 'C:\\git\\experiments\\watkins2_part1\\wald.jpg'), ('Flöte', 'Wolke', 'C:\\git\\experiments\\watkins2_part1\\wald.jpg'), ('Birne', 'Goldfisch', 'C:\\git\\experiments\\watkins2_part1\\berg.jpg', 'C:\\git\\experiments\\watkins2_part1\\strand.jpg'), ('Bett', 'Regen', 'C:\\git\\experiments\\watkins2_part1\\wueste.jpg'), ('Kaffee', 'Skulptur', 'C:\\git\\experiments\\watkins2_part1\\wald.jpg', 'C:\\git\\experiments\\watkins2_part1\\wueste.jpg'), ('Matsch', 'Zange', 'C:\\git\\experiments\\watkins2_part1\\strand.jpg', 'C:\\git\\experiments\\watkins2_part1\\berg.jpg'), ('Joggen', 'Banane', 'C:\\git\\experiments\\watkins2_part1\\strand.jpg', 'C:\\git\\experiments\\watkins2_part1\\wueste.jpg'), ('Schnee', 'Nichte', 'C:\\git\\experiments\\watkins2_part1\\wald.jpg'), ('Teller', 'Großvater', 'C:\\git\\experiments\\watkins2_part1\\strand.jpg'), ('Computer', 'Schwimmen', 'C:\\git\\experiments\\watkins2_part1\\strand.jpg'), ('Traube', 'Limonade', 'C:\\git\\experiments\\watkins2_part1\\berg.jpg', 'C:\\git\\experiments\\watkins2_part1\\wueste.jpg'), ('Löffel', 'Orange', 'C:\\git\\experiments\\watkins2_part1\\wueste.jpg'), ('Kamera', 'Sofa', 'C:\\git\\experiments\\watkins2_part1\\wueste.jpg', 'C:\\git\\experiments\\watkins2_part1\\berg.jpg'), ('Laub', 'Schal', 'C:\\git\\experiments\\watkins2_part1\\wueste.jpg', 'C:\\git\\experiments\\watkins2_part1\\strand.jpg'), ('Fahrrad', 'Säge', 'C:\\git\\experiments\\watkins2_part1\\wald.jpg', 'C:\\git\\experiments\\watkins2_part1\\berg.jpg'), ('Bohrer', 'Hemd', 'C:\\git\\experiments\\watkins2_part1\\strand.jpg'), ('Katze', 'Topf', 'C:\\git\\experiments\\watkins2_part1\\berg.jpg'), ('Ball', 'Flugzeug', 'C:\\git\\experiments\\watkins2_part1\\wald.jpg'), ('Hammer', 'Mappe', 'C:\\git\\experiments\\watkins2_part1\\berg.jpg'), ('Staffelei', 'Dünger', 'C:\\git\\experiments\\watkins2_part1\\wald.jpg', 'C:\\git\\experiments\\watkins2_part1\\strand.jpg'), ('Locher', 'Tasse', 'C:\\git\\experiments\\watkins2_part1\\wueste.jpg', 'C:\\git\\experiments\\watkins2_part1\\wald.jpg'), ('Wind', 'Bus', 'C:\\git\\experiments\\watkins2_part1\\wueste.jpg'), ('Jacke', 'Trommel', 'C:\\git\\experiments\\watkins2_part1\\berg.jpg', 'C:\\git\\experiments\\watkins2_part1\\wald.jpg'), ('Rasen', 'Würfel', 'C:\\git\\experiments\\watkins2_part1\\berg.jpg')]",,,,,,,,,,,,,,,,,,,,,,,,,,,,,,,127,2026-08-21_15h12.05.708,watkins2_part1,,2026.1.3,143.20020974272663,3,22,Weiblich,Muttersprache,Abitur,Psychologie,Bachelor,2026-08-21 15h12.06.277279 +0200,
22,0,22,,22,0,22,0,,,,,265.57610780000687,,,,,,,,,,,,,,,,,,,,,,,,,,,,265.5694476000499,266.05716810002923,266.0856076000491,266.08991580002476,274.0699847000651,Jacke,Trommel,C:\git\experiments\watkins2_part1\berg.jpg,"['Jacke', 'Trommel', 'C:\\git\\experiments\\watkins2_part1\\berg.jpg']",restudy_diff,3,"[('Tee', 'Lampe', 'C:\\git\\experiments\\watkins2_part1\\strand.jpg', 'C:\\git\\experiments\\watkins2_part1\\wald.jpg'), ('Flöte', 'Wolke', 'C:\\git\\experiments\\watkins2_part1\\wald.jpg'), ('Birne', 'Goldfisch', 'C:\\git\\experiments\\watkins2_part1\\berg.jpg', 'C:\\git\\experiments\\watkins2_part1\\strand.jpg'), ('Bett', 'Regen', 'C:\\git\\experiments\\watkins2_part1\\wueste.jpg'), ('Kaffee', 'Skulptur', 'C:\\git\\experiments\\watkins2_part1\\wald.jpg', 'C:\\git\\experiments\\watkins2_part1\\wueste.jpg'), ('Matsch', 'Zange', 'C:\\git\\experiments\\watkins2_part1\\strand.jpg', 'C:\\git\\experiments\\watkins2_part1\\berg.jpg'), ('Joggen', 'Banane', 'C:\\git\\experiments\\watkins2_part1\\strand.jpg', 'C:\\git\\experiments\\watkins2_part1\\wueste.jpg'), ('Schnee', 'Nichte', 'C:\\git\\experiments\\watkins2_part1\\wald.jpg'), ('Teller', 'Großvater', 'C:\\git\\experiments\\watkins2_part1\\strand.jpg'), ('Computer', 'Schwimmen', 'C:\\git\\experiments\\watkins2_part1\\strand.jpg'), ('Traube', 'Limonade', 'C:\\git\\experiments\\watkins2_part1\\berg.jpg', 'C:\\git\\experiments\\watkins2_part1\\wueste.jpg'), ('Löffel', 'Orange', 'C:\\git\\experiments\\watkins2_part1\\wueste.jpg'), ('Kamera', 'Sofa', 'C:\\git\\experiments\\watkins2_part1\\wueste.jpg', 'C:\\git\\experiments\\watkins2_part1\\berg.jpg'), ('Laub', 'Schal', 'C:\\git\\experiments\\watkins2_part1\\wueste.jpg', 'C:\\git\\experiments\\watkins2_part1\\strand.jpg'), ('Fahrrad', 'Säge', 'C:\\git\\experiments\\watkins2_part1\\wald.jpg', 'C:\\git\\experiments\\watkins2_part1\\berg.jpg'), ('Bohrer', 'Hemd', 'C:\\git\\experiments\\watkins2_part1\\strand.jpg'), ('Katze', 'Topf', 'C:\\git\\experiments\\watkins2_part1\\berg.jpg'), ('Ball', 'Flugzeug', 'C:\\git\\experiments\\watkins2_part1\\wald.jpg'), ('Hammer', 'Mappe', 'C:\\git\\experiments\\watkins2_part1\\berg.jpg'), ('Staffelei', 'Dünger', 'C:\\git\\experiments\\watkins2_part1\\wald.jpg', 'C:\\git\\experiments\\watkins2_part1\\strand.jpg'), ('Locher', 'Tasse', 'C:\\git\\experiments\\watkins2_part1\\wueste.jpg', 'C:\\git\\experiments\\watkins2_part1\\wald.jpg'), ('Wind', 'Bus', 'C:\\git\\experiments\\watkins2_part1\\wueste.jpg'), ('Jacke', 'Trommel', 'C:\\git\\experiments\\watkins2_part1\\berg.jpg', 'C:\\git\\experiments\\watkins2_part1\\wald.jpg'), ('Rasen', 'Würfel', 'C:\\git\\experiments\\watkins2_part1\\berg.jpg')]",,,,,,,,,,,,,,,,,,,,,,,,,,,,,,,127,2026-08-21_15h12.05.708,watkins2_part1,,2026.1.3,143.20020974272663,3,22,Weiblich,Muttersprache,Abitur,Psychologie,Bachelor,2026-08-21 15h12.06.277279 +0200,
23,0,23,,23,0,23,0,,,,,274.0771118000848,,,,,,,,,,,,,,,,,,,,,,,,,,,,274.07017320010345,274.55838430009317,274.58342720009387,274.58897040004376,282.5757911000401,Rasen,Würfel,C:\git\experiments\watkins2_part1\berg.jpg,"['Rasen', 'Würfel', 'C:\\git\\experiments\\watkins2_part1\\berg.jpg']",study,3,"[('Tee', 'Lampe', 'C:\\git\\experiments\\watkins2_part1\\strand.jpg', 'C:\\git\\experiments\\watkins2_part1\\wald.jpg'), ('Flöte', 'Wolke', 'C:\\git\\experiments\\watkins2_part1\\wald.jpg'), ('Birne', 'Goldfisch', 'C:\\git\\experiments\\watkins2_part1\\berg.jpg', 'C:\\git\\experiments\\watkins2_part1\\strand.jpg'), ('Bett', 'Regen', 'C:\\git\\experiments\\watkins2_part1\\wueste.jpg'), ('Kaffee', 'Skulptur', 'C:\\git\\experiments\\watkins2_part1\\wald.jpg', 'C:\\git\\experiments\\watkins2_part1\\wueste.jpg'), ('Matsch', 'Zange', 'C:\\git\\experiments\\watkins2_part1\\strand.jpg', 'C:\\git\\experiments\\watkins2_part1\\berg.jpg'), ('Joggen', 'Banane', 'C:\\git\\experiments\\watkins2_part1\\strand.jpg', 'C:\\git\\experiments\\watkins2_part1\\wueste.jpg'), ('Schnee', 'Nichte', 'C:\\git\\experiments\\watkins2_part1\\wald.jpg'), ('Teller', 'Großvater', 'C:\\git\\experiments\\watkins2_part1\\strand.jpg'), ('Computer', 'Schwimmen', 'C:\\git\\experiments\\watkins2_part1\\strand.jpg'), ('Traube', 'Limonade', 'C:\\git\\experiments\\watkins2_part1\\berg.jpg', 'C:\\git\\experiments\\watkins2_part1\\wueste.jpg'), ('Löffel', 'Orange', 'C:\\git\\experiments\\watkins2_part1\\wueste.jpg'), ('Kamera', 'Sofa', 'C:\\git\\experiments\\watkins2_part1\\wueste.jpg', 'C:\\git\\experiments\\watkins2_part1\\berg.jpg'), ('Laub', 'Schal', 'C:\\git\\experiments\\watkins2_part1\\wueste.jpg', 'C:\\git\\experiments\\watkins2_part1\\strand.jpg'), ('Fahrrad', 'Säge', 'C:\\git\\experiments\\watkins2_part1\\wald.jpg', 'C:\\git\\experiments\\watkins2_part1\\berg.jpg'), ('Bohrer', 'Hemd', 'C:\\git\\experiments\\watkins2_part1\\strand.jpg'), ('Katze', 'Topf', 'C:\\git\\experiments\\watkins2_part1\\berg.jpg'), ('Ball', 'Flugzeug', 'C:\\git\\experiments\\watkins2_part1\\wald.jpg'), ('Hammer', 'Mappe', 'C:\\git\\experiments\\watkins2_part1\\berg.jpg'), ('Staffelei', 'Dünger', 'C:\\git\\experiments\\watkins2_part1\\wald.jpg', 'C:\\git\\experiments\\watkins2_part1\\strand.jpg'), ('Locher', 'Tasse', 'C:\\git\\experiments\\watkins2_part1\\wueste.jpg', 'C:\\git\\experiments\\watkins2_part1\\wald.jpg'), ('Wind', 'Bus', 'C:\\git\\experiments\\watkins2_part1\\wueste.jpg'), ('Jacke', 'Trommel', 'C:\\git\\experiments\\watkins2_part1\\berg.jpg', 'C:\\git\\experiments\\watkins2_part1\\wald.jpg'), ('Rasen', 'Würfel', 'C:\\git\\experiments\\watkins2_part1\\berg.jpg')]",,,,,,,,,,,,,,,,,,,,,,,,,,,,,,,127,2026-08-21_15h12.05.708,watkins2_part1,,2026.1.3,143.20020974272663,3,22,Weiblich,Muttersprache,Abitur,Psychologie,Bachelor,2026-08-21 15h12.06.277279 +0200,
,,,,,,,,,,,,,,,,,,,,,,,,,,,,,,,,,,,,,,,,,,,,,,,,,,3,,282.5762360000517,282.58263860002626,303.8060143000912,,,,,,,,,,,,,,,,,,,,,,,,,,,,127,2026-08-21_15h12.05.708,watkins2_part1,,2026.1.3,143.20020974272663,3,22,Weiblich,Muttersprache,Abitur,Psychologie,Bachelor,2026-08-21 15h12.06.277279 +0200,
,,,,,,,,,,,,,,,,,,,,,,,,,,,,,,,,,,,,,,,,,,,,,,,,,,3,,,,,303.8189460000722,317.0932921000058,,,,,,,,,,,,,,,,,,,,,,,,,,127,2026-08-21_15h12.05.708,watkins2_part1,,2026.1.3,143.20020974272663,3,22,Weiblich,Muttersprache,Abitur,Psychologie,Bachelor,2026-08-21 15h12.06.277279 +0200,
,,,,,,,,,,,,,,,,,,,,,,,,,,,,,,,,,,,,,,,,,,,,,,,,,,3,,,,,,,317.09355170000345,317.09362240007613,,,,,,,,,,,,,,,,,,,,,,,,127,2026-08-21_15h12.05.708,watkins2_part1,,2026.1.3,143.20020974272663,3,22,Weiblich,Muttersprache,Abitur,Psychologie,Bachelor,2026-08-21 15h12.06.277279 +0200,
,,,,,,,,,,,,,,,,,,,,,,,,,,,,,,,,,,,,,,317.09364790003747,318.0831484000664,,,,,,,,,,,3,,,,,,,,,,,,,,,,,,,,,,,,,,,,,,,,127,2026-08-21_15h12.05.708,watkins2_part1,,2026.1.3,143.20020974272663,3,22,Weiblich,Muttersprache,Abitur,Psychologie,Bachelor,2026-08-21 15h12.06.277279 +0200,
0,0,0,,,,,,0,0,0,0,318.0900107000489,,,,,,,,,,,,,,,,,,,,,,,,,,,,318.0835831000004,318.571258900105,,,,Kreisel,Leinwand,,"['Kreisel', 'Leinwand', 'C:\\git\\experiments\\watkins2_part1\\wald.jpg']",study_new,3,,,,,,,,,,,318.08343630004674,318.08348160004243,C:\git\experiments\watkins2_part1\wald.jpg,"[('Kreisel', 'Leinwand', 'C:\\git\\experiments\\watkins2_part1\\wald.jpg'), ('Matsch', 'Zange', 'C:\\git\\experiments\\watkins2_part1\\strand.jpg', 'C:\\git\\experiments\\watkins2_part1\\berg.jpg'), ('Locher', 'Tasse', 'C:\\git\\experiments\\watkins2_part1\\wueste.jpg', 'C:\\git\\experiments\\watkins2_part1\\wald.jpg'), ('Fahrrad', 'Säge', 'C:\\git\\experiments\\watkins2_part1\\wald.jpg', 'C:\\git\\experiments\\watkins2_part1\\berg.jpg'), ('Staffelei', 'Dünger', 'C:\\git\\experiments\\watkins2_part1\\wald.jpg', 'C:\\git\\experiments\\watkins2_part1\\strand.jpg'), ('Pinsel', 'Kaninchen', 'C:\\git\\experiments\\watkins2_part1\\berg.jpg'), ('Krümel', 'Umschlag', 'C:\\git\\experiments\\watkins2_part1\\wald.jpg'), ('Tee', 'Lampe', 'C:\\git\\experiments\\watkins2_part1\\strand.jpg', 'C:\\git\\experiments\\watkins2_part1\\wald.jpg'), ('Geige', 'Kakao', 'C:\\git\\experiments\\watkins2_part1\\wueste.jpg'), ('Mütze', 'Fernseher', 'C:\\git\\experiments\\watkins2_part1\\berg.jpg'), ('Jacke', 'Trommel', 'C:\\git\\experiments\\watkins2_part1\\berg.jpg', 'C:\\git\\experiments\\watkins2_part1\\wald.jpg'), ('Kaffee', 'Skulptur', 'C:\\git\\experiments\\watkins2_part1\\wald.jpg', 'C:\\git\\experiments\\watkins2_part1\\wueste.jpg'), ('Hamster', 'Drucker', 'C:\\git\\experiments\\watkins2_part1\\berg.jpg'), ('Onkel', 'Beet', 'C:\\git\\experiments\\watkins2_part1\\strand.jpg'), ('Boxen', 'Gitarre', 'C:\\git\\experiments\\watkins2_part1\\wueste.jpg'), ('Birne', 'Goldfisch', 'C:\\git\\experiments\\watkins2_part1\\berg.jpg', 'C:\\git\\experiments\\watkins2_part1\\strand.jpg'), ('Heft', 'Puzzle', 'C:\\git\\experiments\\watkins2_part1\\strand.jpg'), ('Schwester', 'Staub', 'C:\\git\\experiments\\watkins2_part1\\wald.jpg'), ('Laub', 'Schal', 'C:\\git\\experiments\\watkins2_part1\\wueste.jpg', 'C:\\git\\experiments\\watkins2_part1\\strand.jpg'), ('Joggen', 'Banane', 'C:\\git\\experiments\\watkins2_part1\\strand.jpg', 'C:\\git\\experiments\\watkins2_part1\\wueste.jpg'), ('Auto', 'Müll', 'C:\\git\\experiments\\watkins2_part1\\strand.jpg'), ('Fenster', 'Tennis', 'C:\\git\\experiments\\watkins2_part1\\wueste.jpg'), ('Kamera', 'Sofa', 'C:\\git\\experiments\\watkins2_part1\\wueste.jpg', 'C:\\git\\experiments\\watkins2_part1\\berg.jpg'), ('Traube', 'Limonade', 'C:\\git\\experiments\\watkins2_part1\\berg.jpg', 'C:\\git\\experiments\\watkins2_part1\\wueste.jpg')]",318.59126660006586,318.5996032000985,326.5841347000096,326.6034135000082,326.603464600048,326.6222402000567,326.62230340007227,None,None,,,,,,,,,127,2026-08-21_15h12.05.708,watkins2_part1,,2026.1.3,143.20020974272663,3,22,Weiblich,Muttersprache,Abitur,Psychologie,Bachelor,2026-08-21 15h12.06.277279 +0200,
1,0,1,,,,,,1,0,1,0,326.62800420005806,,,,,,,,,,,,,,,,,,,,,,,,,,,,326.6225771000609,327.108088200097,,,,Matsch,Zange,,"['Matsch', 'Zange', 'C:\\git\\experiments\\watkins2_part1\\berg.jpg']",restudy_diff,3,,,,,,,,,,,326.6224182000151,326.6224756001029,C:\git\experiments\watkins2_part1\berg.jpg,"[('Kreisel', 'Leinwand', 'C:\\git\\experiments\\watkins2_part1\\wald.jpg'), ('Matsch', 'Zange', 'C:\\git\\experiments\\watkins2_part1\\strand.jpg', 'C:\\git\\experiments\\watkins2_part1\\berg.jpg'), ('Locher', 'Tasse', 'C:\\git\\experiments\\watkins2_part1\\wueste.jpg', 'C:\\git\\experiments\\watkins2_part1\\wald.jpg'), ('Fahrrad', 'Säge', 'C:\\git\\experiments\\watkins2_part1\\wald.jpg', 'C:\\git\\experiments\\watkins2_part1\\berg.jpg'), ('Staffelei', 'Dünger', 'C:\\git\\experiments\\watkins2_part1\\wald.jpg', 'C:\\git\\experiments\\watkins2_part1\\strand.jpg'), ('Pinsel', 'Kaninchen', 'C:\\git\\experiments\\watkins2_part1\\berg.jpg'), ('Krümel', 'Umschlag', 'C:\\git\\experiments\\watkins2_part1\\wald.jpg'), ('Tee', 'Lampe', 'C:\\git\\experiments\\watkins2_part1\\strand.jpg', 'C:\\git\\experiments\\watkins2_part1\\wald.jpg'), ('Geige', 'Kakao', 'C:\\git\\experiments\\watkins2_part1\\wueste.jpg'), ('Mütze', 'Fernseher', 'C:\\git\\experiments\\watkins2_part1\\berg.jpg'), ('Jacke', 'Trommel', 'C:\\git\\experiments\\watkins2_part1\\berg.jpg', 'C:\\git\\experiments\\watkins2_part1\\wald.jpg'), ('Kaffee', 'Skulptur', 'C:\\git\\experiments\\watkins2_part1\\wald.jpg', 'C:\\git\\experiments\\watkins2_part1\\wueste.jpg'), ('Hamster', 'Drucker', 'C:\\git\\experiments\\watkins2_part1\\berg.jpg'), ('Onkel', 'Beet', 'C:\\git\\experiments\\watkins2_part1\\strand.jpg'), ('Boxen', 'Gitarre', 'C:\\git\\experiments\\watkins2_part1\\wueste.jpg'), ('Birne', 'Goldfisch', 'C:\\git\\experiments\\watkins2_part1\\berg.jpg', 'C:\\git\\experiments\\watkins2_part1\\strand.jpg'), ('Heft', 'Puzzle', 'C:\\git\\experiments\\watkins2_part1\\strand.jpg'), ('Schwester', 'Staub', 'C:\\git\\experiments\\watkins2_part1\\wald.jpg'), ('Laub', 'Schal', 'C:\\git\\experiments\\watkins2_part1\\wueste.jpg', 'C:\\git\\experiments\\watkins2_part1\\strand.jpg'), ('Joggen', 'Banane', 'C:\\git\\experiments\\watkins2_part1\\strand.jpg', 'C:\\git\\experiments\\watkins2_part1\\wueste.jpg'), ('Auto', 'Müll', 'C:\\git\\experiments\\watkins2_part1\\strand.jpg'), ('Fenster', 'Tennis', 'C:\\git\\experiments\\watkins2_part1\\wueste.jpg'), ('Kamera', 'Sofa', 'C:\\git\\experiments\\watkins2_part1\\wueste.jpg', 'C:\\git\\experiments\\watkins2_part1\\berg.jpg'), ('Traube', 'Limonade', 'C:\\git\\experiments\\watkins2_part1\\berg.jpg', 'C:\\git\\experiments\\watkins2_part1\\wueste.jpg')]",327.1367586000124,,327.13680580002256,327.1679845000617,335.1420932000037,335.1701579000801,335.1702153000515,None,None,,,327.17711000004783,,,,,,127,2026-08-21_15h12.05.708,watkins2_part1,,2026.1.3,143.20020974272663,3,22,Weiblich,Muttersprache,Abitur,Psychologie,Bachelor,2026-08-21 15h12.06.277279 +0200,
2,0,2,,,,,,2,0,2,0,335.17325670004357,,,,,,,,,,,,,,,,,,,,,,,,,,,,335.1704921000637,335.6556061001029,,,,Locher,Tasse,,"['Locher', 'Tasse', 'C:\\git\\experiments\\watkins2_part1\\wald.jpg']",restudy_diff,3,,,,,,,,,,,335.17033029999584,335.170390500105,C:\git\experiments\watkins2_part1\wald.jpg,"[('Kreisel', 'Leinwand', 'C:\\git\\experiments\\watkins2_part1\\wald.jpg'), ('Matsch', 'Zange', 'C:\\git\\experiments\\watkins2_part1\\strand.jpg', 'C:\\git\\experiments\\watkins2_part1\\berg.jpg'), ('Locher', 'Tasse', 'C:\\git\\experiments\\watkins2_part1\\wueste.jpg', 'C:\\git\\experiments\\watkins2_part1\\wald.jpg'), ('Fahrrad', 'Säge', 'C:\\git\\experiments\\watkins2_part1\\wald.jpg', 'C:\\git\\experiments\\watkins2_part1\\berg.jpg'), ('Staffelei', 'Dünger', 'C:\\git\\experiments\\watkins2_part1\\wald.jpg', 'C:\\git\\experiments\\watkins2_part1\\strand.jpg'), ('Pinsel', 'Kaninchen', 'C:\\git\\experiments\\watkins2_part1\\berg.jpg'), ('Krümel', 'Umschlag', 'C:\\git\\experiments\\watkins2_part1\\wald.jpg'), ('Tee', 'Lampe', 'C:\\git\\experiments\\watkins2_part1\\strand.jpg', 'C:\\git\\experiments\\watkins2_part1\\wald.jpg'), ('Geige', 'Kakao', 'C:\\git\\experiments\\watkins2_part1\\wueste.jpg'), ('Mütze', 'Fernseher', 'C:\\git\\experiments\\watkins2_part1\\berg.jpg'), ('Jacke', 'Trommel', 'C:\\git\\experiments\\watkins2_part1\\berg.jpg', 'C:\\git\\experiments\\watkins2_part1\\wald.jpg'), ('Kaffee', 'Skulptur', 'C:\\git\\experiments\\watkins2_part1\\wald.jpg', 'C:\\git\\experiments\\watkins2_part1\\wueste.jpg'), ('Hamster', 'Drucker', 'C:\\git\\experiments\\watkins2_part1\\berg.jpg'), ('Onkel', 'Beet', 'C:\\git\\experiments\\watkins2_part1\\strand.jpg'), ('Boxen', 'Gitarre', 'C:\\git\\experiments\\watkins2_part1\\wueste.jpg'), ('Birne', 'Goldfisch', 'C:\\git\\experiments\\watkins2_part1\\berg.jpg', 'C:\\git\\experiments\\watkins2_part1\\strand.jpg'), ('Heft', 'Puzzle', 'C:\\git\\experiments\\watkins2_part1\\strand.jpg'), ('Schwester', 'Staub', 'C:\\git\\experiments\\watkins2_part1\\wald.jpg'), ('Laub', 'Schal', 'C:\\git\\experiments\\watkins2_part1\\wueste.jpg', 'C:\\git\\experiments\\watkins2_part1\\strand.jpg'), ('Joggen', 'Banane', 'C:\\git\\experiments\\watkins2_part1\\strand.jpg', 'C:\\git\\experiments\\watkins2_part1\\wueste.jpg'), ('Auto', 'Müll', 'C:\\git\\experiments\\watkins2_part1\\strand.jpg'), ('Fenster', 'Tennis', 'C:\\git\\experiments\\watkins2_part1\\wueste.jpg'), ('Kamera', 'Sofa', 'C:\\git\\experiments\\watkins2_part1\\wueste.jpg', 'C:\\git\\experiments\\watkins2_part1\\berg.jpg'), ('Traube', 'Limonade', 'C:\\git\\experiments\\watkins2_part1\\berg.jpg', 'C:\\git\\experiments\\watkins2_part1\\wueste.jpg')]",335.67610270006116,,335.676149200066,335.6974201000994,343.6777245000703,343.69700060004834,343.69705880002584,None,None,,,335.7011910000583,,,,,,127,2026-08-21_15h12.05.708,watkins2_part1,,2026.1.3,143.20020974272663,3,22,Weiblich,Muttersprache,Abitur,Psychologie,Bachelor,2026-08-21 15h12.06.277279 +0200,
3,0,3,,,,,,3,0,3,0,343.70031119999476,,,,,,,,,,,,,,,,,,,,,,,,,,,,343.6973355000373,344.1821752000833,,,,Fahrrad,Säge,,"['Fahrrad', 'Säge', 'C:\\git\\experiments\\watkins2_part1\\berg.jpg']",restudy_diff,3,,,,,,,,,,,343.6971762001049,343.6972325000679,C:\git\experiments\watkins2_part1\berg.jpg,"[('Kreisel', 'Leinwand', 'C:\\git\\experiments\\watkins2_part1\\wald.jpg'), ('Matsch', 'Zange', 'C:\\git\\experiments\\watkins2_part1\\strand.jpg', 'C:\\git\\experiments\\watkins2_part1\\berg.jpg'), ('Locher', 'Tasse', 'C:\\git\\experiments\\watkins2_part1\\wueste.jpg', 'C:\\git\\experiments\\watkins2_part1\\wald.jpg'), ('Fahrrad', 'Säge', 'C:\\git\\experiments\\watkins2_part1\\wald.jpg', 'C:\\git\\experiments\\watkins2_part1\\berg.jpg'), ('Staffelei', 'Dünger', 'C:\\git\\experiments\\watkins2_part1\\wald.jpg', 'C:\\git\\experiments\\watkins2_part1\\strand.jpg'), ('Pinsel', 'Kaninchen', 'C:\\git\\experiments\\watkins2_part1\\berg.jpg'), ('Krümel', 'Umschlag', 'C:\\git\\experiments\\watkins2_part1\\wald.jpg'), ('Tee', 'Lampe', 'C:\\git\\experiments\\watkins2_part1\\strand.jpg', 'C:\\git\\experiments\\watkins2_part1\\wald.jpg'), ('Geige', 'Kakao', 'C:\\git\\experiments\\watkins2_part1\\wueste.jpg'), ('Mütze', 'Fernseher', 'C:\\git\\experiments\\watkins2_part1\\berg.jpg'), ('Jacke', 'Trommel', 'C:\\git\\experiments\\watkins2_part1\\berg.jpg', 'C:\\git\\experiments\\watkins2_part1\\wald.jpg'), ('Kaffee', 'Skulptur', 'C:\\git\\experiments\\watkins2_part1\\wald.jpg', 'C:\\git\\experiments\\watkins2_part1\\wueste.jpg'), ('Hamster', 'Drucker', 'C:\\git\\experiments\\watkins2_part1\\berg.jpg'), ('Onkel', 'Beet', 'C:\\git\\experiments\\watkins2_part1\\strand.jpg'), ('Boxen', 'Gitarre', 'C:\\git\\experiments\\watkins2_part1\\wueste.jpg'), ('Birne', 'Goldfisch', 'C:\\git\\experiments\\watkins2_part1\\berg.jpg', 'C:\\git\\experiments\\watkins2_part1\\strand.jpg'), ('Heft', 'Puzzle', 'C:\\git\\experiments\\watkins2_part1\\strand.jpg'), ('Schwester', 'Staub', 'C:\\git\\experiments\\watkins2_part1\\wald.jpg'), ('Laub', 'Schal', 'C:\\git\\experiments\\watkins2_part1\\wueste.jpg', 'C:\\git\\experiments\\watkins2_part1\\strand.jpg'), ('Joggen', 'Banane', 'C:\\git\\experiments\\watkins2_part1\\strand.jpg', 'C:\\git\\experiments\\watkins2_part1\\wueste.jpg'), ('Auto', 'Müll', 'C:\\git\\experiments\\watkins2_part1\\strand.jpg'), ('Fenster', 'Tennis', 'C:\\git\\experiments\\watkins2_part1\\wueste.jpg'), ('Kamera', 'Sofa', 'C:\\git\\experiments\\watkins2_part1\\wueste.jpg', 'C:\\git\\experiments\\watkins2_part1\\berg.jpg'), ('Traube', 'Limonade', 'C:\\git\\experiments\\watkins2_part1\\berg.jpg', 'C:\\git\\experiments\\watkins2_part1\\wueste.jpg')]",344.21103210002184,,344.2110778000206,344.24300050002057,352.21358310000505,352.24243890005164,352.2424964000238,None,None,,,344.2466889000498,,,,,,127,2026-08-21_15h12.05.708,watkins2_part1,,2026.1.3,143.20020974272663,3,22,Weiblich,Muttersprache,Abitur,Psychologie,Bachelor,2026-08-21 15h12.06.277279 +0200,
4,0,4,,,,,,4,0,4,0,352.245304100099,,,,,,,,,,,,,,,,,,,,,,,,,,,,352.24276510009076,352.72882960003335,,,,Staffelei,Dünger,,"['Staffelei', 'Dünger', 'C:\\git\\experiments\\watkins2_part1\\strand.jpg']",restudy_diff,3,,,,,,,,,,,352.24260890006553,352.24266390001867,C:\git\experiments\watkins2_part1\strand.jpg,"[('Kreisel', 'Leinwand', 'C:\\git\\experiments\\watkins2_part1\\wald.jpg'), ('Matsch', 'Zange', 'C:\\git\\experiments\\watkins2_part1\\strand.jpg', 'C:\\git\\experiments\\watkins2_part1\\berg.jpg'), ('Locher', 'Tasse', 'C:\\git\\experiments\\watkins2_part1\\wueste.jpg', 'C:\\git\\experiments\\watkins2_part1\\wald.jpg'), ('Fahrrad', 'Säge', 'C:\\git\\experiments\\watkins2_part1\\wald.jpg', 'C:\\git\\experiments\\watkins2_part1\\berg.jpg'), ('Staffelei', 'Dünger', 'C:\\git\\experiments\\watkins2_part1\\wald.jpg', 'C:\\git\\experiments\\watkins2_part1\\strand.jpg'), ('Pinsel', 'Kaninchen', 'C:\\git\\experiments\\watkins2_part1\\berg.jpg'), ('Krümel', 'Umschlag', 'C:\\git\\experiments\\watkins2_part1\\wald.jpg'), ('Tee', 'Lampe', 'C:\\git\\experiments\\watkins2_part1\\strand.jpg', 'C:\\git\\experiments\\watkins2_part1\\wald.jpg'), ('Geige', 'Kakao', 'C:\\git\\experiments\\watkins2_part1\\wueste.jpg'), ('Mütze', 'Fernseher', 'C:\\git\\experiments\\watkins2_part1\\berg.jpg'), ('Jacke', 'Trommel', 'C:\\git\\experiments\\watkins2_part1\\berg.jpg', 'C:\\git\\experiments\\watkins2_part1\\wald.jpg'), ('Kaffee', 'Skulptur', 'C:\\git\\experiments\\watkins2_part1\\wald.jpg', 'C:\\git\\experiments\\watkins2_part1\\wueste.jpg'), ('Hamster', 'Drucker', 'C:\\git\\experiments\\watkins2_part1\\berg.jpg'), ('Onkel', 'Beet', 'C:\\git\\experiments\\watkins2_part1\\strand.jpg'), ('Boxen', 'Gitarre', 'C:\\git\\experiments\\watkins2_part1\\wueste.jpg'), ('Birne', 'Goldfisch', 'C:\\git\\experiments\\watkins2_part1\\berg.jpg', 'C:\\git\\experiments\\watkins2_part1\\strand.jpg'), ('Heft', 'Puzzle', 'C:\\git\\experiments\\watkins2_part1\\strand.jpg'), ('Schwester', 'Staub', 'C:\\git\\experiments\\watkins2_part1\\wald.jpg'), ('Laub', 'Schal', 'C:\\git\\experiments\\watkins2_part1\\wueste.jpg', 'C:\\git\\experiments\\watkins2_part1\\strand.jpg'), ('Joggen', 'Banane', 'C:\\git\\experiments\\watkins2_part1\\strand.jpg', 'C:\\git\\experiments\\watkins2_part1\\wueste.jpg'), ('Auto', 'Müll', 'C:\\git\\experiments\\watkins2_part1\\strand.jpg'), ('Fenster', 'Tennis', 'C:\\git\\experiments\\watkins2_part1\\wueste.jpg'), ('Kamera', 'Sofa', 'C:\\git\\experiments\\watkins2_part1\\wueste.jpg', 'C:\\git\\experiments\\watkins2_part1\\berg.jpg'), ('Traube', 'Limonade', 'C:\\git\\experiments\\watkins2_part1\\berg.jpg', 'C:\\git\\experiments\\watkins2_part1\\wueste.jpg')]",352.7432490000501,,352.7432948000496,352.7580708001042,360.7480399000924,360.761098899995,360.76115540007595,None,None,,,352.7622714000754,,,,,,127,2026-08-21_15h12.05.708,watkins2_part1,,2026.1.3,143.20020974272663,3,22,Weiblich,Muttersprache,Abitur,Psychologie,Bachelor,2026-08-21 15h12.06.277279 +0200,
5,0,5,,,,,,5,0,5,0,360.7639730999945,,,,,,,,,,,,,,,,,,,,,,,,,,,,360.76142260001507,361.24624790006783,,,,Pinsel,Kaninchen,,"['Pinsel', 'Kaninchen', 'C:\\git\\experiments\\watkins2_part1\\berg.jpg']",study_new,3,,,,,,,,,,,360.7612685000058,360.76132280007005,C:\git\experiments\watkins2_part1\berg.jpg,"[('Kreisel', 'Leinwand', 'C:\\git\\experiments\\watkins2_part1\\wald.jpg'), ('Matsch', 'Zange', 'C:\\git\\experiments\\watkins2_part1\\strand.jpg', 'C:\\git\\experiments\\watkins2_part1\\berg.jpg'), ('Locher', 'Tasse', 'C:\\git\\experiments\\watkins2_part1\\wueste.jpg', 'C:\\git\\experiments\\watkins2_part1\\wald.jpg'), ('Fahrrad', 'Säge', 'C:\\git\\experiments\\watkins2_part1\\wald.jpg', 'C:\\git\\experiments\\watkins2_part1\\berg.jpg'), ('Staffelei', 'Dünger', 'C:\\git\\experiments\\watkins2_part1\\wald.jpg', 'C:\\git\\experiments\\watkins2_part1\\strand.jpg'), ('Pinsel', 'Kaninchen', 'C:\\git\\experiments\\watkins2_part1\\berg.jpg'), ('Krümel', 'Umschlag', 'C:\\git\\experiments\\watkins2_part1\\wald.jpg'), ('Tee', 'Lampe', 'C:\\git\\experiments\\watkins2_part1\\strand.jpg', 'C:\\git\\experiments\\watkins2_part1\\wald.jpg'), ('Geige', 'Kakao', 'C:\\git\\experiments\\watkins2_part1\\wueste.jpg'), ('Mütze', 'Fernseher', 'C:\\git\\experiments\\watkins2_part1\\berg.jpg'), ('Jacke', 'Trommel', 'C:\\git\\experiments\\watkins2_part1\\berg.jpg', 'C:\\git\\experiments\\watkins2_part1\\wald.jpg'), ('Kaffee', 'Skulptur', 'C:\\git\\experiments\\watkins2_part1\\wald.jpg', 'C:\\git\\experiments\\watkins2_part1\\wueste.jpg'), ('Hamster', 'Drucker', 'C:\\git\\experiments\\watkins2_part1\\berg.jpg'), ('Onkel', 'Beet', 'C:\\git\\experiments\\watkins2_part1\\strand.jpg'), ('Boxen', 'Gitarre', 'C:\\git\\experiments\\watkins2_part1\\wueste.jpg'), ('Birne', 'Goldfisch', 'C:\\git\\experiments\\watkins2_part1\\berg.jpg', 'C:\\git\\experiments\\watkins2_part1\\strand.jpg'), ('Heft', 'Puzzle', 'C:\\git\\experiments\\watkins2_part1\\strand.jpg'), ('Schwester', 'Staub', 'C:\\git\\experiments\\watkins2_part1\\wald.jpg'), ('Laub', 'Schal', 'C:\\git\\experiments\\watkins2_part1\\wueste.jpg', 'C:\\git\\experiments\\watkins2_part1\\strand.jpg'), ('Joggen', 'Banane', 'C:\\git\\experiments\\watkins2_part1\\strand.jpg', 'C:\\git\\experiments\\watkins2_part1\\wueste.jpg'), ('Auto', 'Müll', 'C:\\git\\experiments\\watkins2_part1\\strand.jpg'), ('Fenster', 'Tennis', 'C:\\git\\experiments\\watkins2_part1\\wueste.jpg'), ('Kamera', 'Sofa', 'C:\\git\\experiments\\watkins2_part1\\wueste.jpg', 'C:\\git\\experiments\\watkins2_part1\\berg.jpg'), ('Traube', 'Limonade', 'C:\\git\\experiments\\watkins2_part1\\berg.jpg', 'C:\\git\\experiments\\watkins2_part1\\wueste.jpg')]",361.274654100067,361.27746630006004,369.26213230006397,369.291224900051,369.29127300006803,369.3215156000806,369.3215743000619,None,None,,,,,,,,,127,2026-08-21_15h12.05.708,watkins2_part1,,2026.1.3,143.20020974272663,3,22,Weiblich,Muttersprache,Abitur,Psychologie,Bachelor,2026-08-21 15h12.06.277279 +0200,
6,0,6,,,,,,6,0,6,0,369.3272469000658,,,,,,,,,,,,,,,,,,,,,,,,,,,,369.32184640003834,369.80615310010035,,,,Krümel,Umschlag,,"['Krümel', 'Umschlag', 'C:\\git\\experiments\\watkins2_part1\\wald.jpg']",study_new,3,,,,,,,,,,,369.321687299991,369.32174390007276,C:\git\experiments\watkins2_part1\wald.jpg,"[('Kreisel', 'Leinwand', 'C:\\git\\experiments\\watkins2_part1\\wald.jpg'), ('Matsch', 'Zange', 'C:\\git\\experiments\\watkins2_part1\\strand.jpg', 'C:\\git\\experiments\\watkins2_part1\\berg.jpg'), ('Locher', 'Tasse', 'C:\\git\\experiments\\watkins2_part1\\wueste.jpg', 'C:\\git\\experiments\\watkins2_part1\\wald.jpg'), ('Fahrrad', 'Säge', 'C:\\git\\experiments\\watkins2_part1\\wald.jpg', 'C:\\git\\experiments\\watkins2_part1\\berg.jpg'), ('Staffelei', 'Dünger', 'C:\\git\\experiments\\watkins2_part1\\wald.jpg', 'C:\\git\\experiments\\watkins2_part1\\strand.jpg'), ('Pinsel', 'Kaninchen', 'C:\\git\\experiments\\watkins2_part1\\berg.jpg'), ('Krümel', 'Umschlag', 'C:\\git\\experiments\\watkins2_part1\\wald.jpg'), ('Tee', 'Lampe', 'C:\\git\\experiments\\watkins2_part1\\strand.jpg', 'C:\\git\\experiments\\watkins2_part1\\wald.jpg'), ('Geige', 'Kakao', 'C:\\git\\experiments\\watkins2_part1\\wueste.jpg'), ('Mütze', 'Fernseher', 'C:\\git\\experiments\\watkins2_part1\\berg.jpg'), ('Jacke', 'Trommel', 'C:\\git\\experiments\\watkins2_part1\\berg.jpg', 'C:\\git\\experiments\\watkins2_part1\\wald.jpg'), ('Kaffee', 'Skulptur', 'C:\\git\\experiments\\watkins2_part1\\wald.jpg', 'C:\\git\\experiments\\watkins2_part1\\wueste.jpg'), ('Hamster', 'Drucker', 'C:\\git\\experiments\\watkins2_part1\\berg.jpg'), ('Onkel', 'Beet', 'C:\\git\\experiments\\watkins2_part1\\strand.jpg'), ('Boxen', 'Gitarre', 'C:\\git\\experiments\\watkins2_part1\\wueste.jpg'), ('Birne', 'Goldfisch', 'C:\\git\\experiments\\watkins2_part1\\berg.jpg', 'C:\\git\\experiments\\watkins2_part1\\strand.jpg'), ('Heft', 'Puzzle', 'C:\\git\\experiments\\watkins2_part1\\strand.jpg'), ('Schwester', 'Staub', 'C:\\git\\experiments\\watkins2_part1\\wald.jpg'), ('Laub', 'Schal', 'C:\\git\\experiments\\watkins2_part1\\wueste.jpg', 'C:\\git\\experiments\\watkins2_part1\\strand.jpg'), ('Joggen', 'Banane', 'C:\\git\\experiments\\watkins2_part1\\strand.jpg', 'C:\\git\\experiments\\watkins2_part1\\wueste.jpg'), ('Auto', 'Müll', 'C:\\git\\experiments\\watkins2_part1\\strand.jpg'), ('Fenster', 'Tennis', 'C:\\git\\experiments\\watkins2_part1\\wueste.jpg'), ('Kamera', 'Sofa', 'C:\\git\\experiments\\watkins2_part1\\wueste.jpg', 'C:\\git\\experiments\\watkins2_part1\\berg.jpg'), ('Traube', 'Limonade', 'C:\\git\\experiments\\watkins2_part1\\berg.jpg', 'C:\\git\\experiments\\watkins2_part1\\wueste.jpg')]",369.82738260005135,369.8324563000351,377.8219257000601,377.84242230001837,377.8424706000369,377.8641089000739,377.8641672000522,None,None,,,,,,,,,127,2026-08-21_15h12.05.708,watkins2_part1,,2026.1.3,143.20020974272663,3,22,Weiblich,Muttersprache,Abitur,Psychologie,Bachelor,2026-08-21 15h12.06.277279 +0200,
7,0,7,,,,,,7,0,7,0,377.86895580007695,,,,,,,,,,,,,,,,,,,,,,,,,,,,377.86443760001566,378.3514448000351,,,,Tee,Lampe,,"['Tee', 'Lampe', 'C:\\git\\experiments\\watkins2_part1\\wald.jpg']",restudy_diff,3,,,,,,,,,,,377.86427980009466,377.8643361000577,C:\git\experiments\watkins2_part1\wald.jpg,"[('Kreisel', 'Leinwand', 'C:\\git\\experiments\\watkins2_part1\\wald.jpg'), ('Matsch', 'Zange', 'C:\\git\\experiments\\watkins2_part1\\strand.jpg', 'C:\\git\\experiments\\watkins2_part1\\berg.jpg'), ('Locher', 'Tasse', 'C:\\git\\experiments\\watkins2_part1\\wueste.jpg', 'C:\\git\\experiments\\watkins2_part1\\wald.jpg'), ('Fahrrad', 'Säge', 'C:\\git\\experiments\\watkins2_part1\\wald.jpg', 'C:\\git\\experiments\\watkins2_part1\\berg.jpg'), ('Staffelei', 'Dünger', 'C:\\git\\experiments\\watkins2_part1\\wald.jpg', 'C:\\git\\experiments\\watkins2_part1\\strand.jpg'), ('Pinsel', 'Kaninchen', 'C:\\git\\experiments\\watkins2_part1\\berg.jpg'), ('Krümel', 'Umschlag', 'C:\\git\\experiments\\watkins2_part1\\wald.jpg'), ('Tee', 'Lampe', 'C:\\git\\experiments\\watkins2_part1\\strand.jpg', 'C:\\git\\experiments\\watkins2_part1\\wald.jpg'), ('Geige', 'Kakao', 'C:\\git\\experiments\\watkins2_part1\\wueste.jpg'), ('Mütze', 'Fernseher', 'C:\\git\\experiments\\watkins2_part1\\berg.jpg'), ('Jacke', 'Trommel', 'C:\\git\\experiments\\watkins2_part1\\berg.jpg', 'C:\\git\\experiments\\watkins2_part1\\wald.jpg'), ('Kaffee', 'Skulptur', 'C:\\git\\experiments\\watkins2_part1\\wald.jpg', 'C:\\git\\experiments\\watkins2_part1\\wueste.jpg'), ('Hamster', 'Drucker', 'C:\\git\\experiments\\watkins2_part1\\berg.jpg'), ('Onkel', 'Beet', 'C:\\git\\experiments\\watkins2_part1\\strand.jpg'), ('Boxen', 'Gitarre', 'C:\\git\\experiments\\watkins2_part1\\wueste.jpg'), ('Birne', 'Goldfisch', 'C:\\git\\experiments\\watkins2_part1\\berg.jpg', 'C:\\git\\experiments\\watkins2_part1\\strand.jpg'), ('Heft', 'Puzzle', 'C:\\git\\experiments\\watkins2_part1\\strand.jpg'), ('Schwester', 'Staub', 'C:\\git\\experiments\\watkins2_part1\\wald.jpg'), ('Laub', 'Schal', 'C:\\git\\experiments\\watkins2_part1\\wueste.jpg', 'C:\\git\\experiments\\watkins2_part1\\strand.jpg'), ('Joggen', 'Banane', 'C:\\git\\experiments\\watkins2_part1\\strand.jpg', 'C:\\git\\experiments\\watkins2_part1\\wueste.jpg'), ('Auto', 'Müll', 'C:\\git\\experiments\\watkins2_part1\\strand.jpg'), ('Fenster', 'Tennis', 'C:\\git\\experiments\\watkins2_part1\\wueste.jpg'), ('Kamera', 'Sofa', 'C:\\git\\experiments\\watkins2_part1\\wueste.jpg', 'C:\\git\\experiments\\watkins2_part1\\berg.jpg'), ('Traube', 'Limonade', 'C:\\git\\experiments\\watkins2_part1\\berg.jpg', 'C:\\git\\experiments\\watkins2_part1\\wueste.jpg')]",378.37076680001337,,378.37081390002277,378.38870570005383,386.3772673000349,386.3943695999915,386.39442610007245,None,None,,,378.39420690003317,,,,,,127,2026-08-21_15h12.05.708,watkins2_part1,,2026.1.3,143.20020974272663,3,22,Weiblich,Muttersprache,Abitur,Psychologie,Bachelor,2026-08-21 15h12.06.277279 +0200,
8,0,8,,,,,,8,0,8,0,386.3992528000381,,,,,,,,,,,,,,,,,,,,,,,,,,,,386.3946943000192,386.87991470005363,,,,Geige,Kakao,,"['Geige', 'Kakao', 'C:\\git\\experiments\\watkins2_part1\\wueste.jpg']",study_new,3,,,,,,,,,,,386.3945392000023,386.3945947000757,C:\git\experiments\watkins2_part1\wueste.jpg,"[('Kreisel', 'Leinwand', 'C:\\git\\experiments\\watkins2_part1\\wald.jpg'), ('Matsch', 'Zange', 'C:\\git\\experiments\\watkins2_part1\\strand.jpg', 'C:\\git\\experiments\\watkins2_part1\\berg.jpg'), ('Locher', 'Tasse', 'C:\\git\\experiments\\watkins2_part1\\wueste.jpg', 'C:\\git\\experiments\\watkins2_part1\\wald.jpg'), ('Fahrrad', 'Säge', 'C:\\git\\experiments\\watkins2_part1\\wald.jpg', 'C:\\git\\experiments\\watkins2_part1\\berg.jpg'), ('Staffelei', 'Dünger', 'C:\\git\\experiments\\watkins2_part1\\wald.jpg', 'C:\\git\\experiments\\watkins2_part1\\strand.jpg'), ('Pinsel', 'Kaninchen', 'C:\\git\\experiments\\watkins2_part1\\berg.jpg'), ('Krümel', 'Umschlag', 'C:\\git\\experiments\\watkins2_part1\\wald.jpg'), ('Tee', 'Lampe', 'C:\\git\\experiments\\watkins2_part1\\strand.jpg', 'C:\\git\\experiments\\watkins2_part1\\wald.jpg'), ('Geige', 'Kakao', 'C:\\git\\experiments\\watkins2_part1\\wueste.jpg'), ('Mütze', 'Fernseher', 'C:\\git\\experiments\\watkins2_part1\\berg.jpg'), ('Jacke', 'Trommel', 'C:\\git\\experiments\\watkins2_part1\\berg.jpg', 'C:\\git\\experiments\\watkins2_part1\\wald.jpg'), ('Kaffee', 'Skulptur', 'C:\\git\\experiments\\watkins2_part1\\wald.jpg', 'C:\\git\\experiments\\watkins2_part1\\wueste.jpg'), ('Hamster', 'Drucker', 'C:\\git\\experiments\\watkins2_part1\\berg.jpg'), ('Onkel', 'Beet', 'C:\\git\\experiments\\watkins2_part1\\strand.jpg'), ('Boxen', 'Gitarre', 'C:\\git\\experiments\\watkins2_part1\\wueste.jpg'), ('Birne', 'Goldfisch', 'C:\\git\\experiments\\watkins2_part1\\berg.jpg', 'C:\\git\\experiments\\watkins2_part1\\strand.jpg'), ('Heft', 'Puzzle', 'C:\\git\\experiments\\watkins2_part1\\strand.jpg'), ('Schwester', 'Staub', 'C:\\git\\experiments\\watkins2_part1\\wald.jpg'), ('Laub', 'Schal', 'C:\\git\\experiments\\watkins2_part1\\wueste.jpg', 'C:\\git\\experiments\\watkins2_part1\\strand.jpg'), ('Joggen', 'Banane', 'C:\\git\\experiments\\watkins2_part1\\strand.jpg', 'C:\\git\\experiments\\watkins2_part1\\wueste.jpg'), ('Auto', 'Müll', 'C:\\git\\experiments\\watkins2_part1\\strand.jpg'), ('Fenster', 'Tennis', 'C:\\git\\experiments\\watkins2_part1\\wueste.jpg'), ('Kamera', 'Sofa', 'C:\\git\\experiments\\watkins2_part1\\wueste.jpg', 'C:\\git\\experiments\\watkins2_part1\\berg.jpg'), ('Traube', 'Limonade', 'C:\\git\\experiments\\watkins2_part1\\berg.jpg', 'C:\\git\\experiments\\watkins2_part1\\wueste.jpg')]",386.89961980003864,386.90729510004167,394.8968541000504,394.91679200006183,394.9168394000735,394.9372266000137,394.9372827000916,None,None,,,,,,,,,127,2026-08-21_15h12.05.708,watkins2_part1,,2026.1.3,143.20020974272663,3,22,Weiblich,Muttersprache,Abitur,Psychologie,Bachelor,2026-08-21 15h12.06.277279 +0200,
9,0,9,,,,,,9,0,9,0,394.9432746000821,,,,,,,,,,,,,,,,,,,,,,,,,,,,394.93755340005737,395.4253319000127,,,,Mütze,Fernseher,,"['Mütze', 'Fernseher', 'C:\\git\\experiments\\watkins2_part1\\berg.jpg']",study_new,3,,,,,,,,,,,394.93739590002224,394.9374522001017,C:\git\experiments\watkins2_part1\berg.jpg,"[('Kreisel', 'Leinwand', 'C:\\git\\experiments\\watkins2_part1\\wald.jpg'), ('Matsch', 'Zange', 'C:\\git\\experiments\\watkins2_part1\\strand.jpg', 'C:\\git\\experiments\\watkins2_part1\\berg.jpg'), ('Locher', 'Tasse', 'C:\\git\\experiments\\watkins2_part1\\wueste.jpg', 'C:\\git\\experiments\\watkins2_part1\\wald.jpg'), ('Fahrrad', 'Säge', 'C:\\git\\experiments\\watkins2_part1\\wald.jpg', 'C:\\git\\experiments\\watkins2_part1\\berg.jpg'), ('Staffelei', 'Dünger', 'C:\\git\\experiments\\watkins2_part1\\wald.jpg', 'C:\\git\\experiments\\watkins2_part1\\strand.jpg'), ('Pinsel', 'Kaninchen', 'C:\\git\\experiments\\watkins2_part1\\berg.jpg'), ('Krümel', 'Umschlag', 'C:\\git\\experiments\\watkins2_part1\\wald.jpg'), ('Tee', 'Lampe', 'C:\\git\\experiments\\watkins2_part1\\strand.jpg', 'C:\\git\\experiments\\watkins2_part1\\wald.jpg'), ('Geige', 'Kakao', 'C:\\git\\experiments\\watkins2_part1\\wueste.jpg'), ('Mütze', 'Fernseher', 'C:\\git\\experiments\\watkins2_part1\\berg.jpg'), ('Jacke', 'Trommel', 'C:\\git\\experiments\\watkins2_part1\\berg.jpg', 'C:\\git\\experiments\\watkins2_part1\\wald.jpg'), ('Kaffee', 'Skulptur', 'C:\\git\\experiments\\watkins2_part1\\wald.jpg', 'C:\\git\\experiments\\watkins2_part1\\wueste.jpg'), ('Hamster', 'Drucker', 'C:\\git\\experiments\\watkins2_part1\\berg.jpg'), ('Onkel', 'Beet', 'C:\\git\\experiments\\watkins2_part1\\strand.jpg'), ('Boxen', 'Gitarre', 'C:\\git\\experiments\\watkins2_part1\\wueste.jpg'), ('Birne', 'Goldfisch', 'C:\\git\\experiments\\watkins2_part1\\berg.jpg', 'C:\\git\\experiments\\watkins2_part1\\strand.jpg'), ('Heft', 'Puzzle', 'C:\\git\\experiments\\watkins2_part1\\strand.jpg'), ('Schwester', 'Staub', 'C:\\git\\experiments\\watkins2_part1\\wald.jpg'), ('Laub', 'Schal', 'C:\\git\\experiments\\watkins2_part1\\wueste.jpg', 'C:\\git\\experiments\\watkins2_part1\\strand.jpg'), ('Joggen', 'Banane', 'C:\\git\\experiments\\watkins2_part1\\strand.jpg', 'C:\\git\\experiments\\watkins2_part1\\wueste.jpg'), ('Auto', 'Müll', 'C:\\git\\experiments\\watkins2_part1\\strand.jpg'), ('Fenster', 'Tennis', 'C:\\git\\experiments\\watkins2_part1\\wueste.jpg'), ('Kamera', 'Sofa', 'C:\\git\\experiments\\watkins2_part1\\wueste.jpg', 'C:\\git\\experiments\\watkins2_part1\\berg.jpg'), ('Traube', 'Limonade', 'C:\\git\\experiments\\watkins2_part1\\berg.jpg', 'C:\\git\\experiments\\watkins2_part1\\wueste.jpg')]",395.4553646000568,395.46261450008024,403.4405193000566,403.4717404000694,403.4717862000689,403.5018977000145,403.5019526000833,None,None,,,,,,,,,127,2026-08-21_15h12.05.708,watkins2_part1,,2026.1.3,143.20020974272663,3,22,Weiblich,Muttersprache,Abitur,Psychologie,Bachelor,2026-08-21 15h12.06.277279 +0200,
10,0,10,,,,,,10,0,10,0,403.50693950010464,,,,,,,,,,,,,,,,,,,,,,,,,,,,403.50222290004604,403.9872301000869,,,,Jacke,Trommel,,"['Jacke', 'Trommel', 'C:\\git\\experiments\\watkins2_part1\\wald.jpg']",restudy_diff,3,,,,,,,,,,,403.5020680000307,403.5021232001018,C:\git\experiments\watkins2_part1\wald.jpg,"[('Kreisel', 'Leinwand', 'C:\\git\\experiments\\watkins2_part1\\wald.jpg'), ('Matsch', 'Zange', 'C:\\git\\experiments\\watkins2_part1\\strand.jpg', 'C:\\git\\experiments\\watkins2_part1\\berg.jpg'), ('Locher', 'Tasse', 'C:\\git\\experiments\\watkins2_part1\\wueste.jpg', 'C:\\git\\experiments\\watkins2_part1\\wald.jpg'), ('Fahrrad', 'Säge', 'C:\\git\\experiments\\watkins2_part1\\wald.jpg', 'C:\\git\\experiments\\watkins2_part1\\berg.jpg'), ('Staffelei', 'Dünger', 'C:\\git\\experiments\\watkins2_part1\\wald.jpg', 'C:\\git\\experiments\\watkins2_part1\\strand.jpg'), ('Pinsel', 'Kaninchen', 'C:\\git\\experiments\\watkins2_part1\\berg.jpg'), ('Krümel', 'Umschlag', 'C:\\git\\experiments\\watkins2_part1\\wald.jpg'), ('Tee', 'Lampe', 'C:\\git\\experiments\\watkins2_part1\\strand.jpg', 'C:\\git\\experiments\\watkins2_part1\\wald.jpg'), ('Geige', 'Kakao', 'C:\\git\\experiments\\watkins2_part1\\wueste.jpg'), ('Mütze', 'Fernseher', 'C:\\git\\experiments\\watkins2_part1\\berg.jpg'), ('Jacke', 'Trommel', 'C:\\git\\experiments\\watkins2_part1\\berg.jpg', 'C:\\git\\experiments\\watkins2_part1\\wald.jpg'), ('Kaffee', 'Skulptur', 'C:\\git\\experiments\\watkins2_part1\\wald.jpg', 'C:\\git\\experiments\\watkins2_part1\\wueste.jpg'), ('Hamster', 'Drucker', 'C:\\git\\experiments\\watkins2_part1\\berg.jpg'), ('Onkel', 'Beet', 'C:\\git\\experiments\\watkins2_part1\\strand.jpg'), ('Boxen', 'Gitarre', 'C:\\git\\experiments\\watkins2_part1\\wueste.jpg'), ('Birne', 'Goldfisch', 'C:\\git\\experiments\\watkins2_part1\\berg.jpg', 'C:\\git\\experiments\\watkins2_part1\\strand.jpg'), ('Heft', 'Puzzle', 'C:\\git\\experiments\\watkins2_part1\\strand.jpg'), ('Schwester', 'Staub', 'C:\\git\\experiments\\watkins2_part1\\wald.jpg'), ('Laub', 'Schal', 'C:\\git\\experiments\\watkins2_part1\\wueste.jpg', 'C:\\git\\experiments\\watkins2_part1\\strand.jpg'), ('Joggen', 'Banane', 'C:\\git\\experiments\\watkins2_part1\\strand.jpg', 'C:\\git\\experiments\\watkins2_part1\\wueste.jpg'), ('Auto', 'Müll', 'C:\\git\\experiments\\watkins2_part1\\strand.jpg'), ('Fenster', 'Tennis', 'C:\\git\\experiments\\watkins2_part1\\wueste.jpg'), ('Kamera', 'Sofa', 'C:\\git\\experiments\\watkins2_part1\\wueste.jpg', 'C:\\git\\experiments\\watkins2_part1\\berg.jpg'), ('Traube', 'Limonade', 'C:\\git\\experiments\\watkins2_part1\\berg.jpg', 'C:\\git\\experiments\\watkins2_part1\\wueste.jpg')]",404.00764910003636,,404.00769720005337,404.029429599992,412.01045500009786,412.0299080000259,412.02996449999046,None,None,,,404.03607200004626,,,,,,127,2026-08-21_15h12.05.708,watkins2_part1,,2026.1.3,143.20020974272663,3,22,Weiblich,Muttersprache,Abitur,Psychologie,Bachelor,2026-08-21 15h12.06.277279 +0200,
11,0,11,,,,,,11,0,11,0,412.0355734000914,,,,,,,,,,,,,,,,,,,,,,,,,,,,412.0302340000635,412.51880150008947,,,,Kaffee,Skulptur,,"['Kaffee', 'Skulptur', 'C:\\git\\experiments\\watkins2_part1\\wueste.jpg']",restudy_diff,3,,,,,,,,,,,412.03007760003675,412.0301330999937,C:\git\experiments\watkins2_part1\wueste.jpg,"[('Kreisel', 'Leinwand', 'C:\\git\\experiments\\watkins2_part1\\wald.jpg'), ('Matsch', 'Zange', 'C:\\git\\experiments\\watkins2_part1\\strand.jpg', 'C:\\git\\experiments\\watkins2_part1\\berg.jpg'), ('Locher', 'Tasse', 'C:\\git\\experiments\\watkins2_part1\\wueste.jpg', 'C:\\git\\experiments\\watkins2_part1\\wald.jpg'), ('Fahrrad', 'Säge', 'C:\\git\\experiments\\watkins2_part1\\wald.jpg', 'C:\\git\\experiments\\watkins2_part1\\berg.jpg'), ('Staffelei', 'Dünger', 'C:\\git\\experiments\\watkins2_part1\\wald.jpg', 'C:\\git\\experiments\\watkins2_part1\\strand.jpg'), ('Pinsel', 'Kaninchen', 'C:\\git\\experiments\\watkins2_part1\\berg.jpg'), ('Krümel', 'Umschlag', 'C:\\git\\experiments\\watkins2_part1\\wald.jpg'), ('Tee', 'Lampe', 'C:\\git\\experiments\\watkins2_part1\\strand.jpg', 'C:\\git\\experiments\\watkins2_part1\\wald.jpg'), ('Geige', 'Kakao', 'C:\\git\\experiments\\watkins2_part1\\wueste.jpg'), ('Mütze', 'Fernseher', 'C:\\git\\experiments\\watkins2_part1\\berg.jpg'), ('Jacke', 'Trommel', 'C:\\git\\experiments\\watkins2_part1\\berg.jpg', 'C:\\git\\experiments\\watkins2_part1\\wald.jpg'), ('Kaffee', 'Skulptur', 'C:\\git\\experiments\\watkins2_part1\\wald.jpg', 'C:\\git\\experiments\\watkins2_part1\\wueste.jpg'), ('Hamster', 'Drucker', 'C:\\git\\experiments\\watkins2_part1\\berg.jpg'), ('Onkel', 'Beet', 'C:\\git\\experiments\\watkins2_part1\\strand.jpg'), ('Boxen', 'Gitarre', 'C:\\git\\experiments\\watkins2_part1\\wueste.jpg'), ('Birne', 'Goldfisch', 'C:\\git\\experiments\\watkins2_part1\\berg.jpg', 'C:\\git\\experiments\\watkins2_part1\\strand.jpg'), ('Heft', 'Puzzle', 'C:\\git\\experiments\\watkins2_part1\\strand.jpg'), ('Schwester', 'Staub', 'C:\\git\\experiments\\watkins2_part1\\wald.jpg'), ('Laub', 'Schal', 'C:\\git\\experiments\\watkins2_part1\\wueste.jpg', 'C:\\git\\experiments\\watkins2_part1\\strand.jpg'), ('Joggen', 'Banane', 'C:\\git\\experiments\\watkins2_part1\\strand.jpg', 'C:\\git\\experiments\\watkins2_part1\\wueste.jpg'), ('Auto', 'Müll', 'C:\\git\\experiments\\watkins2_part1\\strand.jpg'), ('Fenster', 'Tennis', 'C:\\git\\experiments\\watkins2_part1\\wueste.jpg'), ('Kamera', 'Sofa', 'C:\\git\\experiments\\watkins2_part1\\wueste.jpg', 'C:\\git\\experiments\\watkins2_part1\\berg.jpg'), ('Traube', 'Limonade', 'C:\\git\\experiments\\watkins2_part1\\berg.jpg', 'C:\\git\\experiments\\watkins2_part1\\wueste.jpg')]",412.5371089000255,,412.5371552000288,412.55648810009006,420.54298910009675,420.560555400094,420.5606126000639,None,None,,,412.56462660001125,,,,,,127,2026-08-21_15h12.05.708,watkins2_part1,,2026.1.3,143.20020974272663,3,22,Weiblich,Muttersprache,Abitur,Psychologie,Bachelor,2026-08-21 15h12.06.277279 +0200,
12,0,12,,,,,,12,0,12,0,420.56520509999245,,,,,,,,,,,,,,,,,,,,,,,,,,,,420.5608842000365,421.0448495000601,,,,Hamster,Drucker,,"['Hamster', 'Drucker', 'C:\\git\\experiments\\watkins2_part1\\berg.jpg']",study_new,3,,,,,,,,,,,420.56072599999607,420.56078320008237,C:\git\experiments\watkins2_part1\berg.jpg,"[('Kreisel', 'Leinwand', 'C:\\git\\experiments\\watkins2_part1\\wald.jpg'), ('Matsch', 'Zange', 'C:\\git\\experiments\\watkins2_part1\\strand.jpg', 'C:\\git\\experiments\\watkins2_part1\\berg.jpg'), ('Locher', 'Tasse', 'C:\\git\\experiments\\watkins2_part1\\wueste.jpg', 'C:\\git\\experiments\\watkins2_part1\\wald.jpg'), ('Fahrrad', 'Säge', 'C:\\git\\experiments\\watkins2_part1\\wald.jpg', 'C:\\git\\experiments\\watkins2_part1\\berg.jpg'), ('Staffelei', 'Dünger', 'C:\\git\\experiments\\watkins2_part1\\wald.jpg', 'C:\\git\\experiments\\watkins2_part1\\strand.jpg'), ('Pinsel', 'Kaninchen', 'C:\\git\\experiments\\watkins2_part1\\berg.jpg'), ('Krümel', 'Umschlag', 'C:\\git\\experiments\\watkins2_part1\\wald.jpg'), ('Tee', 'Lampe', 'C:\\git\\experiments\\watkins2_part1\\strand.jpg', 'C:\\git\\experiments\\watkins2_part1\\wald.jpg'), ('Geige', 'Kakao', 'C:\\git\\experiments\\watkins2_part1\\wueste.jpg'), ('Mütze', 'Fernseher', 'C:\\git\\experiments\\watkins2_part1\\berg.jpg'), ('Jacke', 'Trommel', 'C:\\git\\experiments\\watkins2_part1\\berg.jpg', 'C:\\git\\experiments\\watkins2_part1\\wald.jpg'), ('Kaffee', 'Skulptur', 'C:\\git\\experiments\\watkins2_part1\\wald.jpg', 'C:\\git\\experiments\\watkins2_part1\\wueste.jpg'), ('Hamster', 'Drucker', 'C:\\git\\experiments\\watkins2_part1\\berg.jpg'), ('Onkel', 'Beet', 'C:\\git\\experiments\\watkins2_part1\\strand.jpg'), ('Boxen', 'Gitarre', 'C:\\git\\experiments\\watkins2_part1\\wueste.jpg'), ('Birne', 'Goldfisch', 'C:\\git\\experiments\\watkins2_part1\\berg.jpg', 'C:\\git\\experiments\\watkins2_part1\\strand.jpg'), ('Heft', 'Puzzle', 'C:\\git\\experiments\\watkins2_part1\\strand.jpg'), ('Schwester', 'Staub', 'C:\\git\\experiments\\watkins2_part1\\wald.jpg'), ('Laub', 'Schal', 'C:\\git\\experiments\\watkins2_part1\\wueste.jpg', 'C:\\git\\experiments\\watkins2_part1\\strand.jpg'), ('Joggen', 'Banane', 'C:\\git\\experiments\\watkins2_part1\\strand.jpg', 'C:\\git\\experiments\\watkins2_part1\\wueste.jpg'), ('Auto', 'Müll', 'C:\\git\\experiments\\watkins2_part1\\strand.jpg'), ('Fenster', 'Tennis', 'C:\\git\\experiments\\watkins2_part1\\wueste.jpg'), ('Kamera', 'Sofa', 'C:\\git\\experiments\\watkins2_part1\\wueste.jpg', 'C:\\git\\experiments\\watkins2_part1\\berg.jpg'), ('Traube', 'Limonade', 'C:\\git\\experiments\\watkins2_part1\\berg.jpg', 'C:\\git\\experiments\\watkins2_part1\\wueste.jpg')]",421.07459480001125,421.0809855000116,429.064929000102,429.0947511000559,429.0947992000729,429.12533880001865,429.12539729999844,None,None,,,,,,,,,127,2026-08-21_15h12.05.708,watkins2_part1,,2026.1.3,143.20020974272663,3,22,Weiblich,Muttersprache,Abitur,Psychologie,Bachelor,2026-08-21 15h12.06.277279 +0200,
13,0,13,,,,,,13,0,13,0,429.13031310006045,,,,,,,,,,,,,,,,,,,,,,,,,,,,429.12566660006996,429.6109074000269,,,,Onkel,Beet,,"['Onkel', 'Beet', 'C:\\git\\experiments\\watkins2_part1\\strand.jpg']",study_new,3,,,,,,,,,,,429.1255094000371,429.12556539999787,C:\git\experiments\watkins2_part1\strand.jpg,"[('Kreisel', 'Leinwand', 'C:\\git\\experiments\\watkins2_part1\\wald.jpg'), ('Matsch', 'Zange', 'C:\\git\\experiments\\watkins2_part1\\strand.jpg', 'C:\\git\\experiments\\watkins2_part1\\berg.jpg'), ('Locher', 'Tasse', 'C:\\git\\experiments\\watkins2_part1\\wueste.jpg', 'C:\\git\\experiments\\watkins2_part1\\wald.jpg'), ('Fahrrad', 'Säge', 'C:\\git\\experiments\\watkins2_part1\\wald.jpg', 'C:\\git\\experiments\\watkins2_part1\\berg.jpg'), ('Staffelei', 'Dünger', 'C:\\git\\experiments\\watkins2_part1\\wald.jpg', 'C:\\git\\experiments\\watkins2_part1\\strand.jpg'), ('Pinsel', 'Kaninchen', 'C:\\git\\experiments\\watkins2_part1\\berg.jpg'), ('Krümel', 'Umschlag', 'C:\\git\\experiments\\watkins2_part1\\wald.jpg'), ('Tee', 'Lampe', 'C:\\git\\experiments\\watkins2_part1\\strand.jpg', 'C:\\git\\experiments\\watkins2_part1\\wald.jpg'), ('Geige', 'Kakao', 'C:\\git\\experiments\\watkins2_part1\\wueste.jpg'), ('Mütze', 'Fernseher', 'C:\\git\\experiments\\watkins2_part1\\berg.jpg'), ('Jacke', 'Trommel', 'C:\\git\\experiments\\watkins2_part1\\berg.jpg', 'C:\\git\\experiments\\watkins2_part1\\wald.jpg'), ('Kaffee', 'Skulptur', 'C:\\git\\experiments\\watkins2_part1\\wald.jpg', 'C:\\git\\experiments\\watkins2_part1\\wueste.jpg'), ('Hamster', 'Drucker', 'C:\\git\\experiments\\watkins2_part1\\berg.jpg'), ('Onkel', 'Beet', 'C:\\git\\experiments\\watkins2_part1\\strand.jpg'), ('Boxen', 'Gitarre', 'C:\\git\\experiments\\watkins2_part1\\wueste.jpg'), ('Birne', 'Goldfisch', 'C:\\git\\experiments\\watkins2_part1\\berg.jpg', 'C:\\git\\experiments\\watkins2_part1\\strand.jpg'), ('Heft', 'Puzzle', 'C:\\git\\experiments\\watkins2_part1\\strand.jpg'), ('Schwester', 'Staub', 'C:\\git\\experiments\\watkins2_part1\\wald.jpg'), ('Laub', 'Schal', 'C:\\git\\experiments\\watkins2_part1\\wueste.jpg', 'C:\\git\\experiments\\watkins2_part1\\strand.jpg'), ('Joggen', 'Banane', 'C:\\git\\experiments\\watkins2_part1\\strand.jpg', 'C:\\git\\experiments\\watkins2_part1\\wueste.jpg'), ('Auto', 'Müll', 'C:\\git\\experiments\\watkins2_part1\\strand.jpg'), ('Fenster', 'Tennis', 'C:\\git\\experiments\\watkins2_part1\\wueste.jpg'), ('Kamera', 'Sofa', 'C:\\git\\experiments\\watkins2_part1\\wueste.jpg', 'C:\\git\\experiments\\watkins2_part1\\berg.jpg'), ('Traube', 'Limonade', 'C:\\git\\experiments\\watkins2_part1\\berg.jpg', 'C:\\git\\experiments\\watkins2_part1\\wueste.jpg')]",429.62530539999716,429.63193060003687,437.6286724000238,437.64306230004877,437.6431088000536,437.65785940003116,437.6579158999957,None,None,,,,,,,,,127,2026-08-21_15h12.05.708,watkins2_part1,,2026.1.3,143.20020974272663,3,22,Weiblich,Muttersprache,Abitur,Psychologie,Bachelor,2026-08-21 15h12.06.277279 +0200,
14,0,14,,,,,,14,0,14,0,437.6632771000732,,,,,,,,,,,,,,,,,,,,,,,,,,,,437.6581890000962,438.1475561000407,,,,Boxen,Gitarre,,"['Boxen', 'Gitarre', 'C:\\git\\experiments\\watkins2_part1\\wueste.jpg']",study_new,3,,,,,,,,,,,437.65802990004886,437.6580869000172,C:\git\experiments\watkins2_part1\wueste.jpg,"[('Kreisel', 'Leinwand', 'C:\\git\\experiments\\watkins2_part1\\wald.jpg'), ('Matsch', 'Zange', 'C:\\git\\experiments\\watkins2_part1\\strand.jpg', 'C:\\git\\experiments\\watkins2_part1\\berg.jpg'), ('Locher', 'Tasse', 'C:\\git\\experiments\\watkins2_part1\\wueste.jpg', 'C:\\git\\experiments\\watkins2_part1\\wald.jpg'), ('Fahrrad', 'Säge', 'C:\\git\\experiments\\watkins2_part1\\wald.jpg', 'C:\\git\\experiments\\watkins2_part1\\berg.jpg'), ('Staffelei', 'Dünger', 'C:\\git\\experiments\\watkins2_part1\\wald.jpg', 'C:\\git\\experiments\\watkins2_part1\\strand.jpg'), ('Pinsel', 'Kaninchen', 'C:\\git\\experiments\\watkins2_part1\\berg.jpg'), ('Krümel', 'Umschlag', 'C:\\git\\experiments\\watkins2_part1\\wald.jpg'), ('Tee', 'Lampe', 'C:\\git\\experiments\\watkins2_part1\\strand.jpg', 'C:\\git\\experiments\\watkins2_part1\\wald.jpg'), ('Geige', 'Kakao', 'C:\\git\\experiments\\watkins2_part1\\wueste.jpg'), ('Mütze', 'Fernseher', 'C:\\git\\experiments\\watkins2_part1\\berg.jpg'), ('Jacke', 'Trommel', 'C:\\git\\experiments\\watkins2_part1\\berg.jpg', 'C:\\git\\experiments\\watkins2_part1\\wald.jpg'), ('Kaffee', 'Skulptur', 'C:\\git\\experiments\\watkins2_part1\\wald.jpg', 'C:\\git\\experiments\\watkins2_part1\\wueste.jpg'), ('Hamster', 'Drucker', 'C:\\git\\experiments\\watkins2_part1\\berg.jpg'), ('Onkel', 'Beet', 'C:\\git\\experiments\\watkins2_part1\\strand.jpg'), ('Boxen', 'Gitarre', 'C:\\git\\experiments\\watkins2_part1\\wueste.jpg'), ('Birne', 'Goldfisch', 'C:\\git\\experiments\\watkins2_part1\\berg.jpg', 'C:\\git\\experiments\\watkins2_part1\\strand.jpg'), ('Heft', 'Puzzle', 'C:\\git\\experiments\\watkins2_part1\\strand.jpg'), ('Schwester', 'Staub', 'C:\\git\\experiments\\watkins2_part1\\wald.jpg'), ('Laub', 'Schal', 'C:\\git\\experiments\\watkins2_part1\\wueste.jpg', 'C:\\git\\experiments\\watkins2_part1\\strand.jpg'), ('Joggen', 'Banane', 'C:\\git\\experiments\\watkins2_part1\\strand.jpg', 'C:\\git\\experiments\\watkins2_part1\\wueste.jpg'), ('Auto', 'Müll', 'C:\\git\\experiments\\watkins2_part1\\strand.jpg'), ('Fenster', 'Tennis', 'C:\\git\\experiments\\watkins2_part1\\wueste.jpg'), ('Kamera', 'Sofa', 'C:\\git\\experiments\\watkins2_part1\\wueste.jpg', 'C:\\git\\experiments\\watkins2_part1\\berg.jpg'), ('Traube', 'Limonade', 'C:\\git\\experiments\\watkins2_part1\\berg.jpg', 'C:\\git\\experiments\\watkins2_part1\\wueste.jpg')]",438.16670659999363,438.17162700009067,446.16509420005605,446.1844894000096,446.18453620001674,446.20447700005025,446.2045332000125,None,None,,,,,,,,,127,2026-08-21_15h12.05.708,watkins2_part1,,2026.1.3,143.20020974272663,3,22,Weiblich,Muttersprache,Abitur,Psychologie,Bachelor,2026-08-21 15h12.06.277279 +0200,
15,0,15,,,,,,15,0,15,0,446.2104848000454,,,,,,,,,,,,,,,,,,,,,,,,,,,,446.2048063999973,446.6918634000467,,,,Birne,Goldfisch,,"['Birne', 'Goldfisch', 'C:\\git\\experiments\\watkins2_part1\\strand.jpg']",restudy_diff,3,,,,,,,,,,,446.20465010008775,446.20470520004164,C:\git\experiments\watkins2_part1\strand.jpg,"[('Kreisel', 'Leinwand', 'C:\\git\\experiments\\watkins2_part1\\wald.jpg'), ('Matsch', 'Zange', 'C:\\git\\experiments\\watkins2_part1\\strand.jpg', 'C:\\git\\experiments\\watkins2_part1\\berg.jpg'), ('Locher', 'Tasse', 'C:\\git\\experiments\\watkins2_part1\\wueste.jpg', 'C:\\git\\experiments\\watkins2_part1\\wald.jpg'), ('Fahrrad', 'Säge', 'C:\\git\\experiments\\watkins2_part1\\wald.jpg', 'C:\\git\\experiments\\watkins2_part1\\berg.jpg'), ('Staffelei', 'Dünger', 'C:\\git\\experiments\\watkins2_part1\\wald.jpg', 'C:\\git\\experiments\\watkins2_part1\\strand.jpg'), ('Pinsel', 'Kaninchen', 'C:\\git\\experiments\\watkins2_part1\\berg.jpg'), ('Krümel', 'Umschlag', 'C:\\git\\experiments\\watkins2_part1\\wald.jpg'), ('Tee', 'Lampe', 'C:\\git\\experiments\\watkins2_part1\\strand.jpg', 'C:\\git\\experiments\\watkins2_part1\\wald.jpg'), ('Geige', 'Kakao', 'C:\\git\\experiments\\watkins2_part1\\wueste.jpg'), ('Mütze', 'Fernseher', 'C:\\git\\experiments\\watkins2_part1\\berg.jpg'), ('Jacke', 'Trommel', 'C:\\git\\experiments\\watkins2_part1\\berg.jpg', 'C:\\git\\experiments\\watkins2_part1\\wald.jpg'), ('Kaffee', 'Skulptur', 'C:\\git\\experiments\\watkins2_part1\\wald.jpg', 'C:\\git\\experiments\\watkins2_part1\\wueste.jpg'), ('Hamster', 'Drucker', 'C:\\git\\experiments\\watkins2_part1\\berg.jpg'), ('Onkel', 'Beet', 'C:\\git\\experiments\\watkins2_part1\\strand.jpg'), ('Boxen', 'Gitarre', 'C:\\git\\experiments\\watkins2_part1\\wueste.jpg'), ('Birne', 'Goldfisch', 'C:\\git\\experiments\\watkins2_part1\\berg.jpg', 'C:\\git\\experiments\\watkins2_part1\\strand.jpg'), ('Heft', 'Puzzle', 'C:\\git\\experiments\\watkins2_part1\\strand.jpg'), ('Schwester', 'Staub', 'C:\\git\\experiments\\watkins2_part1\\wald.jpg'), ('Laub', 'Schal', 'C:\\git\\experiments\\watkins2_part1\\wueste.jpg', 'C:\\git\\experiments\\watkins2_part1\\strand.jpg'), ('Joggen', 'Banane', 'C:\\git\\experiments\\watkins2_part1\\strand.jpg', 'C:\\git\\experiments\\watkins2_part1\\wueste.jpg'), ('Auto', 'Müll', 'C:\\git\\experiments\\watkins2_part1\\strand.jpg'), ('Fenster', 'Tennis', 'C:\\git\\experiments\\watkins2_part1\\wueste.jpg'), ('Kamera', 'Sofa', 'C:\\git\\experiments\\watkins2_part1\\wueste.jpg', 'C:\\git\\experiments\\watkins2_part1\\berg.jpg'), ('Traube', 'Limonade', 'C:\\git\\experiments\\watkins2_part1\\berg.jpg', 'C:\\git\\experiments\\watkins2_part1\\wueste.jpg')]",446.7052764000837,,446.7053234000923,446.72065510007087,454.70994720002636,454.7227316000499,454.7227875000099,None,None,,,446.7272750000702,,,,,,127,2026-08-21_15h12.05.708,watkins2_part1,,2026.1.3,143.20020974272663,3,22,Weiblich,Muttersprache,Abitur,Psychologie,Bachelor,2026-08-21 15h12.06.277279 +0200,
16,0,16,,,,,,16,0,16,0,454.7276034000097,,,,,,,,,,,,,,,,,,,,,,,,,,,,454.72305770008825,455.2105864000041,,,,Heft,Puzzle,,"['Heft', 'Puzzle', 'C:\\git\\experiments\\watkins2_part1\\strand.jpg']",study_new,3,,,,,,,,,,,454.7229021000676,454.7229566000169,C:\git\experiments\watkins2_part1\strand.jpg,"[('Kreisel', 'Leinwand', 'C:\\git\\experiments\\watkins2_part1\\wald.jpg'), ('Matsch', 'Zange', 'C:\\git\\experiments\\watkins2_part1\\strand.jpg', 'C:\\git\\experiments\\watkins2_part1\\berg.jpg'), ('Locher', 'Tasse', 'C:\\git\\experiments\\watkins2_part1\\wueste.jpg', 'C:\\git\\experiments\\watkins2_part1\\wald.jpg'), ('Fahrrad', 'Säge', 'C:\\git\\experiments\\watkins2_part1\\wald.jpg', 'C:\\git\\experiments\\watkins2_part1\\berg.jpg'), ('Staffelei', 'Dünger', 'C:\\git\\experiments\\watkins2_part1\\wald.jpg', 'C:\\git\\experiments\\watkins2_part1\\strand.jpg'), ('Pinsel', 'Kaninchen', 'C:\\git\\experiments\\watkins2_part1\\berg.jpg'), ('Krümel', 'Umschlag', 'C:\\git\\experiments\\watkins2_part1\\wald.jpg'), ('Tee', 'Lampe', 'C:\\git\\experiments\\watkins2_part1\\strand.jpg', 'C:\\git\\experiments\\watkins2_part1\\wald.jpg'), ('Geige', 'Kakao', 'C:\\git\\experiments\\watkins2_part1\\wueste.jpg'), ('Mütze', 'Fernseher', 'C:\\git\\experiments\\watkins2_part1\\berg.jpg'), ('Jacke', 'Trommel', 'C:\\git\\experiments\\watkins2_part1\\berg.jpg', 'C:\\git\\experiments\\watkins2_part1\\wald.jpg'), ('Kaffee', 'Skulptur', 'C:\\git\\experiments\\watkins2_part1\\wald.jpg', 'C:\\git\\experiments\\watkins2_part1\\wueste.jpg'), ('Hamster', 'Drucker', 'C:\\git\\experiments\\watkins2_part1\\berg.jpg'), ('Onkel', 'Beet', 'C:\\git\\experiments\\watkins2_part1\\strand.jpg'), ('Boxen', 'Gitarre', 'C:\\git\\experiments\\watkins2_part1\\wueste.jpg'), ('Birne', 'Goldfisch', 'C:\\git\\experiments\\watkins2_part1\\berg.jpg', 'C:\\git\\experiments\\watkins2_part1\\strand.jpg'), ('Heft', 'Puzzle', 'C:\\git\\experiments\\watkins2_part1\\strand.jpg'), ('Schwester', 'Staub', 'C:\\git\\experiments\\watkins2_part1\\wald.jpg'), ('Laub', 'Schal', 'C:\\git\\experiments\\watkins2_part1\\wueste.jpg', 'C:\\git\\experiments\\watkins2_part1\\strand.jpg'), ('Joggen', 'Banane', 'C:\\git\\experiments\\watkins2_part1\\strand.jpg', 'C:\\git\\experiments\\watkins2_part1\\wueste.jpg'), ('Auto', 'Müll', 'C:\\git\\experiments\\watkins2_part1\\strand.jpg'), ('Fenster', 'Tennis', 'C:\\git\\experiments\\watkins2_part1\\wueste.jpg'), ('Kamera', 'Sofa', 'C:\\git\\experiments\\watkins2_part1\\wueste.jpg', 'C:\\git\\experiments\\watkins2_part1\\berg.jpg'), ('Traube', 'Limonade', 'C:\\git\\experiments\\watkins2_part1\\berg.jpg', 'C:\\git\\experiments\\watkins2_part1\\wueste.jpg')]",455.22288250003476,455.22860400006175,463.22397020005155,463.23581680003554,463.2358653000556,463.2465838000644,463.24664110003505,None,None,,,,,,,,,127,2026-08-21_15h12.05.708,watkins2_part1,,2026.1.3,143.20020974272663,3,22,Weiblich,Muttersprache,Abitur,Psychologie,Bachelor,2026-08-21 15h12.06.277279 +0200,
17,0,17,,,,,,17,0,17,0,463.25155610009097,,,,,,,,,,,,,,,,,,,,,,,,,,,,463.2469158000313,463.73168490000535,,,,Schwester,Staub,,"['Schwester', 'Staub', 'C:\\git\\experiments\\watkins2_part1\\wald.jpg']",study_new,3,,,,,,,,,,,463.24675570009276,463.2468133000657,C:\git\experiments\watkins2_part1\wald.jpg,"[('Kreisel', 'Leinwand', 'C:\\git\\experiments\\watkins2_part1\\wald.jpg'), ('Matsch', 'Zange', 'C:\\git\\experiments\\watkins2_part1\\strand.jpg', 'C:\\git\\experiments\\watkins2_part1\\berg.jpg'), ('Locher', 'Tasse', 'C:\\git\\experiments\\watkins2_part1\\wueste.jpg', 'C:\\git\\experiments\\watkins2_part1\\wald.jpg'), ('Fahrrad', 'Säge', 'C:\\git\\experiments\\watkins2_part1\\wald.jpg', 'C:\\git\\experiments\\watkins2_part1\\berg.jpg'), ('Staffelei', 'Dünger', 'C:\\git\\experiments\\watkins2_part1\\wald.jpg', 'C:\\git\\experiments\\watkins2_part1\\strand.jpg'), ('Pinsel', 'Kaninchen', 'C:\\git\\experiments\\watkins2_part1\\berg.jpg'), ('Krümel', 'Umschlag', 'C:\\git\\experiments\\watkins2_part1\\wald.jpg'), ('Tee', 'Lampe', 'C:\\git\\experiments\\watkins2_part1\\strand.jpg', 'C:\\git\\experiments\\watkins2_part1\\wald.jpg'), ('Geige', 'Kakao', 'C:\\git\\experiments\\watkins2_part1\\wueste.jpg'), ('Mütze', 'Fernseher', 'C:\\git\\experiments\\watkins2_part1\\berg.jpg'), ('Jacke', 'Trommel', 'C:\\git\\experiments\\watkins2_part1\\berg.jpg', 'C:\\git\\experiments\\watkins2_part1\\wald.jpg'), ('Kaffee', 'Skulptur', 'C:\\git\\experiments\\watkins2_part1\\wald.jpg', 'C:\\git\\experiments\\watkins2_part1\\wueste.jpg'), ('Hamster', 'Drucker', 'C:\\git\\experiments\\watkins2_part1\\berg.jpg'), ('Onkel', 'Beet', 'C:\\git\\experiments\\watkins2_part1\\strand.jpg'), ('Boxen', 'Gitarre', 'C:\\git\\experiments\\watkins2_part1\\wueste.jpg'), ('Birne', 'Goldfisch', 'C:\\git\\experiments\\watkins2_part1\\berg.jpg', 'C:\\git\\experiments\\watkins2_part1\\strand.jpg'), ('Heft', 'Puzzle', 'C:\\git\\experiments\\watkins2_part1\\strand.jpg'), ('Schwester', 'Staub', 'C:\\git\\experiments\\watkins2_part1\\wald.jpg'), ('Laub', 'Schal', 'C:\\git\\experiments\\watkins2_part1\\wueste.jpg', 'C:\\git\\experiments\\watkins2_part1\\strand.jpg'), ('Joggen', 'Banane', 'C:\\git\\experiments\\watkins2_part1\\strand.jpg', 'C:\\git\\experiments\\watkins2_part1\\wueste.jpg'), ('Auto', 'Müll', 'C:\\git\\experiments\\watkins2_part1\\strand.jpg'), ('Fenster', 'Tennis', 'C:\\git\\experiments\\watkins2_part1\\wueste.jpg'), ('Kamera', 'Sofa', 'C:\\git\\experiments\\watkins2_part1\\wueste.jpg', 'C:\\git\\experiments\\watkins2_part1\\berg.jpg'), ('Traube', 'Limonade', 'C:\\git\\experiments\\watkins2_part1\\berg.jpg', 'C:\\git\\experiments\\watkins2_part1\\wueste.jpg')]",463.7520155000966,463.7573525001062,471.75288110005204,471.7722205000464,471.77226770005655,471.793453100021,471.7935109999962,None,None,,,,,,,,,127,2026-08-21_15h12.05.708,watkins2_part1,,2026.1.3,143.20020974272663,3,22,Weiblich,Muttersprache,Abitur,Psychologie,Bachelor,2026-08-21 15h12.06.277279 +0200,
18,0,18,,,,,,18,0,18,0,471.799949200009,,,,,,,,,,,,,,,,,,,,,,,,,,,,471.7937822000822,472.2818758999929,,,,Laub,Schal,,"['Laub', 'Schal', 'C:\\git\\experiments\\watkins2_part1\\strand.jpg']",restudy_diff,3,,,,,,,,,,,471.79362430004403,471.7936800000025,C:\git\experiments\watkins2_part1\strand.jpg,"[('Kreisel', 'Leinwand', 'C:\\git\\experiments\\watkins2_part1\\wald.jpg'), ('Matsch', 'Zange', 'C:\\git\\experiments\\watkins2_part1\\strand.jpg', 'C:\\git\\experiments\\watkins2_part1\\berg.jpg'), ('Locher', 'Tasse', 'C:\\git\\experiments\\watkins2_part1\\wueste.jpg', 'C:\\git\\experiments\\watkins2_part1\\wald.jpg'), ('Fahrrad', 'Säge', 'C:\\git\\experiments\\watkins2_part1\\wald.jpg', 'C:\\git\\experiments\\watkins2_part1\\berg.jpg'), ('Staffelei', 'Dünger', 'C:\\git\\experiments\\watkins2_part1\\wald.jpg', 'C:\\git\\experiments\\watkins2_part1\\strand.jpg'), ('Pinsel', 'Kaninchen', 'C:\\git\\experiments\\watkins2_part1\\berg.jpg'), ('Krümel', 'Umschlag', 'C:\\git\\experiments\\watkins2_part1\\wald.jpg'), ('Tee', 'Lampe', 'C:\\git\\experiments\\watkins2_part1\\strand.jpg', 'C:\\git\\experiments\\watkins2_part1\\wald.jpg'), ('Geige', 'Kakao', 'C:\\git\\experiments\\watkins2_part1\\wueste.jpg'), ('Mütze', 'Fernseher', 'C:\\git\\experiments\\watkins2_part1\\berg.jpg'), ('Jacke', 'Trommel', 'C:\\git\\experiments\\watkins2_part1\\berg.jpg', 'C:\\git\\experiments\\watkins2_part1\\wald.jpg'), ('Kaffee', 'Skulptur', 'C:\\git\\experiments\\watkins2_part1\\wald.jpg', 'C:\\git\\experiments\\watkins2_part1\\wueste.jpg'), ('Hamster', 'Drucker', 'C:\\git\\experiments\\watkins2_part1\\berg.jpg'), ('Onkel', 'Beet', 'C:\\git\\experiments\\watkins2_part1\\strand.jpg'), ('Boxen', 'Gitarre', 'C:\\git\\experiments\\watkins2_part1\\wueste.jpg'), ('Birne', 'Goldfisch', 'C:\\git\\experiments\\watkins2_part1\\berg.jpg', 'C:\\git\\experiments\\watkins2_part1\\strand.jpg'), ('Heft', 'Puzzle', 'C:\\git\\experiments\\watkins2_part1\\strand.jpg'), ('Schwester', 'Staub', 'C:\\git\\experiments\\watkins2_part1\\wald.jpg'), ('Laub', 'Schal', 'C:\\git\\experiments\\watkins2_part1\\wueste.jpg', 'C:\\git\\experiments\\watkins2_part1\\strand.jpg'), ('Joggen', 'Banane', 'C:\\git\\experiments\\watkins2_part1\\strand.jpg', 'C:\\git\\experiments\\watkins2_part1\\wueste.jpg'), ('Auto', 'Müll', 'C:\\git\\experiments\\watkins2_part1\\strand.jpg'), ('Fenster', 'Tennis', 'C:\\git\\experiments\\watkins2_part1\\wueste.jpg'), ('Kamera', 'Sofa', 'C:\\git\\experiments\\watkins2_part1\\wueste.jpg', 'C:\\git\\experiments\\watkins2_part1\\berg.jpg'), ('Traube', 'Limonade', 'C:\\git\\experiments\\watkins2_part1\\berg.jpg', 'C:\\git\\experiments\\watkins2_part1\\wueste.jpg')]",472.29507540003397,,472.29512230004184,472.3100626000669,480.29932190000545,480.31165819999296,480.3117193999933,None,None,,,472.31637250003405,,,,,,127,2026-08-21_15h12.05.708,watkins2_part1,,2026.1.3,143.20020974272663,3,22,Weiblich,Muttersprache,Abitur,Psychologie,Bachelor,2026-08-21 15h12.06.277279 +0200,
19,0,19,,,,,,19,0,19,0,480.3168880000012,,,,,,,,,,,,,,,,,,,,,,,,,,,,480.3120025000535,480.79935760004446,,,,Joggen,Banane,,"['Joggen', 'Banane', 'C:\\git\\experiments\\watkins2_part1\\wueste.jpg']",restudy_diff,3,,,,,,,,,,,480.3118367000716,480.31189400004223,C:\git\experiments\watkins2_part1\wueste.jpg,"[('Kreisel', 'Leinwand', 'C:\\git\\experiments\\watkins2_part1\\wald.jpg'), ('Matsch', 'Zange', 'C:\\git\\experiments\\watkins2_part1\\strand.jpg', 'C:\\git\\experiments\\watkins2_part1\\berg.jpg'), ('Locher', 'Tasse', 'C:\\git\\experiments\\watkins2_part1\\wueste.jpg', 'C:\\git\\experiments\\watkins2_part1\\wald.jpg'), ('Fahrrad', 'Säge', 'C:\\git\\experiments\\watkins2_part1\\wald.jpg', 'C:\\git\\experiments\\watkins2_part1\\berg.jpg'), ('Staffelei', 'Dünger', 'C:\\git\\experiments\\watkins2_part1\\wald.jpg', 'C:\\git\\experiments\\watkins2_part1\\strand.jpg'), ('Pinsel', 'Kaninchen', 'C:\\git\\experiments\\watkins2_part1\\berg.jpg'), ('Krümel', 'Umschlag', 'C:\\git\\experiments\\watkins2_part1\\wald.jpg'), ('Tee', 'Lampe', 'C:\\git\\experiments\\watkins2_part1\\strand.jpg', 'C:\\git\\experiments\\watkins2_part1\\wald.jpg'), ('Geige', 'Kakao', 'C:\\git\\experiments\\watkins2_part1\\wueste.jpg'), ('Mütze', 'Fernseher', 'C:\\git\\experiments\\watkins2_part1\\berg.jpg'), ('Jacke', 'Trommel', 'C:\\git\\experiments\\watkins2_part1\\berg.jpg', 'C:\\git\\experiments\\watkins2_part1\\wald.jpg'), ('Kaffee', 'Skulptur', 'C:\\git\\experiments\\watkins2_part1\\wald.jpg', 'C:\\git\\experiments\\watkins2_part1\\wueste.jpg'), ('Hamster', 'Drucker', 'C:\\git\\experiments\\watkins2_part1\\berg.jpg'), ('Onkel', 'Beet', 'C:\\git\\experiments\\watkins2_part1\\strand.jpg'), ('Boxen', 'Gitarre', 'C:\\git\\experiments\\watkins2_part1\\wueste.jpg'), ('Birne', 'Goldfisch', 'C:\\git\\experiments\\watkins2_part1\\berg.jpg', 'C:\\git\\experiments\\watkins2_part1\\strand.jpg'), ('Heft', 'Puzzle', 'C:\\git\\experiments\\watkins2_part1\\strand.jpg'), ('Schwester', 'Staub', 'C:\\git\\experiments\\watkins2_part1\\wald.jpg'), ('Laub', 'Schal', 'C:\\git\\experiments\\watkins2_part1\\wueste.jpg', 'C:\\git\\experiments\\watkins2_part1\\strand.jpg'), ('Joggen', 'Banane', 'C:\\git\\experiments\\watkins2_part1\\strand.jpg', 'C:\\git\\experiments\\watkins2_part1\\wueste.jpg'), ('Auto', 'Müll', 'C:\\git\\experiments\\watkins2_part1\\strand.jpg'), ('Fenster', 'Tennis', 'C:\\git\\experiments\\watkins2_part1\\wueste.jpg'), ('Kamera', 'Sofa', 'C:\\git\\experiments\\watkins2_part1\\wueste.jpg', 'C:\\git\\experiments\\watkins2_part1\\berg.jpg'), ('Traube', 'Limonade', 'C:\\git\\experiments\\watkins2_part1\\berg.jpg', 'C:\\git\\experiments\\watkins2_part1\\wueste.jpg')]",480.81863350002095,,480.8186810000334,480.8381222001044,488.8251078000758,488.8434719000943,488.8435286000604,None,None,,,480.84576200006995,,,,,,127,2026-08-21_15h12.05.708,watkins2_part1,,2026.1.3,143.20020974272663,3,22,Weiblich,Muttersprache,Abitur,Psychologie,Bachelor,2026-08-21 15h12.06.277279 +0200,
20,0,20,,,,,,20,0,20,0,488.84783800004516,,,,,,,,,,,,,,,,,,,,,,,,,,,,488.84379900002386,489.3286715000868,,,,Auto,Müll,,"['Auto', 'Müll', 'C:\\git\\experiments\\watkins2_part1\\strand.jpg']",study_new,3,,,,,,,,,,,488.8436426999979,488.8436991000781,C:\git\experiments\watkins2_part1\strand.jpg,"[('Kreisel', 'Leinwand', 'C:\\git\\experiments\\watkins2_part1\\wald.jpg'), ('Matsch', 'Zange', 'C:\\git\\experiments\\watkins2_part1\\strand.jpg', 'C:\\git\\experiments\\watkins2_part1\\berg.jpg'), ('Locher', 'Tasse', 'C:\\git\\experiments\\watkins2_part1\\wueste.jpg', 'C:\\git\\experiments\\watkins2_part1\\wald.jpg'), ('Fahrrad', 'Säge', 'C:\\git\\experiments\\watkins2_part1\\wald.jpg', 'C:\\git\\experiments\\watkins2_part1\\berg.jpg'), ('Staffelei', 'Dünger', 'C:\\git\\experiments\\watkins2_part1\\wald.jpg', 'C:\\git\\experiments\\watkins2_part1\\strand.jpg'), ('Pinsel', 'Kaninchen', 'C:\\git\\experiments\\watkins2_part1\\berg.jpg'), ('Krümel', 'Umschlag', 'C:\\git\\experiments\\watkins2_part1\\wald.jpg'), ('Tee', 'Lampe', 'C:\\git\\experiments\\watkins2_part1\\strand.jpg', 'C:\\git\\experiments\\watkins2_part1\\wald.jpg'), ('Geige', 'Kakao', 'C:\\git\\experiments\\watkins2_part1\\wueste.jpg'), ('Mütze', 'Fernseher', 'C:\\git\\experiments\\watkins2_part1\\berg.jpg'), ('Jacke', 'Trommel', 'C:\\git\\experiments\\watkins2_part1\\berg.jpg', 'C:\\git\\experiments\\watkins2_part1\\wald.jpg'), ('Kaffee', 'Skulptur', 'C:\\git\\experiments\\watkins2_part1\\wald.jpg', 'C:\\git\\experiments\\watkins2_part1\\wueste.jpg'), ('Hamster', 'Drucker', 'C:\\git\\experiments\\watkins2_part1\\berg.jpg'), ('Onkel', 'Beet', 'C:\\git\\experiments\\watkins2_part1\\strand.jpg'), ('Boxen', 'Gitarre', 'C:\\git\\experiments\\watkins2_part1\\wueste.jpg'), ('Birne', 'Goldfisch', 'C:\\git\\experiments\\watkins2_part1\\berg.jpg', 'C:\\git\\experiments\\watkins2_part1\\strand.jpg'), ('Heft', 'Puzzle', 'C:\\git\\experiments\\watkins2_part1\\strand.jpg'), ('Schwester', 'Staub', 'C:\\git\\experiments\\watkins2_part1\\wald.jpg'), ('Laub', 'Schal', 'C:\\git\\experiments\\watkins2_part1\\wueste.jpg', 'C:\\git\\experiments\\watkins2_part1\\strand.jpg'), ('Joggen', 'Banane', 'C:\\git\\experiments\\watkins2_part1\\strand.jpg', 'C:\\git\\experiments\\watkins2_part1\\wueste.jpg'), ('Auto', 'Müll', 'C:\\git\\experiments\\watkins2_part1\\strand.jpg'), ('Fenster', 'Tennis', 'C:\\git\\experiments\\watkins2_part1\\wueste.jpg'), ('Kamera', 'Sofa', 'C:\\git\\experiments\\watkins2_part1\\wueste.jpg', 'C:\\git\\experiments\\watkins2_part1\\berg.jpg'), ('Traube', 'Limonade', 'C:\\git\\experiments\\watkins2_part1\\berg.jpg', 'C:\\git\\experiments\\watkins2_part1\\wueste.jpg')]",489.3424795001047,489.3468883000314,497.349411000032,497.3631680000108,497.3632153000217,497.37750770000275,497.3775648000883,None,None,,,,,,,,,127,2026-08-21_15h12.05.708,watkins2_part1,,2026.1.3,143.20020974272663,3,22,Weiblich,Muttersprache,Abitur,Psychologie,Bachelor,2026-08-21 15h12.06.277279 +0200,
21,0,21,,,,,,21,0,21,0,497.3826134999981,,,,,,,,,,,,,,,,,,,,,,,,,,,,497.3778338000411,497.8659355000127,,,,Fenster,Tennis,,"['Fenster', 'Tennis', 'C:\\git\\experiments\\watkins2_part1\\wueste.jpg']",study_new,3,,,,,,,,,,,497.3776775000151,497.37773340009153,C:\git\experiments\watkins2_part1\wueste.jpg,"[('Kreisel', 'Leinwand', 'C:\\git\\experiments\\watkins2_part1\\wald.jpg'), ('Matsch', 'Zange', 'C:\\git\\experiments\\watkins2_part1\\strand.jpg', 'C:\\git\\experiments\\watkins2_part1\\berg.jpg'), ('Locher', 'Tasse', 'C:\\git\\experiments\\watkins2_part1\\wueste.jpg', 'C:\\git\\experiments\\watkins2_part1\\wald.jpg'), ('Fahrrad', 'Säge', 'C:\\git\\experiments\\watkins2_part1\\wald.jpg', 'C:\\git\\experiments\\watkins2_part1\\berg.jpg'), ('Staffelei', 'Dünger', 'C:\\git\\experiments\\watkins2_part1\\wald.jpg', 'C:\\git\\experiments\\watkins2_part1\\strand.jpg'), ('Pinsel', 'Kaninchen', 'C:\\git\\experiments\\watkins2_part1\\berg.jpg'), ('Krümel', 'Umschlag', 'C:\\git\\experiments\\watkins2_part1\\wald.jpg'), ('Tee', 'Lampe', 'C:\\git\\experiments\\watkins2_part1\\strand.jpg', 'C:\\git\\experiments\\watkins2_part1\\wald.jpg'), ('Geige', 'Kakao', 'C:\\git\\experiments\\watkins2_part1\\wueste.jpg'), ('Mütze', 'Fernseher', 'C:\\git\\experiments\\watkins2_part1\\berg.jpg'), ('Jacke', 'Trommel', 'C:\\git\\experiments\\watkins2_part1\\berg.jpg', 'C:\\git\\experiments\\watkins2_part1\\wald.jpg'), ('Kaffee', 'Skulptur', 'C:\\git\\experiments\\watkins2_part1\\wald.jpg', 'C:\\git\\experiments\\watkins2_part1\\wueste.jpg'), ('Hamster', 'Drucker', 'C:\\git\\experiments\\watkins2_part1\\berg.jpg'), ('Onkel', 'Beet', 'C:\\git\\experiments\\watkins2_part1\\strand.jpg'), ('Boxen', 'Gitarre', 'C:\\git\\experiments\\watkins2_part1\\wueste.jpg'), ('Birne', 'Goldfisch', 'C:\\git\\experiments\\watkins2_part1\\berg.jpg', 'C:\\git\\experiments\\watkins2_part1\\strand.jpg'), ('Heft', 'Puzzle', 'C:\\git\\experiments\\watkins2_part1\\strand.jpg'), ('Schwester', 'Staub', 'C:\\git\\experiments\\watkins2_part1\\wald.jpg'), ('Laub', 'Schal', 'C:\\git\\experiments\\watkins2_part1\\wueste.jpg', 'C:\\git\\experiments\\watkins2_part1\\strand.jpg'), ('Joggen', 'Banane', 'C:\\git\\experiments\\watkins2_part1\\strand.jpg', 'C:\\git\\experiments\\watkins2_part1\\wueste.jpg'), ('Auto', 'Müll', 'C:\\git\\experiments\\watkins2_part1\\strand.jpg'), ('Fenster', 'Tennis', 'C:\\git\\experiments\\watkins2_part1\\wueste.jpg'), ('Kamera', 'Sofa', 'C:\\git\\experiments\\watkins2_part1\\wueste.jpg', 'C:\\git\\experiments\\watkins2_part1\\berg.jpg'), ('Traube', 'Limonade', 'C:\\git\\experiments\\watkins2_part1\\berg.jpg', 'C:\\git\\experiments\\watkins2_part1\\wueste.jpg')]",497.88454270001967,497.8913979000645,505.8798851000611,505.8989109999966,505.89895770000294,505.9171895000618,505.9172464000294,None,None,,,,,,,,,127,2026-08-21_15h12.05.708,watkins2_part1,,2026.1.3,143.20020974272663,3,22,Weiblich,Muttersprache,Abitur,Psychologie,Bachelor,2026-08-21 15h12.06.277279 +0200,
22,0,22,,,,,,22,0,22,0,505.9235544000985,,,,,,,,,,,,,,,,,,,,,,,,,,,,505.9175189000089,506.4024992000777,,,,Kamera,Sofa,,"['Kamera', 'Sofa', 'C:\\git\\experiments\\watkins2_part1\\berg.jpg']",restudy_diff,3,,,,,,,,,,,505.9173610000871,505.9174185000593,C:\git\experiments\watkins2_part1\berg.jpg,"[('Kreisel', 'Leinwand', 'C:\\git\\experiments\\watkins2_part1\\wald.jpg'), ('Matsch', 'Zange', 'C:\\git\\experiments\\watkins2_part1\\strand.jpg', 'C:\\git\\experiments\\watkins2_part1\\berg.jpg'), ('Locher', 'Tasse', 'C:\\git\\experiments\\watkins2_part1\\wueste.jpg', 'C:\\git\\experiments\\watkins2_part1\\wald.jpg'), ('Fahrrad', 'Säge', 'C:\\git\\experiments\\watkins2_part1\\wald.jpg', 'C:\\git\\experiments\\watkins2_part1\\berg.jpg'), ('Staffelei', 'Dünger', 'C:\\git\\experiments\\watkins2_part1\\wald.jpg', 'C:\\git\\experiments\\watkins2_part1\\strand.jpg'), ('Pinsel', 'Kaninchen', 'C:\\git\\experiments\\watkins2_part1\\berg.jpg'), ('Krümel', 'Umschlag', 'C:\\git\\experiments\\watkins2_part1\\wald.jpg'), ('Tee', 'Lampe', 'C:\\git\\experiments\\watkins2_part1\\strand.jpg', 'C:\\git\\experiments\\watkins2_part1\\wald.jpg'), ('Geige', 'Kakao', 'C:\\git\\experiments\\watkins2_part1\\wueste.jpg'), ('Mütze', 'Fernseher', 'C:\\git\\experiments\\watkins2_part1\\berg.jpg'), ('Jacke', 'Trommel', 'C:\\git\\experiments\\watkins2_part1\\berg.jpg', 'C:\\git\\experiments\\watkins2_part1\\wald.jpg'), ('Kaffee', 'Skulptur', 'C:\\git\\experiments\\watkins2_part1\\wald.jpg', 'C:\\git\\experiments\\watkins2_part1\\wueste.jpg'), ('Hamster', 'Drucker', 'C:\\git\\experiments\\watkins2_part1\\berg.jpg'), ('Onkel', 'Beet', 'C:\\git\\experiments\\watkins2_part1\\strand.jpg'), ('Boxen', 'Gitarre', 'C:\\git\\experiments\\watkins2_part1\\wueste.jpg'), ('Birne', 'Goldfisch', 'C:\\git\\experiments\\watkins2_part1\\berg.jpg', 'C:\\git\\experiments\\watkins2_part1\\strand.jpg'), ('Heft', 'Puzzle', 'C:\\git\\experiments\\watkins2_part1\\strand.jpg'), ('Schwester', 'Staub', 'C:\\git\\experiments\\watkins2_part1\\wald.jpg'), ('Laub', 'Schal', 'C:\\git\\experiments\\watkins2_part1\\wueste.jpg', 'C:\\git\\experiments\\watkins2_part1\\strand.jpg'), ('Joggen', 'Banane', 'C:\\git\\experiments\\watkins2_part1\\strand.jpg', 'C:\\git\\experiments\\watkins2_part1\\wueste.jpg'), ('Auto', 'Müll', 'C:\\git\\experiments\\watkins2_part1\\strand.jpg'), ('Fenster', 'Tennis', 'C:\\git\\experiments\\watkins2_part1\\wueste.jpg'), ('Kamera', 'Sofa', 'C:\\git\\experiments\\watkins2_part1\\wueste.jpg', 'C:\\git\\experiments\\watkins2_part1\\berg.jpg'), ('Traube', 'Limonade', 'C:\\git\\experiments\\watkins2_part1\\berg.jpg', 'C:\\git\\experiments\\watkins2_part1\\wueste.jpg')]",506.4304619000759,,506.43050940008834,506.4625985000748,514.4352776000742,514.4634449000005,514.4635038000997,None,None,,,506.4704100000672,,,,,,127,2026-08-21_15h12.05.708,watkins2_part1,,2026.1.3,143.20020974272663,3,22,Weiblich,Muttersprache,Abitur,Psychologie,Bachelor,2026-08-21 15h12.06.277279 +0200,
23,0,23,,,,,,23,0,23,0,514.4684535000706,,,,,,,,,,,,,,,,,,,,,,,,,,,,514.4638180000475,514.9519466999918,,,,Traube,Limonade,,"['Traube', 'Limonade', 'C:\\git\\experiments\\watkins2_part1\\wueste.jpg']",restudy_diff,3,,,,,,,,,,,514.4636210000608,514.4636805000482,C:\git\experiments\watkins2_part1\wueste.jpg,"[('Kreisel', 'Leinwand', 'C:\\git\\experiments\\watkins2_part1\\wald.jpg'), ('Matsch', 'Zange', 'C:\\git\\experiments\\watkins2_part1\\strand.jpg', 'C:\\git\\experiments\\watkins2_part1\\berg.jpg'), ('Locher', 'Tasse', 'C:\\git\\experiments\\watkins2_part1\\wueste.jpg', 'C:\\git\\experiments\\watkins2_part1\\wald.jpg'), ('Fahrrad', 'Säge', 'C:\\git\\experiments\\watkins2_part1\\wald.jpg', 'C:\\git\\experiments\\watkins2_part1\\berg.jpg'), ('Staffelei', 'Dünger', 'C:\\git\\experiments\\watkins2_part1\\wald.jpg', 'C:\\git\\experiments\\watkins2_part1\\strand.jpg'), ('Pinsel', 'Kaninchen', 'C:\\git\\experiments\\watkins2_part1\\berg.jpg'), ('Krümel', 'Umschlag', 'C:\\git\\experiments\\watkins2_part1\\wald.jpg'), ('Tee', 'Lampe', 'C:\\git\\experiments\\watkins2_part1\\strand.jpg', 'C:\\git\\experiments\\watkins2_part1\\wald.jpg'), ('Geige', 'Kakao', 'C:\\git\\experiments\\watkins2_part1\\wueste.jpg'), ('Mütze', 'Fernseher', 'C:\\git\\experiments\\watkins2_part1\\berg.jpg'), ('Jacke', 'Trommel', 'C:\\git\\experiments\\watkins2_part1\\berg.jpg', 'C:\\git\\experiments\\watkins2_part1\\wald.jpg'), ('Kaffee', 'Skulptur', 'C:\\git\\experiments\\watkins2_part1\\wald.jpg', 'C:\\git\\experiments\\watkins2_part1\\wueste.jpg'), ('Hamster', 'Drucker', 'C:\\git\\experiments\\watkins2_part1\\berg.jpg'), ('Onkel', 'Beet', 'C:\\git\\experiments\\watkins2_part1\\strand.jpg'), ('Boxen', 'Gitarre', 'C:\\git\\experiments\\watkins2_part1\\wueste.jpg'), ('Birne', 'Goldfisch', 'C:\\git\\experiments\\watkins2_part1\\berg.jpg', 'C:\\git\\experiments\\watkins2_part1\\strand.jpg'), ('Heft', 'Puzzle', 'C:\\git\\experiments\\watkins2_part1\\strand.jpg'), ('Schwester', 'Staub', 'C:\\git\\experiments\\watkins2_part1\\wald.jpg'), ('Laub', 'Schal', 'C:\\git\\experiments\\watkins2_part1\\wueste.jpg', 'C:\\git\\experiments\\watkins2_part1\\strand.jpg'), ('Joggen', 'Banane', 'C:\\git\\experiments\\watkins2_part1\\strand.jpg', 'C:\\git\\experiments\\watkins2_part1\\wueste.jpg'), ('Auto', 'Müll', 'C:\\git\\experiments\\watkins2_part1\\strand.jpg'), ('Fenster', 'Tennis', 'C:\\git\\experiments\\watkins2_part1\\wueste.jpg'), ('Kamera', 'Sofa', 'C:\\git\\experiments\\watkins2_part1\\wueste.jpg', 'C:\\git\\experiments\\watkins2_part1\\berg.jpg'), ('Traube', 'Limonade', 'C:\\git\\experiments\\watkins2_part1\\berg.jpg', 'C:\\git\\experiments\\watkins2_part1\\wueste.jpg')]",514.9710809000535,,514.9711257000454,514.9921947000548,522.9781841000076,522.9960799000692,522.9961359000299,None,None,,,514.9984834000934,,,,,,127,2026-08-21_15h12.05.708,watkins2_part1,,2026.1.3,143.20020974272663,3,22,Weiblich,Muttersprache,Abitur,Psychologie,Bachelor,2026-08-21 15h12.06.277279 +0200,
,,,,,,,,,,,,,,,,,,,,,,,,,,,,,,,,,,,,,,,,,,,,,,,,,,3,,,,,,,,,,,,,,,,,,,,,,,,,,,523.0205058000283,523.0205058000283,q,73.62052800005767,None,127,2026-08-21_15h12.05.708,watkins2_part1,,2026.1.3,143.20020974272663,3,22,Weiblich,Muttersprache,Abitur,Psychologie,Bachelor,2026-08-21 15h12.06.277279 +0200,
