thisN,thisTrialN,thisRepN,textbox_target.text,trials_1.thisRepN,trials_1.thisTrialN,trials_1.thisN,trials_1.thisIndex,trials_2.thisRepN,trials_2.thisTrialN,trials_2.thisN,trials_2.thisIndex,thisRow.t,notes,piloting,code_marius.started,code_marius.stopped,welcome.started,welcome.stopped,code_generator.started,letter_mother.started,textbox_mother.started,letter_father.started,textbox_father.started,letter_month.started,textbox_month.started,letter_place.started,textbox_place.started,letter_bday.started,textbox_bday.started,code_generator.stopped,code,instruction_study.started,wüste_0.started,strand_0.started,wald_0.started,berg_0.started,instruction_study.stopped,fixationcross.started,fixationcross.stopped,blanc.started,blanc.stopped,study.started,context_1.started,study.stopped,cue,target,image1,stimuli,task,condition,liste_phase1,thanks_vorgezogen.started,image_animal_2.started,thanks_vorgezogen.stopped,instruction_restudy.started,instruction_restudy.stopped,practice_test.started,practice_test.stopped,practice_target,Textbox_Umlauttest.text,code_defineWordsInit.started,code_defineWordsInit.stopped,image2,liste_phase2,study_new.started,study_new.stopped,restudy.started,context_restudy.started,restudy.stopped,test.started,test.stopped,firstKeyTime,secondWordTime,trials_2.textbox_target.text,recalled_target,context_new.started,key_resp_8.started,image_animal.started,key_resp_8.keys,key_resp_8.rt,key_resp_8.duration,participant,date,expName,expVersion,psychopyVersion,frameRate,condition,age,gender,native_language,highest_degree,major,target_major,expStart,
,,,,,,,,,,,,,,False,0.006804100004956126,0.006866700015962124,,,,,,,,,,,,,,,,,,,,,,,,,,,,,,,,,,1,,,,,,,,,,,,,,,,,,,,,,,,,,,,,,,,147,2026-08-31_16h03.05.549,watkins2_part1,,2026.1.3,143.4345694217899,1,19,Weiblich,Muttersprache,Abitur,Psychologie,Bachelor,2026-08-31 16h03.06.194152 +0200,
,,,,,,,,,,,,,,,,,0.00724070006981492,18.951297299936414,,,,,,,,,,,,,,,,,,,,,,,,,,,,,,,,1,,,,,,,,,,,,,,,,,,,,,,,,,,,,,,,,147,2026-08-31_16h03.05.549,watkins2_part1,,2026.1.3,143.4345694217899,1,19,Weiblich,Muttersprache,Abitur,Psychologie,Bachelor,2026-08-31 16h03.06.194152 +0200,
,,,,,,,,,,,,,,,,,,,18.95205940003507,18.971680599963292,18.971680599963292,18.971680599963292,18.971680599963292,18.971680599963292,18.971680599963292,18.971680599963292,18.971680599963292,18.971680599963292,18.971680599963292,35.46539989998564,DAGN03,,,,,,,,,,,,,,,,,,,1,,,,,,,,,,,,,,,,,,,,,,,,,,,,,,,,147,2026-08-31_16h03.05.549,watkins2_part1,,2026.1.3,143.4345694217899,1,19,Weiblich,Muttersprache,Abitur,Psychologie,Bachelor,2026-08-31 16h03.06.194152 +0200,
,,,,,,,,,,,,,,,,,,,,,,,,,,,,,,,,,,,,,,,,,,,,,,,,,,1,,,,,,,,,,,,,,,,,,,,,,,,,,,,,,,,147,2026-08-31_16h03.05.549,watkins2_part1,,2026.1.3,143.4345694217899,1,19,Weiblich,Muttersprache,Abitur,Psychologie,Bachelor,2026-08-31 16h03.06.194152 +0200,
,,,,,,,,,,,,,,,,,,,,,,,,,,,,,,,,35.46550490008667,35.49392680008896,35.49392680008896,35.49392680008896,35.49392680008896,61.048205399885774,,,,,,,,,,,,,1,,,,,,,,,,,,,,,,,,,,,,,,,,,,,,,,147,2026-08-31_16h03.05.549,watkins2_part1,,2026.1.3,143.4345694217899,1,19,Weiblich,Muttersprache,Abitur,Psychologie,Bachelor,2026-08-31 16h03.06.194152 +0200,
,,,,,,,,,,,,,,,,,,,,,,,,,,,,,,,,,,,,,,61.04823839990422,62.03804000001401,,,,,,,,,,,1,,,,,,,,,,,,,,,,,,,,,,,,,,,,,,,,147,2026-08-31_16h03.05.549,watkins2_part1,,2026.1.3,143.4345694217899,1,19,Weiblich,Muttersprache,Abitur,Psychologie,Bachelor,2026-08-31 16h03.06.194152 +0200,
0,0,0,,0,0,0,0,,,,,62.044917199993506,,,,,,,,,,,,,,,,,,,,,,,,,,,,62.03833330003545,62.53342079999857,62.558441600063816,62.56268489989452,70.55489049991593,Schnee,Nichte,C:\git\experiments\watkins2_part1\wald.jpg,"['Schnee', 'Nichte', 'C:\\git\\experiments\\watkins2_part1\\wald.jpg']",restudy,1,"[('Schnee', 'Nichte', 'C:\\git\\experiments\\watkins2_part1\\wald.jpg', 'C:\\git\\experiments\\watkins2_part1\\wald.jpg'), ('Flöte', 'Wolke', 'C:\\git\\experiments\\watkins2_part1\\berg.jpg', 'C:\\git\\experiments\\watkins2_part1\\berg.jpg'), ('Computer', 'Schwimmen', 'C:\\git\\experiments\\watkins2_part1\\strand.jpg'), ('Heft', 'Puzzle', 'C:\\git\\experiments\\watkins2_part1\\berg.jpg', 'C:\\git\\experiments\\watkins2_part1\\berg.jpg'), ('Pinsel', 'Kaninchen', 'C:\\git\\experiments\\watkins2_part1\\berg.jpg', 'C:\\git\\experiments\\watkins2_part1\\berg.jpg'), ('Birne', 'Goldfisch', 'C:\\git\\experiments\\watkins2_part1\\berg.jpg'), ('Fenster', 'Tennis', 'C:\\git\\experiments\\watkins2_part1\\strand.jpg'), ('Bohrer', 'Hemd', 'C:\\git\\experiments\\watkins2_part1\\wueste.jpg'), ('Wind', 'Bus', 'C:\\git\\experiments\\watkins2_part1\\wald.jpg', 'C:\\git\\experiments\\watkins2_part1\\wald.jpg'), ('Hammer', 'Mappe', 'C:\\git\\experiments\\watkins2_part1\\berg.jpg'), ('Bett', 'Regen', 'C:\\git\\experiments\\watkins2_part1\\wald.jpg'), ('Laub', 'Schal', 'C:\\git\\experiments\\watkins2_part1\\wald.jpg', 'C:\\git\\experiments\\watkins2_part1\\wald.jpg'), ('Matsch', 'Zange', 'C:\\git\\experiments\\watkins2_part1\\wald.jpg'), ('Kaffee', 'Skulptur', 'C:\\git\\experiments\\watkins2_part1\\strand.jpg', 'C:\\git\\experiments\\watkins2_part1\\strand.jpg'), ('Staffelei', 'Dünger', 'C:\\git\\experiments\\watkins2_part1\\wueste.jpg', 'C:\\git\\experiments\\watkins2_part1\\wueste.jpg'), ('Geige', 'Kakao', 'C:\\git\\experiments\\watkins2_part1\\wald.jpg'), ('Jacke', 'Trommel', 'C:\\git\\experiments\\watkins2_part1\\wueste.jpg'), ('Kreisel', 'Leinwand', 'C:\\git\\experiments\\watkins2_part1\\wueste.jpg', 'C:\\git\\experiments\\watkins2_part1\\wueste.jpg'), ('Krümel', 'Umschlag', 'C:\\git\\experiments\\watkins2_part1\\strand.jpg', 'C:\\git\\experiments\\watkins2_part1\\strand.jpg'), ('Onkel', 'Beet', 'C:\\git\\experiments\\watkins2_part1\\strand.jpg'), ('Schwester', 'Staub', 'C:\\git\\experiments\\watkins2_part1\\wueste.jpg', 'C:\\git\\experiments\\watkins2_part1\\wueste.jpg'), ('Rasen', 'Würfel', 'C:\\git\\experiments\\watkins2_part1\\strand.jpg', 'C:\\git\\experiments\\watkins2_part1\\strand.jpg'), ('Hamster', 'Drucker', 'C:\\git\\experiments\\watkins2_part1\\wueste.jpg'), ('Joggen', 'Banane', 'C:\\git\\experiments\\watkins2_part1\\berg.jpg')]",,,,,,,,,,,,,,,,,,,,,,,,,,,,,,,147,2026-08-31_16h03.05.549,watkins2_part1,,2026.1.3,143.4345694217899,1,19,Weiblich,Muttersprache,Abitur,Psychologie,Bachelor,2026-08-31 16h03.06.194152 +0200,
1,0,1,,1,0,1,0,,,,,70.56171100004576,,,,,,,,,,,,,,,,,,,,,,,,,,,,70.55508839990944,71.0428619000595,71.07649130001664,71.0797313998919,79.0570415998809,Flöte,Wolke,C:\git\experiments\watkins2_part1\berg.jpg,"['Flöte', 'Wolke', 'C:\\git\\experiments\\watkins2_part1\\berg.jpg']",restudy,1,"[('Schnee', 'Nichte', 'C:\\git\\experiments\\watkins2_part1\\wald.jpg', 'C:\\git\\experiments\\watkins2_part1\\wald.jpg'), ('Flöte', 'Wolke', 'C:\\git\\experiments\\watkins2_part1\\berg.jpg', 'C:\\git\\experiments\\watkins2_part1\\berg.jpg'), ('Computer', 'Schwimmen', 'C:\\git\\experiments\\watkins2_part1\\strand.jpg'), ('Heft', 'Puzzle', 'C:\\git\\experiments\\watkins2_part1\\berg.jpg', 'C:\\git\\experiments\\watkins2_part1\\berg.jpg'), ('Pinsel', 'Kaninchen', 'C:\\git\\experiments\\watkins2_part1\\berg.jpg', 'C:\\git\\experiments\\watkins2_part1\\berg.jpg'), ('Birne', 'Goldfisch', 'C:\\git\\experiments\\watkins2_part1\\berg.jpg'), ('Fenster', 'Tennis', 'C:\\git\\experiments\\watkins2_part1\\strand.jpg'), ('Bohrer', 'Hemd', 'C:\\git\\experiments\\watkins2_part1\\wueste.jpg'), ('Wind', 'Bus', 'C:\\git\\experiments\\watkins2_part1\\wald.jpg', 'C:\\git\\experiments\\watkins2_part1\\wald.jpg'), ('Hammer', 'Mappe', 'C:\\git\\experiments\\watkins2_part1\\berg.jpg'), ('Bett', 'Regen', 'C:\\git\\experiments\\watkins2_part1\\wald.jpg'), ('Laub', 'Schal', 'C:\\git\\experiments\\watkins2_part1\\wald.jpg', 'C:\\git\\experiments\\watkins2_part1\\wald.jpg'), ('Matsch', 'Zange', 'C:\\git\\experiments\\watkins2_part1\\wald.jpg'), ('Kaffee', 'Skulptur', 'C:\\git\\experiments\\watkins2_part1\\strand.jpg', 'C:\\git\\experiments\\watkins2_part1\\strand.jpg'), ('Staffelei', 'Dünger', 'C:\\git\\experiments\\watkins2_part1\\wueste.jpg', 'C:\\git\\experiments\\watkins2_part1\\wueste.jpg'), ('Geige', 'Kakao', 'C:\\git\\experiments\\watkins2_part1\\wald.jpg'), ('Jacke', 'Trommel', 'C:\\git\\experiments\\watkins2_part1\\wueste.jpg'), ('Kreisel', 'Leinwand', 'C:\\git\\experiments\\watkins2_part1\\wueste.jpg', 'C:\\git\\experiments\\watkins2_part1\\wueste.jpg'), ('Krümel', 'Umschlag', 'C:\\git\\experiments\\watkins2_part1\\strand.jpg', 'C:\\git\\experiments\\watkins2_part1\\strand.jpg'), ('Onkel', 'Beet', 'C:\\git\\experiments\\watkins2_part1\\strand.jpg'), ('Schwester', 'Staub', 'C:\\git\\experiments\\watkins2_part1\\wueste.jpg', 'C:\\git\\experiments\\watkins2_part1\\wueste.jpg'), ('Rasen', 'Würfel', 'C:\\git\\experiments\\watkins2_part1\\strand.jpg', 'C:\\git\\experiments\\watkins2_part1\\strand.jpg'), ('Hamster', 'Drucker', 'C:\\git\\experiments\\watkins2_part1\\wueste.jpg'), ('Joggen', 'Banane', 'C:\\git\\experiments\\watkins2_part1\\berg.jpg')]",,,,,,,,,,,,,,,,,,,,,,,,,,,,,,,147,2026-08-31_16h03.05.549,watkins2_part1,,2026.1.3,143.4345694217899,1,19,Weiblich,Muttersprache,Abitur,Psychologie,Bachelor,2026-08-31 16h03.06.194152 +0200,
2,0,2,,2,0,2,0,,,,,79.06399659998715,,,,,,,,,,,,,,,,,,,,,,,,,,,,79.05723699997179,79.5451285999734,79.56144879991189,79.56467889994383,87.56015349994414,Computer,Schwimmen,C:\git\experiments\watkins2_part1\strand.jpg,"['Computer', 'Schwimmen', 'C:\\git\\experiments\\watkins2_part1\\strand.jpg']",study,1,"[('Schnee', 'Nichte', 'C:\\git\\experiments\\watkins2_part1\\wald.jpg', 'C:\\git\\experiments\\watkins2_part1\\wald.jpg'), ('Flöte', 'Wolke', 'C:\\git\\experiments\\watkins2_part1\\berg.jpg', 'C:\\git\\experiments\\watkins2_part1\\berg.jpg'), ('Computer', 'Schwimmen', 'C:\\git\\experiments\\watkins2_part1\\strand.jpg'), ('Heft', 'Puzzle', 'C:\\git\\experiments\\watkins2_part1\\berg.jpg', 'C:\\git\\experiments\\watkins2_part1\\berg.jpg'), ('Pinsel', 'Kaninchen', 'C:\\git\\experiments\\watkins2_part1\\berg.jpg', 'C:\\git\\experiments\\watkins2_part1\\berg.jpg'), ('Birne', 'Goldfisch', 'C:\\git\\experiments\\watkins2_part1\\berg.jpg'), ('Fenster', 'Tennis', 'C:\\git\\experiments\\watkins2_part1\\strand.jpg'), ('Bohrer', 'Hemd', 'C:\\git\\experiments\\watkins2_part1\\wueste.jpg'), ('Wind', 'Bus', 'C:\\git\\experiments\\watkins2_part1\\wald.jpg', 'C:\\git\\experiments\\watkins2_part1\\wald.jpg'), ('Hammer', 'Mappe', 'C:\\git\\experiments\\watkins2_part1\\berg.jpg'), ('Bett', 'Regen', 'C:\\git\\experiments\\watkins2_part1\\wald.jpg'), ('Laub', 'Schal', 'C:\\git\\experiments\\watkins2_part1\\wald.jpg', 'C:\\git\\experiments\\watkins2_part1\\wald.jpg'), ('Matsch', 'Zange', 'C:\\git\\experiments\\watkins2_part1\\wald.jpg'), ('Kaffee', 'Skulptur', 'C:\\git\\experiments\\watkins2_part1\\strand.jpg', 'C:\\git\\experiments\\watkins2_part1\\strand.jpg'), ('Staffelei', 'Dünger', 'C:\\git\\experiments\\watkins2_part1\\wueste.jpg', 'C:\\git\\experiments\\watkins2_part1\\wueste.jpg'), ('Geige', 'Kakao', 'C:\\git\\experiments\\watkins2_part1\\wald.jpg'), ('Jacke', 'Trommel', 'C:\\git\\experiments\\watkins2_part1\\wueste.jpg'), ('Kreisel', 'Leinwand', 'C:\\git\\experiments\\watkins2_part1\\wueste.jpg', 'C:\\git\\experiments\\watkins2_part1\\wueste.jpg'), ('Krümel', 'Umschlag', 'C:\\git\\experiments\\watkins2_part1\\strand.jpg', 'C:\\git\\experiments\\watkins2_part1\\strand.jpg'), ('Onkel', 'Beet', 'C:\\git\\experiments\\watkins2_part1\\strand.jpg'), ('Schwester', 'Staub', 'C:\\git\\experiments\\watkins2_part1\\wueste.jpg', 'C:\\git\\experiments\\watkins2_part1\\wueste.jpg'), ('Rasen', 'Würfel', 'C:\\git\\experiments\\watkins2_part1\\strand.jpg', 'C:\\git\\experiments\\watkins2_part1\\strand.jpg'), ('Hamster', 'Drucker', 'C:\\git\\experiments\\watkins2_part1\\wueste.jpg'), ('Joggen', 'Banane', 'C:\\git\\experiments\\watkins2_part1\\berg.jpg')]",,,,,,,,,,,,,,,,,,,,,,,,,,,,,,,147,2026-08-31_16h03.05.549,watkins2_part1,,2026.1.3,143.4345694217899,1,19,Weiblich,Muttersprache,Abitur,Psychologie,Bachelor,2026-08-31 16h03.06.194152 +0200,
3,0,3,,3,0,3,0,,,,,87.56699909991585,,,,,,,,,,,,,,,,,,,,,,,,,,,,87.56034289998934,88.04824710008688,88.08108259993605,88.08578240009956,96.06231179996394,Heft,Puzzle,C:\git\experiments\watkins2_part1\berg.jpg,"['Heft', 'Puzzle', 'C:\\git\\experiments\\watkins2_part1\\berg.jpg']",restudy,1,"[('Schnee', 'Nichte', 'C:\\git\\experiments\\watkins2_part1\\wald.jpg', 'C:\\git\\experiments\\watkins2_part1\\wald.jpg'), ('Flöte', 'Wolke', 'C:\\git\\experiments\\watkins2_part1\\berg.jpg', 'C:\\git\\experiments\\watkins2_part1\\berg.jpg'), ('Computer', 'Schwimmen', 'C:\\git\\experiments\\watkins2_part1\\strand.jpg'), ('Heft', 'Puzzle', 'C:\\git\\experiments\\watkins2_part1\\berg.jpg', 'C:\\git\\experiments\\watkins2_part1\\berg.jpg'), ('Pinsel', 'Kaninchen', 'C:\\git\\experiments\\watkins2_part1\\berg.jpg', 'C:\\git\\experiments\\watkins2_part1\\berg.jpg'), ('Birne', 'Goldfisch', 'C:\\git\\experiments\\watkins2_part1\\berg.jpg'), ('Fenster', 'Tennis', 'C:\\git\\experiments\\watkins2_part1\\strand.jpg'), ('Bohrer', 'Hemd', 'C:\\git\\experiments\\watkins2_part1\\wueste.jpg'), ('Wind', 'Bus', 'C:\\git\\experiments\\watkins2_part1\\wald.jpg', 'C:\\git\\experiments\\watkins2_part1\\wald.jpg'), ('Hammer', 'Mappe', 'C:\\git\\experiments\\watkins2_part1\\berg.jpg'), ('Bett', 'Regen', 'C:\\git\\experiments\\watkins2_part1\\wald.jpg'), ('Laub', 'Schal', 'C:\\git\\experiments\\watkins2_part1\\wald.jpg', 'C:\\git\\experiments\\watkins2_part1\\wald.jpg'), ('Matsch', 'Zange', 'C:\\git\\experiments\\watkins2_part1\\wald.jpg'), ('Kaffee', 'Skulptur', 'C:\\git\\experiments\\watkins2_part1\\strand.jpg', 'C:\\git\\experiments\\watkins2_part1\\strand.jpg'), ('Staffelei', 'Dünger', 'C:\\git\\experiments\\watkins2_part1\\wueste.jpg', 'C:\\git\\experiments\\watkins2_part1\\wueste.jpg'), ('Geige', 'Kakao', 'C:\\git\\experiments\\watkins2_part1\\wald.jpg'), ('Jacke', 'Trommel', 'C:\\git\\experiments\\watkins2_part1\\wueste.jpg'), ('Kreisel', 'Leinwand', 'C:\\git\\experiments\\watkins2_part1\\wueste.jpg', 'C:\\git\\experiments\\watkins2_part1\\wueste.jpg'), ('Krümel', 'Umschlag', 'C:\\git\\experiments\\watkins2_part1\\strand.jpg', 'C:\\git\\experiments\\watkins2_part1\\strand.jpg'), ('Onkel', 'Beet', 'C:\\git\\experiments\\watkins2_part1\\strand.jpg'), ('Schwester', 'Staub', 'C:\\git\\experiments\\watkins2_part1\\wueste.jpg', 'C:\\git\\experiments\\watkins2_part1\\wueste.jpg'), ('Rasen', 'Würfel', 'C:\\git\\experiments\\watkins2_part1\\strand.jpg', 'C:\\git\\experiments\\watkins2_part1\\strand.jpg'), ('Hamster', 'Drucker', 'C:\\git\\experiments\\watkins2_part1\\wueste.jpg'), ('Joggen', 'Banane', 'C:\\git\\experiments\\watkins2_part1\\berg.jpg')]",,,,,,,,,,,,,,,,,,,,,,,,,,,,,,,147,2026-08-31_16h03.05.549,watkins2_part1,,2026.1.3,143.4345694217899,1,19,Weiblich,Muttersprache,Abitur,Psychologie,Bachelor,2026-08-31 16h03.06.194152 +0200,
4,0,4,,4,0,4,0,,,,,96.06916729989462,,,,,,,,,,,,,,,,,,,,,,,,,,,,96.06250220001675,96.55051929992624,96.57874469994567,96.5833695998881,104.5664526000619,Pinsel,Kaninchen,C:\git\experiments\watkins2_part1\berg.jpg,"['Pinsel', 'Kaninchen', 'C:\\git\\experiments\\watkins2_part1\\berg.jpg']",restudy,1,"[('Schnee', 'Nichte', 'C:\\git\\experiments\\watkins2_part1\\wald.jpg', 'C:\\git\\experiments\\watkins2_part1\\wald.jpg'), ('Flöte', 'Wolke', 'C:\\git\\experiments\\watkins2_part1\\berg.jpg', 'C:\\git\\experiments\\watkins2_part1\\berg.jpg'), ('Computer', 'Schwimmen', 'C:\\git\\experiments\\watkins2_part1\\strand.jpg'), ('Heft', 'Puzzle', 'C:\\git\\experiments\\watkins2_part1\\berg.jpg', 'C:\\git\\experiments\\watkins2_part1\\berg.jpg'), ('Pinsel', 'Kaninchen', 'C:\\git\\experiments\\watkins2_part1\\berg.jpg', 'C:\\git\\experiments\\watkins2_part1\\berg.jpg'), ('Birne', 'Goldfisch', 'C:\\git\\experiments\\watkins2_part1\\berg.jpg'), ('Fenster', 'Tennis', 'C:\\git\\experiments\\watkins2_part1\\strand.jpg'), ('Bohrer', 'Hemd', 'C:\\git\\experiments\\watkins2_part1\\wueste.jpg'), ('Wind', 'Bus', 'C:\\git\\experiments\\watkins2_part1\\wald.jpg', 'C:\\git\\experiments\\watkins2_part1\\wald.jpg'), ('Hammer', 'Mappe', 'C:\\git\\experiments\\watkins2_part1\\berg.jpg'), ('Bett', 'Regen', 'C:\\git\\experiments\\watkins2_part1\\wald.jpg'), ('Laub', 'Schal', 'C:\\git\\experiments\\watkins2_part1\\wald.jpg', 'C:\\git\\experiments\\watkins2_part1\\wald.jpg'), ('Matsch', 'Zange', 'C:\\git\\experiments\\watkins2_part1\\wald.jpg'), ('Kaffee', 'Skulptur', 'C:\\git\\experiments\\watkins2_part1\\strand.jpg', 'C:\\git\\experiments\\watkins2_part1\\strand.jpg'), ('Staffelei', 'Dünger', 'C:\\git\\experiments\\watkins2_part1\\wueste.jpg', 'C:\\git\\experiments\\watkins2_part1\\wueste.jpg'), ('Geige', 'Kakao', 'C:\\git\\experiments\\watkins2_part1\\wald.jpg'), ('Jacke', 'Trommel', 'C:\\git\\experiments\\watkins2_part1\\wueste.jpg'), ('Kreisel', 'Leinwand', 'C:\\git\\experiments\\watkins2_part1\\wueste.jpg', 'C:\\git\\experiments\\watkins2_part1\\wueste.jpg'), ('Krümel', 'Umschlag', 'C:\\git\\experiments\\watkins2_part1\\strand.jpg', 'C:\\git\\experiments\\watkins2_part1\\strand.jpg'), ('Onkel', 'Beet', 'C:\\git\\experiments\\watkins2_part1\\strand.jpg'), ('Schwester', 'Staub', 'C:\\git\\experiments\\watkins2_part1\\wueste.jpg', 'C:\\git\\experiments\\watkins2_part1\\wueste.jpg'), ('Rasen', 'Würfel', 'C:\\git\\experiments\\watkins2_part1\\strand.jpg', 'C:\\git\\experiments\\watkins2_part1\\strand.jpg'), ('Hamster', 'Drucker', 'C:\\git\\experiments\\watkins2_part1\\wueste.jpg'), ('Joggen', 'Banane', 'C:\\git\\experiments\\watkins2_part1\\berg.jpg')]",,,,,,,,,,,,,,,,,,,,,,,,,,,,,,,147,2026-08-31_16h03.05.549,watkins2_part1,,2026.1.3,143.4345694217899,1,19,Weiblich,Muttersprache,Abitur,Psychologie,Bachelor,2026-08-31 16h03.06.194152 +0200,
5,0,5,,5,0,5,0,,,,,104.57332310010679,,,,,,,,,,,,,,,,,,,,,,,,,,,,104.56664160010405,105.05468209995888,105.0833940000739,105.08796379994601,113.0711544000078,Birne,Goldfisch,C:\git\experiments\watkins2_part1\berg.jpg,"['Birne', 'Goldfisch', 'C:\\git\\experiments\\watkins2_part1\\berg.jpg']",study,1,"[('Schnee', 'Nichte', 'C:\\git\\experiments\\watkins2_part1\\wald.jpg', 'C:\\git\\experiments\\watkins2_part1\\wald.jpg'), ('Flöte', 'Wolke', 'C:\\git\\experiments\\watkins2_part1\\berg.jpg', 'C:\\git\\experiments\\watkins2_part1\\berg.jpg'), ('Computer', 'Schwimmen', 'C:\\git\\experiments\\watkins2_part1\\strand.jpg'), ('Heft', 'Puzzle', 'C:\\git\\experiments\\watkins2_part1\\berg.jpg', 'C:\\git\\experiments\\watkins2_part1\\berg.jpg'), ('Pinsel', 'Kaninchen', 'C:\\git\\experiments\\watkins2_part1\\berg.jpg', 'C:\\git\\experiments\\watkins2_part1\\berg.jpg'), ('Birne', 'Goldfisch', 'C:\\git\\experiments\\watkins2_part1\\berg.jpg'), ('Fenster', 'Tennis', 'C:\\git\\experiments\\watkins2_part1\\strand.jpg'), ('Bohrer', 'Hemd', 'C:\\git\\experiments\\watkins2_part1\\wueste.jpg'), ('Wind', 'Bus', 'C:\\git\\experiments\\watkins2_part1\\wald.jpg', 'C:\\git\\experiments\\watkins2_part1\\wald.jpg'), ('Hammer', 'Mappe', 'C:\\git\\experiments\\watkins2_part1\\berg.jpg'), ('Bett', 'Regen', 'C:\\git\\experiments\\watkins2_part1\\wald.jpg'), ('Laub', 'Schal', 'C:\\git\\experiments\\watkins2_part1\\wald.jpg', 'C:\\git\\experiments\\watkins2_part1\\wald.jpg'), ('Matsch', 'Zange', 'C:\\git\\experiments\\watkins2_part1\\wald.jpg'), ('Kaffee', 'Skulptur', 'C:\\git\\experiments\\watkins2_part1\\strand.jpg', 'C:\\git\\experiments\\watkins2_part1\\strand.jpg'), ('Staffelei', 'Dünger', 'C:\\git\\experiments\\watkins2_part1\\wueste.jpg', 'C:\\git\\experiments\\watkins2_part1\\wueste.jpg'), ('Geige', 'Kakao', 'C:\\git\\experiments\\watkins2_part1\\wald.jpg'), ('Jacke', 'Trommel', 'C:\\git\\experiments\\watkins2_part1\\wueste.jpg'), ('Kreisel', 'Leinwand', 'C:\\git\\experiments\\watkins2_part1\\wueste.jpg', 'C:\\git\\experiments\\watkins2_part1\\wueste.jpg'), ('Krümel', 'Umschlag', 'C:\\git\\experiments\\watkins2_part1\\strand.jpg', 'C:\\git\\experiments\\watkins2_part1\\strand.jpg'), ('Onkel', 'Beet', 'C:\\git\\experiments\\watkins2_part1\\strand.jpg'), ('Schwester', 'Staub', 'C:\\git\\experiments\\watkins2_part1\\wueste.jpg', 'C:\\git\\experiments\\watkins2_part1\\wueste.jpg'), ('Rasen', 'Würfel', 'C:\\git\\experiments\\watkins2_part1\\strand.jpg', 'C:\\git\\experiments\\watkins2_part1\\strand.jpg'), ('Hamster', 'Drucker', 'C:\\git\\experiments\\watkins2_part1\\wueste.jpg'), ('Joggen', 'Banane', 'C:\\git\\experiments\\watkins2_part1\\berg.jpg')]",,,,,,,,,,,,,,,,,,,,,,,,,,,,,,,147,2026-08-31_16h03.05.549,watkins2_part1,,2026.1.3,143.4345694217899,1,19,Weiblich,Muttersprache,Abitur,Psychologie,Bachelor,2026-08-31 16h03.06.194152 +0200,
6,0,6,,6,0,6,0,,,,,113.0780738000758,,,,,,,,,,,,,,,,,,,,,,,,,,,,113.07135579991154,113.5594923000317,113.57480109995231,113.57926380005665,121.57759099989198,Fenster,Tennis,C:\git\experiments\watkins2_part1\strand.jpg,"['Fenster', 'Tennis', 'C:\\git\\experiments\\watkins2_part1\\strand.jpg']",study,1,"[('Schnee', 'Nichte', 'C:\\git\\experiments\\watkins2_part1\\wald.jpg', 'C:\\git\\experiments\\watkins2_part1\\wald.jpg'), ('Flöte', 'Wolke', 'C:\\git\\experiments\\watkins2_part1\\berg.jpg', 'C:\\git\\experiments\\watkins2_part1\\berg.jpg'), ('Computer', 'Schwimmen', 'C:\\git\\experiments\\watkins2_part1\\strand.jpg'), ('Heft', 'Puzzle', 'C:\\git\\experiments\\watkins2_part1\\berg.jpg', 'C:\\git\\experiments\\watkins2_part1\\berg.jpg'), ('Pinsel', 'Kaninchen', 'C:\\git\\experiments\\watkins2_part1\\berg.jpg', 'C:\\git\\experiments\\watkins2_part1\\berg.jpg'), ('Birne', 'Goldfisch', 'C:\\git\\experiments\\watkins2_part1\\berg.jpg'), ('Fenster', 'Tennis', 'C:\\git\\experiments\\watkins2_part1\\strand.jpg'), ('Bohrer', 'Hemd', 'C:\\git\\experiments\\watkins2_part1\\wueste.jpg'), ('Wind', 'Bus', 'C:\\git\\experiments\\watkins2_part1\\wald.jpg', 'C:\\git\\experiments\\watkins2_part1\\wald.jpg'), ('Hammer', 'Mappe', 'C:\\git\\experiments\\watkins2_part1\\berg.jpg'), ('Bett', 'Regen', 'C:\\git\\experiments\\watkins2_part1\\wald.jpg'), ('Laub', 'Schal', 'C:\\git\\experiments\\watkins2_part1\\wald.jpg', 'C:\\git\\experiments\\watkins2_part1\\wald.jpg'), ('Matsch', 'Zange', 'C:\\git\\experiments\\watkins2_part1\\wald.jpg'), ('Kaffee', 'Skulptur', 'C:\\git\\experiments\\watkins2_part1\\strand.jpg', 'C:\\git\\experiments\\watkins2_part1\\strand.jpg'), ('Staffelei', 'Dünger', 'C:\\git\\experiments\\watkins2_part1\\wueste.jpg', 'C:\\git\\experiments\\watkins2_part1\\wueste.jpg'), ('Geige', 'Kakao', 'C:\\git\\experiments\\watkins2_part1\\wald.jpg'), ('Jacke', 'Trommel', 'C:\\git\\experiments\\watkins2_part1\\wueste.jpg'), ('Kreisel', 'Leinwand', 'C:\\git\\experiments\\watkins2_part1\\wueste.jpg', 'C:\\git\\experiments\\watkins2_part1\\wueste.jpg'), ('Krümel', 'Umschlag', 'C:\\git\\experiments\\watkins2_part1\\strand.jpg', 'C:\\git\\experiments\\watkins2_part1\\strand.jpg'), ('Onkel', 'Beet', 'C:\\git\\experiments\\watkins2_part1\\strand.jpg'), ('Schwester', 'Staub', 'C:\\git\\experiments\\watkins2_part1\\wueste.jpg', 'C:\\git\\experiments\\watkins2_part1\\wueste.jpg'), ('Rasen', 'Würfel', 'C:\\git\\experiments\\watkins2_part1\\strand.jpg', 'C:\\git\\experiments\\watkins2_part1\\strand.jpg'), ('Hamster', 'Drucker', 'C:\\git\\experiments\\watkins2_part1\\wueste.jpg'), ('Joggen', 'Banane', 'C:\\git\\experiments\\watkins2_part1\\berg.jpg')]",,,,,,,,,,,,,,,,,,,,,,,,,,,,,,,147,2026-08-31_16h03.05.549,watkins2_part1,,2026.1.3,143.4345694217899,1,19,Weiblich,Muttersprache,Abitur,Psychologie,Bachelor,2026-08-31 16h03.06.194152 +0200,
7,0,7,,7,0,7,0,,,,,121.58447110000998,,,,,,,,,,,,,,,,,,,,,,,,,,,,121.57777970004827,122.06577409990132,122.08543789992109,122.09154809988104,130.0801609000191,Bohrer,Hemd,C:\git\experiments\watkins2_part1\wueste.jpg,"['Bohrer', 'Hemd', 'C:\\git\\experiments\\watkins2_part1\\wueste.jpg']",study,1,"[('Schnee', 'Nichte', 'C:\\git\\experiments\\watkins2_part1\\wald.jpg', 'C:\\git\\experiments\\watkins2_part1\\wald.jpg'), ('Flöte', 'Wolke', 'C:\\git\\experiments\\watkins2_part1\\berg.jpg', 'C:\\git\\experiments\\watkins2_part1\\berg.jpg'), ('Computer', 'Schwimmen', 'C:\\git\\experiments\\watkins2_part1\\strand.jpg'), ('Heft', 'Puzzle', 'C:\\git\\experiments\\watkins2_part1\\berg.jpg', 'C:\\git\\experiments\\watkins2_part1\\berg.jpg'), ('Pinsel', 'Kaninchen', 'C:\\git\\experiments\\watkins2_part1\\berg.jpg', 'C:\\git\\experiments\\watkins2_part1\\berg.jpg'), ('Birne', 'Goldfisch', 'C:\\git\\experiments\\watkins2_part1\\berg.jpg'), ('Fenster', 'Tennis', 'C:\\git\\experiments\\watkins2_part1\\strand.jpg'), ('Bohrer', 'Hemd', 'C:\\git\\experiments\\watkins2_part1\\wueste.jpg'), ('Wind', 'Bus', 'C:\\git\\experiments\\watkins2_part1\\wald.jpg', 'C:\\git\\experiments\\watkins2_part1\\wald.jpg'), ('Hammer', 'Mappe', 'C:\\git\\experiments\\watkins2_part1\\berg.jpg'), ('Bett', 'Regen', 'C:\\git\\experiments\\watkins2_part1\\wald.jpg'), ('Laub', 'Schal', 'C:\\git\\experiments\\watkins2_part1\\wald.jpg', 'C:\\git\\experiments\\watkins2_part1\\wald.jpg'), ('Matsch', 'Zange', 'C:\\git\\experiments\\watkins2_part1\\wald.jpg'), ('Kaffee', 'Skulptur', 'C:\\git\\experiments\\watkins2_part1\\strand.jpg', 'C:\\git\\experiments\\watkins2_part1\\strand.jpg'), ('Staffelei', 'Dünger', 'C:\\git\\experiments\\watkins2_part1\\wueste.jpg', 'C:\\git\\experiments\\watkins2_part1\\wueste.jpg'), ('Geige', 'Kakao', 'C:\\git\\experiments\\watkins2_part1\\wald.jpg'), ('Jacke', 'Trommel', 'C:\\git\\experiments\\watkins2_part1\\wueste.jpg'), ('Kreisel', 'Leinwand', 'C:\\git\\experiments\\watkins2_part1\\wueste.jpg', 'C:\\git\\experiments\\watkins2_part1\\wueste.jpg'), ('Krümel', 'Umschlag', 'C:\\git\\experiments\\watkins2_part1\\strand.jpg', 'C:\\git\\experiments\\watkins2_part1\\strand.jpg'), ('Onkel', 'Beet', 'C:\\git\\experiments\\watkins2_part1\\strand.jpg'), ('Schwester', 'Staub', 'C:\\git\\experiments\\watkins2_part1\\wueste.jpg', 'C:\\git\\experiments\\watkins2_part1\\wueste.jpg'), ('Rasen', 'Würfel', 'C:\\git\\experiments\\watkins2_part1\\strand.jpg', 'C:\\git\\experiments\\watkins2_part1\\strand.jpg'), ('Hamster', 'Drucker', 'C:\\git\\experiments\\watkins2_part1\\wueste.jpg'), ('Joggen', 'Banane', 'C:\\git\\experiments\\watkins2_part1\\berg.jpg')]",,,,,,,,,,,,,,,,,,,,,,,,,,,,,,,147,2026-08-31_16h03.05.549,watkins2_part1,,2026.1.3,143.4345694217899,1,19,Weiblich,Muttersprache,Abitur,Psychologie,Bachelor,2026-08-31 16h03.06.194152 +0200,
8,0,8,,8,0,8,0,,,,,130.0871208999306,,,,,,,,,,,,,,,,,,,,,,,,,,,,130.0803503000643,130.5684100999497,130.5889896999579,130.59602380008437,138.58695370005444,Wind,Bus,C:\git\experiments\watkins2_part1\wald.jpg,"['Wind', 'Bus', 'C:\\git\\experiments\\watkins2_part1\\wald.jpg']",restudy,1,"[('Schnee', 'Nichte', 'C:\\git\\experiments\\watkins2_part1\\wald.jpg', 'C:\\git\\experiments\\watkins2_part1\\wald.jpg'), ('Flöte', 'Wolke', 'C:\\git\\experiments\\watkins2_part1\\berg.jpg', 'C:\\git\\experiments\\watkins2_part1\\berg.jpg'), ('Computer', 'Schwimmen', 'C:\\git\\experiments\\watkins2_part1\\strand.jpg'), ('Heft', 'Puzzle', 'C:\\git\\experiments\\watkins2_part1\\berg.jpg', 'C:\\git\\experiments\\watkins2_part1\\berg.jpg'), ('Pinsel', 'Kaninchen', 'C:\\git\\experiments\\watkins2_part1\\berg.jpg', 'C:\\git\\experiments\\watkins2_part1\\berg.jpg'), ('Birne', 'Goldfisch', 'C:\\git\\experiments\\watkins2_part1\\berg.jpg'), ('Fenster', 'Tennis', 'C:\\git\\experiments\\watkins2_part1\\strand.jpg'), ('Bohrer', 'Hemd', 'C:\\git\\experiments\\watkins2_part1\\wueste.jpg'), ('Wind', 'Bus', 'C:\\git\\experiments\\watkins2_part1\\wald.jpg', 'C:\\git\\experiments\\watkins2_part1\\wald.jpg'), ('Hammer', 'Mappe', 'C:\\git\\experiments\\watkins2_part1\\berg.jpg'), ('Bett', 'Regen', 'C:\\git\\experiments\\watkins2_part1\\wald.jpg'), ('Laub', 'Schal', 'C:\\git\\experiments\\watkins2_part1\\wald.jpg', 'C:\\git\\experiments\\watkins2_part1\\wald.jpg'), ('Matsch', 'Zange', 'C:\\git\\experiments\\watkins2_part1\\wald.jpg'), ('Kaffee', 'Skulptur', 'C:\\git\\experiments\\watkins2_part1\\strand.jpg', 'C:\\git\\experiments\\watkins2_part1\\strand.jpg'), ('Staffelei', 'Dünger', 'C:\\git\\experiments\\watkins2_part1\\wueste.jpg', 'C:\\git\\experiments\\watkins2_part1\\wueste.jpg'), ('Geige', 'Kakao', 'C:\\git\\experiments\\watkins2_part1\\wald.jpg'), ('Jacke', 'Trommel', 'C:\\git\\experiments\\watkins2_part1\\wueste.jpg'), ('Kreisel', 'Leinwand', 'C:\\git\\experiments\\watkins2_part1\\wueste.jpg', 'C:\\git\\experiments\\watkins2_part1\\wueste.jpg'), ('Krümel', 'Umschlag', 'C:\\git\\experiments\\watkins2_part1\\strand.jpg', 'C:\\git\\experiments\\watkins2_part1\\strand.jpg'), ('Onkel', 'Beet', 'C:\\git\\experiments\\watkins2_part1\\strand.jpg'), ('Schwester', 'Staub', 'C:\\git\\experiments\\watkins2_part1\\wueste.jpg', 'C:\\git\\experiments\\watkins2_part1\\wueste.jpg'), ('Rasen', 'Würfel', 'C:\\git\\experiments\\watkins2_part1\\strand.jpg', 'C:\\git\\experiments\\watkins2_part1\\strand.jpg'), ('Hamster', 'Drucker', 'C:\\git\\experiments\\watkins2_part1\\wueste.jpg'), ('Joggen', 'Banane', 'C:\\git\\experiments\\watkins2_part1\\berg.jpg')]",,,,,,,,,,,,,,,,,,,,,,,,,,,,,,,147,2026-08-31_16h03.05.549,watkins2_part1,,2026.1.3,143.4345694217899,1,19,Weiblich,Muttersprache,Abitur,Psychologie,Bachelor,2026-08-31 16h03.06.194152 +0200,
9,0,9,,9,0,9,0,,,,,138.59379409998655,,,,,,,,,,,,,,,,,,,,,,,,,,,,138.58714330010116,139.07513280003332,139.10662869992666,139.11167989997193,147.09038470010273,Hammer,Mappe,C:\git\experiments\watkins2_part1\berg.jpg,"['Hammer', 'Mappe', 'C:\\git\\experiments\\watkins2_part1\\berg.jpg']",study,1,"[('Schnee', 'Nichte', 'C:\\git\\experiments\\watkins2_part1\\wald.jpg', 'C:\\git\\experiments\\watkins2_part1\\wald.jpg'), ('Flöte', 'Wolke', 'C:\\git\\experiments\\watkins2_part1\\berg.jpg', 'C:\\git\\experiments\\watkins2_part1\\berg.jpg'), ('Computer', 'Schwimmen', 'C:\\git\\experiments\\watkins2_part1\\strand.jpg'), ('Heft', 'Puzzle', 'C:\\git\\experiments\\watkins2_part1\\berg.jpg', 'C:\\git\\experiments\\watkins2_part1\\berg.jpg'), ('Pinsel', 'Kaninchen', 'C:\\git\\experiments\\watkins2_part1\\berg.jpg', 'C:\\git\\experiments\\watkins2_part1\\berg.jpg'), ('Birne', 'Goldfisch', 'C:\\git\\experiments\\watkins2_part1\\berg.jpg'), ('Fenster', 'Tennis', 'C:\\git\\experiments\\watkins2_part1\\strand.jpg'), ('Bohrer', 'Hemd', 'C:\\git\\experiments\\watkins2_part1\\wueste.jpg'), ('Wind', 'Bus', 'C:\\git\\experiments\\watkins2_part1\\wald.jpg', 'C:\\git\\experiments\\watkins2_part1\\wald.jpg'), ('Hammer', 'Mappe', 'C:\\git\\experiments\\watkins2_part1\\berg.jpg'), ('Bett', 'Regen', 'C:\\git\\experiments\\watkins2_part1\\wald.jpg'), ('Laub', 'Schal', 'C:\\git\\experiments\\watkins2_part1\\wald.jpg', 'C:\\git\\experiments\\watkins2_part1\\wald.jpg'), ('Matsch', 'Zange', 'C:\\git\\experiments\\watkins2_part1\\wald.jpg'), ('Kaffee', 'Skulptur', 'C:\\git\\experiments\\watkins2_part1\\strand.jpg', 'C:\\git\\experiments\\watkins2_part1\\strand.jpg'), ('Staffelei', 'Dünger', 'C:\\git\\experiments\\watkins2_part1\\wueste.jpg', 'C:\\git\\experiments\\watkins2_part1\\wueste.jpg'), ('Geige', 'Kakao', 'C:\\git\\experiments\\watkins2_part1\\wald.jpg'), ('Jacke', 'Trommel', 'C:\\git\\experiments\\watkins2_part1\\wueste.jpg'), ('Kreisel', 'Leinwand', 'C:\\git\\experiments\\watkins2_part1\\wueste.jpg', 'C:\\git\\experiments\\watkins2_part1\\wueste.jpg'), ('Krümel', 'Umschlag', 'C:\\git\\experiments\\watkins2_part1\\strand.jpg', 'C:\\git\\experiments\\watkins2_part1\\strand.jpg'), ('Onkel', 'Beet', 'C:\\git\\experiments\\watkins2_part1\\strand.jpg'), ('Schwester', 'Staub', 'C:\\git\\experiments\\watkins2_part1\\wueste.jpg', 'C:\\git\\experiments\\watkins2_part1\\wueste.jpg'), ('Rasen', 'Würfel', 'C:\\git\\experiments\\watkins2_part1\\strand.jpg', 'C:\\git\\experiments\\watkins2_part1\\strand.jpg'), ('Hamster', 'Drucker', 'C:\\git\\experiments\\watkins2_part1\\wueste.jpg'), ('Joggen', 'Banane', 'C:\\git\\experiments\\watkins2_part1\\berg.jpg')]",,,,,,,,,,,,,,,,,,,,,,,,,,,,,,,147,2026-08-31_16h03.05.549,watkins2_part1,,2026.1.3,143.4345694217899,1,19,Weiblich,Muttersprache,Abitur,Psychologie,Bachelor,2026-08-31 16h03.06.194152 +0200,
10,0,10,,10,0,10,0,,,,,147.09721400006674,,,,,,,,,,,,,,,,,,,,,,,,,,,,147.09057320002466,147.57848530006595,147.6003602000419,147.60464560007676,155.59523499989882,Bett,Regen,C:\git\experiments\watkins2_part1\wald.jpg,"['Bett', 'Regen', 'C:\\git\\experiments\\watkins2_part1\\wald.jpg']",study,1,"[('Schnee', 'Nichte', 'C:\\git\\experiments\\watkins2_part1\\wald.jpg', 'C:\\git\\experiments\\watkins2_part1\\wald.jpg'), ('Flöte', 'Wolke', 'C:\\git\\experiments\\watkins2_part1\\berg.jpg', 'C:\\git\\experiments\\watkins2_part1\\berg.jpg'), ('Computer', 'Schwimmen', 'C:\\git\\experiments\\watkins2_part1\\strand.jpg'), ('Heft', 'Puzzle', 'C:\\git\\experiments\\watkins2_part1\\berg.jpg', 'C:\\git\\experiments\\watkins2_part1\\berg.jpg'), ('Pinsel', 'Kaninchen', 'C:\\git\\experiments\\watkins2_part1\\berg.jpg', 'C:\\git\\experiments\\watkins2_part1\\berg.jpg'), ('Birne', 'Goldfisch', 'C:\\git\\experiments\\watkins2_part1\\berg.jpg'), ('Fenster', 'Tennis', 'C:\\git\\experiments\\watkins2_part1\\strand.jpg'), ('Bohrer', 'Hemd', 'C:\\git\\experiments\\watkins2_part1\\wueste.jpg'), ('Wind', 'Bus', 'C:\\git\\experiments\\watkins2_part1\\wald.jpg', 'C:\\git\\experiments\\watkins2_part1\\wald.jpg'), ('Hammer', 'Mappe', 'C:\\git\\experiments\\watkins2_part1\\berg.jpg'), ('Bett', 'Regen', 'C:\\git\\experiments\\watkins2_part1\\wald.jpg'), ('Laub', 'Schal', 'C:\\git\\experiments\\watkins2_part1\\wald.jpg', 'C:\\git\\experiments\\watkins2_part1\\wald.jpg'), ('Matsch', 'Zange', 'C:\\git\\experiments\\watkins2_part1\\wald.jpg'), ('Kaffee', 'Skulptur', 'C:\\git\\experiments\\watkins2_part1\\strand.jpg', 'C:\\git\\experiments\\watkins2_part1\\strand.jpg'), ('Staffelei', 'Dünger', 'C:\\git\\experiments\\watkins2_part1\\wueste.jpg', 'C:\\git\\experiments\\watkins2_part1\\wueste.jpg'), ('Geige', 'Kakao', 'C:\\git\\experiments\\watkins2_part1\\wald.jpg'), ('Jacke', 'Trommel', 'C:\\git\\experiments\\watkins2_part1\\wueste.jpg'), ('Kreisel', 'Leinwand', 'C:\\git\\experiments\\watkins2_part1\\wueste.jpg', 'C:\\git\\experiments\\watkins2_part1\\wueste.jpg'), ('Krümel', 'Umschlag', 'C:\\git\\experiments\\watkins2_part1\\strand.jpg', 'C:\\git\\experiments\\watkins2_part1\\strand.jpg'), ('Onkel', 'Beet', 'C:\\git\\experiments\\watkins2_part1\\strand.jpg'), ('Schwester', 'Staub', 'C:\\git\\experiments\\watkins2_part1\\wueste.jpg', 'C:\\git\\experiments\\watkins2_part1\\wueste.jpg'), ('Rasen', 'Würfel', 'C:\\git\\experiments\\watkins2_part1\\strand.jpg', 'C:\\git\\experiments\\watkins2_part1\\strand.jpg'), ('Hamster', 'Drucker', 'C:\\git\\experiments\\watkins2_part1\\wueste.jpg'), ('Joggen', 'Banane', 'C:\\git\\experiments\\watkins2_part1\\berg.jpg')]",,,,,,,,,,,,,,,,,,,,,,,,,,,,,,,147,2026-08-31_16h03.05.549,watkins2_part1,,2026.1.3,143.4345694217899,1,19,Weiblich,Muttersprache,Abitur,Psychologie,Bachelor,2026-08-31 16h03.06.194152 +0200,
11,0,11,,11,0,11,0,,,,,155.60202879994176,,,,,,,,,,,,,,,,,,,,,,,,,,,,155.59542579995468,156.08338379999623,156.1023631999269,156.10682499990799,164.1022280000616,Laub,Schal,C:\git\experiments\watkins2_part1\wald.jpg,"['Laub', 'Schal', 'C:\\git\\experiments\\watkins2_part1\\wald.jpg']",restudy,1,"[('Schnee', 'Nichte', 'C:\\git\\experiments\\watkins2_part1\\wald.jpg', 'C:\\git\\experiments\\watkins2_part1\\wald.jpg'), ('Flöte', 'Wolke', 'C:\\git\\experiments\\watkins2_part1\\berg.jpg', 'C:\\git\\experiments\\watkins2_part1\\berg.jpg'), ('Computer', 'Schwimmen', 'C:\\git\\experiments\\watkins2_part1\\strand.jpg'), ('Heft', 'Puzzle', 'C:\\git\\experiments\\watkins2_part1\\berg.jpg', 'C:\\git\\experiments\\watkins2_part1\\berg.jpg'), ('Pinsel', 'Kaninchen', 'C:\\git\\experiments\\watkins2_part1\\berg.jpg', 'C:\\git\\experiments\\watkins2_part1\\berg.jpg'), ('Birne', 'Goldfisch', 'C:\\git\\experiments\\watkins2_part1\\berg.jpg'), ('Fenster', 'Tennis', 'C:\\git\\experiments\\watkins2_part1\\strand.jpg'), ('Bohrer', 'Hemd', 'C:\\git\\experiments\\watkins2_part1\\wueste.jpg'), ('Wind', 'Bus', 'C:\\git\\experiments\\watkins2_part1\\wald.jpg', 'C:\\git\\experiments\\watkins2_part1\\wald.jpg'), ('Hammer', 'Mappe', 'C:\\git\\experiments\\watkins2_part1\\berg.jpg'), ('Bett', 'Regen', 'C:\\git\\experiments\\watkins2_part1\\wald.jpg'), ('Laub', 'Schal', 'C:\\git\\experiments\\watkins2_part1\\wald.jpg', 'C:\\git\\experiments\\watkins2_part1\\wald.jpg'), ('Matsch', 'Zange', 'C:\\git\\experiments\\watkins2_part1\\wald.jpg'), ('Kaffee', 'Skulptur', 'C:\\git\\experiments\\watkins2_part1\\strand.jpg', 'C:\\git\\experiments\\watkins2_part1\\strand.jpg'), ('Staffelei', 'Dünger', 'C:\\git\\experiments\\watkins2_part1\\wueste.jpg', 'C:\\git\\experiments\\watkins2_part1\\wueste.jpg'), ('Geige', 'Kakao', 'C:\\git\\experiments\\watkins2_part1\\wald.jpg'), ('Jacke', 'Trommel', 'C:\\git\\experiments\\watkins2_part1\\wueste.jpg'), ('Kreisel', 'Leinwand', 'C:\\git\\experiments\\watkins2_part1\\wueste.jpg', 'C:\\git\\experiments\\watkins2_part1\\wueste.jpg'), ('Krümel', 'Umschlag', 'C:\\git\\experiments\\watkins2_part1\\strand.jpg', 'C:\\git\\experiments\\watkins2_part1\\strand.jpg'), ('Onkel', 'Beet', 'C:\\git\\experiments\\watkins2_part1\\strand.jpg'), ('Schwester', 'Staub', 'C:\\git\\experiments\\watkins2_part1\\wueste.jpg', 'C:\\git\\experiments\\watkins2_part1\\wueste.jpg'), ('Rasen', 'Würfel', 'C:\\git\\experiments\\watkins2_part1\\strand.jpg', 'C:\\git\\experiments\\watkins2_part1\\strand.jpg'), ('Hamster', 'Drucker', 'C:\\git\\experiments\\watkins2_part1\\wueste.jpg'), ('Joggen', 'Banane', 'C:\\git\\experiments\\watkins2_part1\\berg.jpg')]",,,,,,,,,,,,,,,,,,,,,,,,,,,,,,,147,2026-08-31_16h03.05.549,watkins2_part1,,2026.1.3,143.4345694217899,1,19,Weiblich,Muttersprache,Abitur,Psychologie,Bachelor,2026-08-31 16h03.06.194152 +0200,
12,0,12,,12,0,12,0,,,,,164.10907909995876,,,,,,,,,,,,,,,,,,,,,,,,,,,,164.10241899988614,164.59049200010486,164.6097550999839,164.61405580001883,172.60261719999835,Matsch,Zange,C:\git\experiments\watkins2_part1\wald.jpg,"['Matsch', 'Zange', 'C:\\git\\experiments\\watkins2_part1\\wald.jpg']",study,1,"[('Schnee', 'Nichte', 'C:\\git\\experiments\\watkins2_part1\\wald.jpg', 'C:\\git\\experiments\\watkins2_part1\\wald.jpg'), ('Flöte', 'Wolke', 'C:\\git\\experiments\\watkins2_part1\\berg.jpg', 'C:\\git\\experiments\\watkins2_part1\\berg.jpg'), ('Computer', 'Schwimmen', 'C:\\git\\experiments\\watkins2_part1\\strand.jpg'), ('Heft', 'Puzzle', 'C:\\git\\experiments\\watkins2_part1\\berg.jpg', 'C:\\git\\experiments\\watkins2_part1\\berg.jpg'), ('Pinsel', 'Kaninchen', 'C:\\git\\experiments\\watkins2_part1\\berg.jpg', 'C:\\git\\experiments\\watkins2_part1\\berg.jpg'), ('Birne', 'Goldfisch', 'C:\\git\\experiments\\watkins2_part1\\berg.jpg'), ('Fenster', 'Tennis', 'C:\\git\\experiments\\watkins2_part1\\strand.jpg'), ('Bohrer', 'Hemd', 'C:\\git\\experiments\\watkins2_part1\\wueste.jpg'), ('Wind', 'Bus', 'C:\\git\\experiments\\watkins2_part1\\wald.jpg', 'C:\\git\\experiments\\watkins2_part1\\wald.jpg'), ('Hammer', 'Mappe', 'C:\\git\\experiments\\watkins2_part1\\berg.jpg'), ('Bett', 'Regen', 'C:\\git\\experiments\\watkins2_part1\\wald.jpg'), ('Laub', 'Schal', 'C:\\git\\experiments\\watkins2_part1\\wald.jpg', 'C:\\git\\experiments\\watkins2_part1\\wald.jpg'), ('Matsch', 'Zange', 'C:\\git\\experiments\\watkins2_part1\\wald.jpg'), ('Kaffee', 'Skulptur', 'C:\\git\\experiments\\watkins2_part1\\strand.jpg', 'C:\\git\\experiments\\watkins2_part1\\strand.jpg'), ('Staffelei', 'Dünger', 'C:\\git\\experiments\\watkins2_part1\\wueste.jpg', 'C:\\git\\experiments\\watkins2_part1\\wueste.jpg'), ('Geige', 'Kakao', 'C:\\git\\experiments\\watkins2_part1\\wald.jpg'), ('Jacke', 'Trommel', 'C:\\git\\experiments\\watkins2_part1\\wueste.jpg'), ('Kreisel', 'Leinwand', 'C:\\git\\experiments\\watkins2_part1\\wueste.jpg', 'C:\\git\\experiments\\watkins2_part1\\wueste.jpg'), ('Krümel', 'Umschlag', 'C:\\git\\experiments\\watkins2_part1\\strand.jpg', 'C:\\git\\experiments\\watkins2_part1\\strand.jpg'), ('Onkel', 'Beet', 'C:\\git\\experiments\\watkins2_part1\\strand.jpg'), ('Schwester', 'Staub', 'C:\\git\\experiments\\watkins2_part1\\wueste.jpg', 'C:\\git\\experiments\\watkins2_part1\\wueste.jpg'), ('Rasen', 'Würfel', 'C:\\git\\experiments\\watkins2_part1\\strand.jpg', 'C:\\git\\experiments\\watkins2_part1\\strand.jpg'), ('Hamster', 'Drucker', 'C:\\git\\experiments\\watkins2_part1\\wueste.jpg'), ('Joggen', 'Banane', 'C:\\git\\experiments\\watkins2_part1\\berg.jpg')]",,,,,,,,,,,,,,,,,,,,,,,,,,,,,,,147,2026-08-31_16h03.05.549,watkins2_part1,,2026.1.3,143.4345694217899,1,19,Weiblich,Muttersprache,Abitur,Psychologie,Bachelor,2026-08-31 16h03.06.194152 +0200,
13,0,13,,13,0,13,0,,,,,172.60947000002488,,,,,,,,,,,,,,,,,,,,,,,,,,,,172.60280609992333,173.09092939994298,173.10505619994365,173.1113090000581,181.1097023000475,Kaffee,Skulptur,C:\git\experiments\watkins2_part1\strand.jpg,"['Kaffee', 'Skulptur', 'C:\\git\\experiments\\watkins2_part1\\strand.jpg']",restudy,1,"[('Schnee', 'Nichte', 'C:\\git\\experiments\\watkins2_part1\\wald.jpg', 'C:\\git\\experiments\\watkins2_part1\\wald.jpg'), ('Flöte', 'Wolke', 'C:\\git\\experiments\\watkins2_part1\\berg.jpg', 'C:\\git\\experiments\\watkins2_part1\\berg.jpg'), ('Computer', 'Schwimmen', 'C:\\git\\experiments\\watkins2_part1\\strand.jpg'), ('Heft', 'Puzzle', 'C:\\git\\experiments\\watkins2_part1\\berg.jpg', 'C:\\git\\experiments\\watkins2_part1\\berg.jpg'), ('Pinsel', 'Kaninchen', 'C:\\git\\experiments\\watkins2_part1\\berg.jpg', 'C:\\git\\experiments\\watkins2_part1\\berg.jpg'), ('Birne', 'Goldfisch', 'C:\\git\\experiments\\watkins2_part1\\berg.jpg'), ('Fenster', 'Tennis', 'C:\\git\\experiments\\watkins2_part1\\strand.jpg'), ('Bohrer', 'Hemd', 'C:\\git\\experiments\\watkins2_part1\\wueste.jpg'), ('Wind', 'Bus', 'C:\\git\\experiments\\watkins2_part1\\wald.jpg', 'C:\\git\\experiments\\watkins2_part1\\wald.jpg'), ('Hammer', 'Mappe', 'C:\\git\\experiments\\watkins2_part1\\berg.jpg'), ('Bett', 'Regen', 'C:\\git\\experiments\\watkins2_part1\\wald.jpg'), ('Laub', 'Schal', 'C:\\git\\experiments\\watkins2_part1\\wald.jpg', 'C:\\git\\experiments\\watkins2_part1\\wald.jpg'), ('Matsch', 'Zange', 'C:\\git\\experiments\\watkins2_part1\\wald.jpg'), ('Kaffee', 'Skulptur', 'C:\\git\\experiments\\watkins2_part1\\strand.jpg', 'C:\\git\\experiments\\watkins2_part1\\strand.jpg'), ('Staffelei', 'Dünger', 'C:\\git\\experiments\\watkins2_part1\\wueste.jpg', 'C:\\git\\experiments\\watkins2_part1\\wueste.jpg'), ('Geige', 'Kakao', 'C:\\git\\experiments\\watkins2_part1\\wald.jpg'), ('Jacke', 'Trommel', 'C:\\git\\experiments\\watkins2_part1\\wueste.jpg'), ('Kreisel', 'Leinwand', 'C:\\git\\experiments\\watkins2_part1\\wueste.jpg', 'C:\\git\\experiments\\watkins2_part1\\wueste.jpg'), ('Krümel', 'Umschlag', 'C:\\git\\experiments\\watkins2_part1\\strand.jpg', 'C:\\git\\experiments\\watkins2_part1\\strand.jpg'), ('Onkel', 'Beet', 'C:\\git\\experiments\\watkins2_part1\\strand.jpg'), ('Schwester', 'Staub', 'C:\\git\\experiments\\watkins2_part1\\wueste.jpg', 'C:\\git\\experiments\\watkins2_part1\\wueste.jpg'), ('Rasen', 'Würfel', 'C:\\git\\experiments\\watkins2_part1\\strand.jpg', 'C:\\git\\experiments\\watkins2_part1\\strand.jpg'), ('Hamster', 'Drucker', 'C:\\git\\experiments\\watkins2_part1\\wueste.jpg'), ('Joggen', 'Banane', 'C:\\git\\experiments\\watkins2_part1\\berg.jpg')]",,,,,,,,,,,,,,,,,,,,,,,,,,,,,,,147,2026-08-31_16h03.05.549,watkins2_part1,,2026.1.3,143.4345694217899,1,19,Weiblich,Muttersprache,Abitur,Psychologie,Bachelor,2026-08-31 16h03.06.194152 +0200,
14,0,14,,14,0,14,0,,,,,181.1166288999375,,,,,,,,,,,,,,,,,,,,,,,,,,,,181.10989119997248,181.59805239993148,181.61887319991365,181.623682100093,189.6128579999786,Staffelei,Dünger,C:\git\experiments\watkins2_part1\wueste.jpg,"['Staffelei', 'Dünger', 'C:\\git\\experiments\\watkins2_part1\\wueste.jpg']",restudy,1,"[('Schnee', 'Nichte', 'C:\\git\\experiments\\watkins2_part1\\wald.jpg', 'C:\\git\\experiments\\watkins2_part1\\wald.jpg'), ('Flöte', 'Wolke', 'C:\\git\\experiments\\watkins2_part1\\berg.jpg', 'C:\\git\\experiments\\watkins2_part1\\berg.jpg'), ('Computer', 'Schwimmen', 'C:\\git\\experiments\\watkins2_part1\\strand.jpg'), ('Heft', 'Puzzle', 'C:\\git\\experiments\\watkins2_part1\\berg.jpg', 'C:\\git\\experiments\\watkins2_part1\\berg.jpg'), ('Pinsel', 'Kaninchen', 'C:\\git\\experiments\\watkins2_part1\\berg.jpg', 'C:\\git\\experiments\\watkins2_part1\\berg.jpg'), ('Birne', 'Goldfisch', 'C:\\git\\experiments\\watkins2_part1\\berg.jpg'), ('Fenster', 'Tennis', 'C:\\git\\experiments\\watkins2_part1\\strand.jpg'), ('Bohrer', 'Hemd', 'C:\\git\\experiments\\watkins2_part1\\wueste.jpg'), ('Wind', 'Bus', 'C:\\git\\experiments\\watkins2_part1\\wald.jpg', 'C:\\git\\experiments\\watkins2_part1\\wald.jpg'), ('Hammer', 'Mappe', 'C:\\git\\experiments\\watkins2_part1\\berg.jpg'), ('Bett', 'Regen', 'C:\\git\\experiments\\watkins2_part1\\wald.jpg'), ('Laub', 'Schal', 'C:\\git\\experiments\\watkins2_part1\\wald.jpg', 'C:\\git\\experiments\\watkins2_part1\\wald.jpg'), ('Matsch', 'Zange', 'C:\\git\\experiments\\watkins2_part1\\wald.jpg'), ('Kaffee', 'Skulptur', 'C:\\git\\experiments\\watkins2_part1\\strand.jpg', 'C:\\git\\experiments\\watkins2_part1\\strand.jpg'), ('Staffelei', 'Dünger', 'C:\\git\\experiments\\watkins2_part1\\wueste.jpg', 'C:\\git\\experiments\\watkins2_part1\\wueste.jpg'), ('Geige', 'Kakao', 'C:\\git\\experiments\\watkins2_part1\\wald.jpg'), ('Jacke', 'Trommel', 'C:\\git\\experiments\\watkins2_part1\\wueste.jpg'), ('Kreisel', 'Leinwand', 'C:\\git\\experiments\\watkins2_part1\\wueste.jpg', 'C:\\git\\experiments\\watkins2_part1\\wueste.jpg'), ('Krümel', 'Umschlag', 'C:\\git\\experiments\\watkins2_part1\\strand.jpg', 'C:\\git\\experiments\\watkins2_part1\\strand.jpg'), ('Onkel', 'Beet', 'C:\\git\\experiments\\watkins2_part1\\strand.jpg'), ('Schwester', 'Staub', 'C:\\git\\experiments\\watkins2_part1\\wueste.jpg', 'C:\\git\\experiments\\watkins2_part1\\wueste.jpg'), ('Rasen', 'Würfel', 'C:\\git\\experiments\\watkins2_part1\\strand.jpg', 'C:\\git\\experiments\\watkins2_part1\\strand.jpg'), ('Hamster', 'Drucker', 'C:\\git\\experiments\\watkins2_part1\\wueste.jpg'), ('Joggen', 'Banane', 'C:\\git\\experiments\\watkins2_part1\\berg.jpg')]",,,,,,,,,,,,,,,,,,,,,,,,,,,,,,,147,2026-08-31_16h03.05.549,watkins2_part1,,2026.1.3,143.4345694217899,1,19,Weiblich,Muttersprache,Abitur,Psychologie,Bachelor,2026-08-31 16h03.06.194152 +0200,
15,0,15,,15,0,15,0,,,,,189.61978009995073,,,,,,,,,,,,,,,,,,,,,,,,,,,,189.61304620001465,190.10126330005005,190.12161149992608,190.12866390007548,198.11312570003793,Geige,Kakao,C:\git\experiments\watkins2_part1\wald.jpg,"['Geige', 'Kakao', 'C:\\git\\experiments\\watkins2_part1\\wald.jpg']",study,1,"[('Schnee', 'Nichte', 'C:\\git\\experiments\\watkins2_part1\\wald.jpg', 'C:\\git\\experiments\\watkins2_part1\\wald.jpg'), ('Flöte', 'Wolke', 'C:\\git\\experiments\\watkins2_part1\\berg.jpg', 'C:\\git\\experiments\\watkins2_part1\\berg.jpg'), ('Computer', 'Schwimmen', 'C:\\git\\experiments\\watkins2_part1\\strand.jpg'), ('Heft', 'Puzzle', 'C:\\git\\experiments\\watkins2_part1\\berg.jpg', 'C:\\git\\experiments\\watkins2_part1\\berg.jpg'), ('Pinsel', 'Kaninchen', 'C:\\git\\experiments\\watkins2_part1\\berg.jpg', 'C:\\git\\experiments\\watkins2_part1\\berg.jpg'), ('Birne', 'Goldfisch', 'C:\\git\\experiments\\watkins2_part1\\berg.jpg'), ('Fenster', 'Tennis', 'C:\\git\\experiments\\watkins2_part1\\strand.jpg'), ('Bohrer', 'Hemd', 'C:\\git\\experiments\\watkins2_part1\\wueste.jpg'), ('Wind', 'Bus', 'C:\\git\\experiments\\watkins2_part1\\wald.jpg', 'C:\\git\\experiments\\watkins2_part1\\wald.jpg'), ('Hammer', 'Mappe', 'C:\\git\\experiments\\watkins2_part1\\berg.jpg'), ('Bett', 'Regen', 'C:\\git\\experiments\\watkins2_part1\\wald.jpg'), ('Laub', 'Schal', 'C:\\git\\experiments\\watkins2_part1\\wald.jpg', 'C:\\git\\experiments\\watkins2_part1\\wald.jpg'), ('Matsch', 'Zange', 'C:\\git\\experiments\\watkins2_part1\\wald.jpg'), ('Kaffee', 'Skulptur', 'C:\\git\\experiments\\watkins2_part1\\strand.jpg', 'C:\\git\\experiments\\watkins2_part1\\strand.jpg'), ('Staffelei', 'Dünger', 'C:\\git\\experiments\\watkins2_part1\\wueste.jpg', 'C:\\git\\experiments\\watkins2_part1\\wueste.jpg'), ('Geige', 'Kakao', 'C:\\git\\experiments\\watkins2_part1\\wald.jpg'), ('Jacke', 'Trommel', 'C:\\git\\experiments\\watkins2_part1\\wueste.jpg'), ('Kreisel', 'Leinwand', 'C:\\git\\experiments\\watkins2_part1\\wueste.jpg', 'C:\\git\\experiments\\watkins2_part1\\wueste.jpg'), ('Krümel', 'Umschlag', 'C:\\git\\experiments\\watkins2_part1\\strand.jpg', 'C:\\git\\experiments\\watkins2_part1\\strand.jpg'), ('Onkel', 'Beet', 'C:\\git\\experiments\\watkins2_part1\\strand.jpg'), ('Schwester', 'Staub', 'C:\\git\\experiments\\watkins2_part1\\wueste.jpg', 'C:\\git\\experiments\\watkins2_part1\\wueste.jpg'), ('Rasen', 'Würfel', 'C:\\git\\experiments\\watkins2_part1\\strand.jpg', 'C:\\git\\experiments\\watkins2_part1\\strand.jpg'), ('Hamster', 'Drucker', 'C:\\git\\experiments\\watkins2_part1\\wueste.jpg'), ('Joggen', 'Banane', 'C:\\git\\experiments\\watkins2_part1\\berg.jpg')]",,,,,,,,,,,,,,,,,,,,,,,,,,,,,,,147,2026-08-31_16h03.05.549,watkins2_part1,,2026.1.3,143.4345694217899,1,19,Weiblich,Muttersprache,Abitur,Psychologie,Bachelor,2026-08-31 16h03.06.194152 +0200,
16,0,16,,16,0,16,0,,,,,198.11992849991657,,,,,,,,,,,,,,,,,,,,,,,,,,,,198.11331350007094,198.60134320007637,198.62146069994196,198.6259538999293,206.61486519989558,Jacke,Trommel,C:\git\experiments\watkins2_part1\wueste.jpg,"['Jacke', 'Trommel', 'C:\\git\\experiments\\watkins2_part1\\wueste.jpg']",study,1,"[('Schnee', 'Nichte', 'C:\\git\\experiments\\watkins2_part1\\wald.jpg', 'C:\\git\\experiments\\watkins2_part1\\wald.jpg'), ('Flöte', 'Wolke', 'C:\\git\\experiments\\watkins2_part1\\berg.jpg', 'C:\\git\\experiments\\watkins2_part1\\berg.jpg'), ('Computer', 'Schwimmen', 'C:\\git\\experiments\\watkins2_part1\\strand.jpg'), ('Heft', 'Puzzle', 'C:\\git\\experiments\\watkins2_part1\\berg.jpg', 'C:\\git\\experiments\\watkins2_part1\\berg.jpg'), ('Pinsel', 'Kaninchen', 'C:\\git\\experiments\\watkins2_part1\\berg.jpg', 'C:\\git\\experiments\\watkins2_part1\\berg.jpg'), ('Birne', 'Goldfisch', 'C:\\git\\experiments\\watkins2_part1\\berg.jpg'), ('Fenster', 'Tennis', 'C:\\git\\experiments\\watkins2_part1\\strand.jpg'), ('Bohrer', 'Hemd', 'C:\\git\\experiments\\watkins2_part1\\wueste.jpg'), ('Wind', 'Bus', 'C:\\git\\experiments\\watkins2_part1\\wald.jpg', 'C:\\git\\experiments\\watkins2_part1\\wald.jpg'), ('Hammer', 'Mappe', 'C:\\git\\experiments\\watkins2_part1\\berg.jpg'), ('Bett', 'Regen', 'C:\\git\\experiments\\watkins2_part1\\wald.jpg'), ('Laub', 'Schal', 'C:\\git\\experiments\\watkins2_part1\\wald.jpg', 'C:\\git\\experiments\\watkins2_part1\\wald.jpg'), ('Matsch', 'Zange', 'C:\\git\\experiments\\watkins2_part1\\wald.jpg'), ('Kaffee', 'Skulptur', 'C:\\git\\experiments\\watkins2_part1\\strand.jpg', 'C:\\git\\experiments\\watkins2_part1\\strand.jpg'), ('Staffelei', 'Dünger', 'C:\\git\\experiments\\watkins2_part1\\wueste.jpg', 'C:\\git\\experiments\\watkins2_part1\\wueste.jpg'), ('Geige', 'Kakao', 'C:\\git\\experiments\\watkins2_part1\\wald.jpg'), ('Jacke', 'Trommel', 'C:\\git\\experiments\\watkins2_part1\\wueste.jpg'), ('Kreisel', 'Leinwand', 'C:\\git\\experiments\\watkins2_part1\\wueste.jpg', 'C:\\git\\experiments\\watkins2_part1\\wueste.jpg'), ('Krümel', 'Umschlag', 'C:\\git\\experiments\\watkins2_part1\\strand.jpg', 'C:\\git\\experiments\\watkins2_part1\\strand.jpg'), ('Onkel', 'Beet', 'C:\\git\\experiments\\watkins2_part1\\strand.jpg'), ('Schwester', 'Staub', 'C:\\git\\experiments\\watkins2_part1\\wueste.jpg', 'C:\\git\\experiments\\watkins2_part1\\wueste.jpg'), ('Rasen', 'Würfel', 'C:\\git\\experiments\\watkins2_part1\\strand.jpg', 'C:\\git\\experiments\\watkins2_part1\\strand.jpg'), ('Hamster', 'Drucker', 'C:\\git\\experiments\\watkins2_part1\\wueste.jpg'), ('Joggen', 'Banane', 'C:\\git\\experiments\\watkins2_part1\\berg.jpg')]",,,,,,,,,,,,,,,,,,,,,,,,,,,,,,,147,2026-08-31_16h03.05.549,watkins2_part1,,2026.1.3,143.4345694217899,1,19,Weiblich,Muttersprache,Abitur,Psychologie,Bachelor,2026-08-31 16h03.06.194152 +0200,
17,0,17,,17,0,17,0,,,,,206.62172590009868,,,,,,,,,,,,,,,,,,,,,,,,,,,,206.6150585000869,207.10320980008692,207.11998600000516,207.12645040010102,215.12082289997488,Kreisel,Leinwand,C:\git\experiments\watkins2_part1\wueste.jpg,"['Kreisel', 'Leinwand', 'C:\\git\\experiments\\watkins2_part1\\wueste.jpg']",restudy,1,"[('Schnee', 'Nichte', 'C:\\git\\experiments\\watkins2_part1\\wald.jpg', 'C:\\git\\experiments\\watkins2_part1\\wald.jpg'), ('Flöte', 'Wolke', 'C:\\git\\experiments\\watkins2_part1\\berg.jpg', 'C:\\git\\experiments\\watkins2_part1\\berg.jpg'), ('Computer', 'Schwimmen', 'C:\\git\\experiments\\watkins2_part1\\strand.jpg'), ('Heft', 'Puzzle', 'C:\\git\\experiments\\watkins2_part1\\berg.jpg', 'C:\\git\\experiments\\watkins2_part1\\berg.jpg'), ('Pinsel', 'Kaninchen', 'C:\\git\\experiments\\watkins2_part1\\berg.jpg', 'C:\\git\\experiments\\watkins2_part1\\berg.jpg'), ('Birne', 'Goldfisch', 'C:\\git\\experiments\\watkins2_part1\\berg.jpg'), ('Fenster', 'Tennis', 'C:\\git\\experiments\\watkins2_part1\\strand.jpg'), ('Bohrer', 'Hemd', 'C:\\git\\experiments\\watkins2_part1\\wueste.jpg'), ('Wind', 'Bus', 'C:\\git\\experiments\\watkins2_part1\\wald.jpg', 'C:\\git\\experiments\\watkins2_part1\\wald.jpg'), ('Hammer', 'Mappe', 'C:\\git\\experiments\\watkins2_part1\\berg.jpg'), ('Bett', 'Regen', 'C:\\git\\experiments\\watkins2_part1\\wald.jpg'), ('Laub', 'Schal', 'C:\\git\\experiments\\watkins2_part1\\wald.jpg', 'C:\\git\\experiments\\watkins2_part1\\wald.jpg'), ('Matsch', 'Zange', 'C:\\git\\experiments\\watkins2_part1\\wald.jpg'), ('Kaffee', 'Skulptur', 'C:\\git\\experiments\\watkins2_part1\\strand.jpg', 'C:\\git\\experiments\\watkins2_part1\\strand.jpg'), ('Staffelei', 'Dünger', 'C:\\git\\experiments\\watkins2_part1\\wueste.jpg', 'C:\\git\\experiments\\watkins2_part1\\wueste.jpg'), ('Geige', 'Kakao', 'C:\\git\\experiments\\watkins2_part1\\wald.jpg'), ('Jacke', 'Trommel', 'C:\\git\\experiments\\watkins2_part1\\wueste.jpg'), ('Kreisel', 'Leinwand', 'C:\\git\\experiments\\watkins2_part1\\wueste.jpg', 'C:\\git\\experiments\\watkins2_part1\\wueste.jpg'), ('Krümel', 'Umschlag', 'C:\\git\\experiments\\watkins2_part1\\strand.jpg', 'C:\\git\\experiments\\watkins2_part1\\strand.jpg'), ('Onkel', 'Beet', 'C:\\git\\experiments\\watkins2_part1\\strand.jpg'), ('Schwester', 'Staub', 'C:\\git\\experiments\\watkins2_part1\\wueste.jpg', 'C:\\git\\experiments\\watkins2_part1\\wueste.jpg'), ('Rasen', 'Würfel', 'C:\\git\\experiments\\watkins2_part1\\strand.jpg', 'C:\\git\\experiments\\watkins2_part1\\strand.jpg'), ('Hamster', 'Drucker', 'C:\\git\\experiments\\watkins2_part1\\wueste.jpg'), ('Joggen', 'Banane', 'C:\\git\\experiments\\watkins2_part1\\berg.jpg')]",,,,,,,,,,,,,,,,,,,,,,,,,,,,,,,147,2026-08-31_16h03.05.549,watkins2_part1,,2026.1.3,143.4345694217899,1,19,Weiblich,Muttersprache,Abitur,Psychologie,Bachelor,2026-08-31 16h03.06.194152 +0200,
18,0,18,,18,0,18,0,,,,,215.12766109989025,,,,,,,,,,,,,,,,,,,,,,,,,,,,215.12101030000485,215.6091102999635,215.62446149997413,215.62924079992808,223.62789079989307,Krümel,Umschlag,C:\git\experiments\watkins2_part1\strand.jpg,"['Krümel', 'Umschlag', 'C:\\git\\experiments\\watkins2_part1\\strand.jpg']",restudy,1,"[('Schnee', 'Nichte', 'C:\\git\\experiments\\watkins2_part1\\wald.jpg', 'C:\\git\\experiments\\watkins2_part1\\wald.jpg'), ('Flöte', 'Wolke', 'C:\\git\\experiments\\watkins2_part1\\berg.jpg', 'C:\\git\\experiments\\watkins2_part1\\berg.jpg'), ('Computer', 'Schwimmen', 'C:\\git\\experiments\\watkins2_part1\\strand.jpg'), ('Heft', 'Puzzle', 'C:\\git\\experiments\\watkins2_part1\\berg.jpg', 'C:\\git\\experiments\\watkins2_part1\\berg.jpg'), ('Pinsel', 'Kaninchen', 'C:\\git\\experiments\\watkins2_part1\\berg.jpg', 'C:\\git\\experiments\\watkins2_part1\\berg.jpg'), ('Birne', 'Goldfisch', 'C:\\git\\experiments\\watkins2_part1\\berg.jpg'), ('Fenster', 'Tennis', 'C:\\git\\experiments\\watkins2_part1\\strand.jpg'), ('Bohrer', 'Hemd', 'C:\\git\\experiments\\watkins2_part1\\wueste.jpg'), ('Wind', 'Bus', 'C:\\git\\experiments\\watkins2_part1\\wald.jpg', 'C:\\git\\experiments\\watkins2_part1\\wald.jpg'), ('Hammer', 'Mappe', 'C:\\git\\experiments\\watkins2_part1\\berg.jpg'), ('Bett', 'Regen', 'C:\\git\\experiments\\watkins2_part1\\wald.jpg'), ('Laub', 'Schal', 'C:\\git\\experiments\\watkins2_part1\\wald.jpg', 'C:\\git\\experiments\\watkins2_part1\\wald.jpg'), ('Matsch', 'Zange', 'C:\\git\\experiments\\watkins2_part1\\wald.jpg'), ('Kaffee', 'Skulptur', 'C:\\git\\experiments\\watkins2_part1\\strand.jpg', 'C:\\git\\experiments\\watkins2_part1\\strand.jpg'), ('Staffelei', 'Dünger', 'C:\\git\\experiments\\watkins2_part1\\wueste.jpg', 'C:\\git\\experiments\\watkins2_part1\\wueste.jpg'), ('Geige', 'Kakao', 'C:\\git\\experiments\\watkins2_part1\\wald.jpg'), ('Jacke', 'Trommel', 'C:\\git\\experiments\\watkins2_part1\\wueste.jpg'), ('Kreisel', 'Leinwand', 'C:\\git\\experiments\\watkins2_part1\\wueste.jpg', 'C:\\git\\experiments\\watkins2_part1\\wueste.jpg'), ('Krümel', 'Umschlag', 'C:\\git\\experiments\\watkins2_part1\\strand.jpg', 'C:\\git\\experiments\\watkins2_part1\\strand.jpg'), ('Onkel', 'Beet', 'C:\\git\\experiments\\watkins2_part1\\strand.jpg'), ('Schwester', 'Staub', 'C:\\git\\experiments\\watkins2_part1\\wueste.jpg', 'C:\\git\\experiments\\watkins2_part1\\wueste.jpg'), ('Rasen', 'Würfel', 'C:\\git\\experiments\\watkins2_part1\\strand.jpg', 'C:\\git\\experiments\\watkins2_part1\\strand.jpg'), ('Hamster', 'Drucker', 'C:\\git\\experiments\\watkins2_part1\\wueste.jpg'), ('Joggen', 'Banane', 'C:\\git\\experiments\\watkins2_part1\\berg.jpg')]",,,,,,,,,,,,,,,,,,,,,,,,,,,,,,,147,2026-08-31_16h03.05.549,watkins2_part1,,2026.1.3,143.4345694217899,1,19,Weiblich,Muttersprache,Abitur,Psychologie,Bachelor,2026-08-31 16h03.06.194152 +0200,
19,0,19,,19,0,19,0,,,,,223.63471150002442,,,,,,,,,,,,,,,,,,,,,,,,,,,,223.62808379996568,224.11610440001823,224.1289500000421,224.13333830004558,232.12947560008615,Onkel,Beet,C:\git\experiments\watkins2_part1\strand.jpg,"['Onkel', 'Beet', 'C:\\git\\experiments\\watkins2_part1\\strand.jpg']",study,1,"[('Schnee', 'Nichte', 'C:\\git\\experiments\\watkins2_part1\\wald.jpg', 'C:\\git\\experiments\\watkins2_part1\\wald.jpg'), ('Flöte', 'Wolke', 'C:\\git\\experiments\\watkins2_part1\\berg.jpg', 'C:\\git\\experiments\\watkins2_part1\\berg.jpg'), ('Computer', 'Schwimmen', 'C:\\git\\experiments\\watkins2_part1\\strand.jpg'), ('Heft', 'Puzzle', 'C:\\git\\experiments\\watkins2_part1\\berg.jpg', 'C:\\git\\experiments\\watkins2_part1\\berg.jpg'), ('Pinsel', 'Kaninchen', 'C:\\git\\experiments\\watkins2_part1\\berg.jpg', 'C:\\git\\experiments\\watkins2_part1\\berg.jpg'), ('Birne', 'Goldfisch', 'C:\\git\\experiments\\watkins2_part1\\berg.jpg'), ('Fenster', 'Tennis', 'C:\\git\\experiments\\watkins2_part1\\strand.jpg'), ('Bohrer', 'Hemd', 'C:\\git\\experiments\\watkins2_part1\\wueste.jpg'), ('Wind', 'Bus', 'C:\\git\\experiments\\watkins2_part1\\wald.jpg', 'C:\\git\\experiments\\watkins2_part1\\wald.jpg'), ('Hammer', 'Mappe', 'C:\\git\\experiments\\watkins2_part1\\berg.jpg'), ('Bett', 'Regen', 'C:\\git\\experiments\\watkins2_part1\\wald.jpg'), ('Laub', 'Schal', 'C:\\git\\experiments\\watkins2_part1\\wald.jpg', 'C:\\git\\experiments\\watkins2_part1\\wald.jpg'), ('Matsch', 'Zange', 'C:\\git\\experiments\\watkins2_part1\\wald.jpg'), ('Kaffee', 'Skulptur', 'C:\\git\\experiments\\watkins2_part1\\strand.jpg', 'C:\\git\\experiments\\watkins2_part1\\strand.jpg'), ('Staffelei', 'Dünger', 'C:\\git\\experiments\\watkins2_part1\\wueste.jpg', 'C:\\git\\experiments\\watkins2_part1\\wueste.jpg'), ('Geige', 'Kakao', 'C:\\git\\experiments\\watkins2_part1\\wald.jpg'), ('Jacke', 'Trommel', 'C:\\git\\experiments\\watkins2_part1\\wueste.jpg'), ('Kreisel', 'Leinwand', 'C:\\git\\experiments\\watkins2_part1\\wueste.jpg', 'C:\\git\\experiments\\watkins2_part1\\wueste.jpg'), ('Krümel', 'Umschlag', 'C:\\git\\experiments\\watkins2_part1\\strand.jpg', 'C:\\git\\experiments\\watkins2_part1\\strand.jpg'), ('Onkel', 'Beet', 'C:\\git\\experiments\\watkins2_part1\\strand.jpg'), ('Schwester', 'Staub', 'C:\\git\\experiments\\watkins2_part1\\wueste.jpg', 'C:\\git\\experiments\\watkins2_part1\\wueste.jpg'), ('Rasen', 'Würfel', 'C:\\git\\experiments\\watkins2_part1\\strand.jpg', 'C:\\git\\experiments\\watkins2_part1\\strand.jpg'), ('Hamster', 'Drucker', 'C:\\git\\experiments\\watkins2_part1\\wueste.jpg'), ('Joggen', 'Banane', 'C:\\git\\experiments\\watkins2_part1\\berg.jpg')]",,,,,,,,,,,,,,,,,,,,,,,,,,,,,,,147,2026-08-31_16h03.05.549,watkins2_part1,,2026.1.3,143.4345694217899,1,19,Weiblich,Muttersprache,Abitur,Psychologie,Bachelor,2026-08-31 16h03.06.194152 +0200,
20,0,20,,20,0,20,0,,,,,232.13632640009746,,,,,,,,,,,,,,,,,,,,,,,,,,,,232.12966339988634,232.61767120007426,232.63677209988236,232.64363060006872,240.633819000097,Schwester,Staub,C:\git\experiments\watkins2_part1\wueste.jpg,"['Schwester', 'Staub', 'C:\\git\\experiments\\watkins2_part1\\wueste.jpg']",restudy,1,"[('Schnee', 'Nichte', 'C:\\git\\experiments\\watkins2_part1\\wald.jpg', 'C:\\git\\experiments\\watkins2_part1\\wald.jpg'), ('Flöte', 'Wolke', 'C:\\git\\experiments\\watkins2_part1\\berg.jpg', 'C:\\git\\experiments\\watkins2_part1\\berg.jpg'), ('Computer', 'Schwimmen', 'C:\\git\\experiments\\watkins2_part1\\strand.jpg'), ('Heft', 'Puzzle', 'C:\\git\\experiments\\watkins2_part1\\berg.jpg', 'C:\\git\\experiments\\watkins2_part1\\berg.jpg'), ('Pinsel', 'Kaninchen', 'C:\\git\\experiments\\watkins2_part1\\berg.jpg', 'C:\\git\\experiments\\watkins2_part1\\berg.jpg'), ('Birne', 'Goldfisch', 'C:\\git\\experiments\\watkins2_part1\\berg.jpg'), ('Fenster', 'Tennis', 'C:\\git\\experiments\\watkins2_part1\\strand.jpg'), ('Bohrer', 'Hemd', 'C:\\git\\experiments\\watkins2_part1\\wueste.jpg'), ('Wind', 'Bus', 'C:\\git\\experiments\\watkins2_part1\\wald.jpg', 'C:\\git\\experiments\\watkins2_part1\\wald.jpg'), ('Hammer', 'Mappe', 'C:\\git\\experiments\\watkins2_part1\\berg.jpg'), ('Bett', 'Regen', 'C:\\git\\experiments\\watkins2_part1\\wald.jpg'), ('Laub', 'Schal', 'C:\\git\\experiments\\watkins2_part1\\wald.jpg', 'C:\\git\\experiments\\watkins2_part1\\wald.jpg'), ('Matsch', 'Zange', 'C:\\git\\experiments\\watkins2_part1\\wald.jpg'), ('Kaffee', 'Skulptur', 'C:\\git\\experiments\\watkins2_part1\\strand.jpg', 'C:\\git\\experiments\\watkins2_part1\\strand.jpg'), ('Staffelei', 'Dünger', 'C:\\git\\experiments\\watkins2_part1\\wueste.jpg', 'C:\\git\\experiments\\watkins2_part1\\wueste.jpg'), ('Geige', 'Kakao', 'C:\\git\\experiments\\watkins2_part1\\wald.jpg'), ('Jacke', 'Trommel', 'C:\\git\\experiments\\watkins2_part1\\wueste.jpg'), ('Kreisel', 'Leinwand', 'C:\\git\\experiments\\watkins2_part1\\wueste.jpg', 'C:\\git\\experiments\\watkins2_part1\\wueste.jpg'), ('Krümel', 'Umschlag', 'C:\\git\\experiments\\watkins2_part1\\strand.jpg', 'C:\\git\\experiments\\watkins2_part1\\strand.jpg'), ('Onkel', 'Beet', 'C:\\git\\experiments\\watkins2_part1\\strand.jpg'), ('Schwester', 'Staub', 'C:\\git\\experiments\\watkins2_part1\\wueste.jpg', 'C:\\git\\experiments\\watkins2_part1\\wueste.jpg'), ('Rasen', 'Würfel', 'C:\\git\\experiments\\watkins2_part1\\strand.jpg', 'C:\\git\\experiments\\watkins2_part1\\strand.jpg'), ('Hamster', 'Drucker', 'C:\\git\\experiments\\watkins2_part1\\wueste.jpg'), ('Joggen', 'Banane', 'C:\\git\\experiments\\watkins2_part1\\berg.jpg')]",,,,,,,,,,,,,,,,,,,,,,,,,,,,,,,147,2026-08-31_16h03.05.549,watkins2_part1,,2026.1.3,143.4345694217899,1,19,Weiblich,Muttersprache,Abitur,Psychologie,Bachelor,2026-08-31 16h03.06.194152 +0200,
21,0,21,,21,0,21,0,,,,,240.6406664000824,,,,,,,,,,,,,,,,,,,,,,,,,,,,240.63400479988195,241.12199399992824,241.13584550004452,241.14173380006105,249.13980489992537,Rasen,Würfel,C:\git\experiments\watkins2_part1\strand.jpg,"['Rasen', 'Würfel', 'C:\\git\\experiments\\watkins2_part1\\strand.jpg']",restudy,1,"[('Schnee', 'Nichte', 'C:\\git\\experiments\\watkins2_part1\\wald.jpg', 'C:\\git\\experiments\\watkins2_part1\\wald.jpg'), ('Flöte', 'Wolke', 'C:\\git\\experiments\\watkins2_part1\\berg.jpg', 'C:\\git\\experiments\\watkins2_part1\\berg.jpg'), ('Computer', 'Schwimmen', 'C:\\git\\experiments\\watkins2_part1\\strand.jpg'), ('Heft', 'Puzzle', 'C:\\git\\experiments\\watkins2_part1\\berg.jpg', 'C:\\git\\experiments\\watkins2_part1\\berg.jpg'), ('Pinsel', 'Kaninchen', 'C:\\git\\experiments\\watkins2_part1\\berg.jpg', 'C:\\git\\experiments\\watkins2_part1\\berg.jpg'), ('Birne', 'Goldfisch', 'C:\\git\\experiments\\watkins2_part1\\berg.jpg'), ('Fenster', 'Tennis', 'C:\\git\\experiments\\watkins2_part1\\strand.jpg'), ('Bohrer', 'Hemd', 'C:\\git\\experiments\\watkins2_part1\\wueste.jpg'), ('Wind', 'Bus', 'C:\\git\\experiments\\watkins2_part1\\wald.jpg', 'C:\\git\\experiments\\watkins2_part1\\wald.jpg'), ('Hammer', 'Mappe', 'C:\\git\\experiments\\watkins2_part1\\berg.jpg'), ('Bett', 'Regen', 'C:\\git\\experiments\\watkins2_part1\\wald.jpg'), ('Laub', 'Schal', 'C:\\git\\experiments\\watkins2_part1\\wald.jpg', 'C:\\git\\experiments\\watkins2_part1\\wald.jpg'), ('Matsch', 'Zange', 'C:\\git\\experiments\\watkins2_part1\\wald.jpg'), ('Kaffee', 'Skulptur', 'C:\\git\\experiments\\watkins2_part1\\strand.jpg', 'C:\\git\\experiments\\watkins2_part1\\strand.jpg'), ('Staffelei', 'Dünger', 'C:\\git\\experiments\\watkins2_part1\\wueste.jpg', 'C:\\git\\experiments\\watkins2_part1\\wueste.jpg'), ('Geige', 'Kakao', 'C:\\git\\experiments\\watkins2_part1\\wald.jpg'), ('Jacke', 'Trommel', 'C:\\git\\experiments\\watkins2_part1\\wueste.jpg'), ('Kreisel', 'Leinwand', 'C:\\git\\experiments\\watkins2_part1\\wueste.jpg', 'C:\\git\\experiments\\watkins2_part1\\wueste.jpg'), ('Krümel', 'Umschlag', 'C:\\git\\experiments\\watkins2_part1\\strand.jpg', 'C:\\git\\experiments\\watkins2_part1\\strand.jpg'), ('Onkel', 'Beet', 'C:\\git\\experiments\\watkins2_part1\\strand.jpg'), ('Schwester', 'Staub', 'C:\\git\\experiments\\watkins2_part1\\wueste.jpg', 'C:\\git\\experiments\\watkins2_part1\\wueste.jpg'), ('Rasen', 'Würfel', 'C:\\git\\experiments\\watkins2_part1\\strand.jpg', 'C:\\git\\experiments\\watkins2_part1\\strand.jpg'), ('Hamster', 'Drucker', 'C:\\git\\experiments\\watkins2_part1\\wueste.jpg'), ('Joggen', 'Banane', 'C:\\git\\experiments\\watkins2_part1\\berg.jpg')]",,,,,,,,,,,,,,,,,,,,,,,,,,,,,,,147,2026-08-31_16h03.05.549,watkins2_part1,,2026.1.3,143.4345694217899,1,19,Weiblich,Muttersprache,Abitur,Psychologie,Bachelor,2026-08-31 16h03.06.194152 +0200,
22,0,22,,22,0,22,0,,,,,249.14667439996265,,,,,,,,,,,,,,,,,,,,,,,,,,,,249.1399940000847,249.62803889997303,249.64764799992554,249.65313500002958,257.642784900032,Hamster,Drucker,C:\git\experiments\watkins2_part1\wueste.jpg,"['Hamster', 'Drucker', 'C:\\git\\experiments\\watkins2_part1\\wueste.jpg']",study,1,"[('Schnee', 'Nichte', 'C:\\git\\experiments\\watkins2_part1\\wald.jpg', 'C:\\git\\experiments\\watkins2_part1\\wald.jpg'), ('Flöte', 'Wolke', 'C:\\git\\experiments\\watkins2_part1\\berg.jpg', 'C:\\git\\experiments\\watkins2_part1\\berg.jpg'), ('Computer', 'Schwimmen', 'C:\\git\\experiments\\watkins2_part1\\strand.jpg'), ('Heft', 'Puzzle', 'C:\\git\\experiments\\watkins2_part1\\berg.jpg', 'C:\\git\\experiments\\watkins2_part1\\berg.jpg'), ('Pinsel', 'Kaninchen', 'C:\\git\\experiments\\watkins2_part1\\berg.jpg', 'C:\\git\\experiments\\watkins2_part1\\berg.jpg'), ('Birne', 'Goldfisch', 'C:\\git\\experiments\\watkins2_part1\\berg.jpg'), ('Fenster', 'Tennis', 'C:\\git\\experiments\\watkins2_part1\\strand.jpg'), ('Bohrer', 'Hemd', 'C:\\git\\experiments\\watkins2_part1\\wueste.jpg'), ('Wind', 'Bus', 'C:\\git\\experiments\\watkins2_part1\\wald.jpg', 'C:\\git\\experiments\\watkins2_part1\\wald.jpg'), ('Hammer', 'Mappe', 'C:\\git\\experiments\\watkins2_part1\\berg.jpg'), ('Bett', 'Regen', 'C:\\git\\experiments\\watkins2_part1\\wald.jpg'), ('Laub', 'Schal', 'C:\\git\\experiments\\watkins2_part1\\wald.jpg', 'C:\\git\\experiments\\watkins2_part1\\wald.jpg'), ('Matsch', 'Zange', 'C:\\git\\experiments\\watkins2_part1\\wald.jpg'), ('Kaffee', 'Skulptur', 'C:\\git\\experiments\\watkins2_part1\\strand.jpg', 'C:\\git\\experiments\\watkins2_part1\\strand.jpg'), ('Staffelei', 'Dünger', 'C:\\git\\experiments\\watkins2_part1\\wueste.jpg', 'C:\\git\\experiments\\watkins2_part1\\wueste.jpg'), ('Geige', 'Kakao', 'C:\\git\\experiments\\watkins2_part1\\wald.jpg'), ('Jacke', 'Trommel', 'C:\\git\\experiments\\watkins2_part1\\wueste.jpg'), ('Kreisel', 'Leinwand', 'C:\\git\\experiments\\watkins2_part1\\wueste.jpg', 'C:\\git\\experiments\\watkins2_part1\\wueste.jpg'), ('Krümel', 'Umschlag', 'C:\\git\\experiments\\watkins2_part1\\strand.jpg', 'C:\\git\\experiments\\watkins2_part1\\strand.jpg'), ('Onkel', 'Beet', 'C:\\git\\experiments\\watkins2_part1\\strand.jpg'), ('Schwester', 'Staub', 'C:\\git\\experiments\\watkins2_part1\\wueste.jpg', 'C:\\git\\experiments\\watkins2_part1\\wueste.jpg'), ('Rasen', 'Würfel', 'C:\\git\\experiments\\watkins2_part1\\strand.jpg', 'C:\\git\\experiments\\watkins2_part1\\strand.jpg'), ('Hamster', 'Drucker', 'C:\\git\\experiments\\watkins2_part1\\wueste.jpg'), ('Joggen', 'Banane', 'C:\\git\\experiments\\watkins2_part1\\berg.jpg')]",,,,,,,,,,,,,,,,,,,,,,,,,,,,,,,147,2026-08-31_16h03.05.549,watkins2_part1,,2026.1.3,143.4345694217899,1,19,Weiblich,Muttersprache,Abitur,Psychologie,Bachelor,2026-08-31 16h03.06.194152 +0200,
23,0,23,,23,0,23,0,,,,,257.64963370002806,,,,,,,,,,,,,,,,,,,,,,,,,,,,257.6429731999524,258.1308279999066,258.16099420003593,258.16760669997893,266.1460533000063,Joggen,Banane,C:\git\experiments\watkins2_part1\berg.jpg,"['Joggen', 'Banane', 'C:\\git\\experiments\\watkins2_part1\\berg.jpg']",study,1,"[('Schnee', 'Nichte', 'C:\\git\\experiments\\watkins2_part1\\wald.jpg', 'C:\\git\\experiments\\watkins2_part1\\wald.jpg'), ('Flöte', 'Wolke', 'C:\\git\\experiments\\watkins2_part1\\berg.jpg', 'C:\\git\\experiments\\watkins2_part1\\berg.jpg'), ('Computer', 'Schwimmen', 'C:\\git\\experiments\\watkins2_part1\\strand.jpg'), ('Heft', 'Puzzle', 'C:\\git\\experiments\\watkins2_part1\\berg.jpg', 'C:\\git\\experiments\\watkins2_part1\\berg.jpg'), ('Pinsel', 'Kaninchen', 'C:\\git\\experiments\\watkins2_part1\\berg.jpg', 'C:\\git\\experiments\\watkins2_part1\\berg.jpg'), ('Birne', 'Goldfisch', 'C:\\git\\experiments\\watkins2_part1\\berg.jpg'), ('Fenster', 'Tennis', 'C:\\git\\experiments\\watkins2_part1\\strand.jpg'), ('Bohrer', 'Hemd', 'C:\\git\\experiments\\watkins2_part1\\wueste.jpg'), ('Wind', 'Bus', 'C:\\git\\experiments\\watkins2_part1\\wald.jpg', 'C:\\git\\experiments\\watkins2_part1\\wald.jpg'), ('Hammer', 'Mappe', 'C:\\git\\experiments\\watkins2_part1\\berg.jpg'), ('Bett', 'Regen', 'C:\\git\\experiments\\watkins2_part1\\wald.jpg'), ('Laub', 'Schal', 'C:\\git\\experiments\\watkins2_part1\\wald.jpg', 'C:\\git\\experiments\\watkins2_part1\\wald.jpg'), ('Matsch', 'Zange', 'C:\\git\\experiments\\watkins2_part1\\wald.jpg'), ('Kaffee', 'Skulptur', 'C:\\git\\experiments\\watkins2_part1\\strand.jpg', 'C:\\git\\experiments\\watkins2_part1\\strand.jpg'), ('Staffelei', 'Dünger', 'C:\\git\\experiments\\watkins2_part1\\wueste.jpg', 'C:\\git\\experiments\\watkins2_part1\\wueste.jpg'), ('Geige', 'Kakao', 'C:\\git\\experiments\\watkins2_part1\\wald.jpg'), ('Jacke', 'Trommel', 'C:\\git\\experiments\\watkins2_part1\\wueste.jpg'), ('Kreisel', 'Leinwand', 'C:\\git\\experiments\\watkins2_part1\\wueste.jpg', 'C:\\git\\experiments\\watkins2_part1\\wueste.jpg'), ('Krümel', 'Umschlag', 'C:\\git\\experiments\\watkins2_part1\\strand.jpg', 'C:\\git\\experiments\\watkins2_part1\\strand.jpg'), ('Onkel', 'Beet', 'C:\\git\\experiments\\watkins2_part1\\strand.jpg'), ('Schwester', 'Staub', 'C:\\git\\experiments\\watkins2_part1\\wueste.jpg', 'C:\\git\\experiments\\watkins2_part1\\wueste.jpg'), ('Rasen', 'Würfel', 'C:\\git\\experiments\\watkins2_part1\\strand.jpg', 'C:\\git\\experiments\\watkins2_part1\\strand.jpg'), ('Hamster', 'Drucker', 'C:\\git\\experiments\\watkins2_part1\\wueste.jpg'), ('Joggen', 'Banane', 'C:\\git\\experiments\\watkins2_part1\\berg.jpg')]",,,,,,,,,,,,,,,,,,,,,,,,,,,,,,,147,2026-08-31_16h03.05.549,watkins2_part1,,2026.1.3,143.4345694217899,1,19,Weiblich,Muttersprache,Abitur,Psychologie,Bachelor,2026-08-31 16h03.06.194152 +0200,
,,,,,,,,,,,,,,,,,,,,,,,,,,,,,,,,,,,,,,,,,,,,,,,,,,1,,266.14644979988225,266.15297849988565,284.5638214999344,,,,,,,,,,,,,,,,,,,,,,,,,,,,147,2026-08-31_16h03.05.549,watkins2_part1,,2026.1.3,143.4345694217899,1,19,Weiblich,Muttersprache,Abitur,Psychologie,Bachelor,2026-08-31 16h03.06.194152 +0200,
,,,,,,,,,,,,,,,,,,,,,,,,,,,,,,,,,,,,,,,,,,,,,,,,,,1,,,,,284.5752147999592,300.41092690010555,,,,,,,,,,,,,,,,,,,,,,,,,,147,2026-08-31_16h03.05.549,watkins2_part1,,2026.1.3,143.4345694217899,1,19,Weiblich,Muttersprache,Abitur,Psychologie,Bachelor,2026-08-31 16h03.06.194152 +0200,
,,,,,,,,,,,,,,,,,,,,,,,,,,,,,,,,,,,,,,,,,,,,,,,,,,1,,,,,,,300.4111844000872,300.4112569000572,,,,,,,,,,,,,,,,,,,,,,,,147,2026-08-31_16h03.05.549,watkins2_part1,,2026.1.3,143.4345694217899,1,19,Weiblich,Muttersprache,Abitur,Psychologie,Bachelor,2026-08-31 16h03.06.194152 +0200,
,,,,,,,,,,,,,,,,,,,,,,,,,,,,,,,,,,,,,,300.4112823000178,301.4008788999636,,,,,,,,,,,1,,,,,,,,,,,,,,,,,,,,,,,,,,,,,,,,147,2026-08-31_16h03.05.549,watkins2_part1,,2026.1.3,143.4345694217899,1,19,Weiblich,Muttersprache,Abitur,Psychologie,Bachelor,2026-08-31 16h03.06.194152 +0200,
0,0,0,,,,,,0,0,0,0,301.4078625999391,,,,,,,,,,,,,,,,,,,,,,,,,,,,301.4013165999204,301.8891493000556,,,,Schnee,Nichte,,"['Schnee', 'Nichte', 'C:\\git\\experiments\\watkins2_part1\\wald.jpg']",restudy,1,,,,,,,,,,,301.4011681000702,301.4012152000796,C:\git\experiments\watkins2_part1\wald.jpg,"[('Schnee', 'Nichte', 'C:\\git\\experiments\\watkins2_part1\\wald.jpg', 'C:\\git\\experiments\\watkins2_part1\\wald.jpg'), ('Kaffee', 'Skulptur', 'C:\\git\\experiments\\watkins2_part1\\strand.jpg', 'C:\\git\\experiments\\watkins2_part1\\strand.jpg'), ('Teller', 'Großvater', 'C:\\git\\experiments\\watkins2_part1\\wueste.jpg'), ('Laub', 'Schal', 'C:\\git\\experiments\\watkins2_part1\\wald.jpg', 'C:\\git\\experiments\\watkins2_part1\\wald.jpg'), ('Krümel', 'Umschlag', 'C:\\git\\experiments\\watkins2_part1\\strand.jpg', 'C:\\git\\experiments\\watkins2_part1\\strand.jpg'), ('Ball', 'Flugzeug', 'C:\\git\\experiments\\watkins2_part1\\strand.jpg'), ('Katze', 'Topf', 'C:\\git\\experiments\\watkins2_part1\\strand.jpg'), ('Mütze', 'Fernseher', 'C:\\git\\experiments\\watkins2_part1\\berg.jpg'), ('Tee', 'Lampe', 'C:\\git\\experiments\\watkins2_part1\\wueste.jpg'), ('Wind', 'Bus', 'C:\\git\\experiments\\watkins2_part1\\wald.jpg', 'C:\\git\\experiments\\watkins2_part1\\wald.jpg'), ('Löffel', 'Orange', 'C:\\git\\experiments\\watkins2_part1\\wald.jpg'), ('Locher', 'Tasse', 'C:\\git\\experiments\\watkins2_part1\\berg.jpg'), ('Rasen', 'Würfel', 'C:\\git\\experiments\\watkins2_part1\\strand.jpg', 'C:\\git\\experiments\\watkins2_part1\\strand.jpg'), ('Boxen', 'Gitarre', 'C:\\git\\experiments\\watkins2_part1\\wald.jpg'), ('Auto', 'Müll', 'C:\\git\\experiments\\watkins2_part1\\strand.jpg'), ('Kamera', 'Sofa', 'C:\\git\\experiments\\watkins2_part1\\wald.jpg'), ('Traube', 'Limonade', 'C:\\git\\experiments\\watkins2_part1\\berg.jpg'), ('Staffelei', 'Dünger', 'C:\\git\\experiments\\watkins2_part1\\wueste.jpg', 'C:\\git\\experiments\\watkins2_part1\\wueste.jpg'), ('Kreisel', 'Leinwand', 'C:\\git\\experiments\\watkins2_part1\\wueste.jpg', 'C:\\git\\experiments\\watkins2_part1\\wueste.jpg'), ('Fahrrad', 'Säge', 'C:\\git\\experiments\\watkins2_part1\\wueste.jpg'), ('Pinsel', 'Kaninchen', 'C:\\git\\experiments\\watkins2_part1\\berg.jpg', 'C:\\git\\experiments\\watkins2_part1\\berg.jpg'), ('Schwester', 'Staub', 'C:\\git\\experiments\\watkins2_part1\\wueste.jpg', 'C:\\git\\experiments\\watkins2_part1\\wueste.jpg'), ('Heft', 'Puzzle', 'C:\\git\\experiments\\watkins2_part1\\berg.jpg', 'C:\\git\\experiments\\watkins2_part1\\berg.jpg'), ('Flöte', 'Wolke', 'C:\\git\\experiments\\watkins2_part1\\berg.jpg', 'C:\\git\\experiments\\watkins2_part1\\berg.jpg')]",301.9099103999324,301.9099616999738,301.9300186999608,301.93933920003474,309.91148260002956,309.9303067999426,309.9303687000647,None,None,,,,,,,,,147,2026-08-31_16h03.05.549,watkins2_part1,,2026.1.3,143.4345694217899,1,19,Weiblich,Muttersprache,Abitur,Psychologie,Bachelor,2026-08-31 16h03.06.194152 +0200,
1,0,1,,,,,,1,0,1,0,309.9343918999657,,,,,,,,,,,,,,,,,,,,,,,,,,,,309.93064570007846,310.4154169000685,,,,Kaffee,Skulptur,,"['Kaffee', 'Skulptur', 'C:\\git\\experiments\\watkins2_part1\\strand.jpg']",restudy,1,,,,,,,,,,,309.9304827998858,309.9305408000946,C:\git\experiments\watkins2_part1\strand.jpg,"[('Schnee', 'Nichte', 'C:\\git\\experiments\\watkins2_part1\\wald.jpg', 'C:\\git\\experiments\\watkins2_part1\\wald.jpg'), ('Kaffee', 'Skulptur', 'C:\\git\\experiments\\watkins2_part1\\strand.jpg', 'C:\\git\\experiments\\watkins2_part1\\strand.jpg'), ('Teller', 'Großvater', 'C:\\git\\experiments\\watkins2_part1\\wueste.jpg'), ('Laub', 'Schal', 'C:\\git\\experiments\\watkins2_part1\\wald.jpg', 'C:\\git\\experiments\\watkins2_part1\\wald.jpg'), ('Krümel', 'Umschlag', 'C:\\git\\experiments\\watkins2_part1\\strand.jpg', 'C:\\git\\experiments\\watkins2_part1\\strand.jpg'), ('Ball', 'Flugzeug', 'C:\\git\\experiments\\watkins2_part1\\strand.jpg'), ('Katze', 'Topf', 'C:\\git\\experiments\\watkins2_part1\\strand.jpg'), ('Mütze', 'Fernseher', 'C:\\git\\experiments\\watkins2_part1\\berg.jpg'), ('Tee', 'Lampe', 'C:\\git\\experiments\\watkins2_part1\\wueste.jpg'), ('Wind', 'Bus', 'C:\\git\\experiments\\watkins2_part1\\wald.jpg', 'C:\\git\\experiments\\watkins2_part1\\wald.jpg'), ('Löffel', 'Orange', 'C:\\git\\experiments\\watkins2_part1\\wald.jpg'), ('Locher', 'Tasse', 'C:\\git\\experiments\\watkins2_part1\\berg.jpg'), ('Rasen', 'Würfel', 'C:\\git\\experiments\\watkins2_part1\\strand.jpg', 'C:\\git\\experiments\\watkins2_part1\\strand.jpg'), ('Boxen', 'Gitarre', 'C:\\git\\experiments\\watkins2_part1\\wald.jpg'), ('Auto', 'Müll', 'C:\\git\\experiments\\watkins2_part1\\strand.jpg'), ('Kamera', 'Sofa', 'C:\\git\\experiments\\watkins2_part1\\wald.jpg'), ('Traube', 'Limonade', 'C:\\git\\experiments\\watkins2_part1\\berg.jpg'), ('Staffelei', 'Dünger', 'C:\\git\\experiments\\watkins2_part1\\wueste.jpg', 'C:\\git\\experiments\\watkins2_part1\\wueste.jpg'), ('Kreisel', 'Leinwand', 'C:\\git\\experiments\\watkins2_part1\\wueste.jpg', 'C:\\git\\experiments\\watkins2_part1\\wueste.jpg'), ('Fahrrad', 'Säge', 'C:\\git\\experiments\\watkins2_part1\\wueste.jpg'), ('Pinsel', 'Kaninchen', 'C:\\git\\experiments\\watkins2_part1\\berg.jpg', 'C:\\git\\experiments\\watkins2_part1\\berg.jpg'), ('Schwester', 'Staub', 'C:\\git\\experiments\\watkins2_part1\\wueste.jpg', 'C:\\git\\experiments\\watkins2_part1\\wueste.jpg'), ('Heft', 'Puzzle', 'C:\\git\\experiments\\watkins2_part1\\berg.jpg', 'C:\\git\\experiments\\watkins2_part1\\berg.jpg'), ('Flöte', 'Wolke', 'C:\\git\\experiments\\watkins2_part1\\berg.jpg', 'C:\\git\\experiments\\watkins2_part1\\berg.jpg')]",310.4295403000433,310.4295868999325,310.445065200096,310.45163949998096,318.4297273999546,318.44275310006924,318.4428081000224,None,None,,,,,,,,,147,2026-08-31_16h03.05.549,watkins2_part1,,2026.1.3,143.4345694217899,1,19,Weiblich,Muttersprache,Abitur,Psychologie,Bachelor,2026-08-31 16h03.06.194152 +0200,
2,0,2,,,,,,2,0,2,0,318.4476218998898,,,,,,,,,,,,,,,,,,,,,,,,,,,,318.44307520007715,318.9308426999487,,,,Teller,Großvater,,"['Teller', 'Großvater', 'C:\\git\\experiments\\watkins2_part1\\wueste.jpg']",study_new,1,,,,,,,,,,,318.4429192999378,318.44297529989854,C:\git\experiments\watkins2_part1\wueste.jpg,"[('Schnee', 'Nichte', 'C:\\git\\experiments\\watkins2_part1\\wald.jpg', 'C:\\git\\experiments\\watkins2_part1\\wald.jpg'), ('Kaffee', 'Skulptur', 'C:\\git\\experiments\\watkins2_part1\\strand.jpg', 'C:\\git\\experiments\\watkins2_part1\\strand.jpg'), ('Teller', 'Großvater', 'C:\\git\\experiments\\watkins2_part1\\wueste.jpg'), ('Laub', 'Schal', 'C:\\git\\experiments\\watkins2_part1\\wald.jpg', 'C:\\git\\experiments\\watkins2_part1\\wald.jpg'), ('Krümel', 'Umschlag', 'C:\\git\\experiments\\watkins2_part1\\strand.jpg', 'C:\\git\\experiments\\watkins2_part1\\strand.jpg'), ('Ball', 'Flugzeug', 'C:\\git\\experiments\\watkins2_part1\\strand.jpg'), ('Katze', 'Topf', 'C:\\git\\experiments\\watkins2_part1\\strand.jpg'), ('Mütze', 'Fernseher', 'C:\\git\\experiments\\watkins2_part1\\berg.jpg'), ('Tee', 'Lampe', 'C:\\git\\experiments\\watkins2_part1\\wueste.jpg'), ('Wind', 'Bus', 'C:\\git\\experiments\\watkins2_part1\\wald.jpg', 'C:\\git\\experiments\\watkins2_part1\\wald.jpg'), ('Löffel', 'Orange', 'C:\\git\\experiments\\watkins2_part1\\wald.jpg'), ('Locher', 'Tasse', 'C:\\git\\experiments\\watkins2_part1\\berg.jpg'), ('Rasen', 'Würfel', 'C:\\git\\experiments\\watkins2_part1\\strand.jpg', 'C:\\git\\experiments\\watkins2_part1\\strand.jpg'), ('Boxen', 'Gitarre', 'C:\\git\\experiments\\watkins2_part1\\wald.jpg'), ('Auto', 'Müll', 'C:\\git\\experiments\\watkins2_part1\\strand.jpg'), ('Kamera', 'Sofa', 'C:\\git\\experiments\\watkins2_part1\\wald.jpg'), ('Traube', 'Limonade', 'C:\\git\\experiments\\watkins2_part1\\berg.jpg'), ('Staffelei', 'Dünger', 'C:\\git\\experiments\\watkins2_part1\\wueste.jpg', 'C:\\git\\experiments\\watkins2_part1\\wueste.jpg'), ('Kreisel', 'Leinwand', 'C:\\git\\experiments\\watkins2_part1\\wueste.jpg', 'C:\\git\\experiments\\watkins2_part1\\wueste.jpg'), ('Fahrrad', 'Säge', 'C:\\git\\experiments\\watkins2_part1\\wueste.jpg'), ('Pinsel', 'Kaninchen', 'C:\\git\\experiments\\watkins2_part1\\berg.jpg', 'C:\\git\\experiments\\watkins2_part1\\berg.jpg'), ('Schwester', 'Staub', 'C:\\git\\experiments\\watkins2_part1\\wueste.jpg', 'C:\\git\\experiments\\watkins2_part1\\wueste.jpg'), ('Heft', 'Puzzle', 'C:\\git\\experiments\\watkins2_part1\\berg.jpg', 'C:\\git\\experiments\\watkins2_part1\\berg.jpg'), ('Flöte', 'Wolke', 'C:\\git\\experiments\\watkins2_part1\\berg.jpg', 'C:\\git\\experiments\\watkins2_part1\\berg.jpg')]",318.9512471999042,326.9477301000152,326.9673033999279,,326.96735269995406,326.98814789997414,326.98820820008405,None,None,,,318.9575515000615,,,,,,147,2026-08-31_16h03.05.549,watkins2_part1,,2026.1.3,143.4345694217899,1,19,Weiblich,Muttersprache,Abitur,Psychologie,Bachelor,2026-08-31 16h03.06.194152 +0200,
3,0,3,,,,,,3,0,3,0,326.99298810004257,,,,,,,,,,,,,,,,,,,,,,,,,,,,326.9884877000004,327.47398080001585,,,,Laub,Schal,,"['Laub', 'Schal', 'C:\\git\\experiments\\watkins2_part1\\wald.jpg']",restudy,1,,,,,,,,,,,326.9883258000482,326.98838509991765,C:\git\experiments\watkins2_part1\wald.jpg,"[('Schnee', 'Nichte', 'C:\\git\\experiments\\watkins2_part1\\wald.jpg', 'C:\\git\\experiments\\watkins2_part1\\wald.jpg'), ('Kaffee', 'Skulptur', 'C:\\git\\experiments\\watkins2_part1\\strand.jpg', 'C:\\git\\experiments\\watkins2_part1\\strand.jpg'), ('Teller', 'Großvater', 'C:\\git\\experiments\\watkins2_part1\\wueste.jpg'), ('Laub', 'Schal', 'C:\\git\\experiments\\watkins2_part1\\wald.jpg', 'C:\\git\\experiments\\watkins2_part1\\wald.jpg'), ('Krümel', 'Umschlag', 'C:\\git\\experiments\\watkins2_part1\\strand.jpg', 'C:\\git\\experiments\\watkins2_part1\\strand.jpg'), ('Ball', 'Flugzeug', 'C:\\git\\experiments\\watkins2_part1\\strand.jpg'), ('Katze', 'Topf', 'C:\\git\\experiments\\watkins2_part1\\strand.jpg'), ('Mütze', 'Fernseher', 'C:\\git\\experiments\\watkins2_part1\\berg.jpg'), ('Tee', 'Lampe', 'C:\\git\\experiments\\watkins2_part1\\wueste.jpg'), ('Wind', 'Bus', 'C:\\git\\experiments\\watkins2_part1\\wald.jpg', 'C:\\git\\experiments\\watkins2_part1\\wald.jpg'), ('Löffel', 'Orange', 'C:\\git\\experiments\\watkins2_part1\\wald.jpg'), ('Locher', 'Tasse', 'C:\\git\\experiments\\watkins2_part1\\berg.jpg'), ('Rasen', 'Würfel', 'C:\\git\\experiments\\watkins2_part1\\strand.jpg', 'C:\\git\\experiments\\watkins2_part1\\strand.jpg'), ('Boxen', 'Gitarre', 'C:\\git\\experiments\\watkins2_part1\\wald.jpg'), ('Auto', 'Müll', 'C:\\git\\experiments\\watkins2_part1\\strand.jpg'), ('Kamera', 'Sofa', 'C:\\git\\experiments\\watkins2_part1\\wald.jpg'), ('Traube', 'Limonade', 'C:\\git\\experiments\\watkins2_part1\\berg.jpg'), ('Staffelei', 'Dünger', 'C:\\git\\experiments\\watkins2_part1\\wueste.jpg', 'C:\\git\\experiments\\watkins2_part1\\wueste.jpg'), ('Kreisel', 'Leinwand', 'C:\\git\\experiments\\watkins2_part1\\wueste.jpg', 'C:\\git\\experiments\\watkins2_part1\\wueste.jpg'), ('Fahrrad', 'Säge', 'C:\\git\\experiments\\watkins2_part1\\wueste.jpg'), ('Pinsel', 'Kaninchen', 'C:\\git\\experiments\\watkins2_part1\\berg.jpg', 'C:\\git\\experiments\\watkins2_part1\\berg.jpg'), ('Schwester', 'Staub', 'C:\\git\\experiments\\watkins2_part1\\wueste.jpg', 'C:\\git\\experiments\\watkins2_part1\\wueste.jpg'), ('Heft', 'Puzzle', 'C:\\git\\experiments\\watkins2_part1\\berg.jpg', 'C:\\git\\experiments\\watkins2_part1\\berg.jpg'), ('Flöte', 'Wolke', 'C:\\git\\experiments\\watkins2_part1\\berg.jpg', 'C:\\git\\experiments\\watkins2_part1\\berg.jpg')]",327.4948032000102,327.4948509999085,327.51783100003377,327.52346529997885,335.5008076999802,335.51948400004767,335.5195408000145,None,None,,,,,,,,,147,2026-08-31_16h03.05.549,watkins2_part1,,2026.1.3,143.4345694217899,1,19,Weiblich,Muttersprache,Abitur,Psychologie,Bachelor,2026-08-31 16h03.06.194152 +0200,
4,0,4,,,,,,4,0,4,0,335.5251239000354,,,,,,,,,,,,,,,,,,,,,,,,,,,,335.51981829991564,336.0074430000968,,,,Krümel,Umschlag,,"['Krümel', 'Umschlag', 'C:\\git\\experiments\\watkins2_part1\\strand.jpg']",restudy,1,,,,,,,,,,,335.51965499995276,335.5197123999242,C:\git\experiments\watkins2_part1\strand.jpg,"[('Schnee', 'Nichte', 'C:\\git\\experiments\\watkins2_part1\\wald.jpg', 'C:\\git\\experiments\\watkins2_part1\\wald.jpg'), ('Kaffee', 'Skulptur', 'C:\\git\\experiments\\watkins2_part1\\strand.jpg', 'C:\\git\\experiments\\watkins2_part1\\strand.jpg'), ('Teller', 'Großvater', 'C:\\git\\experiments\\watkins2_part1\\wueste.jpg'), ('Laub', 'Schal', 'C:\\git\\experiments\\watkins2_part1\\wald.jpg', 'C:\\git\\experiments\\watkins2_part1\\wald.jpg'), ('Krümel', 'Umschlag', 'C:\\git\\experiments\\watkins2_part1\\strand.jpg', 'C:\\git\\experiments\\watkins2_part1\\strand.jpg'), ('Ball', 'Flugzeug', 'C:\\git\\experiments\\watkins2_part1\\strand.jpg'), ('Katze', 'Topf', 'C:\\git\\experiments\\watkins2_part1\\strand.jpg'), ('Mütze', 'Fernseher', 'C:\\git\\experiments\\watkins2_part1\\berg.jpg'), ('Tee', 'Lampe', 'C:\\git\\experiments\\watkins2_part1\\wueste.jpg'), ('Wind', 'Bus', 'C:\\git\\experiments\\watkins2_part1\\wald.jpg', 'C:\\git\\experiments\\watkins2_part1\\wald.jpg'), ('Löffel', 'Orange', 'C:\\git\\experiments\\watkins2_part1\\wald.jpg'), ('Locher', 'Tasse', 'C:\\git\\experiments\\watkins2_part1\\berg.jpg'), ('Rasen', 'Würfel', 'C:\\git\\experiments\\watkins2_part1\\strand.jpg', 'C:\\git\\experiments\\watkins2_part1\\strand.jpg'), ('Boxen', 'Gitarre', 'C:\\git\\experiments\\watkins2_part1\\wald.jpg'), ('Auto', 'Müll', 'C:\\git\\experiments\\watkins2_part1\\strand.jpg'), ('Kamera', 'Sofa', 'C:\\git\\experiments\\watkins2_part1\\wald.jpg'), ('Traube', 'Limonade', 'C:\\git\\experiments\\watkins2_part1\\berg.jpg'), ('Staffelei', 'Dünger', 'C:\\git\\experiments\\watkins2_part1\\wueste.jpg', 'C:\\git\\experiments\\watkins2_part1\\wueste.jpg'), ('Kreisel', 'Leinwand', 'C:\\git\\experiments\\watkins2_part1\\wueste.jpg', 'C:\\git\\experiments\\watkins2_part1\\wueste.jpg'), ('Fahrrad', 'Säge', 'C:\\git\\experiments\\watkins2_part1\\wueste.jpg'), ('Pinsel', 'Kaninchen', 'C:\\git\\experiments\\watkins2_part1\\berg.jpg', 'C:\\git\\experiments\\watkins2_part1\\berg.jpg'), ('Schwester', 'Staub', 'C:\\git\\experiments\\watkins2_part1\\wueste.jpg', 'C:\\git\\experiments\\watkins2_part1\\wueste.jpg'), ('Heft', 'Puzzle', 'C:\\git\\experiments\\watkins2_part1\\berg.jpg', 'C:\\git\\experiments\\watkins2_part1\\berg.jpg'), ('Flöte', 'Wolke', 'C:\\git\\experiments\\watkins2_part1\\berg.jpg', 'C:\\git\\experiments\\watkins2_part1\\berg.jpg')]",336.02167949988507,336.02172670001164,336.03740569995716,336.04395850002766,344.02228839998133,344.03509999997914,344.03515639994293,None,None,,,,,,,,,147,2026-08-31_16h03.05.549,watkins2_part1,,2026.1.3,143.4345694217899,1,19,Weiblich,Muttersprache,Abitur,Psychologie,Bachelor,2026-08-31 16h03.06.194152 +0200,
5,0,5,,,,,,5,0,5,0,344.0400020999368,,,,,,,,,,,,,,,,,,,,,,,,,,,,344.03542910004035,344.5232120999135,,,,Ball,Flugzeug,,"['Ball', 'Flugzeug', 'C:\\git\\experiments\\watkins2_part1\\strand.jpg']",study_new,1,,,,,,,,,,,344.03527069999836,344.03532769996673,C:\git\experiments\watkins2_part1\strand.jpg,"[('Schnee', 'Nichte', 'C:\\git\\experiments\\watkins2_part1\\wald.jpg', 'C:\\git\\experiments\\watkins2_part1\\wald.jpg'), ('Kaffee', 'Skulptur', 'C:\\git\\experiments\\watkins2_part1\\strand.jpg', 'C:\\git\\experiments\\watkins2_part1\\strand.jpg'), ('Teller', 'Großvater', 'C:\\git\\experiments\\watkins2_part1\\wueste.jpg'), ('Laub', 'Schal', 'C:\\git\\experiments\\watkins2_part1\\wald.jpg', 'C:\\git\\experiments\\watkins2_part1\\wald.jpg'), ('Krümel', 'Umschlag', 'C:\\git\\experiments\\watkins2_part1\\strand.jpg', 'C:\\git\\experiments\\watkins2_part1\\strand.jpg'), ('Ball', 'Flugzeug', 'C:\\git\\experiments\\watkins2_part1\\strand.jpg'), ('Katze', 'Topf', 'C:\\git\\experiments\\watkins2_part1\\strand.jpg'), ('Mütze', 'Fernseher', 'C:\\git\\experiments\\watkins2_part1\\berg.jpg'), ('Tee', 'Lampe', 'C:\\git\\experiments\\watkins2_part1\\wueste.jpg'), ('Wind', 'Bus', 'C:\\git\\experiments\\watkins2_part1\\wald.jpg', 'C:\\git\\experiments\\watkins2_part1\\wald.jpg'), ('Löffel', 'Orange', 'C:\\git\\experiments\\watkins2_part1\\wald.jpg'), ('Locher', 'Tasse', 'C:\\git\\experiments\\watkins2_part1\\berg.jpg'), ('Rasen', 'Würfel', 'C:\\git\\experiments\\watkins2_part1\\strand.jpg', 'C:\\git\\experiments\\watkins2_part1\\strand.jpg'), ('Boxen', 'Gitarre', 'C:\\git\\experiments\\watkins2_part1\\wald.jpg'), ('Auto', 'Müll', 'C:\\git\\experiments\\watkins2_part1\\strand.jpg'), ('Kamera', 'Sofa', 'C:\\git\\experiments\\watkins2_part1\\wald.jpg'), ('Traube', 'Limonade', 'C:\\git\\experiments\\watkins2_part1\\berg.jpg'), ('Staffelei', 'Dünger', 'C:\\git\\experiments\\watkins2_part1\\wueste.jpg', 'C:\\git\\experiments\\watkins2_part1\\wueste.jpg'), ('Kreisel', 'Leinwand', 'C:\\git\\experiments\\watkins2_part1\\wueste.jpg', 'C:\\git\\experiments\\watkins2_part1\\wueste.jpg'), ('Fahrrad', 'Säge', 'C:\\git\\experiments\\watkins2_part1\\wueste.jpg'), ('Pinsel', 'Kaninchen', 'C:\\git\\experiments\\watkins2_part1\\berg.jpg', 'C:\\git\\experiments\\watkins2_part1\\berg.jpg'), ('Schwester', 'Staub', 'C:\\git\\experiments\\watkins2_part1\\wueste.jpg', 'C:\\git\\experiments\\watkins2_part1\\wueste.jpg'), ('Heft', 'Puzzle', 'C:\\git\\experiments\\watkins2_part1\\berg.jpg', 'C:\\git\\experiments\\watkins2_part1\\berg.jpg'), ('Flöte', 'Wolke', 'C:\\git\\experiments\\watkins2_part1\\berg.jpg', 'C:\\git\\experiments\\watkins2_part1\\berg.jpg')]",344.5350176000502,352.5365454000421,352.54858889989555,,352.5486373999156,352.5597631998826,352.55981920007616,None,None,,,344.5407507000491,,,,,,147,2026-08-31_16h03.05.549,watkins2_part1,,2026.1.3,143.4345694217899,1,19,Weiblich,Muttersprache,Abitur,Psychologie,Bachelor,2026-08-31 16h03.06.194152 +0200,
6,0,6,,,,,,6,0,6,0,352.5651660999283,,,,,,,,,,,,,,,,,,,,,,,,,,,,352.56009189994074,353.0454784000758,,,,Katze,Topf,,"['Katze', 'Topf', 'C:\\git\\experiments\\watkins2_part1\\strand.jpg']",study_new,1,,,,,,,,,,,352.55993269989267,352.5599901000969,C:\git\experiments\watkins2_part1\strand.jpg,"[('Schnee', 'Nichte', 'C:\\git\\experiments\\watkins2_part1\\wald.jpg', 'C:\\git\\experiments\\watkins2_part1\\wald.jpg'), ('Kaffee', 'Skulptur', 'C:\\git\\experiments\\watkins2_part1\\strand.jpg', 'C:\\git\\experiments\\watkins2_part1\\strand.jpg'), ('Teller', 'Großvater', 'C:\\git\\experiments\\watkins2_part1\\wueste.jpg'), ('Laub', 'Schal', 'C:\\git\\experiments\\watkins2_part1\\wald.jpg', 'C:\\git\\experiments\\watkins2_part1\\wald.jpg'), ('Krümel', 'Umschlag', 'C:\\git\\experiments\\watkins2_part1\\strand.jpg', 'C:\\git\\experiments\\watkins2_part1\\strand.jpg'), ('Ball', 'Flugzeug', 'C:\\git\\experiments\\watkins2_part1\\strand.jpg'), ('Katze', 'Topf', 'C:\\git\\experiments\\watkins2_part1\\strand.jpg'), ('Mütze', 'Fernseher', 'C:\\git\\experiments\\watkins2_part1\\berg.jpg'), ('Tee', 'Lampe', 'C:\\git\\experiments\\watkins2_part1\\wueste.jpg'), ('Wind', 'Bus', 'C:\\git\\experiments\\watkins2_part1\\wald.jpg', 'C:\\git\\experiments\\watkins2_part1\\wald.jpg'), ('Löffel', 'Orange', 'C:\\git\\experiments\\watkins2_part1\\wald.jpg'), ('Locher', 'Tasse', 'C:\\git\\experiments\\watkins2_part1\\berg.jpg'), ('Rasen', 'Würfel', 'C:\\git\\experiments\\watkins2_part1\\strand.jpg', 'C:\\git\\experiments\\watkins2_part1\\strand.jpg'), ('Boxen', 'Gitarre', 'C:\\git\\experiments\\watkins2_part1\\wald.jpg'), ('Auto', 'Müll', 'C:\\git\\experiments\\watkins2_part1\\strand.jpg'), ('Kamera', 'Sofa', 'C:\\git\\experiments\\watkins2_part1\\wald.jpg'), ('Traube', 'Limonade', 'C:\\git\\experiments\\watkins2_part1\\berg.jpg'), ('Staffelei', 'Dünger', 'C:\\git\\experiments\\watkins2_part1\\wueste.jpg', 'C:\\git\\experiments\\watkins2_part1\\wueste.jpg'), ('Kreisel', 'Leinwand', 'C:\\git\\experiments\\watkins2_part1\\wueste.jpg', 'C:\\git\\experiments\\watkins2_part1\\wueste.jpg'), ('Fahrrad', 'Säge', 'C:\\git\\experiments\\watkins2_part1\\wueste.jpg'), ('Pinsel', 'Kaninchen', 'C:\\git\\experiments\\watkins2_part1\\berg.jpg', 'C:\\git\\experiments\\watkins2_part1\\berg.jpg'), ('Schwester', 'Staub', 'C:\\git\\experiments\\watkins2_part1\\wueste.jpg', 'C:\\git\\experiments\\watkins2_part1\\wueste.jpg'), ('Heft', 'Puzzle', 'C:\\git\\experiments\\watkins2_part1\\berg.jpg', 'C:\\git\\experiments\\watkins2_part1\\berg.jpg'), ('Flöte', 'Wolke', 'C:\\git\\experiments\\watkins2_part1\\berg.jpg', 'C:\\git\\experiments\\watkins2_part1\\berg.jpg')]",353.05799019988626,361.06035610008985,361.07216849992983,,361.0722159000579,361.0832835000474,361.08333870000206,None,None,,,353.06366030010395,,,,,,147,2026-08-31_16h03.05.549,watkins2_part1,,2026.1.3,143.4345694217899,1,19,Weiblich,Muttersprache,Abitur,Psychologie,Bachelor,2026-08-31 16h03.06.194152 +0200,
7,0,7,,,,,,7,0,7,0,361.0887251000386,,,,,,,,,,,,,,,,,,,,,,,,,,,,361.0836082000751,361.5687285999302,,,,Mütze,Fernseher,,"['Mütze', 'Fernseher', 'C:\\git\\experiments\\watkins2_part1\\berg.jpg']",study_new,1,,,,,,,,,,,361.08344989991747,361.08350809989497,C:\git\experiments\watkins2_part1\berg.jpg,"[('Schnee', 'Nichte', 'C:\\git\\experiments\\watkins2_part1\\wald.jpg', 'C:\\git\\experiments\\watkins2_part1\\wald.jpg'), ('Kaffee', 'Skulptur', 'C:\\git\\experiments\\watkins2_part1\\strand.jpg', 'C:\\git\\experiments\\watkins2_part1\\strand.jpg'), ('Teller', 'Großvater', 'C:\\git\\experiments\\watkins2_part1\\wueste.jpg'), ('Laub', 'Schal', 'C:\\git\\experiments\\watkins2_part1\\wald.jpg', 'C:\\git\\experiments\\watkins2_part1\\wald.jpg'), ('Krümel', 'Umschlag', 'C:\\git\\experiments\\watkins2_part1\\strand.jpg', 'C:\\git\\experiments\\watkins2_part1\\strand.jpg'), ('Ball', 'Flugzeug', 'C:\\git\\experiments\\watkins2_part1\\strand.jpg'), ('Katze', 'Topf', 'C:\\git\\experiments\\watkins2_part1\\strand.jpg'), ('Mütze', 'Fernseher', 'C:\\git\\experiments\\watkins2_part1\\berg.jpg'), ('Tee', 'Lampe', 'C:\\git\\experiments\\watkins2_part1\\wueste.jpg'), ('Wind', 'Bus', 'C:\\git\\experiments\\watkins2_part1\\wald.jpg', 'C:\\git\\experiments\\watkins2_part1\\wald.jpg'), ('Löffel', 'Orange', 'C:\\git\\experiments\\watkins2_part1\\wald.jpg'), ('Locher', 'Tasse', 'C:\\git\\experiments\\watkins2_part1\\berg.jpg'), ('Rasen', 'Würfel', 'C:\\git\\experiments\\watkins2_part1\\strand.jpg', 'C:\\git\\experiments\\watkins2_part1\\strand.jpg'), ('Boxen', 'Gitarre', 'C:\\git\\experiments\\watkins2_part1\\wald.jpg'), ('Auto', 'Müll', 'C:\\git\\experiments\\watkins2_part1\\strand.jpg'), ('Kamera', 'Sofa', 'C:\\git\\experiments\\watkins2_part1\\wald.jpg'), ('Traube', 'Limonade', 'C:\\git\\experiments\\watkins2_part1\\berg.jpg'), ('Staffelei', 'Dünger', 'C:\\git\\experiments\\watkins2_part1\\wueste.jpg', 'C:\\git\\experiments\\watkins2_part1\\wueste.jpg'), ('Kreisel', 'Leinwand', 'C:\\git\\experiments\\watkins2_part1\\wueste.jpg', 'C:\\git\\experiments\\watkins2_part1\\wueste.jpg'), ('Fahrrad', 'Säge', 'C:\\git\\experiments\\watkins2_part1\\wueste.jpg'), ('Pinsel', 'Kaninchen', 'C:\\git\\experiments\\watkins2_part1\\berg.jpg', 'C:\\git\\experiments\\watkins2_part1\\berg.jpg'), ('Schwester', 'Staub', 'C:\\git\\experiments\\watkins2_part1\\wueste.jpg', 'C:\\git\\experiments\\watkins2_part1\\wueste.jpg'), ('Heft', 'Puzzle', 'C:\\git\\experiments\\watkins2_part1\\berg.jpg', 'C:\\git\\experiments\\watkins2_part1\\berg.jpg'), ('Flöte', 'Wolke', 'C:\\git\\experiments\\watkins2_part1\\berg.jpg', 'C:\\git\\experiments\\watkins2_part1\\berg.jpg')]",361.598887299886,369.5905504000839,369.6210600999184,,369.6211085000541,369.65255740005523,369.65261240000837,None,None,,,361.6055370999966,,,,,,147,2026-08-31_16h03.05.549,watkins2_part1,,2026.1.3,143.4345694217899,1,19,Weiblich,Muttersprache,Abitur,Psychologie,Bachelor,2026-08-31 16h03.06.194152 +0200,
8,0,8,,,,,,8,0,8,0,369.65534759988077,,,,,,,,,,,,,,,,,,,,,,,,,,,,369.6528815999627,370.1421644000802,,,,Tee,Lampe,,"['Tee', 'Lampe', 'C:\\git\\experiments\\watkins2_part1\\wueste.jpg']",study_new,1,,,,,,,,,,,369.65272319992073,369.6527809998952,C:\git\experiments\watkins2_part1\wueste.jpg,"[('Schnee', 'Nichte', 'C:\\git\\experiments\\watkins2_part1\\wald.jpg', 'C:\\git\\experiments\\watkins2_part1\\wald.jpg'), ('Kaffee', 'Skulptur', 'C:\\git\\experiments\\watkins2_part1\\strand.jpg', 'C:\\git\\experiments\\watkins2_part1\\strand.jpg'), ('Teller', 'Großvater', 'C:\\git\\experiments\\watkins2_part1\\wueste.jpg'), ('Laub', 'Schal', 'C:\\git\\experiments\\watkins2_part1\\wald.jpg', 'C:\\git\\experiments\\watkins2_part1\\wald.jpg'), ('Krümel', 'Umschlag', 'C:\\git\\experiments\\watkins2_part1\\strand.jpg', 'C:\\git\\experiments\\watkins2_part1\\strand.jpg'), ('Ball', 'Flugzeug', 'C:\\git\\experiments\\watkins2_part1\\strand.jpg'), ('Katze', 'Topf', 'C:\\git\\experiments\\watkins2_part1\\strand.jpg'), ('Mütze', 'Fernseher', 'C:\\git\\experiments\\watkins2_part1\\berg.jpg'), ('Tee', 'Lampe', 'C:\\git\\experiments\\watkins2_part1\\wueste.jpg'), ('Wind', 'Bus', 'C:\\git\\experiments\\watkins2_part1\\wald.jpg', 'C:\\git\\experiments\\watkins2_part1\\wald.jpg'), ('Löffel', 'Orange', 'C:\\git\\experiments\\watkins2_part1\\wald.jpg'), ('Locher', 'Tasse', 'C:\\git\\experiments\\watkins2_part1\\berg.jpg'), ('Rasen', 'Würfel', 'C:\\git\\experiments\\watkins2_part1\\strand.jpg', 'C:\\git\\experiments\\watkins2_part1\\strand.jpg'), ('Boxen', 'Gitarre', 'C:\\git\\experiments\\watkins2_part1\\wald.jpg'), ('Auto', 'Müll', 'C:\\git\\experiments\\watkins2_part1\\strand.jpg'), ('Kamera', 'Sofa', 'C:\\git\\experiments\\watkins2_part1\\wald.jpg'), ('Traube', 'Limonade', 'C:\\git\\experiments\\watkins2_part1\\berg.jpg'), ('Staffelei', 'Dünger', 'C:\\git\\experiments\\watkins2_part1\\wueste.jpg', 'C:\\git\\experiments\\watkins2_part1\\wueste.jpg'), ('Kreisel', 'Leinwand', 'C:\\git\\experiments\\watkins2_part1\\wueste.jpg', 'C:\\git\\experiments\\watkins2_part1\\wueste.jpg'), ('Fahrrad', 'Säge', 'C:\\git\\experiments\\watkins2_part1\\wueste.jpg'), ('Pinsel', 'Kaninchen', 'C:\\git\\experiments\\watkins2_part1\\berg.jpg', 'C:\\git\\experiments\\watkins2_part1\\berg.jpg'), ('Schwester', 'Staub', 'C:\\git\\experiments\\watkins2_part1\\wueste.jpg', 'C:\\git\\experiments\\watkins2_part1\\wueste.jpg'), ('Heft', 'Puzzle', 'C:\\git\\experiments\\watkins2_part1\\berg.jpg', 'C:\\git\\experiments\\watkins2_part1\\berg.jpg'), ('Flöte', 'Wolke', 'C:\\git\\experiments\\watkins2_part1\\berg.jpg', 'C:\\git\\experiments\\watkins2_part1\\berg.jpg')]",370.16307560005225,378.15490139997564,378.17669650004245,,378.1767438999377,378.19670609990135,378.19676130008884,None,None,,,370.16751280007884,,,,,,147,2026-08-31_16h03.05.549,watkins2_part1,,2026.1.3,143.4345694217899,1,19,Weiblich,Muttersprache,Abitur,Psychologie,Bachelor,2026-08-31 16h03.06.194152 +0200,
9,0,9,,,,,,9,0,9,0,378.2027096999809,,,,,,,,,,,,,,,,,,,,,,,,,,,,378.19703159993514,378.6862198000308,,,,Wind,Bus,,"['Wind', 'Bus', 'C:\\git\\experiments\\watkins2_part1\\wald.jpg']",restudy,1,,,,,,,,,,,378.19687239988707,378.19692989997566,C:\git\experiments\watkins2_part1\wald.jpg,"[('Schnee', 'Nichte', 'C:\\git\\experiments\\watkins2_part1\\wald.jpg', 'C:\\git\\experiments\\watkins2_part1\\wald.jpg'), ('Kaffee', 'Skulptur', 'C:\\git\\experiments\\watkins2_part1\\strand.jpg', 'C:\\git\\experiments\\watkins2_part1\\strand.jpg'), ('Teller', 'Großvater', 'C:\\git\\experiments\\watkins2_part1\\wueste.jpg'), ('Laub', 'Schal', 'C:\\git\\experiments\\watkins2_part1\\wald.jpg', 'C:\\git\\experiments\\watkins2_part1\\wald.jpg'), ('Krümel', 'Umschlag', 'C:\\git\\experiments\\watkins2_part1\\strand.jpg', 'C:\\git\\experiments\\watkins2_part1\\strand.jpg'), ('Ball', 'Flugzeug', 'C:\\git\\experiments\\watkins2_part1\\strand.jpg'), ('Katze', 'Topf', 'C:\\git\\experiments\\watkins2_part1\\strand.jpg'), ('Mütze', 'Fernseher', 'C:\\git\\experiments\\watkins2_part1\\berg.jpg'), ('Tee', 'Lampe', 'C:\\git\\experiments\\watkins2_part1\\wueste.jpg'), ('Wind', 'Bus', 'C:\\git\\experiments\\watkins2_part1\\wald.jpg', 'C:\\git\\experiments\\watkins2_part1\\wald.jpg'), ('Löffel', 'Orange', 'C:\\git\\experiments\\watkins2_part1\\wald.jpg'), ('Locher', 'Tasse', 'C:\\git\\experiments\\watkins2_part1\\berg.jpg'), ('Rasen', 'Würfel', 'C:\\git\\experiments\\watkins2_part1\\strand.jpg', 'C:\\git\\experiments\\watkins2_part1\\strand.jpg'), ('Boxen', 'Gitarre', 'C:\\git\\experiments\\watkins2_part1\\wald.jpg'), ('Auto', 'Müll', 'C:\\git\\experiments\\watkins2_part1\\strand.jpg'), ('Kamera', 'Sofa', 'C:\\git\\experiments\\watkins2_part1\\wald.jpg'), ('Traube', 'Limonade', 'C:\\git\\experiments\\watkins2_part1\\berg.jpg'), ('Staffelei', 'Dünger', 'C:\\git\\experiments\\watkins2_part1\\wueste.jpg', 'C:\\git\\experiments\\watkins2_part1\\wueste.jpg'), ('Kreisel', 'Leinwand', 'C:\\git\\experiments\\watkins2_part1\\wueste.jpg', 'C:\\git\\experiments\\watkins2_part1\\wueste.jpg'), ('Fahrrad', 'Säge', 'C:\\git\\experiments\\watkins2_part1\\wueste.jpg'), ('Pinsel', 'Kaninchen', 'C:\\git\\experiments\\watkins2_part1\\berg.jpg', 'C:\\git\\experiments\\watkins2_part1\\berg.jpg'), ('Schwester', 'Staub', 'C:\\git\\experiments\\watkins2_part1\\wueste.jpg', 'C:\\git\\experiments\\watkins2_part1\\wueste.jpg'), ('Heft', 'Puzzle', 'C:\\git\\experiments\\watkins2_part1\\berg.jpg', 'C:\\git\\experiments\\watkins2_part1\\berg.jpg'), ('Flöte', 'Wolke', 'C:\\git\\experiments\\watkins2_part1\\berg.jpg', 'C:\\git\\experiments\\watkins2_part1\\berg.jpg')]",378.70705209998414,378.70709989988245,378.72727119992487,378.7350693999324,386.71116499998607,386.7306524000596,386.7307090999093,None,None,,,,,,,,,147,2026-08-31_16h03.05.549,watkins2_part1,,2026.1.3,143.4345694217899,1,19,Weiblich,Muttersprache,Abitur,Psychologie,Bachelor,2026-08-31 16h03.06.194152 +0200,
10,0,10,,,,,,10,0,10,0,386.7363016998861,,,,,,,,,,,,,,,,,,,,,,,,,,,,386.73098269989714,387.2194201000966,,,,Löffel,Orange,,"['Löffel', 'Orange', 'C:\\git\\experiments\\watkins2_part1\\wald.jpg']",study_new,1,,,,,,,,,,,386.7308237000834,386.7308811999392,C:\git\experiments\watkins2_part1\wald.jpg,"[('Schnee', 'Nichte', 'C:\\git\\experiments\\watkins2_part1\\wald.jpg', 'C:\\git\\experiments\\watkins2_part1\\wald.jpg'), ('Kaffee', 'Skulptur', 'C:\\git\\experiments\\watkins2_part1\\strand.jpg', 'C:\\git\\experiments\\watkins2_part1\\strand.jpg'), ('Teller', 'Großvater', 'C:\\git\\experiments\\watkins2_part1\\wueste.jpg'), ('Laub', 'Schal', 'C:\\git\\experiments\\watkins2_part1\\wald.jpg', 'C:\\git\\experiments\\watkins2_part1\\wald.jpg'), ('Krümel', 'Umschlag', 'C:\\git\\experiments\\watkins2_part1\\strand.jpg', 'C:\\git\\experiments\\watkins2_part1\\strand.jpg'), ('Ball', 'Flugzeug', 'C:\\git\\experiments\\watkins2_part1\\strand.jpg'), ('Katze', 'Topf', 'C:\\git\\experiments\\watkins2_part1\\strand.jpg'), ('Mütze', 'Fernseher', 'C:\\git\\experiments\\watkins2_part1\\berg.jpg'), ('Tee', 'Lampe', 'C:\\git\\experiments\\watkins2_part1\\wueste.jpg'), ('Wind', 'Bus', 'C:\\git\\experiments\\watkins2_part1\\wald.jpg', 'C:\\git\\experiments\\watkins2_part1\\wald.jpg'), ('Löffel', 'Orange', 'C:\\git\\experiments\\watkins2_part1\\wald.jpg'), ('Locher', 'Tasse', 'C:\\git\\experiments\\watkins2_part1\\berg.jpg'), ('Rasen', 'Würfel', 'C:\\git\\experiments\\watkins2_part1\\strand.jpg', 'C:\\git\\experiments\\watkins2_part1\\strand.jpg'), ('Boxen', 'Gitarre', 'C:\\git\\experiments\\watkins2_part1\\wald.jpg'), ('Auto', 'Müll', 'C:\\git\\experiments\\watkins2_part1\\strand.jpg'), ('Kamera', 'Sofa', 'C:\\git\\experiments\\watkins2_part1\\wald.jpg'), ('Traube', 'Limonade', 'C:\\git\\experiments\\watkins2_part1\\berg.jpg'), ('Staffelei', 'Dünger', 'C:\\git\\experiments\\watkins2_part1\\wueste.jpg', 'C:\\git\\experiments\\watkins2_part1\\wueste.jpg'), ('Kreisel', 'Leinwand', 'C:\\git\\experiments\\watkins2_part1\\wueste.jpg', 'C:\\git\\experiments\\watkins2_part1\\wueste.jpg'), ('Fahrrad', 'Säge', 'C:\\git\\experiments\\watkins2_part1\\wueste.jpg'), ('Pinsel', 'Kaninchen', 'C:\\git\\experiments\\watkins2_part1\\berg.jpg', 'C:\\git\\experiments\\watkins2_part1\\berg.jpg'), ('Schwester', 'Staub', 'C:\\git\\experiments\\watkins2_part1\\wueste.jpg', 'C:\\git\\experiments\\watkins2_part1\\wueste.jpg'), ('Heft', 'Puzzle', 'C:\\git\\experiments\\watkins2_part1\\berg.jpg', 'C:\\git\\experiments\\watkins2_part1\\berg.jpg'), ('Flöte', 'Wolke', 'C:\\git\\experiments\\watkins2_part1\\berg.jpg', 'C:\\git\\experiments\\watkins2_part1\\berg.jpg')]",387.237577999942,395.23245720006526,395.2506740000099,,395.25072330003604,395.26890920009464,395.26896549994126,None,None,,,387.244001199957,,,,,,147,2026-08-31_16h03.05.549,watkins2_part1,,2026.1.3,143.4345694217899,1,19,Weiblich,Muttersprache,Abitur,Psychologie,Bachelor,2026-08-31 16h03.06.194152 +0200,
11,0,11,,,,,,11,0,11,0,395.2715781000443,,,,,,,,,,,,,,,,,,,,,,,,,,,,395.26923869992606,395.7558977000881,,,,Locher,Tasse,,"['Locher', 'Tasse', 'C:\\git\\experiments\\watkins2_part1\\berg.jpg']",study_new,1,,,,,,,,,,,395.2690777000971,395.2691359000746,C:\git\experiments\watkins2_part1\berg.jpg,"[('Schnee', 'Nichte', 'C:\\git\\experiments\\watkins2_part1\\wald.jpg', 'C:\\git\\experiments\\watkins2_part1\\wald.jpg'), ('Kaffee', 'Skulptur', 'C:\\git\\experiments\\watkins2_part1\\strand.jpg', 'C:\\git\\experiments\\watkins2_part1\\strand.jpg'), ('Teller', 'Großvater', 'C:\\git\\experiments\\watkins2_part1\\wueste.jpg'), ('Laub', 'Schal', 'C:\\git\\experiments\\watkins2_part1\\wald.jpg', 'C:\\git\\experiments\\watkins2_part1\\wald.jpg'), ('Krümel', 'Umschlag', 'C:\\git\\experiments\\watkins2_part1\\strand.jpg', 'C:\\git\\experiments\\watkins2_part1\\strand.jpg'), ('Ball', 'Flugzeug', 'C:\\git\\experiments\\watkins2_part1\\strand.jpg'), ('Katze', 'Topf', 'C:\\git\\experiments\\watkins2_part1\\strand.jpg'), ('Mütze', 'Fernseher', 'C:\\git\\experiments\\watkins2_part1\\berg.jpg'), ('Tee', 'Lampe', 'C:\\git\\experiments\\watkins2_part1\\wueste.jpg'), ('Wind', 'Bus', 'C:\\git\\experiments\\watkins2_part1\\wald.jpg', 'C:\\git\\experiments\\watkins2_part1\\wald.jpg'), ('Löffel', 'Orange', 'C:\\git\\experiments\\watkins2_part1\\wald.jpg'), ('Locher', 'Tasse', 'C:\\git\\experiments\\watkins2_part1\\berg.jpg'), ('Rasen', 'Würfel', 'C:\\git\\experiments\\watkins2_part1\\strand.jpg', 'C:\\git\\experiments\\watkins2_part1\\strand.jpg'), ('Boxen', 'Gitarre', 'C:\\git\\experiments\\watkins2_part1\\wald.jpg'), ('Auto', 'Müll', 'C:\\git\\experiments\\watkins2_part1\\strand.jpg'), ('Kamera', 'Sofa', 'C:\\git\\experiments\\watkins2_part1\\wald.jpg'), ('Traube', 'Limonade', 'C:\\git\\experiments\\watkins2_part1\\berg.jpg'), ('Staffelei', 'Dünger', 'C:\\git\\experiments\\watkins2_part1\\wueste.jpg', 'C:\\git\\experiments\\watkins2_part1\\wueste.jpg'), ('Kreisel', 'Leinwand', 'C:\\git\\experiments\\watkins2_part1\\wueste.jpg', 'C:\\git\\experiments\\watkins2_part1\\wueste.jpg'), ('Fahrrad', 'Säge', 'C:\\git\\experiments\\watkins2_part1\\wueste.jpg'), ('Pinsel', 'Kaninchen', 'C:\\git\\experiments\\watkins2_part1\\berg.jpg', 'C:\\git\\experiments\\watkins2_part1\\berg.jpg'), ('Schwester', 'Staub', 'C:\\git\\experiments\\watkins2_part1\\wueste.jpg', 'C:\\git\\experiments\\watkins2_part1\\wueste.jpg'), ('Heft', 'Puzzle', 'C:\\git\\experiments\\watkins2_part1\\berg.jpg', 'C:\\git\\experiments\\watkins2_part1\\berg.jpg'), ('Flöte', 'Wolke', 'C:\\git\\experiments\\watkins2_part1\\berg.jpg', 'C:\\git\\experiments\\watkins2_part1\\berg.jpg')]",395.789351799991,403.7702564999927,403.8017003000714,,403.8017484000884,403.8329861999955,403.83304199995473,None,None,,,395.79293660004623,,,,,,147,2026-08-31_16h03.05.549,watkins2_part1,,2026.1.3,143.4345694217899,1,19,Weiblich,Muttersprache,Abitur,Psychologie,Bachelor,2026-08-31 16h03.06.194152 +0200,
12,0,12,,,,,,12,0,12,0,403.83623249991797,,,,,,,,,,,,,,,,,,,,,,,,,,,,403.8333151000552,404.3170620999299,,,,Rasen,Würfel,,"['Rasen', 'Würfel', 'C:\\git\\experiments\\watkins2_part1\\strand.jpg']",restudy,1,,,,,,,,,,,403.83315499988385,403.83321380009875,C:\git\experiments\watkins2_part1\strand.jpg,"[('Schnee', 'Nichte', 'C:\\git\\experiments\\watkins2_part1\\wald.jpg', 'C:\\git\\experiments\\watkins2_part1\\wald.jpg'), ('Kaffee', 'Skulptur', 'C:\\git\\experiments\\watkins2_part1\\strand.jpg', 'C:\\git\\experiments\\watkins2_part1\\strand.jpg'), ('Teller', 'Großvater', 'C:\\git\\experiments\\watkins2_part1\\wueste.jpg'), ('Laub', 'Schal', 'C:\\git\\experiments\\watkins2_part1\\wald.jpg', 'C:\\git\\experiments\\watkins2_part1\\wald.jpg'), ('Krümel', 'Umschlag', 'C:\\git\\experiments\\watkins2_part1\\strand.jpg', 'C:\\git\\experiments\\watkins2_part1\\strand.jpg'), ('Ball', 'Flugzeug', 'C:\\git\\experiments\\watkins2_part1\\strand.jpg'), ('Katze', 'Topf', 'C:\\git\\experiments\\watkins2_part1\\strand.jpg'), ('Mütze', 'Fernseher', 'C:\\git\\experiments\\watkins2_part1\\berg.jpg'), ('Tee', 'Lampe', 'C:\\git\\experiments\\watkins2_part1\\wueste.jpg'), ('Wind', 'Bus', 'C:\\git\\experiments\\watkins2_part1\\wald.jpg', 'C:\\git\\experiments\\watkins2_part1\\wald.jpg'), ('Löffel', 'Orange', 'C:\\git\\experiments\\watkins2_part1\\wald.jpg'), ('Locher', 'Tasse', 'C:\\git\\experiments\\watkins2_part1\\berg.jpg'), ('Rasen', 'Würfel', 'C:\\git\\experiments\\watkins2_part1\\strand.jpg', 'C:\\git\\experiments\\watkins2_part1\\strand.jpg'), ('Boxen', 'Gitarre', 'C:\\git\\experiments\\watkins2_part1\\wald.jpg'), ('Auto', 'Müll', 'C:\\git\\experiments\\watkins2_part1\\strand.jpg'), ('Kamera', 'Sofa', 'C:\\git\\experiments\\watkins2_part1\\wald.jpg'), ('Traube', 'Limonade', 'C:\\git\\experiments\\watkins2_part1\\berg.jpg'), ('Staffelei', 'Dünger', 'C:\\git\\experiments\\watkins2_part1\\wueste.jpg', 'C:\\git\\experiments\\watkins2_part1\\wueste.jpg'), ('Kreisel', 'Leinwand', 'C:\\git\\experiments\\watkins2_part1\\wueste.jpg', 'C:\\git\\experiments\\watkins2_part1\\wueste.jpg'), ('Fahrrad', 'Säge', 'C:\\git\\experiments\\watkins2_part1\\wueste.jpg'), ('Pinsel', 'Kaninchen', 'C:\\git\\experiments\\watkins2_part1\\berg.jpg', 'C:\\git\\experiments\\watkins2_part1\\berg.jpg'), ('Schwester', 'Staub', 'C:\\git\\experiments\\watkins2_part1\\wueste.jpg', 'C:\\git\\experiments\\watkins2_part1\\wueste.jpg'), ('Heft', 'Puzzle', 'C:\\git\\experiments\\watkins2_part1\\berg.jpg', 'C:\\git\\experiments\\watkins2_part1\\berg.jpg'), ('Flöte', 'Wolke', 'C:\\git\\experiments\\watkins2_part1\\berg.jpg', 'C:\\git\\experiments\\watkins2_part1\\berg.jpg')]",404.3318169999402,404.33186580007896,404.347280099988,404.3516057000961,412.3324283999391,412.34537340002134,412.3454324998893,None,None,,,,,,,,,147,2026-08-31_16h03.05.549,watkins2_part1,,2026.1.3,143.4345694217899,1,19,Weiblich,Muttersprache,Abitur,Psychologie,Bachelor,2026-08-31 16h03.06.194152 +0200,
13,0,13,,,,,,13,0,13,0,412.3483619999606,,,,,,,,,,,,,,,,,,,,,,,,,,,,412.3457146000583,412.8305744000245,,,,Boxen,Gitarre,,"['Boxen', 'Gitarre', 'C:\\git\\experiments\\watkins2_part1\\wald.jpg']",study_new,1,,,,,,,,,,,412.3455473999493,412.34560570004396,C:\git\experiments\watkins2_part1\wald.jpg,"[('Schnee', 'Nichte', 'C:\\git\\experiments\\watkins2_part1\\wald.jpg', 'C:\\git\\experiments\\watkins2_part1\\wald.jpg'), ('Kaffee', 'Skulptur', 'C:\\git\\experiments\\watkins2_part1\\strand.jpg', 'C:\\git\\experiments\\watkins2_part1\\strand.jpg'), ('Teller', 'Großvater', 'C:\\git\\experiments\\watkins2_part1\\wueste.jpg'), ('Laub', 'Schal', 'C:\\git\\experiments\\watkins2_part1\\wald.jpg', 'C:\\git\\experiments\\watkins2_part1\\wald.jpg'), ('Krümel', 'Umschlag', 'C:\\git\\experiments\\watkins2_part1\\strand.jpg', 'C:\\git\\experiments\\watkins2_part1\\strand.jpg'), ('Ball', 'Flugzeug', 'C:\\git\\experiments\\watkins2_part1\\strand.jpg'), ('Katze', 'Topf', 'C:\\git\\experiments\\watkins2_part1\\strand.jpg'), ('Mütze', 'Fernseher', 'C:\\git\\experiments\\watkins2_part1\\berg.jpg'), ('Tee', 'Lampe', 'C:\\git\\experiments\\watkins2_part1\\wueste.jpg'), ('Wind', 'Bus', 'C:\\git\\experiments\\watkins2_part1\\wald.jpg', 'C:\\git\\experiments\\watkins2_part1\\wald.jpg'), ('Löffel', 'Orange', 'C:\\git\\experiments\\watkins2_part1\\wald.jpg'), ('Locher', 'Tasse', 'C:\\git\\experiments\\watkins2_part1\\berg.jpg'), ('Rasen', 'Würfel', 'C:\\git\\experiments\\watkins2_part1\\strand.jpg', 'C:\\git\\experiments\\watkins2_part1\\strand.jpg'), ('Boxen', 'Gitarre', 'C:\\git\\experiments\\watkins2_part1\\wald.jpg'), ('Auto', 'Müll', 'C:\\git\\experiments\\watkins2_part1\\strand.jpg'), ('Kamera', 'Sofa', 'C:\\git\\experiments\\watkins2_part1\\wald.jpg'), ('Traube', 'Limonade', 'C:\\git\\experiments\\watkins2_part1\\berg.jpg'), ('Staffelei', 'Dünger', 'C:\\git\\experiments\\watkins2_part1\\wueste.jpg', 'C:\\git\\experiments\\watkins2_part1\\wueste.jpg'), ('Kreisel', 'Leinwand', 'C:\\git\\experiments\\watkins2_part1\\wueste.jpg', 'C:\\git\\experiments\\watkins2_part1\\wueste.jpg'), ('Fahrrad', 'Säge', 'C:\\git\\experiments\\watkins2_part1\\wueste.jpg'), ('Pinsel', 'Kaninchen', 'C:\\git\\experiments\\watkins2_part1\\berg.jpg', 'C:\\git\\experiments\\watkins2_part1\\berg.jpg'), ('Schwester', 'Staub', 'C:\\git\\experiments\\watkins2_part1\\wueste.jpg', 'C:\\git\\experiments\\watkins2_part1\\wueste.jpg'), ('Heft', 'Puzzle', 'C:\\git\\experiments\\watkins2_part1\\berg.jpg', 'C:\\git\\experiments\\watkins2_part1\\berg.jpg'), ('Flöte', 'Wolke', 'C:\\git\\experiments\\watkins2_part1\\berg.jpg', 'C:\\git\\experiments\\watkins2_part1\\berg.jpg')]",412.85076449997723,420.84895420004614,420.868634799961,,420.8686838001013,420.88814290007576,420.88819850003347,None,None,,,412.8539390999358,,,,,,147,2026-08-31_16h03.05.549,watkins2_part1,,2026.1.3,143.4345694217899,1,19,Weiblich,Muttersprache,Abitur,Psychologie,Bachelor,2026-08-31 16h03.06.194152 +0200,
14,0,14,,,,,,14,0,14,0,420.8940393999219,,,,,,,,,,,,,,,,,,,,,,,,,,,,420.88847019989043,421.37482600007206,,,,Auto,Müll,,"['Auto', 'Müll', 'C:\\git\\experiments\\watkins2_part1\\strand.jpg']",study_new,1,,,,,,,,,,,420.88831029995345,420.8883684000466,C:\git\experiments\watkins2_part1\strand.jpg,"[('Schnee', 'Nichte', 'C:\\git\\experiments\\watkins2_part1\\wald.jpg', 'C:\\git\\experiments\\watkins2_part1\\wald.jpg'), ('Kaffee', 'Skulptur', 'C:\\git\\experiments\\watkins2_part1\\strand.jpg', 'C:\\git\\experiments\\watkins2_part1\\strand.jpg'), ('Teller', 'Großvater', 'C:\\git\\experiments\\watkins2_part1\\wueste.jpg'), ('Laub', 'Schal', 'C:\\git\\experiments\\watkins2_part1\\wald.jpg', 'C:\\git\\experiments\\watkins2_part1\\wald.jpg'), ('Krümel', 'Umschlag', 'C:\\git\\experiments\\watkins2_part1\\strand.jpg', 'C:\\git\\experiments\\watkins2_part1\\strand.jpg'), ('Ball', 'Flugzeug', 'C:\\git\\experiments\\watkins2_part1\\strand.jpg'), ('Katze', 'Topf', 'C:\\git\\experiments\\watkins2_part1\\strand.jpg'), ('Mütze', 'Fernseher', 'C:\\git\\experiments\\watkins2_part1\\berg.jpg'), ('Tee', 'Lampe', 'C:\\git\\experiments\\watkins2_part1\\wueste.jpg'), ('Wind', 'Bus', 'C:\\git\\experiments\\watkins2_part1\\wald.jpg', 'C:\\git\\experiments\\watkins2_part1\\wald.jpg'), ('Löffel', 'Orange', 'C:\\git\\experiments\\watkins2_part1\\wald.jpg'), ('Locher', 'Tasse', 'C:\\git\\experiments\\watkins2_part1\\berg.jpg'), ('Rasen', 'Würfel', 'C:\\git\\experiments\\watkins2_part1\\strand.jpg', 'C:\\git\\experiments\\watkins2_part1\\strand.jpg'), ('Boxen', 'Gitarre', 'C:\\git\\experiments\\watkins2_part1\\wald.jpg'), ('Auto', 'Müll', 'C:\\git\\experiments\\watkins2_part1\\strand.jpg'), ('Kamera', 'Sofa', 'C:\\git\\experiments\\watkins2_part1\\wald.jpg'), ('Traube', 'Limonade', 'C:\\git\\experiments\\watkins2_part1\\berg.jpg'), ('Staffelei', 'Dünger', 'C:\\git\\experiments\\watkins2_part1\\wueste.jpg', 'C:\\git\\experiments\\watkins2_part1\\wueste.jpg'), ('Kreisel', 'Leinwand', 'C:\\git\\experiments\\watkins2_part1\\wueste.jpg', 'C:\\git\\experiments\\watkins2_part1\\wueste.jpg'), ('Fahrrad', 'Säge', 'C:\\git\\experiments\\watkins2_part1\\wueste.jpg'), ('Pinsel', 'Kaninchen', 'C:\\git\\experiments\\watkins2_part1\\berg.jpg', 'C:\\git\\experiments\\watkins2_part1\\berg.jpg'), ('Schwester', 'Staub', 'C:\\git\\experiments\\watkins2_part1\\wueste.jpg', 'C:\\git\\experiments\\watkins2_part1\\wueste.jpg'), ('Heft', 'Puzzle', 'C:\\git\\experiments\\watkins2_part1\\berg.jpg', 'C:\\git\\experiments\\watkins2_part1\\berg.jpg'), ('Flöte', 'Wolke', 'C:\\git\\experiments\\watkins2_part1\\berg.jpg', 'C:\\git\\experiments\\watkins2_part1\\berg.jpg')]",421.38859979994595,429.38980829995126,429.4046451000031,,429.4046930000186,429.4191016999539,429.4191570999101,None,None,,,421.39308609999716,,,,,,147,2026-08-31_16h03.05.549,watkins2_part1,,2026.1.3,143.4345694217899,1,19,Weiblich,Muttersprache,Abitur,Psychologie,Bachelor,2026-08-31 16h03.06.194152 +0200,
15,0,15,,,,,,15,0,15,0,429.42418109998107,,,,,,,,,,,,,,,,,,,,,,,,,,,,429.4194332999177,429.9020495999139,,,,Kamera,Sofa,,"['Kamera', 'Sofa', 'C:\\git\\experiments\\watkins2_part1\\wald.jpg']",study_new,1,,,,,,,,,,,429.41927339998074,429.4193313000724,C:\git\experiments\watkins2_part1\wald.jpg,"[('Schnee', 'Nichte', 'C:\\git\\experiments\\watkins2_part1\\wald.jpg', 'C:\\git\\experiments\\watkins2_part1\\wald.jpg'), ('Kaffee', 'Skulptur', 'C:\\git\\experiments\\watkins2_part1\\strand.jpg', 'C:\\git\\experiments\\watkins2_part1\\strand.jpg'), ('Teller', 'Großvater', 'C:\\git\\experiments\\watkins2_part1\\wueste.jpg'), ('Laub', 'Schal', 'C:\\git\\experiments\\watkins2_part1\\wald.jpg', 'C:\\git\\experiments\\watkins2_part1\\wald.jpg'), ('Krümel', 'Umschlag', 'C:\\git\\experiments\\watkins2_part1\\strand.jpg', 'C:\\git\\experiments\\watkins2_part1\\strand.jpg'), ('Ball', 'Flugzeug', 'C:\\git\\experiments\\watkins2_part1\\strand.jpg'), ('Katze', 'Topf', 'C:\\git\\experiments\\watkins2_part1\\strand.jpg'), ('Mütze', 'Fernseher', 'C:\\git\\experiments\\watkins2_part1\\berg.jpg'), ('Tee', 'Lampe', 'C:\\git\\experiments\\watkins2_part1\\wueste.jpg'), ('Wind', 'Bus', 'C:\\git\\experiments\\watkins2_part1\\wald.jpg', 'C:\\git\\experiments\\watkins2_part1\\wald.jpg'), ('Löffel', 'Orange', 'C:\\git\\experiments\\watkins2_part1\\wald.jpg'), ('Locher', 'Tasse', 'C:\\git\\experiments\\watkins2_part1\\berg.jpg'), ('Rasen', 'Würfel', 'C:\\git\\experiments\\watkins2_part1\\strand.jpg', 'C:\\git\\experiments\\watkins2_part1\\strand.jpg'), ('Boxen', 'Gitarre', 'C:\\git\\experiments\\watkins2_part1\\wald.jpg'), ('Auto', 'Müll', 'C:\\git\\experiments\\watkins2_part1\\strand.jpg'), ('Kamera', 'Sofa', 'C:\\git\\experiments\\watkins2_part1\\wald.jpg'), ('Traube', 'Limonade', 'C:\\git\\experiments\\watkins2_part1\\berg.jpg'), ('Staffelei', 'Dünger', 'C:\\git\\experiments\\watkins2_part1\\wueste.jpg', 'C:\\git\\experiments\\watkins2_part1\\wueste.jpg'), ('Kreisel', 'Leinwand', 'C:\\git\\experiments\\watkins2_part1\\wueste.jpg', 'C:\\git\\experiments\\watkins2_part1\\wueste.jpg'), ('Fahrrad', 'Säge', 'C:\\git\\experiments\\watkins2_part1\\wueste.jpg'), ('Pinsel', 'Kaninchen', 'C:\\git\\experiments\\watkins2_part1\\berg.jpg', 'C:\\git\\experiments\\watkins2_part1\\berg.jpg'), ('Schwester', 'Staub', 'C:\\git\\experiments\\watkins2_part1\\wueste.jpg', 'C:\\git\\experiments\\watkins2_part1\\wueste.jpg'), ('Heft', 'Puzzle', 'C:\\git\\experiments\\watkins2_part1\\berg.jpg', 'C:\\git\\experiments\\watkins2_part1\\berg.jpg'), ('Flöte', 'Wolke', 'C:\\git\\experiments\\watkins2_part1\\berg.jpg', 'C:\\git\\experiments\\watkins2_part1\\berg.jpg')]",429.9218599998858,437.9197289000731,437.93935099989176,,437.93939969991334,437.9592832000926,437.95933949993923,None,None,,,429.9285814000759,,,,,,147,2026-08-31_16h03.05.549,watkins2_part1,,2026.1.3,143.4345694217899,1,19,Weiblich,Muttersprache,Abitur,Psychologie,Bachelor,2026-08-31 16h03.06.194152 +0200,
16,0,16,,,,,,16,0,16,0,437.9651800999418,,,,,,,,,,,,,,,,,,,,,,,,,,,,437.9596180000808,438.4466210999526,,,,Traube,Limonade,,"['Traube', 'Limonade', 'C:\\git\\experiments\\watkins2_part1\\berg.jpg']",study_new,1,,,,,,,,,,,437.9594574999064,437.95951609988697,C:\git\experiments\watkins2_part1\berg.jpg,"[('Schnee', 'Nichte', 'C:\\git\\experiments\\watkins2_part1\\wald.jpg', 'C:\\git\\experiments\\watkins2_part1\\wald.jpg'), ('Kaffee', 'Skulptur', 'C:\\git\\experiments\\watkins2_part1\\strand.jpg', 'C:\\git\\experiments\\watkins2_part1\\strand.jpg'), ('Teller', 'Großvater', 'C:\\git\\experiments\\watkins2_part1\\wueste.jpg'), ('Laub', 'Schal', 'C:\\git\\experiments\\watkins2_part1\\wald.jpg', 'C:\\git\\experiments\\watkins2_part1\\wald.jpg'), ('Krümel', 'Umschlag', 'C:\\git\\experiments\\watkins2_part1\\strand.jpg', 'C:\\git\\experiments\\watkins2_part1\\strand.jpg'), ('Ball', 'Flugzeug', 'C:\\git\\experiments\\watkins2_part1\\strand.jpg'), ('Katze', 'Topf', 'C:\\git\\experiments\\watkins2_part1\\strand.jpg'), ('Mütze', 'Fernseher', 'C:\\git\\experiments\\watkins2_part1\\berg.jpg'), ('Tee', 'Lampe', 'C:\\git\\experiments\\watkins2_part1\\wueste.jpg'), ('Wind', 'Bus', 'C:\\git\\experiments\\watkins2_part1\\wald.jpg', 'C:\\git\\experiments\\watkins2_part1\\wald.jpg'), ('Löffel', 'Orange', 'C:\\git\\experiments\\watkins2_part1\\wald.jpg'), ('Locher', 'Tasse', 'C:\\git\\experiments\\watkins2_part1\\berg.jpg'), ('Rasen', 'Würfel', 'C:\\git\\experiments\\watkins2_part1\\strand.jpg', 'C:\\git\\experiments\\watkins2_part1\\strand.jpg'), ('Boxen', 'Gitarre', 'C:\\git\\experiments\\watkins2_part1\\wald.jpg'), ('Auto', 'Müll', 'C:\\git\\experiments\\watkins2_part1\\strand.jpg'), ('Kamera', 'Sofa', 'C:\\git\\experiments\\watkins2_part1\\wald.jpg'), ('Traube', 'Limonade', 'C:\\git\\experiments\\watkins2_part1\\berg.jpg'), ('Staffelei', 'Dünger', 'C:\\git\\experiments\\watkins2_part1\\wueste.jpg', 'C:\\git\\experiments\\watkins2_part1\\wueste.jpg'), ('Kreisel', 'Leinwand', 'C:\\git\\experiments\\watkins2_part1\\wueste.jpg', 'C:\\git\\experiments\\watkins2_part1\\wueste.jpg'), ('Fahrrad', 'Säge', 'C:\\git\\experiments\\watkins2_part1\\wueste.jpg'), ('Pinsel', 'Kaninchen', 'C:\\git\\experiments\\watkins2_part1\\berg.jpg', 'C:\\git\\experiments\\watkins2_part1\\berg.jpg'), ('Schwester', 'Staub', 'C:\\git\\experiments\\watkins2_part1\\wueste.jpg', 'C:\\git\\experiments\\watkins2_part1\\wueste.jpg'), ('Heft', 'Puzzle', 'C:\\git\\experiments\\watkins2_part1\\berg.jpg', 'C:\\git\\experiments\\watkins2_part1\\berg.jpg'), ('Flöte', 'Wolke', 'C:\\git\\experiments\\watkins2_part1\\berg.jpg', 'C:\\git\\experiments\\watkins2_part1\\berg.jpg')]",438.4773134000134,446.46355260000564,446.49517080001533,,446.49521890003234,446.52742070006207,446.52747579989955,None,None,,,438.4840033000801,,,,,,147,2026-08-31_16h03.05.549,watkins2_part1,,2026.1.3,143.4345694217899,1,19,Weiblich,Muttersprache,Abitur,Psychologie,Bachelor,2026-08-31 16h03.06.194152 +0200,
17,0,17,,,,,,17,0,17,0,446.5325913000852,,,,,,,,,,,,,,,,,,,,,,,,,,,,446.52775090001523,447.01558110001497,,,,Staffelei,Dünger,,"['Staffelei', 'Dünger', 'C:\\git\\experiments\\watkins2_part1\\wueste.jpg']",restudy,1,,,,,,,,,,,446.5275922000874,446.52765069995075,C:\git\experiments\watkins2_part1\wueste.jpg,"[('Schnee', 'Nichte', 'C:\\git\\experiments\\watkins2_part1\\wald.jpg', 'C:\\git\\experiments\\watkins2_part1\\wald.jpg'), ('Kaffee', 'Skulptur', 'C:\\git\\experiments\\watkins2_part1\\strand.jpg', 'C:\\git\\experiments\\watkins2_part1\\strand.jpg'), ('Teller', 'Großvater', 'C:\\git\\experiments\\watkins2_part1\\wueste.jpg'), ('Laub', 'Schal', 'C:\\git\\experiments\\watkins2_part1\\wald.jpg', 'C:\\git\\experiments\\watkins2_part1\\wald.jpg'), ('Krümel', 'Umschlag', 'C:\\git\\experiments\\watkins2_part1\\strand.jpg', 'C:\\git\\experiments\\watkins2_part1\\strand.jpg'), ('Ball', 'Flugzeug', 'C:\\git\\experiments\\watkins2_part1\\strand.jpg'), ('Katze', 'Topf', 'C:\\git\\experiments\\watkins2_part1\\strand.jpg'), ('Mütze', 'Fernseher', 'C:\\git\\experiments\\watkins2_part1\\berg.jpg'), ('Tee', 'Lampe', 'C:\\git\\experiments\\watkins2_part1\\wueste.jpg'), ('Wind', 'Bus', 'C:\\git\\experiments\\watkins2_part1\\wald.jpg', 'C:\\git\\experiments\\watkins2_part1\\wald.jpg'), ('Löffel', 'Orange', 'C:\\git\\experiments\\watkins2_part1\\wald.jpg'), ('Locher', 'Tasse', 'C:\\git\\experiments\\watkins2_part1\\berg.jpg'), ('Rasen', 'Würfel', 'C:\\git\\experiments\\watkins2_part1\\strand.jpg', 'C:\\git\\experiments\\watkins2_part1\\strand.jpg'), ('Boxen', 'Gitarre', 'C:\\git\\experiments\\watkins2_part1\\wald.jpg'), ('Auto', 'Müll', 'C:\\git\\experiments\\watkins2_part1\\strand.jpg'), ('Kamera', 'Sofa', 'C:\\git\\experiments\\watkins2_part1\\wald.jpg'), ('Traube', 'Limonade', 'C:\\git\\experiments\\watkins2_part1\\berg.jpg'), ('Staffelei', 'Dünger', 'C:\\git\\experiments\\watkins2_part1\\wueste.jpg', 'C:\\git\\experiments\\watkins2_part1\\wueste.jpg'), ('Kreisel', 'Leinwand', 'C:\\git\\experiments\\watkins2_part1\\wueste.jpg', 'C:\\git\\experiments\\watkins2_part1\\wueste.jpg'), ('Fahrrad', 'Säge', 'C:\\git\\experiments\\watkins2_part1\\wueste.jpg'), ('Pinsel', 'Kaninchen', 'C:\\git\\experiments\\watkins2_part1\\berg.jpg', 'C:\\git\\experiments\\watkins2_part1\\berg.jpg'), ('Schwester', 'Staub', 'C:\\git\\experiments\\watkins2_part1\\wueste.jpg', 'C:\\git\\experiments\\watkins2_part1\\wueste.jpg'), ('Heft', 'Puzzle', 'C:\\git\\experiments\\watkins2_part1\\berg.jpg', 'C:\\git\\experiments\\watkins2_part1\\berg.jpg'), ('Flöte', 'Wolke', 'C:\\git\\experiments\\watkins2_part1\\berg.jpg', 'C:\\git\\experiments\\watkins2_part1\\berg.jpg')]",447.03679329995066,447.0368423999753,447.0595336998813,447.0655962000601,455.0438441999722,455.06264139991254,455.06269809999503,None,None,,,,,,,,,147,2026-08-31_16h03.05.549,watkins2_part1,,2026.1.3,143.4345694217899,1,19,Weiblich,Muttersprache,Abitur,Psychologie,Bachelor,2026-08-31 16h03.06.194152 +0200,
18,0,18,,,,,,18,0,18,0,455.0676516999956,,,,,,,,,,,,,,,,,,,,,,,,,,,,455.0629700999707,455.55084139993414,,,,Kreisel,Leinwand,,"['Kreisel', 'Leinwand', 'C:\\git\\experiments\\watkins2_part1\\wueste.jpg']",restudy,1,,,,,,,,,,,455.06281029991806,455.0628686998971,C:\git\experiments\watkins2_part1\wueste.jpg,"[('Schnee', 'Nichte', 'C:\\git\\experiments\\watkins2_part1\\wald.jpg', 'C:\\git\\experiments\\watkins2_part1\\wald.jpg'), ('Kaffee', 'Skulptur', 'C:\\git\\experiments\\watkins2_part1\\strand.jpg', 'C:\\git\\experiments\\watkins2_part1\\strand.jpg'), ('Teller', 'Großvater', 'C:\\git\\experiments\\watkins2_part1\\wueste.jpg'), ('Laub', 'Schal', 'C:\\git\\experiments\\watkins2_part1\\wald.jpg', 'C:\\git\\experiments\\watkins2_part1\\wald.jpg'), ('Krümel', 'Umschlag', 'C:\\git\\experiments\\watkins2_part1\\strand.jpg', 'C:\\git\\experiments\\watkins2_part1\\strand.jpg'), ('Ball', 'Flugzeug', 'C:\\git\\experiments\\watkins2_part1\\strand.jpg'), ('Katze', 'Topf', 'C:\\git\\experiments\\watkins2_part1\\strand.jpg'), ('Mütze', 'Fernseher', 'C:\\git\\experiments\\watkins2_part1\\berg.jpg'), ('Tee', 'Lampe', 'C:\\git\\experiments\\watkins2_part1\\wueste.jpg'), ('Wind', 'Bus', 'C:\\git\\experiments\\watkins2_part1\\wald.jpg', 'C:\\git\\experiments\\watkins2_part1\\wald.jpg'), ('Löffel', 'Orange', 'C:\\git\\experiments\\watkins2_part1\\wald.jpg'), ('Locher', 'Tasse', 'C:\\git\\experiments\\watkins2_part1\\berg.jpg'), ('Rasen', 'Würfel', 'C:\\git\\experiments\\watkins2_part1\\strand.jpg', 'C:\\git\\experiments\\watkins2_part1\\strand.jpg'), ('Boxen', 'Gitarre', 'C:\\git\\experiments\\watkins2_part1\\wald.jpg'), ('Auto', 'Müll', 'C:\\git\\experiments\\watkins2_part1\\strand.jpg'), ('Kamera', 'Sofa', 'C:\\git\\experiments\\watkins2_part1\\wald.jpg'), ('Traube', 'Limonade', 'C:\\git\\experiments\\watkins2_part1\\berg.jpg'), ('Staffelei', 'Dünger', 'C:\\git\\experiments\\watkins2_part1\\wueste.jpg', 'C:\\git\\experiments\\watkins2_part1\\wueste.jpg'), ('Kreisel', 'Leinwand', 'C:\\git\\experiments\\watkins2_part1\\wueste.jpg', 'C:\\git\\experiments\\watkins2_part1\\wueste.jpg'), ('Fahrrad', 'Säge', 'C:\\git\\experiments\\watkins2_part1\\wueste.jpg'), ('Pinsel', 'Kaninchen', 'C:\\git\\experiments\\watkins2_part1\\berg.jpg', 'C:\\git\\experiments\\watkins2_part1\\berg.jpg'), ('Schwester', 'Staub', 'C:\\git\\experiments\\watkins2_part1\\wueste.jpg', 'C:\\git\\experiments\\watkins2_part1\\wueste.jpg'), ('Heft', 'Puzzle', 'C:\\git\\experiments\\watkins2_part1\\berg.jpg', 'C:\\git\\experiments\\watkins2_part1\\berg.jpg'), ('Flöte', 'Wolke', 'C:\\git\\experiments\\watkins2_part1\\berg.jpg', 'C:\\git\\experiments\\watkins2_part1\\berg.jpg')]",455.56708070007153,455.5671272999607,455.5867844000459,455.5918644000776,463.5685990001075,463.58356150006875,463.5836175000295,None,None,,,,,,,,,147,2026-08-31_16h03.05.549,watkins2_part1,,2026.1.3,143.4345694217899,1,19,Weiblich,Muttersprache,Abitur,Psychologie,Bachelor,2026-08-31 16h03.06.194152 +0200,
19,0,19,,,,,,19,0,19,0,463.58851399994455,,,,,,,,,,,,,,,,,,,,,,,,,,,,463.58388849999756,464.0670837999787,,,,Fahrrad,Säge,,"['Fahrrad', 'Säge', 'C:\\git\\experiments\\watkins2_part1\\wueste.jpg']",study_new,1,,,,,,,,,,,463.5837310999632,463.58378889993764,C:\git\experiments\watkins2_part1\wueste.jpg,"[('Schnee', 'Nichte', 'C:\\git\\experiments\\watkins2_part1\\wald.jpg', 'C:\\git\\experiments\\watkins2_part1\\wald.jpg'), ('Kaffee', 'Skulptur', 'C:\\git\\experiments\\watkins2_part1\\strand.jpg', 'C:\\git\\experiments\\watkins2_part1\\strand.jpg'), ('Teller', 'Großvater', 'C:\\git\\experiments\\watkins2_part1\\wueste.jpg'), ('Laub', 'Schal', 'C:\\git\\experiments\\watkins2_part1\\wald.jpg', 'C:\\git\\experiments\\watkins2_part1\\wald.jpg'), ('Krümel', 'Umschlag', 'C:\\git\\experiments\\watkins2_part1\\strand.jpg', 'C:\\git\\experiments\\watkins2_part1\\strand.jpg'), ('Ball', 'Flugzeug', 'C:\\git\\experiments\\watkins2_part1\\strand.jpg'), ('Katze', 'Topf', 'C:\\git\\experiments\\watkins2_part1\\strand.jpg'), ('Mütze', 'Fernseher', 'C:\\git\\experiments\\watkins2_part1\\berg.jpg'), ('Tee', 'Lampe', 'C:\\git\\experiments\\watkins2_part1\\wueste.jpg'), ('Wind', 'Bus', 'C:\\git\\experiments\\watkins2_part1\\wald.jpg', 'C:\\git\\experiments\\watkins2_part1\\wald.jpg'), ('Löffel', 'Orange', 'C:\\git\\experiments\\watkins2_part1\\wald.jpg'), ('Locher', 'Tasse', 'C:\\git\\experiments\\watkins2_part1\\berg.jpg'), ('Rasen', 'Würfel', 'C:\\git\\experiments\\watkins2_part1\\strand.jpg', 'C:\\git\\experiments\\watkins2_part1\\strand.jpg'), ('Boxen', 'Gitarre', 'C:\\git\\experiments\\watkins2_part1\\wald.jpg'), ('Auto', 'Müll', 'C:\\git\\experiments\\watkins2_part1\\strand.jpg'), ('Kamera', 'Sofa', 'C:\\git\\experiments\\watkins2_part1\\wald.jpg'), ('Traube', 'Limonade', 'C:\\git\\experiments\\watkins2_part1\\berg.jpg'), ('Staffelei', 'Dünger', 'C:\\git\\experiments\\watkins2_part1\\wueste.jpg', 'C:\\git\\experiments\\watkins2_part1\\wueste.jpg'), ('Kreisel', 'Leinwand', 'C:\\git\\experiments\\watkins2_part1\\wueste.jpg', 'C:\\git\\experiments\\watkins2_part1\\wueste.jpg'), ('Fahrrad', 'Säge', 'C:\\git\\experiments\\watkins2_part1\\wueste.jpg'), ('Pinsel', 'Kaninchen', 'C:\\git\\experiments\\watkins2_part1\\berg.jpg', 'C:\\git\\experiments\\watkins2_part1\\berg.jpg'), ('Schwester', 'Staub', 'C:\\git\\experiments\\watkins2_part1\\wueste.jpg', 'C:\\git\\experiments\\watkins2_part1\\wueste.jpg'), ('Heft', 'Puzzle', 'C:\\git\\experiments\\watkins2_part1\\berg.jpg', 'C:\\git\\experiments\\watkins2_part1\\berg.jpg'), ('Flöte', 'Wolke', 'C:\\git\\experiments\\watkins2_part1\\berg.jpg', 'C:\\git\\experiments\\watkins2_part1\\berg.jpg')]",464.0843185998965,472.0891354000196,472.1050046000164,,472.105053700041,472.12079679989256,472.12085360009223,None,None,,,464.0883277000394,,,,,,147,2026-08-31_16h03.05.549,watkins2_part1,,2026.1.3,143.4345694217899,1,19,Weiblich,Muttersprache,Abitur,Psychologie,Bachelor,2026-08-31 16h03.06.194152 +0200,
20,0,20,,,,,,20,0,20,0,472.1249609000515,,,,,,,,,,,,,,,,,,,,,,,,,,,,472.121127899969,472.6051366000902,,,,Pinsel,Kaninchen,,"['Pinsel', 'Kaninchen', 'C:\\git\\experiments\\watkins2_part1\\berg.jpg']",restudy,1,,,,,,,,,,,472.12096660002135,472.12102529988624,C:\git\experiments\watkins2_part1\berg.jpg,"[('Schnee', 'Nichte', 'C:\\git\\experiments\\watkins2_part1\\wald.jpg', 'C:\\git\\experiments\\watkins2_part1\\wald.jpg'), ('Kaffee', 'Skulptur', 'C:\\git\\experiments\\watkins2_part1\\strand.jpg', 'C:\\git\\experiments\\watkins2_part1\\strand.jpg'), ('Teller', 'Großvater', 'C:\\git\\experiments\\watkins2_part1\\wueste.jpg'), ('Laub', 'Schal', 'C:\\git\\experiments\\watkins2_part1\\wald.jpg', 'C:\\git\\experiments\\watkins2_part1\\wald.jpg'), ('Krümel', 'Umschlag', 'C:\\git\\experiments\\watkins2_part1\\strand.jpg', 'C:\\git\\experiments\\watkins2_part1\\strand.jpg'), ('Ball', 'Flugzeug', 'C:\\git\\experiments\\watkins2_part1\\strand.jpg'), ('Katze', 'Topf', 'C:\\git\\experiments\\watkins2_part1\\strand.jpg'), ('Mütze', 'Fernseher', 'C:\\git\\experiments\\watkins2_part1\\berg.jpg'), ('Tee', 'Lampe', 'C:\\git\\experiments\\watkins2_part1\\wueste.jpg'), ('Wind', 'Bus', 'C:\\git\\experiments\\watkins2_part1\\wald.jpg', 'C:\\git\\experiments\\watkins2_part1\\wald.jpg'), ('Löffel', 'Orange', 'C:\\git\\experiments\\watkins2_part1\\wald.jpg'), ('Locher', 'Tasse', 'C:\\git\\experiments\\watkins2_part1\\berg.jpg'), ('Rasen', 'Würfel', 'C:\\git\\experiments\\watkins2_part1\\strand.jpg', 'C:\\git\\experiments\\watkins2_part1\\strand.jpg'), ('Boxen', 'Gitarre', 'C:\\git\\experiments\\watkins2_part1\\wald.jpg'), ('Auto', 'Müll', 'C:\\git\\experiments\\watkins2_part1\\strand.jpg'), ('Kamera', 'Sofa', 'C:\\git\\experiments\\watkins2_part1\\wald.jpg'), ('Traube', 'Limonade', 'C:\\git\\experiments\\watkins2_part1\\berg.jpg'), ('Staffelei', 'Dünger', 'C:\\git\\experiments\\watkins2_part1\\wueste.jpg', 'C:\\git\\experiments\\watkins2_part1\\wueste.jpg'), ('Kreisel', 'Leinwand', 'C:\\git\\experiments\\watkins2_part1\\wueste.jpg', 'C:\\git\\experiments\\watkins2_part1\\wueste.jpg'), ('Fahrrad', 'Säge', 'C:\\git\\experiments\\watkins2_part1\\wueste.jpg'), ('Pinsel', 'Kaninchen', 'C:\\git\\experiments\\watkins2_part1\\berg.jpg', 'C:\\git\\experiments\\watkins2_part1\\berg.jpg'), ('Schwester', 'Staub', 'C:\\git\\experiments\\watkins2_part1\\wueste.jpg', 'C:\\git\\experiments\\watkins2_part1\\wueste.jpg'), ('Heft', 'Puzzle', 'C:\\git\\experiments\\watkins2_part1\\berg.jpg', 'C:\\git\\experiments\\watkins2_part1\\berg.jpg'), ('Flöte', 'Wolke', 'C:\\git\\experiments\\watkins2_part1\\berg.jpg', 'C:\\git\\experiments\\watkins2_part1\\berg.jpg')]",472.6358835999854,472.6359315998852,472.6702546000015,472.6770452000201,480.64104679995216,480.67219080007635,480.6722454999108,None,None,,,,,,,,,147,2026-08-31_16h03.05.549,watkins2_part1,,2026.1.3,143.4345694217899,1,19,Weiblich,Muttersprache,Abitur,Psychologie,Bachelor,2026-08-31 16h03.06.194152 +0200,
21,0,21,,,,,,21,0,21,0,480.6765143000521,,,,,,,,,,,,,,,,,,,,,,,,,,,,480.67251599999145,481.1555427000858,,,,Schwester,Staub,,"['Schwester', 'Staub', 'C:\\git\\experiments\\watkins2_part1\\wueste.jpg']",restudy,1,,,,,,,,,,,480.67235739994794,480.67241579992697,C:\git\experiments\watkins2_part1\wueste.jpg,"[('Schnee', 'Nichte', 'C:\\git\\experiments\\watkins2_part1\\wald.jpg', 'C:\\git\\experiments\\watkins2_part1\\wald.jpg'), ('Kaffee', 'Skulptur', 'C:\\git\\experiments\\watkins2_part1\\strand.jpg', 'C:\\git\\experiments\\watkins2_part1\\strand.jpg'), ('Teller', 'Großvater', 'C:\\git\\experiments\\watkins2_part1\\wueste.jpg'), ('Laub', 'Schal', 'C:\\git\\experiments\\watkins2_part1\\wald.jpg', 'C:\\git\\experiments\\watkins2_part1\\wald.jpg'), ('Krümel', 'Umschlag', 'C:\\git\\experiments\\watkins2_part1\\strand.jpg', 'C:\\git\\experiments\\watkins2_part1\\strand.jpg'), ('Ball', 'Flugzeug', 'C:\\git\\experiments\\watkins2_part1\\strand.jpg'), ('Katze', 'Topf', 'C:\\git\\experiments\\watkins2_part1\\strand.jpg'), ('Mütze', 'Fernseher', 'C:\\git\\experiments\\watkins2_part1\\berg.jpg'), ('Tee', 'Lampe', 'C:\\git\\experiments\\watkins2_part1\\wueste.jpg'), ('Wind', 'Bus', 'C:\\git\\experiments\\watkins2_part1\\wald.jpg', 'C:\\git\\experiments\\watkins2_part1\\wald.jpg'), ('Löffel', 'Orange', 'C:\\git\\experiments\\watkins2_part1\\wald.jpg'), ('Locher', 'Tasse', 'C:\\git\\experiments\\watkins2_part1\\berg.jpg'), ('Rasen', 'Würfel', 'C:\\git\\experiments\\watkins2_part1\\strand.jpg', 'C:\\git\\experiments\\watkins2_part1\\strand.jpg'), ('Boxen', 'Gitarre', 'C:\\git\\experiments\\watkins2_part1\\wald.jpg'), ('Auto', 'Müll', 'C:\\git\\experiments\\watkins2_part1\\strand.jpg'), ('Kamera', 'Sofa', 'C:\\git\\experiments\\watkins2_part1\\wald.jpg'), ('Traube', 'Limonade', 'C:\\git\\experiments\\watkins2_part1\\berg.jpg'), ('Staffelei', 'Dünger', 'C:\\git\\experiments\\watkins2_part1\\wueste.jpg', 'C:\\git\\experiments\\watkins2_part1\\wueste.jpg'), ('Kreisel', 'Leinwand', 'C:\\git\\experiments\\watkins2_part1\\wueste.jpg', 'C:\\git\\experiments\\watkins2_part1\\wueste.jpg'), ('Fahrrad', 'Säge', 'C:\\git\\experiments\\watkins2_part1\\wueste.jpg'), ('Pinsel', 'Kaninchen', 'C:\\git\\experiments\\watkins2_part1\\berg.jpg', 'C:\\git\\experiments\\watkins2_part1\\berg.jpg'), ('Schwester', 'Staub', 'C:\\git\\experiments\\watkins2_part1\\wueste.jpg', 'C:\\git\\experiments\\watkins2_part1\\wueste.jpg'), ('Heft', 'Puzzle', 'C:\\git\\experiments\\watkins2_part1\\berg.jpg', 'C:\\git\\experiments\\watkins2_part1\\berg.jpg'), ('Flöte', 'Wolke', 'C:\\git\\experiments\\watkins2_part1\\berg.jpg', 'C:\\git\\experiments\\watkins2_part1\\berg.jpg')]",481.17662999988534,481.1766786999069,481.1992558001075,481.20655949995853,489.177975700004,489.1967370000202,489.1967937001027,None,None,,,,,,,,,147,2026-08-31_16h03.05.549,watkins2_part1,,2026.1.3,143.4345694217899,1,19,Weiblich,Muttersprache,Abitur,Psychologie,Bachelor,2026-08-31 16h03.06.194152 +0200,
22,0,22,,,,,,22,0,22,0,489.20255749998614,,,,,,,,,,,,,,,,,,,,,,,,,,,,489.1970663999673,489.6851242000703,,,,Heft,Puzzle,,"['Heft', 'Puzzle', 'C:\\git\\experiments\\watkins2_part1\\berg.jpg']",restudy,1,,,,,,,,,,,489.1969059999101,489.19696430000477,C:\git\experiments\watkins2_part1\berg.jpg,"[('Schnee', 'Nichte', 'C:\\git\\experiments\\watkins2_part1\\wald.jpg', 'C:\\git\\experiments\\watkins2_part1\\wald.jpg'), ('Kaffee', 'Skulptur', 'C:\\git\\experiments\\watkins2_part1\\strand.jpg', 'C:\\git\\experiments\\watkins2_part1\\strand.jpg'), ('Teller', 'Großvater', 'C:\\git\\experiments\\watkins2_part1\\wueste.jpg'), ('Laub', 'Schal', 'C:\\git\\experiments\\watkins2_part1\\wald.jpg', 'C:\\git\\experiments\\watkins2_part1\\wald.jpg'), ('Krümel', 'Umschlag', 'C:\\git\\experiments\\watkins2_part1\\strand.jpg', 'C:\\git\\experiments\\watkins2_part1\\strand.jpg'), ('Ball', 'Flugzeug', 'C:\\git\\experiments\\watkins2_part1\\strand.jpg'), ('Katze', 'Topf', 'C:\\git\\experiments\\watkins2_part1\\strand.jpg'), ('Mütze', 'Fernseher', 'C:\\git\\experiments\\watkins2_part1\\berg.jpg'), ('Tee', 'Lampe', 'C:\\git\\experiments\\watkins2_part1\\wueste.jpg'), ('Wind', 'Bus', 'C:\\git\\experiments\\watkins2_part1\\wald.jpg', 'C:\\git\\experiments\\watkins2_part1\\wald.jpg'), ('Löffel', 'Orange', 'C:\\git\\experiments\\watkins2_part1\\wald.jpg'), ('Locher', 'Tasse', 'C:\\git\\experiments\\watkins2_part1\\berg.jpg'), ('Rasen', 'Würfel', 'C:\\git\\experiments\\watkins2_part1\\strand.jpg', 'C:\\git\\experiments\\watkins2_part1\\strand.jpg'), ('Boxen', 'Gitarre', 'C:\\git\\experiments\\watkins2_part1\\wald.jpg'), ('Auto', 'Müll', 'C:\\git\\experiments\\watkins2_part1\\strand.jpg'), ('Kamera', 'Sofa', 'C:\\git\\experiments\\watkins2_part1\\wald.jpg'), ('Traube', 'Limonade', 'C:\\git\\experiments\\watkins2_part1\\berg.jpg'), ('Staffelei', 'Dünger', 'C:\\git\\experiments\\watkins2_part1\\wueste.jpg', 'C:\\git\\experiments\\watkins2_part1\\wueste.jpg'), ('Kreisel', 'Leinwand', 'C:\\git\\experiments\\watkins2_part1\\wueste.jpg', 'C:\\git\\experiments\\watkins2_part1\\wueste.jpg'), ('Fahrrad', 'Säge', 'C:\\git\\experiments\\watkins2_part1\\wueste.jpg'), ('Pinsel', 'Kaninchen', 'C:\\git\\experiments\\watkins2_part1\\berg.jpg', 'C:\\git\\experiments\\watkins2_part1\\berg.jpg'), ('Schwester', 'Staub', 'C:\\git\\experiments\\watkins2_part1\\wueste.jpg', 'C:\\git\\experiments\\watkins2_part1\\wueste.jpg'), ('Heft', 'Puzzle', 'C:\\git\\experiments\\watkins2_part1\\berg.jpg', 'C:\\git\\experiments\\watkins2_part1\\berg.jpg'), ('Flöte', 'Wolke', 'C:\\git\\experiments\\watkins2_part1\\berg.jpg', 'C:\\git\\experiments\\watkins2_part1\\berg.jpg')]",489.7151118000038,489.71515870001167,489.74864990008064,489.75528390007094,497.7173315999098,497.7476127000991,497.74766719993204,None,None,,,,,,,,,147,2026-08-31_16h03.05.549,watkins2_part1,,2026.1.3,143.4345694217899,1,19,Weiblich,Muttersprache,Abitur,Psychologie,Bachelor,2026-08-31 16h03.06.194152 +0200,
23,0,23,,,,,,23,0,23,0,497.7525464000646,,,,,,,,,,,,,,,,,,,,,,,,,,,,497.7479363998864,498.2324045000132,,,,Flöte,Wolke,,"['Flöte', 'Wolke', 'C:\\git\\experiments\\watkins2_part1\\berg.jpg']",restudy,1,,,,,,,,,,,497.74777969997376,497.74783720006235,C:\git\experiments\watkins2_part1\berg.jpg,"[('Schnee', 'Nichte', 'C:\\git\\experiments\\watkins2_part1\\wald.jpg', 'C:\\git\\experiments\\watkins2_part1\\wald.jpg'), ('Kaffee', 'Skulptur', 'C:\\git\\experiments\\watkins2_part1\\strand.jpg', 'C:\\git\\experiments\\watkins2_part1\\strand.jpg'), ('Teller', 'Großvater', 'C:\\git\\experiments\\watkins2_part1\\wueste.jpg'), ('Laub', 'Schal', 'C:\\git\\experiments\\watkins2_part1\\wald.jpg', 'C:\\git\\experiments\\watkins2_part1\\wald.jpg'), ('Krümel', 'Umschlag', 'C:\\git\\experiments\\watkins2_part1\\strand.jpg', 'C:\\git\\experiments\\watkins2_part1\\strand.jpg'), ('Ball', 'Flugzeug', 'C:\\git\\experiments\\watkins2_part1\\strand.jpg'), ('Katze', 'Topf', 'C:\\git\\experiments\\watkins2_part1\\strand.jpg'), ('Mütze', 'Fernseher', 'C:\\git\\experiments\\watkins2_part1\\berg.jpg'), ('Tee', 'Lampe', 'C:\\git\\experiments\\watkins2_part1\\wueste.jpg'), ('Wind', 'Bus', 'C:\\git\\experiments\\watkins2_part1\\wald.jpg', 'C:\\git\\experiments\\watkins2_part1\\wald.jpg'), ('Löffel', 'Orange', 'C:\\git\\experiments\\watkins2_part1\\wald.jpg'), ('Locher', 'Tasse', 'C:\\git\\experiments\\watkins2_part1\\berg.jpg'), ('Rasen', 'Würfel', 'C:\\git\\experiments\\watkins2_part1\\strand.jpg', 'C:\\git\\experiments\\watkins2_part1\\strand.jpg'), ('Boxen', 'Gitarre', 'C:\\git\\experiments\\watkins2_part1\\wald.jpg'), ('Auto', 'Müll', 'C:\\git\\experiments\\watkins2_part1\\strand.jpg'), ('Kamera', 'Sofa', 'C:\\git\\experiments\\watkins2_part1\\wald.jpg'), ('Traube', 'Limonade', 'C:\\git\\experiments\\watkins2_part1\\berg.jpg'), ('Staffelei', 'Dünger', 'C:\\git\\experiments\\watkins2_part1\\wueste.jpg', 'C:\\git\\experiments\\watkins2_part1\\wueste.jpg'), ('Kreisel', 'Leinwand', 'C:\\git\\experiments\\watkins2_part1\\wueste.jpg', 'C:\\git\\experiments\\watkins2_part1\\wueste.jpg'), ('Fahrrad', 'Säge', 'C:\\git\\experiments\\watkins2_part1\\wueste.jpg'), ('Pinsel', 'Kaninchen', 'C:\\git\\experiments\\watkins2_part1\\berg.jpg', 'C:\\git\\experiments\\watkins2_part1\\berg.jpg'), ('Schwester', 'Staub', 'C:\\git\\experiments\\watkins2_part1\\wueste.jpg', 'C:\\git\\experiments\\watkins2_part1\\wueste.jpg'), ('Heft', 'Puzzle', 'C:\\git\\experiments\\watkins2_part1\\berg.jpg', 'C:\\git\\experiments\\watkins2_part1\\berg.jpg'), ('Flöte', 'Wolke', 'C:\\git\\experiments\\watkins2_part1\\berg.jpg', 'C:\\git\\experiments\\watkins2_part1\\berg.jpg')]",498.25893840007484,498.25898550008424,498.287471299991,498.2930572000332,506.26072230003774,506.2861210000701,506.2861766999122,None,None,,,,,,,,,147,2026-08-31_16h03.05.549,watkins2_part1,,2026.1.3,143.4345694217899,1,19,Weiblich,Muttersprache,Abitur,Psychologie,Bachelor,2026-08-31 16h03.06.194152 +0200,
,,,,,,,,,,,,,,,,,,,,,,,,,,,,,,,,,,,,,,,,,,,,,,,,,,1,,,,,,,,,,,,,,,,,,,,,,,,,,,506.3078145000618,506.3078145000618,q,13.102541600121185,None,147,2026-08-31_16h03.05.549,watkins2_part1,,2026.1.3,143.4345694217899,1,19,Weiblich,Muttersprache,Abitur,Psychologie,Bachelor,2026-08-31 16h03.06.194152 +0200,
