thisN,thisTrialN,thisRepN,textbox_target.text,trials_1.thisRepN,trials_1.thisTrialN,trials_1.thisN,trials_1.thisIndex,trials_2.thisRepN,trials_2.thisTrialN,trials_2.thisN,trials_2.thisIndex,thisRow.t,notes,piloting,code_marius.started,code_marius.stopped,welcome.started,welcome.stopped,code_generator.started,letter_mother.started,textbox_mother.started,letter_father.started,textbox_father.started,letter_month.started,textbox_month.started,letter_place.started,textbox_place.started,letter_bday.started,textbox_bday.started,code_generator.stopped,code,instruction_study.started,wüste_0.started,strand_0.started,wald_0.started,berg_0.started,instruction_study.stopped,fixationcross.started,fixationcross.stopped,blanc.started,blanc.stopped,study.started,context_1.started,study.stopped,cue,target,image1,stimuli,task,condition,liste_phase1,thanks_vorgezogen.started,image_animal_2.started,thanks_vorgezogen.stopped,instruction_restudy.started,instruction_restudy.stopped,practice_test.started,practice_test.stopped,practice_target,Textbox_Umlauttest.text,code_defineWordsInit.started,code_defineWordsInit.stopped,image2,liste_phase2,study_new.started,context_new.started,study_new.stopped,restudy.started,restudy.stopped,test.started,test.stopped,firstKeyTime,secondWordTime,trials_2.textbox_target.text,recalled_target,context_restudy.started,key_resp_8.started,image_animal.started,key_resp_8.keys,key_resp_8.rt,key_resp_8.duration,participant,date,expName,expVersion,psychopyVersion,frameRate,condition,age,gender,native_language,highest_degree,major,target_major,expStart,
,,,,,,,,,,,,,,False,0.006377600017003715,0.006442800018703565,,,,,,,,,,,,,,,,,,,,,,,,,,,,,,,,,,1,,,,,,,,,,,,,,,,,,,,,,,,,,,,,,,,45,2026-07-24_11h28.35.240,watkins2_part1,,2026.1.3,143.21948816786607,1,29,Männlich,Muttersprache,Abitur,Anderes Studienfach,Bachelor,2026-07-24 11h28.36.125309 +0200,
,,,,,,,,,,,,,,,,,0.00676650000968948,37.53422309999587,,,,,,,,,,,,,,,,,,,,,,,,,,,,,,,,1,,,,,,,,,,,,,,,,,,,,,,,,,,,,,,,,45,2026-07-24_11h28.35.240,watkins2_part1,,2026.1.3,143.21948816786607,1,29,Männlich,Muttersprache,Abitur,Anderes Studienfach,Bachelor,2026-07-24 11h28.36.125309 +0200,
,,,,,,,,,,,,,,,,,,,37.53499820001889,37.5544668000075,37.5544668000075,37.5544668000075,37.5544668000075,37.5544668000075,37.5544668000075,37.5544668000075,37.5544668000075,37.5544668000075,37.5544668000075,105.75274319999153,CEIM23,,,,,,,,,,,,,,,,,,,1,,,,,,,,,,,,,,,,,,,,,,,,,,,,,,,,45,2026-07-24_11h28.35.240,watkins2_part1,,2026.1.3,143.21948816786607,1,29,Männlich,Muttersprache,Abitur,Anderes Studienfach,Bachelor,2026-07-24 11h28.36.125309 +0200,
,,,,,,,,,,,,,,,,,,,,,,,,,,,,,,,,,,,,,,,,,,,,,,,,,,1,,,,,,,,,,,,,,,,,,,,,,,,,,,,,,,,45,2026-07-24_11h28.35.240,watkins2_part1,,2026.1.3,143.21948816786607,1,29,Männlich,Muttersprache,Abitur,Anderes Studienfach,Bachelor,2026-07-24 11h28.36.125309 +0200,
,,,,,,,,,,,,,,,,,,,,,,,,,,,,,,,,105.75284560001455,105.78083770000376,105.78083770000376,105.78083770000376,105.78083770000376,172.89194110000972,,,,,,,,,,,,,1,,,,,,,,,,,,,,,,,,,,,,,,,,,,,,,,45,2026-07-24_11h28.35.240,watkins2_part1,,2026.1.3,143.21948816786607,1,29,Männlich,Muttersprache,Abitur,Anderes Studienfach,Bachelor,2026-07-24 11h28.36.125309 +0200,
,,,,,,,,,,,,,,,,,,,,,,,,,,,,,,,,,,,,,,172.89197820000118,173.88140050001675,,,,,,,,,,,1,,,,,,,,,,,,,,,,,,,,,,,,,,,,,,,,45,2026-07-24_11h28.35.240,watkins2_part1,,2026.1.3,143.21948816786607,1,29,Männlich,Muttersprache,Abitur,Anderes Studienfach,Bachelor,2026-07-24 11h28.36.125309 +0200,
0,0,0,,0,0,0,0,,,,,173.8882658999937,,,,,,,,,,,,,,,,,,,,,,,,,,,,173.88172080001095,174.37644670001464,174.40634690001025,174.41079230001196,182.39244990001316,Bett,Regen,C:\git\experiments\watkins2_part1\berg.jpg,"['Bett', 'Regen', 'C:\\git\\experiments\\watkins2_part1\\berg.jpg']",study,1,"[('Bett', 'Regen', 'C:\\git\\experiments\\watkins2_part1\\berg.jpg'), ('Laub', 'Schal', 'C:\\git\\experiments\\watkins2_part1\\wald.jpg'), ('Joggen', 'Banane', 'C:\\git\\experiments\\watkins2_part1\\berg.jpg', 'C:\\git\\experiments\\watkins2_part1\\berg.jpg'), ('Flöte', 'Wolke', 'C:\\git\\experiments\\watkins2_part1\\berg.jpg', 'C:\\git\\experiments\\watkins2_part1\\berg.jpg'), ('Staffelei', 'Dünger', 'C:\\git\\experiments\\watkins2_part1\\wald.jpg', 'C:\\git\\experiments\\watkins2_part1\\wald.jpg'), ('Pinsel', 'Kaninchen', 'C:\\git\\experiments\\watkins2_part1\\wueste.jpg', 'C:\\git\\experiments\\watkins2_part1\\wueste.jpg'), ('Matsch', 'Zange', 'C:\\git\\experiments\\watkins2_part1\\strand.jpg', 'C:\\git\\experiments\\watkins2_part1\\strand.jpg'), ('Boxen', 'Gitarre', 'C:\\git\\experiments\\watkins2_part1\\wald.jpg'), ('Geige', 'Kakao', 'C:\\git\\experiments\\watkins2_part1\\strand.jpg', 'C:\\git\\experiments\\watkins2_part1\\strand.jpg'), ('Mütze', 'Fernseher', 'C:\\git\\experiments\\watkins2_part1\\strand.jpg'), ('Birne', 'Goldfisch', 'C:\\git\\experiments\\watkins2_part1\\berg.jpg', 'C:\\git\\experiments\\watkins2_part1\\berg.jpg'), ('Fenster', 'Tennis', 'C:\\git\\experiments\\watkins2_part1\\wald.jpg'), ('Schwester', 'Staub', 'C:\\git\\experiments\\watkins2_part1\\strand.jpg', 'C:\\git\\experiments\\watkins2_part1\\strand.jpg'), ('Jacke', 'Trommel', 'C:\\git\\experiments\\watkins2_part1\\wueste.jpg'), ('Hammer', 'Mappe', 'C:\\git\\experiments\\watkins2_part1\\wueste.jpg'), ('Ball', 'Flugzeug', 'C:\\git\\experiments\\watkins2_part1\\wald.jpg', 'C:\\git\\experiments\\watkins2_part1\\wald.jpg'), ('Tee', 'Lampe', 'C:\\git\\experiments\\watkins2_part1\\wueste.jpg', 'C:\\git\\experiments\\watkins2_part1\\wueste.jpg'), ('Heft', 'Puzzle', 'C:\\git\\experiments\\watkins2_part1\\wueste.jpg'), ('Auto', 'Müll', 'C:\\git\\experiments\\watkins2_part1\\berg.jpg'), ('Locher', 'Tasse', 'C:\\git\\experiments\\watkins2_part1\\wald.jpg', 'C:\\git\\experiments\\watkins2_part1\\wald.jpg'), ('Schnee', 'Nichte', 'C:\\git\\experiments\\watkins2_part1\\berg.jpg'), ('Krümel', 'Umschlag', 'C:\\git\\experiments\\watkins2_part1\\strand.jpg'), ('Teller', 'Großvater', 'C:\\git\\experiments\\watkins2_part1\\strand.jpg'), ('Löffel', 'Orange', 'C:\\git\\experiments\\watkins2_part1\\wueste.jpg', 'C:\\git\\experiments\\watkins2_part1\\wueste.jpg')]",,,,,,,,,,,,,,,,,,,,,,,,,,,,,,,45,2026-07-24_11h28.35.240,watkins2_part1,,2026.1.3,143.21948816786607,1,29,Männlich,Muttersprache,Abitur,Anderes Studienfach,Bachelor,2026-07-24 11h28.36.125309 +0200,
1,0,1,,1,0,1,0,,,,,182.39928850001888,,,,,,,,,,,,,,,,,,,,,,,,,,,,182.39264430000912,182.88045379999676,182.90173569999752,182.904907499993,190.89771610000753,Laub,Schal,C:\git\experiments\watkins2_part1\wald.jpg,"['Laub', 'Schal', 'C:\\git\\experiments\\watkins2_part1\\wald.jpg']",study,1,"[('Bett', 'Regen', 'C:\\git\\experiments\\watkins2_part1\\berg.jpg'), ('Laub', 'Schal', 'C:\\git\\experiments\\watkins2_part1\\wald.jpg'), ('Joggen', 'Banane', 'C:\\git\\experiments\\watkins2_part1\\berg.jpg', 'C:\\git\\experiments\\watkins2_part1\\berg.jpg'), ('Flöte', 'Wolke', 'C:\\git\\experiments\\watkins2_part1\\berg.jpg', 'C:\\git\\experiments\\watkins2_part1\\berg.jpg'), ('Staffelei', 'Dünger', 'C:\\git\\experiments\\watkins2_part1\\wald.jpg', 'C:\\git\\experiments\\watkins2_part1\\wald.jpg'), ('Pinsel', 'Kaninchen', 'C:\\git\\experiments\\watkins2_part1\\wueste.jpg', 'C:\\git\\experiments\\watkins2_part1\\wueste.jpg'), ('Matsch', 'Zange', 'C:\\git\\experiments\\watkins2_part1\\strand.jpg', 'C:\\git\\experiments\\watkins2_part1\\strand.jpg'), ('Boxen', 'Gitarre', 'C:\\git\\experiments\\watkins2_part1\\wald.jpg'), ('Geige', 'Kakao', 'C:\\git\\experiments\\watkins2_part1\\strand.jpg', 'C:\\git\\experiments\\watkins2_part1\\strand.jpg'), ('Mütze', 'Fernseher', 'C:\\git\\experiments\\watkins2_part1\\strand.jpg'), ('Birne', 'Goldfisch', 'C:\\git\\experiments\\watkins2_part1\\berg.jpg', 'C:\\git\\experiments\\watkins2_part1\\berg.jpg'), ('Fenster', 'Tennis', 'C:\\git\\experiments\\watkins2_part1\\wald.jpg'), ('Schwester', 'Staub', 'C:\\git\\experiments\\watkins2_part1\\strand.jpg', 'C:\\git\\experiments\\watkins2_part1\\strand.jpg'), ('Jacke', 'Trommel', 'C:\\git\\experiments\\watkins2_part1\\wueste.jpg'), ('Hammer', 'Mappe', 'C:\\git\\experiments\\watkins2_part1\\wueste.jpg'), ('Ball', 'Flugzeug', 'C:\\git\\experiments\\watkins2_part1\\wald.jpg', 'C:\\git\\experiments\\watkins2_part1\\wald.jpg'), ('Tee', 'Lampe', 'C:\\git\\experiments\\watkins2_part1\\wueste.jpg', 'C:\\git\\experiments\\watkins2_part1\\wueste.jpg'), ('Heft', 'Puzzle', 'C:\\git\\experiments\\watkins2_part1\\wueste.jpg'), ('Auto', 'Müll', 'C:\\git\\experiments\\watkins2_part1\\berg.jpg'), ('Locher', 'Tasse', 'C:\\git\\experiments\\watkins2_part1\\wald.jpg', 'C:\\git\\experiments\\watkins2_part1\\wald.jpg'), ('Schnee', 'Nichte', 'C:\\git\\experiments\\watkins2_part1\\berg.jpg'), ('Krümel', 'Umschlag', 'C:\\git\\experiments\\watkins2_part1\\strand.jpg'), ('Teller', 'Großvater', 'C:\\git\\experiments\\watkins2_part1\\strand.jpg'), ('Löffel', 'Orange', 'C:\\git\\experiments\\watkins2_part1\\wueste.jpg', 'C:\\git\\experiments\\watkins2_part1\\wueste.jpg')]",,,,,,,,,,,,,,,,,,,,,,,,,,,,,,,45,2026-07-24_11h28.35.240,watkins2_part1,,2026.1.3,143.21948816786607,1,29,Männlich,Muttersprache,Abitur,Anderes Studienfach,Bachelor,2026-07-24 11h28.36.125309 +0200,
2,0,2,,2,0,2,0,,,,,190.90452440001536,,,,,,,,,,,,,,,,,,,,,,,,,,,,190.8979079000128,191.38570420001633,191.41496709999046,191.4178712000139,199.39810640001087,Joggen,Banane,C:\git\experiments\watkins2_part1\berg.jpg,"['Joggen', 'Banane', 'C:\\git\\experiments\\watkins2_part1\\berg.jpg']",restudy,1,"[('Bett', 'Regen', 'C:\\git\\experiments\\watkins2_part1\\berg.jpg'), ('Laub', 'Schal', 'C:\\git\\experiments\\watkins2_part1\\wald.jpg'), ('Joggen', 'Banane', 'C:\\git\\experiments\\watkins2_part1\\berg.jpg', 'C:\\git\\experiments\\watkins2_part1\\berg.jpg'), ('Flöte', 'Wolke', 'C:\\git\\experiments\\watkins2_part1\\berg.jpg', 'C:\\git\\experiments\\watkins2_part1\\berg.jpg'), ('Staffelei', 'Dünger', 'C:\\git\\experiments\\watkins2_part1\\wald.jpg', 'C:\\git\\experiments\\watkins2_part1\\wald.jpg'), ('Pinsel', 'Kaninchen', 'C:\\git\\experiments\\watkins2_part1\\wueste.jpg', 'C:\\git\\experiments\\watkins2_part1\\wueste.jpg'), ('Matsch', 'Zange', 'C:\\git\\experiments\\watkins2_part1\\strand.jpg', 'C:\\git\\experiments\\watkins2_part1\\strand.jpg'), ('Boxen', 'Gitarre', 'C:\\git\\experiments\\watkins2_part1\\wald.jpg'), ('Geige', 'Kakao', 'C:\\git\\experiments\\watkins2_part1\\strand.jpg', 'C:\\git\\experiments\\watkins2_part1\\strand.jpg'), ('Mütze', 'Fernseher', 'C:\\git\\experiments\\watkins2_part1\\strand.jpg'), ('Birne', 'Goldfisch', 'C:\\git\\experiments\\watkins2_part1\\berg.jpg', 'C:\\git\\experiments\\watkins2_part1\\berg.jpg'), ('Fenster', 'Tennis', 'C:\\git\\experiments\\watkins2_part1\\wald.jpg'), ('Schwester', 'Staub', 'C:\\git\\experiments\\watkins2_part1\\strand.jpg', 'C:\\git\\experiments\\watkins2_part1\\strand.jpg'), ('Jacke', 'Trommel', 'C:\\git\\experiments\\watkins2_part1\\wueste.jpg'), ('Hammer', 'Mappe', 'C:\\git\\experiments\\watkins2_part1\\wueste.jpg'), ('Ball', 'Flugzeug', 'C:\\git\\experiments\\watkins2_part1\\wald.jpg', 'C:\\git\\experiments\\watkins2_part1\\wald.jpg'), ('Tee', 'Lampe', 'C:\\git\\experiments\\watkins2_part1\\wueste.jpg', 'C:\\git\\experiments\\watkins2_part1\\wueste.jpg'), ('Heft', 'Puzzle', 'C:\\git\\experiments\\watkins2_part1\\wueste.jpg'), ('Auto', 'Müll', 'C:\\git\\experiments\\watkins2_part1\\berg.jpg'), ('Locher', 'Tasse', 'C:\\git\\experiments\\watkins2_part1\\wald.jpg', 'C:\\git\\experiments\\watkins2_part1\\wald.jpg'), ('Schnee', 'Nichte', 'C:\\git\\experiments\\watkins2_part1\\berg.jpg'), ('Krümel', 'Umschlag', 'C:\\git\\experiments\\watkins2_part1\\strand.jpg'), ('Teller', 'Großvater', 'C:\\git\\experiments\\watkins2_part1\\strand.jpg'), ('Löffel', 'Orange', 'C:\\git\\experiments\\watkins2_part1\\wueste.jpg', 'C:\\git\\experiments\\watkins2_part1\\wueste.jpg')]",,,,,,,,,,,,,,,,,,,,,,,,,,,,,,,45,2026-07-24_11h28.35.240,watkins2_part1,,2026.1.3,143.21948816786607,1,29,Männlich,Muttersprache,Abitur,Anderes Studienfach,Bachelor,2026-07-24 11h28.36.125309 +0200,
3,0,3,,3,0,3,0,,,,,199.4049568999908,,,,,,,,,,,,,,,,,,,,,,,,,,,,199.39829589999863,199.88605840000673,199.9123779000074,199.91524090000894,207.90506049999385,Flöte,Wolke,C:\git\experiments\watkins2_part1\berg.jpg,"['Flöte', 'Wolke', 'C:\\git\\experiments\\watkins2_part1\\berg.jpg']",restudy,1,"[('Bett', 'Regen', 'C:\\git\\experiments\\watkins2_part1\\berg.jpg'), ('Laub', 'Schal', 'C:\\git\\experiments\\watkins2_part1\\wald.jpg'), ('Joggen', 'Banane', 'C:\\git\\experiments\\watkins2_part1\\berg.jpg', 'C:\\git\\experiments\\watkins2_part1\\berg.jpg'), ('Flöte', 'Wolke', 'C:\\git\\experiments\\watkins2_part1\\berg.jpg', 'C:\\git\\experiments\\watkins2_part1\\berg.jpg'), ('Staffelei', 'Dünger', 'C:\\git\\experiments\\watkins2_part1\\wald.jpg', 'C:\\git\\experiments\\watkins2_part1\\wald.jpg'), ('Pinsel', 'Kaninchen', 'C:\\git\\experiments\\watkins2_part1\\wueste.jpg', 'C:\\git\\experiments\\watkins2_part1\\wueste.jpg'), ('Matsch', 'Zange', 'C:\\git\\experiments\\watkins2_part1\\strand.jpg', 'C:\\git\\experiments\\watkins2_part1\\strand.jpg'), ('Boxen', 'Gitarre', 'C:\\git\\experiments\\watkins2_part1\\wald.jpg'), ('Geige', 'Kakao', 'C:\\git\\experiments\\watkins2_part1\\strand.jpg', 'C:\\git\\experiments\\watkins2_part1\\strand.jpg'), ('Mütze', 'Fernseher', 'C:\\git\\experiments\\watkins2_part1\\strand.jpg'), ('Birne', 'Goldfisch', 'C:\\git\\experiments\\watkins2_part1\\berg.jpg', 'C:\\git\\experiments\\watkins2_part1\\berg.jpg'), ('Fenster', 'Tennis', 'C:\\git\\experiments\\watkins2_part1\\wald.jpg'), ('Schwester', 'Staub', 'C:\\git\\experiments\\watkins2_part1\\strand.jpg', 'C:\\git\\experiments\\watkins2_part1\\strand.jpg'), ('Jacke', 'Trommel', 'C:\\git\\experiments\\watkins2_part1\\wueste.jpg'), ('Hammer', 'Mappe', 'C:\\git\\experiments\\watkins2_part1\\wueste.jpg'), ('Ball', 'Flugzeug', 'C:\\git\\experiments\\watkins2_part1\\wald.jpg', 'C:\\git\\experiments\\watkins2_part1\\wald.jpg'), ('Tee', 'Lampe', 'C:\\git\\experiments\\watkins2_part1\\wueste.jpg', 'C:\\git\\experiments\\watkins2_part1\\wueste.jpg'), ('Heft', 'Puzzle', 'C:\\git\\experiments\\watkins2_part1\\wueste.jpg'), ('Auto', 'Müll', 'C:\\git\\experiments\\watkins2_part1\\berg.jpg'), ('Locher', 'Tasse', 'C:\\git\\experiments\\watkins2_part1\\wald.jpg', 'C:\\git\\experiments\\watkins2_part1\\wald.jpg'), ('Schnee', 'Nichte', 'C:\\git\\experiments\\watkins2_part1\\berg.jpg'), ('Krümel', 'Umschlag', 'C:\\git\\experiments\\watkins2_part1\\strand.jpg'), ('Teller', 'Großvater', 'C:\\git\\experiments\\watkins2_part1\\strand.jpg'), ('Löffel', 'Orange', 'C:\\git\\experiments\\watkins2_part1\\wueste.jpg', 'C:\\git\\experiments\\watkins2_part1\\wueste.jpg')]",,,,,,,,,,,,,,,,,,,,,,,,,,,,,,,45,2026-07-24_11h28.35.240,watkins2_part1,,2026.1.3,143.21948816786607,1,29,Männlich,Muttersprache,Abitur,Anderes Studienfach,Bachelor,2026-07-24 11h28.36.125309 +0200,
4,0,4,,4,0,4,0,,,,,207.91187929999433,,,,,,,,,,,,,,,,,,,,,,,,,,,,207.9052517999953,208.3930123000173,208.41316140000708,208.41601290000835,216.40774270001566,Staffelei,Dünger,C:\git\experiments\watkins2_part1\wald.jpg,"['Staffelei', 'Dünger', 'C:\\git\\experiments\\watkins2_part1\\wald.jpg']",restudy,1,"[('Bett', 'Regen', 'C:\\git\\experiments\\watkins2_part1\\berg.jpg'), ('Laub', 'Schal', 'C:\\git\\experiments\\watkins2_part1\\wald.jpg'), ('Joggen', 'Banane', 'C:\\git\\experiments\\watkins2_part1\\berg.jpg', 'C:\\git\\experiments\\watkins2_part1\\berg.jpg'), ('Flöte', 'Wolke', 'C:\\git\\experiments\\watkins2_part1\\berg.jpg', 'C:\\git\\experiments\\watkins2_part1\\berg.jpg'), ('Staffelei', 'Dünger', 'C:\\git\\experiments\\watkins2_part1\\wald.jpg', 'C:\\git\\experiments\\watkins2_part1\\wald.jpg'), ('Pinsel', 'Kaninchen', 'C:\\git\\experiments\\watkins2_part1\\wueste.jpg', 'C:\\git\\experiments\\watkins2_part1\\wueste.jpg'), ('Matsch', 'Zange', 'C:\\git\\experiments\\watkins2_part1\\strand.jpg', 'C:\\git\\experiments\\watkins2_part1\\strand.jpg'), ('Boxen', 'Gitarre', 'C:\\git\\experiments\\watkins2_part1\\wald.jpg'), ('Geige', 'Kakao', 'C:\\git\\experiments\\watkins2_part1\\strand.jpg', 'C:\\git\\experiments\\watkins2_part1\\strand.jpg'), ('Mütze', 'Fernseher', 'C:\\git\\experiments\\watkins2_part1\\strand.jpg'), ('Birne', 'Goldfisch', 'C:\\git\\experiments\\watkins2_part1\\berg.jpg', 'C:\\git\\experiments\\watkins2_part1\\berg.jpg'), ('Fenster', 'Tennis', 'C:\\git\\experiments\\watkins2_part1\\wald.jpg'), ('Schwester', 'Staub', 'C:\\git\\experiments\\watkins2_part1\\strand.jpg', 'C:\\git\\experiments\\watkins2_part1\\strand.jpg'), ('Jacke', 'Trommel', 'C:\\git\\experiments\\watkins2_part1\\wueste.jpg'), ('Hammer', 'Mappe', 'C:\\git\\experiments\\watkins2_part1\\wueste.jpg'), ('Ball', 'Flugzeug', 'C:\\git\\experiments\\watkins2_part1\\wald.jpg', 'C:\\git\\experiments\\watkins2_part1\\wald.jpg'), ('Tee', 'Lampe', 'C:\\git\\experiments\\watkins2_part1\\wueste.jpg', 'C:\\git\\experiments\\watkins2_part1\\wueste.jpg'), ('Heft', 'Puzzle', 'C:\\git\\experiments\\watkins2_part1\\wueste.jpg'), ('Auto', 'Müll', 'C:\\git\\experiments\\watkins2_part1\\berg.jpg'), ('Locher', 'Tasse', 'C:\\git\\experiments\\watkins2_part1\\wald.jpg', 'C:\\git\\experiments\\watkins2_part1\\wald.jpg'), ('Schnee', 'Nichte', 'C:\\git\\experiments\\watkins2_part1\\berg.jpg'), ('Krümel', 'Umschlag', 'C:\\git\\experiments\\watkins2_part1\\strand.jpg'), ('Teller', 'Großvater', 'C:\\git\\experiments\\watkins2_part1\\strand.jpg'), ('Löffel', 'Orange', 'C:\\git\\experiments\\watkins2_part1\\wueste.jpg', 'C:\\git\\experiments\\watkins2_part1\\wueste.jpg')]",,,,,,,,,,,,,,,,,,,,,,,,,,,,,,,45,2026-07-24_11h28.35.240,watkins2_part1,,2026.1.3,143.21948816786607,1,29,Männlich,Muttersprache,Abitur,Anderes Studienfach,Bachelor,2026-07-24 11h28.36.125309 +0200,
5,0,5,,5,0,5,0,,,,,216.4146086999972,,,,,,,,,,,,,,,,,,,,,,,,,,,,216.40793240000494,216.8959046000091,216.91500149999047,216.91812380001647,224.90861800001585,Pinsel,Kaninchen,C:\git\experiments\watkins2_part1\wueste.jpg,"['Pinsel', 'Kaninchen', 'C:\\git\\experiments\\watkins2_part1\\wueste.jpg']",restudy,1,"[('Bett', 'Regen', 'C:\\git\\experiments\\watkins2_part1\\berg.jpg'), ('Laub', 'Schal', 'C:\\git\\experiments\\watkins2_part1\\wald.jpg'), ('Joggen', 'Banane', 'C:\\git\\experiments\\watkins2_part1\\berg.jpg', 'C:\\git\\experiments\\watkins2_part1\\berg.jpg'), ('Flöte', 'Wolke', 'C:\\git\\experiments\\watkins2_part1\\berg.jpg', 'C:\\git\\experiments\\watkins2_part1\\berg.jpg'), ('Staffelei', 'Dünger', 'C:\\git\\experiments\\watkins2_part1\\wald.jpg', 'C:\\git\\experiments\\watkins2_part1\\wald.jpg'), ('Pinsel', 'Kaninchen', 'C:\\git\\experiments\\watkins2_part1\\wueste.jpg', 'C:\\git\\experiments\\watkins2_part1\\wueste.jpg'), ('Matsch', 'Zange', 'C:\\git\\experiments\\watkins2_part1\\strand.jpg', 'C:\\git\\experiments\\watkins2_part1\\strand.jpg'), ('Boxen', 'Gitarre', 'C:\\git\\experiments\\watkins2_part1\\wald.jpg'), ('Geige', 'Kakao', 'C:\\git\\experiments\\watkins2_part1\\strand.jpg', 'C:\\git\\experiments\\watkins2_part1\\strand.jpg'), ('Mütze', 'Fernseher', 'C:\\git\\experiments\\watkins2_part1\\strand.jpg'), ('Birne', 'Goldfisch', 'C:\\git\\experiments\\watkins2_part1\\berg.jpg', 'C:\\git\\experiments\\watkins2_part1\\berg.jpg'), ('Fenster', 'Tennis', 'C:\\git\\experiments\\watkins2_part1\\wald.jpg'), ('Schwester', 'Staub', 'C:\\git\\experiments\\watkins2_part1\\strand.jpg', 'C:\\git\\experiments\\watkins2_part1\\strand.jpg'), ('Jacke', 'Trommel', 'C:\\git\\experiments\\watkins2_part1\\wueste.jpg'), ('Hammer', 'Mappe', 'C:\\git\\experiments\\watkins2_part1\\wueste.jpg'), ('Ball', 'Flugzeug', 'C:\\git\\experiments\\watkins2_part1\\wald.jpg', 'C:\\git\\experiments\\watkins2_part1\\wald.jpg'), ('Tee', 'Lampe', 'C:\\git\\experiments\\watkins2_part1\\wueste.jpg', 'C:\\git\\experiments\\watkins2_part1\\wueste.jpg'), ('Heft', 'Puzzle', 'C:\\git\\experiments\\watkins2_part1\\wueste.jpg'), ('Auto', 'Müll', 'C:\\git\\experiments\\watkins2_part1\\berg.jpg'), ('Locher', 'Tasse', 'C:\\git\\experiments\\watkins2_part1\\wald.jpg', 'C:\\git\\experiments\\watkins2_part1\\wald.jpg'), ('Schnee', 'Nichte', 'C:\\git\\experiments\\watkins2_part1\\berg.jpg'), ('Krümel', 'Umschlag', 'C:\\git\\experiments\\watkins2_part1\\strand.jpg'), ('Teller', 'Großvater', 'C:\\git\\experiments\\watkins2_part1\\strand.jpg'), ('Löffel', 'Orange', 'C:\\git\\experiments\\watkins2_part1\\wueste.jpg', 'C:\\git\\experiments\\watkins2_part1\\wueste.jpg')]",,,,,,,,,,,,,,,,,,,,,,,,,,,,,,,45,2026-07-24_11h28.35.240,watkins2_part1,,2026.1.3,143.21948816786607,1,29,Männlich,Muttersprache,Abitur,Anderes Studienfach,Bachelor,2026-07-24 11h28.36.125309 +0200,
6,0,6,,6,0,6,0,,,,,224.91549390001455,,,,,,,,,,,,,,,,,,,,,,,,,,,,224.9088091000158,225.39670700000715,225.41075330000604,225.41387220000615,233.41316230001394,Matsch,Zange,C:\git\experiments\watkins2_part1\strand.jpg,"['Matsch', 'Zange', 'C:\\git\\experiments\\watkins2_part1\\strand.jpg']",restudy,1,"[('Bett', 'Regen', 'C:\\git\\experiments\\watkins2_part1\\berg.jpg'), ('Laub', 'Schal', 'C:\\git\\experiments\\watkins2_part1\\wald.jpg'), ('Joggen', 'Banane', 'C:\\git\\experiments\\watkins2_part1\\berg.jpg', 'C:\\git\\experiments\\watkins2_part1\\berg.jpg'), ('Flöte', 'Wolke', 'C:\\git\\experiments\\watkins2_part1\\berg.jpg', 'C:\\git\\experiments\\watkins2_part1\\berg.jpg'), ('Staffelei', 'Dünger', 'C:\\git\\experiments\\watkins2_part1\\wald.jpg', 'C:\\git\\experiments\\watkins2_part1\\wald.jpg'), ('Pinsel', 'Kaninchen', 'C:\\git\\experiments\\watkins2_part1\\wueste.jpg', 'C:\\git\\experiments\\watkins2_part1\\wueste.jpg'), ('Matsch', 'Zange', 'C:\\git\\experiments\\watkins2_part1\\strand.jpg', 'C:\\git\\experiments\\watkins2_part1\\strand.jpg'), ('Boxen', 'Gitarre', 'C:\\git\\experiments\\watkins2_part1\\wald.jpg'), ('Geige', 'Kakao', 'C:\\git\\experiments\\watkins2_part1\\strand.jpg', 'C:\\git\\experiments\\watkins2_part1\\strand.jpg'), ('Mütze', 'Fernseher', 'C:\\git\\experiments\\watkins2_part1\\strand.jpg'), ('Birne', 'Goldfisch', 'C:\\git\\experiments\\watkins2_part1\\berg.jpg', 'C:\\git\\experiments\\watkins2_part1\\berg.jpg'), ('Fenster', 'Tennis', 'C:\\git\\experiments\\watkins2_part1\\wald.jpg'), ('Schwester', 'Staub', 'C:\\git\\experiments\\watkins2_part1\\strand.jpg', 'C:\\git\\experiments\\watkins2_part1\\strand.jpg'), ('Jacke', 'Trommel', 'C:\\git\\experiments\\watkins2_part1\\wueste.jpg'), ('Hammer', 'Mappe', 'C:\\git\\experiments\\watkins2_part1\\wueste.jpg'), ('Ball', 'Flugzeug', 'C:\\git\\experiments\\watkins2_part1\\wald.jpg', 'C:\\git\\experiments\\watkins2_part1\\wald.jpg'), ('Tee', 'Lampe', 'C:\\git\\experiments\\watkins2_part1\\wueste.jpg', 'C:\\git\\experiments\\watkins2_part1\\wueste.jpg'), ('Heft', 'Puzzle', 'C:\\git\\experiments\\watkins2_part1\\wueste.jpg'), ('Auto', 'Müll', 'C:\\git\\experiments\\watkins2_part1\\berg.jpg'), ('Locher', 'Tasse', 'C:\\git\\experiments\\watkins2_part1\\wald.jpg', 'C:\\git\\experiments\\watkins2_part1\\wald.jpg'), ('Schnee', 'Nichte', 'C:\\git\\experiments\\watkins2_part1\\berg.jpg'), ('Krümel', 'Umschlag', 'C:\\git\\experiments\\watkins2_part1\\strand.jpg'), ('Teller', 'Großvater', 'C:\\git\\experiments\\watkins2_part1\\strand.jpg'), ('Löffel', 'Orange', 'C:\\git\\experiments\\watkins2_part1\\wueste.jpg', 'C:\\git\\experiments\\watkins2_part1\\wueste.jpg')]",,,,,,,,,,,,,,,,,,,,,,,,,,,,,,,45,2026-07-24_11h28.35.240,watkins2_part1,,2026.1.3,143.21948816786607,1,29,Männlich,Muttersprache,Abitur,Anderes Studienfach,Bachelor,2026-07-24 11h28.36.125309 +0200,
7,0,7,,7,0,7,0,,,,,233.42001080000773,,,,,,,,,,,,,,,,,,,,,,,,,,,,233.41334850000567,233.90119259999483,233.92050690000178,233.92379960001563,241.9140185000142,Boxen,Gitarre,C:\git\experiments\watkins2_part1\wald.jpg,"['Boxen', 'Gitarre', 'C:\\git\\experiments\\watkins2_part1\\wald.jpg']",study,1,"[('Bett', 'Regen', 'C:\\git\\experiments\\watkins2_part1\\berg.jpg'), ('Laub', 'Schal', 'C:\\git\\experiments\\watkins2_part1\\wald.jpg'), ('Joggen', 'Banane', 'C:\\git\\experiments\\watkins2_part1\\berg.jpg', 'C:\\git\\experiments\\watkins2_part1\\berg.jpg'), ('Flöte', 'Wolke', 'C:\\git\\experiments\\watkins2_part1\\berg.jpg', 'C:\\git\\experiments\\watkins2_part1\\berg.jpg'), ('Staffelei', 'Dünger', 'C:\\git\\experiments\\watkins2_part1\\wald.jpg', 'C:\\git\\experiments\\watkins2_part1\\wald.jpg'), ('Pinsel', 'Kaninchen', 'C:\\git\\experiments\\watkins2_part1\\wueste.jpg', 'C:\\git\\experiments\\watkins2_part1\\wueste.jpg'), ('Matsch', 'Zange', 'C:\\git\\experiments\\watkins2_part1\\strand.jpg', 'C:\\git\\experiments\\watkins2_part1\\strand.jpg'), ('Boxen', 'Gitarre', 'C:\\git\\experiments\\watkins2_part1\\wald.jpg'), ('Geige', 'Kakao', 'C:\\git\\experiments\\watkins2_part1\\strand.jpg', 'C:\\git\\experiments\\watkins2_part1\\strand.jpg'), ('Mütze', 'Fernseher', 'C:\\git\\experiments\\watkins2_part1\\strand.jpg'), ('Birne', 'Goldfisch', 'C:\\git\\experiments\\watkins2_part1\\berg.jpg', 'C:\\git\\experiments\\watkins2_part1\\berg.jpg'), ('Fenster', 'Tennis', 'C:\\git\\experiments\\watkins2_part1\\wald.jpg'), ('Schwester', 'Staub', 'C:\\git\\experiments\\watkins2_part1\\strand.jpg', 'C:\\git\\experiments\\watkins2_part1\\strand.jpg'), ('Jacke', 'Trommel', 'C:\\git\\experiments\\watkins2_part1\\wueste.jpg'), ('Hammer', 'Mappe', 'C:\\git\\experiments\\watkins2_part1\\wueste.jpg'), ('Ball', 'Flugzeug', 'C:\\git\\experiments\\watkins2_part1\\wald.jpg', 'C:\\git\\experiments\\watkins2_part1\\wald.jpg'), ('Tee', 'Lampe', 'C:\\git\\experiments\\watkins2_part1\\wueste.jpg', 'C:\\git\\experiments\\watkins2_part1\\wueste.jpg'), ('Heft', 'Puzzle', 'C:\\git\\experiments\\watkins2_part1\\wueste.jpg'), ('Auto', 'Müll', 'C:\\git\\experiments\\watkins2_part1\\berg.jpg'), ('Locher', 'Tasse', 'C:\\git\\experiments\\watkins2_part1\\wald.jpg', 'C:\\git\\experiments\\watkins2_part1\\wald.jpg'), ('Schnee', 'Nichte', 'C:\\git\\experiments\\watkins2_part1\\berg.jpg'), ('Krümel', 'Umschlag', 'C:\\git\\experiments\\watkins2_part1\\strand.jpg'), ('Teller', 'Großvater', 'C:\\git\\experiments\\watkins2_part1\\strand.jpg'), ('Löffel', 'Orange', 'C:\\git\\experiments\\watkins2_part1\\wueste.jpg', 'C:\\git\\experiments\\watkins2_part1\\wueste.jpg')]",,,,,,,,,,,,,,,,,,,,,,,,,,,,,,,45,2026-07-24_11h28.35.240,watkins2_part1,,2026.1.3,143.21948816786607,1,29,Männlich,Muttersprache,Abitur,Anderes Studienfach,Bachelor,2026-07-24 11h28.36.125309 +0200,
8,0,8,,8,0,8,0,,,,,241.92087150001316,,,,,,,,,,,,,,,,,,,,,,,,,,,,241.91420900000958,242.40230630000588,242.41523290000623,242.4188276999921,250.41868020000402,Geige,Kakao,C:\git\experiments\watkins2_part1\strand.jpg,"['Geige', 'Kakao', 'C:\\git\\experiments\\watkins2_part1\\strand.jpg']",restudy,1,"[('Bett', 'Regen', 'C:\\git\\experiments\\watkins2_part1\\berg.jpg'), ('Laub', 'Schal', 'C:\\git\\experiments\\watkins2_part1\\wald.jpg'), ('Joggen', 'Banane', 'C:\\git\\experiments\\watkins2_part1\\berg.jpg', 'C:\\git\\experiments\\watkins2_part1\\berg.jpg'), ('Flöte', 'Wolke', 'C:\\git\\experiments\\watkins2_part1\\berg.jpg', 'C:\\git\\experiments\\watkins2_part1\\berg.jpg'), ('Staffelei', 'Dünger', 'C:\\git\\experiments\\watkins2_part1\\wald.jpg', 'C:\\git\\experiments\\watkins2_part1\\wald.jpg'), ('Pinsel', 'Kaninchen', 'C:\\git\\experiments\\watkins2_part1\\wueste.jpg', 'C:\\git\\experiments\\watkins2_part1\\wueste.jpg'), ('Matsch', 'Zange', 'C:\\git\\experiments\\watkins2_part1\\strand.jpg', 'C:\\git\\experiments\\watkins2_part1\\strand.jpg'), ('Boxen', 'Gitarre', 'C:\\git\\experiments\\watkins2_part1\\wald.jpg'), ('Geige', 'Kakao', 'C:\\git\\experiments\\watkins2_part1\\strand.jpg', 'C:\\git\\experiments\\watkins2_part1\\strand.jpg'), ('Mütze', 'Fernseher', 'C:\\git\\experiments\\watkins2_part1\\strand.jpg'), ('Birne', 'Goldfisch', 'C:\\git\\experiments\\watkins2_part1\\berg.jpg', 'C:\\git\\experiments\\watkins2_part1\\berg.jpg'), ('Fenster', 'Tennis', 'C:\\git\\experiments\\watkins2_part1\\wald.jpg'), ('Schwester', 'Staub', 'C:\\git\\experiments\\watkins2_part1\\strand.jpg', 'C:\\git\\experiments\\watkins2_part1\\strand.jpg'), ('Jacke', 'Trommel', 'C:\\git\\experiments\\watkins2_part1\\wueste.jpg'), ('Hammer', 'Mappe', 'C:\\git\\experiments\\watkins2_part1\\wueste.jpg'), ('Ball', 'Flugzeug', 'C:\\git\\experiments\\watkins2_part1\\wald.jpg', 'C:\\git\\experiments\\watkins2_part1\\wald.jpg'), ('Tee', 'Lampe', 'C:\\git\\experiments\\watkins2_part1\\wueste.jpg', 'C:\\git\\experiments\\watkins2_part1\\wueste.jpg'), ('Heft', 'Puzzle', 'C:\\git\\experiments\\watkins2_part1\\wueste.jpg'), ('Auto', 'Müll', 'C:\\git\\experiments\\watkins2_part1\\berg.jpg'), ('Locher', 'Tasse', 'C:\\git\\experiments\\watkins2_part1\\wald.jpg', 'C:\\git\\experiments\\watkins2_part1\\wald.jpg'), ('Schnee', 'Nichte', 'C:\\git\\experiments\\watkins2_part1\\berg.jpg'), ('Krümel', 'Umschlag', 'C:\\git\\experiments\\watkins2_part1\\strand.jpg'), ('Teller', 'Großvater', 'C:\\git\\experiments\\watkins2_part1\\strand.jpg'), ('Löffel', 'Orange', 'C:\\git\\experiments\\watkins2_part1\\wueste.jpg', 'C:\\git\\experiments\\watkins2_part1\\wueste.jpg')]",,,,,,,,,,,,,,,,,,,,,,,,,,,,,,,45,2026-07-24_11h28.35.240,watkins2_part1,,2026.1.3,143.21948816786607,1,29,Männlich,Muttersprache,Abitur,Anderes Studienfach,Bachelor,2026-07-24 11h28.36.125309 +0200,
9,0,9,,9,0,9,0,,,,,250.4255313000176,,,,,,,,,,,,,,,,,,,,,,,,,,,,250.4188734999916,250.90681949999998,250.91885950000142,250.9234098000161,258.91906320001,Mütze,Fernseher,C:\git\experiments\watkins2_part1\strand.jpg,"['Mütze', 'Fernseher', 'C:\\git\\experiments\\watkins2_part1\\strand.jpg']",study,1,"[('Bett', 'Regen', 'C:\\git\\experiments\\watkins2_part1\\berg.jpg'), ('Laub', 'Schal', 'C:\\git\\experiments\\watkins2_part1\\wald.jpg'), ('Joggen', 'Banane', 'C:\\git\\experiments\\watkins2_part1\\berg.jpg', 'C:\\git\\experiments\\watkins2_part1\\berg.jpg'), ('Flöte', 'Wolke', 'C:\\git\\experiments\\watkins2_part1\\berg.jpg', 'C:\\git\\experiments\\watkins2_part1\\berg.jpg'), ('Staffelei', 'Dünger', 'C:\\git\\experiments\\watkins2_part1\\wald.jpg', 'C:\\git\\experiments\\watkins2_part1\\wald.jpg'), ('Pinsel', 'Kaninchen', 'C:\\git\\experiments\\watkins2_part1\\wueste.jpg', 'C:\\git\\experiments\\watkins2_part1\\wueste.jpg'), ('Matsch', 'Zange', 'C:\\git\\experiments\\watkins2_part1\\strand.jpg', 'C:\\git\\experiments\\watkins2_part1\\strand.jpg'), ('Boxen', 'Gitarre', 'C:\\git\\experiments\\watkins2_part1\\wald.jpg'), ('Geige', 'Kakao', 'C:\\git\\experiments\\watkins2_part1\\strand.jpg', 'C:\\git\\experiments\\watkins2_part1\\strand.jpg'), ('Mütze', 'Fernseher', 'C:\\git\\experiments\\watkins2_part1\\strand.jpg'), ('Birne', 'Goldfisch', 'C:\\git\\experiments\\watkins2_part1\\berg.jpg', 'C:\\git\\experiments\\watkins2_part1\\berg.jpg'), ('Fenster', 'Tennis', 'C:\\git\\experiments\\watkins2_part1\\wald.jpg'), ('Schwester', 'Staub', 'C:\\git\\experiments\\watkins2_part1\\strand.jpg', 'C:\\git\\experiments\\watkins2_part1\\strand.jpg'), ('Jacke', 'Trommel', 'C:\\git\\experiments\\watkins2_part1\\wueste.jpg'), ('Hammer', 'Mappe', 'C:\\git\\experiments\\watkins2_part1\\wueste.jpg'), ('Ball', 'Flugzeug', 'C:\\git\\experiments\\watkins2_part1\\wald.jpg', 'C:\\git\\experiments\\watkins2_part1\\wald.jpg'), ('Tee', 'Lampe', 'C:\\git\\experiments\\watkins2_part1\\wueste.jpg', 'C:\\git\\experiments\\watkins2_part1\\wueste.jpg'), ('Heft', 'Puzzle', 'C:\\git\\experiments\\watkins2_part1\\wueste.jpg'), ('Auto', 'Müll', 'C:\\git\\experiments\\watkins2_part1\\berg.jpg'), ('Locher', 'Tasse', 'C:\\git\\experiments\\watkins2_part1\\wald.jpg', 'C:\\git\\experiments\\watkins2_part1\\wald.jpg'), ('Schnee', 'Nichte', 'C:\\git\\experiments\\watkins2_part1\\berg.jpg'), ('Krümel', 'Umschlag', 'C:\\git\\experiments\\watkins2_part1\\strand.jpg'), ('Teller', 'Großvater', 'C:\\git\\experiments\\watkins2_part1\\strand.jpg'), ('Löffel', 'Orange', 'C:\\git\\experiments\\watkins2_part1\\wueste.jpg', 'C:\\git\\experiments\\watkins2_part1\\wueste.jpg')]",,,,,,,,,,,,,,,,,,,,,,,,,,,,,,,45,2026-07-24_11h28.35.240,watkins2_part1,,2026.1.3,143.21948816786607,1,29,Männlich,Muttersprache,Abitur,Anderes Studienfach,Bachelor,2026-07-24 11h28.36.125309 +0200,
10,0,10,,10,0,10,0,,,,,258.92588409999735,,,,,,,,,,,,,,,,,,,,,,,,,,,,258.9192524999962,259.40732950001257,259.4346397999907,259.4396032000077,267.4261160000169,Birne,Goldfisch,C:\git\experiments\watkins2_part1\berg.jpg,"['Birne', 'Goldfisch', 'C:\\git\\experiments\\watkins2_part1\\berg.jpg']",restudy,1,"[('Bett', 'Regen', 'C:\\git\\experiments\\watkins2_part1\\berg.jpg'), ('Laub', 'Schal', 'C:\\git\\experiments\\watkins2_part1\\wald.jpg'), ('Joggen', 'Banane', 'C:\\git\\experiments\\watkins2_part1\\berg.jpg', 'C:\\git\\experiments\\watkins2_part1\\berg.jpg'), ('Flöte', 'Wolke', 'C:\\git\\experiments\\watkins2_part1\\berg.jpg', 'C:\\git\\experiments\\watkins2_part1\\berg.jpg'), ('Staffelei', 'Dünger', 'C:\\git\\experiments\\watkins2_part1\\wald.jpg', 'C:\\git\\experiments\\watkins2_part1\\wald.jpg'), ('Pinsel', 'Kaninchen', 'C:\\git\\experiments\\watkins2_part1\\wueste.jpg', 'C:\\git\\experiments\\watkins2_part1\\wueste.jpg'), ('Matsch', 'Zange', 'C:\\git\\experiments\\watkins2_part1\\strand.jpg', 'C:\\git\\experiments\\watkins2_part1\\strand.jpg'), ('Boxen', 'Gitarre', 'C:\\git\\experiments\\watkins2_part1\\wald.jpg'), ('Geige', 'Kakao', 'C:\\git\\experiments\\watkins2_part1\\strand.jpg', 'C:\\git\\experiments\\watkins2_part1\\strand.jpg'), ('Mütze', 'Fernseher', 'C:\\git\\experiments\\watkins2_part1\\strand.jpg'), ('Birne', 'Goldfisch', 'C:\\git\\experiments\\watkins2_part1\\berg.jpg', 'C:\\git\\experiments\\watkins2_part1\\berg.jpg'), ('Fenster', 'Tennis', 'C:\\git\\experiments\\watkins2_part1\\wald.jpg'), ('Schwester', 'Staub', 'C:\\git\\experiments\\watkins2_part1\\strand.jpg', 'C:\\git\\experiments\\watkins2_part1\\strand.jpg'), ('Jacke', 'Trommel', 'C:\\git\\experiments\\watkins2_part1\\wueste.jpg'), ('Hammer', 'Mappe', 'C:\\git\\experiments\\watkins2_part1\\wueste.jpg'), ('Ball', 'Flugzeug', 'C:\\git\\experiments\\watkins2_part1\\wald.jpg', 'C:\\git\\experiments\\watkins2_part1\\wald.jpg'), ('Tee', 'Lampe', 'C:\\git\\experiments\\watkins2_part1\\wueste.jpg', 'C:\\git\\experiments\\watkins2_part1\\wueste.jpg'), ('Heft', 'Puzzle', 'C:\\git\\experiments\\watkins2_part1\\wueste.jpg'), ('Auto', 'Müll', 'C:\\git\\experiments\\watkins2_part1\\berg.jpg'), ('Locher', 'Tasse', 'C:\\git\\experiments\\watkins2_part1\\wald.jpg', 'C:\\git\\experiments\\watkins2_part1\\wald.jpg'), ('Schnee', 'Nichte', 'C:\\git\\experiments\\watkins2_part1\\berg.jpg'), ('Krümel', 'Umschlag', 'C:\\git\\experiments\\watkins2_part1\\strand.jpg'), ('Teller', 'Großvater', 'C:\\git\\experiments\\watkins2_part1\\strand.jpg'), ('Löffel', 'Orange', 'C:\\git\\experiments\\watkins2_part1\\wueste.jpg', 'C:\\git\\experiments\\watkins2_part1\\wueste.jpg')]",,,,,,,,,,,,,,,,,,,,,,,,,,,,,,,45,2026-07-24_11h28.35.240,watkins2_part1,,2026.1.3,143.21948816786607,1,29,Männlich,Muttersprache,Abitur,Anderes Studienfach,Bachelor,2026-07-24 11h28.36.125309 +0200,
11,0,11,,11,0,11,0,,,,,267.43297290001647,,,,,,,,,,,,,,,,,,,,,,,,,,,,267.4263051000016,267.9143813000119,267.93470589999924,267.9399716000189,275.92806589999236,Fenster,Tennis,C:\git\experiments\watkins2_part1\wald.jpg,"['Fenster', 'Tennis', 'C:\\git\\experiments\\watkins2_part1\\wald.jpg']",study,1,"[('Bett', 'Regen', 'C:\\git\\experiments\\watkins2_part1\\berg.jpg'), ('Laub', 'Schal', 'C:\\git\\experiments\\watkins2_part1\\wald.jpg'), ('Joggen', 'Banane', 'C:\\git\\experiments\\watkins2_part1\\berg.jpg', 'C:\\git\\experiments\\watkins2_part1\\berg.jpg'), ('Flöte', 'Wolke', 'C:\\git\\experiments\\watkins2_part1\\berg.jpg', 'C:\\git\\experiments\\watkins2_part1\\berg.jpg'), ('Staffelei', 'Dünger', 'C:\\git\\experiments\\watkins2_part1\\wald.jpg', 'C:\\git\\experiments\\watkins2_part1\\wald.jpg'), ('Pinsel', 'Kaninchen', 'C:\\git\\experiments\\watkins2_part1\\wueste.jpg', 'C:\\git\\experiments\\watkins2_part1\\wueste.jpg'), ('Matsch', 'Zange', 'C:\\git\\experiments\\watkins2_part1\\strand.jpg', 'C:\\git\\experiments\\watkins2_part1\\strand.jpg'), ('Boxen', 'Gitarre', 'C:\\git\\experiments\\watkins2_part1\\wald.jpg'), ('Geige', 'Kakao', 'C:\\git\\experiments\\watkins2_part1\\strand.jpg', 'C:\\git\\experiments\\watkins2_part1\\strand.jpg'), ('Mütze', 'Fernseher', 'C:\\git\\experiments\\watkins2_part1\\strand.jpg'), ('Birne', 'Goldfisch', 'C:\\git\\experiments\\watkins2_part1\\berg.jpg', 'C:\\git\\experiments\\watkins2_part1\\berg.jpg'), ('Fenster', 'Tennis', 'C:\\git\\experiments\\watkins2_part1\\wald.jpg'), ('Schwester', 'Staub', 'C:\\git\\experiments\\watkins2_part1\\strand.jpg', 'C:\\git\\experiments\\watkins2_part1\\strand.jpg'), ('Jacke', 'Trommel', 'C:\\git\\experiments\\watkins2_part1\\wueste.jpg'), ('Hammer', 'Mappe', 'C:\\git\\experiments\\watkins2_part1\\wueste.jpg'), ('Ball', 'Flugzeug', 'C:\\git\\experiments\\watkins2_part1\\wald.jpg', 'C:\\git\\experiments\\watkins2_part1\\wald.jpg'), ('Tee', 'Lampe', 'C:\\git\\experiments\\watkins2_part1\\wueste.jpg', 'C:\\git\\experiments\\watkins2_part1\\wueste.jpg'), ('Heft', 'Puzzle', 'C:\\git\\experiments\\watkins2_part1\\wueste.jpg'), ('Auto', 'Müll', 'C:\\git\\experiments\\watkins2_part1\\berg.jpg'), ('Locher', 'Tasse', 'C:\\git\\experiments\\watkins2_part1\\wald.jpg', 'C:\\git\\experiments\\watkins2_part1\\wald.jpg'), ('Schnee', 'Nichte', 'C:\\git\\experiments\\watkins2_part1\\berg.jpg'), ('Krümel', 'Umschlag', 'C:\\git\\experiments\\watkins2_part1\\strand.jpg'), ('Teller', 'Großvater', 'C:\\git\\experiments\\watkins2_part1\\strand.jpg'), ('Löffel', 'Orange', 'C:\\git\\experiments\\watkins2_part1\\wueste.jpg', 'C:\\git\\experiments\\watkins2_part1\\wueste.jpg')]",,,,,,,,,,,,,,,,,,,,,,,,,,,,,,,45,2026-07-24_11h28.35.240,watkins2_part1,,2026.1.3,143.21948816786607,1,29,Männlich,Muttersprache,Abitur,Anderes Studienfach,Bachelor,2026-07-24 11h28.36.125309 +0200,
12,0,12,,12,0,12,0,,,,,275.9350037999975,,,,,,,,,,,,,,,,,,,,,,,,,,,,275.928255900013,276.4162103999988,276.4295770000026,276.43271580000874,284.4315948000003,Schwester,Staub,C:\git\experiments\watkins2_part1\strand.jpg,"['Schwester', 'Staub', 'C:\\git\\experiments\\watkins2_part1\\strand.jpg']",restudy,1,"[('Bett', 'Regen', 'C:\\git\\experiments\\watkins2_part1\\berg.jpg'), ('Laub', 'Schal', 'C:\\git\\experiments\\watkins2_part1\\wald.jpg'), ('Joggen', 'Banane', 'C:\\git\\experiments\\watkins2_part1\\berg.jpg', 'C:\\git\\experiments\\watkins2_part1\\berg.jpg'), ('Flöte', 'Wolke', 'C:\\git\\experiments\\watkins2_part1\\berg.jpg', 'C:\\git\\experiments\\watkins2_part1\\berg.jpg'), ('Staffelei', 'Dünger', 'C:\\git\\experiments\\watkins2_part1\\wald.jpg', 'C:\\git\\experiments\\watkins2_part1\\wald.jpg'), ('Pinsel', 'Kaninchen', 'C:\\git\\experiments\\watkins2_part1\\wueste.jpg', 'C:\\git\\experiments\\watkins2_part1\\wueste.jpg'), ('Matsch', 'Zange', 'C:\\git\\experiments\\watkins2_part1\\strand.jpg', 'C:\\git\\experiments\\watkins2_part1\\strand.jpg'), ('Boxen', 'Gitarre', 'C:\\git\\experiments\\watkins2_part1\\wald.jpg'), ('Geige', 'Kakao', 'C:\\git\\experiments\\watkins2_part1\\strand.jpg', 'C:\\git\\experiments\\watkins2_part1\\strand.jpg'), ('Mütze', 'Fernseher', 'C:\\git\\experiments\\watkins2_part1\\strand.jpg'), ('Birne', 'Goldfisch', 'C:\\git\\experiments\\watkins2_part1\\berg.jpg', 'C:\\git\\experiments\\watkins2_part1\\berg.jpg'), ('Fenster', 'Tennis', 'C:\\git\\experiments\\watkins2_part1\\wald.jpg'), ('Schwester', 'Staub', 'C:\\git\\experiments\\watkins2_part1\\strand.jpg', 'C:\\git\\experiments\\watkins2_part1\\strand.jpg'), ('Jacke', 'Trommel', 'C:\\git\\experiments\\watkins2_part1\\wueste.jpg'), ('Hammer', 'Mappe', 'C:\\git\\experiments\\watkins2_part1\\wueste.jpg'), ('Ball', 'Flugzeug', 'C:\\git\\experiments\\watkins2_part1\\wald.jpg', 'C:\\git\\experiments\\watkins2_part1\\wald.jpg'), ('Tee', 'Lampe', 'C:\\git\\experiments\\watkins2_part1\\wueste.jpg', 'C:\\git\\experiments\\watkins2_part1\\wueste.jpg'), ('Heft', 'Puzzle', 'C:\\git\\experiments\\watkins2_part1\\wueste.jpg'), ('Auto', 'Müll', 'C:\\git\\experiments\\watkins2_part1\\berg.jpg'), ('Locher', 'Tasse', 'C:\\git\\experiments\\watkins2_part1\\wald.jpg', 'C:\\git\\experiments\\watkins2_part1\\wald.jpg'), ('Schnee', 'Nichte', 'C:\\git\\experiments\\watkins2_part1\\berg.jpg'), ('Krümel', 'Umschlag', 'C:\\git\\experiments\\watkins2_part1\\strand.jpg'), ('Teller', 'Großvater', 'C:\\git\\experiments\\watkins2_part1\\strand.jpg'), ('Löffel', 'Orange', 'C:\\git\\experiments\\watkins2_part1\\wueste.jpg', 'C:\\git\\experiments\\watkins2_part1\\wueste.jpg')]",,,,,,,,,,,,,,,,,,,,,,,,,,,,,,,45,2026-07-24_11h28.35.240,watkins2_part1,,2026.1.3,143.21948816786607,1,29,Männlich,Muttersprache,Abitur,Anderes Studienfach,Bachelor,2026-07-24 11h28.36.125309 +0200,
13,0,13,,13,0,13,0,,,,,284.43844709999394,,,,,,,,,,,,,,,,,,,,,,,,,,,,284.43178179999813,284.9197761999967,284.9380275000003,284.94123590001254,292.9377910000039,Jacke,Trommel,C:\git\experiments\watkins2_part1\wueste.jpg,"['Jacke', 'Trommel', 'C:\\git\\experiments\\watkins2_part1\\wueste.jpg']",study,1,"[('Bett', 'Regen', 'C:\\git\\experiments\\watkins2_part1\\berg.jpg'), ('Laub', 'Schal', 'C:\\git\\experiments\\watkins2_part1\\wald.jpg'), ('Joggen', 'Banane', 'C:\\git\\experiments\\watkins2_part1\\berg.jpg', 'C:\\git\\experiments\\watkins2_part1\\berg.jpg'), ('Flöte', 'Wolke', 'C:\\git\\experiments\\watkins2_part1\\berg.jpg', 'C:\\git\\experiments\\watkins2_part1\\berg.jpg'), ('Staffelei', 'Dünger', 'C:\\git\\experiments\\watkins2_part1\\wald.jpg', 'C:\\git\\experiments\\watkins2_part1\\wald.jpg'), ('Pinsel', 'Kaninchen', 'C:\\git\\experiments\\watkins2_part1\\wueste.jpg', 'C:\\git\\experiments\\watkins2_part1\\wueste.jpg'), ('Matsch', 'Zange', 'C:\\git\\experiments\\watkins2_part1\\strand.jpg', 'C:\\git\\experiments\\watkins2_part1\\strand.jpg'), ('Boxen', 'Gitarre', 'C:\\git\\experiments\\watkins2_part1\\wald.jpg'), ('Geige', 'Kakao', 'C:\\git\\experiments\\watkins2_part1\\strand.jpg', 'C:\\git\\experiments\\watkins2_part1\\strand.jpg'), ('Mütze', 'Fernseher', 'C:\\git\\experiments\\watkins2_part1\\strand.jpg'), ('Birne', 'Goldfisch', 'C:\\git\\experiments\\watkins2_part1\\berg.jpg', 'C:\\git\\experiments\\watkins2_part1\\berg.jpg'), ('Fenster', 'Tennis', 'C:\\git\\experiments\\watkins2_part1\\wald.jpg'), ('Schwester', 'Staub', 'C:\\git\\experiments\\watkins2_part1\\strand.jpg', 'C:\\git\\experiments\\watkins2_part1\\strand.jpg'), ('Jacke', 'Trommel', 'C:\\git\\experiments\\watkins2_part1\\wueste.jpg'), ('Hammer', 'Mappe', 'C:\\git\\experiments\\watkins2_part1\\wueste.jpg'), ('Ball', 'Flugzeug', 'C:\\git\\experiments\\watkins2_part1\\wald.jpg', 'C:\\git\\experiments\\watkins2_part1\\wald.jpg'), ('Tee', 'Lampe', 'C:\\git\\experiments\\watkins2_part1\\wueste.jpg', 'C:\\git\\experiments\\watkins2_part1\\wueste.jpg'), ('Heft', 'Puzzle', 'C:\\git\\experiments\\watkins2_part1\\wueste.jpg'), ('Auto', 'Müll', 'C:\\git\\experiments\\watkins2_part1\\berg.jpg'), ('Locher', 'Tasse', 'C:\\git\\experiments\\watkins2_part1\\wald.jpg', 'C:\\git\\experiments\\watkins2_part1\\wald.jpg'), ('Schnee', 'Nichte', 'C:\\git\\experiments\\watkins2_part1\\berg.jpg'), ('Krümel', 'Umschlag', 'C:\\git\\experiments\\watkins2_part1\\strand.jpg'), ('Teller', 'Großvater', 'C:\\git\\experiments\\watkins2_part1\\strand.jpg'), ('Löffel', 'Orange', 'C:\\git\\experiments\\watkins2_part1\\wueste.jpg', 'C:\\git\\experiments\\watkins2_part1\\wueste.jpg')]",,,,,,,,,,,,,,,,,,,,,,,,,,,,,,,45,2026-07-24_11h28.35.240,watkins2_part1,,2026.1.3,143.21948816786607,1,29,Männlich,Muttersprache,Abitur,Anderes Studienfach,Bachelor,2026-07-24 11h28.36.125309 +0200,
14,0,14,,14,0,14,0,,,,,292.9446639000089,,,,,,,,,,,,,,,,,,,,,,,,,,,,292.93798010001774,293.42582330000005,293.44164730000193,293.4445013999939,301.4422825000074,Hammer,Mappe,C:\git\experiments\watkins2_part1\wueste.jpg,"['Hammer', 'Mappe', 'C:\\git\\experiments\\watkins2_part1\\wueste.jpg']",study,1,"[('Bett', 'Regen', 'C:\\git\\experiments\\watkins2_part1\\berg.jpg'), ('Laub', 'Schal', 'C:\\git\\experiments\\watkins2_part1\\wald.jpg'), ('Joggen', 'Banane', 'C:\\git\\experiments\\watkins2_part1\\berg.jpg', 'C:\\git\\experiments\\watkins2_part1\\berg.jpg'), ('Flöte', 'Wolke', 'C:\\git\\experiments\\watkins2_part1\\berg.jpg', 'C:\\git\\experiments\\watkins2_part1\\berg.jpg'), ('Staffelei', 'Dünger', 'C:\\git\\experiments\\watkins2_part1\\wald.jpg', 'C:\\git\\experiments\\watkins2_part1\\wald.jpg'), ('Pinsel', 'Kaninchen', 'C:\\git\\experiments\\watkins2_part1\\wueste.jpg', 'C:\\git\\experiments\\watkins2_part1\\wueste.jpg'), ('Matsch', 'Zange', 'C:\\git\\experiments\\watkins2_part1\\strand.jpg', 'C:\\git\\experiments\\watkins2_part1\\strand.jpg'), ('Boxen', 'Gitarre', 'C:\\git\\experiments\\watkins2_part1\\wald.jpg'), ('Geige', 'Kakao', 'C:\\git\\experiments\\watkins2_part1\\strand.jpg', 'C:\\git\\experiments\\watkins2_part1\\strand.jpg'), ('Mütze', 'Fernseher', 'C:\\git\\experiments\\watkins2_part1\\strand.jpg'), ('Birne', 'Goldfisch', 'C:\\git\\experiments\\watkins2_part1\\berg.jpg', 'C:\\git\\experiments\\watkins2_part1\\berg.jpg'), ('Fenster', 'Tennis', 'C:\\git\\experiments\\watkins2_part1\\wald.jpg'), ('Schwester', 'Staub', 'C:\\git\\experiments\\watkins2_part1\\strand.jpg', 'C:\\git\\experiments\\watkins2_part1\\strand.jpg'), ('Jacke', 'Trommel', 'C:\\git\\experiments\\watkins2_part1\\wueste.jpg'), ('Hammer', 'Mappe', 'C:\\git\\experiments\\watkins2_part1\\wueste.jpg'), ('Ball', 'Flugzeug', 'C:\\git\\experiments\\watkins2_part1\\wald.jpg', 'C:\\git\\experiments\\watkins2_part1\\wald.jpg'), ('Tee', 'Lampe', 'C:\\git\\experiments\\watkins2_part1\\wueste.jpg', 'C:\\git\\experiments\\watkins2_part1\\wueste.jpg'), ('Heft', 'Puzzle', 'C:\\git\\experiments\\watkins2_part1\\wueste.jpg'), ('Auto', 'Müll', 'C:\\git\\experiments\\watkins2_part1\\berg.jpg'), ('Locher', 'Tasse', 'C:\\git\\experiments\\watkins2_part1\\wald.jpg', 'C:\\git\\experiments\\watkins2_part1\\wald.jpg'), ('Schnee', 'Nichte', 'C:\\git\\experiments\\watkins2_part1\\berg.jpg'), ('Krümel', 'Umschlag', 'C:\\git\\experiments\\watkins2_part1\\strand.jpg'), ('Teller', 'Großvater', 'C:\\git\\experiments\\watkins2_part1\\strand.jpg'), ('Löffel', 'Orange', 'C:\\git\\experiments\\watkins2_part1\\wueste.jpg', 'C:\\git\\experiments\\watkins2_part1\\wueste.jpg')]",,,,,,,,,,,,,,,,,,,,,,,,,,,,,,,45,2026-07-24_11h28.35.240,watkins2_part1,,2026.1.3,143.21948816786607,1,29,Männlich,Muttersprache,Abitur,Anderes Studienfach,Bachelor,2026-07-24 11h28.36.125309 +0200,
15,0,15,,15,0,15,0,,,,,301.44913200000883,,,,,,,,,,,,,,,,,,,,,,,,,,,,301.44265989999985,301.9305076000164,301.9492097000184,301.95594060001895,309.946625600016,Ball,Flugzeug,C:\git\experiments\watkins2_part1\wald.jpg,"['Ball', 'Flugzeug', 'C:\\git\\experiments\\watkins2_part1\\wald.jpg']",restudy,1,"[('Bett', 'Regen', 'C:\\git\\experiments\\watkins2_part1\\berg.jpg'), ('Laub', 'Schal', 'C:\\git\\experiments\\watkins2_part1\\wald.jpg'), ('Joggen', 'Banane', 'C:\\git\\experiments\\watkins2_part1\\berg.jpg', 'C:\\git\\experiments\\watkins2_part1\\berg.jpg'), ('Flöte', 'Wolke', 'C:\\git\\experiments\\watkins2_part1\\berg.jpg', 'C:\\git\\experiments\\watkins2_part1\\berg.jpg'), ('Staffelei', 'Dünger', 'C:\\git\\experiments\\watkins2_part1\\wald.jpg', 'C:\\git\\experiments\\watkins2_part1\\wald.jpg'), ('Pinsel', 'Kaninchen', 'C:\\git\\experiments\\watkins2_part1\\wueste.jpg', 'C:\\git\\experiments\\watkins2_part1\\wueste.jpg'), ('Matsch', 'Zange', 'C:\\git\\experiments\\watkins2_part1\\strand.jpg', 'C:\\git\\experiments\\watkins2_part1\\strand.jpg'), ('Boxen', 'Gitarre', 'C:\\git\\experiments\\watkins2_part1\\wald.jpg'), ('Geige', 'Kakao', 'C:\\git\\experiments\\watkins2_part1\\strand.jpg', 'C:\\git\\experiments\\watkins2_part1\\strand.jpg'), ('Mütze', 'Fernseher', 'C:\\git\\experiments\\watkins2_part1\\strand.jpg'), ('Birne', 'Goldfisch', 'C:\\git\\experiments\\watkins2_part1\\berg.jpg', 'C:\\git\\experiments\\watkins2_part1\\berg.jpg'), ('Fenster', 'Tennis', 'C:\\git\\experiments\\watkins2_part1\\wald.jpg'), ('Schwester', 'Staub', 'C:\\git\\experiments\\watkins2_part1\\strand.jpg', 'C:\\git\\experiments\\watkins2_part1\\strand.jpg'), ('Jacke', 'Trommel', 'C:\\git\\experiments\\watkins2_part1\\wueste.jpg'), ('Hammer', 'Mappe', 'C:\\git\\experiments\\watkins2_part1\\wueste.jpg'), ('Ball', 'Flugzeug', 'C:\\git\\experiments\\watkins2_part1\\wald.jpg', 'C:\\git\\experiments\\watkins2_part1\\wald.jpg'), ('Tee', 'Lampe', 'C:\\git\\experiments\\watkins2_part1\\wueste.jpg', 'C:\\git\\experiments\\watkins2_part1\\wueste.jpg'), ('Heft', 'Puzzle', 'C:\\git\\experiments\\watkins2_part1\\wueste.jpg'), ('Auto', 'Müll', 'C:\\git\\experiments\\watkins2_part1\\berg.jpg'), ('Locher', 'Tasse', 'C:\\git\\experiments\\watkins2_part1\\wald.jpg', 'C:\\git\\experiments\\watkins2_part1\\wald.jpg'), ('Schnee', 'Nichte', 'C:\\git\\experiments\\watkins2_part1\\berg.jpg'), ('Krümel', 'Umschlag', 'C:\\git\\experiments\\watkins2_part1\\strand.jpg'), ('Teller', 'Großvater', 'C:\\git\\experiments\\watkins2_part1\\strand.jpg'), ('Löffel', 'Orange', 'C:\\git\\experiments\\watkins2_part1\\wueste.jpg', 'C:\\git\\experiments\\watkins2_part1\\wueste.jpg')]",,,,,,,,,,,,,,,,,,,,,,,,,,,,,,,45,2026-07-24_11h28.35.240,watkins2_part1,,2026.1.3,143.21948816786607,1,29,Männlich,Muttersprache,Abitur,Anderes Studienfach,Bachelor,2026-07-24 11h28.36.125309 +0200,
16,0,16,,16,0,16,0,,,,,309.95347910001874,,,,,,,,,,,,,,,,,,,,,,,,,,,,309.9468131000176,310.4348918000178,310.45224420001614,310.4577520000166,318.45234530000016,Tee,Lampe,C:\git\experiments\watkins2_part1\wueste.jpg,"['Tee', 'Lampe', 'C:\\git\\experiments\\watkins2_part1\\wueste.jpg']",restudy,1,"[('Bett', 'Regen', 'C:\\git\\experiments\\watkins2_part1\\berg.jpg'), ('Laub', 'Schal', 'C:\\git\\experiments\\watkins2_part1\\wald.jpg'), ('Joggen', 'Banane', 'C:\\git\\experiments\\watkins2_part1\\berg.jpg', 'C:\\git\\experiments\\watkins2_part1\\berg.jpg'), ('Flöte', 'Wolke', 'C:\\git\\experiments\\watkins2_part1\\berg.jpg', 'C:\\git\\experiments\\watkins2_part1\\berg.jpg'), ('Staffelei', 'Dünger', 'C:\\git\\experiments\\watkins2_part1\\wald.jpg', 'C:\\git\\experiments\\watkins2_part1\\wald.jpg'), ('Pinsel', 'Kaninchen', 'C:\\git\\experiments\\watkins2_part1\\wueste.jpg', 'C:\\git\\experiments\\watkins2_part1\\wueste.jpg'), ('Matsch', 'Zange', 'C:\\git\\experiments\\watkins2_part1\\strand.jpg', 'C:\\git\\experiments\\watkins2_part1\\strand.jpg'), ('Boxen', 'Gitarre', 'C:\\git\\experiments\\watkins2_part1\\wald.jpg'), ('Geige', 'Kakao', 'C:\\git\\experiments\\watkins2_part1\\strand.jpg', 'C:\\git\\experiments\\watkins2_part1\\strand.jpg'), ('Mütze', 'Fernseher', 'C:\\git\\experiments\\watkins2_part1\\strand.jpg'), ('Birne', 'Goldfisch', 'C:\\git\\experiments\\watkins2_part1\\berg.jpg', 'C:\\git\\experiments\\watkins2_part1\\berg.jpg'), ('Fenster', 'Tennis', 'C:\\git\\experiments\\watkins2_part1\\wald.jpg'), ('Schwester', 'Staub', 'C:\\git\\experiments\\watkins2_part1\\strand.jpg', 'C:\\git\\experiments\\watkins2_part1\\strand.jpg'), ('Jacke', 'Trommel', 'C:\\git\\experiments\\watkins2_part1\\wueste.jpg'), ('Hammer', 'Mappe', 'C:\\git\\experiments\\watkins2_part1\\wueste.jpg'), ('Ball', 'Flugzeug', 'C:\\git\\experiments\\watkins2_part1\\wald.jpg', 'C:\\git\\experiments\\watkins2_part1\\wald.jpg'), ('Tee', 'Lampe', 'C:\\git\\experiments\\watkins2_part1\\wueste.jpg', 'C:\\git\\experiments\\watkins2_part1\\wueste.jpg'), ('Heft', 'Puzzle', 'C:\\git\\experiments\\watkins2_part1\\wueste.jpg'), ('Auto', 'Müll', 'C:\\git\\experiments\\watkins2_part1\\berg.jpg'), ('Locher', 'Tasse', 'C:\\git\\experiments\\watkins2_part1\\wald.jpg', 'C:\\git\\experiments\\watkins2_part1\\wald.jpg'), ('Schnee', 'Nichte', 'C:\\git\\experiments\\watkins2_part1\\berg.jpg'), ('Krümel', 'Umschlag', 'C:\\git\\experiments\\watkins2_part1\\strand.jpg'), ('Teller', 'Großvater', 'C:\\git\\experiments\\watkins2_part1\\strand.jpg'), ('Löffel', 'Orange', 'C:\\git\\experiments\\watkins2_part1\\wueste.jpg', 'C:\\git\\experiments\\watkins2_part1\\wueste.jpg')]",,,,,,,,,,,,,,,,,,,,,,,,,,,,,,,45,2026-07-24_11h28.35.240,watkins2_part1,,2026.1.3,143.21948816786607,1,29,Männlich,Muttersprache,Abitur,Anderes Studienfach,Bachelor,2026-07-24 11h28.36.125309 +0200,
17,0,17,,17,0,17,0,,,,,318.4591944999993,,,,,,,,,,,,,,,,,,,,,,,,,,,,318.4525424000167,318.94049510001787,318.9551164000004,318.96157750001294,326.95422710001003,Heft,Puzzle,C:\git\experiments\watkins2_part1\wueste.jpg,"['Heft', 'Puzzle', 'C:\\git\\experiments\\watkins2_part1\\wueste.jpg']",study,1,"[('Bett', 'Regen', 'C:\\git\\experiments\\watkins2_part1\\berg.jpg'), ('Laub', 'Schal', 'C:\\git\\experiments\\watkins2_part1\\wald.jpg'), ('Joggen', 'Banane', 'C:\\git\\experiments\\watkins2_part1\\berg.jpg', 'C:\\git\\experiments\\watkins2_part1\\berg.jpg'), ('Flöte', 'Wolke', 'C:\\git\\experiments\\watkins2_part1\\berg.jpg', 'C:\\git\\experiments\\watkins2_part1\\berg.jpg'), ('Staffelei', 'Dünger', 'C:\\git\\experiments\\watkins2_part1\\wald.jpg', 'C:\\git\\experiments\\watkins2_part1\\wald.jpg'), ('Pinsel', 'Kaninchen', 'C:\\git\\experiments\\watkins2_part1\\wueste.jpg', 'C:\\git\\experiments\\watkins2_part1\\wueste.jpg'), ('Matsch', 'Zange', 'C:\\git\\experiments\\watkins2_part1\\strand.jpg', 'C:\\git\\experiments\\watkins2_part1\\strand.jpg'), ('Boxen', 'Gitarre', 'C:\\git\\experiments\\watkins2_part1\\wald.jpg'), ('Geige', 'Kakao', 'C:\\git\\experiments\\watkins2_part1\\strand.jpg', 'C:\\git\\experiments\\watkins2_part1\\strand.jpg'), ('Mütze', 'Fernseher', 'C:\\git\\experiments\\watkins2_part1\\strand.jpg'), ('Birne', 'Goldfisch', 'C:\\git\\experiments\\watkins2_part1\\berg.jpg', 'C:\\git\\experiments\\watkins2_part1\\berg.jpg'), ('Fenster', 'Tennis', 'C:\\git\\experiments\\watkins2_part1\\wald.jpg'), ('Schwester', 'Staub', 'C:\\git\\experiments\\watkins2_part1\\strand.jpg', 'C:\\git\\experiments\\watkins2_part1\\strand.jpg'), ('Jacke', 'Trommel', 'C:\\git\\experiments\\watkins2_part1\\wueste.jpg'), ('Hammer', 'Mappe', 'C:\\git\\experiments\\watkins2_part1\\wueste.jpg'), ('Ball', 'Flugzeug', 'C:\\git\\experiments\\watkins2_part1\\wald.jpg', 'C:\\git\\experiments\\watkins2_part1\\wald.jpg'), ('Tee', 'Lampe', 'C:\\git\\experiments\\watkins2_part1\\wueste.jpg', 'C:\\git\\experiments\\watkins2_part1\\wueste.jpg'), ('Heft', 'Puzzle', 'C:\\git\\experiments\\watkins2_part1\\wueste.jpg'), ('Auto', 'Müll', 'C:\\git\\experiments\\watkins2_part1\\berg.jpg'), ('Locher', 'Tasse', 'C:\\git\\experiments\\watkins2_part1\\wald.jpg', 'C:\\git\\experiments\\watkins2_part1\\wald.jpg'), ('Schnee', 'Nichte', 'C:\\git\\experiments\\watkins2_part1\\berg.jpg'), ('Krümel', 'Umschlag', 'C:\\git\\experiments\\watkins2_part1\\strand.jpg'), ('Teller', 'Großvater', 'C:\\git\\experiments\\watkins2_part1\\strand.jpg'), ('Löffel', 'Orange', 'C:\\git\\experiments\\watkins2_part1\\wueste.jpg', 'C:\\git\\experiments\\watkins2_part1\\wueste.jpg')]",,,,,,,,,,,,,,,,,,,,,,,,,,,,,,,45,2026-07-24_11h28.35.240,watkins2_part1,,2026.1.3,143.21948816786607,1,29,Männlich,Muttersprache,Abitur,Anderes Studienfach,Bachelor,2026-07-24 11h28.36.125309 +0200,
18,0,18,,18,0,18,0,,,,,326.96116840001196,,,,,,,,,,,,,,,,,,,,,,,,,,,,326.95441380000557,327.4425154000055,327.4702199000167,327.4752581999928,335.45730979999644,Auto,Müll,C:\git\experiments\watkins2_part1\berg.jpg,"['Auto', 'Müll', 'C:\\git\\experiments\\watkins2_part1\\berg.jpg']",study,1,"[('Bett', 'Regen', 'C:\\git\\experiments\\watkins2_part1\\berg.jpg'), ('Laub', 'Schal', 'C:\\git\\experiments\\watkins2_part1\\wald.jpg'), ('Joggen', 'Banane', 'C:\\git\\experiments\\watkins2_part1\\berg.jpg', 'C:\\git\\experiments\\watkins2_part1\\berg.jpg'), ('Flöte', 'Wolke', 'C:\\git\\experiments\\watkins2_part1\\berg.jpg', 'C:\\git\\experiments\\watkins2_part1\\berg.jpg'), ('Staffelei', 'Dünger', 'C:\\git\\experiments\\watkins2_part1\\wald.jpg', 'C:\\git\\experiments\\watkins2_part1\\wald.jpg'), ('Pinsel', 'Kaninchen', 'C:\\git\\experiments\\watkins2_part1\\wueste.jpg', 'C:\\git\\experiments\\watkins2_part1\\wueste.jpg'), ('Matsch', 'Zange', 'C:\\git\\experiments\\watkins2_part1\\strand.jpg', 'C:\\git\\experiments\\watkins2_part1\\strand.jpg'), ('Boxen', 'Gitarre', 'C:\\git\\experiments\\watkins2_part1\\wald.jpg'), ('Geige', 'Kakao', 'C:\\git\\experiments\\watkins2_part1\\strand.jpg', 'C:\\git\\experiments\\watkins2_part1\\strand.jpg'), ('Mütze', 'Fernseher', 'C:\\git\\experiments\\watkins2_part1\\strand.jpg'), ('Birne', 'Goldfisch', 'C:\\git\\experiments\\watkins2_part1\\berg.jpg', 'C:\\git\\experiments\\watkins2_part1\\berg.jpg'), ('Fenster', 'Tennis', 'C:\\git\\experiments\\watkins2_part1\\wald.jpg'), ('Schwester', 'Staub', 'C:\\git\\experiments\\watkins2_part1\\strand.jpg', 'C:\\git\\experiments\\watkins2_part1\\strand.jpg'), ('Jacke', 'Trommel', 'C:\\git\\experiments\\watkins2_part1\\wueste.jpg'), ('Hammer', 'Mappe', 'C:\\git\\experiments\\watkins2_part1\\wueste.jpg'), ('Ball', 'Flugzeug', 'C:\\git\\experiments\\watkins2_part1\\wald.jpg', 'C:\\git\\experiments\\watkins2_part1\\wald.jpg'), ('Tee', 'Lampe', 'C:\\git\\experiments\\watkins2_part1\\wueste.jpg', 'C:\\git\\experiments\\watkins2_part1\\wueste.jpg'), ('Heft', 'Puzzle', 'C:\\git\\experiments\\watkins2_part1\\wueste.jpg'), ('Auto', 'Müll', 'C:\\git\\experiments\\watkins2_part1\\berg.jpg'), ('Locher', 'Tasse', 'C:\\git\\experiments\\watkins2_part1\\wald.jpg', 'C:\\git\\experiments\\watkins2_part1\\wald.jpg'), ('Schnee', 'Nichte', 'C:\\git\\experiments\\watkins2_part1\\berg.jpg'), ('Krümel', 'Umschlag', 'C:\\git\\experiments\\watkins2_part1\\strand.jpg'), ('Teller', 'Großvater', 'C:\\git\\experiments\\watkins2_part1\\strand.jpg'), ('Löffel', 'Orange', 'C:\\git\\experiments\\watkins2_part1\\wueste.jpg', 'C:\\git\\experiments\\watkins2_part1\\wueste.jpg')]",,,,,,,,,,,,,,,,,,,,,,,,,,,,,,,45,2026-07-24_11h28.35.240,watkins2_part1,,2026.1.3,143.21948816786607,1,29,Männlich,Muttersprache,Abitur,Anderes Studienfach,Bachelor,2026-07-24 11h28.36.125309 +0200,
19,0,19,,19,0,19,0,,,,,335.4641624999931,,,,,,,,,,,,,,,,,,,,,,,,,,,,335.4575022000063,335.9455752999929,335.9658794999996,335.97164940001676,343.9614405000175,Locher,Tasse,C:\git\experiments\watkins2_part1\wald.jpg,"['Locher', 'Tasse', 'C:\\git\\experiments\\watkins2_part1\\wald.jpg']",restudy,1,"[('Bett', 'Regen', 'C:\\git\\experiments\\watkins2_part1\\berg.jpg'), ('Laub', 'Schal', 'C:\\git\\experiments\\watkins2_part1\\wald.jpg'), ('Joggen', 'Banane', 'C:\\git\\experiments\\watkins2_part1\\berg.jpg', 'C:\\git\\experiments\\watkins2_part1\\berg.jpg'), ('Flöte', 'Wolke', 'C:\\git\\experiments\\watkins2_part1\\berg.jpg', 'C:\\git\\experiments\\watkins2_part1\\berg.jpg'), ('Staffelei', 'Dünger', 'C:\\git\\experiments\\watkins2_part1\\wald.jpg', 'C:\\git\\experiments\\watkins2_part1\\wald.jpg'), ('Pinsel', 'Kaninchen', 'C:\\git\\experiments\\watkins2_part1\\wueste.jpg', 'C:\\git\\experiments\\watkins2_part1\\wueste.jpg'), ('Matsch', 'Zange', 'C:\\git\\experiments\\watkins2_part1\\strand.jpg', 'C:\\git\\experiments\\watkins2_part1\\strand.jpg'), ('Boxen', 'Gitarre', 'C:\\git\\experiments\\watkins2_part1\\wald.jpg'), ('Geige', 'Kakao', 'C:\\git\\experiments\\watkins2_part1\\strand.jpg', 'C:\\git\\experiments\\watkins2_part1\\strand.jpg'), ('Mütze', 'Fernseher', 'C:\\git\\experiments\\watkins2_part1\\strand.jpg'), ('Birne', 'Goldfisch', 'C:\\git\\experiments\\watkins2_part1\\berg.jpg', 'C:\\git\\experiments\\watkins2_part1\\berg.jpg'), ('Fenster', 'Tennis', 'C:\\git\\experiments\\watkins2_part1\\wald.jpg'), ('Schwester', 'Staub', 'C:\\git\\experiments\\watkins2_part1\\strand.jpg', 'C:\\git\\experiments\\watkins2_part1\\strand.jpg'), ('Jacke', 'Trommel', 'C:\\git\\experiments\\watkins2_part1\\wueste.jpg'), ('Hammer', 'Mappe', 'C:\\git\\experiments\\watkins2_part1\\wueste.jpg'), ('Ball', 'Flugzeug', 'C:\\git\\experiments\\watkins2_part1\\wald.jpg', 'C:\\git\\experiments\\watkins2_part1\\wald.jpg'), ('Tee', 'Lampe', 'C:\\git\\experiments\\watkins2_part1\\wueste.jpg', 'C:\\git\\experiments\\watkins2_part1\\wueste.jpg'), ('Heft', 'Puzzle', 'C:\\git\\experiments\\watkins2_part1\\wueste.jpg'), ('Auto', 'Müll', 'C:\\git\\experiments\\watkins2_part1\\berg.jpg'), ('Locher', 'Tasse', 'C:\\git\\experiments\\watkins2_part1\\wald.jpg', 'C:\\git\\experiments\\watkins2_part1\\wald.jpg'), ('Schnee', 'Nichte', 'C:\\git\\experiments\\watkins2_part1\\berg.jpg'), ('Krümel', 'Umschlag', 'C:\\git\\experiments\\watkins2_part1\\strand.jpg'), ('Teller', 'Großvater', 'C:\\git\\experiments\\watkins2_part1\\strand.jpg'), ('Löffel', 'Orange', 'C:\\git\\experiments\\watkins2_part1\\wueste.jpg', 'C:\\git\\experiments\\watkins2_part1\\wueste.jpg')]",,,,,,,,,,,,,,,,,,,,,,,,,,,,,,,45,2026-07-24_11h28.35.240,watkins2_part1,,2026.1.3,143.21948816786607,1,29,Männlich,Muttersprache,Abitur,Anderes Studienfach,Bachelor,2026-07-24 11h28.36.125309 +0200,
20,0,20,,20,0,20,0,,,,,343.9682537000044,,,,,,,,,,,,,,,,,,,,,,,,,,,,343.96164520000457,344.4497215000156,344.4772238000005,344.4816972000117,352.46424649999244,Schnee,Nichte,C:\git\experiments\watkins2_part1\berg.jpg,"['Schnee', 'Nichte', 'C:\\git\\experiments\\watkins2_part1\\berg.jpg']",study,1,"[('Bett', 'Regen', 'C:\\git\\experiments\\watkins2_part1\\berg.jpg'), ('Laub', 'Schal', 'C:\\git\\experiments\\watkins2_part1\\wald.jpg'), ('Joggen', 'Banane', 'C:\\git\\experiments\\watkins2_part1\\berg.jpg', 'C:\\git\\experiments\\watkins2_part1\\berg.jpg'), ('Flöte', 'Wolke', 'C:\\git\\experiments\\watkins2_part1\\berg.jpg', 'C:\\git\\experiments\\watkins2_part1\\berg.jpg'), ('Staffelei', 'Dünger', 'C:\\git\\experiments\\watkins2_part1\\wald.jpg', 'C:\\git\\experiments\\watkins2_part1\\wald.jpg'), ('Pinsel', 'Kaninchen', 'C:\\git\\experiments\\watkins2_part1\\wueste.jpg', 'C:\\git\\experiments\\watkins2_part1\\wueste.jpg'), ('Matsch', 'Zange', 'C:\\git\\experiments\\watkins2_part1\\strand.jpg', 'C:\\git\\experiments\\watkins2_part1\\strand.jpg'), ('Boxen', 'Gitarre', 'C:\\git\\experiments\\watkins2_part1\\wald.jpg'), ('Geige', 'Kakao', 'C:\\git\\experiments\\watkins2_part1\\strand.jpg', 'C:\\git\\experiments\\watkins2_part1\\strand.jpg'), ('Mütze', 'Fernseher', 'C:\\git\\experiments\\watkins2_part1\\strand.jpg'), ('Birne', 'Goldfisch', 'C:\\git\\experiments\\watkins2_part1\\berg.jpg', 'C:\\git\\experiments\\watkins2_part1\\berg.jpg'), ('Fenster', 'Tennis', 'C:\\git\\experiments\\watkins2_part1\\wald.jpg'), ('Schwester', 'Staub', 'C:\\git\\experiments\\watkins2_part1\\strand.jpg', 'C:\\git\\experiments\\watkins2_part1\\strand.jpg'), ('Jacke', 'Trommel', 'C:\\git\\experiments\\watkins2_part1\\wueste.jpg'), ('Hammer', 'Mappe', 'C:\\git\\experiments\\watkins2_part1\\wueste.jpg'), ('Ball', 'Flugzeug', 'C:\\git\\experiments\\watkins2_part1\\wald.jpg', 'C:\\git\\experiments\\watkins2_part1\\wald.jpg'), ('Tee', 'Lampe', 'C:\\git\\experiments\\watkins2_part1\\wueste.jpg', 'C:\\git\\experiments\\watkins2_part1\\wueste.jpg'), ('Heft', 'Puzzle', 'C:\\git\\experiments\\watkins2_part1\\wueste.jpg'), ('Auto', 'Müll', 'C:\\git\\experiments\\watkins2_part1\\berg.jpg'), ('Locher', 'Tasse', 'C:\\git\\experiments\\watkins2_part1\\wald.jpg', 'C:\\git\\experiments\\watkins2_part1\\wald.jpg'), ('Schnee', 'Nichte', 'C:\\git\\experiments\\watkins2_part1\\berg.jpg'), ('Krümel', 'Umschlag', 'C:\\git\\experiments\\watkins2_part1\\strand.jpg'), ('Teller', 'Großvater', 'C:\\git\\experiments\\watkins2_part1\\strand.jpg'), ('Löffel', 'Orange', 'C:\\git\\experiments\\watkins2_part1\\wueste.jpg', 'C:\\git\\experiments\\watkins2_part1\\wueste.jpg')]",,,,,,,,,,,,,,,,,,,,,,,,,,,,,,,45,2026-07-24_11h28.35.240,watkins2_part1,,2026.1.3,143.21948816786607,1,29,Männlich,Muttersprache,Abitur,Anderes Studienfach,Bachelor,2026-07-24 11h28.36.125309 +0200,
21,0,21,,21,0,21,0,,,,,352.4711168000067,,,,,,,,,,,,,,,,,,,,,,,,,,,,352.46443540000473,352.9525328000018,352.9676279000123,352.97241580000264,360.97023450001143,Krümel,Umschlag,C:\git\experiments\watkins2_part1\strand.jpg,"['Krümel', 'Umschlag', 'C:\\git\\experiments\\watkins2_part1\\strand.jpg']",study,1,"[('Bett', 'Regen', 'C:\\git\\experiments\\watkins2_part1\\berg.jpg'), ('Laub', 'Schal', 'C:\\git\\experiments\\watkins2_part1\\wald.jpg'), ('Joggen', 'Banane', 'C:\\git\\experiments\\watkins2_part1\\berg.jpg', 'C:\\git\\experiments\\watkins2_part1\\berg.jpg'), ('Flöte', 'Wolke', 'C:\\git\\experiments\\watkins2_part1\\berg.jpg', 'C:\\git\\experiments\\watkins2_part1\\berg.jpg'), ('Staffelei', 'Dünger', 'C:\\git\\experiments\\watkins2_part1\\wald.jpg', 'C:\\git\\experiments\\watkins2_part1\\wald.jpg'), ('Pinsel', 'Kaninchen', 'C:\\git\\experiments\\watkins2_part1\\wueste.jpg', 'C:\\git\\experiments\\watkins2_part1\\wueste.jpg'), ('Matsch', 'Zange', 'C:\\git\\experiments\\watkins2_part1\\strand.jpg', 'C:\\git\\experiments\\watkins2_part1\\strand.jpg'), ('Boxen', 'Gitarre', 'C:\\git\\experiments\\watkins2_part1\\wald.jpg'), ('Geige', 'Kakao', 'C:\\git\\experiments\\watkins2_part1\\strand.jpg', 'C:\\git\\experiments\\watkins2_part1\\strand.jpg'), ('Mütze', 'Fernseher', 'C:\\git\\experiments\\watkins2_part1\\strand.jpg'), ('Birne', 'Goldfisch', 'C:\\git\\experiments\\watkins2_part1\\berg.jpg', 'C:\\git\\experiments\\watkins2_part1\\berg.jpg'), ('Fenster', 'Tennis', 'C:\\git\\experiments\\watkins2_part1\\wald.jpg'), ('Schwester', 'Staub', 'C:\\git\\experiments\\watkins2_part1\\strand.jpg', 'C:\\git\\experiments\\watkins2_part1\\strand.jpg'), ('Jacke', 'Trommel', 'C:\\git\\experiments\\watkins2_part1\\wueste.jpg'), ('Hammer', 'Mappe', 'C:\\git\\experiments\\watkins2_part1\\wueste.jpg'), ('Ball', 'Flugzeug', 'C:\\git\\experiments\\watkins2_part1\\wald.jpg', 'C:\\git\\experiments\\watkins2_part1\\wald.jpg'), ('Tee', 'Lampe', 'C:\\git\\experiments\\watkins2_part1\\wueste.jpg', 'C:\\git\\experiments\\watkins2_part1\\wueste.jpg'), ('Heft', 'Puzzle', 'C:\\git\\experiments\\watkins2_part1\\wueste.jpg'), ('Auto', 'Müll', 'C:\\git\\experiments\\watkins2_part1\\berg.jpg'), ('Locher', 'Tasse', 'C:\\git\\experiments\\watkins2_part1\\wald.jpg', 'C:\\git\\experiments\\watkins2_part1\\wald.jpg'), ('Schnee', 'Nichte', 'C:\\git\\experiments\\watkins2_part1\\berg.jpg'), ('Krümel', 'Umschlag', 'C:\\git\\experiments\\watkins2_part1\\strand.jpg'), ('Teller', 'Großvater', 'C:\\git\\experiments\\watkins2_part1\\strand.jpg'), ('Löffel', 'Orange', 'C:\\git\\experiments\\watkins2_part1\\wueste.jpg', 'C:\\git\\experiments\\watkins2_part1\\wueste.jpg')]",,,,,,,,,,,,,,,,,,,,,,,,,,,,,,,45,2026-07-24_11h28.35.240,watkins2_part1,,2026.1.3,143.21948816786607,1,29,Männlich,Muttersprache,Abitur,Anderes Studienfach,Bachelor,2026-07-24 11h28.36.125309 +0200,
22,0,22,,22,0,22,0,,,,,360.97706090001157,,,,,,,,,,,,,,,,,,,,,,,,,,,,360.9704233999946,361.4585284999921,361.4711321000068,361.47536420001416,369.4713950000005,Teller,Großvater,C:\git\experiments\watkins2_part1\strand.jpg,"['Teller', 'Großvater', 'C:\\git\\experiments\\watkins2_part1\\strand.jpg']",study,1,"[('Bett', 'Regen', 'C:\\git\\experiments\\watkins2_part1\\berg.jpg'), ('Laub', 'Schal', 'C:\\git\\experiments\\watkins2_part1\\wald.jpg'), ('Joggen', 'Banane', 'C:\\git\\experiments\\watkins2_part1\\berg.jpg', 'C:\\git\\experiments\\watkins2_part1\\berg.jpg'), ('Flöte', 'Wolke', 'C:\\git\\experiments\\watkins2_part1\\berg.jpg', 'C:\\git\\experiments\\watkins2_part1\\berg.jpg'), ('Staffelei', 'Dünger', 'C:\\git\\experiments\\watkins2_part1\\wald.jpg', 'C:\\git\\experiments\\watkins2_part1\\wald.jpg'), ('Pinsel', 'Kaninchen', 'C:\\git\\experiments\\watkins2_part1\\wueste.jpg', 'C:\\git\\experiments\\watkins2_part1\\wueste.jpg'), ('Matsch', 'Zange', 'C:\\git\\experiments\\watkins2_part1\\strand.jpg', 'C:\\git\\experiments\\watkins2_part1\\strand.jpg'), ('Boxen', 'Gitarre', 'C:\\git\\experiments\\watkins2_part1\\wald.jpg'), ('Geige', 'Kakao', 'C:\\git\\experiments\\watkins2_part1\\strand.jpg', 'C:\\git\\experiments\\watkins2_part1\\strand.jpg'), ('Mütze', 'Fernseher', 'C:\\git\\experiments\\watkins2_part1\\strand.jpg'), ('Birne', 'Goldfisch', 'C:\\git\\experiments\\watkins2_part1\\berg.jpg', 'C:\\git\\experiments\\watkins2_part1\\berg.jpg'), ('Fenster', 'Tennis', 'C:\\git\\experiments\\watkins2_part1\\wald.jpg'), ('Schwester', 'Staub', 'C:\\git\\experiments\\watkins2_part1\\strand.jpg', 'C:\\git\\experiments\\watkins2_part1\\strand.jpg'), ('Jacke', 'Trommel', 'C:\\git\\experiments\\watkins2_part1\\wueste.jpg'), ('Hammer', 'Mappe', 'C:\\git\\experiments\\watkins2_part1\\wueste.jpg'), ('Ball', 'Flugzeug', 'C:\\git\\experiments\\watkins2_part1\\wald.jpg', 'C:\\git\\experiments\\watkins2_part1\\wald.jpg'), ('Tee', 'Lampe', 'C:\\git\\experiments\\watkins2_part1\\wueste.jpg', 'C:\\git\\experiments\\watkins2_part1\\wueste.jpg'), ('Heft', 'Puzzle', 'C:\\git\\experiments\\watkins2_part1\\wueste.jpg'), ('Auto', 'Müll', 'C:\\git\\experiments\\watkins2_part1\\berg.jpg'), ('Locher', 'Tasse', 'C:\\git\\experiments\\watkins2_part1\\wald.jpg', 'C:\\git\\experiments\\watkins2_part1\\wald.jpg'), ('Schnee', 'Nichte', 'C:\\git\\experiments\\watkins2_part1\\berg.jpg'), ('Krümel', 'Umschlag', 'C:\\git\\experiments\\watkins2_part1\\strand.jpg'), ('Teller', 'Großvater', 'C:\\git\\experiments\\watkins2_part1\\strand.jpg'), ('Löffel', 'Orange', 'C:\\git\\experiments\\watkins2_part1\\wueste.jpg', 'C:\\git\\experiments\\watkins2_part1\\wueste.jpg')]",,,,,,,,,,,,,,,,,,,,,,,,,,,,,,,45,2026-07-24_11h28.35.240,watkins2_part1,,2026.1.3,143.21948816786607,1,29,Männlich,Muttersprache,Abitur,Anderes Studienfach,Bachelor,2026-07-24 11h28.36.125309 +0200,
23,0,23,,23,0,23,0,,,,,369.478259800002,,,,,,,,,,,,,,,,,,,,,,,,,,,,369.47158189999755,369.95951780001633,369.9781888000143,369.9835171000159,377.9717346999969,Löffel,Orange,C:\git\experiments\watkins2_part1\wueste.jpg,"['Löffel', 'Orange', 'C:\\git\\experiments\\watkins2_part1\\wueste.jpg']",restudy,1,"[('Bett', 'Regen', 'C:\\git\\experiments\\watkins2_part1\\berg.jpg'), ('Laub', 'Schal', 'C:\\git\\experiments\\watkins2_part1\\wald.jpg'), ('Joggen', 'Banane', 'C:\\git\\experiments\\watkins2_part1\\berg.jpg', 'C:\\git\\experiments\\watkins2_part1\\berg.jpg'), ('Flöte', 'Wolke', 'C:\\git\\experiments\\watkins2_part1\\berg.jpg', 'C:\\git\\experiments\\watkins2_part1\\berg.jpg'), ('Staffelei', 'Dünger', 'C:\\git\\experiments\\watkins2_part1\\wald.jpg', 'C:\\git\\experiments\\watkins2_part1\\wald.jpg'), ('Pinsel', 'Kaninchen', 'C:\\git\\experiments\\watkins2_part1\\wueste.jpg', 'C:\\git\\experiments\\watkins2_part1\\wueste.jpg'), ('Matsch', 'Zange', 'C:\\git\\experiments\\watkins2_part1\\strand.jpg', 'C:\\git\\experiments\\watkins2_part1\\strand.jpg'), ('Boxen', 'Gitarre', 'C:\\git\\experiments\\watkins2_part1\\wald.jpg'), ('Geige', 'Kakao', 'C:\\git\\experiments\\watkins2_part1\\strand.jpg', 'C:\\git\\experiments\\watkins2_part1\\strand.jpg'), ('Mütze', 'Fernseher', 'C:\\git\\experiments\\watkins2_part1\\strand.jpg'), ('Birne', 'Goldfisch', 'C:\\git\\experiments\\watkins2_part1\\berg.jpg', 'C:\\git\\experiments\\watkins2_part1\\berg.jpg'), ('Fenster', 'Tennis', 'C:\\git\\experiments\\watkins2_part1\\wald.jpg'), ('Schwester', 'Staub', 'C:\\git\\experiments\\watkins2_part1\\strand.jpg', 'C:\\git\\experiments\\watkins2_part1\\strand.jpg'), ('Jacke', 'Trommel', 'C:\\git\\experiments\\watkins2_part1\\wueste.jpg'), ('Hammer', 'Mappe', 'C:\\git\\experiments\\watkins2_part1\\wueste.jpg'), ('Ball', 'Flugzeug', 'C:\\git\\experiments\\watkins2_part1\\wald.jpg', 'C:\\git\\experiments\\watkins2_part1\\wald.jpg'), ('Tee', 'Lampe', 'C:\\git\\experiments\\watkins2_part1\\wueste.jpg', 'C:\\git\\experiments\\watkins2_part1\\wueste.jpg'), ('Heft', 'Puzzle', 'C:\\git\\experiments\\watkins2_part1\\wueste.jpg'), ('Auto', 'Müll', 'C:\\git\\experiments\\watkins2_part1\\berg.jpg'), ('Locher', 'Tasse', 'C:\\git\\experiments\\watkins2_part1\\wald.jpg', 'C:\\git\\experiments\\watkins2_part1\\wald.jpg'), ('Schnee', 'Nichte', 'C:\\git\\experiments\\watkins2_part1\\berg.jpg'), ('Krümel', 'Umschlag', 'C:\\git\\experiments\\watkins2_part1\\strand.jpg'), ('Teller', 'Großvater', 'C:\\git\\experiments\\watkins2_part1\\strand.jpg'), ('Löffel', 'Orange', 'C:\\git\\experiments\\watkins2_part1\\wueste.jpg', 'C:\\git\\experiments\\watkins2_part1\\wueste.jpg')]",,,,,,,,,,,,,,,,,,,,,,,,,,,,,,,45,2026-07-24_11h28.35.240,watkins2_part1,,2026.1.3,143.21948816786607,1,29,Männlich,Muttersprache,Abitur,Anderes Studienfach,Bachelor,2026-07-24 11h28.36.125309 +0200,
,,,,,,,,,,,,,,,,,,,,,,,,,,,,,,,,,,,,,,,,,,,,,,,,,,1,,377.9721911000088,377.9785872999928,421.7717367000005,,,,,,,,,,,,,,,,,,,,,,,,,,,,45,2026-07-24_11h28.35.240,watkins2_part1,,2026.1.3,143.21948816786607,1,29,Männlich,Muttersprache,Abitur,Anderes Studienfach,Bachelor,2026-07-24 11h28.36.125309 +0200,
,,,,,,,,,,,,,,,,,,,,,,,,,,,,,,,,,,,,,,,,,,,,,,,,,,1,,,,,421.7826943999971,461.8768325000128,,,,,,,,,,,,,,,,,,,,,,,,,,45,2026-07-24_11h28.35.240,watkins2_part1,,2026.1.3,143.21948816786607,1,29,Männlich,Muttersprache,Abitur,Anderes Studienfach,Bachelor,2026-07-24 11h28.36.125309 +0200,
,,,,,,,,,,,,,,,,,,,,,,,,,,,,,,,,,,,,,,,,,,,,,,,,,,1,,,,,,,461.8770910000021,461.8771623999928,,,,,,,,,,,,,,,,,,,,,,,,45,2026-07-24_11h28.35.240,watkins2_part1,,2026.1.3,143.21948816786607,1,29,Männlich,Muttersprache,Abitur,Anderes Studienfach,Bachelor,2026-07-24 11h28.36.125309 +0200,
,,,,,,,,,,,,,,,,,,,,,,,,,,,,,,,,,,,,,,461.8771878000116,462.8669135000091,,,,,,,,,,,1,,,,,,,,,,,,,,,,,,,,,,,,,,,,,,,,45,2026-07-24_11h28.35.240,watkins2_part1,,2026.1.3,143.21948816786607,1,29,Männlich,Muttersprache,Abitur,Anderes Studienfach,Bachelor,2026-07-24 11h28.36.125309 +0200,
0,0,0,,,,,,0,0,0,0,462.87379700000747,,,,,,,,,,,,,,,,,,,,,,,,,,,,462.86736750000273,463.3552292000095,,,,Kaffee,Skulptur,,"['Kaffee', 'Skulptur', 'C:\\git\\experiments\\watkins2_part1\\strand.jpg']",study_new,1,,,,,,,,,,,462.8672204000177,462.86726580001414,C:\git\experiments\watkins2_part1\strand.jpg,"[('Kaffee', 'Skulptur', 'C:\\git\\experiments\\watkins2_part1\\strand.jpg'), ('Kamera', 'Sofa', 'C:\\git\\experiments\\watkins2_part1\\wald.jpg'), ('Birne', 'Goldfisch', 'C:\\git\\experiments\\watkins2_part1\\berg.jpg', 'C:\\git\\experiments\\watkins2_part1\\berg.jpg'), ('Fahrrad', 'Säge', 'C:\\git\\experiments\\watkins2_part1\\wald.jpg'), ('Joggen', 'Banane', 'C:\\git\\experiments\\watkins2_part1\\berg.jpg', 'C:\\git\\experiments\\watkins2_part1\\berg.jpg'), ('Ball', 'Flugzeug', 'C:\\git\\experiments\\watkins2_part1\\wald.jpg', 'C:\\git\\experiments\\watkins2_part1\\wald.jpg'), ('Locher', 'Tasse', 'C:\\git\\experiments\\watkins2_part1\\wald.jpg', 'C:\\git\\experiments\\watkins2_part1\\wald.jpg'), ('Computer', 'Schwimmen', 'C:\\git\\experiments\\watkins2_part1\\wueste.jpg'), ('Geige', 'Kakao', 'C:\\git\\experiments\\watkins2_part1\\strand.jpg', 'C:\\git\\experiments\\watkins2_part1\\strand.jpg'), ('Tee', 'Lampe', 'C:\\git\\experiments\\watkins2_part1\\wueste.jpg', 'C:\\git\\experiments\\watkins2_part1\\wueste.jpg'), ('Pinsel', 'Kaninchen', 'C:\\git\\experiments\\watkins2_part1\\wueste.jpg', 'C:\\git\\experiments\\watkins2_part1\\wueste.jpg'), ('Flöte', 'Wolke', 'C:\\git\\experiments\\watkins2_part1\\berg.jpg', 'C:\\git\\experiments\\watkins2_part1\\berg.jpg'), ('Hamster', 'Drucker', 'C:\\git\\experiments\\watkins2_part1\\wald.jpg'), ('Staffelei', 'Dünger', 'C:\\git\\experiments\\watkins2_part1\\wald.jpg', 'C:\\git\\experiments\\watkins2_part1\\wald.jpg'), ('Kreisel', 'Leinwand', 'C:\\git\\experiments\\watkins2_part1\\strand.jpg'), ('Traube', 'Limonade', 'C:\\git\\experiments\\watkins2_part1\\strand.jpg'), ('Wind', 'Bus', 'C:\\git\\experiments\\watkins2_part1\\berg.jpg'), ('Schwester', 'Staub', 'C:\\git\\experiments\\watkins2_part1\\strand.jpg', 'C:\\git\\experiments\\watkins2_part1\\strand.jpg'), ('Bohrer', 'Hemd', 'C:\\git\\experiments\\watkins2_part1\\wueste.jpg'), ('Rasen', 'Würfel', 'C:\\git\\experiments\\watkins2_part1\\berg.jpg'), ('Katze', 'Topf', 'C:\\git\\experiments\\watkins2_part1\\berg.jpg'), ('Löffel', 'Orange', 'C:\\git\\experiments\\watkins2_part1\\wueste.jpg', 'C:\\git\\experiments\\watkins2_part1\\wueste.jpg'), ('Matsch', 'Zange', 'C:\\git\\experiments\\watkins2_part1\\strand.jpg', 'C:\\git\\experiments\\watkins2_part1\\strand.jpg'), ('Onkel', 'Beet', 'C:\\git\\experiments\\watkins2_part1\\wueste.jpg')]",463.3676979000156,463.3757021999918,471.3735822000017,471.3861400000169,471.38618800000404,471.39896180000505,471.3990197000094,None,None,,,,,,,,,45,2026-07-24_11h28.35.240,watkins2_part1,,2026.1.3,143.21948816786607,1,29,Männlich,Muttersprache,Abitur,Anderes Studienfach,Bachelor,2026-07-24 11h28.36.125309 +0200,
1,0,1,,,,,,1,0,1,0,471.40401890000794,,,,,,,,,,,,,,,,,,,,,,,,,,,,471.399287200009,471.88547440001275,,,,Kamera,Sofa,,"['Kamera', 'Sofa', 'C:\\git\\experiments\\watkins2_part1\\wald.jpg']",study_new,1,,,,,,,,,,,471.3991311000136,471.3991868000012,C:\git\experiments\watkins2_part1\wald.jpg,"[('Kaffee', 'Skulptur', 'C:\\git\\experiments\\watkins2_part1\\strand.jpg'), ('Kamera', 'Sofa', 'C:\\git\\experiments\\watkins2_part1\\wald.jpg'), ('Birne', 'Goldfisch', 'C:\\git\\experiments\\watkins2_part1\\berg.jpg', 'C:\\git\\experiments\\watkins2_part1\\berg.jpg'), ('Fahrrad', 'Säge', 'C:\\git\\experiments\\watkins2_part1\\wald.jpg'), ('Joggen', 'Banane', 'C:\\git\\experiments\\watkins2_part1\\berg.jpg', 'C:\\git\\experiments\\watkins2_part1\\berg.jpg'), ('Ball', 'Flugzeug', 'C:\\git\\experiments\\watkins2_part1\\wald.jpg', 'C:\\git\\experiments\\watkins2_part1\\wald.jpg'), ('Locher', 'Tasse', 'C:\\git\\experiments\\watkins2_part1\\wald.jpg', 'C:\\git\\experiments\\watkins2_part1\\wald.jpg'), ('Computer', 'Schwimmen', 'C:\\git\\experiments\\watkins2_part1\\wueste.jpg'), ('Geige', 'Kakao', 'C:\\git\\experiments\\watkins2_part1\\strand.jpg', 'C:\\git\\experiments\\watkins2_part1\\strand.jpg'), ('Tee', 'Lampe', 'C:\\git\\experiments\\watkins2_part1\\wueste.jpg', 'C:\\git\\experiments\\watkins2_part1\\wueste.jpg'), ('Pinsel', 'Kaninchen', 'C:\\git\\experiments\\watkins2_part1\\wueste.jpg', 'C:\\git\\experiments\\watkins2_part1\\wueste.jpg'), ('Flöte', 'Wolke', 'C:\\git\\experiments\\watkins2_part1\\berg.jpg', 'C:\\git\\experiments\\watkins2_part1\\berg.jpg'), ('Hamster', 'Drucker', 'C:\\git\\experiments\\watkins2_part1\\wald.jpg'), ('Staffelei', 'Dünger', 'C:\\git\\experiments\\watkins2_part1\\wald.jpg', 'C:\\git\\experiments\\watkins2_part1\\wald.jpg'), ('Kreisel', 'Leinwand', 'C:\\git\\experiments\\watkins2_part1\\strand.jpg'), ('Traube', 'Limonade', 'C:\\git\\experiments\\watkins2_part1\\strand.jpg'), ('Wind', 'Bus', 'C:\\git\\experiments\\watkins2_part1\\berg.jpg'), ('Schwester', 'Staub', 'C:\\git\\experiments\\watkins2_part1\\strand.jpg', 'C:\\git\\experiments\\watkins2_part1\\strand.jpg'), ('Bohrer', 'Hemd', 'C:\\git\\experiments\\watkins2_part1\\wueste.jpg'), ('Rasen', 'Würfel', 'C:\\git\\experiments\\watkins2_part1\\berg.jpg'), ('Katze', 'Topf', 'C:\\git\\experiments\\watkins2_part1\\berg.jpg'), ('Löffel', 'Orange', 'C:\\git\\experiments\\watkins2_part1\\wueste.jpg', 'C:\\git\\experiments\\watkins2_part1\\wueste.jpg'), ('Matsch', 'Zange', 'C:\\git\\experiments\\watkins2_part1\\strand.jpg', 'C:\\git\\experiments\\watkins2_part1\\strand.jpg'), ('Onkel', 'Beet', 'C:\\git\\experiments\\watkins2_part1\\wueste.jpg')]",471.9036945000116,471.9110021000088,479.9022085000179,479.92026169999735,479.9203066000191,479.9396364999993,479.9396907000046,None,None,,,,,,,,,45,2026-07-24_11h28.35.240,watkins2_part1,,2026.1.3,143.21948816786607,1,29,Männlich,Muttersprache,Abitur,Anderes Studienfach,Bachelor,2026-07-24 11h28.36.125309 +0200,
2,0,2,,,,,,2,0,2,0,479.9445040000137,,,,,,,,,,,,,,,,,,,,,,,,,,,,479.9399584000057,480.42285699999775,,,,Birne,Goldfisch,,"['Birne', 'Goldfisch', 'C:\\git\\experiments\\watkins2_part1\\berg.jpg']",restudy,1,,,,,,,,,,,479.9398019000073,479.9398567000171,C:\git\experiments\watkins2_part1\berg.jpg,"[('Kaffee', 'Skulptur', 'C:\\git\\experiments\\watkins2_part1\\strand.jpg'), ('Kamera', 'Sofa', 'C:\\git\\experiments\\watkins2_part1\\wald.jpg'), ('Birne', 'Goldfisch', 'C:\\git\\experiments\\watkins2_part1\\berg.jpg', 'C:\\git\\experiments\\watkins2_part1\\berg.jpg'), ('Fahrrad', 'Säge', 'C:\\git\\experiments\\watkins2_part1\\wald.jpg'), ('Joggen', 'Banane', 'C:\\git\\experiments\\watkins2_part1\\berg.jpg', 'C:\\git\\experiments\\watkins2_part1\\berg.jpg'), ('Ball', 'Flugzeug', 'C:\\git\\experiments\\watkins2_part1\\wald.jpg', 'C:\\git\\experiments\\watkins2_part1\\wald.jpg'), ('Locher', 'Tasse', 'C:\\git\\experiments\\watkins2_part1\\wald.jpg', 'C:\\git\\experiments\\watkins2_part1\\wald.jpg'), ('Computer', 'Schwimmen', 'C:\\git\\experiments\\watkins2_part1\\wueste.jpg'), ('Geige', 'Kakao', 'C:\\git\\experiments\\watkins2_part1\\strand.jpg', 'C:\\git\\experiments\\watkins2_part1\\strand.jpg'), ('Tee', 'Lampe', 'C:\\git\\experiments\\watkins2_part1\\wueste.jpg', 'C:\\git\\experiments\\watkins2_part1\\wueste.jpg'), ('Pinsel', 'Kaninchen', 'C:\\git\\experiments\\watkins2_part1\\wueste.jpg', 'C:\\git\\experiments\\watkins2_part1\\wueste.jpg'), ('Flöte', 'Wolke', 'C:\\git\\experiments\\watkins2_part1\\berg.jpg', 'C:\\git\\experiments\\watkins2_part1\\berg.jpg'), ('Hamster', 'Drucker', 'C:\\git\\experiments\\watkins2_part1\\wald.jpg'), ('Staffelei', 'Dünger', 'C:\\git\\experiments\\watkins2_part1\\wald.jpg', 'C:\\git\\experiments\\watkins2_part1\\wald.jpg'), ('Kreisel', 'Leinwand', 'C:\\git\\experiments\\watkins2_part1\\strand.jpg'), ('Traube', 'Limonade', 'C:\\git\\experiments\\watkins2_part1\\strand.jpg'), ('Wind', 'Bus', 'C:\\git\\experiments\\watkins2_part1\\berg.jpg'), ('Schwester', 'Staub', 'C:\\git\\experiments\\watkins2_part1\\strand.jpg', 'C:\\git\\experiments\\watkins2_part1\\strand.jpg'), ('Bohrer', 'Hemd', 'C:\\git\\experiments\\watkins2_part1\\wueste.jpg'), ('Rasen', 'Würfel', 'C:\\git\\experiments\\watkins2_part1\\berg.jpg'), ('Katze', 'Topf', 'C:\\git\\experiments\\watkins2_part1\\berg.jpg'), ('Löffel', 'Orange', 'C:\\git\\experiments\\watkins2_part1\\wueste.jpg', 'C:\\git\\experiments\\watkins2_part1\\wueste.jpg'), ('Matsch', 'Zange', 'C:\\git\\experiments\\watkins2_part1\\strand.jpg', 'C:\\git\\experiments\\watkins2_part1\\strand.jpg'), ('Onkel', 'Beet', 'C:\\git\\experiments\\watkins2_part1\\wueste.jpg')]",480.4501377000124,,480.450181799999,480.4818705999933,488.4565341999987,488.48439580001286,488.4844504999928,None,None,,,480.49015840000357,,,,,,45,2026-07-24_11h28.35.240,watkins2_part1,,2026.1.3,143.21948816786607,1,29,Männlich,Muttersprache,Abitur,Anderes Studienfach,Bachelor,2026-07-24 11h28.36.125309 +0200,
3,0,3,,,,,,3,0,3,0,488.48983969999244,,,,,,,,,,,,,,,,,,,,,,,,,,,,488.4847177999909,488.9740070000116,,,,Fahrrad,Säge,,"['Fahrrad', 'Säge', 'C:\\git\\experiments\\watkins2_part1\\wald.jpg']",study_new,1,,,,,,,,,,,488.4845620999986,488.4846169000084,C:\git\experiments\watkins2_part1\wald.jpg,"[('Kaffee', 'Skulptur', 'C:\\git\\experiments\\watkins2_part1\\strand.jpg'), ('Kamera', 'Sofa', 'C:\\git\\experiments\\watkins2_part1\\wald.jpg'), ('Birne', 'Goldfisch', 'C:\\git\\experiments\\watkins2_part1\\berg.jpg', 'C:\\git\\experiments\\watkins2_part1\\berg.jpg'), ('Fahrrad', 'Säge', 'C:\\git\\experiments\\watkins2_part1\\wald.jpg'), ('Joggen', 'Banane', 'C:\\git\\experiments\\watkins2_part1\\berg.jpg', 'C:\\git\\experiments\\watkins2_part1\\berg.jpg'), ('Ball', 'Flugzeug', 'C:\\git\\experiments\\watkins2_part1\\wald.jpg', 'C:\\git\\experiments\\watkins2_part1\\wald.jpg'), ('Locher', 'Tasse', 'C:\\git\\experiments\\watkins2_part1\\wald.jpg', 'C:\\git\\experiments\\watkins2_part1\\wald.jpg'), ('Computer', 'Schwimmen', 'C:\\git\\experiments\\watkins2_part1\\wueste.jpg'), ('Geige', 'Kakao', 'C:\\git\\experiments\\watkins2_part1\\strand.jpg', 'C:\\git\\experiments\\watkins2_part1\\strand.jpg'), ('Tee', 'Lampe', 'C:\\git\\experiments\\watkins2_part1\\wueste.jpg', 'C:\\git\\experiments\\watkins2_part1\\wueste.jpg'), ('Pinsel', 'Kaninchen', 'C:\\git\\experiments\\watkins2_part1\\wueste.jpg', 'C:\\git\\experiments\\watkins2_part1\\wueste.jpg'), ('Flöte', 'Wolke', 'C:\\git\\experiments\\watkins2_part1\\berg.jpg', 'C:\\git\\experiments\\watkins2_part1\\berg.jpg'), ('Hamster', 'Drucker', 'C:\\git\\experiments\\watkins2_part1\\wald.jpg'), ('Staffelei', 'Dünger', 'C:\\git\\experiments\\watkins2_part1\\wald.jpg', 'C:\\git\\experiments\\watkins2_part1\\wald.jpg'), ('Kreisel', 'Leinwand', 'C:\\git\\experiments\\watkins2_part1\\strand.jpg'), ('Traube', 'Limonade', 'C:\\git\\experiments\\watkins2_part1\\strand.jpg'), ('Wind', 'Bus', 'C:\\git\\experiments\\watkins2_part1\\berg.jpg'), ('Schwester', 'Staub', 'C:\\git\\experiments\\watkins2_part1\\strand.jpg', 'C:\\git\\experiments\\watkins2_part1\\strand.jpg'), ('Bohrer', 'Hemd', 'C:\\git\\experiments\\watkins2_part1\\wueste.jpg'), ('Rasen', 'Würfel', 'C:\\git\\experiments\\watkins2_part1\\berg.jpg'), ('Katze', 'Topf', 'C:\\git\\experiments\\watkins2_part1\\berg.jpg'), ('Löffel', 'Orange', 'C:\\git\\experiments\\watkins2_part1\\wueste.jpg', 'C:\\git\\experiments\\watkins2_part1\\wueste.jpg'), ('Matsch', 'Zange', 'C:\\git\\experiments\\watkins2_part1\\strand.jpg', 'C:\\git\\experiments\\watkins2_part1\\strand.jpg'), ('Onkel', 'Beet', 'C:\\git\\experiments\\watkins2_part1\\wueste.jpg')]",488.9936064000067,488.998072300019,496.9867341000063,497.0053303000168,497.0053773999971,497.02549299999373,497.02554619999137,None,None,,,,,,,,,45,2026-07-24_11h28.35.240,watkins2_part1,,2026.1.3,143.21948816786607,1,29,Männlich,Muttersprache,Abitur,Anderes Studienfach,Bachelor,2026-07-24 11h28.36.125309 +0200,
4,0,4,,,,,,4,0,4,0,497.03015910001704,,,,,,,,,,,,,,,,,,,,,,,,,,,,497.02581640001154,497.50934970000526,,,,Joggen,Banane,,"['Joggen', 'Banane', 'C:\\git\\experiments\\watkins2_part1\\berg.jpg']",restudy,1,,,,,,,,,,,497.02565900000627,497.0257145999931,C:\git\experiments\watkins2_part1\berg.jpg,"[('Kaffee', 'Skulptur', 'C:\\git\\experiments\\watkins2_part1\\strand.jpg'), ('Kamera', 'Sofa', 'C:\\git\\experiments\\watkins2_part1\\wald.jpg'), ('Birne', 'Goldfisch', 'C:\\git\\experiments\\watkins2_part1\\berg.jpg', 'C:\\git\\experiments\\watkins2_part1\\berg.jpg'), ('Fahrrad', 'Säge', 'C:\\git\\experiments\\watkins2_part1\\wald.jpg'), ('Joggen', 'Banane', 'C:\\git\\experiments\\watkins2_part1\\berg.jpg', 'C:\\git\\experiments\\watkins2_part1\\berg.jpg'), ('Ball', 'Flugzeug', 'C:\\git\\experiments\\watkins2_part1\\wald.jpg', 'C:\\git\\experiments\\watkins2_part1\\wald.jpg'), ('Locher', 'Tasse', 'C:\\git\\experiments\\watkins2_part1\\wald.jpg', 'C:\\git\\experiments\\watkins2_part1\\wald.jpg'), ('Computer', 'Schwimmen', 'C:\\git\\experiments\\watkins2_part1\\wueste.jpg'), ('Geige', 'Kakao', 'C:\\git\\experiments\\watkins2_part1\\strand.jpg', 'C:\\git\\experiments\\watkins2_part1\\strand.jpg'), ('Tee', 'Lampe', 'C:\\git\\experiments\\watkins2_part1\\wueste.jpg', 'C:\\git\\experiments\\watkins2_part1\\wueste.jpg'), ('Pinsel', 'Kaninchen', 'C:\\git\\experiments\\watkins2_part1\\wueste.jpg', 'C:\\git\\experiments\\watkins2_part1\\wueste.jpg'), ('Flöte', 'Wolke', 'C:\\git\\experiments\\watkins2_part1\\berg.jpg', 'C:\\git\\experiments\\watkins2_part1\\berg.jpg'), ('Hamster', 'Drucker', 'C:\\git\\experiments\\watkins2_part1\\wald.jpg'), ('Staffelei', 'Dünger', 'C:\\git\\experiments\\watkins2_part1\\wald.jpg', 'C:\\git\\experiments\\watkins2_part1\\wald.jpg'), ('Kreisel', 'Leinwand', 'C:\\git\\experiments\\watkins2_part1\\strand.jpg'), ('Traube', 'Limonade', 'C:\\git\\experiments\\watkins2_part1\\strand.jpg'), ('Wind', 'Bus', 'C:\\git\\experiments\\watkins2_part1\\berg.jpg'), ('Schwester', 'Staub', 'C:\\git\\experiments\\watkins2_part1\\strand.jpg', 'C:\\git\\experiments\\watkins2_part1\\strand.jpg'), ('Bohrer', 'Hemd', 'C:\\git\\experiments\\watkins2_part1\\wueste.jpg'), ('Rasen', 'Würfel', 'C:\\git\\experiments\\watkins2_part1\\berg.jpg'), ('Katze', 'Topf', 'C:\\git\\experiments\\watkins2_part1\\berg.jpg'), ('Löffel', 'Orange', 'C:\\git\\experiments\\watkins2_part1\\wueste.jpg', 'C:\\git\\experiments\\watkins2_part1\\wueste.jpg'), ('Matsch', 'Zange', 'C:\\git\\experiments\\watkins2_part1\\strand.jpg', 'C:\\git\\experiments\\watkins2_part1\\strand.jpg'), ('Onkel', 'Beet', 'C:\\git\\experiments\\watkins2_part1\\wueste.jpg')]",497.5360603000154,,497.53610560001107,497.56716860001325,505.5408104000089,505.56876210001064,505.56881670001894,None,None,,,497.5738188000105,,,,,,45,2026-07-24_11h28.35.240,watkins2_part1,,2026.1.3,143.21948816786607,1,29,Männlich,Muttersprache,Abitur,Anderes Studienfach,Bachelor,2026-07-24 11h28.36.125309 +0200,
5,0,5,,,,,,5,0,5,0,505.57410379999783,,,,,,,,,,,,,,,,,,,,,,,,,,,,505.56908650000696,506.05828130000737,,,,Ball,Flugzeug,,"['Ball', 'Flugzeug', 'C:\\git\\experiments\\watkins2_part1\\wald.jpg']",restudy,1,,,,,,,,,,,505.56892900000094,505.5689847000176,C:\git\experiments\watkins2_part1\wald.jpg,"[('Kaffee', 'Skulptur', 'C:\\git\\experiments\\watkins2_part1\\strand.jpg'), ('Kamera', 'Sofa', 'C:\\git\\experiments\\watkins2_part1\\wald.jpg'), ('Birne', 'Goldfisch', 'C:\\git\\experiments\\watkins2_part1\\berg.jpg', 'C:\\git\\experiments\\watkins2_part1\\berg.jpg'), ('Fahrrad', 'Säge', 'C:\\git\\experiments\\watkins2_part1\\wald.jpg'), ('Joggen', 'Banane', 'C:\\git\\experiments\\watkins2_part1\\berg.jpg', 'C:\\git\\experiments\\watkins2_part1\\berg.jpg'), ('Ball', 'Flugzeug', 'C:\\git\\experiments\\watkins2_part1\\wald.jpg', 'C:\\git\\experiments\\watkins2_part1\\wald.jpg'), ('Locher', 'Tasse', 'C:\\git\\experiments\\watkins2_part1\\wald.jpg', 'C:\\git\\experiments\\watkins2_part1\\wald.jpg'), ('Computer', 'Schwimmen', 'C:\\git\\experiments\\watkins2_part1\\wueste.jpg'), ('Geige', 'Kakao', 'C:\\git\\experiments\\watkins2_part1\\strand.jpg', 'C:\\git\\experiments\\watkins2_part1\\strand.jpg'), ('Tee', 'Lampe', 'C:\\git\\experiments\\watkins2_part1\\wueste.jpg', 'C:\\git\\experiments\\watkins2_part1\\wueste.jpg'), ('Pinsel', 'Kaninchen', 'C:\\git\\experiments\\watkins2_part1\\wueste.jpg', 'C:\\git\\experiments\\watkins2_part1\\wueste.jpg'), ('Flöte', 'Wolke', 'C:\\git\\experiments\\watkins2_part1\\berg.jpg', 'C:\\git\\experiments\\watkins2_part1\\berg.jpg'), ('Hamster', 'Drucker', 'C:\\git\\experiments\\watkins2_part1\\wald.jpg'), ('Staffelei', 'Dünger', 'C:\\git\\experiments\\watkins2_part1\\wald.jpg', 'C:\\git\\experiments\\watkins2_part1\\wald.jpg'), ('Kreisel', 'Leinwand', 'C:\\git\\experiments\\watkins2_part1\\strand.jpg'), ('Traube', 'Limonade', 'C:\\git\\experiments\\watkins2_part1\\strand.jpg'), ('Wind', 'Bus', 'C:\\git\\experiments\\watkins2_part1\\berg.jpg'), ('Schwester', 'Staub', 'C:\\git\\experiments\\watkins2_part1\\strand.jpg', 'C:\\git\\experiments\\watkins2_part1\\strand.jpg'), ('Bohrer', 'Hemd', 'C:\\git\\experiments\\watkins2_part1\\wueste.jpg'), ('Rasen', 'Würfel', 'C:\\git\\experiments\\watkins2_part1\\berg.jpg'), ('Katze', 'Topf', 'C:\\git\\experiments\\watkins2_part1\\berg.jpg'), ('Löffel', 'Orange', 'C:\\git\\experiments\\watkins2_part1\\wueste.jpg', 'C:\\git\\experiments\\watkins2_part1\\wueste.jpg'), ('Matsch', 'Zange', 'C:\\git\\experiments\\watkins2_part1\\strand.jpg', 'C:\\git\\experiments\\watkins2_part1\\strand.jpg'), ('Onkel', 'Beet', 'C:\\git\\experiments\\watkins2_part1\\wueste.jpg')]",506.0776953000168,,506.0777398000064,506.0975018000172,514.0801431,514.0978423999914,514.0978967999981,None,None,,,506.1045274999924,,,,,,45,2026-07-24_11h28.35.240,watkins2_part1,,2026.1.3,143.21948816786607,1,29,Männlich,Muttersprache,Abitur,Anderes Studienfach,Bachelor,2026-07-24 11h28.36.125309 +0200,
6,0,6,,,,,,6,0,6,0,514.1001772000163,,,,,,,,,,,,,,,,,,,,,,,,,,,,514.0981670000183,514.5865607000014,,,,Locher,Tasse,,"['Locher', 'Tasse', 'C:\\git\\experiments\\watkins2_part1\\wald.jpg']",restudy,1,,,,,,,,,,,514.0980101000168,514.0980659000052,C:\git\experiments\watkins2_part1\wald.jpg,"[('Kaffee', 'Skulptur', 'C:\\git\\experiments\\watkins2_part1\\strand.jpg'), ('Kamera', 'Sofa', 'C:\\git\\experiments\\watkins2_part1\\wald.jpg'), ('Birne', 'Goldfisch', 'C:\\git\\experiments\\watkins2_part1\\berg.jpg', 'C:\\git\\experiments\\watkins2_part1\\berg.jpg'), ('Fahrrad', 'Säge', 'C:\\git\\experiments\\watkins2_part1\\wald.jpg'), ('Joggen', 'Banane', 'C:\\git\\experiments\\watkins2_part1\\berg.jpg', 'C:\\git\\experiments\\watkins2_part1\\berg.jpg'), ('Ball', 'Flugzeug', 'C:\\git\\experiments\\watkins2_part1\\wald.jpg', 'C:\\git\\experiments\\watkins2_part1\\wald.jpg'), ('Locher', 'Tasse', 'C:\\git\\experiments\\watkins2_part1\\wald.jpg', 'C:\\git\\experiments\\watkins2_part1\\wald.jpg'), ('Computer', 'Schwimmen', 'C:\\git\\experiments\\watkins2_part1\\wueste.jpg'), ('Geige', 'Kakao', 'C:\\git\\experiments\\watkins2_part1\\strand.jpg', 'C:\\git\\experiments\\watkins2_part1\\strand.jpg'), ('Tee', 'Lampe', 'C:\\git\\experiments\\watkins2_part1\\wueste.jpg', 'C:\\git\\experiments\\watkins2_part1\\wueste.jpg'), ('Pinsel', 'Kaninchen', 'C:\\git\\experiments\\watkins2_part1\\wueste.jpg', 'C:\\git\\experiments\\watkins2_part1\\wueste.jpg'), ('Flöte', 'Wolke', 'C:\\git\\experiments\\watkins2_part1\\berg.jpg', 'C:\\git\\experiments\\watkins2_part1\\berg.jpg'), ('Hamster', 'Drucker', 'C:\\git\\experiments\\watkins2_part1\\wald.jpg'), ('Staffelei', 'Dünger', 'C:\\git\\experiments\\watkins2_part1\\wald.jpg', 'C:\\git\\experiments\\watkins2_part1\\wald.jpg'), ('Kreisel', 'Leinwand', 'C:\\git\\experiments\\watkins2_part1\\strand.jpg'), ('Traube', 'Limonade', 'C:\\git\\experiments\\watkins2_part1\\strand.jpg'), ('Wind', 'Bus', 'C:\\git\\experiments\\watkins2_part1\\berg.jpg'), ('Schwester', 'Staub', 'C:\\git\\experiments\\watkins2_part1\\strand.jpg', 'C:\\git\\experiments\\watkins2_part1\\strand.jpg'), ('Bohrer', 'Hemd', 'C:\\git\\experiments\\watkins2_part1\\wueste.jpg'), ('Rasen', 'Würfel', 'C:\\git\\experiments\\watkins2_part1\\berg.jpg'), ('Katze', 'Topf', 'C:\\git\\experiments\\watkins2_part1\\berg.jpg'), ('Löffel', 'Orange', 'C:\\git\\experiments\\watkins2_part1\\wueste.jpg', 'C:\\git\\experiments\\watkins2_part1\\wueste.jpg'), ('Matsch', 'Zange', 'C:\\git\\experiments\\watkins2_part1\\strand.jpg', 'C:\\git\\experiments\\watkins2_part1\\strand.jpg'), ('Onkel', 'Beet', 'C:\\git\\experiments\\watkins2_part1\\wueste.jpg')]",514.6034332000127,,514.6034764999931,514.6203107000038,522.6077671000094,522.6240966999903,522.6241501000186,None,None,,,514.6235527000099,,,,,,45,2026-07-24_11h28.35.240,watkins2_part1,,2026.1.3,143.21948816786607,1,29,Männlich,Muttersprache,Abitur,Anderes Studienfach,Bachelor,2026-07-24 11h28.36.125309 +0200,
7,0,7,,,,,,7,0,7,0,522.6268114999984,,,,,,,,,,,,,,,,,,,,,,,,,,,,522.6244161000068,523.1126375000167,,,,Computer,Schwimmen,,"['Computer', 'Schwimmen', 'C:\\git\\experiments\\watkins2_part1\\wueste.jpg']",study_new,1,,,,,,,,,,,522.6242612999922,522.6243145999906,C:\git\experiments\watkins2_part1\wueste.jpg,"[('Kaffee', 'Skulptur', 'C:\\git\\experiments\\watkins2_part1\\strand.jpg'), ('Kamera', 'Sofa', 'C:\\git\\experiments\\watkins2_part1\\wald.jpg'), ('Birne', 'Goldfisch', 'C:\\git\\experiments\\watkins2_part1\\berg.jpg', 'C:\\git\\experiments\\watkins2_part1\\berg.jpg'), ('Fahrrad', 'Säge', 'C:\\git\\experiments\\watkins2_part1\\wald.jpg'), ('Joggen', 'Banane', 'C:\\git\\experiments\\watkins2_part1\\berg.jpg', 'C:\\git\\experiments\\watkins2_part1\\berg.jpg'), ('Ball', 'Flugzeug', 'C:\\git\\experiments\\watkins2_part1\\wald.jpg', 'C:\\git\\experiments\\watkins2_part1\\wald.jpg'), ('Locher', 'Tasse', 'C:\\git\\experiments\\watkins2_part1\\wald.jpg', 'C:\\git\\experiments\\watkins2_part1\\wald.jpg'), ('Computer', 'Schwimmen', 'C:\\git\\experiments\\watkins2_part1\\wueste.jpg'), ('Geige', 'Kakao', 'C:\\git\\experiments\\watkins2_part1\\strand.jpg', 'C:\\git\\experiments\\watkins2_part1\\strand.jpg'), ('Tee', 'Lampe', 'C:\\git\\experiments\\watkins2_part1\\wueste.jpg', 'C:\\git\\experiments\\watkins2_part1\\wueste.jpg'), ('Pinsel', 'Kaninchen', 'C:\\git\\experiments\\watkins2_part1\\wueste.jpg', 'C:\\git\\experiments\\watkins2_part1\\wueste.jpg'), ('Flöte', 'Wolke', 'C:\\git\\experiments\\watkins2_part1\\berg.jpg', 'C:\\git\\experiments\\watkins2_part1\\berg.jpg'), ('Hamster', 'Drucker', 'C:\\git\\experiments\\watkins2_part1\\wald.jpg'), ('Staffelei', 'Dünger', 'C:\\git\\experiments\\watkins2_part1\\wald.jpg', 'C:\\git\\experiments\\watkins2_part1\\wald.jpg'), ('Kreisel', 'Leinwand', 'C:\\git\\experiments\\watkins2_part1\\strand.jpg'), ('Traube', 'Limonade', 'C:\\git\\experiments\\watkins2_part1\\strand.jpg'), ('Wind', 'Bus', 'C:\\git\\experiments\\watkins2_part1\\berg.jpg'), ('Schwester', 'Staub', 'C:\\git\\experiments\\watkins2_part1\\strand.jpg', 'C:\\git\\experiments\\watkins2_part1\\strand.jpg'), ('Bohrer', 'Hemd', 'C:\\git\\experiments\\watkins2_part1\\wueste.jpg'), ('Rasen', 'Würfel', 'C:\\git\\experiments\\watkins2_part1\\berg.jpg'), ('Katze', 'Topf', 'C:\\git\\experiments\\watkins2_part1\\berg.jpg'), ('Löffel', 'Orange', 'C:\\git\\experiments\\watkins2_part1\\wueste.jpg', 'C:\\git\\experiments\\watkins2_part1\\wueste.jpg'), ('Matsch', 'Zange', 'C:\\git\\experiments\\watkins2_part1\\strand.jpg', 'C:\\git\\experiments\\watkins2_part1\\strand.jpg'), ('Onkel', 'Beet', 'C:\\git\\experiments\\watkins2_part1\\wueste.jpg')]",523.1320919000136,523.1352218000102,531.1256822000141,531.1455904000031,531.1456367000064,531.1643375999993,531.1643904999946,None,None,,,,,,,,,45,2026-07-24_11h28.35.240,watkins2_part1,,2026.1.3,143.21948816786607,1,29,Männlich,Muttersprache,Abitur,Anderes Studienfach,Bachelor,2026-07-24 11h28.36.125309 +0200,
8,0,8,,,,,,8,0,8,0,531.167920500011,,,,,,,,,,,,,,,,,,,,,,,,,,,,531.1646633000055,531.6541243999964,,,,Geige,Kakao,,"['Geige', 'Kakao', 'C:\\git\\experiments\\watkins2_part1\\strand.jpg']",restudy,1,,,,,,,,,,,531.164503500011,531.1645598000032,C:\git\experiments\watkins2_part1\strand.jpg,"[('Kaffee', 'Skulptur', 'C:\\git\\experiments\\watkins2_part1\\strand.jpg'), ('Kamera', 'Sofa', 'C:\\git\\experiments\\watkins2_part1\\wald.jpg'), ('Birne', 'Goldfisch', 'C:\\git\\experiments\\watkins2_part1\\berg.jpg', 'C:\\git\\experiments\\watkins2_part1\\berg.jpg'), ('Fahrrad', 'Säge', 'C:\\git\\experiments\\watkins2_part1\\wald.jpg'), ('Joggen', 'Banane', 'C:\\git\\experiments\\watkins2_part1\\berg.jpg', 'C:\\git\\experiments\\watkins2_part1\\berg.jpg'), ('Ball', 'Flugzeug', 'C:\\git\\experiments\\watkins2_part1\\wald.jpg', 'C:\\git\\experiments\\watkins2_part1\\wald.jpg'), ('Locher', 'Tasse', 'C:\\git\\experiments\\watkins2_part1\\wald.jpg', 'C:\\git\\experiments\\watkins2_part1\\wald.jpg'), ('Computer', 'Schwimmen', 'C:\\git\\experiments\\watkins2_part1\\wueste.jpg'), ('Geige', 'Kakao', 'C:\\git\\experiments\\watkins2_part1\\strand.jpg', 'C:\\git\\experiments\\watkins2_part1\\strand.jpg'), ('Tee', 'Lampe', 'C:\\git\\experiments\\watkins2_part1\\wueste.jpg', 'C:\\git\\experiments\\watkins2_part1\\wueste.jpg'), ('Pinsel', 'Kaninchen', 'C:\\git\\experiments\\watkins2_part1\\wueste.jpg', 'C:\\git\\experiments\\watkins2_part1\\wueste.jpg'), ('Flöte', 'Wolke', 'C:\\git\\experiments\\watkins2_part1\\berg.jpg', 'C:\\git\\experiments\\watkins2_part1\\berg.jpg'), ('Hamster', 'Drucker', 'C:\\git\\experiments\\watkins2_part1\\wald.jpg'), ('Staffelei', 'Dünger', 'C:\\git\\experiments\\watkins2_part1\\wald.jpg', 'C:\\git\\experiments\\watkins2_part1\\wald.jpg'), ('Kreisel', 'Leinwand', 'C:\\git\\experiments\\watkins2_part1\\strand.jpg'), ('Traube', 'Limonade', 'C:\\git\\experiments\\watkins2_part1\\strand.jpg'), ('Wind', 'Bus', 'C:\\git\\experiments\\watkins2_part1\\berg.jpg'), ('Schwester', 'Staub', 'C:\\git\\experiments\\watkins2_part1\\strand.jpg', 'C:\\git\\experiments\\watkins2_part1\\strand.jpg'), ('Bohrer', 'Hemd', 'C:\\git\\experiments\\watkins2_part1\\wueste.jpg'), ('Rasen', 'Würfel', 'C:\\git\\experiments\\watkins2_part1\\berg.jpg'), ('Katze', 'Topf', 'C:\\git\\experiments\\watkins2_part1\\berg.jpg'), ('Löffel', 'Orange', 'C:\\git\\experiments\\watkins2_part1\\wueste.jpg', 'C:\\git\\experiments\\watkins2_part1\\wueste.jpg'), ('Matsch', 'Zange', 'C:\\git\\experiments\\watkins2_part1\\strand.jpg', 'C:\\git\\experiments\\watkins2_part1\\strand.jpg'), ('Onkel', 'Beet', 'C:\\git\\experiments\\watkins2_part1\\wueste.jpg')]",531.6680135999923,,531.668061400007,531.6818937000062,539.6717333999986,539.6837478000089,539.6838016000111,None,None,,,531.6861221000145,,,,,,45,2026-07-24_11h28.35.240,watkins2_part1,,2026.1.3,143.21948816786607,1,29,Männlich,Muttersprache,Abitur,Anderes Studienfach,Bachelor,2026-07-24 11h28.36.125309 +0200,
9,0,9,,,,,,9,0,9,0,539.6866100000043,,,,,,,,,,,,,,,,,,,,,,,,,,,,539.6840660000162,540.1677725999907,,,,Tee,Lampe,,"['Tee', 'Lampe', 'C:\\git\\experiments\\watkins2_part1\\wueste.jpg']",restudy,1,,,,,,,,,,,539.6839120000077,539.6839656000084,C:\git\experiments\watkins2_part1\wueste.jpg,"[('Kaffee', 'Skulptur', 'C:\\git\\experiments\\watkins2_part1\\strand.jpg'), ('Kamera', 'Sofa', 'C:\\git\\experiments\\watkins2_part1\\wald.jpg'), ('Birne', 'Goldfisch', 'C:\\git\\experiments\\watkins2_part1\\berg.jpg', 'C:\\git\\experiments\\watkins2_part1\\berg.jpg'), ('Fahrrad', 'Säge', 'C:\\git\\experiments\\watkins2_part1\\wald.jpg'), ('Joggen', 'Banane', 'C:\\git\\experiments\\watkins2_part1\\berg.jpg', 'C:\\git\\experiments\\watkins2_part1\\berg.jpg'), ('Ball', 'Flugzeug', 'C:\\git\\experiments\\watkins2_part1\\wald.jpg', 'C:\\git\\experiments\\watkins2_part1\\wald.jpg'), ('Locher', 'Tasse', 'C:\\git\\experiments\\watkins2_part1\\wald.jpg', 'C:\\git\\experiments\\watkins2_part1\\wald.jpg'), ('Computer', 'Schwimmen', 'C:\\git\\experiments\\watkins2_part1\\wueste.jpg'), ('Geige', 'Kakao', 'C:\\git\\experiments\\watkins2_part1\\strand.jpg', 'C:\\git\\experiments\\watkins2_part1\\strand.jpg'), ('Tee', 'Lampe', 'C:\\git\\experiments\\watkins2_part1\\wueste.jpg', 'C:\\git\\experiments\\watkins2_part1\\wueste.jpg'), ('Pinsel', 'Kaninchen', 'C:\\git\\experiments\\watkins2_part1\\wueste.jpg', 'C:\\git\\experiments\\watkins2_part1\\wueste.jpg'), ('Flöte', 'Wolke', 'C:\\git\\experiments\\watkins2_part1\\berg.jpg', 'C:\\git\\experiments\\watkins2_part1\\berg.jpg'), ('Hamster', 'Drucker', 'C:\\git\\experiments\\watkins2_part1\\wald.jpg'), ('Staffelei', 'Dünger', 'C:\\git\\experiments\\watkins2_part1\\wald.jpg', 'C:\\git\\experiments\\watkins2_part1\\wald.jpg'), ('Kreisel', 'Leinwand', 'C:\\git\\experiments\\watkins2_part1\\strand.jpg'), ('Traube', 'Limonade', 'C:\\git\\experiments\\watkins2_part1\\strand.jpg'), ('Wind', 'Bus', 'C:\\git\\experiments\\watkins2_part1\\berg.jpg'), ('Schwester', 'Staub', 'C:\\git\\experiments\\watkins2_part1\\strand.jpg', 'C:\\git\\experiments\\watkins2_part1\\strand.jpg'), ('Bohrer', 'Hemd', 'C:\\git\\experiments\\watkins2_part1\\wueste.jpg'), ('Rasen', 'Würfel', 'C:\\git\\experiments\\watkins2_part1\\berg.jpg'), ('Katze', 'Topf', 'C:\\git\\experiments\\watkins2_part1\\berg.jpg'), ('Löffel', 'Orange', 'C:\\git\\experiments\\watkins2_part1\\wueste.jpg', 'C:\\git\\experiments\\watkins2_part1\\wueste.jpg'), ('Matsch', 'Zange', 'C:\\git\\experiments\\watkins2_part1\\strand.jpg', 'C:\\git\\experiments\\watkins2_part1\\strand.jpg'), ('Onkel', 'Beet', 'C:\\git\\experiments\\watkins2_part1\\wueste.jpg')]",540.1851981999935,,540.1852423000091,540.2043084000179,548.1887111999968,548.2067788999993,548.2068319999962,None,None,,,540.208017900004,,,,,,45,2026-07-24_11h28.35.240,watkins2_part1,,2026.1.3,143.21948816786607,1,29,Männlich,Muttersprache,Abitur,Anderes Studienfach,Bachelor,2026-07-24 11h28.36.125309 +0200,
10,0,10,,,,,,10,0,10,0,548.2120511000103,,,,,,,,,,,,,,,,,,,,,,,,,,,,548.2071004000027,548.6946337000118,,,,Pinsel,Kaninchen,,"['Pinsel', 'Kaninchen', 'C:\\git\\experiments\\watkins2_part1\\wueste.jpg']",restudy,1,,,,,,,,,,,548.2069437000027,548.2069993000187,C:\git\experiments\watkins2_part1\wueste.jpg,"[('Kaffee', 'Skulptur', 'C:\\git\\experiments\\watkins2_part1\\strand.jpg'), ('Kamera', 'Sofa', 'C:\\git\\experiments\\watkins2_part1\\wald.jpg'), ('Birne', 'Goldfisch', 'C:\\git\\experiments\\watkins2_part1\\berg.jpg', 'C:\\git\\experiments\\watkins2_part1\\berg.jpg'), ('Fahrrad', 'Säge', 'C:\\git\\experiments\\watkins2_part1\\wald.jpg'), ('Joggen', 'Banane', 'C:\\git\\experiments\\watkins2_part1\\berg.jpg', 'C:\\git\\experiments\\watkins2_part1\\berg.jpg'), ('Ball', 'Flugzeug', 'C:\\git\\experiments\\watkins2_part1\\wald.jpg', 'C:\\git\\experiments\\watkins2_part1\\wald.jpg'), ('Locher', 'Tasse', 'C:\\git\\experiments\\watkins2_part1\\wald.jpg', 'C:\\git\\experiments\\watkins2_part1\\wald.jpg'), ('Computer', 'Schwimmen', 'C:\\git\\experiments\\watkins2_part1\\wueste.jpg'), ('Geige', 'Kakao', 'C:\\git\\experiments\\watkins2_part1\\strand.jpg', 'C:\\git\\experiments\\watkins2_part1\\strand.jpg'), ('Tee', 'Lampe', 'C:\\git\\experiments\\watkins2_part1\\wueste.jpg', 'C:\\git\\experiments\\watkins2_part1\\wueste.jpg'), ('Pinsel', 'Kaninchen', 'C:\\git\\experiments\\watkins2_part1\\wueste.jpg', 'C:\\git\\experiments\\watkins2_part1\\wueste.jpg'), ('Flöte', 'Wolke', 'C:\\git\\experiments\\watkins2_part1\\berg.jpg', 'C:\\git\\experiments\\watkins2_part1\\berg.jpg'), ('Hamster', 'Drucker', 'C:\\git\\experiments\\watkins2_part1\\wald.jpg'), ('Staffelei', 'Dünger', 'C:\\git\\experiments\\watkins2_part1\\wald.jpg', 'C:\\git\\experiments\\watkins2_part1\\wald.jpg'), ('Kreisel', 'Leinwand', 'C:\\git\\experiments\\watkins2_part1\\strand.jpg'), ('Traube', 'Limonade', 'C:\\git\\experiments\\watkins2_part1\\strand.jpg'), ('Wind', 'Bus', 'C:\\git\\experiments\\watkins2_part1\\berg.jpg'), ('Schwester', 'Staub', 'C:\\git\\experiments\\watkins2_part1\\strand.jpg', 'C:\\git\\experiments\\watkins2_part1\\strand.jpg'), ('Bohrer', 'Hemd', 'C:\\git\\experiments\\watkins2_part1\\wueste.jpg'), ('Rasen', 'Würfel', 'C:\\git\\experiments\\watkins2_part1\\berg.jpg'), ('Katze', 'Topf', 'C:\\git\\experiments\\watkins2_part1\\berg.jpg'), ('Löffel', 'Orange', 'C:\\git\\experiments\\watkins2_part1\\wueste.jpg', 'C:\\git\\experiments\\watkins2_part1\\wueste.jpg'), ('Matsch', 'Zange', 'C:\\git\\experiments\\watkins2_part1\\strand.jpg', 'C:\\git\\experiments\\watkins2_part1\\strand.jpg'), ('Onkel', 'Beet', 'C:\\git\\experiments\\watkins2_part1\\wueste.jpg')]",548.7096544000087,,548.7096978000191,548.7274092000152,556.7108904999914,556.7259957999922,556.7260507000028,None,None,,,548.732680999994,,,,,,45,2026-07-24_11h28.35.240,watkins2_part1,,2026.1.3,143.21948816786607,1,29,Männlich,Muttersprache,Abitur,Anderes Studienfach,Bachelor,2026-07-24 11h28.36.125309 +0200,
11,0,11,,,,,,11,0,11,0,556.7309487000166,,,,,,,,,,,,,,,,,,,,,,,,,,,,556.7263168999925,557.209889699996,,,,Flöte,Wolke,,"['Flöte', 'Wolke', 'C:\\git\\experiments\\watkins2_part1\\berg.jpg']",restudy,1,,,,,,,,,,,556.7261610999994,556.7262151000032,C:\git\experiments\watkins2_part1\berg.jpg,"[('Kaffee', 'Skulptur', 'C:\\git\\experiments\\watkins2_part1\\strand.jpg'), ('Kamera', 'Sofa', 'C:\\git\\experiments\\watkins2_part1\\wald.jpg'), ('Birne', 'Goldfisch', 'C:\\git\\experiments\\watkins2_part1\\berg.jpg', 'C:\\git\\experiments\\watkins2_part1\\berg.jpg'), ('Fahrrad', 'Säge', 'C:\\git\\experiments\\watkins2_part1\\wald.jpg'), ('Joggen', 'Banane', 'C:\\git\\experiments\\watkins2_part1\\berg.jpg', 'C:\\git\\experiments\\watkins2_part1\\berg.jpg'), ('Ball', 'Flugzeug', 'C:\\git\\experiments\\watkins2_part1\\wald.jpg', 'C:\\git\\experiments\\watkins2_part1\\wald.jpg'), ('Locher', 'Tasse', 'C:\\git\\experiments\\watkins2_part1\\wald.jpg', 'C:\\git\\experiments\\watkins2_part1\\wald.jpg'), ('Computer', 'Schwimmen', 'C:\\git\\experiments\\watkins2_part1\\wueste.jpg'), ('Geige', 'Kakao', 'C:\\git\\experiments\\watkins2_part1\\strand.jpg', 'C:\\git\\experiments\\watkins2_part1\\strand.jpg'), ('Tee', 'Lampe', 'C:\\git\\experiments\\watkins2_part1\\wueste.jpg', 'C:\\git\\experiments\\watkins2_part1\\wueste.jpg'), ('Pinsel', 'Kaninchen', 'C:\\git\\experiments\\watkins2_part1\\wueste.jpg', 'C:\\git\\experiments\\watkins2_part1\\wueste.jpg'), ('Flöte', 'Wolke', 'C:\\git\\experiments\\watkins2_part1\\berg.jpg', 'C:\\git\\experiments\\watkins2_part1\\berg.jpg'), ('Hamster', 'Drucker', 'C:\\git\\experiments\\watkins2_part1\\wald.jpg'), ('Staffelei', 'Dünger', 'C:\\git\\experiments\\watkins2_part1\\wald.jpg', 'C:\\git\\experiments\\watkins2_part1\\wald.jpg'), ('Kreisel', 'Leinwand', 'C:\\git\\experiments\\watkins2_part1\\strand.jpg'), ('Traube', 'Limonade', 'C:\\git\\experiments\\watkins2_part1\\strand.jpg'), ('Wind', 'Bus', 'C:\\git\\experiments\\watkins2_part1\\berg.jpg'), ('Schwester', 'Staub', 'C:\\git\\experiments\\watkins2_part1\\strand.jpg', 'C:\\git\\experiments\\watkins2_part1\\strand.jpg'), ('Bohrer', 'Hemd', 'C:\\git\\experiments\\watkins2_part1\\wueste.jpg'), ('Rasen', 'Würfel', 'C:\\git\\experiments\\watkins2_part1\\berg.jpg'), ('Katze', 'Topf', 'C:\\git\\experiments\\watkins2_part1\\berg.jpg'), ('Löffel', 'Orange', 'C:\\git\\experiments\\watkins2_part1\\wueste.jpg', 'C:\\git\\experiments\\watkins2_part1\\wueste.jpg'), ('Matsch', 'Zange', 'C:\\git\\experiments\\watkins2_part1\\strand.jpg', 'C:\\git\\experiments\\watkins2_part1\\strand.jpg'), ('Onkel', 'Beet', 'C:\\git\\experiments\\watkins2_part1\\wueste.jpg')]",557.2369008999958,,557.2369451000122,557.2673938999942,565.237627399998,565.2654233000067,565.2654777000134,None,None,,,557.2744859000086,,,,,,45,2026-07-24_11h28.35.240,watkins2_part1,,2026.1.3,143.21948816786607,1,29,Männlich,Muttersprache,Abitur,Anderes Studienfach,Bachelor,2026-07-24 11h28.36.125309 +0200,
12,0,12,,,,,,12,0,12,0,565.2708045000036,,,,,,,,,,,,,,,,,,,,,,,,,,,,565.2657454000146,565.754802600015,,,,Hamster,Drucker,,"['Hamster', 'Drucker', 'C:\\git\\experiments\\watkins2_part1\\wald.jpg']",study_new,1,,,,,,,,,,,565.2655886000139,565.2656448000052,C:\git\experiments\watkins2_part1\wald.jpg,"[('Kaffee', 'Skulptur', 'C:\\git\\experiments\\watkins2_part1\\strand.jpg'), ('Kamera', 'Sofa', 'C:\\git\\experiments\\watkins2_part1\\wald.jpg'), ('Birne', 'Goldfisch', 'C:\\git\\experiments\\watkins2_part1\\berg.jpg', 'C:\\git\\experiments\\watkins2_part1\\berg.jpg'), ('Fahrrad', 'Säge', 'C:\\git\\experiments\\watkins2_part1\\wald.jpg'), ('Joggen', 'Banane', 'C:\\git\\experiments\\watkins2_part1\\berg.jpg', 'C:\\git\\experiments\\watkins2_part1\\berg.jpg'), ('Ball', 'Flugzeug', 'C:\\git\\experiments\\watkins2_part1\\wald.jpg', 'C:\\git\\experiments\\watkins2_part1\\wald.jpg'), ('Locher', 'Tasse', 'C:\\git\\experiments\\watkins2_part1\\wald.jpg', 'C:\\git\\experiments\\watkins2_part1\\wald.jpg'), ('Computer', 'Schwimmen', 'C:\\git\\experiments\\watkins2_part1\\wueste.jpg'), ('Geige', 'Kakao', 'C:\\git\\experiments\\watkins2_part1\\strand.jpg', 'C:\\git\\experiments\\watkins2_part1\\strand.jpg'), ('Tee', 'Lampe', 'C:\\git\\experiments\\watkins2_part1\\wueste.jpg', 'C:\\git\\experiments\\watkins2_part1\\wueste.jpg'), ('Pinsel', 'Kaninchen', 'C:\\git\\experiments\\watkins2_part1\\wueste.jpg', 'C:\\git\\experiments\\watkins2_part1\\wueste.jpg'), ('Flöte', 'Wolke', 'C:\\git\\experiments\\watkins2_part1\\berg.jpg', 'C:\\git\\experiments\\watkins2_part1\\berg.jpg'), ('Hamster', 'Drucker', 'C:\\git\\experiments\\watkins2_part1\\wald.jpg'), ('Staffelei', 'Dünger', 'C:\\git\\experiments\\watkins2_part1\\wald.jpg', 'C:\\git\\experiments\\watkins2_part1\\wald.jpg'), ('Kreisel', 'Leinwand', 'C:\\git\\experiments\\watkins2_part1\\strand.jpg'), ('Traube', 'Limonade', 'C:\\git\\experiments\\watkins2_part1\\strand.jpg'), ('Wind', 'Bus', 'C:\\git\\experiments\\watkins2_part1\\berg.jpg'), ('Schwester', 'Staub', 'C:\\git\\experiments\\watkins2_part1\\strand.jpg', 'C:\\git\\experiments\\watkins2_part1\\strand.jpg'), ('Bohrer', 'Hemd', 'C:\\git\\experiments\\watkins2_part1\\wueste.jpg'), ('Rasen', 'Würfel', 'C:\\git\\experiments\\watkins2_part1\\berg.jpg'), ('Katze', 'Topf', 'C:\\git\\experiments\\watkins2_part1\\berg.jpg'), ('Löffel', 'Orange', 'C:\\git\\experiments\\watkins2_part1\\wueste.jpg', 'C:\\git\\experiments\\watkins2_part1\\wueste.jpg'), ('Matsch', 'Zange', 'C:\\git\\experiments\\watkins2_part1\\strand.jpg', 'C:\\git\\experiments\\watkins2_part1\\strand.jpg'), ('Onkel', 'Beet', 'C:\\git\\experiments\\watkins2_part1\\wueste.jpg')]",565.7747084000148,565.7805216000124,573.7687428999925,573.7872889999999,573.7873365000123,573.8067141000065,573.8067666999996,None,None,,,,,,,,,45,2026-07-24_11h28.35.240,watkins2_part1,,2026.1.3,143.21948816786607,1,29,Männlich,Muttersprache,Abitur,Anderes Studienfach,Bachelor,2026-07-24 11h28.36.125309 +0200,
13,0,13,,,,,,13,0,13,0,573.8095327000192,,,,,,,,,,,,,,,,,,,,,,,,,,,,573.8070433000103,574.2942311000079,,,,Staffelei,Dünger,,"['Staffelei', 'Dünger', 'C:\\git\\experiments\\watkins2_part1\\wald.jpg']",restudy,1,,,,,,,,,,,573.8068819000036,573.8069405000133,C:\git\experiments\watkins2_part1\wald.jpg,"[('Kaffee', 'Skulptur', 'C:\\git\\experiments\\watkins2_part1\\strand.jpg'), ('Kamera', 'Sofa', 'C:\\git\\experiments\\watkins2_part1\\wald.jpg'), ('Birne', 'Goldfisch', 'C:\\git\\experiments\\watkins2_part1\\berg.jpg', 'C:\\git\\experiments\\watkins2_part1\\berg.jpg'), ('Fahrrad', 'Säge', 'C:\\git\\experiments\\watkins2_part1\\wald.jpg'), ('Joggen', 'Banane', 'C:\\git\\experiments\\watkins2_part1\\berg.jpg', 'C:\\git\\experiments\\watkins2_part1\\berg.jpg'), ('Ball', 'Flugzeug', 'C:\\git\\experiments\\watkins2_part1\\wald.jpg', 'C:\\git\\experiments\\watkins2_part1\\wald.jpg'), ('Locher', 'Tasse', 'C:\\git\\experiments\\watkins2_part1\\wald.jpg', 'C:\\git\\experiments\\watkins2_part1\\wald.jpg'), ('Computer', 'Schwimmen', 'C:\\git\\experiments\\watkins2_part1\\wueste.jpg'), ('Geige', 'Kakao', 'C:\\git\\experiments\\watkins2_part1\\strand.jpg', 'C:\\git\\experiments\\watkins2_part1\\strand.jpg'), ('Tee', 'Lampe', 'C:\\git\\experiments\\watkins2_part1\\wueste.jpg', 'C:\\git\\experiments\\watkins2_part1\\wueste.jpg'), ('Pinsel', 'Kaninchen', 'C:\\git\\experiments\\watkins2_part1\\wueste.jpg', 'C:\\git\\experiments\\watkins2_part1\\wueste.jpg'), ('Flöte', 'Wolke', 'C:\\git\\experiments\\watkins2_part1\\berg.jpg', 'C:\\git\\experiments\\watkins2_part1\\berg.jpg'), ('Hamster', 'Drucker', 'C:\\git\\experiments\\watkins2_part1\\wald.jpg'), ('Staffelei', 'Dünger', 'C:\\git\\experiments\\watkins2_part1\\wald.jpg', 'C:\\git\\experiments\\watkins2_part1\\wald.jpg'), ('Kreisel', 'Leinwand', 'C:\\git\\experiments\\watkins2_part1\\strand.jpg'), ('Traube', 'Limonade', 'C:\\git\\experiments\\watkins2_part1\\strand.jpg'), ('Wind', 'Bus', 'C:\\git\\experiments\\watkins2_part1\\berg.jpg'), ('Schwester', 'Staub', 'C:\\git\\experiments\\watkins2_part1\\strand.jpg', 'C:\\git\\experiments\\watkins2_part1\\strand.jpg'), ('Bohrer', 'Hemd', 'C:\\git\\experiments\\watkins2_part1\\wueste.jpg'), ('Rasen', 'Würfel', 'C:\\git\\experiments\\watkins2_part1\\berg.jpg'), ('Katze', 'Topf', 'C:\\git\\experiments\\watkins2_part1\\berg.jpg'), ('Löffel', 'Orange', 'C:\\git\\experiments\\watkins2_part1\\wueste.jpg', 'C:\\git\\experiments\\watkins2_part1\\wueste.jpg'), ('Matsch', 'Zange', 'C:\\git\\experiments\\watkins2_part1\\strand.jpg', 'C:\\git\\experiments\\watkins2_part1\\strand.jpg'), ('Onkel', 'Beet', 'C:\\git\\experiments\\watkins2_part1\\wueste.jpg')]",574.3107471000112,,574.3107908999955,574.3284220999922,582.317032299994,582.3333177000168,582.3333709000144,None,None,,,574.3318424000172,,,,,,45,2026-07-24_11h28.35.240,watkins2_part1,,2026.1.3,143.21948816786607,1,29,Männlich,Muttersprache,Abitur,Anderes Studienfach,Bachelor,2026-07-24 11h28.36.125309 +0200,
14,0,14,,,,,,14,0,14,0,582.3360168999934,,,,,,,,,,,,,,,,,,,,,,,,,,,,582.333633400005,582.8216910999909,,,,Kreisel,Leinwand,,"['Kreisel', 'Leinwand', 'C:\\git\\experiments\\watkins2_part1\\strand.jpg']",study_new,1,,,,,,,,,,,582.3334792999958,582.3335335000011,C:\git\experiments\watkins2_part1\strand.jpg,"[('Kaffee', 'Skulptur', 'C:\\git\\experiments\\watkins2_part1\\strand.jpg'), ('Kamera', 'Sofa', 'C:\\git\\experiments\\watkins2_part1\\wald.jpg'), ('Birne', 'Goldfisch', 'C:\\git\\experiments\\watkins2_part1\\berg.jpg', 'C:\\git\\experiments\\watkins2_part1\\berg.jpg'), ('Fahrrad', 'Säge', 'C:\\git\\experiments\\watkins2_part1\\wald.jpg'), ('Joggen', 'Banane', 'C:\\git\\experiments\\watkins2_part1\\berg.jpg', 'C:\\git\\experiments\\watkins2_part1\\berg.jpg'), ('Ball', 'Flugzeug', 'C:\\git\\experiments\\watkins2_part1\\wald.jpg', 'C:\\git\\experiments\\watkins2_part1\\wald.jpg'), ('Locher', 'Tasse', 'C:\\git\\experiments\\watkins2_part1\\wald.jpg', 'C:\\git\\experiments\\watkins2_part1\\wald.jpg'), ('Computer', 'Schwimmen', 'C:\\git\\experiments\\watkins2_part1\\wueste.jpg'), ('Geige', 'Kakao', 'C:\\git\\experiments\\watkins2_part1\\strand.jpg', 'C:\\git\\experiments\\watkins2_part1\\strand.jpg'), ('Tee', 'Lampe', 'C:\\git\\experiments\\watkins2_part1\\wueste.jpg', 'C:\\git\\experiments\\watkins2_part1\\wueste.jpg'), ('Pinsel', 'Kaninchen', 'C:\\git\\experiments\\watkins2_part1\\wueste.jpg', 'C:\\git\\experiments\\watkins2_part1\\wueste.jpg'), ('Flöte', 'Wolke', 'C:\\git\\experiments\\watkins2_part1\\berg.jpg', 'C:\\git\\experiments\\watkins2_part1\\berg.jpg'), ('Hamster', 'Drucker', 'C:\\git\\experiments\\watkins2_part1\\wald.jpg'), ('Staffelei', 'Dünger', 'C:\\git\\experiments\\watkins2_part1\\wald.jpg', 'C:\\git\\experiments\\watkins2_part1\\wald.jpg'), ('Kreisel', 'Leinwand', 'C:\\git\\experiments\\watkins2_part1\\strand.jpg'), ('Traube', 'Limonade', 'C:\\git\\experiments\\watkins2_part1\\strand.jpg'), ('Wind', 'Bus', 'C:\\git\\experiments\\watkins2_part1\\berg.jpg'), ('Schwester', 'Staub', 'C:\\git\\experiments\\watkins2_part1\\strand.jpg', 'C:\\git\\experiments\\watkins2_part1\\strand.jpg'), ('Bohrer', 'Hemd', 'C:\\git\\experiments\\watkins2_part1\\wueste.jpg'), ('Rasen', 'Würfel', 'C:\\git\\experiments\\watkins2_part1\\berg.jpg'), ('Katze', 'Topf', 'C:\\git\\experiments\\watkins2_part1\\berg.jpg'), ('Löffel', 'Orange', 'C:\\git\\experiments\\watkins2_part1\\wueste.jpg', 'C:\\git\\experiments\\watkins2_part1\\wueste.jpg'), ('Matsch', 'Zange', 'C:\\git\\experiments\\watkins2_part1\\strand.jpg', 'C:\\git\\experiments\\watkins2_part1\\strand.jpg'), ('Onkel', 'Beet', 'C:\\git\\experiments\\watkins2_part1\\wueste.jpg')]",582.834422999993,582.8384492000041,590.8381097000092,590.8508526000078,590.8508986000088,590.8637237999937,590.8637783000013,None,None,,,,,,,,,45,2026-07-24_11h28.35.240,watkins2_part1,,2026.1.3,143.21948816786607,1,29,Männlich,Muttersprache,Abitur,Anderes Studienfach,Bachelor,2026-07-24 11h28.36.125309 +0200,
15,0,15,,,,,,15,0,15,0,590.8668793000106,,,,,,,,,,,,,,,,,,,,,,,,,,,,590.8640475000138,591.3469555000192,,,,Traube,Limonade,,"['Traube', 'Limonade', 'C:\\git\\experiments\\watkins2_part1\\strand.jpg']",study_new,1,,,,,,,,,,,590.8638901000086,590.8639458999969,C:\git\experiments\watkins2_part1\strand.jpg,"[('Kaffee', 'Skulptur', 'C:\\git\\experiments\\watkins2_part1\\strand.jpg'), ('Kamera', 'Sofa', 'C:\\git\\experiments\\watkins2_part1\\wald.jpg'), ('Birne', 'Goldfisch', 'C:\\git\\experiments\\watkins2_part1\\berg.jpg', 'C:\\git\\experiments\\watkins2_part1\\berg.jpg'), ('Fahrrad', 'Säge', 'C:\\git\\experiments\\watkins2_part1\\wald.jpg'), ('Joggen', 'Banane', 'C:\\git\\experiments\\watkins2_part1\\berg.jpg', 'C:\\git\\experiments\\watkins2_part1\\berg.jpg'), ('Ball', 'Flugzeug', 'C:\\git\\experiments\\watkins2_part1\\wald.jpg', 'C:\\git\\experiments\\watkins2_part1\\wald.jpg'), ('Locher', 'Tasse', 'C:\\git\\experiments\\watkins2_part1\\wald.jpg', 'C:\\git\\experiments\\watkins2_part1\\wald.jpg'), ('Computer', 'Schwimmen', 'C:\\git\\experiments\\watkins2_part1\\wueste.jpg'), ('Geige', 'Kakao', 'C:\\git\\experiments\\watkins2_part1\\strand.jpg', 'C:\\git\\experiments\\watkins2_part1\\strand.jpg'), ('Tee', 'Lampe', 'C:\\git\\experiments\\watkins2_part1\\wueste.jpg', 'C:\\git\\experiments\\watkins2_part1\\wueste.jpg'), ('Pinsel', 'Kaninchen', 'C:\\git\\experiments\\watkins2_part1\\wueste.jpg', 'C:\\git\\experiments\\watkins2_part1\\wueste.jpg'), ('Flöte', 'Wolke', 'C:\\git\\experiments\\watkins2_part1\\berg.jpg', 'C:\\git\\experiments\\watkins2_part1\\berg.jpg'), ('Hamster', 'Drucker', 'C:\\git\\experiments\\watkins2_part1\\wald.jpg'), ('Staffelei', 'Dünger', 'C:\\git\\experiments\\watkins2_part1\\wald.jpg', 'C:\\git\\experiments\\watkins2_part1\\wald.jpg'), ('Kreisel', 'Leinwand', 'C:\\git\\experiments\\watkins2_part1\\strand.jpg'), ('Traube', 'Limonade', 'C:\\git\\experiments\\watkins2_part1\\strand.jpg'), ('Wind', 'Bus', 'C:\\git\\experiments\\watkins2_part1\\berg.jpg'), ('Schwester', 'Staub', 'C:\\git\\experiments\\watkins2_part1\\strand.jpg', 'C:\\git\\experiments\\watkins2_part1\\strand.jpg'), ('Bohrer', 'Hemd', 'C:\\git\\experiments\\watkins2_part1\\wueste.jpg'), ('Rasen', 'Würfel', 'C:\\git\\experiments\\watkins2_part1\\berg.jpg'), ('Katze', 'Topf', 'C:\\git\\experiments\\watkins2_part1\\berg.jpg'), ('Löffel', 'Orange', 'C:\\git\\experiments\\watkins2_part1\\wueste.jpg', 'C:\\git\\experiments\\watkins2_part1\\wueste.jpg'), ('Matsch', 'Zange', 'C:\\git\\experiments\\watkins2_part1\\strand.jpg', 'C:\\git\\experiments\\watkins2_part1\\strand.jpg'), ('Onkel', 'Beet', 'C:\\git\\experiments\\watkins2_part1\\wueste.jpg')]",591.3588990000135,591.3626004999969,599.364533200016,599.3760373000114,599.3760851999978,599.3868321999907,599.3868850000144,None,None,,,,,,,,,45,2026-07-24_11h28.35.240,watkins2_part1,,2026.1.3,143.21948816786607,1,29,Männlich,Muttersprache,Abitur,Anderes Studienfach,Bachelor,2026-07-24 11h28.36.125309 +0200,
16,0,16,,,,,,16,0,16,0,599.390327000001,,,,,,,,,,,,,,,,,,,,,,,,,,,,599.3871573999932,599.8756886000047,,,,Wind,Bus,,"['Wind', 'Bus', 'C:\\git\\experiments\\watkins2_part1\\berg.jpg']",study_new,1,,,,,,,,,,,599.3869971999957,599.3870552000008,C:\git\experiments\watkins2_part1\berg.jpg,"[('Kaffee', 'Skulptur', 'C:\\git\\experiments\\watkins2_part1\\strand.jpg'), ('Kamera', 'Sofa', 'C:\\git\\experiments\\watkins2_part1\\wald.jpg'), ('Birne', 'Goldfisch', 'C:\\git\\experiments\\watkins2_part1\\berg.jpg', 'C:\\git\\experiments\\watkins2_part1\\berg.jpg'), ('Fahrrad', 'Säge', 'C:\\git\\experiments\\watkins2_part1\\wald.jpg'), ('Joggen', 'Banane', 'C:\\git\\experiments\\watkins2_part1\\berg.jpg', 'C:\\git\\experiments\\watkins2_part1\\berg.jpg'), ('Ball', 'Flugzeug', 'C:\\git\\experiments\\watkins2_part1\\wald.jpg', 'C:\\git\\experiments\\watkins2_part1\\wald.jpg'), ('Locher', 'Tasse', 'C:\\git\\experiments\\watkins2_part1\\wald.jpg', 'C:\\git\\experiments\\watkins2_part1\\wald.jpg'), ('Computer', 'Schwimmen', 'C:\\git\\experiments\\watkins2_part1\\wueste.jpg'), ('Geige', 'Kakao', 'C:\\git\\experiments\\watkins2_part1\\strand.jpg', 'C:\\git\\experiments\\watkins2_part1\\strand.jpg'), ('Tee', 'Lampe', 'C:\\git\\experiments\\watkins2_part1\\wueste.jpg', 'C:\\git\\experiments\\watkins2_part1\\wueste.jpg'), ('Pinsel', 'Kaninchen', 'C:\\git\\experiments\\watkins2_part1\\wueste.jpg', 'C:\\git\\experiments\\watkins2_part1\\wueste.jpg'), ('Flöte', 'Wolke', 'C:\\git\\experiments\\watkins2_part1\\berg.jpg', 'C:\\git\\experiments\\watkins2_part1\\berg.jpg'), ('Hamster', 'Drucker', 'C:\\git\\experiments\\watkins2_part1\\wald.jpg'), ('Staffelei', 'Dünger', 'C:\\git\\experiments\\watkins2_part1\\wald.jpg', 'C:\\git\\experiments\\watkins2_part1\\wald.jpg'), ('Kreisel', 'Leinwand', 'C:\\git\\experiments\\watkins2_part1\\strand.jpg'), ('Traube', 'Limonade', 'C:\\git\\experiments\\watkins2_part1\\strand.jpg'), ('Wind', 'Bus', 'C:\\git\\experiments\\watkins2_part1\\berg.jpg'), ('Schwester', 'Staub', 'C:\\git\\experiments\\watkins2_part1\\strand.jpg', 'C:\\git\\experiments\\watkins2_part1\\strand.jpg'), ('Bohrer', 'Hemd', 'C:\\git\\experiments\\watkins2_part1\\wueste.jpg'), ('Rasen', 'Würfel', 'C:\\git\\experiments\\watkins2_part1\\berg.jpg'), ('Katze', 'Topf', 'C:\\git\\experiments\\watkins2_part1\\berg.jpg'), ('Löffel', 'Orange', 'C:\\git\\experiments\\watkins2_part1\\wueste.jpg', 'C:\\git\\experiments\\watkins2_part1\\wueste.jpg'), ('Matsch', 'Zange', 'C:\\git\\experiments\\watkins2_part1\\strand.jpg', 'C:\\git\\experiments\\watkins2_part1\\strand.jpg'), ('Onkel', 'Beet', 'C:\\git\\experiments\\watkins2_part1\\wueste.jpg')]",599.903628,599.9104059000092,607.8876943000068,607.9148249000136,607.9148711000162,607.943898700003,607.943952200003,None,None,,,,,,,,,45,2026-07-24_11h28.35.240,watkins2_part1,,2026.1.3,143.21948816786607,1,29,Männlich,Muttersprache,Abitur,Anderes Studienfach,Bachelor,2026-07-24 11h28.36.125309 +0200,
17,0,17,,,,,,17,0,17,0,607.9495694999932,,,,,,,,,,,,,,,,,,,,,,,,,,,,607.9442839999974,608.4328660000174,,,,Schwester,Staub,,"['Schwester', 'Staub', 'C:\\git\\experiments\\watkins2_part1\\strand.jpg']",restudy,1,,,,,,,,,,,607.9440958999912,607.9441690999956,C:\git\experiments\watkins2_part1\strand.jpg,"[('Kaffee', 'Skulptur', 'C:\\git\\experiments\\watkins2_part1\\strand.jpg'), ('Kamera', 'Sofa', 'C:\\git\\experiments\\watkins2_part1\\wald.jpg'), ('Birne', 'Goldfisch', 'C:\\git\\experiments\\watkins2_part1\\berg.jpg', 'C:\\git\\experiments\\watkins2_part1\\berg.jpg'), ('Fahrrad', 'Säge', 'C:\\git\\experiments\\watkins2_part1\\wald.jpg'), ('Joggen', 'Banane', 'C:\\git\\experiments\\watkins2_part1\\berg.jpg', 'C:\\git\\experiments\\watkins2_part1\\berg.jpg'), ('Ball', 'Flugzeug', 'C:\\git\\experiments\\watkins2_part1\\wald.jpg', 'C:\\git\\experiments\\watkins2_part1\\wald.jpg'), ('Locher', 'Tasse', 'C:\\git\\experiments\\watkins2_part1\\wald.jpg', 'C:\\git\\experiments\\watkins2_part1\\wald.jpg'), ('Computer', 'Schwimmen', 'C:\\git\\experiments\\watkins2_part1\\wueste.jpg'), ('Geige', 'Kakao', 'C:\\git\\experiments\\watkins2_part1\\strand.jpg', 'C:\\git\\experiments\\watkins2_part1\\strand.jpg'), ('Tee', 'Lampe', 'C:\\git\\experiments\\watkins2_part1\\wueste.jpg', 'C:\\git\\experiments\\watkins2_part1\\wueste.jpg'), ('Pinsel', 'Kaninchen', 'C:\\git\\experiments\\watkins2_part1\\wueste.jpg', 'C:\\git\\experiments\\watkins2_part1\\wueste.jpg'), ('Flöte', 'Wolke', 'C:\\git\\experiments\\watkins2_part1\\berg.jpg', 'C:\\git\\experiments\\watkins2_part1\\berg.jpg'), ('Hamster', 'Drucker', 'C:\\git\\experiments\\watkins2_part1\\wald.jpg'), ('Staffelei', 'Dünger', 'C:\\git\\experiments\\watkins2_part1\\wald.jpg', 'C:\\git\\experiments\\watkins2_part1\\wald.jpg'), ('Kreisel', 'Leinwand', 'C:\\git\\experiments\\watkins2_part1\\strand.jpg'), ('Traube', 'Limonade', 'C:\\git\\experiments\\watkins2_part1\\strand.jpg'), ('Wind', 'Bus', 'C:\\git\\experiments\\watkins2_part1\\berg.jpg'), ('Schwester', 'Staub', 'C:\\git\\experiments\\watkins2_part1\\strand.jpg', 'C:\\git\\experiments\\watkins2_part1\\strand.jpg'), ('Bohrer', 'Hemd', 'C:\\git\\experiments\\watkins2_part1\\wueste.jpg'), ('Rasen', 'Würfel', 'C:\\git\\experiments\\watkins2_part1\\berg.jpg'), ('Katze', 'Topf', 'C:\\git\\experiments\\watkins2_part1\\berg.jpg'), ('Löffel', 'Orange', 'C:\\git\\experiments\\watkins2_part1\\wueste.jpg', 'C:\\git\\experiments\\watkins2_part1\\wueste.jpg'), ('Matsch', 'Zange', 'C:\\git\\experiments\\watkins2_part1\\strand.jpg', 'C:\\git\\experiments\\watkins2_part1\\strand.jpg'), ('Onkel', 'Beet', 'C:\\git\\experiments\\watkins2_part1\\wueste.jpg')]",608.4463352000166,,608.4463794000039,608.4612935000041,616.4517093000177,616.4640422000084,616.4640960000106,None,None,,,608.4675636000175,,,,,,45,2026-07-24_11h28.35.240,watkins2_part1,,2026.1.3,143.21948816786607,1,29,Männlich,Muttersprache,Abitur,Anderes Studienfach,Bachelor,2026-07-24 11h28.36.125309 +0200,
18,0,18,,,,,,18,0,18,0,616.4689691000094,,,,,,,,,,,,,,,,,,,,,,,,,,,,616.4643616999965,616.9513963999925,,,,Bohrer,Hemd,,"['Bohrer', 'Hemd', 'C:\\git\\experiments\\watkins2_part1\\wueste.jpg']",study_new,1,,,,,,,,,,,616.4642067000095,616.464260400011,C:\git\experiments\watkins2_part1\wueste.jpg,"[('Kaffee', 'Skulptur', 'C:\\git\\experiments\\watkins2_part1\\strand.jpg'), ('Kamera', 'Sofa', 'C:\\git\\experiments\\watkins2_part1\\wald.jpg'), ('Birne', 'Goldfisch', 'C:\\git\\experiments\\watkins2_part1\\berg.jpg', 'C:\\git\\experiments\\watkins2_part1\\berg.jpg'), ('Fahrrad', 'Säge', 'C:\\git\\experiments\\watkins2_part1\\wald.jpg'), ('Joggen', 'Banane', 'C:\\git\\experiments\\watkins2_part1\\berg.jpg', 'C:\\git\\experiments\\watkins2_part1\\berg.jpg'), ('Ball', 'Flugzeug', 'C:\\git\\experiments\\watkins2_part1\\wald.jpg', 'C:\\git\\experiments\\watkins2_part1\\wald.jpg'), ('Locher', 'Tasse', 'C:\\git\\experiments\\watkins2_part1\\wald.jpg', 'C:\\git\\experiments\\watkins2_part1\\wald.jpg'), ('Computer', 'Schwimmen', 'C:\\git\\experiments\\watkins2_part1\\wueste.jpg'), ('Geige', 'Kakao', 'C:\\git\\experiments\\watkins2_part1\\strand.jpg', 'C:\\git\\experiments\\watkins2_part1\\strand.jpg'), ('Tee', 'Lampe', 'C:\\git\\experiments\\watkins2_part1\\wueste.jpg', 'C:\\git\\experiments\\watkins2_part1\\wueste.jpg'), ('Pinsel', 'Kaninchen', 'C:\\git\\experiments\\watkins2_part1\\wueste.jpg', 'C:\\git\\experiments\\watkins2_part1\\wueste.jpg'), ('Flöte', 'Wolke', 'C:\\git\\experiments\\watkins2_part1\\berg.jpg', 'C:\\git\\experiments\\watkins2_part1\\berg.jpg'), ('Hamster', 'Drucker', 'C:\\git\\experiments\\watkins2_part1\\wald.jpg'), ('Staffelei', 'Dünger', 'C:\\git\\experiments\\watkins2_part1\\wald.jpg', 'C:\\git\\experiments\\watkins2_part1\\wald.jpg'), ('Kreisel', 'Leinwand', 'C:\\git\\experiments\\watkins2_part1\\strand.jpg'), ('Traube', 'Limonade', 'C:\\git\\experiments\\watkins2_part1\\strand.jpg'), ('Wind', 'Bus', 'C:\\git\\experiments\\watkins2_part1\\berg.jpg'), ('Schwester', 'Staub', 'C:\\git\\experiments\\watkins2_part1\\strand.jpg', 'C:\\git\\experiments\\watkins2_part1\\strand.jpg'), ('Bohrer', 'Hemd', 'C:\\git\\experiments\\watkins2_part1\\wueste.jpg'), ('Rasen', 'Würfel', 'C:\\git\\experiments\\watkins2_part1\\berg.jpg'), ('Katze', 'Topf', 'C:\\git\\experiments\\watkins2_part1\\berg.jpg'), ('Löffel', 'Orange', 'C:\\git\\experiments\\watkins2_part1\\wueste.jpg', 'C:\\git\\experiments\\watkins2_part1\\wueste.jpg'), ('Matsch', 'Zange', 'C:\\git\\experiments\\watkins2_part1\\strand.jpg', 'C:\\git\\experiments\\watkins2_part1\\strand.jpg'), ('Onkel', 'Beet', 'C:\\git\\experiments\\watkins2_part1\\wueste.jpg')]",616.970038600004,616.9759586,624.9647085000179,624.9832100000058,624.9832560000068,625.0021566000069,625.0022099000053,None,None,,,,,,,,,45,2026-07-24_11h28.35.240,watkins2_part1,,2026.1.3,143.21948816786607,1,29,Männlich,Muttersprache,Abitur,Anderes Studienfach,Bachelor,2026-07-24 11h28.36.125309 +0200,
19,0,19,,,,,,19,0,19,0,625.0069600999996,,,,,,,,,,,,,,,,,,,,,,,,,,,,625.0024785000132,625.4917530000093,,,,Rasen,Würfel,,"['Rasen', 'Würfel', 'C:\\git\\experiments\\watkins2_part1\\berg.jpg']",study_new,1,,,,,,,,,,,625.002321500011,625.0023780000047,C:\git\experiments\watkins2_part1\berg.jpg,"[('Kaffee', 'Skulptur', 'C:\\git\\experiments\\watkins2_part1\\strand.jpg'), ('Kamera', 'Sofa', 'C:\\git\\experiments\\watkins2_part1\\wald.jpg'), ('Birne', 'Goldfisch', 'C:\\git\\experiments\\watkins2_part1\\berg.jpg', 'C:\\git\\experiments\\watkins2_part1\\berg.jpg'), ('Fahrrad', 'Säge', 'C:\\git\\experiments\\watkins2_part1\\wald.jpg'), ('Joggen', 'Banane', 'C:\\git\\experiments\\watkins2_part1\\berg.jpg', 'C:\\git\\experiments\\watkins2_part1\\berg.jpg'), ('Ball', 'Flugzeug', 'C:\\git\\experiments\\watkins2_part1\\wald.jpg', 'C:\\git\\experiments\\watkins2_part1\\wald.jpg'), ('Locher', 'Tasse', 'C:\\git\\experiments\\watkins2_part1\\wald.jpg', 'C:\\git\\experiments\\watkins2_part1\\wald.jpg'), ('Computer', 'Schwimmen', 'C:\\git\\experiments\\watkins2_part1\\wueste.jpg'), ('Geige', 'Kakao', 'C:\\git\\experiments\\watkins2_part1\\strand.jpg', 'C:\\git\\experiments\\watkins2_part1\\strand.jpg'), ('Tee', 'Lampe', 'C:\\git\\experiments\\watkins2_part1\\wueste.jpg', 'C:\\git\\experiments\\watkins2_part1\\wueste.jpg'), ('Pinsel', 'Kaninchen', 'C:\\git\\experiments\\watkins2_part1\\wueste.jpg', 'C:\\git\\experiments\\watkins2_part1\\wueste.jpg'), ('Flöte', 'Wolke', 'C:\\git\\experiments\\watkins2_part1\\berg.jpg', 'C:\\git\\experiments\\watkins2_part1\\berg.jpg'), ('Hamster', 'Drucker', 'C:\\git\\experiments\\watkins2_part1\\wald.jpg'), ('Staffelei', 'Dünger', 'C:\\git\\experiments\\watkins2_part1\\wald.jpg', 'C:\\git\\experiments\\watkins2_part1\\wald.jpg'), ('Kreisel', 'Leinwand', 'C:\\git\\experiments\\watkins2_part1\\strand.jpg'), ('Traube', 'Limonade', 'C:\\git\\experiments\\watkins2_part1\\strand.jpg'), ('Wind', 'Bus', 'C:\\git\\experiments\\watkins2_part1\\berg.jpg'), ('Schwester', 'Staub', 'C:\\git\\experiments\\watkins2_part1\\strand.jpg', 'C:\\git\\experiments\\watkins2_part1\\strand.jpg'), ('Bohrer', 'Hemd', 'C:\\git\\experiments\\watkins2_part1\\wueste.jpg'), ('Rasen', 'Würfel', 'C:\\git\\experiments\\watkins2_part1\\berg.jpg'), ('Katze', 'Topf', 'C:\\git\\experiments\\watkins2_part1\\berg.jpg'), ('Löffel', 'Orange', 'C:\\git\\experiments\\watkins2_part1\\wueste.jpg', 'C:\\git\\experiments\\watkins2_part1\\wueste.jpg'), ('Matsch', 'Zange', 'C:\\git\\experiments\\watkins2_part1\\strand.jpg', 'C:\\git\\experiments\\watkins2_part1\\strand.jpg'), ('Onkel', 'Beet', 'C:\\git\\experiments\\watkins2_part1\\wueste.jpg')]",625.5187032000103,625.5251598000177,633.5059019000037,633.5339534000086,633.533998400002,633.5640981000033,633.5641507999972,None,None,,,,,,,,,45,2026-07-24_11h28.35.240,watkins2_part1,,2026.1.3,143.21948816786607,1,29,Männlich,Muttersprache,Abitur,Anderes Studienfach,Bachelor,2026-07-24 11h28.36.125309 +0200,
20,0,20,,,,,,20,0,20,0,633.569682500005,,,,,,,,,,,,,,,,,,,,,,,,,,,,633.5644188000006,634.0476243000012,,,,Katze,Topf,,"['Katze', 'Topf', 'C:\\git\\experiments\\watkins2_part1\\berg.jpg']",study_new,1,,,,,,,,,,,633.5642617999983,633.5643183999928,C:\git\experiments\watkins2_part1\berg.jpg,"[('Kaffee', 'Skulptur', 'C:\\git\\experiments\\watkins2_part1\\strand.jpg'), ('Kamera', 'Sofa', 'C:\\git\\experiments\\watkins2_part1\\wald.jpg'), ('Birne', 'Goldfisch', 'C:\\git\\experiments\\watkins2_part1\\berg.jpg', 'C:\\git\\experiments\\watkins2_part1\\berg.jpg'), ('Fahrrad', 'Säge', 'C:\\git\\experiments\\watkins2_part1\\wald.jpg'), ('Joggen', 'Banane', 'C:\\git\\experiments\\watkins2_part1\\berg.jpg', 'C:\\git\\experiments\\watkins2_part1\\berg.jpg'), ('Ball', 'Flugzeug', 'C:\\git\\experiments\\watkins2_part1\\wald.jpg', 'C:\\git\\experiments\\watkins2_part1\\wald.jpg'), ('Locher', 'Tasse', 'C:\\git\\experiments\\watkins2_part1\\wald.jpg', 'C:\\git\\experiments\\watkins2_part1\\wald.jpg'), ('Computer', 'Schwimmen', 'C:\\git\\experiments\\watkins2_part1\\wueste.jpg'), ('Geige', 'Kakao', 'C:\\git\\experiments\\watkins2_part1\\strand.jpg', 'C:\\git\\experiments\\watkins2_part1\\strand.jpg'), ('Tee', 'Lampe', 'C:\\git\\experiments\\watkins2_part1\\wueste.jpg', 'C:\\git\\experiments\\watkins2_part1\\wueste.jpg'), ('Pinsel', 'Kaninchen', 'C:\\git\\experiments\\watkins2_part1\\wueste.jpg', 'C:\\git\\experiments\\watkins2_part1\\wueste.jpg'), ('Flöte', 'Wolke', 'C:\\git\\experiments\\watkins2_part1\\berg.jpg', 'C:\\git\\experiments\\watkins2_part1\\berg.jpg'), ('Hamster', 'Drucker', 'C:\\git\\experiments\\watkins2_part1\\wald.jpg'), ('Staffelei', 'Dünger', 'C:\\git\\experiments\\watkins2_part1\\wald.jpg', 'C:\\git\\experiments\\watkins2_part1\\wald.jpg'), ('Kreisel', 'Leinwand', 'C:\\git\\experiments\\watkins2_part1\\strand.jpg'), ('Traube', 'Limonade', 'C:\\git\\experiments\\watkins2_part1\\strand.jpg'), ('Wind', 'Bus', 'C:\\git\\experiments\\watkins2_part1\\berg.jpg'), ('Schwester', 'Staub', 'C:\\git\\experiments\\watkins2_part1\\strand.jpg', 'C:\\git\\experiments\\watkins2_part1\\strand.jpg'), ('Bohrer', 'Hemd', 'C:\\git\\experiments\\watkins2_part1\\wueste.jpg'), ('Rasen', 'Würfel', 'C:\\git\\experiments\\watkins2_part1\\berg.jpg'), ('Katze', 'Topf', 'C:\\git\\experiments\\watkins2_part1\\berg.jpg'), ('Löffel', 'Orange', 'C:\\git\\experiments\\watkins2_part1\\wueste.jpg', 'C:\\git\\experiments\\watkins2_part1\\wueste.jpg'), ('Matsch', 'Zange', 'C:\\git\\experiments\\watkins2_part1\\strand.jpg', 'C:\\git\\experiments\\watkins2_part1\\strand.jpg'), ('Onkel', 'Beet', 'C:\\git\\experiments\\watkins2_part1\\wueste.jpg')]",634.0723313000053,634.0781794000068,642.0647331000073,642.0894475000096,642.0894940000144,642.1134632000176,642.1135174999945,None,None,,,,,,,,,45,2026-07-24_11h28.35.240,watkins2_part1,,2026.1.3,143.21948816786607,1,29,Männlich,Muttersprache,Abitur,Anderes Studienfach,Bachelor,2026-07-24 11h28.36.125309 +0200,
21,0,21,,,,,,21,0,21,0,642.118180999998,,,,,,,,,,,,,,,,,,,,,,,,,,,,642.1137856999994,642.6013737000176,,,,Löffel,Orange,,"['Löffel', 'Orange', 'C:\\git\\experiments\\watkins2_part1\\wueste.jpg']",restudy,1,,,,,,,,,,,642.1136302000086,642.1136862999992,C:\git\experiments\watkins2_part1\wueste.jpg,"[('Kaffee', 'Skulptur', 'C:\\git\\experiments\\watkins2_part1\\strand.jpg'), ('Kamera', 'Sofa', 'C:\\git\\experiments\\watkins2_part1\\wald.jpg'), ('Birne', 'Goldfisch', 'C:\\git\\experiments\\watkins2_part1\\berg.jpg', 'C:\\git\\experiments\\watkins2_part1\\berg.jpg'), ('Fahrrad', 'Säge', 'C:\\git\\experiments\\watkins2_part1\\wald.jpg'), ('Joggen', 'Banane', 'C:\\git\\experiments\\watkins2_part1\\berg.jpg', 'C:\\git\\experiments\\watkins2_part1\\berg.jpg'), ('Ball', 'Flugzeug', 'C:\\git\\experiments\\watkins2_part1\\wald.jpg', 'C:\\git\\experiments\\watkins2_part1\\wald.jpg'), ('Locher', 'Tasse', 'C:\\git\\experiments\\watkins2_part1\\wald.jpg', 'C:\\git\\experiments\\watkins2_part1\\wald.jpg'), ('Computer', 'Schwimmen', 'C:\\git\\experiments\\watkins2_part1\\wueste.jpg'), ('Geige', 'Kakao', 'C:\\git\\experiments\\watkins2_part1\\strand.jpg', 'C:\\git\\experiments\\watkins2_part1\\strand.jpg'), ('Tee', 'Lampe', 'C:\\git\\experiments\\watkins2_part1\\wueste.jpg', 'C:\\git\\experiments\\watkins2_part1\\wueste.jpg'), ('Pinsel', 'Kaninchen', 'C:\\git\\experiments\\watkins2_part1\\wueste.jpg', 'C:\\git\\experiments\\watkins2_part1\\wueste.jpg'), ('Flöte', 'Wolke', 'C:\\git\\experiments\\watkins2_part1\\berg.jpg', 'C:\\git\\experiments\\watkins2_part1\\berg.jpg'), ('Hamster', 'Drucker', 'C:\\git\\experiments\\watkins2_part1\\wald.jpg'), ('Staffelei', 'Dünger', 'C:\\git\\experiments\\watkins2_part1\\wald.jpg', 'C:\\git\\experiments\\watkins2_part1\\wald.jpg'), ('Kreisel', 'Leinwand', 'C:\\git\\experiments\\watkins2_part1\\strand.jpg'), ('Traube', 'Limonade', 'C:\\git\\experiments\\watkins2_part1\\strand.jpg'), ('Wind', 'Bus', 'C:\\git\\experiments\\watkins2_part1\\berg.jpg'), ('Schwester', 'Staub', 'C:\\git\\experiments\\watkins2_part1\\strand.jpg', 'C:\\git\\experiments\\watkins2_part1\\strand.jpg'), ('Bohrer', 'Hemd', 'C:\\git\\experiments\\watkins2_part1\\wueste.jpg'), ('Rasen', 'Würfel', 'C:\\git\\experiments\\watkins2_part1\\berg.jpg'), ('Katze', 'Topf', 'C:\\git\\experiments\\watkins2_part1\\berg.jpg'), ('Löffel', 'Orange', 'C:\\git\\experiments\\watkins2_part1\\wueste.jpg', 'C:\\git\\experiments\\watkins2_part1\\wueste.jpg'), ('Matsch', 'Zange', 'C:\\git\\experiments\\watkins2_part1\\strand.jpg', 'C:\\git\\experiments\\watkins2_part1\\strand.jpg'), ('Onkel', 'Beet', 'C:\\git\\experiments\\watkins2_part1\\wueste.jpg')]",642.6205929999996,,642.6206394000037,642.6396668000089,650.6276884000108,650.6455973999982,650.645652200008,None,None,,,642.6466400999925,,,,,,45,2026-07-24_11h28.35.240,watkins2_part1,,2026.1.3,143.21948816786607,1,29,Männlich,Muttersprache,Abitur,Anderes Studienfach,Bachelor,2026-07-24 11h28.36.125309 +0200,
22,0,22,,,,,,22,0,22,0,650.6499514000025,,,,,,,,,,,,,,,,,,,,,,,,,,,,650.6459210000176,651.1305160000047,,,,Matsch,Zange,,"['Matsch', 'Zange', 'C:\\git\\experiments\\watkins2_part1\\strand.jpg']",restudy,1,,,,,,,,,,,650.6457646999916,650.6458206000098,C:\git\experiments\watkins2_part1\strand.jpg,"[('Kaffee', 'Skulptur', 'C:\\git\\experiments\\watkins2_part1\\strand.jpg'), ('Kamera', 'Sofa', 'C:\\git\\experiments\\watkins2_part1\\wald.jpg'), ('Birne', 'Goldfisch', 'C:\\git\\experiments\\watkins2_part1\\berg.jpg', 'C:\\git\\experiments\\watkins2_part1\\berg.jpg'), ('Fahrrad', 'Säge', 'C:\\git\\experiments\\watkins2_part1\\wald.jpg'), ('Joggen', 'Banane', 'C:\\git\\experiments\\watkins2_part1\\berg.jpg', 'C:\\git\\experiments\\watkins2_part1\\berg.jpg'), ('Ball', 'Flugzeug', 'C:\\git\\experiments\\watkins2_part1\\wald.jpg', 'C:\\git\\experiments\\watkins2_part1\\wald.jpg'), ('Locher', 'Tasse', 'C:\\git\\experiments\\watkins2_part1\\wald.jpg', 'C:\\git\\experiments\\watkins2_part1\\wald.jpg'), ('Computer', 'Schwimmen', 'C:\\git\\experiments\\watkins2_part1\\wueste.jpg'), ('Geige', 'Kakao', 'C:\\git\\experiments\\watkins2_part1\\strand.jpg', 'C:\\git\\experiments\\watkins2_part1\\strand.jpg'), ('Tee', 'Lampe', 'C:\\git\\experiments\\watkins2_part1\\wueste.jpg', 'C:\\git\\experiments\\watkins2_part1\\wueste.jpg'), ('Pinsel', 'Kaninchen', 'C:\\git\\experiments\\watkins2_part1\\wueste.jpg', 'C:\\git\\experiments\\watkins2_part1\\wueste.jpg'), ('Flöte', 'Wolke', 'C:\\git\\experiments\\watkins2_part1\\berg.jpg', 'C:\\git\\experiments\\watkins2_part1\\berg.jpg'), ('Hamster', 'Drucker', 'C:\\git\\experiments\\watkins2_part1\\wald.jpg'), ('Staffelei', 'Dünger', 'C:\\git\\experiments\\watkins2_part1\\wald.jpg', 'C:\\git\\experiments\\watkins2_part1\\wald.jpg'), ('Kreisel', 'Leinwand', 'C:\\git\\experiments\\watkins2_part1\\strand.jpg'), ('Traube', 'Limonade', 'C:\\git\\experiments\\watkins2_part1\\strand.jpg'), ('Wind', 'Bus', 'C:\\git\\experiments\\watkins2_part1\\berg.jpg'), ('Schwester', 'Staub', 'C:\\git\\experiments\\watkins2_part1\\strand.jpg', 'C:\\git\\experiments\\watkins2_part1\\strand.jpg'), ('Bohrer', 'Hemd', 'C:\\git\\experiments\\watkins2_part1\\wueste.jpg'), ('Rasen', 'Würfel', 'C:\\git\\experiments\\watkins2_part1\\berg.jpg'), ('Katze', 'Topf', 'C:\\git\\experiments\\watkins2_part1\\berg.jpg'), ('Löffel', 'Orange', 'C:\\git\\experiments\\watkins2_part1\\wueste.jpg', 'C:\\git\\experiments\\watkins2_part1\\wueste.jpg'), ('Matsch', 'Zange', 'C:\\git\\experiments\\watkins2_part1\\strand.jpg', 'C:\\git\\experiments\\watkins2_part1\\strand.jpg'), ('Onkel', 'Beet', 'C:\\git\\experiments\\watkins2_part1\\wueste.jpg')]",651.1434623000096,,651.1435070000007,651.1581156000029,659.1478927000135,659.1601184000028,659.1601730000111,None,None,,,651.1648580000037,,,,,,45,2026-07-24_11h28.35.240,watkins2_part1,,2026.1.3,143.21948816786607,1,29,Männlich,Muttersprache,Abitur,Anderes Studienfach,Bachelor,2026-07-24 11h28.36.125309 +0200,
23,0,23,,,,,,23,0,23,0,659.1650361999928,,,,,,,,,,,,,,,,,,,,,,,,,,,,659.1604421999946,659.6475355000002,,,,Onkel,Beet,,"['Onkel', 'Beet', 'C:\\git\\experiments\\watkins2_part1\\wueste.jpg']",study_new,1,,,,,,,,,,,659.1602870000061,659.1603419000166,C:\git\experiments\watkins2_part1\wueste.jpg,"[('Kaffee', 'Skulptur', 'C:\\git\\experiments\\watkins2_part1\\strand.jpg'), ('Kamera', 'Sofa', 'C:\\git\\experiments\\watkins2_part1\\wald.jpg'), ('Birne', 'Goldfisch', 'C:\\git\\experiments\\watkins2_part1\\berg.jpg', 'C:\\git\\experiments\\watkins2_part1\\berg.jpg'), ('Fahrrad', 'Säge', 'C:\\git\\experiments\\watkins2_part1\\wald.jpg'), ('Joggen', 'Banane', 'C:\\git\\experiments\\watkins2_part1\\berg.jpg', 'C:\\git\\experiments\\watkins2_part1\\berg.jpg'), ('Ball', 'Flugzeug', 'C:\\git\\experiments\\watkins2_part1\\wald.jpg', 'C:\\git\\experiments\\watkins2_part1\\wald.jpg'), ('Locher', 'Tasse', 'C:\\git\\experiments\\watkins2_part1\\wald.jpg', 'C:\\git\\experiments\\watkins2_part1\\wald.jpg'), ('Computer', 'Schwimmen', 'C:\\git\\experiments\\watkins2_part1\\wueste.jpg'), ('Geige', 'Kakao', 'C:\\git\\experiments\\watkins2_part1\\strand.jpg', 'C:\\git\\experiments\\watkins2_part1\\strand.jpg'), ('Tee', 'Lampe', 'C:\\git\\experiments\\watkins2_part1\\wueste.jpg', 'C:\\git\\experiments\\watkins2_part1\\wueste.jpg'), ('Pinsel', 'Kaninchen', 'C:\\git\\experiments\\watkins2_part1\\wueste.jpg', 'C:\\git\\experiments\\watkins2_part1\\wueste.jpg'), ('Flöte', 'Wolke', 'C:\\git\\experiments\\watkins2_part1\\berg.jpg', 'C:\\git\\experiments\\watkins2_part1\\berg.jpg'), ('Hamster', 'Drucker', 'C:\\git\\experiments\\watkins2_part1\\wald.jpg'), ('Staffelei', 'Dünger', 'C:\\git\\experiments\\watkins2_part1\\wald.jpg', 'C:\\git\\experiments\\watkins2_part1\\wald.jpg'), ('Kreisel', 'Leinwand', 'C:\\git\\experiments\\watkins2_part1\\strand.jpg'), ('Traube', 'Limonade', 'C:\\git\\experiments\\watkins2_part1\\strand.jpg'), ('Wind', 'Bus', 'C:\\git\\experiments\\watkins2_part1\\berg.jpg'), ('Schwester', 'Staub', 'C:\\git\\experiments\\watkins2_part1\\strand.jpg', 'C:\\git\\experiments\\watkins2_part1\\strand.jpg'), ('Bohrer', 'Hemd', 'C:\\git\\experiments\\watkins2_part1\\wueste.jpg'), ('Rasen', 'Würfel', 'C:\\git\\experiments\\watkins2_part1\\berg.jpg'), ('Katze', 'Topf', 'C:\\git\\experiments\\watkins2_part1\\berg.jpg'), ('Löffel', 'Orange', 'C:\\git\\experiments\\watkins2_part1\\wueste.jpg', 'C:\\git\\experiments\\watkins2_part1\\wueste.jpg'), ('Matsch', 'Zange', 'C:\\git\\experiments\\watkins2_part1\\strand.jpg', 'C:\\git\\experiments\\watkins2_part1\\strand.jpg'), ('Onkel', 'Beet', 'C:\\git\\experiments\\watkins2_part1\\wueste.jpg')]",659.6646040999913,659.6715045000019,667.6611574999988,667.6784998000076,667.6785445999994,667.6958872000105,667.6959401000058,None,None,,,,,,,,,45,2026-07-24_11h28.35.240,watkins2_part1,,2026.1.3,143.21948816786607,1,29,Männlich,Muttersprache,Abitur,Anderes Studienfach,Bachelor,2026-07-24 11h28.36.125309 +0200,
,,,,,,,,,,,,,,,,,,,,,,,,,,,,,,,,,,,,,,,,,,,,,,,,,,1,,,,,,,,,,,,,,,,,,,,,,,,,,,667.7198149000178,667.7198149000178,q,309.3232851999928,None,45,2026-07-24_11h28.35.240,watkins2_part1,,2026.1.3,143.21948816786607,1,29,Männlich,Muttersprache,Abitur,Anderes Studienfach,Bachelor,2026-07-24 11h28.36.125309 +0200,
