thisN,thisTrialN,thisRepN,textbox_target.text,correct,trials_1.thisRepN,trials_1.thisTrialN,trials_1.thisN,trials_1.thisIndex,trials_2.thisRepN,trials_2.thisTrialN,trials_2.thisN,trials_2.thisIndex,thisRow.t,notes,piloting,code_marius.started,code_marius.stopped,welcome.started,welcome.stopped,code_generator.started,letter_mother.started,textbox_mother.started,letter_father.started,textbox_father.started,letter_month.started,textbox_month.started,letter_place.started,textbox_place.started,letter_bday.started,textbox_bday.started,code_generator.stopped,code,instruction_study.started,wüste_0.started,strand_0.started,wald_0.started,berg_0.started,instruction_study.stopped,fixationcross.started,fixationcross.stopped,blanc.started,blanc.stopped,study.started,context_1.started,study.stopped,cue,target,image1,stimuli,task,condition,liste_phase1,thanks_vorgezogen.started,image_animal_2.started,thanks_vorgezogen.stopped,instruction_restudy.started,instruction_restudy.stopped,practice_test.started,context_test_2.started,practice_test.stopped,practice_target,Textbox_Umlauttest.text,code_defineWordsInit.started,code_defineWordsInit.stopped,image2,liste_phase2,study_new.started,context_new.started,study_new.stopped,restudy.started,restudy.stopped,test.started,test.stopped,firstKeyTime,secondWordTime,trials_2.textbox_target.text,recalled_target,context_test.started,trials_2.correct,participant,date,expName,expVersion,psychopyVersion,frameRate,condition,age,gender,native_language,highest_degree,major,target_major,expStart,
,,,,,,,,,,,,,,,False,0.008484199992381036,0.008551399980206043,,,,,,,,,,,,,,,,,,,,,,,,,,,,,,,,,,4,,,,,,,,,,,,,,,,,,,,,,,,,,,,,54,2026-07-27_12h24.09.701,watkins2_part1,,2026.1.3,143.40988555107805,4,21,Weiblich,Muttersprache,Abitur,Anderes Studienfach,Bachelor,2026-07-27 12h24.10.557442 +0200,
,,,,,,,,,,,,,,,,,,0.008918899984564632,54.91074179997668,,,,,,,,,,,,,,,,,,,,,,,,,,,,,,,,4,,,,,,,,,,,,,,,,,,,,,,,,,,,,,54,2026-07-27_12h24.09.701,watkins2_part1,,2026.1.3,143.40988555107805,4,21,Weiblich,Muttersprache,Abitur,Anderes Studienfach,Bachelor,2026-07-27 12h24.10.557442 +0200,
,,,,,,,,,,,,,,,,,,,,54.91150950000156,54.93132459995104,54.93132459995104,54.93132459995104,54.93132459995104,54.93132459995104,54.93132459995104,54.93132459995104,54.93132459995104,54.93132459995104,54.93132459995104,110.73052109999117,BIBN09,,,,,,,,,,,,,,,,,,,4,,,,,,,,,,,,,,,,,,,,,,,,,,,,,54,2026-07-27_12h24.09.701,watkins2_part1,,2026.1.3,143.40988555107805,4,21,Weiblich,Muttersprache,Abitur,Anderes Studienfach,Bachelor,2026-07-27 12h24.10.557442 +0200,
,,,,,,,,,,,,,,,,,,,,,,,,,,,,,,,,,,,,,,,,,,,,,,,,,,,4,,,,,,,,,,,,,,,,,,,,,,,,,,,,,54,2026-07-27_12h24.09.701,watkins2_part1,,2026.1.3,143.40988555107805,4,21,Weiblich,Muttersprache,Abitur,Anderes Studienfach,Bachelor,2026-07-27 12h24.10.557442 +0200,
,,,,,,,,,,,,,,,,,,,,,,,,,,,,,,,,,110.73062569997273,110.76174699998228,110.76174699998228,110.76174699998228,110.76174699998228,156.1522505999892,,,,,,,,,,,,,4,,,,,,,,,,,,,,,,,,,,,,,,,,,,,54,2026-07-27_12h24.09.701,watkins2_part1,,2026.1.3,143.40988555107805,4,21,Weiblich,Muttersprache,Abitur,Anderes Studienfach,Bachelor,2026-07-27 12h24.10.557442 +0200,
,,,,,,,,,,,,,,,,,,,,,,,,,,,,,,,,,,,,,,,156.15228649997152,157.14188819995616,,,,,,,,,,,4,,,,,,,,,,,,,,,,,,,,,,,,,,,,,54,2026-07-27_12h24.09.701,watkins2_part1,,2026.1.3,143.40988555107805,4,21,Weiblich,Muttersprache,Abitur,Anderes Studienfach,Bachelor,2026-07-27 12h24.10.557442 +0200,
0,0,0,,,0,0,0,0,,,,,157.1487660999992,,,,,,,,,,,,,,,,,,,,,,,,,,,,157.142226499971,157.6369347999571,157.659890299954,157.66433249996044,165.6548693999648,Laub,Schal,C:\git\experiments\watkins2_part1\wald.jpg,"['Laub', 'Schal', 'C:\\git\\experiments\\watkins2_part1\\wald.jpg']",test_diff,4,"[('Laub', 'Schal', 'C:\\git\\experiments\\watkins2_part1\\wald.jpg', 'C:\\git\\experiments\\watkins2_part1\\berg.jpg'), ('Hamster', 'Drucker', 'C:\\git\\experiments\\watkins2_part1\\wueste.jpg', 'C:\\git\\experiments\\watkins2_part1\\wald.jpg'), ('Boxen', 'Gitarre', 'C:\\git\\experiments\\watkins2_part1\\wald.jpg', 'C:\\git\\experiments\\watkins2_part1\\strand.jpg'), ('Flöte', 'Wolke', 'C:\\git\\experiments\\watkins2_part1\\berg.jpg', 'C:\\git\\experiments\\watkins2_part1\\strand.jpg'), ('Kamera', 'Sofa', 'C:\\git\\experiments\\watkins2_part1\\wald.jpg'), ('Löffel', 'Orange', 'C:\\git\\experiments\\watkins2_part1\\strand.jpg'), ('Bett', 'Regen', 'C:\\git\\experiments\\watkins2_part1\\wueste.jpg'), ('Computer', 'Schwimmen', 'C:\\git\\experiments\\watkins2_part1\\strand.jpg'), ('Locher', 'Tasse', 'C:\\git\\experiments\\watkins2_part1\\wald.jpg', 'C:\\git\\experiments\\watkins2_part1\\wueste.jpg'), ('Onkel', 'Beet', 'C:\\git\\experiments\\watkins2_part1\\berg.jpg'), ('Hammer', 'Mappe', 'C:\\git\\experiments\\watkins2_part1\\wueste.jpg', 'C:\\git\\experiments\\watkins2_part1\\berg.jpg'), ('Schwester', 'Staub', 'C:\\git\\experiments\\watkins2_part1\\berg.jpg'), ('Teller', 'Großvater', 'C:\\git\\experiments\\watkins2_part1\\strand.jpg', 'C:\\git\\experiments\\watkins2_part1\\berg.jpg'), ('Heft', 'Puzzle', 'C:\\git\\experiments\\watkins2_part1\\wald.jpg'), ('Tee', 'Lampe', 'C:\\git\\experiments\\watkins2_part1\\wueste.jpg'), ('Bohrer', 'Hemd', 'C:\\git\\experiments\\watkins2_part1\\strand.jpg', 'C:\\git\\experiments\\watkins2_part1\\wueste.jpg'), ('Katze', 'Topf', 'C:\\git\\experiments\\watkins2_part1\\berg.jpg', 'C:\\git\\experiments\\watkins2_part1\\wald.jpg'), ('Staffelei', 'Dünger', 'C:\\git\\experiments\\watkins2_part1\\strand.jpg', 'C:\\git\\experiments\\watkins2_part1\\wald.jpg'), ('Fenster', 'Tennis', 'C:\\git\\experiments\\watkins2_part1\\strand.jpg'), ('Rasen', 'Würfel', 'C:\\git\\experiments\\watkins2_part1\\wueste.jpg', 'C:\\git\\experiments\\watkins2_part1\\strand.jpg'), ('Birne', 'Goldfisch', 'C:\\git\\experiments\\watkins2_part1\\berg.jpg', 'C:\\git\\experiments\\watkins2_part1\\wueste.jpg'), ('Fahrrad', 'Säge', 'C:\\git\\experiments\\watkins2_part1\\berg.jpg'), ('Kreisel', 'Leinwand', 'C:\\git\\experiments\\watkins2_part1\\wald.jpg'), ('Joggen', 'Banane', 'C:\\git\\experiments\\watkins2_part1\\wueste.jpg')]",,,,,,,,,,,,,,,,,,,,,,,,,,,,54,2026-07-27_12h24.09.701,watkins2_part1,,2026.1.3,143.40988555107805,4,21,Weiblich,Muttersprache,Abitur,Anderes Studienfach,Bachelor,2026-07-27 12h24.10.557442 +0200,
1,0,1,,,1,0,1,0,,,,,165.66184359998442,,,,,,,,,,,,,,,,,,,,,,,,,,,,165.65506589994766,166.14297179999994,166.16272869997192,166.16767099994468,174.15555369999493,Hamster,Drucker,C:\git\experiments\watkins2_part1\wueste.jpg,"['Hamster', 'Drucker', 'C:\\git\\experiments\\watkins2_part1\\wueste.jpg']",test_diff,4,"[('Laub', 'Schal', 'C:\\git\\experiments\\watkins2_part1\\wald.jpg', 'C:\\git\\experiments\\watkins2_part1\\berg.jpg'), ('Hamster', 'Drucker', 'C:\\git\\experiments\\watkins2_part1\\wueste.jpg', 'C:\\git\\experiments\\watkins2_part1\\wald.jpg'), ('Boxen', 'Gitarre', 'C:\\git\\experiments\\watkins2_part1\\wald.jpg', 'C:\\git\\experiments\\watkins2_part1\\strand.jpg'), ('Flöte', 'Wolke', 'C:\\git\\experiments\\watkins2_part1\\berg.jpg', 'C:\\git\\experiments\\watkins2_part1\\strand.jpg'), ('Kamera', 'Sofa', 'C:\\git\\experiments\\watkins2_part1\\wald.jpg'), ('Löffel', 'Orange', 'C:\\git\\experiments\\watkins2_part1\\strand.jpg'), ('Bett', 'Regen', 'C:\\git\\experiments\\watkins2_part1\\wueste.jpg'), ('Computer', 'Schwimmen', 'C:\\git\\experiments\\watkins2_part1\\strand.jpg'), ('Locher', 'Tasse', 'C:\\git\\experiments\\watkins2_part1\\wald.jpg', 'C:\\git\\experiments\\watkins2_part1\\wueste.jpg'), ('Onkel', 'Beet', 'C:\\git\\experiments\\watkins2_part1\\berg.jpg'), ('Hammer', 'Mappe', 'C:\\git\\experiments\\watkins2_part1\\wueste.jpg', 'C:\\git\\experiments\\watkins2_part1\\berg.jpg'), ('Schwester', 'Staub', 'C:\\git\\experiments\\watkins2_part1\\berg.jpg'), ('Teller', 'Großvater', 'C:\\git\\experiments\\watkins2_part1\\strand.jpg', 'C:\\git\\experiments\\watkins2_part1\\berg.jpg'), ('Heft', 'Puzzle', 'C:\\git\\experiments\\watkins2_part1\\wald.jpg'), ('Tee', 'Lampe', 'C:\\git\\experiments\\watkins2_part1\\wueste.jpg'), ('Bohrer', 'Hemd', 'C:\\git\\experiments\\watkins2_part1\\strand.jpg', 'C:\\git\\experiments\\watkins2_part1\\wueste.jpg'), ('Katze', 'Topf', 'C:\\git\\experiments\\watkins2_part1\\berg.jpg', 'C:\\git\\experiments\\watkins2_part1\\wald.jpg'), ('Staffelei', 'Dünger', 'C:\\git\\experiments\\watkins2_part1\\strand.jpg', 'C:\\git\\experiments\\watkins2_part1\\wald.jpg'), ('Fenster', 'Tennis', 'C:\\git\\experiments\\watkins2_part1\\strand.jpg'), ('Rasen', 'Würfel', 'C:\\git\\experiments\\watkins2_part1\\wueste.jpg', 'C:\\git\\experiments\\watkins2_part1\\strand.jpg'), ('Birne', 'Goldfisch', 'C:\\git\\experiments\\watkins2_part1\\berg.jpg', 'C:\\git\\experiments\\watkins2_part1\\wueste.jpg'), ('Fahrrad', 'Säge', 'C:\\git\\experiments\\watkins2_part1\\berg.jpg'), ('Kreisel', 'Leinwand', 'C:\\git\\experiments\\watkins2_part1\\wald.jpg'), ('Joggen', 'Banane', 'C:\\git\\experiments\\watkins2_part1\\wueste.jpg')]",,,,,,,,,,,,,,,,,,,,,,,,,,,,54,2026-07-27_12h24.09.701,watkins2_part1,,2026.1.3,143.40988555107805,4,21,Weiblich,Muttersprache,Abitur,Anderes Studienfach,Bachelor,2026-07-27 12h24.10.557442 +0200,
2,0,2,,,2,0,2,0,,,,,174.1625056999619,,,,,,,,,,,,,,,,,,,,,,,,,,,,174.15574839996407,174.64370319998125,174.664320699987,174.66882879997138,182.65777289995458,Boxen,Gitarre,C:\git\experiments\watkins2_part1\wald.jpg,"['Boxen', 'Gitarre', 'C:\\git\\experiments\\watkins2_part1\\wald.jpg']",test_diff,4,"[('Laub', 'Schal', 'C:\\git\\experiments\\watkins2_part1\\wald.jpg', 'C:\\git\\experiments\\watkins2_part1\\berg.jpg'), ('Hamster', 'Drucker', 'C:\\git\\experiments\\watkins2_part1\\wueste.jpg', 'C:\\git\\experiments\\watkins2_part1\\wald.jpg'), ('Boxen', 'Gitarre', 'C:\\git\\experiments\\watkins2_part1\\wald.jpg', 'C:\\git\\experiments\\watkins2_part1\\strand.jpg'), ('Flöte', 'Wolke', 'C:\\git\\experiments\\watkins2_part1\\berg.jpg', 'C:\\git\\experiments\\watkins2_part1\\strand.jpg'), ('Kamera', 'Sofa', 'C:\\git\\experiments\\watkins2_part1\\wald.jpg'), ('Löffel', 'Orange', 'C:\\git\\experiments\\watkins2_part1\\strand.jpg'), ('Bett', 'Regen', 'C:\\git\\experiments\\watkins2_part1\\wueste.jpg'), ('Computer', 'Schwimmen', 'C:\\git\\experiments\\watkins2_part1\\strand.jpg'), ('Locher', 'Tasse', 'C:\\git\\experiments\\watkins2_part1\\wald.jpg', 'C:\\git\\experiments\\watkins2_part1\\wueste.jpg'), ('Onkel', 'Beet', 'C:\\git\\experiments\\watkins2_part1\\berg.jpg'), ('Hammer', 'Mappe', 'C:\\git\\experiments\\watkins2_part1\\wueste.jpg', 'C:\\git\\experiments\\watkins2_part1\\berg.jpg'), ('Schwester', 'Staub', 'C:\\git\\experiments\\watkins2_part1\\berg.jpg'), ('Teller', 'Großvater', 'C:\\git\\experiments\\watkins2_part1\\strand.jpg', 'C:\\git\\experiments\\watkins2_part1\\berg.jpg'), ('Heft', 'Puzzle', 'C:\\git\\experiments\\watkins2_part1\\wald.jpg'), ('Tee', 'Lampe', 'C:\\git\\experiments\\watkins2_part1\\wueste.jpg'), ('Bohrer', 'Hemd', 'C:\\git\\experiments\\watkins2_part1\\strand.jpg', 'C:\\git\\experiments\\watkins2_part1\\wueste.jpg'), ('Katze', 'Topf', 'C:\\git\\experiments\\watkins2_part1\\berg.jpg', 'C:\\git\\experiments\\watkins2_part1\\wald.jpg'), ('Staffelei', 'Dünger', 'C:\\git\\experiments\\watkins2_part1\\strand.jpg', 'C:\\git\\experiments\\watkins2_part1\\wald.jpg'), ('Fenster', 'Tennis', 'C:\\git\\experiments\\watkins2_part1\\strand.jpg'), ('Rasen', 'Würfel', 'C:\\git\\experiments\\watkins2_part1\\wueste.jpg', 'C:\\git\\experiments\\watkins2_part1\\strand.jpg'), ('Birne', 'Goldfisch', 'C:\\git\\experiments\\watkins2_part1\\berg.jpg', 'C:\\git\\experiments\\watkins2_part1\\wueste.jpg'), ('Fahrrad', 'Säge', 'C:\\git\\experiments\\watkins2_part1\\berg.jpg'), ('Kreisel', 'Leinwand', 'C:\\git\\experiments\\watkins2_part1\\wald.jpg'), ('Joggen', 'Banane', 'C:\\git\\experiments\\watkins2_part1\\wueste.jpg')]",,,,,,,,,,,,,,,,,,,,,,,,,,,,54,2026-07-27_12h24.09.701,watkins2_part1,,2026.1.3,143.40988555107805,4,21,Weiblich,Muttersprache,Abitur,Anderes Studienfach,Bachelor,2026-07-27 12h24.10.557442 +0200,
3,0,3,,,3,0,3,0,,,,,182.66462089994457,,,,,,,,,,,,,,,,,,,,,,,,,,,,182.65796229999978,183.14577219996136,183.1741892999853,183.17739599995548,191.1634206000017,Flöte,Wolke,C:\git\experiments\watkins2_part1\berg.jpg,"['Flöte', 'Wolke', 'C:\\git\\experiments\\watkins2_part1\\berg.jpg']",test_diff,4,"[('Laub', 'Schal', 'C:\\git\\experiments\\watkins2_part1\\wald.jpg', 'C:\\git\\experiments\\watkins2_part1\\berg.jpg'), ('Hamster', 'Drucker', 'C:\\git\\experiments\\watkins2_part1\\wueste.jpg', 'C:\\git\\experiments\\watkins2_part1\\wald.jpg'), ('Boxen', 'Gitarre', 'C:\\git\\experiments\\watkins2_part1\\wald.jpg', 'C:\\git\\experiments\\watkins2_part1\\strand.jpg'), ('Flöte', 'Wolke', 'C:\\git\\experiments\\watkins2_part1\\berg.jpg', 'C:\\git\\experiments\\watkins2_part1\\strand.jpg'), ('Kamera', 'Sofa', 'C:\\git\\experiments\\watkins2_part1\\wald.jpg'), ('Löffel', 'Orange', 'C:\\git\\experiments\\watkins2_part1\\strand.jpg'), ('Bett', 'Regen', 'C:\\git\\experiments\\watkins2_part1\\wueste.jpg'), ('Computer', 'Schwimmen', 'C:\\git\\experiments\\watkins2_part1\\strand.jpg'), ('Locher', 'Tasse', 'C:\\git\\experiments\\watkins2_part1\\wald.jpg', 'C:\\git\\experiments\\watkins2_part1\\wueste.jpg'), ('Onkel', 'Beet', 'C:\\git\\experiments\\watkins2_part1\\berg.jpg'), ('Hammer', 'Mappe', 'C:\\git\\experiments\\watkins2_part1\\wueste.jpg', 'C:\\git\\experiments\\watkins2_part1\\berg.jpg'), ('Schwester', 'Staub', 'C:\\git\\experiments\\watkins2_part1\\berg.jpg'), ('Teller', 'Großvater', 'C:\\git\\experiments\\watkins2_part1\\strand.jpg', 'C:\\git\\experiments\\watkins2_part1\\berg.jpg'), ('Heft', 'Puzzle', 'C:\\git\\experiments\\watkins2_part1\\wald.jpg'), ('Tee', 'Lampe', 'C:\\git\\experiments\\watkins2_part1\\wueste.jpg'), ('Bohrer', 'Hemd', 'C:\\git\\experiments\\watkins2_part1\\strand.jpg', 'C:\\git\\experiments\\watkins2_part1\\wueste.jpg'), ('Katze', 'Topf', 'C:\\git\\experiments\\watkins2_part1\\berg.jpg', 'C:\\git\\experiments\\watkins2_part1\\wald.jpg'), ('Staffelei', 'Dünger', 'C:\\git\\experiments\\watkins2_part1\\strand.jpg', 'C:\\git\\experiments\\watkins2_part1\\wald.jpg'), ('Fenster', 'Tennis', 'C:\\git\\experiments\\watkins2_part1\\strand.jpg'), ('Rasen', 'Würfel', 'C:\\git\\experiments\\watkins2_part1\\wueste.jpg', 'C:\\git\\experiments\\watkins2_part1\\strand.jpg'), ('Birne', 'Goldfisch', 'C:\\git\\experiments\\watkins2_part1\\berg.jpg', 'C:\\git\\experiments\\watkins2_part1\\wueste.jpg'), ('Fahrrad', 'Säge', 'C:\\git\\experiments\\watkins2_part1\\berg.jpg'), ('Kreisel', 'Leinwand', 'C:\\git\\experiments\\watkins2_part1\\wald.jpg'), ('Joggen', 'Banane', 'C:\\git\\experiments\\watkins2_part1\\wueste.jpg')]",,,,,,,,,,,,,,,,,,,,,,,,,,,,54,2026-07-27_12h24.09.701,watkins2_part1,,2026.1.3,143.40988555107805,4,21,Weiblich,Muttersprache,Abitur,Anderes Studienfach,Bachelor,2026-07-27 12h24.10.557442 +0200,
4,0,4,,,4,0,4,0,,,,,191.17028699995717,,,,,,,,,,,,,,,,,,,,,,,,,,,,191.16361469996627,191.65130430000136,191.67138219997287,191.6743173999712,199.66555059998063,Kamera,Sofa,C:\git\experiments\watkins2_part1\wald.jpg,"['Kamera', 'Sofa', 'C:\\git\\experiments\\watkins2_part1\\wald.jpg']",study,4,"[('Laub', 'Schal', 'C:\\git\\experiments\\watkins2_part1\\wald.jpg', 'C:\\git\\experiments\\watkins2_part1\\berg.jpg'), ('Hamster', 'Drucker', 'C:\\git\\experiments\\watkins2_part1\\wueste.jpg', 'C:\\git\\experiments\\watkins2_part1\\wald.jpg'), ('Boxen', 'Gitarre', 'C:\\git\\experiments\\watkins2_part1\\wald.jpg', 'C:\\git\\experiments\\watkins2_part1\\strand.jpg'), ('Flöte', 'Wolke', 'C:\\git\\experiments\\watkins2_part1\\berg.jpg', 'C:\\git\\experiments\\watkins2_part1\\strand.jpg'), ('Kamera', 'Sofa', 'C:\\git\\experiments\\watkins2_part1\\wald.jpg'), ('Löffel', 'Orange', 'C:\\git\\experiments\\watkins2_part1\\strand.jpg'), ('Bett', 'Regen', 'C:\\git\\experiments\\watkins2_part1\\wueste.jpg'), ('Computer', 'Schwimmen', 'C:\\git\\experiments\\watkins2_part1\\strand.jpg'), ('Locher', 'Tasse', 'C:\\git\\experiments\\watkins2_part1\\wald.jpg', 'C:\\git\\experiments\\watkins2_part1\\wueste.jpg'), ('Onkel', 'Beet', 'C:\\git\\experiments\\watkins2_part1\\berg.jpg'), ('Hammer', 'Mappe', 'C:\\git\\experiments\\watkins2_part1\\wueste.jpg', 'C:\\git\\experiments\\watkins2_part1\\berg.jpg'), ('Schwester', 'Staub', 'C:\\git\\experiments\\watkins2_part1\\berg.jpg'), ('Teller', 'Großvater', 'C:\\git\\experiments\\watkins2_part1\\strand.jpg', 'C:\\git\\experiments\\watkins2_part1\\berg.jpg'), ('Heft', 'Puzzle', 'C:\\git\\experiments\\watkins2_part1\\wald.jpg'), ('Tee', 'Lampe', 'C:\\git\\experiments\\watkins2_part1\\wueste.jpg'), ('Bohrer', 'Hemd', 'C:\\git\\experiments\\watkins2_part1\\strand.jpg', 'C:\\git\\experiments\\watkins2_part1\\wueste.jpg'), ('Katze', 'Topf', 'C:\\git\\experiments\\watkins2_part1\\berg.jpg', 'C:\\git\\experiments\\watkins2_part1\\wald.jpg'), ('Staffelei', 'Dünger', 'C:\\git\\experiments\\watkins2_part1\\strand.jpg', 'C:\\git\\experiments\\watkins2_part1\\wald.jpg'), ('Fenster', 'Tennis', 'C:\\git\\experiments\\watkins2_part1\\strand.jpg'), ('Rasen', 'Würfel', 'C:\\git\\experiments\\watkins2_part1\\wueste.jpg', 'C:\\git\\experiments\\watkins2_part1\\strand.jpg'), ('Birne', 'Goldfisch', 'C:\\git\\experiments\\watkins2_part1\\berg.jpg', 'C:\\git\\experiments\\watkins2_part1\\wueste.jpg'), ('Fahrrad', 'Säge', 'C:\\git\\experiments\\watkins2_part1\\berg.jpg'), ('Kreisel', 'Leinwand', 'C:\\git\\experiments\\watkins2_part1\\wald.jpg'), ('Joggen', 'Banane', 'C:\\git\\experiments\\watkins2_part1\\wueste.jpg')]",,,,,,,,,,,,,,,,,,,,,,,,,,,,54,2026-07-27_12h24.09.701,watkins2_part1,,2026.1.3,143.40988555107805,4,21,Weiblich,Muttersprache,Abitur,Anderes Studienfach,Bachelor,2026-07-27 12h24.10.557442 +0200,
5,0,5,,,5,0,5,0,,,,,199.67239259998314,,,,,,,,,,,,,,,,,,,,,,,,,,,,199.66575239994563,200.15341109997826,200.16719559999183,200.17049819999374,208.1689544999972,Löffel,Orange,C:\git\experiments\watkins2_part1\strand.jpg,"['Löffel', 'Orange', 'C:\\git\\experiments\\watkins2_part1\\strand.jpg']",study,4,"[('Laub', 'Schal', 'C:\\git\\experiments\\watkins2_part1\\wald.jpg', 'C:\\git\\experiments\\watkins2_part1\\berg.jpg'), ('Hamster', 'Drucker', 'C:\\git\\experiments\\watkins2_part1\\wueste.jpg', 'C:\\git\\experiments\\watkins2_part1\\wald.jpg'), ('Boxen', 'Gitarre', 'C:\\git\\experiments\\watkins2_part1\\wald.jpg', 'C:\\git\\experiments\\watkins2_part1\\strand.jpg'), ('Flöte', 'Wolke', 'C:\\git\\experiments\\watkins2_part1\\berg.jpg', 'C:\\git\\experiments\\watkins2_part1\\strand.jpg'), ('Kamera', 'Sofa', 'C:\\git\\experiments\\watkins2_part1\\wald.jpg'), ('Löffel', 'Orange', 'C:\\git\\experiments\\watkins2_part1\\strand.jpg'), ('Bett', 'Regen', 'C:\\git\\experiments\\watkins2_part1\\wueste.jpg'), ('Computer', 'Schwimmen', 'C:\\git\\experiments\\watkins2_part1\\strand.jpg'), ('Locher', 'Tasse', 'C:\\git\\experiments\\watkins2_part1\\wald.jpg', 'C:\\git\\experiments\\watkins2_part1\\wueste.jpg'), ('Onkel', 'Beet', 'C:\\git\\experiments\\watkins2_part1\\berg.jpg'), ('Hammer', 'Mappe', 'C:\\git\\experiments\\watkins2_part1\\wueste.jpg', 'C:\\git\\experiments\\watkins2_part1\\berg.jpg'), ('Schwester', 'Staub', 'C:\\git\\experiments\\watkins2_part1\\berg.jpg'), ('Teller', 'Großvater', 'C:\\git\\experiments\\watkins2_part1\\strand.jpg', 'C:\\git\\experiments\\watkins2_part1\\berg.jpg'), ('Heft', 'Puzzle', 'C:\\git\\experiments\\watkins2_part1\\wald.jpg'), ('Tee', 'Lampe', 'C:\\git\\experiments\\watkins2_part1\\wueste.jpg'), ('Bohrer', 'Hemd', 'C:\\git\\experiments\\watkins2_part1\\strand.jpg', 'C:\\git\\experiments\\watkins2_part1\\wueste.jpg'), ('Katze', 'Topf', 'C:\\git\\experiments\\watkins2_part1\\berg.jpg', 'C:\\git\\experiments\\watkins2_part1\\wald.jpg'), ('Staffelei', 'Dünger', 'C:\\git\\experiments\\watkins2_part1\\strand.jpg', 'C:\\git\\experiments\\watkins2_part1\\wald.jpg'), ('Fenster', 'Tennis', 'C:\\git\\experiments\\watkins2_part1\\strand.jpg'), ('Rasen', 'Würfel', 'C:\\git\\experiments\\watkins2_part1\\wueste.jpg', 'C:\\git\\experiments\\watkins2_part1\\strand.jpg'), ('Birne', 'Goldfisch', 'C:\\git\\experiments\\watkins2_part1\\berg.jpg', 'C:\\git\\experiments\\watkins2_part1\\wueste.jpg'), ('Fahrrad', 'Säge', 'C:\\git\\experiments\\watkins2_part1\\berg.jpg'), ('Kreisel', 'Leinwand', 'C:\\git\\experiments\\watkins2_part1\\wald.jpg'), ('Joggen', 'Banane', 'C:\\git\\experiments\\watkins2_part1\\wueste.jpg')]",,,,,,,,,,,,,,,,,,,,,,,,,,,,54,2026-07-27_12h24.09.701,watkins2_part1,,2026.1.3,143.40988555107805,4,21,Weiblich,Muttersprache,Abitur,Anderes Studienfach,Bachelor,2026-07-27 12h24.10.557442 +0200,
6,0,6,,,6,0,6,0,,,,,208.17582489998313,,,,,,,,,,,,,,,,,,,,,,,,,,,,208.16914859996177,208.65704520000145,208.67479929997353,208.67800459999125,216.670131699997,Bett,Regen,C:\git\experiments\watkins2_part1\wueste.jpg,"['Bett', 'Regen', 'C:\\git\\experiments\\watkins2_part1\\wueste.jpg']",study,4,"[('Laub', 'Schal', 'C:\\git\\experiments\\watkins2_part1\\wald.jpg', 'C:\\git\\experiments\\watkins2_part1\\berg.jpg'), ('Hamster', 'Drucker', 'C:\\git\\experiments\\watkins2_part1\\wueste.jpg', 'C:\\git\\experiments\\watkins2_part1\\wald.jpg'), ('Boxen', 'Gitarre', 'C:\\git\\experiments\\watkins2_part1\\wald.jpg', 'C:\\git\\experiments\\watkins2_part1\\strand.jpg'), ('Flöte', 'Wolke', 'C:\\git\\experiments\\watkins2_part1\\berg.jpg', 'C:\\git\\experiments\\watkins2_part1\\strand.jpg'), ('Kamera', 'Sofa', 'C:\\git\\experiments\\watkins2_part1\\wald.jpg'), ('Löffel', 'Orange', 'C:\\git\\experiments\\watkins2_part1\\strand.jpg'), ('Bett', 'Regen', 'C:\\git\\experiments\\watkins2_part1\\wueste.jpg'), ('Computer', 'Schwimmen', 'C:\\git\\experiments\\watkins2_part1\\strand.jpg'), ('Locher', 'Tasse', 'C:\\git\\experiments\\watkins2_part1\\wald.jpg', 'C:\\git\\experiments\\watkins2_part1\\wueste.jpg'), ('Onkel', 'Beet', 'C:\\git\\experiments\\watkins2_part1\\berg.jpg'), ('Hammer', 'Mappe', 'C:\\git\\experiments\\watkins2_part1\\wueste.jpg', 'C:\\git\\experiments\\watkins2_part1\\berg.jpg'), ('Schwester', 'Staub', 'C:\\git\\experiments\\watkins2_part1\\berg.jpg'), ('Teller', 'Großvater', 'C:\\git\\experiments\\watkins2_part1\\strand.jpg', 'C:\\git\\experiments\\watkins2_part1\\berg.jpg'), ('Heft', 'Puzzle', 'C:\\git\\experiments\\watkins2_part1\\wald.jpg'), ('Tee', 'Lampe', 'C:\\git\\experiments\\watkins2_part1\\wueste.jpg'), ('Bohrer', 'Hemd', 'C:\\git\\experiments\\watkins2_part1\\strand.jpg', 'C:\\git\\experiments\\watkins2_part1\\wueste.jpg'), ('Katze', 'Topf', 'C:\\git\\experiments\\watkins2_part1\\berg.jpg', 'C:\\git\\experiments\\watkins2_part1\\wald.jpg'), ('Staffelei', 'Dünger', 'C:\\git\\experiments\\watkins2_part1\\strand.jpg', 'C:\\git\\experiments\\watkins2_part1\\wald.jpg'), ('Fenster', 'Tennis', 'C:\\git\\experiments\\watkins2_part1\\strand.jpg'), ('Rasen', 'Würfel', 'C:\\git\\experiments\\watkins2_part1\\wueste.jpg', 'C:\\git\\experiments\\watkins2_part1\\strand.jpg'), ('Birne', 'Goldfisch', 'C:\\git\\experiments\\watkins2_part1\\berg.jpg', 'C:\\git\\experiments\\watkins2_part1\\wueste.jpg'), ('Fahrrad', 'Säge', 'C:\\git\\experiments\\watkins2_part1\\berg.jpg'), ('Kreisel', 'Leinwand', 'C:\\git\\experiments\\watkins2_part1\\wald.jpg'), ('Joggen', 'Banane', 'C:\\git\\experiments\\watkins2_part1\\wueste.jpg')]",,,,,,,,,,,,,,,,,,,,,,,,,,,,54,2026-07-27_12h24.09.701,watkins2_part1,,2026.1.3,143.40988555107805,4,21,Weiblich,Muttersprache,Abitur,Anderes Studienfach,Bachelor,2026-07-27 12h24.10.557442 +0200,
7,0,7,,,7,0,7,0,,,,,216.6769216999528,,,,,,,,,,,,,,,,,,,,,,,,,,,,216.67032409994863,217.15827519999584,217.17292789998464,217.17737099999795,225.17455989995506,Computer,Schwimmen,C:\git\experiments\watkins2_part1\strand.jpg,"['Computer', 'Schwimmen', 'C:\\git\\experiments\\watkins2_part1\\strand.jpg']",study,4,"[('Laub', 'Schal', 'C:\\git\\experiments\\watkins2_part1\\wald.jpg', 'C:\\git\\experiments\\watkins2_part1\\berg.jpg'), ('Hamster', 'Drucker', 'C:\\git\\experiments\\watkins2_part1\\wueste.jpg', 'C:\\git\\experiments\\watkins2_part1\\wald.jpg'), ('Boxen', 'Gitarre', 'C:\\git\\experiments\\watkins2_part1\\wald.jpg', 'C:\\git\\experiments\\watkins2_part1\\strand.jpg'), ('Flöte', 'Wolke', 'C:\\git\\experiments\\watkins2_part1\\berg.jpg', 'C:\\git\\experiments\\watkins2_part1\\strand.jpg'), ('Kamera', 'Sofa', 'C:\\git\\experiments\\watkins2_part1\\wald.jpg'), ('Löffel', 'Orange', 'C:\\git\\experiments\\watkins2_part1\\strand.jpg'), ('Bett', 'Regen', 'C:\\git\\experiments\\watkins2_part1\\wueste.jpg'), ('Computer', 'Schwimmen', 'C:\\git\\experiments\\watkins2_part1\\strand.jpg'), ('Locher', 'Tasse', 'C:\\git\\experiments\\watkins2_part1\\wald.jpg', 'C:\\git\\experiments\\watkins2_part1\\wueste.jpg'), ('Onkel', 'Beet', 'C:\\git\\experiments\\watkins2_part1\\berg.jpg'), ('Hammer', 'Mappe', 'C:\\git\\experiments\\watkins2_part1\\wueste.jpg', 'C:\\git\\experiments\\watkins2_part1\\berg.jpg'), ('Schwester', 'Staub', 'C:\\git\\experiments\\watkins2_part1\\berg.jpg'), ('Teller', 'Großvater', 'C:\\git\\experiments\\watkins2_part1\\strand.jpg', 'C:\\git\\experiments\\watkins2_part1\\berg.jpg'), ('Heft', 'Puzzle', 'C:\\git\\experiments\\watkins2_part1\\wald.jpg'), ('Tee', 'Lampe', 'C:\\git\\experiments\\watkins2_part1\\wueste.jpg'), ('Bohrer', 'Hemd', 'C:\\git\\experiments\\watkins2_part1\\strand.jpg', 'C:\\git\\experiments\\watkins2_part1\\wueste.jpg'), ('Katze', 'Topf', 'C:\\git\\experiments\\watkins2_part1\\berg.jpg', 'C:\\git\\experiments\\watkins2_part1\\wald.jpg'), ('Staffelei', 'Dünger', 'C:\\git\\experiments\\watkins2_part1\\strand.jpg', 'C:\\git\\experiments\\watkins2_part1\\wald.jpg'), ('Fenster', 'Tennis', 'C:\\git\\experiments\\watkins2_part1\\strand.jpg'), ('Rasen', 'Würfel', 'C:\\git\\experiments\\watkins2_part1\\wueste.jpg', 'C:\\git\\experiments\\watkins2_part1\\strand.jpg'), ('Birne', 'Goldfisch', 'C:\\git\\experiments\\watkins2_part1\\berg.jpg', 'C:\\git\\experiments\\watkins2_part1\\wueste.jpg'), ('Fahrrad', 'Säge', 'C:\\git\\experiments\\watkins2_part1\\berg.jpg'), ('Kreisel', 'Leinwand', 'C:\\git\\experiments\\watkins2_part1\\wald.jpg'), ('Joggen', 'Banane', 'C:\\git\\experiments\\watkins2_part1\\wueste.jpg')]",,,,,,,,,,,,,,,,,,,,,,,,,,,,54,2026-07-27_12h24.09.701,watkins2_part1,,2026.1.3,143.40988555107805,4,21,Weiblich,Muttersprache,Abitur,Anderes Studienfach,Bachelor,2026-07-27 12h24.10.557442 +0200,
8,0,8,,,8,0,8,0,,,,,225.18142599996645,,,,,,,,,,,,,,,,,,,,,,,,,,,,225.1747496999451,225.66298069996992,225.68156549998093,225.68677549995482,233.67988859995967,Locher,Tasse,C:\git\experiments\watkins2_part1\wald.jpg,"['Locher', 'Tasse', 'C:\\git\\experiments\\watkins2_part1\\wald.jpg']",test_diff,4,"[('Laub', 'Schal', 'C:\\git\\experiments\\watkins2_part1\\wald.jpg', 'C:\\git\\experiments\\watkins2_part1\\berg.jpg'), ('Hamster', 'Drucker', 'C:\\git\\experiments\\watkins2_part1\\wueste.jpg', 'C:\\git\\experiments\\watkins2_part1\\wald.jpg'), ('Boxen', 'Gitarre', 'C:\\git\\experiments\\watkins2_part1\\wald.jpg', 'C:\\git\\experiments\\watkins2_part1\\strand.jpg'), ('Flöte', 'Wolke', 'C:\\git\\experiments\\watkins2_part1\\berg.jpg', 'C:\\git\\experiments\\watkins2_part1\\strand.jpg'), ('Kamera', 'Sofa', 'C:\\git\\experiments\\watkins2_part1\\wald.jpg'), ('Löffel', 'Orange', 'C:\\git\\experiments\\watkins2_part1\\strand.jpg'), ('Bett', 'Regen', 'C:\\git\\experiments\\watkins2_part1\\wueste.jpg'), ('Computer', 'Schwimmen', 'C:\\git\\experiments\\watkins2_part1\\strand.jpg'), ('Locher', 'Tasse', 'C:\\git\\experiments\\watkins2_part1\\wald.jpg', 'C:\\git\\experiments\\watkins2_part1\\wueste.jpg'), ('Onkel', 'Beet', 'C:\\git\\experiments\\watkins2_part1\\berg.jpg'), ('Hammer', 'Mappe', 'C:\\git\\experiments\\watkins2_part1\\wueste.jpg', 'C:\\git\\experiments\\watkins2_part1\\berg.jpg'), ('Schwester', 'Staub', 'C:\\git\\experiments\\watkins2_part1\\berg.jpg'), ('Teller', 'Großvater', 'C:\\git\\experiments\\watkins2_part1\\strand.jpg', 'C:\\git\\experiments\\watkins2_part1\\berg.jpg'), ('Heft', 'Puzzle', 'C:\\git\\experiments\\watkins2_part1\\wald.jpg'), ('Tee', 'Lampe', 'C:\\git\\experiments\\watkins2_part1\\wueste.jpg'), ('Bohrer', 'Hemd', 'C:\\git\\experiments\\watkins2_part1\\strand.jpg', 'C:\\git\\experiments\\watkins2_part1\\wueste.jpg'), ('Katze', 'Topf', 'C:\\git\\experiments\\watkins2_part1\\berg.jpg', 'C:\\git\\experiments\\watkins2_part1\\wald.jpg'), ('Staffelei', 'Dünger', 'C:\\git\\experiments\\watkins2_part1\\strand.jpg', 'C:\\git\\experiments\\watkins2_part1\\wald.jpg'), ('Fenster', 'Tennis', 'C:\\git\\experiments\\watkins2_part1\\strand.jpg'), ('Rasen', 'Würfel', 'C:\\git\\experiments\\watkins2_part1\\wueste.jpg', 'C:\\git\\experiments\\watkins2_part1\\strand.jpg'), ('Birne', 'Goldfisch', 'C:\\git\\experiments\\watkins2_part1\\berg.jpg', 'C:\\git\\experiments\\watkins2_part1\\wueste.jpg'), ('Fahrrad', 'Säge', 'C:\\git\\experiments\\watkins2_part1\\berg.jpg'), ('Kreisel', 'Leinwand', 'C:\\git\\experiments\\watkins2_part1\\wald.jpg'), ('Joggen', 'Banane', 'C:\\git\\experiments\\watkins2_part1\\wueste.jpg')]",,,,,,,,,,,,,,,,,,,,,,,,,,,,54,2026-07-27_12h24.09.701,watkins2_part1,,2026.1.3,143.40988555107805,4,21,Weiblich,Muttersprache,Abitur,Anderes Studienfach,Bachelor,2026-07-27 12h24.10.557442 +0200,
9,0,9,,,9,0,9,0,,,,,233.68673459999263,,,,,,,,,,,,,,,,,,,,,,,,,,,,233.6800822999794,234.1682393999654,234.1956094999914,234.20000609999988,242.18487179995282,Onkel,Beet,C:\git\experiments\watkins2_part1\berg.jpg,"['Onkel', 'Beet', 'C:\\git\\experiments\\watkins2_part1\\berg.jpg']",study,4,"[('Laub', 'Schal', 'C:\\git\\experiments\\watkins2_part1\\wald.jpg', 'C:\\git\\experiments\\watkins2_part1\\berg.jpg'), ('Hamster', 'Drucker', 'C:\\git\\experiments\\watkins2_part1\\wueste.jpg', 'C:\\git\\experiments\\watkins2_part1\\wald.jpg'), ('Boxen', 'Gitarre', 'C:\\git\\experiments\\watkins2_part1\\wald.jpg', 'C:\\git\\experiments\\watkins2_part1\\strand.jpg'), ('Flöte', 'Wolke', 'C:\\git\\experiments\\watkins2_part1\\berg.jpg', 'C:\\git\\experiments\\watkins2_part1\\strand.jpg'), ('Kamera', 'Sofa', 'C:\\git\\experiments\\watkins2_part1\\wald.jpg'), ('Löffel', 'Orange', 'C:\\git\\experiments\\watkins2_part1\\strand.jpg'), ('Bett', 'Regen', 'C:\\git\\experiments\\watkins2_part1\\wueste.jpg'), ('Computer', 'Schwimmen', 'C:\\git\\experiments\\watkins2_part1\\strand.jpg'), ('Locher', 'Tasse', 'C:\\git\\experiments\\watkins2_part1\\wald.jpg', 'C:\\git\\experiments\\watkins2_part1\\wueste.jpg'), ('Onkel', 'Beet', 'C:\\git\\experiments\\watkins2_part1\\berg.jpg'), ('Hammer', 'Mappe', 'C:\\git\\experiments\\watkins2_part1\\wueste.jpg', 'C:\\git\\experiments\\watkins2_part1\\berg.jpg'), ('Schwester', 'Staub', 'C:\\git\\experiments\\watkins2_part1\\berg.jpg'), ('Teller', 'Großvater', 'C:\\git\\experiments\\watkins2_part1\\strand.jpg', 'C:\\git\\experiments\\watkins2_part1\\berg.jpg'), ('Heft', 'Puzzle', 'C:\\git\\experiments\\watkins2_part1\\wald.jpg'), ('Tee', 'Lampe', 'C:\\git\\experiments\\watkins2_part1\\wueste.jpg'), ('Bohrer', 'Hemd', 'C:\\git\\experiments\\watkins2_part1\\strand.jpg', 'C:\\git\\experiments\\watkins2_part1\\wueste.jpg'), ('Katze', 'Topf', 'C:\\git\\experiments\\watkins2_part1\\berg.jpg', 'C:\\git\\experiments\\watkins2_part1\\wald.jpg'), ('Staffelei', 'Dünger', 'C:\\git\\experiments\\watkins2_part1\\strand.jpg', 'C:\\git\\experiments\\watkins2_part1\\wald.jpg'), ('Fenster', 'Tennis', 'C:\\git\\experiments\\watkins2_part1\\strand.jpg'), ('Rasen', 'Würfel', 'C:\\git\\experiments\\watkins2_part1\\wueste.jpg', 'C:\\git\\experiments\\watkins2_part1\\strand.jpg'), ('Birne', 'Goldfisch', 'C:\\git\\experiments\\watkins2_part1\\berg.jpg', 'C:\\git\\experiments\\watkins2_part1\\wueste.jpg'), ('Fahrrad', 'Säge', 'C:\\git\\experiments\\watkins2_part1\\berg.jpg'), ('Kreisel', 'Leinwand', 'C:\\git\\experiments\\watkins2_part1\\wald.jpg'), ('Joggen', 'Banane', 'C:\\git\\experiments\\watkins2_part1\\wueste.jpg')]",,,,,,,,,,,,,,,,,,,,,,,,,,,,54,2026-07-27_12h24.09.701,watkins2_part1,,2026.1.3,143.40988555107805,4,21,Weiblich,Muttersprache,Abitur,Anderes Studienfach,Bachelor,2026-07-27 12h24.10.557442 +0200,
10,0,10,,,10,0,10,0,,,,,242.19171329995152,,,,,,,,,,,,,,,,,,,,,,,,,,,,242.1850615000003,242.6728843000019,242.69180169998435,242.69499519997044,250.69184519996634,Hammer,Mappe,C:\git\experiments\watkins2_part1\wueste.jpg,"['Hammer', 'Mappe', 'C:\\git\\experiments\\watkins2_part1\\wueste.jpg']",test_diff,4,"[('Laub', 'Schal', 'C:\\git\\experiments\\watkins2_part1\\wald.jpg', 'C:\\git\\experiments\\watkins2_part1\\berg.jpg'), ('Hamster', 'Drucker', 'C:\\git\\experiments\\watkins2_part1\\wueste.jpg', 'C:\\git\\experiments\\watkins2_part1\\wald.jpg'), ('Boxen', 'Gitarre', 'C:\\git\\experiments\\watkins2_part1\\wald.jpg', 'C:\\git\\experiments\\watkins2_part1\\strand.jpg'), ('Flöte', 'Wolke', 'C:\\git\\experiments\\watkins2_part1\\berg.jpg', 'C:\\git\\experiments\\watkins2_part1\\strand.jpg'), ('Kamera', 'Sofa', 'C:\\git\\experiments\\watkins2_part1\\wald.jpg'), ('Löffel', 'Orange', 'C:\\git\\experiments\\watkins2_part1\\strand.jpg'), ('Bett', 'Regen', 'C:\\git\\experiments\\watkins2_part1\\wueste.jpg'), ('Computer', 'Schwimmen', 'C:\\git\\experiments\\watkins2_part1\\strand.jpg'), ('Locher', 'Tasse', 'C:\\git\\experiments\\watkins2_part1\\wald.jpg', 'C:\\git\\experiments\\watkins2_part1\\wueste.jpg'), ('Onkel', 'Beet', 'C:\\git\\experiments\\watkins2_part1\\berg.jpg'), ('Hammer', 'Mappe', 'C:\\git\\experiments\\watkins2_part1\\wueste.jpg', 'C:\\git\\experiments\\watkins2_part1\\berg.jpg'), ('Schwester', 'Staub', 'C:\\git\\experiments\\watkins2_part1\\berg.jpg'), ('Teller', 'Großvater', 'C:\\git\\experiments\\watkins2_part1\\strand.jpg', 'C:\\git\\experiments\\watkins2_part1\\berg.jpg'), ('Heft', 'Puzzle', 'C:\\git\\experiments\\watkins2_part1\\wald.jpg'), ('Tee', 'Lampe', 'C:\\git\\experiments\\watkins2_part1\\wueste.jpg'), ('Bohrer', 'Hemd', 'C:\\git\\experiments\\watkins2_part1\\strand.jpg', 'C:\\git\\experiments\\watkins2_part1\\wueste.jpg'), ('Katze', 'Topf', 'C:\\git\\experiments\\watkins2_part1\\berg.jpg', 'C:\\git\\experiments\\watkins2_part1\\wald.jpg'), ('Staffelei', 'Dünger', 'C:\\git\\experiments\\watkins2_part1\\strand.jpg', 'C:\\git\\experiments\\watkins2_part1\\wald.jpg'), ('Fenster', 'Tennis', 'C:\\git\\experiments\\watkins2_part1\\strand.jpg'), ('Rasen', 'Würfel', 'C:\\git\\experiments\\watkins2_part1\\wueste.jpg', 'C:\\git\\experiments\\watkins2_part1\\strand.jpg'), ('Birne', 'Goldfisch', 'C:\\git\\experiments\\watkins2_part1\\berg.jpg', 'C:\\git\\experiments\\watkins2_part1\\wueste.jpg'), ('Fahrrad', 'Säge', 'C:\\git\\experiments\\watkins2_part1\\berg.jpg'), ('Kreisel', 'Leinwand', 'C:\\git\\experiments\\watkins2_part1\\wald.jpg'), ('Joggen', 'Banane', 'C:\\git\\experiments\\watkins2_part1\\wueste.jpg')]",,,,,,,,,,,,,,,,,,,,,,,,,,,,54,2026-07-27_12h24.09.701,watkins2_part1,,2026.1.3,143.40988555107805,4,21,Weiblich,Muttersprache,Abitur,Anderes Studienfach,Bachelor,2026-07-27 12h24.10.557442 +0200,
11,0,11,,,11,0,11,0,,,,,250.69869399996242,,,,,,,,,,,,,,,,,,,,,,,,,,,,250.69204069999978,251.17991119995713,251.20636049995665,251.21017239999492,259.1977752999519,Schwester,Staub,C:\git\experiments\watkins2_part1\berg.jpg,"['Schwester', 'Staub', 'C:\\git\\experiments\\watkins2_part1\\berg.jpg']",study,4,"[('Laub', 'Schal', 'C:\\git\\experiments\\watkins2_part1\\wald.jpg', 'C:\\git\\experiments\\watkins2_part1\\berg.jpg'), ('Hamster', 'Drucker', 'C:\\git\\experiments\\watkins2_part1\\wueste.jpg', 'C:\\git\\experiments\\watkins2_part1\\wald.jpg'), ('Boxen', 'Gitarre', 'C:\\git\\experiments\\watkins2_part1\\wald.jpg', 'C:\\git\\experiments\\watkins2_part1\\strand.jpg'), ('Flöte', 'Wolke', 'C:\\git\\experiments\\watkins2_part1\\berg.jpg', 'C:\\git\\experiments\\watkins2_part1\\strand.jpg'), ('Kamera', 'Sofa', 'C:\\git\\experiments\\watkins2_part1\\wald.jpg'), ('Löffel', 'Orange', 'C:\\git\\experiments\\watkins2_part1\\strand.jpg'), ('Bett', 'Regen', 'C:\\git\\experiments\\watkins2_part1\\wueste.jpg'), ('Computer', 'Schwimmen', 'C:\\git\\experiments\\watkins2_part1\\strand.jpg'), ('Locher', 'Tasse', 'C:\\git\\experiments\\watkins2_part1\\wald.jpg', 'C:\\git\\experiments\\watkins2_part1\\wueste.jpg'), ('Onkel', 'Beet', 'C:\\git\\experiments\\watkins2_part1\\berg.jpg'), ('Hammer', 'Mappe', 'C:\\git\\experiments\\watkins2_part1\\wueste.jpg', 'C:\\git\\experiments\\watkins2_part1\\berg.jpg'), ('Schwester', 'Staub', 'C:\\git\\experiments\\watkins2_part1\\berg.jpg'), ('Teller', 'Großvater', 'C:\\git\\experiments\\watkins2_part1\\strand.jpg', 'C:\\git\\experiments\\watkins2_part1\\berg.jpg'), ('Heft', 'Puzzle', 'C:\\git\\experiments\\watkins2_part1\\wald.jpg'), ('Tee', 'Lampe', 'C:\\git\\experiments\\watkins2_part1\\wueste.jpg'), ('Bohrer', 'Hemd', 'C:\\git\\experiments\\watkins2_part1\\strand.jpg', 'C:\\git\\experiments\\watkins2_part1\\wueste.jpg'), ('Katze', 'Topf', 'C:\\git\\experiments\\watkins2_part1\\berg.jpg', 'C:\\git\\experiments\\watkins2_part1\\wald.jpg'), ('Staffelei', 'Dünger', 'C:\\git\\experiments\\watkins2_part1\\strand.jpg', 'C:\\git\\experiments\\watkins2_part1\\wald.jpg'), ('Fenster', 'Tennis', 'C:\\git\\experiments\\watkins2_part1\\strand.jpg'), ('Rasen', 'Würfel', 'C:\\git\\experiments\\watkins2_part1\\wueste.jpg', 'C:\\git\\experiments\\watkins2_part1\\strand.jpg'), ('Birne', 'Goldfisch', 'C:\\git\\experiments\\watkins2_part1\\berg.jpg', 'C:\\git\\experiments\\watkins2_part1\\wueste.jpg'), ('Fahrrad', 'Säge', 'C:\\git\\experiments\\watkins2_part1\\berg.jpg'), ('Kreisel', 'Leinwand', 'C:\\git\\experiments\\watkins2_part1\\wald.jpg'), ('Joggen', 'Banane', 'C:\\git\\experiments\\watkins2_part1\\wueste.jpg')]",,,,,,,,,,,,,,,,,,,,,,,,,,,,54,2026-07-27_12h24.09.701,watkins2_part1,,2026.1.3,143.40988555107805,4,21,Weiblich,Muttersprache,Abitur,Anderes Studienfach,Bachelor,2026-07-27 12h24.10.557442 +0200,
12,0,12,,,12,0,12,0,,,,,259.20464539999375,,,,,,,,,,,,,,,,,,,,,,,,,,,,259.1979687999701,259.68658499995945,259.7015930999769,259.70644789998187,267.703295699961,Teller,Großvater,C:\git\experiments\watkins2_part1\strand.jpg,"['Teller', 'Großvater', 'C:\\git\\experiments\\watkins2_part1\\strand.jpg']",test_diff,4,"[('Laub', 'Schal', 'C:\\git\\experiments\\watkins2_part1\\wald.jpg', 'C:\\git\\experiments\\watkins2_part1\\berg.jpg'), ('Hamster', 'Drucker', 'C:\\git\\experiments\\watkins2_part1\\wueste.jpg', 'C:\\git\\experiments\\watkins2_part1\\wald.jpg'), ('Boxen', 'Gitarre', 'C:\\git\\experiments\\watkins2_part1\\wald.jpg', 'C:\\git\\experiments\\watkins2_part1\\strand.jpg'), ('Flöte', 'Wolke', 'C:\\git\\experiments\\watkins2_part1\\berg.jpg', 'C:\\git\\experiments\\watkins2_part1\\strand.jpg'), ('Kamera', 'Sofa', 'C:\\git\\experiments\\watkins2_part1\\wald.jpg'), ('Löffel', 'Orange', 'C:\\git\\experiments\\watkins2_part1\\strand.jpg'), ('Bett', 'Regen', 'C:\\git\\experiments\\watkins2_part1\\wueste.jpg'), ('Computer', 'Schwimmen', 'C:\\git\\experiments\\watkins2_part1\\strand.jpg'), ('Locher', 'Tasse', 'C:\\git\\experiments\\watkins2_part1\\wald.jpg', 'C:\\git\\experiments\\watkins2_part1\\wueste.jpg'), ('Onkel', 'Beet', 'C:\\git\\experiments\\watkins2_part1\\berg.jpg'), ('Hammer', 'Mappe', 'C:\\git\\experiments\\watkins2_part1\\wueste.jpg', 'C:\\git\\experiments\\watkins2_part1\\berg.jpg'), ('Schwester', 'Staub', 'C:\\git\\experiments\\watkins2_part1\\berg.jpg'), ('Teller', 'Großvater', 'C:\\git\\experiments\\watkins2_part1\\strand.jpg', 'C:\\git\\experiments\\watkins2_part1\\berg.jpg'), ('Heft', 'Puzzle', 'C:\\git\\experiments\\watkins2_part1\\wald.jpg'), ('Tee', 'Lampe', 'C:\\git\\experiments\\watkins2_part1\\wueste.jpg'), ('Bohrer', 'Hemd', 'C:\\git\\experiments\\watkins2_part1\\strand.jpg', 'C:\\git\\experiments\\watkins2_part1\\wueste.jpg'), ('Katze', 'Topf', 'C:\\git\\experiments\\watkins2_part1\\berg.jpg', 'C:\\git\\experiments\\watkins2_part1\\wald.jpg'), ('Staffelei', 'Dünger', 'C:\\git\\experiments\\watkins2_part1\\strand.jpg', 'C:\\git\\experiments\\watkins2_part1\\wald.jpg'), ('Fenster', 'Tennis', 'C:\\git\\experiments\\watkins2_part1\\strand.jpg'), ('Rasen', 'Würfel', 'C:\\git\\experiments\\watkins2_part1\\wueste.jpg', 'C:\\git\\experiments\\watkins2_part1\\strand.jpg'), ('Birne', 'Goldfisch', 'C:\\git\\experiments\\watkins2_part1\\berg.jpg', 'C:\\git\\experiments\\watkins2_part1\\wueste.jpg'), ('Fahrrad', 'Säge', 'C:\\git\\experiments\\watkins2_part1\\berg.jpg'), ('Kreisel', 'Leinwand', 'C:\\git\\experiments\\watkins2_part1\\wald.jpg'), ('Joggen', 'Banane', 'C:\\git\\experiments\\watkins2_part1\\wueste.jpg')]",,,,,,,,,,,,,,,,,,,,,,,,,,,,54,2026-07-27_12h24.09.701,watkins2_part1,,2026.1.3,143.40988555107805,4,21,Weiblich,Muttersprache,Abitur,Anderes Studienfach,Bachelor,2026-07-27 12h24.10.557442 +0200,
13,0,13,,,13,0,13,0,,,,,267.71016459999373,,,,,,,,,,,,,,,,,,,,,,,,,,,,267.70348450000165,268.19133129995316,268.21018029999686,268.21489559998736,276.20932189997984,Heft,Puzzle,C:\git\experiments\watkins2_part1\wald.jpg,"['Heft', 'Puzzle', 'C:\\git\\experiments\\watkins2_part1\\wald.jpg']",study,4,"[('Laub', 'Schal', 'C:\\git\\experiments\\watkins2_part1\\wald.jpg', 'C:\\git\\experiments\\watkins2_part1\\berg.jpg'), ('Hamster', 'Drucker', 'C:\\git\\experiments\\watkins2_part1\\wueste.jpg', 'C:\\git\\experiments\\watkins2_part1\\wald.jpg'), ('Boxen', 'Gitarre', 'C:\\git\\experiments\\watkins2_part1\\wald.jpg', 'C:\\git\\experiments\\watkins2_part1\\strand.jpg'), ('Flöte', 'Wolke', 'C:\\git\\experiments\\watkins2_part1\\berg.jpg', 'C:\\git\\experiments\\watkins2_part1\\strand.jpg'), ('Kamera', 'Sofa', 'C:\\git\\experiments\\watkins2_part1\\wald.jpg'), ('Löffel', 'Orange', 'C:\\git\\experiments\\watkins2_part1\\strand.jpg'), ('Bett', 'Regen', 'C:\\git\\experiments\\watkins2_part1\\wueste.jpg'), ('Computer', 'Schwimmen', 'C:\\git\\experiments\\watkins2_part1\\strand.jpg'), ('Locher', 'Tasse', 'C:\\git\\experiments\\watkins2_part1\\wald.jpg', 'C:\\git\\experiments\\watkins2_part1\\wueste.jpg'), ('Onkel', 'Beet', 'C:\\git\\experiments\\watkins2_part1\\berg.jpg'), ('Hammer', 'Mappe', 'C:\\git\\experiments\\watkins2_part1\\wueste.jpg', 'C:\\git\\experiments\\watkins2_part1\\berg.jpg'), ('Schwester', 'Staub', 'C:\\git\\experiments\\watkins2_part1\\berg.jpg'), ('Teller', 'Großvater', 'C:\\git\\experiments\\watkins2_part1\\strand.jpg', 'C:\\git\\experiments\\watkins2_part1\\berg.jpg'), ('Heft', 'Puzzle', 'C:\\git\\experiments\\watkins2_part1\\wald.jpg'), ('Tee', 'Lampe', 'C:\\git\\experiments\\watkins2_part1\\wueste.jpg'), ('Bohrer', 'Hemd', 'C:\\git\\experiments\\watkins2_part1\\strand.jpg', 'C:\\git\\experiments\\watkins2_part1\\wueste.jpg'), ('Katze', 'Topf', 'C:\\git\\experiments\\watkins2_part1\\berg.jpg', 'C:\\git\\experiments\\watkins2_part1\\wald.jpg'), ('Staffelei', 'Dünger', 'C:\\git\\experiments\\watkins2_part1\\strand.jpg', 'C:\\git\\experiments\\watkins2_part1\\wald.jpg'), ('Fenster', 'Tennis', 'C:\\git\\experiments\\watkins2_part1\\strand.jpg'), ('Rasen', 'Würfel', 'C:\\git\\experiments\\watkins2_part1\\wueste.jpg', 'C:\\git\\experiments\\watkins2_part1\\strand.jpg'), ('Birne', 'Goldfisch', 'C:\\git\\experiments\\watkins2_part1\\berg.jpg', 'C:\\git\\experiments\\watkins2_part1\\wueste.jpg'), ('Fahrrad', 'Säge', 'C:\\git\\experiments\\watkins2_part1\\berg.jpg'), ('Kreisel', 'Leinwand', 'C:\\git\\experiments\\watkins2_part1\\wald.jpg'), ('Joggen', 'Banane', 'C:\\git\\experiments\\watkins2_part1\\wueste.jpg')]",,,,,,,,,,,,,,,,,,,,,,,,,,,,54,2026-07-27_12h24.09.701,watkins2_part1,,2026.1.3,143.40988555107805,4,21,Weiblich,Muttersprache,Abitur,Anderes Studienfach,Bachelor,2026-07-27 12h24.10.557442 +0200,
14,0,14,,,14,0,14,0,,,,,276.21618819999276,,,,,,,,,,,,,,,,,,,,,,,,,,,,276.2095089999493,276.6975056999945,276.71477939997567,276.721936499991,284.7095985999913,Tee,Lampe,C:\git\experiments\watkins2_part1\wueste.jpg,"['Tee', 'Lampe', 'C:\\git\\experiments\\watkins2_part1\\wueste.jpg']",study,4,"[('Laub', 'Schal', 'C:\\git\\experiments\\watkins2_part1\\wald.jpg', 'C:\\git\\experiments\\watkins2_part1\\berg.jpg'), ('Hamster', 'Drucker', 'C:\\git\\experiments\\watkins2_part1\\wueste.jpg', 'C:\\git\\experiments\\watkins2_part1\\wald.jpg'), ('Boxen', 'Gitarre', 'C:\\git\\experiments\\watkins2_part1\\wald.jpg', 'C:\\git\\experiments\\watkins2_part1\\strand.jpg'), ('Flöte', 'Wolke', 'C:\\git\\experiments\\watkins2_part1\\berg.jpg', 'C:\\git\\experiments\\watkins2_part1\\strand.jpg'), ('Kamera', 'Sofa', 'C:\\git\\experiments\\watkins2_part1\\wald.jpg'), ('Löffel', 'Orange', 'C:\\git\\experiments\\watkins2_part1\\strand.jpg'), ('Bett', 'Regen', 'C:\\git\\experiments\\watkins2_part1\\wueste.jpg'), ('Computer', 'Schwimmen', 'C:\\git\\experiments\\watkins2_part1\\strand.jpg'), ('Locher', 'Tasse', 'C:\\git\\experiments\\watkins2_part1\\wald.jpg', 'C:\\git\\experiments\\watkins2_part1\\wueste.jpg'), ('Onkel', 'Beet', 'C:\\git\\experiments\\watkins2_part1\\berg.jpg'), ('Hammer', 'Mappe', 'C:\\git\\experiments\\watkins2_part1\\wueste.jpg', 'C:\\git\\experiments\\watkins2_part1\\berg.jpg'), ('Schwester', 'Staub', 'C:\\git\\experiments\\watkins2_part1\\berg.jpg'), ('Teller', 'Großvater', 'C:\\git\\experiments\\watkins2_part1\\strand.jpg', 'C:\\git\\experiments\\watkins2_part1\\berg.jpg'), ('Heft', 'Puzzle', 'C:\\git\\experiments\\watkins2_part1\\wald.jpg'), ('Tee', 'Lampe', 'C:\\git\\experiments\\watkins2_part1\\wueste.jpg'), ('Bohrer', 'Hemd', 'C:\\git\\experiments\\watkins2_part1\\strand.jpg', 'C:\\git\\experiments\\watkins2_part1\\wueste.jpg'), ('Katze', 'Topf', 'C:\\git\\experiments\\watkins2_part1\\berg.jpg', 'C:\\git\\experiments\\watkins2_part1\\wald.jpg'), ('Staffelei', 'Dünger', 'C:\\git\\experiments\\watkins2_part1\\strand.jpg', 'C:\\git\\experiments\\watkins2_part1\\wald.jpg'), ('Fenster', 'Tennis', 'C:\\git\\experiments\\watkins2_part1\\strand.jpg'), ('Rasen', 'Würfel', 'C:\\git\\experiments\\watkins2_part1\\wueste.jpg', 'C:\\git\\experiments\\watkins2_part1\\strand.jpg'), ('Birne', 'Goldfisch', 'C:\\git\\experiments\\watkins2_part1\\berg.jpg', 'C:\\git\\experiments\\watkins2_part1\\wueste.jpg'), ('Fahrrad', 'Säge', 'C:\\git\\experiments\\watkins2_part1\\berg.jpg'), ('Kreisel', 'Leinwand', 'C:\\git\\experiments\\watkins2_part1\\wald.jpg'), ('Joggen', 'Banane', 'C:\\git\\experiments\\watkins2_part1\\wueste.jpg')]",,,,,,,,,,,,,,,,,,,,,,,,,,,,54,2026-07-27_12h24.09.701,watkins2_part1,,2026.1.3,143.40988555107805,4,21,Weiblich,Muttersprache,Abitur,Anderes Studienfach,Bachelor,2026-07-27 12h24.10.557442 +0200,
15,0,15,,,15,0,15,0,,,,,284.7163932999829,,,,,,,,,,,,,,,,,,,,,,,,,,,,284.709789799992,285.19768849998945,285.21114410000155,285.2159212999977,293.21140149998246,Bohrer,Hemd,C:\git\experiments\watkins2_part1\strand.jpg,"['Bohrer', 'Hemd', 'C:\\git\\experiments\\watkins2_part1\\strand.jpg']",test_diff,4,"[('Laub', 'Schal', 'C:\\git\\experiments\\watkins2_part1\\wald.jpg', 'C:\\git\\experiments\\watkins2_part1\\berg.jpg'), ('Hamster', 'Drucker', 'C:\\git\\experiments\\watkins2_part1\\wueste.jpg', 'C:\\git\\experiments\\watkins2_part1\\wald.jpg'), ('Boxen', 'Gitarre', 'C:\\git\\experiments\\watkins2_part1\\wald.jpg', 'C:\\git\\experiments\\watkins2_part1\\strand.jpg'), ('Flöte', 'Wolke', 'C:\\git\\experiments\\watkins2_part1\\berg.jpg', 'C:\\git\\experiments\\watkins2_part1\\strand.jpg'), ('Kamera', 'Sofa', 'C:\\git\\experiments\\watkins2_part1\\wald.jpg'), ('Löffel', 'Orange', 'C:\\git\\experiments\\watkins2_part1\\strand.jpg'), ('Bett', 'Regen', 'C:\\git\\experiments\\watkins2_part1\\wueste.jpg'), ('Computer', 'Schwimmen', 'C:\\git\\experiments\\watkins2_part1\\strand.jpg'), ('Locher', 'Tasse', 'C:\\git\\experiments\\watkins2_part1\\wald.jpg', 'C:\\git\\experiments\\watkins2_part1\\wueste.jpg'), ('Onkel', 'Beet', 'C:\\git\\experiments\\watkins2_part1\\berg.jpg'), ('Hammer', 'Mappe', 'C:\\git\\experiments\\watkins2_part1\\wueste.jpg', 'C:\\git\\experiments\\watkins2_part1\\berg.jpg'), ('Schwester', 'Staub', 'C:\\git\\experiments\\watkins2_part1\\berg.jpg'), ('Teller', 'Großvater', 'C:\\git\\experiments\\watkins2_part1\\strand.jpg', 'C:\\git\\experiments\\watkins2_part1\\berg.jpg'), ('Heft', 'Puzzle', 'C:\\git\\experiments\\watkins2_part1\\wald.jpg'), ('Tee', 'Lampe', 'C:\\git\\experiments\\watkins2_part1\\wueste.jpg'), ('Bohrer', 'Hemd', 'C:\\git\\experiments\\watkins2_part1\\strand.jpg', 'C:\\git\\experiments\\watkins2_part1\\wueste.jpg'), ('Katze', 'Topf', 'C:\\git\\experiments\\watkins2_part1\\berg.jpg', 'C:\\git\\experiments\\watkins2_part1\\wald.jpg'), ('Staffelei', 'Dünger', 'C:\\git\\experiments\\watkins2_part1\\strand.jpg', 'C:\\git\\experiments\\watkins2_part1\\wald.jpg'), ('Fenster', 'Tennis', 'C:\\git\\experiments\\watkins2_part1\\strand.jpg'), ('Rasen', 'Würfel', 'C:\\git\\experiments\\watkins2_part1\\wueste.jpg', 'C:\\git\\experiments\\watkins2_part1\\strand.jpg'), ('Birne', 'Goldfisch', 'C:\\git\\experiments\\watkins2_part1\\berg.jpg', 'C:\\git\\experiments\\watkins2_part1\\wueste.jpg'), ('Fahrrad', 'Säge', 'C:\\git\\experiments\\watkins2_part1\\berg.jpg'), ('Kreisel', 'Leinwand', 'C:\\git\\experiments\\watkins2_part1\\wald.jpg'), ('Joggen', 'Banane', 'C:\\git\\experiments\\watkins2_part1\\wueste.jpg')]",,,,,,,,,,,,,,,,,,,,,,,,,,,,54,2026-07-27_12h24.09.701,watkins2_part1,,2026.1.3,143.40988555107805,4,21,Weiblich,Muttersprache,Abitur,Anderes Studienfach,Bachelor,2026-07-27 12h24.10.557442 +0200,
16,0,16,,,16,0,16,0,,,,,293.21823599998606,,,,,,,,,,,,,,,,,,,,,,,,,,,,293.2115977999638,293.6995773999952,293.7282656999887,293.7341219999944,301.71636419999413,Katze,Topf,C:\git\experiments\watkins2_part1\berg.jpg,"['Katze', 'Topf', 'C:\\git\\experiments\\watkins2_part1\\berg.jpg']",test_diff,4,"[('Laub', 'Schal', 'C:\\git\\experiments\\watkins2_part1\\wald.jpg', 'C:\\git\\experiments\\watkins2_part1\\berg.jpg'), ('Hamster', 'Drucker', 'C:\\git\\experiments\\watkins2_part1\\wueste.jpg', 'C:\\git\\experiments\\watkins2_part1\\wald.jpg'), ('Boxen', 'Gitarre', 'C:\\git\\experiments\\watkins2_part1\\wald.jpg', 'C:\\git\\experiments\\watkins2_part1\\strand.jpg'), ('Flöte', 'Wolke', 'C:\\git\\experiments\\watkins2_part1\\berg.jpg', 'C:\\git\\experiments\\watkins2_part1\\strand.jpg'), ('Kamera', 'Sofa', 'C:\\git\\experiments\\watkins2_part1\\wald.jpg'), ('Löffel', 'Orange', 'C:\\git\\experiments\\watkins2_part1\\strand.jpg'), ('Bett', 'Regen', 'C:\\git\\experiments\\watkins2_part1\\wueste.jpg'), ('Computer', 'Schwimmen', 'C:\\git\\experiments\\watkins2_part1\\strand.jpg'), ('Locher', 'Tasse', 'C:\\git\\experiments\\watkins2_part1\\wald.jpg', 'C:\\git\\experiments\\watkins2_part1\\wueste.jpg'), ('Onkel', 'Beet', 'C:\\git\\experiments\\watkins2_part1\\berg.jpg'), ('Hammer', 'Mappe', 'C:\\git\\experiments\\watkins2_part1\\wueste.jpg', 'C:\\git\\experiments\\watkins2_part1\\berg.jpg'), ('Schwester', 'Staub', 'C:\\git\\experiments\\watkins2_part1\\berg.jpg'), ('Teller', 'Großvater', 'C:\\git\\experiments\\watkins2_part1\\strand.jpg', 'C:\\git\\experiments\\watkins2_part1\\berg.jpg'), ('Heft', 'Puzzle', 'C:\\git\\experiments\\watkins2_part1\\wald.jpg'), ('Tee', 'Lampe', 'C:\\git\\experiments\\watkins2_part1\\wueste.jpg'), ('Bohrer', 'Hemd', 'C:\\git\\experiments\\watkins2_part1\\strand.jpg', 'C:\\git\\experiments\\watkins2_part1\\wueste.jpg'), ('Katze', 'Topf', 'C:\\git\\experiments\\watkins2_part1\\berg.jpg', 'C:\\git\\experiments\\watkins2_part1\\wald.jpg'), ('Staffelei', 'Dünger', 'C:\\git\\experiments\\watkins2_part1\\strand.jpg', 'C:\\git\\experiments\\watkins2_part1\\wald.jpg'), ('Fenster', 'Tennis', 'C:\\git\\experiments\\watkins2_part1\\strand.jpg'), ('Rasen', 'Würfel', 'C:\\git\\experiments\\watkins2_part1\\wueste.jpg', 'C:\\git\\experiments\\watkins2_part1\\strand.jpg'), ('Birne', 'Goldfisch', 'C:\\git\\experiments\\watkins2_part1\\berg.jpg', 'C:\\git\\experiments\\watkins2_part1\\wueste.jpg'), ('Fahrrad', 'Säge', 'C:\\git\\experiments\\watkins2_part1\\berg.jpg'), ('Kreisel', 'Leinwand', 'C:\\git\\experiments\\watkins2_part1\\wald.jpg'), ('Joggen', 'Banane', 'C:\\git\\experiments\\watkins2_part1\\wueste.jpg')]",,,,,,,,,,,,,,,,,,,,,,,,,,,,54,2026-07-27_12h24.09.701,watkins2_part1,,2026.1.3,143.40988555107805,4,21,Weiblich,Muttersprache,Abitur,Anderes Studienfach,Bachelor,2026-07-27 12h24.10.557442 +0200,
17,0,17,,,17,0,17,0,,,,,301.7233327999711,,,,,,,,,,,,,,,,,,,,,,,,,,,,301.7165566999465,302.20454599999357,302.2192720999592,302.223715399974,310.22217509994516,Staffelei,Dünger,C:\git\experiments\watkins2_part1\strand.jpg,"['Staffelei', 'Dünger', 'C:\\git\\experiments\\watkins2_part1\\strand.jpg']",test_diff,4,"[('Laub', 'Schal', 'C:\\git\\experiments\\watkins2_part1\\wald.jpg', 'C:\\git\\experiments\\watkins2_part1\\berg.jpg'), ('Hamster', 'Drucker', 'C:\\git\\experiments\\watkins2_part1\\wueste.jpg', 'C:\\git\\experiments\\watkins2_part1\\wald.jpg'), ('Boxen', 'Gitarre', 'C:\\git\\experiments\\watkins2_part1\\wald.jpg', 'C:\\git\\experiments\\watkins2_part1\\strand.jpg'), ('Flöte', 'Wolke', 'C:\\git\\experiments\\watkins2_part1\\berg.jpg', 'C:\\git\\experiments\\watkins2_part1\\strand.jpg'), ('Kamera', 'Sofa', 'C:\\git\\experiments\\watkins2_part1\\wald.jpg'), ('Löffel', 'Orange', 'C:\\git\\experiments\\watkins2_part1\\strand.jpg'), ('Bett', 'Regen', 'C:\\git\\experiments\\watkins2_part1\\wueste.jpg'), ('Computer', 'Schwimmen', 'C:\\git\\experiments\\watkins2_part1\\strand.jpg'), ('Locher', 'Tasse', 'C:\\git\\experiments\\watkins2_part1\\wald.jpg', 'C:\\git\\experiments\\watkins2_part1\\wueste.jpg'), ('Onkel', 'Beet', 'C:\\git\\experiments\\watkins2_part1\\berg.jpg'), ('Hammer', 'Mappe', 'C:\\git\\experiments\\watkins2_part1\\wueste.jpg', 'C:\\git\\experiments\\watkins2_part1\\berg.jpg'), ('Schwester', 'Staub', 'C:\\git\\experiments\\watkins2_part1\\berg.jpg'), ('Teller', 'Großvater', 'C:\\git\\experiments\\watkins2_part1\\strand.jpg', 'C:\\git\\experiments\\watkins2_part1\\berg.jpg'), ('Heft', 'Puzzle', 'C:\\git\\experiments\\watkins2_part1\\wald.jpg'), ('Tee', 'Lampe', 'C:\\git\\experiments\\watkins2_part1\\wueste.jpg'), ('Bohrer', 'Hemd', 'C:\\git\\experiments\\watkins2_part1\\strand.jpg', 'C:\\git\\experiments\\watkins2_part1\\wueste.jpg'), ('Katze', 'Topf', 'C:\\git\\experiments\\watkins2_part1\\berg.jpg', 'C:\\git\\experiments\\watkins2_part1\\wald.jpg'), ('Staffelei', 'Dünger', 'C:\\git\\experiments\\watkins2_part1\\strand.jpg', 'C:\\git\\experiments\\watkins2_part1\\wald.jpg'), ('Fenster', 'Tennis', 'C:\\git\\experiments\\watkins2_part1\\strand.jpg'), ('Rasen', 'Würfel', 'C:\\git\\experiments\\watkins2_part1\\wueste.jpg', 'C:\\git\\experiments\\watkins2_part1\\strand.jpg'), ('Birne', 'Goldfisch', 'C:\\git\\experiments\\watkins2_part1\\berg.jpg', 'C:\\git\\experiments\\watkins2_part1\\wueste.jpg'), ('Fahrrad', 'Säge', 'C:\\git\\experiments\\watkins2_part1\\berg.jpg'), ('Kreisel', 'Leinwand', 'C:\\git\\experiments\\watkins2_part1\\wald.jpg'), ('Joggen', 'Banane', 'C:\\git\\experiments\\watkins2_part1\\wueste.jpg')]",,,,,,,,,,,,,,,,,,,,,,,,,,,,54,2026-07-27_12h24.09.701,watkins2_part1,,2026.1.3,143.40988555107805,4,21,Weiblich,Muttersprache,Abitur,Anderes Studienfach,Bachelor,2026-07-27 12h24.10.557442 +0200,
18,0,18,,,18,0,18,0,,,,,310.22913929994684,,,,,,,,,,,,,,,,,,,,,,,,,,,,310.22236559999874,310.7102668999578,310.7217061999836,310.7273153999704,318.7226137999678,Fenster,Tennis,C:\git\experiments\watkins2_part1\strand.jpg,"['Fenster', 'Tennis', 'C:\\git\\experiments\\watkins2_part1\\strand.jpg']",study,4,"[('Laub', 'Schal', 'C:\\git\\experiments\\watkins2_part1\\wald.jpg', 'C:\\git\\experiments\\watkins2_part1\\berg.jpg'), ('Hamster', 'Drucker', 'C:\\git\\experiments\\watkins2_part1\\wueste.jpg', 'C:\\git\\experiments\\watkins2_part1\\wald.jpg'), ('Boxen', 'Gitarre', 'C:\\git\\experiments\\watkins2_part1\\wald.jpg', 'C:\\git\\experiments\\watkins2_part1\\strand.jpg'), ('Flöte', 'Wolke', 'C:\\git\\experiments\\watkins2_part1\\berg.jpg', 'C:\\git\\experiments\\watkins2_part1\\strand.jpg'), ('Kamera', 'Sofa', 'C:\\git\\experiments\\watkins2_part1\\wald.jpg'), ('Löffel', 'Orange', 'C:\\git\\experiments\\watkins2_part1\\strand.jpg'), ('Bett', 'Regen', 'C:\\git\\experiments\\watkins2_part1\\wueste.jpg'), ('Computer', 'Schwimmen', 'C:\\git\\experiments\\watkins2_part1\\strand.jpg'), ('Locher', 'Tasse', 'C:\\git\\experiments\\watkins2_part1\\wald.jpg', 'C:\\git\\experiments\\watkins2_part1\\wueste.jpg'), ('Onkel', 'Beet', 'C:\\git\\experiments\\watkins2_part1\\berg.jpg'), ('Hammer', 'Mappe', 'C:\\git\\experiments\\watkins2_part1\\wueste.jpg', 'C:\\git\\experiments\\watkins2_part1\\berg.jpg'), ('Schwester', 'Staub', 'C:\\git\\experiments\\watkins2_part1\\berg.jpg'), ('Teller', 'Großvater', 'C:\\git\\experiments\\watkins2_part1\\strand.jpg', 'C:\\git\\experiments\\watkins2_part1\\berg.jpg'), ('Heft', 'Puzzle', 'C:\\git\\experiments\\watkins2_part1\\wald.jpg'), ('Tee', 'Lampe', 'C:\\git\\experiments\\watkins2_part1\\wueste.jpg'), ('Bohrer', 'Hemd', 'C:\\git\\experiments\\watkins2_part1\\strand.jpg', 'C:\\git\\experiments\\watkins2_part1\\wueste.jpg'), ('Katze', 'Topf', 'C:\\git\\experiments\\watkins2_part1\\berg.jpg', 'C:\\git\\experiments\\watkins2_part1\\wald.jpg'), ('Staffelei', 'Dünger', 'C:\\git\\experiments\\watkins2_part1\\strand.jpg', 'C:\\git\\experiments\\watkins2_part1\\wald.jpg'), ('Fenster', 'Tennis', 'C:\\git\\experiments\\watkins2_part1\\strand.jpg'), ('Rasen', 'Würfel', 'C:\\git\\experiments\\watkins2_part1\\wueste.jpg', 'C:\\git\\experiments\\watkins2_part1\\strand.jpg'), ('Birne', 'Goldfisch', 'C:\\git\\experiments\\watkins2_part1\\berg.jpg', 'C:\\git\\experiments\\watkins2_part1\\wueste.jpg'), ('Fahrrad', 'Säge', 'C:\\git\\experiments\\watkins2_part1\\berg.jpg'), ('Kreisel', 'Leinwand', 'C:\\git\\experiments\\watkins2_part1\\wald.jpg'), ('Joggen', 'Banane', 'C:\\git\\experiments\\watkins2_part1\\wueste.jpg')]",,,,,,,,,,,,,,,,,,,,,,,,,,,,54,2026-07-27_12h24.09.701,watkins2_part1,,2026.1.3,143.40988555107805,4,21,Weiblich,Muttersprache,Abitur,Anderes Studienfach,Bachelor,2026-07-27 12h24.10.557442 +0200,
19,0,19,,,19,0,19,0,,,,,318.7294624999631,,,,,,,,,,,,,,,,,,,,,,,,,,,,318.72280409996165,319.2108090999536,319.2289580999641,319.23485319997417,327.229086599953,Rasen,Würfel,C:\git\experiments\watkins2_part1\wueste.jpg,"['Rasen', 'Würfel', 'C:\\git\\experiments\\watkins2_part1\\wueste.jpg']",test_diff,4,"[('Laub', 'Schal', 'C:\\git\\experiments\\watkins2_part1\\wald.jpg', 'C:\\git\\experiments\\watkins2_part1\\berg.jpg'), ('Hamster', 'Drucker', 'C:\\git\\experiments\\watkins2_part1\\wueste.jpg', 'C:\\git\\experiments\\watkins2_part1\\wald.jpg'), ('Boxen', 'Gitarre', 'C:\\git\\experiments\\watkins2_part1\\wald.jpg', 'C:\\git\\experiments\\watkins2_part1\\strand.jpg'), ('Flöte', 'Wolke', 'C:\\git\\experiments\\watkins2_part1\\berg.jpg', 'C:\\git\\experiments\\watkins2_part1\\strand.jpg'), ('Kamera', 'Sofa', 'C:\\git\\experiments\\watkins2_part1\\wald.jpg'), ('Löffel', 'Orange', 'C:\\git\\experiments\\watkins2_part1\\strand.jpg'), ('Bett', 'Regen', 'C:\\git\\experiments\\watkins2_part1\\wueste.jpg'), ('Computer', 'Schwimmen', 'C:\\git\\experiments\\watkins2_part1\\strand.jpg'), ('Locher', 'Tasse', 'C:\\git\\experiments\\watkins2_part1\\wald.jpg', 'C:\\git\\experiments\\watkins2_part1\\wueste.jpg'), ('Onkel', 'Beet', 'C:\\git\\experiments\\watkins2_part1\\berg.jpg'), ('Hammer', 'Mappe', 'C:\\git\\experiments\\watkins2_part1\\wueste.jpg', 'C:\\git\\experiments\\watkins2_part1\\berg.jpg'), ('Schwester', 'Staub', 'C:\\git\\experiments\\watkins2_part1\\berg.jpg'), ('Teller', 'Großvater', 'C:\\git\\experiments\\watkins2_part1\\strand.jpg', 'C:\\git\\experiments\\watkins2_part1\\berg.jpg'), ('Heft', 'Puzzle', 'C:\\git\\experiments\\watkins2_part1\\wald.jpg'), ('Tee', 'Lampe', 'C:\\git\\experiments\\watkins2_part1\\wueste.jpg'), ('Bohrer', 'Hemd', 'C:\\git\\experiments\\watkins2_part1\\strand.jpg', 'C:\\git\\experiments\\watkins2_part1\\wueste.jpg'), ('Katze', 'Topf', 'C:\\git\\experiments\\watkins2_part1\\berg.jpg', 'C:\\git\\experiments\\watkins2_part1\\wald.jpg'), ('Staffelei', 'Dünger', 'C:\\git\\experiments\\watkins2_part1\\strand.jpg', 'C:\\git\\experiments\\watkins2_part1\\wald.jpg'), ('Fenster', 'Tennis', 'C:\\git\\experiments\\watkins2_part1\\strand.jpg'), ('Rasen', 'Würfel', 'C:\\git\\experiments\\watkins2_part1\\wueste.jpg', 'C:\\git\\experiments\\watkins2_part1\\strand.jpg'), ('Birne', 'Goldfisch', 'C:\\git\\experiments\\watkins2_part1\\berg.jpg', 'C:\\git\\experiments\\watkins2_part1\\wueste.jpg'), ('Fahrrad', 'Säge', 'C:\\git\\experiments\\watkins2_part1\\berg.jpg'), ('Kreisel', 'Leinwand', 'C:\\git\\experiments\\watkins2_part1\\wald.jpg'), ('Joggen', 'Banane', 'C:\\git\\experiments\\watkins2_part1\\wueste.jpg')]",,,,,,,,,,,,,,,,,,,,,,,,,,,,54,2026-07-27_12h24.09.701,watkins2_part1,,2026.1.3,143.40988555107805,4,21,Weiblich,Muttersprache,Abitur,Anderes Studienfach,Bachelor,2026-07-27 12h24.10.557442 +0200,
20,0,20,,,20,0,20,0,,,,,327.23604930000147,,,,,,,,,,,,,,,,,,,,,,,,,,,,327.2292837999994,327.7173505999963,327.744449299993,327.75087459996575,335.73356559994863,Birne,Goldfisch,C:\git\experiments\watkins2_part1\berg.jpg,"['Birne', 'Goldfisch', 'C:\\git\\experiments\\watkins2_part1\\berg.jpg']",test_diff,4,"[('Laub', 'Schal', 'C:\\git\\experiments\\watkins2_part1\\wald.jpg', 'C:\\git\\experiments\\watkins2_part1\\berg.jpg'), ('Hamster', 'Drucker', 'C:\\git\\experiments\\watkins2_part1\\wueste.jpg', 'C:\\git\\experiments\\watkins2_part1\\wald.jpg'), ('Boxen', 'Gitarre', 'C:\\git\\experiments\\watkins2_part1\\wald.jpg', 'C:\\git\\experiments\\watkins2_part1\\strand.jpg'), ('Flöte', 'Wolke', 'C:\\git\\experiments\\watkins2_part1\\berg.jpg', 'C:\\git\\experiments\\watkins2_part1\\strand.jpg'), ('Kamera', 'Sofa', 'C:\\git\\experiments\\watkins2_part1\\wald.jpg'), ('Löffel', 'Orange', 'C:\\git\\experiments\\watkins2_part1\\strand.jpg'), ('Bett', 'Regen', 'C:\\git\\experiments\\watkins2_part1\\wueste.jpg'), ('Computer', 'Schwimmen', 'C:\\git\\experiments\\watkins2_part1\\strand.jpg'), ('Locher', 'Tasse', 'C:\\git\\experiments\\watkins2_part1\\wald.jpg', 'C:\\git\\experiments\\watkins2_part1\\wueste.jpg'), ('Onkel', 'Beet', 'C:\\git\\experiments\\watkins2_part1\\berg.jpg'), ('Hammer', 'Mappe', 'C:\\git\\experiments\\watkins2_part1\\wueste.jpg', 'C:\\git\\experiments\\watkins2_part1\\berg.jpg'), ('Schwester', 'Staub', 'C:\\git\\experiments\\watkins2_part1\\berg.jpg'), ('Teller', 'Großvater', 'C:\\git\\experiments\\watkins2_part1\\strand.jpg', 'C:\\git\\experiments\\watkins2_part1\\berg.jpg'), ('Heft', 'Puzzle', 'C:\\git\\experiments\\watkins2_part1\\wald.jpg'), ('Tee', 'Lampe', 'C:\\git\\experiments\\watkins2_part1\\wueste.jpg'), ('Bohrer', 'Hemd', 'C:\\git\\experiments\\watkins2_part1\\strand.jpg', 'C:\\git\\experiments\\watkins2_part1\\wueste.jpg'), ('Katze', 'Topf', 'C:\\git\\experiments\\watkins2_part1\\berg.jpg', 'C:\\git\\experiments\\watkins2_part1\\wald.jpg'), ('Staffelei', 'Dünger', 'C:\\git\\experiments\\watkins2_part1\\strand.jpg', 'C:\\git\\experiments\\watkins2_part1\\wald.jpg'), ('Fenster', 'Tennis', 'C:\\git\\experiments\\watkins2_part1\\strand.jpg'), ('Rasen', 'Würfel', 'C:\\git\\experiments\\watkins2_part1\\wueste.jpg', 'C:\\git\\experiments\\watkins2_part1\\strand.jpg'), ('Birne', 'Goldfisch', 'C:\\git\\experiments\\watkins2_part1\\berg.jpg', 'C:\\git\\experiments\\watkins2_part1\\wueste.jpg'), ('Fahrrad', 'Säge', 'C:\\git\\experiments\\watkins2_part1\\berg.jpg'), ('Kreisel', 'Leinwand', 'C:\\git\\experiments\\watkins2_part1\\wald.jpg'), ('Joggen', 'Banane', 'C:\\git\\experiments\\watkins2_part1\\wueste.jpg')]",,,,,,,,,,,,,,,,,,,,,,,,,,,,54,2026-07-27_12h24.09.701,watkins2_part1,,2026.1.3,143.40988555107805,4,21,Weiblich,Muttersprache,Abitur,Anderes Studienfach,Bachelor,2026-07-27 12h24.10.557442 +0200,
21,0,21,,,21,0,21,0,,,,,335.7404348999844,,,,,,,,,,,,,,,,,,,,,,,,,,,,335.7337645999505,336.2216986999847,336.246425899968,336.25103269994725,344.2365332999616,Fahrrad,Säge,C:\git\experiments\watkins2_part1\berg.jpg,"['Fahrrad', 'Säge', 'C:\\git\\experiments\\watkins2_part1\\berg.jpg']",study,4,"[('Laub', 'Schal', 'C:\\git\\experiments\\watkins2_part1\\wald.jpg', 'C:\\git\\experiments\\watkins2_part1\\berg.jpg'), ('Hamster', 'Drucker', 'C:\\git\\experiments\\watkins2_part1\\wueste.jpg', 'C:\\git\\experiments\\watkins2_part1\\wald.jpg'), ('Boxen', 'Gitarre', 'C:\\git\\experiments\\watkins2_part1\\wald.jpg', 'C:\\git\\experiments\\watkins2_part1\\strand.jpg'), ('Flöte', 'Wolke', 'C:\\git\\experiments\\watkins2_part1\\berg.jpg', 'C:\\git\\experiments\\watkins2_part1\\strand.jpg'), ('Kamera', 'Sofa', 'C:\\git\\experiments\\watkins2_part1\\wald.jpg'), ('Löffel', 'Orange', 'C:\\git\\experiments\\watkins2_part1\\strand.jpg'), ('Bett', 'Regen', 'C:\\git\\experiments\\watkins2_part1\\wueste.jpg'), ('Computer', 'Schwimmen', 'C:\\git\\experiments\\watkins2_part1\\strand.jpg'), ('Locher', 'Tasse', 'C:\\git\\experiments\\watkins2_part1\\wald.jpg', 'C:\\git\\experiments\\watkins2_part1\\wueste.jpg'), ('Onkel', 'Beet', 'C:\\git\\experiments\\watkins2_part1\\berg.jpg'), ('Hammer', 'Mappe', 'C:\\git\\experiments\\watkins2_part1\\wueste.jpg', 'C:\\git\\experiments\\watkins2_part1\\berg.jpg'), ('Schwester', 'Staub', 'C:\\git\\experiments\\watkins2_part1\\berg.jpg'), ('Teller', 'Großvater', 'C:\\git\\experiments\\watkins2_part1\\strand.jpg', 'C:\\git\\experiments\\watkins2_part1\\berg.jpg'), ('Heft', 'Puzzle', 'C:\\git\\experiments\\watkins2_part1\\wald.jpg'), ('Tee', 'Lampe', 'C:\\git\\experiments\\watkins2_part1\\wueste.jpg'), ('Bohrer', 'Hemd', 'C:\\git\\experiments\\watkins2_part1\\strand.jpg', 'C:\\git\\experiments\\watkins2_part1\\wueste.jpg'), ('Katze', 'Topf', 'C:\\git\\experiments\\watkins2_part1\\berg.jpg', 'C:\\git\\experiments\\watkins2_part1\\wald.jpg'), ('Staffelei', 'Dünger', 'C:\\git\\experiments\\watkins2_part1\\strand.jpg', 'C:\\git\\experiments\\watkins2_part1\\wald.jpg'), ('Fenster', 'Tennis', 'C:\\git\\experiments\\watkins2_part1\\strand.jpg'), ('Rasen', 'Würfel', 'C:\\git\\experiments\\watkins2_part1\\wueste.jpg', 'C:\\git\\experiments\\watkins2_part1\\strand.jpg'), ('Birne', 'Goldfisch', 'C:\\git\\experiments\\watkins2_part1\\berg.jpg', 'C:\\git\\experiments\\watkins2_part1\\wueste.jpg'), ('Fahrrad', 'Säge', 'C:\\git\\experiments\\watkins2_part1\\berg.jpg'), ('Kreisel', 'Leinwand', 'C:\\git\\experiments\\watkins2_part1\\wald.jpg'), ('Joggen', 'Banane', 'C:\\git\\experiments\\watkins2_part1\\wueste.jpg')]",,,,,,,,,,,,,,,,,,,,,,,,,,,,54,2026-07-27_12h24.09.701,watkins2_part1,,2026.1.3,143.40988555107805,4,21,Weiblich,Muttersprache,Abitur,Anderes Studienfach,Bachelor,2026-07-27 12h24.10.557442 +0200,
22,0,22,,,22,0,22,0,,,,,344.2434042999521,,,,,,,,,,,,,,,,,,,,,,,,,,,,344.2367267999798,344.72477899998194,344.7444820999517,344.75161249999655,352.73722289997386,Kreisel,Leinwand,C:\git\experiments\watkins2_part1\wald.jpg,"['Kreisel', 'Leinwand', 'C:\\git\\experiments\\watkins2_part1\\wald.jpg']",study,4,"[('Laub', 'Schal', 'C:\\git\\experiments\\watkins2_part1\\wald.jpg', 'C:\\git\\experiments\\watkins2_part1\\berg.jpg'), ('Hamster', 'Drucker', 'C:\\git\\experiments\\watkins2_part1\\wueste.jpg', 'C:\\git\\experiments\\watkins2_part1\\wald.jpg'), ('Boxen', 'Gitarre', 'C:\\git\\experiments\\watkins2_part1\\wald.jpg', 'C:\\git\\experiments\\watkins2_part1\\strand.jpg'), ('Flöte', 'Wolke', 'C:\\git\\experiments\\watkins2_part1\\berg.jpg', 'C:\\git\\experiments\\watkins2_part1\\strand.jpg'), ('Kamera', 'Sofa', 'C:\\git\\experiments\\watkins2_part1\\wald.jpg'), ('Löffel', 'Orange', 'C:\\git\\experiments\\watkins2_part1\\strand.jpg'), ('Bett', 'Regen', 'C:\\git\\experiments\\watkins2_part1\\wueste.jpg'), ('Computer', 'Schwimmen', 'C:\\git\\experiments\\watkins2_part1\\strand.jpg'), ('Locher', 'Tasse', 'C:\\git\\experiments\\watkins2_part1\\wald.jpg', 'C:\\git\\experiments\\watkins2_part1\\wueste.jpg'), ('Onkel', 'Beet', 'C:\\git\\experiments\\watkins2_part1\\berg.jpg'), ('Hammer', 'Mappe', 'C:\\git\\experiments\\watkins2_part1\\wueste.jpg', 'C:\\git\\experiments\\watkins2_part1\\berg.jpg'), ('Schwester', 'Staub', 'C:\\git\\experiments\\watkins2_part1\\berg.jpg'), ('Teller', 'Großvater', 'C:\\git\\experiments\\watkins2_part1\\strand.jpg', 'C:\\git\\experiments\\watkins2_part1\\berg.jpg'), ('Heft', 'Puzzle', 'C:\\git\\experiments\\watkins2_part1\\wald.jpg'), ('Tee', 'Lampe', 'C:\\git\\experiments\\watkins2_part1\\wueste.jpg'), ('Bohrer', 'Hemd', 'C:\\git\\experiments\\watkins2_part1\\strand.jpg', 'C:\\git\\experiments\\watkins2_part1\\wueste.jpg'), ('Katze', 'Topf', 'C:\\git\\experiments\\watkins2_part1\\berg.jpg', 'C:\\git\\experiments\\watkins2_part1\\wald.jpg'), ('Staffelei', 'Dünger', 'C:\\git\\experiments\\watkins2_part1\\strand.jpg', 'C:\\git\\experiments\\watkins2_part1\\wald.jpg'), ('Fenster', 'Tennis', 'C:\\git\\experiments\\watkins2_part1\\strand.jpg'), ('Rasen', 'Würfel', 'C:\\git\\experiments\\watkins2_part1\\wueste.jpg', 'C:\\git\\experiments\\watkins2_part1\\strand.jpg'), ('Birne', 'Goldfisch', 'C:\\git\\experiments\\watkins2_part1\\berg.jpg', 'C:\\git\\experiments\\watkins2_part1\\wueste.jpg'), ('Fahrrad', 'Säge', 'C:\\git\\experiments\\watkins2_part1\\berg.jpg'), ('Kreisel', 'Leinwand', 'C:\\git\\experiments\\watkins2_part1\\wald.jpg'), ('Joggen', 'Banane', 'C:\\git\\experiments\\watkins2_part1\\wueste.jpg')]",,,,,,,,,,,,,,,,,,,,,,,,,,,,54,2026-07-27_12h24.09.701,watkins2_part1,,2026.1.3,143.40988555107805,4,21,Weiblich,Muttersprache,Abitur,Anderes Studienfach,Bachelor,2026-07-27 12h24.10.557442 +0200,
23,0,23,,,23,0,23,0,,,,,352.7440757000004,,,,,,,,,,,,,,,,,,,,,,,,,,,,352.73741229996085,353.2252574999584,353.2434456999763,353.2466316999635,361.2425164000015,Joggen,Banane,C:\git\experiments\watkins2_part1\wueste.jpg,"['Joggen', 'Banane', 'C:\\git\\experiments\\watkins2_part1\\wueste.jpg']",study,4,"[('Laub', 'Schal', 'C:\\git\\experiments\\watkins2_part1\\wald.jpg', 'C:\\git\\experiments\\watkins2_part1\\berg.jpg'), ('Hamster', 'Drucker', 'C:\\git\\experiments\\watkins2_part1\\wueste.jpg', 'C:\\git\\experiments\\watkins2_part1\\wald.jpg'), ('Boxen', 'Gitarre', 'C:\\git\\experiments\\watkins2_part1\\wald.jpg', 'C:\\git\\experiments\\watkins2_part1\\strand.jpg'), ('Flöte', 'Wolke', 'C:\\git\\experiments\\watkins2_part1\\berg.jpg', 'C:\\git\\experiments\\watkins2_part1\\strand.jpg'), ('Kamera', 'Sofa', 'C:\\git\\experiments\\watkins2_part1\\wald.jpg'), ('Löffel', 'Orange', 'C:\\git\\experiments\\watkins2_part1\\strand.jpg'), ('Bett', 'Regen', 'C:\\git\\experiments\\watkins2_part1\\wueste.jpg'), ('Computer', 'Schwimmen', 'C:\\git\\experiments\\watkins2_part1\\strand.jpg'), ('Locher', 'Tasse', 'C:\\git\\experiments\\watkins2_part1\\wald.jpg', 'C:\\git\\experiments\\watkins2_part1\\wueste.jpg'), ('Onkel', 'Beet', 'C:\\git\\experiments\\watkins2_part1\\berg.jpg'), ('Hammer', 'Mappe', 'C:\\git\\experiments\\watkins2_part1\\wueste.jpg', 'C:\\git\\experiments\\watkins2_part1\\berg.jpg'), ('Schwester', 'Staub', 'C:\\git\\experiments\\watkins2_part1\\berg.jpg'), ('Teller', 'Großvater', 'C:\\git\\experiments\\watkins2_part1\\strand.jpg', 'C:\\git\\experiments\\watkins2_part1\\berg.jpg'), ('Heft', 'Puzzle', 'C:\\git\\experiments\\watkins2_part1\\wald.jpg'), ('Tee', 'Lampe', 'C:\\git\\experiments\\watkins2_part1\\wueste.jpg'), ('Bohrer', 'Hemd', 'C:\\git\\experiments\\watkins2_part1\\strand.jpg', 'C:\\git\\experiments\\watkins2_part1\\wueste.jpg'), ('Katze', 'Topf', 'C:\\git\\experiments\\watkins2_part1\\berg.jpg', 'C:\\git\\experiments\\watkins2_part1\\wald.jpg'), ('Staffelei', 'Dünger', 'C:\\git\\experiments\\watkins2_part1\\strand.jpg', 'C:\\git\\experiments\\watkins2_part1\\wald.jpg'), ('Fenster', 'Tennis', 'C:\\git\\experiments\\watkins2_part1\\strand.jpg'), ('Rasen', 'Würfel', 'C:\\git\\experiments\\watkins2_part1\\wueste.jpg', 'C:\\git\\experiments\\watkins2_part1\\strand.jpg'), ('Birne', 'Goldfisch', 'C:\\git\\experiments\\watkins2_part1\\berg.jpg', 'C:\\git\\experiments\\watkins2_part1\\wueste.jpg'), ('Fahrrad', 'Säge', 'C:\\git\\experiments\\watkins2_part1\\berg.jpg'), ('Kreisel', 'Leinwand', 'C:\\git\\experiments\\watkins2_part1\\wald.jpg'), ('Joggen', 'Banane', 'C:\\git\\experiments\\watkins2_part1\\wueste.jpg')]",,,,,,,,,,,,,,,,,,,,,,,,,,,,54,2026-07-27_12h24.09.701,watkins2_part1,,2026.1.3,143.40988555107805,4,21,Weiblich,Muttersprache,Abitur,Anderes Studienfach,Bachelor,2026-07-27 12h24.10.557442 +0200,
,,,,,,,,,,,,,,,,,,,,,,,,,,,,,,,,,,,,,,,,,,,,,,,,,,,4,,361.24291019997327,361.2493908999604,384.64184369996656,,,,,,,,,,,,,,,,,,,,,,,,,54,2026-07-27_12h24.09.701,watkins2_part1,,2026.1.3,143.40988555107805,4,21,Weiblich,Muttersprache,Abitur,Anderes Studienfach,Bachelor,2026-07-27 12h24.10.557442 +0200,
,,,,,,,,,,,,,,,,,,,,,,,,,,,,,,,,,,,,,,,,,,,,,,,,,,,4,,,,,384.65462789998855,401.4875337999547,,,,,,,,,,,,,,,,,,,,,,,54,2026-07-27_12h24.09.701,watkins2_part1,,2026.1.3,143.40988555107805,4,21,Weiblich,Muttersprache,Abitur,Anderes Studienfach,Bachelor,2026-07-27 12h24.10.557442 +0200,
,,,,,,,,,,,,,,,,,,,,,,,,,,,,,,,,,,,,,,,,,,,,,,,,,,,4,,,,,,,401.48779129999457,401.50033769995207,417.58182129997294,Katze,Katze,,,,,,,,,,,,,,,,,,54,2026-07-27_12h24.09.701,watkins2_part1,,2026.1.3,143.40988555107805,4,21,Weiblich,Muttersprache,Abitur,Anderes Studienfach,Bachelor,2026-07-27 12h24.10.557442 +0200,
,,,,,,,,,,,,,,,,,,,,,,,,,,,,,,,,,,,,,,,417.58186059998116,418.57163889997173,,,,,,,,,,,4,,,,,,,,,,,,,,,,,,,,,,,,,,,,,54,2026-07-27_12h24.09.701,watkins2_part1,,2026.1.3,143.40988555107805,4,21,Weiblich,Muttersprache,Abitur,Anderes Studienfach,Bachelor,2026-07-27 12h24.10.557442 +0200,
0,0,0,,,,,,,0,0,0,0,418.5785036999732,,,,,,,,,,,,,,,,,,,,,,,,,,,,418.5720797999529,419.05963989999145,,,,Matsch,Zange,,"['Matsch', 'Zange', 'C:\\git\\experiments\\watkins2_part1\\wueste.jpg']",study_new,4,,,,,,,,,,,,418.5719287999673,418.5719773999881,C:\git\experiments\watkins2_part1\wueste.jpg,"[('Matsch', 'Zange', 'C:\\git\\experiments\\watkins2_part1\\wueste.jpg'), ('Teller', 'Großvater', 'C:\\git\\experiments\\watkins2_part1\\strand.jpg', 'C:\\git\\experiments\\watkins2_part1\\berg.jpg'), ('Ball', 'Flugzeug', 'C:\\git\\experiments\\watkins2_part1\\berg.jpg'), ('Locher', 'Tasse', 'C:\\git\\experiments\\watkins2_part1\\wald.jpg', 'C:\\git\\experiments\\watkins2_part1\\wueste.jpg'), ('Hammer', 'Mappe', 'C:\\git\\experiments\\watkins2_part1\\wueste.jpg', 'C:\\git\\experiments\\watkins2_part1\\berg.jpg'), ('Birne', 'Goldfisch', 'C:\\git\\experiments\\watkins2_part1\\berg.jpg', 'C:\\git\\experiments\\watkins2_part1\\wueste.jpg'), ('Schnee', 'Nichte', 'C:\\git\\experiments\\watkins2_part1\\wald.jpg'), ('Geige', 'Kakao', 'C:\\git\\experiments\\watkins2_part1\\berg.jpg'), ('Auto', 'Müll', 'C:\\git\\experiments\\watkins2_part1\\wueste.jpg'), ('Staffelei', 'Dünger', 'C:\\git\\experiments\\watkins2_part1\\strand.jpg', 'C:\\git\\experiments\\watkins2_part1\\wald.jpg'), ('Mütze', 'Fernseher', 'C:\\git\\experiments\\watkins2_part1\\strand.jpg'), ('Hamster', 'Drucker', 'C:\\git\\experiments\\watkins2_part1\\wueste.jpg', 'C:\\git\\experiments\\watkins2_part1\\wald.jpg'), ('Traube', 'Limonade', 'C:\\git\\experiments\\watkins2_part1\\strand.jpg'), ('Pinsel', 'Kaninchen', 'C:\\git\\experiments\\watkins2_part1\\berg.jpg'), ('Flöte', 'Wolke', 'C:\\git\\experiments\\watkins2_part1\\berg.jpg', 'C:\\git\\experiments\\watkins2_part1\\strand.jpg'), ('Kaffee', 'Skulptur', 'C:\\git\\experiments\\watkins2_part1\\strand.jpg'), ('Boxen', 'Gitarre', 'C:\\git\\experiments\\watkins2_part1\\wald.jpg', 'C:\\git\\experiments\\watkins2_part1\\strand.jpg'), ('Laub', 'Schal', 'C:\\git\\experiments\\watkins2_part1\\wald.jpg', 'C:\\git\\experiments\\watkins2_part1\\berg.jpg'), ('Katze', 'Topf', 'C:\\git\\experiments\\watkins2_part1\\berg.jpg', 'C:\\git\\experiments\\watkins2_part1\\wald.jpg'), ('Jacke', 'Trommel', 'C:\\git\\experiments\\watkins2_part1\\wald.jpg'), ('Rasen', 'Würfel', 'C:\\git\\experiments\\watkins2_part1\\wueste.jpg', 'C:\\git\\experiments\\watkins2_part1\\strand.jpg'), ('Krümel', 'Umschlag', 'C:\\git\\experiments\\watkins2_part1\\wald.jpg'), ('Bohrer', 'Hemd', 'C:\\git\\experiments\\watkins2_part1\\strand.jpg', 'C:\\git\\experiments\\watkins2_part1\\wueste.jpg'), ('Wind', 'Bus', 'C:\\git\\experiments\\watkins2_part1\\wueste.jpg')]",419.0774185999762,419.08167069999035,427.07848239998566,427.0953375999816,427.0953874999541,427.1125176999485,427.1125870999531,None,None,,,,,54,2026-07-27_12h24.09.701,watkins2_part1,,2026.1.3,143.40988555107805,4,21,Weiblich,Muttersprache,Abitur,Anderes Studienfach,Bachelor,2026-07-27 12h24.10.557442 +0200,
1,0,1,"Onkel
",0,,,,,1,0,1,0,427.11615969997365,,,,,,,,,,,,,,,,,,,,,,,,,,,,427.1128644999699,427.5978989999858,,,,Teller,Großvater,,"['Teller', 'Großvater', 'C:\\git\\experiments\\watkins2_part1\\berg.jpg']",test_diff,4,,,,,,,,,,,,427.1127029999625,427.1127622999484,C:\git\experiments\watkins2_part1\berg.jpg,"[('Matsch', 'Zange', 'C:\\git\\experiments\\watkins2_part1\\wueste.jpg'), ('Teller', 'Großvater', 'C:\\git\\experiments\\watkins2_part1\\strand.jpg', 'C:\\git\\experiments\\watkins2_part1\\berg.jpg'), ('Ball', 'Flugzeug', 'C:\\git\\experiments\\watkins2_part1\\berg.jpg'), ('Locher', 'Tasse', 'C:\\git\\experiments\\watkins2_part1\\wald.jpg', 'C:\\git\\experiments\\watkins2_part1\\wueste.jpg'), ('Hammer', 'Mappe', 'C:\\git\\experiments\\watkins2_part1\\wueste.jpg', 'C:\\git\\experiments\\watkins2_part1\\berg.jpg'), ('Birne', 'Goldfisch', 'C:\\git\\experiments\\watkins2_part1\\berg.jpg', 'C:\\git\\experiments\\watkins2_part1\\wueste.jpg'), ('Schnee', 'Nichte', 'C:\\git\\experiments\\watkins2_part1\\wald.jpg'), ('Geige', 'Kakao', 'C:\\git\\experiments\\watkins2_part1\\berg.jpg'), ('Auto', 'Müll', 'C:\\git\\experiments\\watkins2_part1\\wueste.jpg'), ('Staffelei', 'Dünger', 'C:\\git\\experiments\\watkins2_part1\\strand.jpg', 'C:\\git\\experiments\\watkins2_part1\\wald.jpg'), ('Mütze', 'Fernseher', 'C:\\git\\experiments\\watkins2_part1\\strand.jpg'), ('Hamster', 'Drucker', 'C:\\git\\experiments\\watkins2_part1\\wueste.jpg', 'C:\\git\\experiments\\watkins2_part1\\wald.jpg'), ('Traube', 'Limonade', 'C:\\git\\experiments\\watkins2_part1\\strand.jpg'), ('Pinsel', 'Kaninchen', 'C:\\git\\experiments\\watkins2_part1\\berg.jpg'), ('Flöte', 'Wolke', 'C:\\git\\experiments\\watkins2_part1\\berg.jpg', 'C:\\git\\experiments\\watkins2_part1\\strand.jpg'), ('Kaffee', 'Skulptur', 'C:\\git\\experiments\\watkins2_part1\\strand.jpg'), ('Boxen', 'Gitarre', 'C:\\git\\experiments\\watkins2_part1\\wald.jpg', 'C:\\git\\experiments\\watkins2_part1\\strand.jpg'), ('Laub', 'Schal', 'C:\\git\\experiments\\watkins2_part1\\wald.jpg', 'C:\\git\\experiments\\watkins2_part1\\berg.jpg'), ('Katze', 'Topf', 'C:\\git\\experiments\\watkins2_part1\\berg.jpg', 'C:\\git\\experiments\\watkins2_part1\\wald.jpg'), ('Jacke', 'Trommel', 'C:\\git\\experiments\\watkins2_part1\\wald.jpg'), ('Rasen', 'Würfel', 'C:\\git\\experiments\\watkins2_part1\\wueste.jpg', 'C:\\git\\experiments\\watkins2_part1\\strand.jpg'), ('Krümel', 'Umschlag', 'C:\\git\\experiments\\watkins2_part1\\wald.jpg'), ('Bohrer', 'Hemd', 'C:\\git\\experiments\\watkins2_part1\\strand.jpg', 'C:\\git\\experiments\\watkins2_part1\\wueste.jpg'), ('Wind', 'Bus', 'C:\\git\\experiments\\watkins2_part1\\wueste.jpg')]",427.62480499997037,,427.6248508999706,427.65584679995663,427.6558920999523,427.6847584999632,435.65914349997183,None,None,"Onkel
","Onkel
",427.6945520999725,0,54,2026-07-27_12h24.09.701,watkins2_part1,,2026.1.3,143.40988555107805,4,21,Weiblich,Muttersprache,Abitur,Anderes Studienfach,Bachelor,2026-07-27 12h24.10.557442 +0200,
2,0,2,,,,,,,2,0,2,0,435.66597259999253,,,,,,,,,,,,,,,,,,,,,,,,,,,,435.6594066999969,436.14705939998385,,,,Ball,Flugzeug,,"['Ball', 'Flugzeug', 'C:\\git\\experiments\\watkins2_part1\\berg.jpg']",study_new,4,,,,,,,,,,,,435.6592571999645,435.6593062999891,C:\git\experiments\watkins2_part1\berg.jpg,"[('Matsch', 'Zange', 'C:\\git\\experiments\\watkins2_part1\\wueste.jpg'), ('Teller', 'Großvater', 'C:\\git\\experiments\\watkins2_part1\\strand.jpg', 'C:\\git\\experiments\\watkins2_part1\\berg.jpg'), ('Ball', 'Flugzeug', 'C:\\git\\experiments\\watkins2_part1\\berg.jpg'), ('Locher', 'Tasse', 'C:\\git\\experiments\\watkins2_part1\\wald.jpg', 'C:\\git\\experiments\\watkins2_part1\\wueste.jpg'), ('Hammer', 'Mappe', 'C:\\git\\experiments\\watkins2_part1\\wueste.jpg', 'C:\\git\\experiments\\watkins2_part1\\berg.jpg'), ('Birne', 'Goldfisch', 'C:\\git\\experiments\\watkins2_part1\\berg.jpg', 'C:\\git\\experiments\\watkins2_part1\\wueste.jpg'), ('Schnee', 'Nichte', 'C:\\git\\experiments\\watkins2_part1\\wald.jpg'), ('Geige', 'Kakao', 'C:\\git\\experiments\\watkins2_part1\\berg.jpg'), ('Auto', 'Müll', 'C:\\git\\experiments\\watkins2_part1\\wueste.jpg'), ('Staffelei', 'Dünger', 'C:\\git\\experiments\\watkins2_part1\\strand.jpg', 'C:\\git\\experiments\\watkins2_part1\\wald.jpg'), ('Mütze', 'Fernseher', 'C:\\git\\experiments\\watkins2_part1\\strand.jpg'), ('Hamster', 'Drucker', 'C:\\git\\experiments\\watkins2_part1\\wueste.jpg', 'C:\\git\\experiments\\watkins2_part1\\wald.jpg'), ('Traube', 'Limonade', 'C:\\git\\experiments\\watkins2_part1\\strand.jpg'), ('Pinsel', 'Kaninchen', 'C:\\git\\experiments\\watkins2_part1\\berg.jpg'), ('Flöte', 'Wolke', 'C:\\git\\experiments\\watkins2_part1\\berg.jpg', 'C:\\git\\experiments\\watkins2_part1\\strand.jpg'), ('Kaffee', 'Skulptur', 'C:\\git\\experiments\\watkins2_part1\\strand.jpg'), ('Boxen', 'Gitarre', 'C:\\git\\experiments\\watkins2_part1\\wald.jpg', 'C:\\git\\experiments\\watkins2_part1\\strand.jpg'), ('Laub', 'Schal', 'C:\\git\\experiments\\watkins2_part1\\wald.jpg', 'C:\\git\\experiments\\watkins2_part1\\berg.jpg'), ('Katze', 'Topf', 'C:\\git\\experiments\\watkins2_part1\\berg.jpg', 'C:\\git\\experiments\\watkins2_part1\\wald.jpg'), ('Jacke', 'Trommel', 'C:\\git\\experiments\\watkins2_part1\\wald.jpg'), ('Rasen', 'Würfel', 'C:\\git\\experiments\\watkins2_part1\\wueste.jpg', 'C:\\git\\experiments\\watkins2_part1\\strand.jpg'), ('Krümel', 'Umschlag', 'C:\\git\\experiments\\watkins2_part1\\wald.jpg'), ('Bohrer', 'Hemd', 'C:\\git\\experiments\\watkins2_part1\\strand.jpg', 'C:\\git\\experiments\\watkins2_part1\\wueste.jpg'), ('Wind', 'Bus', 'C:\\git\\experiments\\watkins2_part1\\wueste.jpg')]",436.17068079998717,436.17431619996205,444.1626645999495,444.18626959994435,444.1863150999998,444.2108652999741,444.21092059998773,None,None,,,,,54,2026-07-27_12h24.09.701,watkins2_part1,,2026.1.3,143.40988555107805,4,21,Weiblich,Muttersprache,Abitur,Anderes Studienfach,Bachelor,2026-07-27 12h24.10.557442 +0200,
3,0,3,Mappe,0,,,,,3,0,3,0,444.2135647999821,,,,,,,,,,,,,,,,,,,,,,,,,,,,444.211203999992,444.6951393999625,,,,Locher,Tasse,,"['Locher', 'Tasse', 'C:\\git\\experiments\\watkins2_part1\\wueste.jpg']",test_diff,4,,,,,,,,,,,,444.21103489998495,444.21109959995374,C:\git\experiments\watkins2_part1\wueste.jpg,"[('Matsch', 'Zange', 'C:\\git\\experiments\\watkins2_part1\\wueste.jpg'), ('Teller', 'Großvater', 'C:\\git\\experiments\\watkins2_part1\\strand.jpg', 'C:\\git\\experiments\\watkins2_part1\\berg.jpg'), ('Ball', 'Flugzeug', 'C:\\git\\experiments\\watkins2_part1\\berg.jpg'), ('Locher', 'Tasse', 'C:\\git\\experiments\\watkins2_part1\\wald.jpg', 'C:\\git\\experiments\\watkins2_part1\\wueste.jpg'), ('Hammer', 'Mappe', 'C:\\git\\experiments\\watkins2_part1\\wueste.jpg', 'C:\\git\\experiments\\watkins2_part1\\berg.jpg'), ('Birne', 'Goldfisch', 'C:\\git\\experiments\\watkins2_part1\\berg.jpg', 'C:\\git\\experiments\\watkins2_part1\\wueste.jpg'), ('Schnee', 'Nichte', 'C:\\git\\experiments\\watkins2_part1\\wald.jpg'), ('Geige', 'Kakao', 'C:\\git\\experiments\\watkins2_part1\\berg.jpg'), ('Auto', 'Müll', 'C:\\git\\experiments\\watkins2_part1\\wueste.jpg'), ('Staffelei', 'Dünger', 'C:\\git\\experiments\\watkins2_part1\\strand.jpg', 'C:\\git\\experiments\\watkins2_part1\\wald.jpg'), ('Mütze', 'Fernseher', 'C:\\git\\experiments\\watkins2_part1\\strand.jpg'), ('Hamster', 'Drucker', 'C:\\git\\experiments\\watkins2_part1\\wueste.jpg', 'C:\\git\\experiments\\watkins2_part1\\wald.jpg'), ('Traube', 'Limonade', 'C:\\git\\experiments\\watkins2_part1\\strand.jpg'), ('Pinsel', 'Kaninchen', 'C:\\git\\experiments\\watkins2_part1\\berg.jpg'), ('Flöte', 'Wolke', 'C:\\git\\experiments\\watkins2_part1\\berg.jpg', 'C:\\git\\experiments\\watkins2_part1\\strand.jpg'), ('Kaffee', 'Skulptur', 'C:\\git\\experiments\\watkins2_part1\\strand.jpg'), ('Boxen', 'Gitarre', 'C:\\git\\experiments\\watkins2_part1\\wald.jpg', 'C:\\git\\experiments\\watkins2_part1\\strand.jpg'), ('Laub', 'Schal', 'C:\\git\\experiments\\watkins2_part1\\wald.jpg', 'C:\\git\\experiments\\watkins2_part1\\berg.jpg'), ('Katze', 'Topf', 'C:\\git\\experiments\\watkins2_part1\\berg.jpg', 'C:\\git\\experiments\\watkins2_part1\\wald.jpg'), ('Jacke', 'Trommel', 'C:\\git\\experiments\\watkins2_part1\\wald.jpg'), ('Rasen', 'Würfel', 'C:\\git\\experiments\\watkins2_part1\\wueste.jpg', 'C:\\git\\experiments\\watkins2_part1\\strand.jpg'), ('Krümel', 'Umschlag', 'C:\\git\\experiments\\watkins2_part1\\wald.jpg'), ('Bohrer', 'Hemd', 'C:\\git\\experiments\\watkins2_part1\\strand.jpg', 'C:\\git\\experiments\\watkins2_part1\\wueste.jpg'), ('Wind', 'Bus', 'C:\\git\\experiments\\watkins2_part1\\wueste.jpg')]",444.71337919996586,,444.7134245999623,444.73263779998524,444.73268299998017,444.75242669996805,452.7360977999633,None,None,Mappe,Mappe,444.7594568999484,0,54,2026-07-27_12h24.09.701,watkins2_part1,,2026.1.3,143.40988555107805,4,21,Weiblich,Muttersprache,Abitur,Anderes Studienfach,Bachelor,2026-07-27 12h24.10.557442 +0200,
4,0,4,"Löffel
",0,,,,,4,0,4,0,452.7429361999966,,,,,,,,,,,,,,,,,,,,,,,,,,,,452.73636969999643,453.2242673999863,,,,Hammer,Mappe,,"['Hammer', 'Mappe', 'C:\\git\\experiments\\watkins2_part1\\berg.jpg']",test_diff,4,,,,,,,,,,,,452.7362131999689,452.7362654999597,C:\git\experiments\watkins2_part1\berg.jpg,"[('Matsch', 'Zange', 'C:\\git\\experiments\\watkins2_part1\\wueste.jpg'), ('Teller', 'Großvater', 'C:\\git\\experiments\\watkins2_part1\\strand.jpg', 'C:\\git\\experiments\\watkins2_part1\\berg.jpg'), ('Ball', 'Flugzeug', 'C:\\git\\experiments\\watkins2_part1\\berg.jpg'), ('Locher', 'Tasse', 'C:\\git\\experiments\\watkins2_part1\\wald.jpg', 'C:\\git\\experiments\\watkins2_part1\\wueste.jpg'), ('Hammer', 'Mappe', 'C:\\git\\experiments\\watkins2_part1\\wueste.jpg', 'C:\\git\\experiments\\watkins2_part1\\berg.jpg'), ('Birne', 'Goldfisch', 'C:\\git\\experiments\\watkins2_part1\\berg.jpg', 'C:\\git\\experiments\\watkins2_part1\\wueste.jpg'), ('Schnee', 'Nichte', 'C:\\git\\experiments\\watkins2_part1\\wald.jpg'), ('Geige', 'Kakao', 'C:\\git\\experiments\\watkins2_part1\\berg.jpg'), ('Auto', 'Müll', 'C:\\git\\experiments\\watkins2_part1\\wueste.jpg'), ('Staffelei', 'Dünger', 'C:\\git\\experiments\\watkins2_part1\\strand.jpg', 'C:\\git\\experiments\\watkins2_part1\\wald.jpg'), ('Mütze', 'Fernseher', 'C:\\git\\experiments\\watkins2_part1\\strand.jpg'), ('Hamster', 'Drucker', 'C:\\git\\experiments\\watkins2_part1\\wueste.jpg', 'C:\\git\\experiments\\watkins2_part1\\wald.jpg'), ('Traube', 'Limonade', 'C:\\git\\experiments\\watkins2_part1\\strand.jpg'), ('Pinsel', 'Kaninchen', 'C:\\git\\experiments\\watkins2_part1\\berg.jpg'), ('Flöte', 'Wolke', 'C:\\git\\experiments\\watkins2_part1\\berg.jpg', 'C:\\git\\experiments\\watkins2_part1\\strand.jpg'), ('Kaffee', 'Skulptur', 'C:\\git\\experiments\\watkins2_part1\\strand.jpg'), ('Boxen', 'Gitarre', 'C:\\git\\experiments\\watkins2_part1\\wald.jpg', 'C:\\git\\experiments\\watkins2_part1\\strand.jpg'), ('Laub', 'Schal', 'C:\\git\\experiments\\watkins2_part1\\wald.jpg', 'C:\\git\\experiments\\watkins2_part1\\berg.jpg'), ('Katze', 'Topf', 'C:\\git\\experiments\\watkins2_part1\\berg.jpg', 'C:\\git\\experiments\\watkins2_part1\\wald.jpg'), ('Jacke', 'Trommel', 'C:\\git\\experiments\\watkins2_part1\\wald.jpg'), ('Rasen', 'Würfel', 'C:\\git\\experiments\\watkins2_part1\\wueste.jpg', 'C:\\git\\experiments\\watkins2_part1\\strand.jpg'), ('Krümel', 'Umschlag', 'C:\\git\\experiments\\watkins2_part1\\wald.jpg'), ('Bohrer', 'Hemd', 'C:\\git\\experiments\\watkins2_part1\\strand.jpg', 'C:\\git\\experiments\\watkins2_part1\\wueste.jpg'), ('Wind', 'Bus', 'C:\\git\\experiments\\watkins2_part1\\wueste.jpg')]",453.2519385999767,,453.2519882999477,453.28400919999694,453.28405580000253,453.31378189998213,461.28973659995245,None,None,"Löffel
","Löffel
",453.3227626999724,0,54,2026-07-27_12h24.09.701,watkins2_part1,,2026.1.3,143.40988555107805,4,21,Weiblich,Muttersprache,Abitur,Anderes Studienfach,Bachelor,2026-07-27 12h24.10.557442 +0200,
5,0,5,"Zange
",0,,,,,5,0,5,0,461.29671009996673,,,,,,,,,,,,,,,,,,,,,,,,,,,,461.2900052999612,461.7777693999815,,,,Birne,Goldfisch,,"['Birne', 'Goldfisch', 'C:\\git\\experiments\\watkins2_part1\\wueste.jpg']",test_diff,4,,,,,,,,,,,,461.2898492999957,461.2899038999458,C:\git\experiments\watkins2_part1\wueste.jpg,"[('Matsch', 'Zange', 'C:\\git\\experiments\\watkins2_part1\\wueste.jpg'), ('Teller', 'Großvater', 'C:\\git\\experiments\\watkins2_part1\\strand.jpg', 'C:\\git\\experiments\\watkins2_part1\\berg.jpg'), ('Ball', 'Flugzeug', 'C:\\git\\experiments\\watkins2_part1\\berg.jpg'), ('Locher', 'Tasse', 'C:\\git\\experiments\\watkins2_part1\\wald.jpg', 'C:\\git\\experiments\\watkins2_part1\\wueste.jpg'), ('Hammer', 'Mappe', 'C:\\git\\experiments\\watkins2_part1\\wueste.jpg', 'C:\\git\\experiments\\watkins2_part1\\berg.jpg'), ('Birne', 'Goldfisch', 'C:\\git\\experiments\\watkins2_part1\\berg.jpg', 'C:\\git\\experiments\\watkins2_part1\\wueste.jpg'), ('Schnee', 'Nichte', 'C:\\git\\experiments\\watkins2_part1\\wald.jpg'), ('Geige', 'Kakao', 'C:\\git\\experiments\\watkins2_part1\\berg.jpg'), ('Auto', 'Müll', 'C:\\git\\experiments\\watkins2_part1\\wueste.jpg'), ('Staffelei', 'Dünger', 'C:\\git\\experiments\\watkins2_part1\\strand.jpg', 'C:\\git\\experiments\\watkins2_part1\\wald.jpg'), ('Mütze', 'Fernseher', 'C:\\git\\experiments\\watkins2_part1\\strand.jpg'), ('Hamster', 'Drucker', 'C:\\git\\experiments\\watkins2_part1\\wueste.jpg', 'C:\\git\\experiments\\watkins2_part1\\wald.jpg'), ('Traube', 'Limonade', 'C:\\git\\experiments\\watkins2_part1\\strand.jpg'), ('Pinsel', 'Kaninchen', 'C:\\git\\experiments\\watkins2_part1\\berg.jpg'), ('Flöte', 'Wolke', 'C:\\git\\experiments\\watkins2_part1\\berg.jpg', 'C:\\git\\experiments\\watkins2_part1\\strand.jpg'), ('Kaffee', 'Skulptur', 'C:\\git\\experiments\\watkins2_part1\\strand.jpg'), ('Boxen', 'Gitarre', 'C:\\git\\experiments\\watkins2_part1\\wald.jpg', 'C:\\git\\experiments\\watkins2_part1\\strand.jpg'), ('Laub', 'Schal', 'C:\\git\\experiments\\watkins2_part1\\wald.jpg', 'C:\\git\\experiments\\watkins2_part1\\berg.jpg'), ('Katze', 'Topf', 'C:\\git\\experiments\\watkins2_part1\\berg.jpg', 'C:\\git\\experiments\\watkins2_part1\\wald.jpg'), ('Jacke', 'Trommel', 'C:\\git\\experiments\\watkins2_part1\\wald.jpg'), ('Rasen', 'Würfel', 'C:\\git\\experiments\\watkins2_part1\\wueste.jpg', 'C:\\git\\experiments\\watkins2_part1\\strand.jpg'), ('Krümel', 'Umschlag', 'C:\\git\\experiments\\watkins2_part1\\wald.jpg'), ('Bohrer', 'Hemd', 'C:\\git\\experiments\\watkins2_part1\\strand.jpg', 'C:\\git\\experiments\\watkins2_part1\\wueste.jpg'), ('Wind', 'Bus', 'C:\\git\\experiments\\watkins2_part1\\wueste.jpg')]",461.7969699999667,,461.7970144999563,461.8162287999876,461.8162740999833,461.8360510999919,469.81692069995916,None,None,"Zange
","Zange
",461.8433307999512,0,54,2026-07-27_12h24.09.701,watkins2_part1,,2026.1.3,143.40988555107805,4,21,Weiblich,Muttersprache,Abitur,Anderes Studienfach,Bachelor,2026-07-27 12h24.10.557442 +0200,
6,0,6,,,,,,,6,0,6,0,469.8238448999473,,,,,,,,,,,,,,,,,,,,,,,,,,,,469.81719269999303,470.30491379997693,,,,Schnee,Nichte,,"['Schnee', 'Nichte', 'C:\\git\\experiments\\watkins2_part1\\wald.jpg']",study_new,4,,,,,,,,,,,,469.81703399994876,469.8170915999799,C:\git\experiments\watkins2_part1\wald.jpg,"[('Matsch', 'Zange', 'C:\\git\\experiments\\watkins2_part1\\wueste.jpg'), ('Teller', 'Großvater', 'C:\\git\\experiments\\watkins2_part1\\strand.jpg', 'C:\\git\\experiments\\watkins2_part1\\berg.jpg'), ('Ball', 'Flugzeug', 'C:\\git\\experiments\\watkins2_part1\\berg.jpg'), ('Locher', 'Tasse', 'C:\\git\\experiments\\watkins2_part1\\wald.jpg', 'C:\\git\\experiments\\watkins2_part1\\wueste.jpg'), ('Hammer', 'Mappe', 'C:\\git\\experiments\\watkins2_part1\\wueste.jpg', 'C:\\git\\experiments\\watkins2_part1\\berg.jpg'), ('Birne', 'Goldfisch', 'C:\\git\\experiments\\watkins2_part1\\berg.jpg', 'C:\\git\\experiments\\watkins2_part1\\wueste.jpg'), ('Schnee', 'Nichte', 'C:\\git\\experiments\\watkins2_part1\\wald.jpg'), ('Geige', 'Kakao', 'C:\\git\\experiments\\watkins2_part1\\berg.jpg'), ('Auto', 'Müll', 'C:\\git\\experiments\\watkins2_part1\\wueste.jpg'), ('Staffelei', 'Dünger', 'C:\\git\\experiments\\watkins2_part1\\strand.jpg', 'C:\\git\\experiments\\watkins2_part1\\wald.jpg'), ('Mütze', 'Fernseher', 'C:\\git\\experiments\\watkins2_part1\\strand.jpg'), ('Hamster', 'Drucker', 'C:\\git\\experiments\\watkins2_part1\\wueste.jpg', 'C:\\git\\experiments\\watkins2_part1\\wald.jpg'), ('Traube', 'Limonade', 'C:\\git\\experiments\\watkins2_part1\\strand.jpg'), ('Pinsel', 'Kaninchen', 'C:\\git\\experiments\\watkins2_part1\\berg.jpg'), ('Flöte', 'Wolke', 'C:\\git\\experiments\\watkins2_part1\\berg.jpg', 'C:\\git\\experiments\\watkins2_part1\\strand.jpg'), ('Kaffee', 'Skulptur', 'C:\\git\\experiments\\watkins2_part1\\strand.jpg'), ('Boxen', 'Gitarre', 'C:\\git\\experiments\\watkins2_part1\\wald.jpg', 'C:\\git\\experiments\\watkins2_part1\\strand.jpg'), ('Laub', 'Schal', 'C:\\git\\experiments\\watkins2_part1\\wald.jpg', 'C:\\git\\experiments\\watkins2_part1\\berg.jpg'), ('Katze', 'Topf', 'C:\\git\\experiments\\watkins2_part1\\berg.jpg', 'C:\\git\\experiments\\watkins2_part1\\wald.jpg'), ('Jacke', 'Trommel', 'C:\\git\\experiments\\watkins2_part1\\wald.jpg'), ('Rasen', 'Würfel', 'C:\\git\\experiments\\watkins2_part1\\wueste.jpg', 'C:\\git\\experiments\\watkins2_part1\\strand.jpg'), ('Krümel', 'Umschlag', 'C:\\git\\experiments\\watkins2_part1\\wald.jpg'), ('Bohrer', 'Hemd', 'C:\\git\\experiments\\watkins2_part1\\strand.jpg', 'C:\\git\\experiments\\watkins2_part1\\wueste.jpg'), ('Wind', 'Bus', 'C:\\git\\experiments\\watkins2_part1\\wueste.jpg')]",470.3241222999641,470.3272990999976,478.3239558999776,478.3420113999746,478.3420568999718,478.3610374999698,478.3610928999842,None,None,,,,,54,2026-07-27_12h24.09.701,watkins2_part1,,2026.1.3,143.40988555107805,4,21,Weiblich,Muttersprache,Abitur,Anderes Studienfach,Bachelor,2026-07-27 12h24.10.557442 +0200,
7,0,7,,,,,,,7,0,7,0,478.36473409994505,,,,,,,,,,,,,,,,,,,,,,,,,,,,478.3613865999505,478.8493360999855,,,,Geige,Kakao,,"['Geige', 'Kakao', 'C:\\git\\experiments\\watkins2_part1\\berg.jpg']",study_new,4,,,,,,,,,,,,478.3612087999936,478.3612853999948,C:\git\experiments\watkins2_part1\berg.jpg,"[('Matsch', 'Zange', 'C:\\git\\experiments\\watkins2_part1\\wueste.jpg'), ('Teller', 'Großvater', 'C:\\git\\experiments\\watkins2_part1\\strand.jpg', 'C:\\git\\experiments\\watkins2_part1\\berg.jpg'), ('Ball', 'Flugzeug', 'C:\\git\\experiments\\watkins2_part1\\berg.jpg'), ('Locher', 'Tasse', 'C:\\git\\experiments\\watkins2_part1\\wald.jpg', 'C:\\git\\experiments\\watkins2_part1\\wueste.jpg'), ('Hammer', 'Mappe', 'C:\\git\\experiments\\watkins2_part1\\wueste.jpg', 'C:\\git\\experiments\\watkins2_part1\\berg.jpg'), ('Birne', 'Goldfisch', 'C:\\git\\experiments\\watkins2_part1\\berg.jpg', 'C:\\git\\experiments\\watkins2_part1\\wueste.jpg'), ('Schnee', 'Nichte', 'C:\\git\\experiments\\watkins2_part1\\wald.jpg'), ('Geige', 'Kakao', 'C:\\git\\experiments\\watkins2_part1\\berg.jpg'), ('Auto', 'Müll', 'C:\\git\\experiments\\watkins2_part1\\wueste.jpg'), ('Staffelei', 'Dünger', 'C:\\git\\experiments\\watkins2_part1\\strand.jpg', 'C:\\git\\experiments\\watkins2_part1\\wald.jpg'), ('Mütze', 'Fernseher', 'C:\\git\\experiments\\watkins2_part1\\strand.jpg'), ('Hamster', 'Drucker', 'C:\\git\\experiments\\watkins2_part1\\wueste.jpg', 'C:\\git\\experiments\\watkins2_part1\\wald.jpg'), ('Traube', 'Limonade', 'C:\\git\\experiments\\watkins2_part1\\strand.jpg'), ('Pinsel', 'Kaninchen', 'C:\\git\\experiments\\watkins2_part1\\berg.jpg'), ('Flöte', 'Wolke', 'C:\\git\\experiments\\watkins2_part1\\berg.jpg', 'C:\\git\\experiments\\watkins2_part1\\strand.jpg'), ('Kaffee', 'Skulptur', 'C:\\git\\experiments\\watkins2_part1\\strand.jpg'), ('Boxen', 'Gitarre', 'C:\\git\\experiments\\watkins2_part1\\wald.jpg', 'C:\\git\\experiments\\watkins2_part1\\strand.jpg'), ('Laub', 'Schal', 'C:\\git\\experiments\\watkins2_part1\\wald.jpg', 'C:\\git\\experiments\\watkins2_part1\\berg.jpg'), ('Katze', 'Topf', 'C:\\git\\experiments\\watkins2_part1\\berg.jpg', 'C:\\git\\experiments\\watkins2_part1\\wald.jpg'), ('Jacke', 'Trommel', 'C:\\git\\experiments\\watkins2_part1\\wald.jpg'), ('Rasen', 'Würfel', 'C:\\git\\experiments\\watkins2_part1\\wueste.jpg', 'C:\\git\\experiments\\watkins2_part1\\strand.jpg'), ('Krümel', 'Umschlag', 'C:\\git\\experiments\\watkins2_part1\\wald.jpg'), ('Bohrer', 'Hemd', 'C:\\git\\experiments\\watkins2_part1\\strand.jpg', 'C:\\git\\experiments\\watkins2_part1\\wueste.jpg'), ('Wind', 'Bus', 'C:\\git\\experiments\\watkins2_part1\\wueste.jpg')]",478.87808959995164,478.8818771999795,486.8617003999534,486.8907754999818,486.8908202999737,486.91982889996143,486.9198868999956,None,None,,,,,54,2026-07-27_12h24.09.701,watkins2_part1,,2026.1.3,143.40988555107805,4,21,Weiblich,Muttersprache,Abitur,Anderes Studienfach,Bachelor,2026-07-27 12h24.10.557442 +0200,
8,0,8,,,,,,,8,0,8,0,486.9230678999447,,,,,,,,,,,,,,,,,,,,,,,,,,,,486.9201847999939,487.4069674999919,,,,Auto,Müll,,"['Auto', 'Müll', 'C:\\git\\experiments\\watkins2_part1\\wueste.jpg']",study_new,4,,,,,,,,,,,,486.920002400002,486.92008089995943,C:\git\experiments\watkins2_part1\wueste.jpg,"[('Matsch', 'Zange', 'C:\\git\\experiments\\watkins2_part1\\wueste.jpg'), ('Teller', 'Großvater', 'C:\\git\\experiments\\watkins2_part1\\strand.jpg', 'C:\\git\\experiments\\watkins2_part1\\berg.jpg'), ('Ball', 'Flugzeug', 'C:\\git\\experiments\\watkins2_part1\\berg.jpg'), ('Locher', 'Tasse', 'C:\\git\\experiments\\watkins2_part1\\wald.jpg', 'C:\\git\\experiments\\watkins2_part1\\wueste.jpg'), ('Hammer', 'Mappe', 'C:\\git\\experiments\\watkins2_part1\\wueste.jpg', 'C:\\git\\experiments\\watkins2_part1\\berg.jpg'), ('Birne', 'Goldfisch', 'C:\\git\\experiments\\watkins2_part1\\berg.jpg', 'C:\\git\\experiments\\watkins2_part1\\wueste.jpg'), ('Schnee', 'Nichte', 'C:\\git\\experiments\\watkins2_part1\\wald.jpg'), ('Geige', 'Kakao', 'C:\\git\\experiments\\watkins2_part1\\berg.jpg'), ('Auto', 'Müll', 'C:\\git\\experiments\\watkins2_part1\\wueste.jpg'), ('Staffelei', 'Dünger', 'C:\\git\\experiments\\watkins2_part1\\strand.jpg', 'C:\\git\\experiments\\watkins2_part1\\wald.jpg'), ('Mütze', 'Fernseher', 'C:\\git\\experiments\\watkins2_part1\\strand.jpg'), ('Hamster', 'Drucker', 'C:\\git\\experiments\\watkins2_part1\\wueste.jpg', 'C:\\git\\experiments\\watkins2_part1\\wald.jpg'), ('Traube', 'Limonade', 'C:\\git\\experiments\\watkins2_part1\\strand.jpg'), ('Pinsel', 'Kaninchen', 'C:\\git\\experiments\\watkins2_part1\\berg.jpg'), ('Flöte', 'Wolke', 'C:\\git\\experiments\\watkins2_part1\\berg.jpg', 'C:\\git\\experiments\\watkins2_part1\\strand.jpg'), ('Kaffee', 'Skulptur', 'C:\\git\\experiments\\watkins2_part1\\strand.jpg'), ('Boxen', 'Gitarre', 'C:\\git\\experiments\\watkins2_part1\\wald.jpg', 'C:\\git\\experiments\\watkins2_part1\\strand.jpg'), ('Laub', 'Schal', 'C:\\git\\experiments\\watkins2_part1\\wald.jpg', 'C:\\git\\experiments\\watkins2_part1\\berg.jpg'), ('Katze', 'Topf', 'C:\\git\\experiments\\watkins2_part1\\berg.jpg', 'C:\\git\\experiments\\watkins2_part1\\wald.jpg'), ('Jacke', 'Trommel', 'C:\\git\\experiments\\watkins2_part1\\wald.jpg'), ('Rasen', 'Würfel', 'C:\\git\\experiments\\watkins2_part1\\wueste.jpg', 'C:\\git\\experiments\\watkins2_part1\\strand.jpg'), ('Krümel', 'Umschlag', 'C:\\git\\experiments\\watkins2_part1\\wald.jpg'), ('Bohrer', 'Hemd', 'C:\\git\\experiments\\watkins2_part1\\strand.jpg', 'C:\\git\\experiments\\watkins2_part1\\wueste.jpg'), ('Wind', 'Bus', 'C:\\git\\experiments\\watkins2_part1\\wueste.jpg')]",487.4265579999774,487.4296674999641,495.42496479995316,495.4437474999577,495.4437919999473,495.46376829996007,495.46382139995694,None,None,,,,,54,2026-07-27_12h24.09.701,watkins2_part1,,2026.1.3,143.40988555107805,4,21,Weiblich,Muttersprache,Abitur,Anderes Studienfach,Bachelor,2026-07-27 12h24.10.557442 +0200,
9,0,9,Siech,0,,,,,9,0,9,0,495.4684818999958,,,,,,,,,,,,,,,,,,,,,,,,,,,,495.4641151999822,495.94815889996244,,,,Staffelei,Dünger,,"['Staffelei', 'Dünger', 'C:\\git\\experiments\\watkins2_part1\\wald.jpg']",test_diff,4,,,,,,,,,,,,495.4639339999994,495.4640141999698,C:\git\experiments\watkins2_part1\wald.jpg,"[('Matsch', 'Zange', 'C:\\git\\experiments\\watkins2_part1\\wueste.jpg'), ('Teller', 'Großvater', 'C:\\git\\experiments\\watkins2_part1\\strand.jpg', 'C:\\git\\experiments\\watkins2_part1\\berg.jpg'), ('Ball', 'Flugzeug', 'C:\\git\\experiments\\watkins2_part1\\berg.jpg'), ('Locher', 'Tasse', 'C:\\git\\experiments\\watkins2_part1\\wald.jpg', 'C:\\git\\experiments\\watkins2_part1\\wueste.jpg'), ('Hammer', 'Mappe', 'C:\\git\\experiments\\watkins2_part1\\wueste.jpg', 'C:\\git\\experiments\\watkins2_part1\\berg.jpg'), ('Birne', 'Goldfisch', 'C:\\git\\experiments\\watkins2_part1\\berg.jpg', 'C:\\git\\experiments\\watkins2_part1\\wueste.jpg'), ('Schnee', 'Nichte', 'C:\\git\\experiments\\watkins2_part1\\wald.jpg'), ('Geige', 'Kakao', 'C:\\git\\experiments\\watkins2_part1\\berg.jpg'), ('Auto', 'Müll', 'C:\\git\\experiments\\watkins2_part1\\wueste.jpg'), ('Staffelei', 'Dünger', 'C:\\git\\experiments\\watkins2_part1\\strand.jpg', 'C:\\git\\experiments\\watkins2_part1\\wald.jpg'), ('Mütze', 'Fernseher', 'C:\\git\\experiments\\watkins2_part1\\strand.jpg'), ('Hamster', 'Drucker', 'C:\\git\\experiments\\watkins2_part1\\wueste.jpg', 'C:\\git\\experiments\\watkins2_part1\\wald.jpg'), ('Traube', 'Limonade', 'C:\\git\\experiments\\watkins2_part1\\strand.jpg'), ('Pinsel', 'Kaninchen', 'C:\\git\\experiments\\watkins2_part1\\berg.jpg'), ('Flöte', 'Wolke', 'C:\\git\\experiments\\watkins2_part1\\berg.jpg', 'C:\\git\\experiments\\watkins2_part1\\strand.jpg'), ('Kaffee', 'Skulptur', 'C:\\git\\experiments\\watkins2_part1\\strand.jpg'), ('Boxen', 'Gitarre', 'C:\\git\\experiments\\watkins2_part1\\wald.jpg', 'C:\\git\\experiments\\watkins2_part1\\strand.jpg'), ('Laub', 'Schal', 'C:\\git\\experiments\\watkins2_part1\\wald.jpg', 'C:\\git\\experiments\\watkins2_part1\\berg.jpg'), ('Katze', 'Topf', 'C:\\git\\experiments\\watkins2_part1\\berg.jpg', 'C:\\git\\experiments\\watkins2_part1\\wald.jpg'), ('Jacke', 'Trommel', 'C:\\git\\experiments\\watkins2_part1\\wald.jpg'), ('Rasen', 'Würfel', 'C:\\git\\experiments\\watkins2_part1\\wueste.jpg', 'C:\\git\\experiments\\watkins2_part1\\strand.jpg'), ('Krümel', 'Umschlag', 'C:\\git\\experiments\\watkins2_part1\\wald.jpg'), ('Bohrer', 'Hemd', 'C:\\git\\experiments\\watkins2_part1\\strand.jpg', 'C:\\git\\experiments\\watkins2_part1\\wueste.jpg'), ('Wind', 'Bus', 'C:\\git\\experiments\\watkins2_part1\\wueste.jpg')]",495.9666881999583,,495.96673389995703,495.98803529998986,495.9880817999947,496.00684960000217,503.9940688999486,None,None,Siech,Siech,496.0178396999836,0,54,2026-07-27_12h24.09.701,watkins2_part1,,2026.1.3,143.40988555107805,4,21,Weiblich,Muttersprache,Abitur,Anderes Studienfach,Bachelor,2026-07-27 12h24.10.557442 +0200,
10,0,10,,,,,,,10,0,10,0,504.0008366999682,,,,,,,,,,,,,,,,,,,,,,,,,,,,503.99434719997225,504.48198009998305,,,,Mütze,Fernseher,,"['Mütze', 'Fernseher', 'C:\\git\\experiments\\watkins2_part1\\strand.jpg']",study_new,4,,,,,,,,,,,,503.9941814999911,503.9942453999538,C:\git\experiments\watkins2_part1\strand.jpg,"[('Matsch', 'Zange', 'C:\\git\\experiments\\watkins2_part1\\wueste.jpg'), ('Teller', 'Großvater', 'C:\\git\\experiments\\watkins2_part1\\strand.jpg', 'C:\\git\\experiments\\watkins2_part1\\berg.jpg'), ('Ball', 'Flugzeug', 'C:\\git\\experiments\\watkins2_part1\\berg.jpg'), ('Locher', 'Tasse', 'C:\\git\\experiments\\watkins2_part1\\wald.jpg', 'C:\\git\\experiments\\watkins2_part1\\wueste.jpg'), ('Hammer', 'Mappe', 'C:\\git\\experiments\\watkins2_part1\\wueste.jpg', 'C:\\git\\experiments\\watkins2_part1\\berg.jpg'), ('Birne', 'Goldfisch', 'C:\\git\\experiments\\watkins2_part1\\berg.jpg', 'C:\\git\\experiments\\watkins2_part1\\wueste.jpg'), ('Schnee', 'Nichte', 'C:\\git\\experiments\\watkins2_part1\\wald.jpg'), ('Geige', 'Kakao', 'C:\\git\\experiments\\watkins2_part1\\berg.jpg'), ('Auto', 'Müll', 'C:\\git\\experiments\\watkins2_part1\\wueste.jpg'), ('Staffelei', 'Dünger', 'C:\\git\\experiments\\watkins2_part1\\strand.jpg', 'C:\\git\\experiments\\watkins2_part1\\wald.jpg'), ('Mütze', 'Fernseher', 'C:\\git\\experiments\\watkins2_part1\\strand.jpg'), ('Hamster', 'Drucker', 'C:\\git\\experiments\\watkins2_part1\\wueste.jpg', 'C:\\git\\experiments\\watkins2_part1\\wald.jpg'), ('Traube', 'Limonade', 'C:\\git\\experiments\\watkins2_part1\\strand.jpg'), ('Pinsel', 'Kaninchen', 'C:\\git\\experiments\\watkins2_part1\\berg.jpg'), ('Flöte', 'Wolke', 'C:\\git\\experiments\\watkins2_part1\\berg.jpg', 'C:\\git\\experiments\\watkins2_part1\\strand.jpg'), ('Kaffee', 'Skulptur', 'C:\\git\\experiments\\watkins2_part1\\strand.jpg'), ('Boxen', 'Gitarre', 'C:\\git\\experiments\\watkins2_part1\\wald.jpg', 'C:\\git\\experiments\\watkins2_part1\\strand.jpg'), ('Laub', 'Schal', 'C:\\git\\experiments\\watkins2_part1\\wald.jpg', 'C:\\git\\experiments\\watkins2_part1\\berg.jpg'), ('Katze', 'Topf', 'C:\\git\\experiments\\watkins2_part1\\berg.jpg', 'C:\\git\\experiments\\watkins2_part1\\wald.jpg'), ('Jacke', 'Trommel', 'C:\\git\\experiments\\watkins2_part1\\wald.jpg'), ('Rasen', 'Würfel', 'C:\\git\\experiments\\watkins2_part1\\wueste.jpg', 'C:\\git\\experiments\\watkins2_part1\\strand.jpg'), ('Krümel', 'Umschlag', 'C:\\git\\experiments\\watkins2_part1\\wald.jpg'), ('Bohrer', 'Hemd', 'C:\\git\\experiments\\watkins2_part1\\strand.jpg', 'C:\\git\\experiments\\watkins2_part1\\wueste.jpg'), ('Wind', 'Bus', 'C:\\git\\experiments\\watkins2_part1\\wueste.jpg')]",504.4944507999462,504.49843969999347,512.4969345999998,512.509464099945,512.5095088999951,512.5216271999525,512.5216826999676,None,None,,,,,54,2026-07-27_12h24.09.701,watkins2_part1,,2026.1.3,143.40988555107805,4,21,Weiblich,Muttersprache,Abitur,Anderes Studienfach,Bachelor,2026-07-27 12h24.10.557442 +0200,
11,0,11,"Orange
",0,,,,,11,0,11,0,512.5250854999758,,,,,,,,,,,,,,,,,,,,,,,,,,,,512.5219820999773,513.0112291999976,,,,Hamster,Drucker,,"['Hamster', 'Drucker', 'C:\\git\\experiments\\watkins2_part1\\wald.jpg']",test_diff,4,,,,,,,,,,,,512.5217945999466,512.5218801999581,C:\git\experiments\watkins2_part1\wald.jpg,"[('Matsch', 'Zange', 'C:\\git\\experiments\\watkins2_part1\\wueste.jpg'), ('Teller', 'Großvater', 'C:\\git\\experiments\\watkins2_part1\\strand.jpg', 'C:\\git\\experiments\\watkins2_part1\\berg.jpg'), ('Ball', 'Flugzeug', 'C:\\git\\experiments\\watkins2_part1\\berg.jpg'), ('Locher', 'Tasse', 'C:\\git\\experiments\\watkins2_part1\\wald.jpg', 'C:\\git\\experiments\\watkins2_part1\\wueste.jpg'), ('Hammer', 'Mappe', 'C:\\git\\experiments\\watkins2_part1\\wueste.jpg', 'C:\\git\\experiments\\watkins2_part1\\berg.jpg'), ('Birne', 'Goldfisch', 'C:\\git\\experiments\\watkins2_part1\\berg.jpg', 'C:\\git\\experiments\\watkins2_part1\\wueste.jpg'), ('Schnee', 'Nichte', 'C:\\git\\experiments\\watkins2_part1\\wald.jpg'), ('Geige', 'Kakao', 'C:\\git\\experiments\\watkins2_part1\\berg.jpg'), ('Auto', 'Müll', 'C:\\git\\experiments\\watkins2_part1\\wueste.jpg'), ('Staffelei', 'Dünger', 'C:\\git\\experiments\\watkins2_part1\\strand.jpg', 'C:\\git\\experiments\\watkins2_part1\\wald.jpg'), ('Mütze', 'Fernseher', 'C:\\git\\experiments\\watkins2_part1\\strand.jpg'), ('Hamster', 'Drucker', 'C:\\git\\experiments\\watkins2_part1\\wueste.jpg', 'C:\\git\\experiments\\watkins2_part1\\wald.jpg'), ('Traube', 'Limonade', 'C:\\git\\experiments\\watkins2_part1\\strand.jpg'), ('Pinsel', 'Kaninchen', 'C:\\git\\experiments\\watkins2_part1\\berg.jpg'), ('Flöte', 'Wolke', 'C:\\git\\experiments\\watkins2_part1\\berg.jpg', 'C:\\git\\experiments\\watkins2_part1\\strand.jpg'), ('Kaffee', 'Skulptur', 'C:\\git\\experiments\\watkins2_part1\\strand.jpg'), ('Boxen', 'Gitarre', 'C:\\git\\experiments\\watkins2_part1\\wald.jpg', 'C:\\git\\experiments\\watkins2_part1\\strand.jpg'), ('Laub', 'Schal', 'C:\\git\\experiments\\watkins2_part1\\wald.jpg', 'C:\\git\\experiments\\watkins2_part1\\berg.jpg'), ('Katze', 'Topf', 'C:\\git\\experiments\\watkins2_part1\\berg.jpg', 'C:\\git\\experiments\\watkins2_part1\\wald.jpg'), ('Jacke', 'Trommel', 'C:\\git\\experiments\\watkins2_part1\\wald.jpg'), ('Rasen', 'Würfel', 'C:\\git\\experiments\\watkins2_part1\\wueste.jpg', 'C:\\git\\experiments\\watkins2_part1\\strand.jpg'), ('Krümel', 'Umschlag', 'C:\\git\\experiments\\watkins2_part1\\wald.jpg'), ('Bohrer', 'Hemd', 'C:\\git\\experiments\\watkins2_part1\\strand.jpg', 'C:\\git\\experiments\\watkins2_part1\\wueste.jpg'), ('Wind', 'Bus', 'C:\\git\\experiments\\watkins2_part1\\wueste.jpg')]",513.0285459999577,,513.0285916999565,513.0475780999986,513.047624699946,513.0674741999828,521.0520049999468,None,None,"Orange
","Orange
",513.0744773999904,0,54,2026-07-27_12h24.09.701,watkins2_part1,,2026.1.3,143.40988555107805,4,21,Weiblich,Muttersprache,Abitur,Anderes Studienfach,Bachelor,2026-07-27 12h24.10.557442 +0200,
12,0,12,,,,,,,12,0,12,0,521.0588157999446,,,,,,,,,,,,,,,,,,,,,,,,,,,,521.0522903999663,521.5398822999559,,,,Traube,Limonade,,"['Traube', 'Limonade', 'C:\\git\\experiments\\watkins2_part1\\strand.jpg']",study_new,4,,,,,,,,,,,,521.05212139996,521.0521881999448,C:\git\experiments\watkins2_part1\strand.jpg,"[('Matsch', 'Zange', 'C:\\git\\experiments\\watkins2_part1\\wueste.jpg'), ('Teller', 'Großvater', 'C:\\git\\experiments\\watkins2_part1\\strand.jpg', 'C:\\git\\experiments\\watkins2_part1\\berg.jpg'), ('Ball', 'Flugzeug', 'C:\\git\\experiments\\watkins2_part1\\berg.jpg'), ('Locher', 'Tasse', 'C:\\git\\experiments\\watkins2_part1\\wald.jpg', 'C:\\git\\experiments\\watkins2_part1\\wueste.jpg'), ('Hammer', 'Mappe', 'C:\\git\\experiments\\watkins2_part1\\wueste.jpg', 'C:\\git\\experiments\\watkins2_part1\\berg.jpg'), ('Birne', 'Goldfisch', 'C:\\git\\experiments\\watkins2_part1\\berg.jpg', 'C:\\git\\experiments\\watkins2_part1\\wueste.jpg'), ('Schnee', 'Nichte', 'C:\\git\\experiments\\watkins2_part1\\wald.jpg'), ('Geige', 'Kakao', 'C:\\git\\experiments\\watkins2_part1\\berg.jpg'), ('Auto', 'Müll', 'C:\\git\\experiments\\watkins2_part1\\wueste.jpg'), ('Staffelei', 'Dünger', 'C:\\git\\experiments\\watkins2_part1\\strand.jpg', 'C:\\git\\experiments\\watkins2_part1\\wald.jpg'), ('Mütze', 'Fernseher', 'C:\\git\\experiments\\watkins2_part1\\strand.jpg'), ('Hamster', 'Drucker', 'C:\\git\\experiments\\watkins2_part1\\wueste.jpg', 'C:\\git\\experiments\\watkins2_part1\\wald.jpg'), ('Traube', 'Limonade', 'C:\\git\\experiments\\watkins2_part1\\strand.jpg'), ('Pinsel', 'Kaninchen', 'C:\\git\\experiments\\watkins2_part1\\berg.jpg'), ('Flöte', 'Wolke', 'C:\\git\\experiments\\watkins2_part1\\berg.jpg', 'C:\\git\\experiments\\watkins2_part1\\strand.jpg'), ('Kaffee', 'Skulptur', 'C:\\git\\experiments\\watkins2_part1\\strand.jpg'), ('Boxen', 'Gitarre', 'C:\\git\\experiments\\watkins2_part1\\wald.jpg', 'C:\\git\\experiments\\watkins2_part1\\strand.jpg'), ('Laub', 'Schal', 'C:\\git\\experiments\\watkins2_part1\\wald.jpg', 'C:\\git\\experiments\\watkins2_part1\\berg.jpg'), ('Katze', 'Topf', 'C:\\git\\experiments\\watkins2_part1\\berg.jpg', 'C:\\git\\experiments\\watkins2_part1\\wald.jpg'), ('Jacke', 'Trommel', 'C:\\git\\experiments\\watkins2_part1\\wald.jpg'), ('Rasen', 'Würfel', 'C:\\git\\experiments\\watkins2_part1\\wueste.jpg', 'C:\\git\\experiments\\watkins2_part1\\strand.jpg'), ('Krümel', 'Umschlag', 'C:\\git\\experiments\\watkins2_part1\\wald.jpg'), ('Bohrer', 'Hemd', 'C:\\git\\experiments\\watkins2_part1\\strand.jpg', 'C:\\git\\experiments\\watkins2_part1\\wueste.jpg'), ('Wind', 'Bus', 'C:\\git\\experiments\\watkins2_part1\\wueste.jpg')]",521.5521011999808,521.5557325999835,529.5539887999767,529.566411799984,529.5664575999836,529.5803228999721,529.5803787999903,None,None,,,,,54,2026-07-27_12h24.09.701,watkins2_part1,,2026.1.3,143.40988555107805,4,21,Weiblich,Muttersprache,Abitur,Anderes Studienfach,Bachelor,2026-07-27 12h24.10.557442 +0200,
13,0,13,,,,,,,13,0,13,0,529.583467199991,,,,,,,,,,,,,,,,,,,,,,,,,,,,529.5806974999723,530.064497299958,,,,Pinsel,Kaninchen,,"['Pinsel', 'Kaninchen', 'C:\\git\\experiments\\watkins2_part1\\berg.jpg']",study_new,4,,,,,,,,,,,,529.5805055999663,529.5805956999538,C:\git\experiments\watkins2_part1\berg.jpg,"[('Matsch', 'Zange', 'C:\\git\\experiments\\watkins2_part1\\wueste.jpg'), ('Teller', 'Großvater', 'C:\\git\\experiments\\watkins2_part1\\strand.jpg', 'C:\\git\\experiments\\watkins2_part1\\berg.jpg'), ('Ball', 'Flugzeug', 'C:\\git\\experiments\\watkins2_part1\\berg.jpg'), ('Locher', 'Tasse', 'C:\\git\\experiments\\watkins2_part1\\wald.jpg', 'C:\\git\\experiments\\watkins2_part1\\wueste.jpg'), ('Hammer', 'Mappe', 'C:\\git\\experiments\\watkins2_part1\\wueste.jpg', 'C:\\git\\experiments\\watkins2_part1\\berg.jpg'), ('Birne', 'Goldfisch', 'C:\\git\\experiments\\watkins2_part1\\berg.jpg', 'C:\\git\\experiments\\watkins2_part1\\wueste.jpg'), ('Schnee', 'Nichte', 'C:\\git\\experiments\\watkins2_part1\\wald.jpg'), ('Geige', 'Kakao', 'C:\\git\\experiments\\watkins2_part1\\berg.jpg'), ('Auto', 'Müll', 'C:\\git\\experiments\\watkins2_part1\\wueste.jpg'), ('Staffelei', 'Dünger', 'C:\\git\\experiments\\watkins2_part1\\strand.jpg', 'C:\\git\\experiments\\watkins2_part1\\wald.jpg'), ('Mütze', 'Fernseher', 'C:\\git\\experiments\\watkins2_part1\\strand.jpg'), ('Hamster', 'Drucker', 'C:\\git\\experiments\\watkins2_part1\\wueste.jpg', 'C:\\git\\experiments\\watkins2_part1\\wald.jpg'), ('Traube', 'Limonade', 'C:\\git\\experiments\\watkins2_part1\\strand.jpg'), ('Pinsel', 'Kaninchen', 'C:\\git\\experiments\\watkins2_part1\\berg.jpg'), ('Flöte', 'Wolke', 'C:\\git\\experiments\\watkins2_part1\\berg.jpg', 'C:\\git\\experiments\\watkins2_part1\\strand.jpg'), ('Kaffee', 'Skulptur', 'C:\\git\\experiments\\watkins2_part1\\strand.jpg'), ('Boxen', 'Gitarre', 'C:\\git\\experiments\\watkins2_part1\\wald.jpg', 'C:\\git\\experiments\\watkins2_part1\\strand.jpg'), ('Laub', 'Schal', 'C:\\git\\experiments\\watkins2_part1\\wald.jpg', 'C:\\git\\experiments\\watkins2_part1\\berg.jpg'), ('Katze', 'Topf', 'C:\\git\\experiments\\watkins2_part1\\berg.jpg', 'C:\\git\\experiments\\watkins2_part1\\wald.jpg'), ('Jacke', 'Trommel', 'C:\\git\\experiments\\watkins2_part1\\wald.jpg'), ('Rasen', 'Würfel', 'C:\\git\\experiments\\watkins2_part1\\wueste.jpg', 'C:\\git\\experiments\\watkins2_part1\\strand.jpg'), ('Krümel', 'Umschlag', 'C:\\git\\experiments\\watkins2_part1\\wald.jpg'), ('Bohrer', 'Hemd', 'C:\\git\\experiments\\watkins2_part1\\strand.jpg', 'C:\\git\\experiments\\watkins2_part1\\wueste.jpg'), ('Wind', 'Bus', 'C:\\git\\experiments\\watkins2_part1\\wueste.jpg')]",530.0917764999904,530.0958122999873,538.0872078999528,538.1145858999807,538.1146305999719,538.1439397999784,538.143992999976,None,None,,,,,54,2026-07-27_12h24.09.701,watkins2_part1,,2026.1.3,143.40988555107805,4,21,Weiblich,Muttersprache,Abitur,Anderes Studienfach,Bachelor,2026-07-27 12h24.10.557442 +0200,
14,0,14,Mann,0,,,,,14,0,14,0,538.1472479999647,,,,,,,,,,,,,,,,,,,,,,,,,,,,538.144300999993,538.6296597999753,,,,Flöte,Wolke,,"['Flöte', 'Wolke', 'C:\\git\\experiments\\watkins2_part1\\strand.jpg']",test_diff,4,,,,,,,,,,,,538.144106999971,538.1441975999624,C:\git\experiments\watkins2_part1\strand.jpg,"[('Matsch', 'Zange', 'C:\\git\\experiments\\watkins2_part1\\wueste.jpg'), ('Teller', 'Großvater', 'C:\\git\\experiments\\watkins2_part1\\strand.jpg', 'C:\\git\\experiments\\watkins2_part1\\berg.jpg'), ('Ball', 'Flugzeug', 'C:\\git\\experiments\\watkins2_part1\\berg.jpg'), ('Locher', 'Tasse', 'C:\\git\\experiments\\watkins2_part1\\wald.jpg', 'C:\\git\\experiments\\watkins2_part1\\wueste.jpg'), ('Hammer', 'Mappe', 'C:\\git\\experiments\\watkins2_part1\\wueste.jpg', 'C:\\git\\experiments\\watkins2_part1\\berg.jpg'), ('Birne', 'Goldfisch', 'C:\\git\\experiments\\watkins2_part1\\berg.jpg', 'C:\\git\\experiments\\watkins2_part1\\wueste.jpg'), ('Schnee', 'Nichte', 'C:\\git\\experiments\\watkins2_part1\\wald.jpg'), ('Geige', 'Kakao', 'C:\\git\\experiments\\watkins2_part1\\berg.jpg'), ('Auto', 'Müll', 'C:\\git\\experiments\\watkins2_part1\\wueste.jpg'), ('Staffelei', 'Dünger', 'C:\\git\\experiments\\watkins2_part1\\strand.jpg', 'C:\\git\\experiments\\watkins2_part1\\wald.jpg'), ('Mütze', 'Fernseher', 'C:\\git\\experiments\\watkins2_part1\\strand.jpg'), ('Hamster', 'Drucker', 'C:\\git\\experiments\\watkins2_part1\\wueste.jpg', 'C:\\git\\experiments\\watkins2_part1\\wald.jpg'), ('Traube', 'Limonade', 'C:\\git\\experiments\\watkins2_part1\\strand.jpg'), ('Pinsel', 'Kaninchen', 'C:\\git\\experiments\\watkins2_part1\\berg.jpg'), ('Flöte', 'Wolke', 'C:\\git\\experiments\\watkins2_part1\\berg.jpg', 'C:\\git\\experiments\\watkins2_part1\\strand.jpg'), ('Kaffee', 'Skulptur', 'C:\\git\\experiments\\watkins2_part1\\strand.jpg'), ('Boxen', 'Gitarre', 'C:\\git\\experiments\\watkins2_part1\\wald.jpg', 'C:\\git\\experiments\\watkins2_part1\\strand.jpg'), ('Laub', 'Schal', 'C:\\git\\experiments\\watkins2_part1\\wald.jpg', 'C:\\git\\experiments\\watkins2_part1\\berg.jpg'), ('Katze', 'Topf', 'C:\\git\\experiments\\watkins2_part1\\berg.jpg', 'C:\\git\\experiments\\watkins2_part1\\wald.jpg'), ('Jacke', 'Trommel', 'C:\\git\\experiments\\watkins2_part1\\wald.jpg'), ('Rasen', 'Würfel', 'C:\\git\\experiments\\watkins2_part1\\wueste.jpg', 'C:\\git\\experiments\\watkins2_part1\\strand.jpg'), ('Krümel', 'Umschlag', 'C:\\git\\experiments\\watkins2_part1\\wald.jpg'), ('Bohrer', 'Hemd', 'C:\\git\\experiments\\watkins2_part1\\strand.jpg', 'C:\\git\\experiments\\watkins2_part1\\wueste.jpg'), ('Wind', 'Bus', 'C:\\git\\experiments\\watkins2_part1\\wueste.jpg')]",538.642253799946,,538.6422983999946,538.6562731000013,538.6563186999992,538.6692839000025,546.6582425999804,None,None,Mann,Mann,538.6765194999753,0,54,2026-07-27_12h24.09.701,watkins2_part1,,2026.1.3,143.40988555107805,4,21,Weiblich,Muttersprache,Abitur,Anderes Studienfach,Bachelor,2026-07-27 12h24.10.557442 +0200,
15,0,15,,,,,,,15,0,15,0,546.6650468999869,,,,,,,,,,,,,,,,,,,,,,,,,,,,546.6585290999501,547.1464493999956,,,,Kaffee,Skulptur,,"['Kaffee', 'Skulptur', 'C:\\git\\experiments\\watkins2_part1\\strand.jpg']",study_new,4,,,,,,,,,,,,546.658357999986,546.6584264999838,C:\git\experiments\watkins2_part1\strand.jpg,"[('Matsch', 'Zange', 'C:\\git\\experiments\\watkins2_part1\\wueste.jpg'), ('Teller', 'Großvater', 'C:\\git\\experiments\\watkins2_part1\\strand.jpg', 'C:\\git\\experiments\\watkins2_part1\\berg.jpg'), ('Ball', 'Flugzeug', 'C:\\git\\experiments\\watkins2_part1\\berg.jpg'), ('Locher', 'Tasse', 'C:\\git\\experiments\\watkins2_part1\\wald.jpg', 'C:\\git\\experiments\\watkins2_part1\\wueste.jpg'), ('Hammer', 'Mappe', 'C:\\git\\experiments\\watkins2_part1\\wueste.jpg', 'C:\\git\\experiments\\watkins2_part1\\berg.jpg'), ('Birne', 'Goldfisch', 'C:\\git\\experiments\\watkins2_part1\\berg.jpg', 'C:\\git\\experiments\\watkins2_part1\\wueste.jpg'), ('Schnee', 'Nichte', 'C:\\git\\experiments\\watkins2_part1\\wald.jpg'), ('Geige', 'Kakao', 'C:\\git\\experiments\\watkins2_part1\\berg.jpg'), ('Auto', 'Müll', 'C:\\git\\experiments\\watkins2_part1\\wueste.jpg'), ('Staffelei', 'Dünger', 'C:\\git\\experiments\\watkins2_part1\\strand.jpg', 'C:\\git\\experiments\\watkins2_part1\\wald.jpg'), ('Mütze', 'Fernseher', 'C:\\git\\experiments\\watkins2_part1\\strand.jpg'), ('Hamster', 'Drucker', 'C:\\git\\experiments\\watkins2_part1\\wueste.jpg', 'C:\\git\\experiments\\watkins2_part1\\wald.jpg'), ('Traube', 'Limonade', 'C:\\git\\experiments\\watkins2_part1\\strand.jpg'), ('Pinsel', 'Kaninchen', 'C:\\git\\experiments\\watkins2_part1\\berg.jpg'), ('Flöte', 'Wolke', 'C:\\git\\experiments\\watkins2_part1\\berg.jpg', 'C:\\git\\experiments\\watkins2_part1\\strand.jpg'), ('Kaffee', 'Skulptur', 'C:\\git\\experiments\\watkins2_part1\\strand.jpg'), ('Boxen', 'Gitarre', 'C:\\git\\experiments\\watkins2_part1\\wald.jpg', 'C:\\git\\experiments\\watkins2_part1\\strand.jpg'), ('Laub', 'Schal', 'C:\\git\\experiments\\watkins2_part1\\wald.jpg', 'C:\\git\\experiments\\watkins2_part1\\berg.jpg'), ('Katze', 'Topf', 'C:\\git\\experiments\\watkins2_part1\\berg.jpg', 'C:\\git\\experiments\\watkins2_part1\\wald.jpg'), ('Jacke', 'Trommel', 'C:\\git\\experiments\\watkins2_part1\\wald.jpg'), ('Rasen', 'Würfel', 'C:\\git\\experiments\\watkins2_part1\\wueste.jpg', 'C:\\git\\experiments\\watkins2_part1\\strand.jpg'), ('Krümel', 'Umschlag', 'C:\\git\\experiments\\watkins2_part1\\wald.jpg'), ('Bohrer', 'Hemd', 'C:\\git\\experiments\\watkins2_part1\\strand.jpg', 'C:\\git\\experiments\\watkins2_part1\\wueste.jpg'), ('Wind', 'Bus', 'C:\\git\\experiments\\watkins2_part1\\wueste.jpg')]",547.1580264999648,547.1639835999813,555.1599294999614,555.1714197999681,555.1714642999577,555.1820211999584,555.1820763999713,None,None,,,,,54,2026-07-27_12h24.09.701,watkins2_part1,,2026.1.3,143.40988555107805,4,21,Weiblich,Muttersprache,Abitur,Anderes Studienfach,Bachelor,2026-07-27 12h24.10.557442 +0200,
16,0,16,O,0,,,,,16,0,16,0,555.1877674999996,,,,,,,,,,,,,,,,,,,,,,,,,,,,555.1823867999483,555.667223699973,,,,Boxen,Gitarre,,"['Boxen', 'Gitarre', 'C:\\git\\experiments\\watkins2_part1\\strand.jpg']",test_diff,4,,,,,,,,,,,,555.1821905999677,555.182284599985,C:\git\experiments\watkins2_part1\strand.jpg,"[('Matsch', 'Zange', 'C:\\git\\experiments\\watkins2_part1\\wueste.jpg'), ('Teller', 'Großvater', 'C:\\git\\experiments\\watkins2_part1\\strand.jpg', 'C:\\git\\experiments\\watkins2_part1\\berg.jpg'), ('Ball', 'Flugzeug', 'C:\\git\\experiments\\watkins2_part1\\berg.jpg'), ('Locher', 'Tasse', 'C:\\git\\experiments\\watkins2_part1\\wald.jpg', 'C:\\git\\experiments\\watkins2_part1\\wueste.jpg'), ('Hammer', 'Mappe', 'C:\\git\\experiments\\watkins2_part1\\wueste.jpg', 'C:\\git\\experiments\\watkins2_part1\\berg.jpg'), ('Birne', 'Goldfisch', 'C:\\git\\experiments\\watkins2_part1\\berg.jpg', 'C:\\git\\experiments\\watkins2_part1\\wueste.jpg'), ('Schnee', 'Nichte', 'C:\\git\\experiments\\watkins2_part1\\wald.jpg'), ('Geige', 'Kakao', 'C:\\git\\experiments\\watkins2_part1\\berg.jpg'), ('Auto', 'Müll', 'C:\\git\\experiments\\watkins2_part1\\wueste.jpg'), ('Staffelei', 'Dünger', 'C:\\git\\experiments\\watkins2_part1\\strand.jpg', 'C:\\git\\experiments\\watkins2_part1\\wald.jpg'), ('Mütze', 'Fernseher', 'C:\\git\\experiments\\watkins2_part1\\strand.jpg'), ('Hamster', 'Drucker', 'C:\\git\\experiments\\watkins2_part1\\wueste.jpg', 'C:\\git\\experiments\\watkins2_part1\\wald.jpg'), ('Traube', 'Limonade', 'C:\\git\\experiments\\watkins2_part1\\strand.jpg'), ('Pinsel', 'Kaninchen', 'C:\\git\\experiments\\watkins2_part1\\berg.jpg'), ('Flöte', 'Wolke', 'C:\\git\\experiments\\watkins2_part1\\berg.jpg', 'C:\\git\\experiments\\watkins2_part1\\strand.jpg'), ('Kaffee', 'Skulptur', 'C:\\git\\experiments\\watkins2_part1\\strand.jpg'), ('Boxen', 'Gitarre', 'C:\\git\\experiments\\watkins2_part1\\wald.jpg', 'C:\\git\\experiments\\watkins2_part1\\strand.jpg'), ('Laub', 'Schal', 'C:\\git\\experiments\\watkins2_part1\\wald.jpg', 'C:\\git\\experiments\\watkins2_part1\\berg.jpg'), ('Katze', 'Topf', 'C:\\git\\experiments\\watkins2_part1\\berg.jpg', 'C:\\git\\experiments\\watkins2_part1\\wald.jpg'), ('Jacke', 'Trommel', 'C:\\git\\experiments\\watkins2_part1\\wald.jpg'), ('Rasen', 'Würfel', 'C:\\git\\experiments\\watkins2_part1\\wueste.jpg', 'C:\\git\\experiments\\watkins2_part1\\strand.jpg'), ('Krümel', 'Umschlag', 'C:\\git\\experiments\\watkins2_part1\\wald.jpg'), ('Bohrer', 'Hemd', 'C:\\git\\experiments\\watkins2_part1\\strand.jpg', 'C:\\git\\experiments\\watkins2_part1\\wueste.jpg'), ('Wind', 'Bus', 'C:\\git\\experiments\\watkins2_part1\\wueste.jpg')]",555.678749899962,,555.6787935999455,555.6904148999602,555.6904633999802,555.7010184999672,563.6938357999898,None,None,O,O,555.7105320999981,0,54,2026-07-27_12h24.09.701,watkins2_part1,,2026.1.3,143.40988555107805,4,21,Weiblich,Muttersprache,Abitur,Anderes Studienfach,Bachelor,2026-07-27 12h24.10.557442 +0200,
17,0,17,Schal,1,,,,,17,0,17,0,563.7006321999943,,,,,,,,,,,,,,,,,,,,,,,,,,,,563.6941195999971,564.1825018999516,,,,Laub,Schal,,"['Laub', 'Schal', 'C:\\git\\experiments\\watkins2_part1\\berg.jpg']",test_diff,4,,,,,,,,,,,,563.6939490999794,563.6940179999801,C:\git\experiments\watkins2_part1\berg.jpg,"[('Matsch', 'Zange', 'C:\\git\\experiments\\watkins2_part1\\wueste.jpg'), ('Teller', 'Großvater', 'C:\\git\\experiments\\watkins2_part1\\strand.jpg', 'C:\\git\\experiments\\watkins2_part1\\berg.jpg'), ('Ball', 'Flugzeug', 'C:\\git\\experiments\\watkins2_part1\\berg.jpg'), ('Locher', 'Tasse', 'C:\\git\\experiments\\watkins2_part1\\wald.jpg', 'C:\\git\\experiments\\watkins2_part1\\wueste.jpg'), ('Hammer', 'Mappe', 'C:\\git\\experiments\\watkins2_part1\\wueste.jpg', 'C:\\git\\experiments\\watkins2_part1\\berg.jpg'), ('Birne', 'Goldfisch', 'C:\\git\\experiments\\watkins2_part1\\berg.jpg', 'C:\\git\\experiments\\watkins2_part1\\wueste.jpg'), ('Schnee', 'Nichte', 'C:\\git\\experiments\\watkins2_part1\\wald.jpg'), ('Geige', 'Kakao', 'C:\\git\\experiments\\watkins2_part1\\berg.jpg'), ('Auto', 'Müll', 'C:\\git\\experiments\\watkins2_part1\\wueste.jpg'), ('Staffelei', 'Dünger', 'C:\\git\\experiments\\watkins2_part1\\strand.jpg', 'C:\\git\\experiments\\watkins2_part1\\wald.jpg'), ('Mütze', 'Fernseher', 'C:\\git\\experiments\\watkins2_part1\\strand.jpg'), ('Hamster', 'Drucker', 'C:\\git\\experiments\\watkins2_part1\\wueste.jpg', 'C:\\git\\experiments\\watkins2_part1\\wald.jpg'), ('Traube', 'Limonade', 'C:\\git\\experiments\\watkins2_part1\\strand.jpg'), ('Pinsel', 'Kaninchen', 'C:\\git\\experiments\\watkins2_part1\\berg.jpg'), ('Flöte', 'Wolke', 'C:\\git\\experiments\\watkins2_part1\\berg.jpg', 'C:\\git\\experiments\\watkins2_part1\\strand.jpg'), ('Kaffee', 'Skulptur', 'C:\\git\\experiments\\watkins2_part1\\strand.jpg'), ('Boxen', 'Gitarre', 'C:\\git\\experiments\\watkins2_part1\\wald.jpg', 'C:\\git\\experiments\\watkins2_part1\\strand.jpg'), ('Laub', 'Schal', 'C:\\git\\experiments\\watkins2_part1\\wald.jpg', 'C:\\git\\experiments\\watkins2_part1\\berg.jpg'), ('Katze', 'Topf', 'C:\\git\\experiments\\watkins2_part1\\berg.jpg', 'C:\\git\\experiments\\watkins2_part1\\wald.jpg'), ('Jacke', 'Trommel', 'C:\\git\\experiments\\watkins2_part1\\wald.jpg'), ('Rasen', 'Würfel', 'C:\\git\\experiments\\watkins2_part1\\wueste.jpg', 'C:\\git\\experiments\\watkins2_part1\\strand.jpg'), ('Krümel', 'Umschlag', 'C:\\git\\experiments\\watkins2_part1\\wald.jpg'), ('Bohrer', 'Hemd', 'C:\\git\\experiments\\watkins2_part1\\strand.jpg', 'C:\\git\\experiments\\watkins2_part1\\wueste.jpg'), ('Wind', 'Bus', 'C:\\git\\experiments\\watkins2_part1\\wueste.jpg')]",564.2091415999457,,564.2091865999973,564.2408805000014,564.2409257999971,564.269290999975,572.2415008999524,None,None,Schal,Schal,564.2789298999705,1,54,2026-07-27_12h24.09.701,watkins2_part1,,2026.1.3,143.40988555107805,4,21,Weiblich,Muttersprache,Abitur,Anderes Studienfach,Bachelor,2026-07-27 12h24.10.557442 +0200,
18,0,18,Flöte,0,,,,,18,0,18,0,572.2483048999566,,,,,,,,,,,,,,,,,,,,,,,,,,,,572.241789199994,572.7293036999763,,,,Katze,Topf,,"['Katze', 'Topf', 'C:\\git\\experiments\\watkins2_part1\\wald.jpg']",test_diff,4,,,,,,,,,,,,572.2416151999496,572.2416869999724,C:\git\experiments\watkins2_part1\wald.jpg,"[('Matsch', 'Zange', 'C:\\git\\experiments\\watkins2_part1\\wueste.jpg'), ('Teller', 'Großvater', 'C:\\git\\experiments\\watkins2_part1\\strand.jpg', 'C:\\git\\experiments\\watkins2_part1\\berg.jpg'), ('Ball', 'Flugzeug', 'C:\\git\\experiments\\watkins2_part1\\berg.jpg'), ('Locher', 'Tasse', 'C:\\git\\experiments\\watkins2_part1\\wald.jpg', 'C:\\git\\experiments\\watkins2_part1\\wueste.jpg'), ('Hammer', 'Mappe', 'C:\\git\\experiments\\watkins2_part1\\wueste.jpg', 'C:\\git\\experiments\\watkins2_part1\\berg.jpg'), ('Birne', 'Goldfisch', 'C:\\git\\experiments\\watkins2_part1\\berg.jpg', 'C:\\git\\experiments\\watkins2_part1\\wueste.jpg'), ('Schnee', 'Nichte', 'C:\\git\\experiments\\watkins2_part1\\wald.jpg'), ('Geige', 'Kakao', 'C:\\git\\experiments\\watkins2_part1\\berg.jpg'), ('Auto', 'Müll', 'C:\\git\\experiments\\watkins2_part1\\wueste.jpg'), ('Staffelei', 'Dünger', 'C:\\git\\experiments\\watkins2_part1\\strand.jpg', 'C:\\git\\experiments\\watkins2_part1\\wald.jpg'), ('Mütze', 'Fernseher', 'C:\\git\\experiments\\watkins2_part1\\strand.jpg'), ('Hamster', 'Drucker', 'C:\\git\\experiments\\watkins2_part1\\wueste.jpg', 'C:\\git\\experiments\\watkins2_part1\\wald.jpg'), ('Traube', 'Limonade', 'C:\\git\\experiments\\watkins2_part1\\strand.jpg'), ('Pinsel', 'Kaninchen', 'C:\\git\\experiments\\watkins2_part1\\berg.jpg'), ('Flöte', 'Wolke', 'C:\\git\\experiments\\watkins2_part1\\berg.jpg', 'C:\\git\\experiments\\watkins2_part1\\strand.jpg'), ('Kaffee', 'Skulptur', 'C:\\git\\experiments\\watkins2_part1\\strand.jpg'), ('Boxen', 'Gitarre', 'C:\\git\\experiments\\watkins2_part1\\wald.jpg', 'C:\\git\\experiments\\watkins2_part1\\strand.jpg'), ('Laub', 'Schal', 'C:\\git\\experiments\\watkins2_part1\\wald.jpg', 'C:\\git\\experiments\\watkins2_part1\\berg.jpg'), ('Katze', 'Topf', 'C:\\git\\experiments\\watkins2_part1\\berg.jpg', 'C:\\git\\experiments\\watkins2_part1\\wald.jpg'), ('Jacke', 'Trommel', 'C:\\git\\experiments\\watkins2_part1\\wald.jpg'), ('Rasen', 'Würfel', 'C:\\git\\experiments\\watkins2_part1\\wueste.jpg', 'C:\\git\\experiments\\watkins2_part1\\strand.jpg'), ('Krümel', 'Umschlag', 'C:\\git\\experiments\\watkins2_part1\\wald.jpg'), ('Bohrer', 'Hemd', 'C:\\git\\experiments\\watkins2_part1\\strand.jpg', 'C:\\git\\experiments\\watkins2_part1\\wueste.jpg'), ('Wind', 'Bus', 'C:\\git\\experiments\\watkins2_part1\\wueste.jpg')]",572.7488684999989,,572.7489129999885,572.7679790999973,572.7680249999976,572.7874181999941,580.774349299958,None,None,Flöte,Flöte,572.795499699947,0,54,2026-07-27_12h24.09.701,watkins2_part1,,2026.1.3,143.40988555107805,4,21,Weiblich,Muttersprache,Abitur,Anderes Studienfach,Bachelor,2026-07-27 12h24.10.557442 +0200,
19,0,19,,,,,,,19,0,19,0,580.7811323999777,,,,,,,,,,,,,,,,,,,,,,,,,,,,580.7746422999771,581.2622135999845,,,,Jacke,Trommel,,"['Jacke', 'Trommel', 'C:\\git\\experiments\\watkins2_part1\\wald.jpg']",study_new,4,,,,,,,,,,,,580.7744651999674,580.7745416999678,C:\git\experiments\watkins2_part1\wald.jpg,"[('Matsch', 'Zange', 'C:\\git\\experiments\\watkins2_part1\\wueste.jpg'), ('Teller', 'Großvater', 'C:\\git\\experiments\\watkins2_part1\\strand.jpg', 'C:\\git\\experiments\\watkins2_part1\\berg.jpg'), ('Ball', 'Flugzeug', 'C:\\git\\experiments\\watkins2_part1\\berg.jpg'), ('Locher', 'Tasse', 'C:\\git\\experiments\\watkins2_part1\\wald.jpg', 'C:\\git\\experiments\\watkins2_part1\\wueste.jpg'), ('Hammer', 'Mappe', 'C:\\git\\experiments\\watkins2_part1\\wueste.jpg', 'C:\\git\\experiments\\watkins2_part1\\berg.jpg'), ('Birne', 'Goldfisch', 'C:\\git\\experiments\\watkins2_part1\\berg.jpg', 'C:\\git\\experiments\\watkins2_part1\\wueste.jpg'), ('Schnee', 'Nichte', 'C:\\git\\experiments\\watkins2_part1\\wald.jpg'), ('Geige', 'Kakao', 'C:\\git\\experiments\\watkins2_part1\\berg.jpg'), ('Auto', 'Müll', 'C:\\git\\experiments\\watkins2_part1\\wueste.jpg'), ('Staffelei', 'Dünger', 'C:\\git\\experiments\\watkins2_part1\\strand.jpg', 'C:\\git\\experiments\\watkins2_part1\\wald.jpg'), ('Mütze', 'Fernseher', 'C:\\git\\experiments\\watkins2_part1\\strand.jpg'), ('Hamster', 'Drucker', 'C:\\git\\experiments\\watkins2_part1\\wueste.jpg', 'C:\\git\\experiments\\watkins2_part1\\wald.jpg'), ('Traube', 'Limonade', 'C:\\git\\experiments\\watkins2_part1\\strand.jpg'), ('Pinsel', 'Kaninchen', 'C:\\git\\experiments\\watkins2_part1\\berg.jpg'), ('Flöte', 'Wolke', 'C:\\git\\experiments\\watkins2_part1\\berg.jpg', 'C:\\git\\experiments\\watkins2_part1\\strand.jpg'), ('Kaffee', 'Skulptur', 'C:\\git\\experiments\\watkins2_part1\\strand.jpg'), ('Boxen', 'Gitarre', 'C:\\git\\experiments\\watkins2_part1\\wald.jpg', 'C:\\git\\experiments\\watkins2_part1\\strand.jpg'), ('Laub', 'Schal', 'C:\\git\\experiments\\watkins2_part1\\wald.jpg', 'C:\\git\\experiments\\watkins2_part1\\berg.jpg'), ('Katze', 'Topf', 'C:\\git\\experiments\\watkins2_part1\\berg.jpg', 'C:\\git\\experiments\\watkins2_part1\\wald.jpg'), ('Jacke', 'Trommel', 'C:\\git\\experiments\\watkins2_part1\\wald.jpg'), ('Rasen', 'Würfel', 'C:\\git\\experiments\\watkins2_part1\\wueste.jpg', 'C:\\git\\experiments\\watkins2_part1\\strand.jpg'), ('Krümel', 'Umschlag', 'C:\\git\\experiments\\watkins2_part1\\wald.jpg'), ('Bohrer', 'Hemd', 'C:\\git\\experiments\\watkins2_part1\\strand.jpg', 'C:\\git\\experiments\\watkins2_part1\\wueste.jpg'), ('Wind', 'Bus', 'C:\\git\\experiments\\watkins2_part1\\wueste.jpg')]",581.2800090999808,581.2839785999968,589.2752716999967,589.292290399957,589.2923360999557,589.30903819995,589.3090937999659,None,None,,,,,54,2026-07-27_12h24.09.701,watkins2_part1,,2026.1.3,143.40988555107805,4,21,Weiblich,Muttersprache,Abitur,Anderes Studienfach,Bachelor,2026-07-27 12h24.10.557442 +0200,
20,0,20,,0,,,,,20,0,20,0,589.3128060000017,,,,,,,,,,,,,,,,,,,,,,,,,,,,589.3094162999769,589.7944992999546,,,,Rasen,Würfel,,"['Rasen', 'Würfel', 'C:\\git\\experiments\\watkins2_part1\\strand.jpg']",test_diff,4,,,,,,,,,,,,589.3092100999784,589.3093147999607,C:\git\experiments\watkins2_part1\strand.jpg,"[('Matsch', 'Zange', 'C:\\git\\experiments\\watkins2_part1\\wueste.jpg'), ('Teller', 'Großvater', 'C:\\git\\experiments\\watkins2_part1\\strand.jpg', 'C:\\git\\experiments\\watkins2_part1\\berg.jpg'), ('Ball', 'Flugzeug', 'C:\\git\\experiments\\watkins2_part1\\berg.jpg'), ('Locher', 'Tasse', 'C:\\git\\experiments\\watkins2_part1\\wald.jpg', 'C:\\git\\experiments\\watkins2_part1\\wueste.jpg'), ('Hammer', 'Mappe', 'C:\\git\\experiments\\watkins2_part1\\wueste.jpg', 'C:\\git\\experiments\\watkins2_part1\\berg.jpg'), ('Birne', 'Goldfisch', 'C:\\git\\experiments\\watkins2_part1\\berg.jpg', 'C:\\git\\experiments\\watkins2_part1\\wueste.jpg'), ('Schnee', 'Nichte', 'C:\\git\\experiments\\watkins2_part1\\wald.jpg'), ('Geige', 'Kakao', 'C:\\git\\experiments\\watkins2_part1\\berg.jpg'), ('Auto', 'Müll', 'C:\\git\\experiments\\watkins2_part1\\wueste.jpg'), ('Staffelei', 'Dünger', 'C:\\git\\experiments\\watkins2_part1\\strand.jpg', 'C:\\git\\experiments\\watkins2_part1\\wald.jpg'), ('Mütze', 'Fernseher', 'C:\\git\\experiments\\watkins2_part1\\strand.jpg'), ('Hamster', 'Drucker', 'C:\\git\\experiments\\watkins2_part1\\wueste.jpg', 'C:\\git\\experiments\\watkins2_part1\\wald.jpg'), ('Traube', 'Limonade', 'C:\\git\\experiments\\watkins2_part1\\strand.jpg'), ('Pinsel', 'Kaninchen', 'C:\\git\\experiments\\watkins2_part1\\berg.jpg'), ('Flöte', 'Wolke', 'C:\\git\\experiments\\watkins2_part1\\berg.jpg', 'C:\\git\\experiments\\watkins2_part1\\strand.jpg'), ('Kaffee', 'Skulptur', 'C:\\git\\experiments\\watkins2_part1\\strand.jpg'), ('Boxen', 'Gitarre', 'C:\\git\\experiments\\watkins2_part1\\wald.jpg', 'C:\\git\\experiments\\watkins2_part1\\strand.jpg'), ('Laub', 'Schal', 'C:\\git\\experiments\\watkins2_part1\\wald.jpg', 'C:\\git\\experiments\\watkins2_part1\\berg.jpg'), ('Katze', 'Topf', 'C:\\git\\experiments\\watkins2_part1\\berg.jpg', 'C:\\git\\experiments\\watkins2_part1\\wald.jpg'), ('Jacke', 'Trommel', 'C:\\git\\experiments\\watkins2_part1\\wald.jpg'), ('Rasen', 'Würfel', 'C:\\git\\experiments\\watkins2_part1\\wueste.jpg', 'C:\\git\\experiments\\watkins2_part1\\strand.jpg'), ('Krümel', 'Umschlag', 'C:\\git\\experiments\\watkins2_part1\\wald.jpg'), ('Bohrer', 'Hemd', 'C:\\git\\experiments\\watkins2_part1\\strand.jpg', 'C:\\git\\experiments\\watkins2_part1\\wueste.jpg'), ('Wind', 'Bus', 'C:\\git\\experiments\\watkins2_part1\\wueste.jpg')]",589.8070333999931,,589.807078599988,589.8214960999903,589.8215416999883,589.8355005999911,597.8273509999854,None,None,,,589.8455631999532,0,54,2026-07-27_12h24.09.701,watkins2_part1,,2026.1.3,143.40988555107805,4,21,Weiblich,Muttersprache,Abitur,Anderes Studienfach,Bachelor,2026-07-27 12h24.10.557442 +0200,
21,0,21,,,,,,,21,0,21,0,597.8341403999948,,,,,,,,,,,,,,,,,,,,,,,,,,,,597.8276408999809,598.315409199975,,,,Krümel,Umschlag,,"['Krümel', 'Umschlag', 'C:\\git\\experiments\\watkins2_part1\\wald.jpg']",study_new,4,,,,,,,,,,,,597.827465099981,597.8275402999716,C:\git\experiments\watkins2_part1\wald.jpg,"[('Matsch', 'Zange', 'C:\\git\\experiments\\watkins2_part1\\wueste.jpg'), ('Teller', 'Großvater', 'C:\\git\\experiments\\watkins2_part1\\strand.jpg', 'C:\\git\\experiments\\watkins2_part1\\berg.jpg'), ('Ball', 'Flugzeug', 'C:\\git\\experiments\\watkins2_part1\\berg.jpg'), ('Locher', 'Tasse', 'C:\\git\\experiments\\watkins2_part1\\wald.jpg', 'C:\\git\\experiments\\watkins2_part1\\wueste.jpg'), ('Hammer', 'Mappe', 'C:\\git\\experiments\\watkins2_part1\\wueste.jpg', 'C:\\git\\experiments\\watkins2_part1\\berg.jpg'), ('Birne', 'Goldfisch', 'C:\\git\\experiments\\watkins2_part1\\berg.jpg', 'C:\\git\\experiments\\watkins2_part1\\wueste.jpg'), ('Schnee', 'Nichte', 'C:\\git\\experiments\\watkins2_part1\\wald.jpg'), ('Geige', 'Kakao', 'C:\\git\\experiments\\watkins2_part1\\berg.jpg'), ('Auto', 'Müll', 'C:\\git\\experiments\\watkins2_part1\\wueste.jpg'), ('Staffelei', 'Dünger', 'C:\\git\\experiments\\watkins2_part1\\strand.jpg', 'C:\\git\\experiments\\watkins2_part1\\wald.jpg'), ('Mütze', 'Fernseher', 'C:\\git\\experiments\\watkins2_part1\\strand.jpg'), ('Hamster', 'Drucker', 'C:\\git\\experiments\\watkins2_part1\\wueste.jpg', 'C:\\git\\experiments\\watkins2_part1\\wald.jpg'), ('Traube', 'Limonade', 'C:\\git\\experiments\\watkins2_part1\\strand.jpg'), ('Pinsel', 'Kaninchen', 'C:\\git\\experiments\\watkins2_part1\\berg.jpg'), ('Flöte', 'Wolke', 'C:\\git\\experiments\\watkins2_part1\\berg.jpg', 'C:\\git\\experiments\\watkins2_part1\\strand.jpg'), ('Kaffee', 'Skulptur', 'C:\\git\\experiments\\watkins2_part1\\strand.jpg'), ('Boxen', 'Gitarre', 'C:\\git\\experiments\\watkins2_part1\\wald.jpg', 'C:\\git\\experiments\\watkins2_part1\\strand.jpg'), ('Laub', 'Schal', 'C:\\git\\experiments\\watkins2_part1\\wald.jpg', 'C:\\git\\experiments\\watkins2_part1\\berg.jpg'), ('Katze', 'Topf', 'C:\\git\\experiments\\watkins2_part1\\berg.jpg', 'C:\\git\\experiments\\watkins2_part1\\wald.jpg'), ('Jacke', 'Trommel', 'C:\\git\\experiments\\watkins2_part1\\wald.jpg'), ('Rasen', 'Würfel', 'C:\\git\\experiments\\watkins2_part1\\wueste.jpg', 'C:\\git\\experiments\\watkins2_part1\\strand.jpg'), ('Krümel', 'Umschlag', 'C:\\git\\experiments\\watkins2_part1\\wald.jpg'), ('Bohrer', 'Hemd', 'C:\\git\\experiments\\watkins2_part1\\strand.jpg', 'C:\\git\\experiments\\watkins2_part1\\wueste.jpg'), ('Wind', 'Bus', 'C:\\git\\experiments\\watkins2_part1\\wueste.jpg')]",598.3350836999598,598.3395713999635,606.3290979999583,606.3468747999868,606.346921599994,606.3666768999537,606.3667337999796,None,None,,,,,54,2026-07-27_12h24.09.701,watkins2_part1,,2026.1.3,143.40988555107805,4,21,Weiblich,Muttersprache,Abitur,Anderes Studienfach,Bachelor,2026-07-27 12h24.10.557442 +0200,
22,0,22,Mappe,0,,,,,22,0,22,0,606.3713287999853,,,,,,,,,,,,,,,,,,,,,,,,,,,,606.3670541999745,606.8497054999461,,,,Bohrer,Hemd,,"['Bohrer', 'Hemd', 'C:\\git\\experiments\\watkins2_part1\\wueste.jpg']",test_diff,4,,,,,,,,,,,,606.3668484999798,606.3669529999606,C:\git\experiments\watkins2_part1\wueste.jpg,"[('Matsch', 'Zange', 'C:\\git\\experiments\\watkins2_part1\\wueste.jpg'), ('Teller', 'Großvater', 'C:\\git\\experiments\\watkins2_part1\\strand.jpg', 'C:\\git\\experiments\\watkins2_part1\\berg.jpg'), ('Ball', 'Flugzeug', 'C:\\git\\experiments\\watkins2_part1\\berg.jpg'), ('Locher', 'Tasse', 'C:\\git\\experiments\\watkins2_part1\\wald.jpg', 'C:\\git\\experiments\\watkins2_part1\\wueste.jpg'), ('Hammer', 'Mappe', 'C:\\git\\experiments\\watkins2_part1\\wueste.jpg', 'C:\\git\\experiments\\watkins2_part1\\berg.jpg'), ('Birne', 'Goldfisch', 'C:\\git\\experiments\\watkins2_part1\\berg.jpg', 'C:\\git\\experiments\\watkins2_part1\\wueste.jpg'), ('Schnee', 'Nichte', 'C:\\git\\experiments\\watkins2_part1\\wald.jpg'), ('Geige', 'Kakao', 'C:\\git\\experiments\\watkins2_part1\\berg.jpg'), ('Auto', 'Müll', 'C:\\git\\experiments\\watkins2_part1\\wueste.jpg'), ('Staffelei', 'Dünger', 'C:\\git\\experiments\\watkins2_part1\\strand.jpg', 'C:\\git\\experiments\\watkins2_part1\\wald.jpg'), ('Mütze', 'Fernseher', 'C:\\git\\experiments\\watkins2_part1\\strand.jpg'), ('Hamster', 'Drucker', 'C:\\git\\experiments\\watkins2_part1\\wueste.jpg', 'C:\\git\\experiments\\watkins2_part1\\wald.jpg'), ('Traube', 'Limonade', 'C:\\git\\experiments\\watkins2_part1\\strand.jpg'), ('Pinsel', 'Kaninchen', 'C:\\git\\experiments\\watkins2_part1\\berg.jpg'), ('Flöte', 'Wolke', 'C:\\git\\experiments\\watkins2_part1\\berg.jpg', 'C:\\git\\experiments\\watkins2_part1\\strand.jpg'), ('Kaffee', 'Skulptur', 'C:\\git\\experiments\\watkins2_part1\\strand.jpg'), ('Boxen', 'Gitarre', 'C:\\git\\experiments\\watkins2_part1\\wald.jpg', 'C:\\git\\experiments\\watkins2_part1\\strand.jpg'), ('Laub', 'Schal', 'C:\\git\\experiments\\watkins2_part1\\wald.jpg', 'C:\\git\\experiments\\watkins2_part1\\berg.jpg'), ('Katze', 'Topf', 'C:\\git\\experiments\\watkins2_part1\\berg.jpg', 'C:\\git\\experiments\\watkins2_part1\\wald.jpg'), ('Jacke', 'Trommel', 'C:\\git\\experiments\\watkins2_part1\\wald.jpg'), ('Rasen', 'Würfel', 'C:\\git\\experiments\\watkins2_part1\\wueste.jpg', 'C:\\git\\experiments\\watkins2_part1\\strand.jpg'), ('Krümel', 'Umschlag', 'C:\\git\\experiments\\watkins2_part1\\wald.jpg'), ('Bohrer', 'Hemd', 'C:\\git\\experiments\\watkins2_part1\\strand.jpg', 'C:\\git\\experiments\\watkins2_part1\\wueste.jpg'), ('Wind', 'Bus', 'C:\\git\\experiments\\watkins2_part1\\wueste.jpg')]",606.8668591999449,,606.8669047000003,606.8873449999955,606.8873942999635,606.9060609999578,614.8899458999513,None,None,Mappe,Mappe,606.9172640999896,0,54,2026-07-27_12h24.09.701,watkins2_part1,,2026.1.3,143.40988555107805,4,21,Weiblich,Muttersprache,Abitur,Anderes Studienfach,Bachelor,2026-07-27 12h24.10.557442 +0200,
23,0,23,,,,,,,23,0,23,0,614.8967391999904,,,,,,,,,,,,,,,,,,,,,,,,,,,,614.8902409999864,615.3779301999602,,,,Wind,Bus,,"['Wind', 'Bus', 'C:\\git\\experiments\\watkins2_part1\\wueste.jpg']",study_new,4,,,,,,,,,,,,614.8900615999592,614.8901402999763,C:\git\experiments\watkins2_part1\wueste.jpg,"[('Matsch', 'Zange', 'C:\\git\\experiments\\watkins2_part1\\wueste.jpg'), ('Teller', 'Großvater', 'C:\\git\\experiments\\watkins2_part1\\strand.jpg', 'C:\\git\\experiments\\watkins2_part1\\berg.jpg'), ('Ball', 'Flugzeug', 'C:\\git\\experiments\\watkins2_part1\\berg.jpg'), ('Locher', 'Tasse', 'C:\\git\\experiments\\watkins2_part1\\wald.jpg', 'C:\\git\\experiments\\watkins2_part1\\wueste.jpg'), ('Hammer', 'Mappe', 'C:\\git\\experiments\\watkins2_part1\\wueste.jpg', 'C:\\git\\experiments\\watkins2_part1\\berg.jpg'), ('Birne', 'Goldfisch', 'C:\\git\\experiments\\watkins2_part1\\berg.jpg', 'C:\\git\\experiments\\watkins2_part1\\wueste.jpg'), ('Schnee', 'Nichte', 'C:\\git\\experiments\\watkins2_part1\\wald.jpg'), ('Geige', 'Kakao', 'C:\\git\\experiments\\watkins2_part1\\berg.jpg'), ('Auto', 'Müll', 'C:\\git\\experiments\\watkins2_part1\\wueste.jpg'), ('Staffelei', 'Dünger', 'C:\\git\\experiments\\watkins2_part1\\strand.jpg', 'C:\\git\\experiments\\watkins2_part1\\wald.jpg'), ('Mütze', 'Fernseher', 'C:\\git\\experiments\\watkins2_part1\\strand.jpg'), ('Hamster', 'Drucker', 'C:\\git\\experiments\\watkins2_part1\\wueste.jpg', 'C:\\git\\experiments\\watkins2_part1\\wald.jpg'), ('Traube', 'Limonade', 'C:\\git\\experiments\\watkins2_part1\\strand.jpg'), ('Pinsel', 'Kaninchen', 'C:\\git\\experiments\\watkins2_part1\\berg.jpg'), ('Flöte', 'Wolke', 'C:\\git\\experiments\\watkins2_part1\\berg.jpg', 'C:\\git\\experiments\\watkins2_part1\\strand.jpg'), ('Kaffee', 'Skulptur', 'C:\\git\\experiments\\watkins2_part1\\strand.jpg'), ('Boxen', 'Gitarre', 'C:\\git\\experiments\\watkins2_part1\\wald.jpg', 'C:\\git\\experiments\\watkins2_part1\\strand.jpg'), ('Laub', 'Schal', 'C:\\git\\experiments\\watkins2_part1\\wald.jpg', 'C:\\git\\experiments\\watkins2_part1\\berg.jpg'), ('Katze', 'Topf', 'C:\\git\\experiments\\watkins2_part1\\berg.jpg', 'C:\\git\\experiments\\watkins2_part1\\wald.jpg'), ('Jacke', 'Trommel', 'C:\\git\\experiments\\watkins2_part1\\wald.jpg'), ('Rasen', 'Würfel', 'C:\\git\\experiments\\watkins2_part1\\wueste.jpg', 'C:\\git\\experiments\\watkins2_part1\\strand.jpg'), ('Krümel', 'Umschlag', 'C:\\git\\experiments\\watkins2_part1\\wald.jpg'), ('Bohrer', 'Hemd', 'C:\\git\\experiments\\watkins2_part1\\strand.jpg', 'C:\\git\\experiments\\watkins2_part1\\wueste.jpg'), ('Wind', 'Bus', 'C:\\git\\experiments\\watkins2_part1\\wueste.jpg')]",615.3925776999677,615.3976784999832,623.3971082999487,623.4114465999883,623.4114923999878,623.4255399999674,623.4255954999826,None,None,,,,,54,2026-07-27_12h24.09.701,watkins2_part1,,2026.1.3,143.40988555107805,4,21,Weiblich,Muttersprache,Abitur,Anderes Studienfach,Bachelor,2026-07-27 12h24.10.557442 +0200,
