thisN,thisTrialN,thisRepN,correct,textbox_target.text,trials_1.thisRepN,trials_1.thisTrialN,trials_1.thisN,trials_1.thisIndex,trials_2.thisRepN,trials_2.thisTrialN,trials_2.thisN,trials_2.thisIndex,thisRow.t,notes,piloting,code_marius.started,code_marius.stopped,welcome.started,welcome.stopped,code_generator.started,letter_mother.started,textbox_mother.started,letter_father.started,textbox_father.started,letter_month.started,textbox_month.started,letter_place.started,textbox_place.started,letter_bday.started,textbox_bday.started,code_generator.stopped,code,instruction_study.started,wüste_0.started,strand_0.started,wald_0.started,berg_0.started,instruction_study.stopped,fixationcross.started,fixationcross.stopped,blanc.started,blanc.stopped,study.started,context_1.started,study.stopped,cue,target,image1,stimuli,task,condition,liste_phase1,thanks_vorgezogen.started,image_animal_2.started,thanks_vorgezogen.stopped,instruction_restudy.started,instruction_restudy.stopped,practice_test.started,context_test_2.started,practice_test.stopped,practice_target,Textbox_Umlauttest.text,code_defineWordsInit.started,code_defineWordsInit.stopped,image2,liste_phase2,study_new.started,study_new.stopped,restudy.started,restudy.stopped,test.started,context_test.started,trials_2.correct,test.stopped,firstKeyTime,secondWordTime,trials_2.textbox_target.text,recalled_target,context_new.started,participant,date,expName,expVersion,psychopyVersion,frameRate,condition,age,gender,native_language,highest_degree,major,target_major,expStart,
,,,,,,,,,,,,,,,False,0.006207800004631281,0.006270000012591481,,,,,,,,,,,,,,,,,,,,,,,,,,,,,,,,,,2,,,,,,,,,,,,,,,,,,,,,,,,,,,,,55,2026-07-27_12h23.21.685,watkins2_part1,,2026.1.3,143.41255925266896,2,23,Männlich,Muttersprache,Abitur,Anderes Studienfach,Bachelor,2026-07-27 12h23.22.708600 +0200,
,,,,,,,,,,,,,,,,,,0.006632800039369613,21.30702340003336,,,,,,,,,,,,,,,,,,,,,,,,,,,,,,,,2,,,,,,,,,,,,,,,,,,,,,,,,,,,,,55,2026-07-27_12h23.21.685,watkins2_part1,,2026.1.3,143.41255925266896,2,23,Männlich,Muttersprache,Abitur,Anderes Studienfach,Bachelor,2026-07-27 12h23.22.708600 +0200,
,,,,,,,,,,,,,,,,,,,,21.307817700027954,21.327988300006837,21.327988300006837,21.327988300006837,21.327988300006837,21.327988300006837,21.327988300006837,21.327988300006837,21.327988300006837,21.327988300006837,21.327988300006837,67.57078970002476,JHIL15,,,,,,,,,,,,,,,,,,,2,,,,,,,,,,,,,,,,,,,,,,,,,,,,,55,2026-07-27_12h23.21.685,watkins2_part1,,2026.1.3,143.41255925266896,2,23,Männlich,Muttersprache,Abitur,Anderes Studienfach,Bachelor,2026-07-27 12h23.22.708600 +0200,
,,,,,,,,,,,,,,,,,,,,,,,,,,,,,,,,,,,,,,,,,,,,,,,,,,,2,,,,,,,,,,,,,,,,,,,,,,,,,,,,,55,2026-07-27_12h23.21.685,watkins2_part1,,2026.1.3,143.41255925266896,2,23,Männlich,Muttersprache,Abitur,Anderes Studienfach,Bachelor,2026-07-27 12h23.22.708600 +0200,
,,,,,,,,,,,,,,,,,,,,,,,,,,,,,,,,,67.57089570001699,67.6119813999976,67.6119813999976,67.6119813999976,67.6119813999976,84.61844709998695,,,,,,,,,,,,,2,,,,,,,,,,,,,,,,,,,,,,,,,,,,,55,2026-07-27_12h23.21.685,watkins2_part1,,2026.1.3,143.41255925266896,2,23,Männlich,Muttersprache,Abitur,Anderes Studienfach,Bachelor,2026-07-27 12h23.22.708600 +0200,
,,,,,,,,,,,,,,,,,,,,,,,,,,,,,,,,,,,,,,,84.61847960000159,85.6079383000033,,,,,,,,,,,2,,,,,,,,,,,,,,,,,,,,,,,,,,,,,55,2026-07-27_12h23.21.685,watkins2_part1,,2026.1.3,143.41255925266896,2,23,Männlich,Muttersprache,Abitur,Anderes Studienfach,Bachelor,2026-07-27 12h23.22.708600 +0200,
0,0,0,,,0,0,0,0,,,,,85.61482630000683,,,,,,,,,,,,,,,,,,,,,,,,,,,,85.60823620000156,86.10295720002614,86.11834310000995,86.12289260001853,94.12535510002635,Staffelei,Dünger,C:\git\experiments\watkins2_part1\strand.jpg,"['Staffelei', 'Dünger', 'C:\\git\\experiments\\watkins2_part1\\strand.jpg']",test,2,"[('Staffelei', 'Dünger', 'C:\\git\\experiments\\watkins2_part1\\strand.jpg', 'C:\\git\\experiments\\watkins2_part1\\strand.jpg'), ('Heft', 'Puzzle', 'C:\\git\\experiments\\watkins2_part1\\strand.jpg', 'C:\\git\\experiments\\watkins2_part1\\strand.jpg'), ('Kamera', 'Sofa', 'C:\\git\\experiments\\watkins2_part1\\wald.jpg', 'C:\\git\\experiments\\watkins2_part1\\wald.jpg'), ('Krümel', 'Umschlag', 'C:\\git\\experiments\\watkins2_part1\\berg.jpg'), ('Schnee', 'Nichte', 'C:\\git\\experiments\\watkins2_part1\\wueste.jpg'), ('Laub', 'Schal', 'C:\\git\\experiments\\watkins2_part1\\strand.jpg'), ('Joggen', 'Banane', 'C:\\git\\experiments\\watkins2_part1\\wald.jpg'), ('Tee', 'Lampe', 'C:\\git\\experiments\\watkins2_part1\\wueste.jpg'), ('Katze', 'Topf', 'C:\\git\\experiments\\watkins2_part1\\wueste.jpg', 'C:\\git\\experiments\\watkins2_part1\\wueste.jpg'), ('Onkel', 'Beet', 'C:\\git\\experiments\\watkins2_part1\\wueste.jpg', 'C:\\git\\experiments\\watkins2_part1\\wueste.jpg'), ('Mütze', 'Fernseher', 'C:\\git\\experiments\\watkins2_part1\\wueste.jpg', 'C:\\git\\experiments\\watkins2_part1\\wueste.jpg'), ('Kaffee', 'Skulptur', 'C:\\git\\experiments\\watkins2_part1\\wald.jpg'), ('Locher', 'Tasse', 'C:\\git\\experiments\\watkins2_part1\\strand.jpg'), ('Bohrer', 'Hemd', 'C:\\git\\experiments\\watkins2_part1\\strand.jpg'), ('Löffel', 'Orange', 'C:\\git\\experiments\\watkins2_part1\\wald.jpg', 'C:\\git\\experiments\\watkins2_part1\\wald.jpg'), ('Geige', 'Kakao', 'C:\\git\\experiments\\watkins2_part1\\wueste.jpg'), ('Ball', 'Flugzeug', 'C:\\git\\experiments\\watkins2_part1\\strand.jpg', 'C:\\git\\experiments\\watkins2_part1\\strand.jpg'), ('Birne', 'Goldfisch', 'C:\\git\\experiments\\watkins2_part1\\wald.jpg', 'C:\\git\\experiments\\watkins2_part1\\wald.jpg'), ('Flöte', 'Wolke', 'C:\\git\\experiments\\watkins2_part1\\berg.jpg'), ('Teller', 'Großvater', 'C:\\git\\experiments\\watkins2_part1\\berg.jpg', 'C:\\git\\experiments\\watkins2_part1\\berg.jpg'), ('Schwester', 'Staub', 'C:\\git\\experiments\\watkins2_part1\\berg.jpg'), ('Fahrrad', 'Säge', 'C:\\git\\experiments\\watkins2_part1\\berg.jpg', 'C:\\git\\experiments\\watkins2_part1\\berg.jpg'), ('Boxen', 'Gitarre', 'C:\\git\\experiments\\watkins2_part1\\wald.jpg'), ('Bett', 'Regen', 'C:\\git\\experiments\\watkins2_part1\\berg.jpg', 'C:\\git\\experiments\\watkins2_part1\\berg.jpg')]",,,,,,,,,,,,,,,,,,,,,,,,,,,,55,2026-07-27_12h23.21.685,watkins2_part1,,2026.1.3,143.41255925266896,2,23,Männlich,Muttersprache,Abitur,Anderes Studienfach,Bachelor,2026-07-27 12h23.22.708600 +0200,
1,0,1,,,1,0,1,0,,,,,94.1322115000221,,,,,,,,,,,,,,,,,,,,,,,,,,,,94.12554810004076,94.61325620004209,94.62520300003234,94.62804480001796,102.63151600002311,Heft,Puzzle,C:\git\experiments\watkins2_part1\strand.jpg,"['Heft', 'Puzzle', 'C:\\git\\experiments\\watkins2_part1\\strand.jpg']",test,2,"[('Staffelei', 'Dünger', 'C:\\git\\experiments\\watkins2_part1\\strand.jpg', 'C:\\git\\experiments\\watkins2_part1\\strand.jpg'), ('Heft', 'Puzzle', 'C:\\git\\experiments\\watkins2_part1\\strand.jpg', 'C:\\git\\experiments\\watkins2_part1\\strand.jpg'), ('Kamera', 'Sofa', 'C:\\git\\experiments\\watkins2_part1\\wald.jpg', 'C:\\git\\experiments\\watkins2_part1\\wald.jpg'), ('Krümel', 'Umschlag', 'C:\\git\\experiments\\watkins2_part1\\berg.jpg'), ('Schnee', 'Nichte', 'C:\\git\\experiments\\watkins2_part1\\wueste.jpg'), ('Laub', 'Schal', 'C:\\git\\experiments\\watkins2_part1\\strand.jpg'), ('Joggen', 'Banane', 'C:\\git\\experiments\\watkins2_part1\\wald.jpg'), ('Tee', 'Lampe', 'C:\\git\\experiments\\watkins2_part1\\wueste.jpg'), ('Katze', 'Topf', 'C:\\git\\experiments\\watkins2_part1\\wueste.jpg', 'C:\\git\\experiments\\watkins2_part1\\wueste.jpg'), ('Onkel', 'Beet', 'C:\\git\\experiments\\watkins2_part1\\wueste.jpg', 'C:\\git\\experiments\\watkins2_part1\\wueste.jpg'), ('Mütze', 'Fernseher', 'C:\\git\\experiments\\watkins2_part1\\wueste.jpg', 'C:\\git\\experiments\\watkins2_part1\\wueste.jpg'), ('Kaffee', 'Skulptur', 'C:\\git\\experiments\\watkins2_part1\\wald.jpg'), ('Locher', 'Tasse', 'C:\\git\\experiments\\watkins2_part1\\strand.jpg'), ('Bohrer', 'Hemd', 'C:\\git\\experiments\\watkins2_part1\\strand.jpg'), ('Löffel', 'Orange', 'C:\\git\\experiments\\watkins2_part1\\wald.jpg', 'C:\\git\\experiments\\watkins2_part1\\wald.jpg'), ('Geige', 'Kakao', 'C:\\git\\experiments\\watkins2_part1\\wueste.jpg'), ('Ball', 'Flugzeug', 'C:\\git\\experiments\\watkins2_part1\\strand.jpg', 'C:\\git\\experiments\\watkins2_part1\\strand.jpg'), ('Birne', 'Goldfisch', 'C:\\git\\experiments\\watkins2_part1\\wald.jpg', 'C:\\git\\experiments\\watkins2_part1\\wald.jpg'), ('Flöte', 'Wolke', 'C:\\git\\experiments\\watkins2_part1\\berg.jpg'), ('Teller', 'Großvater', 'C:\\git\\experiments\\watkins2_part1\\berg.jpg', 'C:\\git\\experiments\\watkins2_part1\\berg.jpg'), ('Schwester', 'Staub', 'C:\\git\\experiments\\watkins2_part1\\berg.jpg'), ('Fahrrad', 'Säge', 'C:\\git\\experiments\\watkins2_part1\\berg.jpg', 'C:\\git\\experiments\\watkins2_part1\\berg.jpg'), ('Boxen', 'Gitarre', 'C:\\git\\experiments\\watkins2_part1\\wald.jpg'), ('Bett', 'Regen', 'C:\\git\\experiments\\watkins2_part1\\berg.jpg', 'C:\\git\\experiments\\watkins2_part1\\berg.jpg')]",,,,,,,,,,,,,,,,,,,,,,,,,,,,55,2026-07-27_12h23.21.685,watkins2_part1,,2026.1.3,143.41255925266896,2,23,Männlich,Muttersprache,Abitur,Anderes Studienfach,Bachelor,2026-07-27 12h23.22.708600 +0200,
2,0,2,,,2,0,2,0,,,,,102.63833470002282,,,,,,,,,,,,,,,,,,,,,,,,,,,,102.63171190000139,103.11947080004029,103.13904490001732,103.1422356000403,111.1318661000114,Kamera,Sofa,C:\git\experiments\watkins2_part1\wald.jpg,"['Kamera', 'Sofa', 'C:\\git\\experiments\\watkins2_part1\\wald.jpg']",test,2,"[('Staffelei', 'Dünger', 'C:\\git\\experiments\\watkins2_part1\\strand.jpg', 'C:\\git\\experiments\\watkins2_part1\\strand.jpg'), ('Heft', 'Puzzle', 'C:\\git\\experiments\\watkins2_part1\\strand.jpg', 'C:\\git\\experiments\\watkins2_part1\\strand.jpg'), ('Kamera', 'Sofa', 'C:\\git\\experiments\\watkins2_part1\\wald.jpg', 'C:\\git\\experiments\\watkins2_part1\\wald.jpg'), ('Krümel', 'Umschlag', 'C:\\git\\experiments\\watkins2_part1\\berg.jpg'), ('Schnee', 'Nichte', 'C:\\git\\experiments\\watkins2_part1\\wueste.jpg'), ('Laub', 'Schal', 'C:\\git\\experiments\\watkins2_part1\\strand.jpg'), ('Joggen', 'Banane', 'C:\\git\\experiments\\watkins2_part1\\wald.jpg'), ('Tee', 'Lampe', 'C:\\git\\experiments\\watkins2_part1\\wueste.jpg'), ('Katze', 'Topf', 'C:\\git\\experiments\\watkins2_part1\\wueste.jpg', 'C:\\git\\experiments\\watkins2_part1\\wueste.jpg'), ('Onkel', 'Beet', 'C:\\git\\experiments\\watkins2_part1\\wueste.jpg', 'C:\\git\\experiments\\watkins2_part1\\wueste.jpg'), ('Mütze', 'Fernseher', 'C:\\git\\experiments\\watkins2_part1\\wueste.jpg', 'C:\\git\\experiments\\watkins2_part1\\wueste.jpg'), ('Kaffee', 'Skulptur', 'C:\\git\\experiments\\watkins2_part1\\wald.jpg'), ('Locher', 'Tasse', 'C:\\git\\experiments\\watkins2_part1\\strand.jpg'), ('Bohrer', 'Hemd', 'C:\\git\\experiments\\watkins2_part1\\strand.jpg'), ('Löffel', 'Orange', 'C:\\git\\experiments\\watkins2_part1\\wald.jpg', 'C:\\git\\experiments\\watkins2_part1\\wald.jpg'), ('Geige', 'Kakao', 'C:\\git\\experiments\\watkins2_part1\\wueste.jpg'), ('Ball', 'Flugzeug', 'C:\\git\\experiments\\watkins2_part1\\strand.jpg', 'C:\\git\\experiments\\watkins2_part1\\strand.jpg'), ('Birne', 'Goldfisch', 'C:\\git\\experiments\\watkins2_part1\\wald.jpg', 'C:\\git\\experiments\\watkins2_part1\\wald.jpg'), ('Flöte', 'Wolke', 'C:\\git\\experiments\\watkins2_part1\\berg.jpg'), ('Teller', 'Großvater', 'C:\\git\\experiments\\watkins2_part1\\berg.jpg', 'C:\\git\\experiments\\watkins2_part1\\berg.jpg'), ('Schwester', 'Staub', 'C:\\git\\experiments\\watkins2_part1\\berg.jpg'), ('Fahrrad', 'Säge', 'C:\\git\\experiments\\watkins2_part1\\berg.jpg', 'C:\\git\\experiments\\watkins2_part1\\berg.jpg'), ('Boxen', 'Gitarre', 'C:\\git\\experiments\\watkins2_part1\\wald.jpg'), ('Bett', 'Regen', 'C:\\git\\experiments\\watkins2_part1\\berg.jpg', 'C:\\git\\experiments\\watkins2_part1\\berg.jpg')]",,,,,,,,,,,,,,,,,,,,,,,,,,,,55,2026-07-27_12h23.21.685,watkins2_part1,,2026.1.3,143.41255925266896,2,23,Männlich,Muttersprache,Abitur,Anderes Studienfach,Bachelor,2026-07-27 12h23.22.708600 +0200,
3,0,3,,,3,0,3,0,,,,,111.13870960002532,,,,,,,,,,,,,,,,,,,,,,,,,,,,111.13205950002884,111.61980370001402,111.64877420000266,111.65199230000144,119.6371150999912,Krümel,Umschlag,C:\git\experiments\watkins2_part1\berg.jpg,"['Krümel', 'Umschlag', 'C:\\git\\experiments\\watkins2_part1\\berg.jpg']",study,2,"[('Staffelei', 'Dünger', 'C:\\git\\experiments\\watkins2_part1\\strand.jpg', 'C:\\git\\experiments\\watkins2_part1\\strand.jpg'), ('Heft', 'Puzzle', 'C:\\git\\experiments\\watkins2_part1\\strand.jpg', 'C:\\git\\experiments\\watkins2_part1\\strand.jpg'), ('Kamera', 'Sofa', 'C:\\git\\experiments\\watkins2_part1\\wald.jpg', 'C:\\git\\experiments\\watkins2_part1\\wald.jpg'), ('Krümel', 'Umschlag', 'C:\\git\\experiments\\watkins2_part1\\berg.jpg'), ('Schnee', 'Nichte', 'C:\\git\\experiments\\watkins2_part1\\wueste.jpg'), ('Laub', 'Schal', 'C:\\git\\experiments\\watkins2_part1\\strand.jpg'), ('Joggen', 'Banane', 'C:\\git\\experiments\\watkins2_part1\\wald.jpg'), ('Tee', 'Lampe', 'C:\\git\\experiments\\watkins2_part1\\wueste.jpg'), ('Katze', 'Topf', 'C:\\git\\experiments\\watkins2_part1\\wueste.jpg', 'C:\\git\\experiments\\watkins2_part1\\wueste.jpg'), ('Onkel', 'Beet', 'C:\\git\\experiments\\watkins2_part1\\wueste.jpg', 'C:\\git\\experiments\\watkins2_part1\\wueste.jpg'), ('Mütze', 'Fernseher', 'C:\\git\\experiments\\watkins2_part1\\wueste.jpg', 'C:\\git\\experiments\\watkins2_part1\\wueste.jpg'), ('Kaffee', 'Skulptur', 'C:\\git\\experiments\\watkins2_part1\\wald.jpg'), ('Locher', 'Tasse', 'C:\\git\\experiments\\watkins2_part1\\strand.jpg'), ('Bohrer', 'Hemd', 'C:\\git\\experiments\\watkins2_part1\\strand.jpg'), ('Löffel', 'Orange', 'C:\\git\\experiments\\watkins2_part1\\wald.jpg', 'C:\\git\\experiments\\watkins2_part1\\wald.jpg'), ('Geige', 'Kakao', 'C:\\git\\experiments\\watkins2_part1\\wueste.jpg'), ('Ball', 'Flugzeug', 'C:\\git\\experiments\\watkins2_part1\\strand.jpg', 'C:\\git\\experiments\\watkins2_part1\\strand.jpg'), ('Birne', 'Goldfisch', 'C:\\git\\experiments\\watkins2_part1\\wald.jpg', 'C:\\git\\experiments\\watkins2_part1\\wald.jpg'), ('Flöte', 'Wolke', 'C:\\git\\experiments\\watkins2_part1\\berg.jpg'), ('Teller', 'Großvater', 'C:\\git\\experiments\\watkins2_part1\\berg.jpg', 'C:\\git\\experiments\\watkins2_part1\\berg.jpg'), ('Schwester', 'Staub', 'C:\\git\\experiments\\watkins2_part1\\berg.jpg'), ('Fahrrad', 'Säge', 'C:\\git\\experiments\\watkins2_part1\\berg.jpg', 'C:\\git\\experiments\\watkins2_part1\\berg.jpg'), ('Boxen', 'Gitarre', 'C:\\git\\experiments\\watkins2_part1\\wald.jpg'), ('Bett', 'Regen', 'C:\\git\\experiments\\watkins2_part1\\berg.jpg', 'C:\\git\\experiments\\watkins2_part1\\berg.jpg')]",,,,,,,,,,,,,,,,,,,,,,,,,,,,55,2026-07-27_12h23.21.685,watkins2_part1,,2026.1.3,143.41255925266896,2,23,Männlich,Muttersprache,Abitur,Anderes Studienfach,Bachelor,2026-07-27 12h23.22.708600 +0200,
4,0,4,,,4,0,4,0,,,,,119.64396890002536,,,,,,,,,,,,,,,,,,,,,,,,,,,,119.63730740000028,120.12211570004001,120.14118480001343,120.14690059999702,128.14155420003226,Schnee,Nichte,C:\git\experiments\watkins2_part1\wueste.jpg,"['Schnee', 'Nichte', 'C:\\git\\experiments\\watkins2_part1\\wueste.jpg']",study,2,"[('Staffelei', 'Dünger', 'C:\\git\\experiments\\watkins2_part1\\strand.jpg', 'C:\\git\\experiments\\watkins2_part1\\strand.jpg'), ('Heft', 'Puzzle', 'C:\\git\\experiments\\watkins2_part1\\strand.jpg', 'C:\\git\\experiments\\watkins2_part1\\strand.jpg'), ('Kamera', 'Sofa', 'C:\\git\\experiments\\watkins2_part1\\wald.jpg', 'C:\\git\\experiments\\watkins2_part1\\wald.jpg'), ('Krümel', 'Umschlag', 'C:\\git\\experiments\\watkins2_part1\\berg.jpg'), ('Schnee', 'Nichte', 'C:\\git\\experiments\\watkins2_part1\\wueste.jpg'), ('Laub', 'Schal', 'C:\\git\\experiments\\watkins2_part1\\strand.jpg'), ('Joggen', 'Banane', 'C:\\git\\experiments\\watkins2_part1\\wald.jpg'), ('Tee', 'Lampe', 'C:\\git\\experiments\\watkins2_part1\\wueste.jpg'), ('Katze', 'Topf', 'C:\\git\\experiments\\watkins2_part1\\wueste.jpg', 'C:\\git\\experiments\\watkins2_part1\\wueste.jpg'), ('Onkel', 'Beet', 'C:\\git\\experiments\\watkins2_part1\\wueste.jpg', 'C:\\git\\experiments\\watkins2_part1\\wueste.jpg'), ('Mütze', 'Fernseher', 'C:\\git\\experiments\\watkins2_part1\\wueste.jpg', 'C:\\git\\experiments\\watkins2_part1\\wueste.jpg'), ('Kaffee', 'Skulptur', 'C:\\git\\experiments\\watkins2_part1\\wald.jpg'), ('Locher', 'Tasse', 'C:\\git\\experiments\\watkins2_part1\\strand.jpg'), ('Bohrer', 'Hemd', 'C:\\git\\experiments\\watkins2_part1\\strand.jpg'), ('Löffel', 'Orange', 'C:\\git\\experiments\\watkins2_part1\\wald.jpg', 'C:\\git\\experiments\\watkins2_part1\\wald.jpg'), ('Geige', 'Kakao', 'C:\\git\\experiments\\watkins2_part1\\wueste.jpg'), ('Ball', 'Flugzeug', 'C:\\git\\experiments\\watkins2_part1\\strand.jpg', 'C:\\git\\experiments\\watkins2_part1\\strand.jpg'), ('Birne', 'Goldfisch', 'C:\\git\\experiments\\watkins2_part1\\wald.jpg', 'C:\\git\\experiments\\watkins2_part1\\wald.jpg'), ('Flöte', 'Wolke', 'C:\\git\\experiments\\watkins2_part1\\berg.jpg'), ('Teller', 'Großvater', 'C:\\git\\experiments\\watkins2_part1\\berg.jpg', 'C:\\git\\experiments\\watkins2_part1\\berg.jpg'), ('Schwester', 'Staub', 'C:\\git\\experiments\\watkins2_part1\\berg.jpg'), ('Fahrrad', 'Säge', 'C:\\git\\experiments\\watkins2_part1\\berg.jpg', 'C:\\git\\experiments\\watkins2_part1\\berg.jpg'), ('Boxen', 'Gitarre', 'C:\\git\\experiments\\watkins2_part1\\wald.jpg'), ('Bett', 'Regen', 'C:\\git\\experiments\\watkins2_part1\\berg.jpg', 'C:\\git\\experiments\\watkins2_part1\\berg.jpg')]",,,,,,,,,,,,,,,,,,,,,,,,,,,,55,2026-07-27_12h23.21.685,watkins2_part1,,2026.1.3,143.41255925266896,2,23,Männlich,Muttersprache,Abitur,Anderes Studienfach,Bachelor,2026-07-27 12h23.22.708600 +0200,
5,0,5,,,5,0,5,0,,,,,128.14836110000033,,,,,,,,,,,,,,,,,,,,,,,,,,,,128.14174330001697,128.62976270000217,128.64341310004238,128.64830340002663,136.64387450000504,Laub,Schal,C:\git\experiments\watkins2_part1\strand.jpg,"['Laub', 'Schal', 'C:\\git\\experiments\\watkins2_part1\\strand.jpg']",study,2,"[('Staffelei', 'Dünger', 'C:\\git\\experiments\\watkins2_part1\\strand.jpg', 'C:\\git\\experiments\\watkins2_part1\\strand.jpg'), ('Heft', 'Puzzle', 'C:\\git\\experiments\\watkins2_part1\\strand.jpg', 'C:\\git\\experiments\\watkins2_part1\\strand.jpg'), ('Kamera', 'Sofa', 'C:\\git\\experiments\\watkins2_part1\\wald.jpg', 'C:\\git\\experiments\\watkins2_part1\\wald.jpg'), ('Krümel', 'Umschlag', 'C:\\git\\experiments\\watkins2_part1\\berg.jpg'), ('Schnee', 'Nichte', 'C:\\git\\experiments\\watkins2_part1\\wueste.jpg'), ('Laub', 'Schal', 'C:\\git\\experiments\\watkins2_part1\\strand.jpg'), ('Joggen', 'Banane', 'C:\\git\\experiments\\watkins2_part1\\wald.jpg'), ('Tee', 'Lampe', 'C:\\git\\experiments\\watkins2_part1\\wueste.jpg'), ('Katze', 'Topf', 'C:\\git\\experiments\\watkins2_part1\\wueste.jpg', 'C:\\git\\experiments\\watkins2_part1\\wueste.jpg'), ('Onkel', 'Beet', 'C:\\git\\experiments\\watkins2_part1\\wueste.jpg', 'C:\\git\\experiments\\watkins2_part1\\wueste.jpg'), ('Mütze', 'Fernseher', 'C:\\git\\experiments\\watkins2_part1\\wueste.jpg', 'C:\\git\\experiments\\watkins2_part1\\wueste.jpg'), ('Kaffee', 'Skulptur', 'C:\\git\\experiments\\watkins2_part1\\wald.jpg'), ('Locher', 'Tasse', 'C:\\git\\experiments\\watkins2_part1\\strand.jpg'), ('Bohrer', 'Hemd', 'C:\\git\\experiments\\watkins2_part1\\strand.jpg'), ('Löffel', 'Orange', 'C:\\git\\experiments\\watkins2_part1\\wald.jpg', 'C:\\git\\experiments\\watkins2_part1\\wald.jpg'), ('Geige', 'Kakao', 'C:\\git\\experiments\\watkins2_part1\\wueste.jpg'), ('Ball', 'Flugzeug', 'C:\\git\\experiments\\watkins2_part1\\strand.jpg', 'C:\\git\\experiments\\watkins2_part1\\strand.jpg'), ('Birne', 'Goldfisch', 'C:\\git\\experiments\\watkins2_part1\\wald.jpg', 'C:\\git\\experiments\\watkins2_part1\\wald.jpg'), ('Flöte', 'Wolke', 'C:\\git\\experiments\\watkins2_part1\\berg.jpg'), ('Teller', 'Großvater', 'C:\\git\\experiments\\watkins2_part1\\berg.jpg', 'C:\\git\\experiments\\watkins2_part1\\berg.jpg'), ('Schwester', 'Staub', 'C:\\git\\experiments\\watkins2_part1\\berg.jpg'), ('Fahrrad', 'Säge', 'C:\\git\\experiments\\watkins2_part1\\berg.jpg', 'C:\\git\\experiments\\watkins2_part1\\berg.jpg'), ('Boxen', 'Gitarre', 'C:\\git\\experiments\\watkins2_part1\\wald.jpg'), ('Bett', 'Regen', 'C:\\git\\experiments\\watkins2_part1\\berg.jpg', 'C:\\git\\experiments\\watkins2_part1\\berg.jpg')]",,,,,,,,,,,,,,,,,,,,,,,,,,,,55,2026-07-27_12h23.21.685,watkins2_part1,,2026.1.3,143.41255925266896,2,23,Männlich,Muttersprache,Abitur,Anderes Studienfach,Bachelor,2026-07-27 12h23.22.708600 +0200,
6,0,6,,,6,0,6,0,,,,,136.65069939999375,,,,,,,,,,,,,,,,,,,,,,,,,,,,136.64406299998518,137.1320208000252,137.15100680000614,137.15596330002882,145.14960290002637,Joggen,Banane,C:\git\experiments\watkins2_part1\wald.jpg,"['Joggen', 'Banane', 'C:\\git\\experiments\\watkins2_part1\\wald.jpg']",study,2,"[('Staffelei', 'Dünger', 'C:\\git\\experiments\\watkins2_part1\\strand.jpg', 'C:\\git\\experiments\\watkins2_part1\\strand.jpg'), ('Heft', 'Puzzle', 'C:\\git\\experiments\\watkins2_part1\\strand.jpg', 'C:\\git\\experiments\\watkins2_part1\\strand.jpg'), ('Kamera', 'Sofa', 'C:\\git\\experiments\\watkins2_part1\\wald.jpg', 'C:\\git\\experiments\\watkins2_part1\\wald.jpg'), ('Krümel', 'Umschlag', 'C:\\git\\experiments\\watkins2_part1\\berg.jpg'), ('Schnee', 'Nichte', 'C:\\git\\experiments\\watkins2_part1\\wueste.jpg'), ('Laub', 'Schal', 'C:\\git\\experiments\\watkins2_part1\\strand.jpg'), ('Joggen', 'Banane', 'C:\\git\\experiments\\watkins2_part1\\wald.jpg'), ('Tee', 'Lampe', 'C:\\git\\experiments\\watkins2_part1\\wueste.jpg'), ('Katze', 'Topf', 'C:\\git\\experiments\\watkins2_part1\\wueste.jpg', 'C:\\git\\experiments\\watkins2_part1\\wueste.jpg'), ('Onkel', 'Beet', 'C:\\git\\experiments\\watkins2_part1\\wueste.jpg', 'C:\\git\\experiments\\watkins2_part1\\wueste.jpg'), ('Mütze', 'Fernseher', 'C:\\git\\experiments\\watkins2_part1\\wueste.jpg', 'C:\\git\\experiments\\watkins2_part1\\wueste.jpg'), ('Kaffee', 'Skulptur', 'C:\\git\\experiments\\watkins2_part1\\wald.jpg'), ('Locher', 'Tasse', 'C:\\git\\experiments\\watkins2_part1\\strand.jpg'), ('Bohrer', 'Hemd', 'C:\\git\\experiments\\watkins2_part1\\strand.jpg'), ('Löffel', 'Orange', 'C:\\git\\experiments\\watkins2_part1\\wald.jpg', 'C:\\git\\experiments\\watkins2_part1\\wald.jpg'), ('Geige', 'Kakao', 'C:\\git\\experiments\\watkins2_part1\\wueste.jpg'), ('Ball', 'Flugzeug', 'C:\\git\\experiments\\watkins2_part1\\strand.jpg', 'C:\\git\\experiments\\watkins2_part1\\strand.jpg'), ('Birne', 'Goldfisch', 'C:\\git\\experiments\\watkins2_part1\\wald.jpg', 'C:\\git\\experiments\\watkins2_part1\\wald.jpg'), ('Flöte', 'Wolke', 'C:\\git\\experiments\\watkins2_part1\\berg.jpg'), ('Teller', 'Großvater', 'C:\\git\\experiments\\watkins2_part1\\berg.jpg', 'C:\\git\\experiments\\watkins2_part1\\berg.jpg'), ('Schwester', 'Staub', 'C:\\git\\experiments\\watkins2_part1\\berg.jpg'), ('Fahrrad', 'Säge', 'C:\\git\\experiments\\watkins2_part1\\berg.jpg', 'C:\\git\\experiments\\watkins2_part1\\berg.jpg'), ('Boxen', 'Gitarre', 'C:\\git\\experiments\\watkins2_part1\\wald.jpg'), ('Bett', 'Regen', 'C:\\git\\experiments\\watkins2_part1\\berg.jpg', 'C:\\git\\experiments\\watkins2_part1\\berg.jpg')]",,,,,,,,,,,,,,,,,,,,,,,,,,,,55,2026-07-27_12h23.21.685,watkins2_part1,,2026.1.3,143.41255925266896,2,23,Männlich,Muttersprache,Abitur,Anderes Studienfach,Bachelor,2026-07-27 12h23.22.708600 +0200,
7,0,7,,,7,0,7,0,,,,,145.15641230001347,,,,,,,,,,,,,,,,,,,,,,,,,,,,145.14979440002935,145.63779760000762,145.65643380000256,145.66124769998714,153.6547618000186,Tee,Lampe,C:\git\experiments\watkins2_part1\wueste.jpg,"['Tee', 'Lampe', 'C:\\git\\experiments\\watkins2_part1\\wueste.jpg']",study,2,"[('Staffelei', 'Dünger', 'C:\\git\\experiments\\watkins2_part1\\strand.jpg', 'C:\\git\\experiments\\watkins2_part1\\strand.jpg'), ('Heft', 'Puzzle', 'C:\\git\\experiments\\watkins2_part1\\strand.jpg', 'C:\\git\\experiments\\watkins2_part1\\strand.jpg'), ('Kamera', 'Sofa', 'C:\\git\\experiments\\watkins2_part1\\wald.jpg', 'C:\\git\\experiments\\watkins2_part1\\wald.jpg'), ('Krümel', 'Umschlag', 'C:\\git\\experiments\\watkins2_part1\\berg.jpg'), ('Schnee', 'Nichte', 'C:\\git\\experiments\\watkins2_part1\\wueste.jpg'), ('Laub', 'Schal', 'C:\\git\\experiments\\watkins2_part1\\strand.jpg'), ('Joggen', 'Banane', 'C:\\git\\experiments\\watkins2_part1\\wald.jpg'), ('Tee', 'Lampe', 'C:\\git\\experiments\\watkins2_part1\\wueste.jpg'), ('Katze', 'Topf', 'C:\\git\\experiments\\watkins2_part1\\wueste.jpg', 'C:\\git\\experiments\\watkins2_part1\\wueste.jpg'), ('Onkel', 'Beet', 'C:\\git\\experiments\\watkins2_part1\\wueste.jpg', 'C:\\git\\experiments\\watkins2_part1\\wueste.jpg'), ('Mütze', 'Fernseher', 'C:\\git\\experiments\\watkins2_part1\\wueste.jpg', 'C:\\git\\experiments\\watkins2_part1\\wueste.jpg'), ('Kaffee', 'Skulptur', 'C:\\git\\experiments\\watkins2_part1\\wald.jpg'), ('Locher', 'Tasse', 'C:\\git\\experiments\\watkins2_part1\\strand.jpg'), ('Bohrer', 'Hemd', 'C:\\git\\experiments\\watkins2_part1\\strand.jpg'), ('Löffel', 'Orange', 'C:\\git\\experiments\\watkins2_part1\\wald.jpg', 'C:\\git\\experiments\\watkins2_part1\\wald.jpg'), ('Geige', 'Kakao', 'C:\\git\\experiments\\watkins2_part1\\wueste.jpg'), ('Ball', 'Flugzeug', 'C:\\git\\experiments\\watkins2_part1\\strand.jpg', 'C:\\git\\experiments\\watkins2_part1\\strand.jpg'), ('Birne', 'Goldfisch', 'C:\\git\\experiments\\watkins2_part1\\wald.jpg', 'C:\\git\\experiments\\watkins2_part1\\wald.jpg'), ('Flöte', 'Wolke', 'C:\\git\\experiments\\watkins2_part1\\berg.jpg'), ('Teller', 'Großvater', 'C:\\git\\experiments\\watkins2_part1\\berg.jpg', 'C:\\git\\experiments\\watkins2_part1\\berg.jpg'), ('Schwester', 'Staub', 'C:\\git\\experiments\\watkins2_part1\\berg.jpg'), ('Fahrrad', 'Säge', 'C:\\git\\experiments\\watkins2_part1\\berg.jpg', 'C:\\git\\experiments\\watkins2_part1\\berg.jpg'), ('Boxen', 'Gitarre', 'C:\\git\\experiments\\watkins2_part1\\wald.jpg'), ('Bett', 'Regen', 'C:\\git\\experiments\\watkins2_part1\\berg.jpg', 'C:\\git\\experiments\\watkins2_part1\\berg.jpg')]",,,,,,,,,,,,,,,,,,,,,,,,,,,,55,2026-07-27_12h23.21.685,watkins2_part1,,2026.1.3,143.41255925266896,2,23,Männlich,Muttersprache,Abitur,Anderes Studienfach,Bachelor,2026-07-27 12h23.22.708600 +0200,
8,0,8,,,8,0,8,0,,,,,153.66157530003693,,,,,,,,,,,,,,,,,,,,,,,,,,,,153.6549605000182,154.1429247999913,154.15784589998657,154.16275090002455,162.1609824000043,Katze,Topf,C:\git\experiments\watkins2_part1\wueste.jpg,"['Katze', 'Topf', 'C:\\git\\experiments\\watkins2_part1\\wueste.jpg']",test,2,"[('Staffelei', 'Dünger', 'C:\\git\\experiments\\watkins2_part1\\strand.jpg', 'C:\\git\\experiments\\watkins2_part1\\strand.jpg'), ('Heft', 'Puzzle', 'C:\\git\\experiments\\watkins2_part1\\strand.jpg', 'C:\\git\\experiments\\watkins2_part1\\strand.jpg'), ('Kamera', 'Sofa', 'C:\\git\\experiments\\watkins2_part1\\wald.jpg', 'C:\\git\\experiments\\watkins2_part1\\wald.jpg'), ('Krümel', 'Umschlag', 'C:\\git\\experiments\\watkins2_part1\\berg.jpg'), ('Schnee', 'Nichte', 'C:\\git\\experiments\\watkins2_part1\\wueste.jpg'), ('Laub', 'Schal', 'C:\\git\\experiments\\watkins2_part1\\strand.jpg'), ('Joggen', 'Banane', 'C:\\git\\experiments\\watkins2_part1\\wald.jpg'), ('Tee', 'Lampe', 'C:\\git\\experiments\\watkins2_part1\\wueste.jpg'), ('Katze', 'Topf', 'C:\\git\\experiments\\watkins2_part1\\wueste.jpg', 'C:\\git\\experiments\\watkins2_part1\\wueste.jpg'), ('Onkel', 'Beet', 'C:\\git\\experiments\\watkins2_part1\\wueste.jpg', 'C:\\git\\experiments\\watkins2_part1\\wueste.jpg'), ('Mütze', 'Fernseher', 'C:\\git\\experiments\\watkins2_part1\\wueste.jpg', 'C:\\git\\experiments\\watkins2_part1\\wueste.jpg'), ('Kaffee', 'Skulptur', 'C:\\git\\experiments\\watkins2_part1\\wald.jpg'), ('Locher', 'Tasse', 'C:\\git\\experiments\\watkins2_part1\\strand.jpg'), ('Bohrer', 'Hemd', 'C:\\git\\experiments\\watkins2_part1\\strand.jpg'), ('Löffel', 'Orange', 'C:\\git\\experiments\\watkins2_part1\\wald.jpg', 'C:\\git\\experiments\\watkins2_part1\\wald.jpg'), ('Geige', 'Kakao', 'C:\\git\\experiments\\watkins2_part1\\wueste.jpg'), ('Ball', 'Flugzeug', 'C:\\git\\experiments\\watkins2_part1\\strand.jpg', 'C:\\git\\experiments\\watkins2_part1\\strand.jpg'), ('Birne', 'Goldfisch', 'C:\\git\\experiments\\watkins2_part1\\wald.jpg', 'C:\\git\\experiments\\watkins2_part1\\wald.jpg'), ('Flöte', 'Wolke', 'C:\\git\\experiments\\watkins2_part1\\berg.jpg'), ('Teller', 'Großvater', 'C:\\git\\experiments\\watkins2_part1\\berg.jpg', 'C:\\git\\experiments\\watkins2_part1\\berg.jpg'), ('Schwester', 'Staub', 'C:\\git\\experiments\\watkins2_part1\\berg.jpg'), ('Fahrrad', 'Säge', 'C:\\git\\experiments\\watkins2_part1\\berg.jpg', 'C:\\git\\experiments\\watkins2_part1\\berg.jpg'), ('Boxen', 'Gitarre', 'C:\\git\\experiments\\watkins2_part1\\wald.jpg'), ('Bett', 'Regen', 'C:\\git\\experiments\\watkins2_part1\\berg.jpg', 'C:\\git\\experiments\\watkins2_part1\\berg.jpg')]",,,,,,,,,,,,,,,,,,,,,,,,,,,,55,2026-07-27_12h23.21.685,watkins2_part1,,2026.1.3,143.41255925266896,2,23,Männlich,Muttersprache,Abitur,Anderes Studienfach,Bachelor,2026-07-27 12h23.22.708600 +0200,
9,0,9,,,9,0,9,0,,,,,162.16778469999554,,,,,,,,,,,,,,,,,,,,,,,,,,,,162.16118930000812,162.64919730002293,162.66500030003954,162.66955380002037,170.66746610001428,Onkel,Beet,C:\git\experiments\watkins2_part1\wueste.jpg,"['Onkel', 'Beet', 'C:\\git\\experiments\\watkins2_part1\\wueste.jpg']",test,2,"[('Staffelei', 'Dünger', 'C:\\git\\experiments\\watkins2_part1\\strand.jpg', 'C:\\git\\experiments\\watkins2_part1\\strand.jpg'), ('Heft', 'Puzzle', 'C:\\git\\experiments\\watkins2_part1\\strand.jpg', 'C:\\git\\experiments\\watkins2_part1\\strand.jpg'), ('Kamera', 'Sofa', 'C:\\git\\experiments\\watkins2_part1\\wald.jpg', 'C:\\git\\experiments\\watkins2_part1\\wald.jpg'), ('Krümel', 'Umschlag', 'C:\\git\\experiments\\watkins2_part1\\berg.jpg'), ('Schnee', 'Nichte', 'C:\\git\\experiments\\watkins2_part1\\wueste.jpg'), ('Laub', 'Schal', 'C:\\git\\experiments\\watkins2_part1\\strand.jpg'), ('Joggen', 'Banane', 'C:\\git\\experiments\\watkins2_part1\\wald.jpg'), ('Tee', 'Lampe', 'C:\\git\\experiments\\watkins2_part1\\wueste.jpg'), ('Katze', 'Topf', 'C:\\git\\experiments\\watkins2_part1\\wueste.jpg', 'C:\\git\\experiments\\watkins2_part1\\wueste.jpg'), ('Onkel', 'Beet', 'C:\\git\\experiments\\watkins2_part1\\wueste.jpg', 'C:\\git\\experiments\\watkins2_part1\\wueste.jpg'), ('Mütze', 'Fernseher', 'C:\\git\\experiments\\watkins2_part1\\wueste.jpg', 'C:\\git\\experiments\\watkins2_part1\\wueste.jpg'), ('Kaffee', 'Skulptur', 'C:\\git\\experiments\\watkins2_part1\\wald.jpg'), ('Locher', 'Tasse', 'C:\\git\\experiments\\watkins2_part1\\strand.jpg'), ('Bohrer', 'Hemd', 'C:\\git\\experiments\\watkins2_part1\\strand.jpg'), ('Löffel', 'Orange', 'C:\\git\\experiments\\watkins2_part1\\wald.jpg', 'C:\\git\\experiments\\watkins2_part1\\wald.jpg'), ('Geige', 'Kakao', 'C:\\git\\experiments\\watkins2_part1\\wueste.jpg'), ('Ball', 'Flugzeug', 'C:\\git\\experiments\\watkins2_part1\\strand.jpg', 'C:\\git\\experiments\\watkins2_part1\\strand.jpg'), ('Birne', 'Goldfisch', 'C:\\git\\experiments\\watkins2_part1\\wald.jpg', 'C:\\git\\experiments\\watkins2_part1\\wald.jpg'), ('Flöte', 'Wolke', 'C:\\git\\experiments\\watkins2_part1\\berg.jpg'), ('Teller', 'Großvater', 'C:\\git\\experiments\\watkins2_part1\\berg.jpg', 'C:\\git\\experiments\\watkins2_part1\\berg.jpg'), ('Schwester', 'Staub', 'C:\\git\\experiments\\watkins2_part1\\berg.jpg'), ('Fahrrad', 'Säge', 'C:\\git\\experiments\\watkins2_part1\\berg.jpg', 'C:\\git\\experiments\\watkins2_part1\\berg.jpg'), ('Boxen', 'Gitarre', 'C:\\git\\experiments\\watkins2_part1\\wald.jpg'), ('Bett', 'Regen', 'C:\\git\\experiments\\watkins2_part1\\berg.jpg', 'C:\\git\\experiments\\watkins2_part1\\berg.jpg')]",,,,,,,,,,,,,,,,,,,,,,,,,,,,55,2026-07-27_12h23.21.685,watkins2_part1,,2026.1.3,143.41255925266896,2,23,Männlich,Muttersprache,Abitur,Anderes Studienfach,Bachelor,2026-07-27 12h23.22.708600 +0200,
10,0,10,,,10,0,10,0,,,,,170.67433280003024,,,,,,,,,,,,,,,,,,,,,,,,,,,,170.66766050003935,171.15567210002337,171.17183920001844,171.17637490003835,179.17445560003398,Mütze,Fernseher,C:\git\experiments\watkins2_part1\wueste.jpg,"['Mütze', 'Fernseher', 'C:\\git\\experiments\\watkins2_part1\\wueste.jpg']",test,2,"[('Staffelei', 'Dünger', 'C:\\git\\experiments\\watkins2_part1\\strand.jpg', 'C:\\git\\experiments\\watkins2_part1\\strand.jpg'), ('Heft', 'Puzzle', 'C:\\git\\experiments\\watkins2_part1\\strand.jpg', 'C:\\git\\experiments\\watkins2_part1\\strand.jpg'), ('Kamera', 'Sofa', 'C:\\git\\experiments\\watkins2_part1\\wald.jpg', 'C:\\git\\experiments\\watkins2_part1\\wald.jpg'), ('Krümel', 'Umschlag', 'C:\\git\\experiments\\watkins2_part1\\berg.jpg'), ('Schnee', 'Nichte', 'C:\\git\\experiments\\watkins2_part1\\wueste.jpg'), ('Laub', 'Schal', 'C:\\git\\experiments\\watkins2_part1\\strand.jpg'), ('Joggen', 'Banane', 'C:\\git\\experiments\\watkins2_part1\\wald.jpg'), ('Tee', 'Lampe', 'C:\\git\\experiments\\watkins2_part1\\wueste.jpg'), ('Katze', 'Topf', 'C:\\git\\experiments\\watkins2_part1\\wueste.jpg', 'C:\\git\\experiments\\watkins2_part1\\wueste.jpg'), ('Onkel', 'Beet', 'C:\\git\\experiments\\watkins2_part1\\wueste.jpg', 'C:\\git\\experiments\\watkins2_part1\\wueste.jpg'), ('Mütze', 'Fernseher', 'C:\\git\\experiments\\watkins2_part1\\wueste.jpg', 'C:\\git\\experiments\\watkins2_part1\\wueste.jpg'), ('Kaffee', 'Skulptur', 'C:\\git\\experiments\\watkins2_part1\\wald.jpg'), ('Locher', 'Tasse', 'C:\\git\\experiments\\watkins2_part1\\strand.jpg'), ('Bohrer', 'Hemd', 'C:\\git\\experiments\\watkins2_part1\\strand.jpg'), ('Löffel', 'Orange', 'C:\\git\\experiments\\watkins2_part1\\wald.jpg', 'C:\\git\\experiments\\watkins2_part1\\wald.jpg'), ('Geige', 'Kakao', 'C:\\git\\experiments\\watkins2_part1\\wueste.jpg'), ('Ball', 'Flugzeug', 'C:\\git\\experiments\\watkins2_part1\\strand.jpg', 'C:\\git\\experiments\\watkins2_part1\\strand.jpg'), ('Birne', 'Goldfisch', 'C:\\git\\experiments\\watkins2_part1\\wald.jpg', 'C:\\git\\experiments\\watkins2_part1\\wald.jpg'), ('Flöte', 'Wolke', 'C:\\git\\experiments\\watkins2_part1\\berg.jpg'), ('Teller', 'Großvater', 'C:\\git\\experiments\\watkins2_part1\\berg.jpg', 'C:\\git\\experiments\\watkins2_part1\\berg.jpg'), ('Schwester', 'Staub', 'C:\\git\\experiments\\watkins2_part1\\berg.jpg'), ('Fahrrad', 'Säge', 'C:\\git\\experiments\\watkins2_part1\\berg.jpg', 'C:\\git\\experiments\\watkins2_part1\\berg.jpg'), ('Boxen', 'Gitarre', 'C:\\git\\experiments\\watkins2_part1\\wald.jpg'), ('Bett', 'Regen', 'C:\\git\\experiments\\watkins2_part1\\berg.jpg', 'C:\\git\\experiments\\watkins2_part1\\berg.jpg')]",,,,,,,,,,,,,,,,,,,,,,,,,,,,55,2026-07-27_12h23.21.685,watkins2_part1,,2026.1.3,143.41255925266896,2,23,Männlich,Muttersprache,Abitur,Anderes Studienfach,Bachelor,2026-07-27 12h23.22.708600 +0200,
11,0,11,,,11,0,11,0,,,,,179.18130649998784,,,,,,,,,,,,,,,,,,,,,,,,,,,,179.17464740003925,179.6624677000218,179.68115880002733,179.68796170002315,187.6765665000421,Kaffee,Skulptur,C:\git\experiments\watkins2_part1\wald.jpg,"['Kaffee', 'Skulptur', 'C:\\git\\experiments\\watkins2_part1\\wald.jpg']",study,2,"[('Staffelei', 'Dünger', 'C:\\git\\experiments\\watkins2_part1\\strand.jpg', 'C:\\git\\experiments\\watkins2_part1\\strand.jpg'), ('Heft', 'Puzzle', 'C:\\git\\experiments\\watkins2_part1\\strand.jpg', 'C:\\git\\experiments\\watkins2_part1\\strand.jpg'), ('Kamera', 'Sofa', 'C:\\git\\experiments\\watkins2_part1\\wald.jpg', 'C:\\git\\experiments\\watkins2_part1\\wald.jpg'), ('Krümel', 'Umschlag', 'C:\\git\\experiments\\watkins2_part1\\berg.jpg'), ('Schnee', 'Nichte', 'C:\\git\\experiments\\watkins2_part1\\wueste.jpg'), ('Laub', 'Schal', 'C:\\git\\experiments\\watkins2_part1\\strand.jpg'), ('Joggen', 'Banane', 'C:\\git\\experiments\\watkins2_part1\\wald.jpg'), ('Tee', 'Lampe', 'C:\\git\\experiments\\watkins2_part1\\wueste.jpg'), ('Katze', 'Topf', 'C:\\git\\experiments\\watkins2_part1\\wueste.jpg', 'C:\\git\\experiments\\watkins2_part1\\wueste.jpg'), ('Onkel', 'Beet', 'C:\\git\\experiments\\watkins2_part1\\wueste.jpg', 'C:\\git\\experiments\\watkins2_part1\\wueste.jpg'), ('Mütze', 'Fernseher', 'C:\\git\\experiments\\watkins2_part1\\wueste.jpg', 'C:\\git\\experiments\\watkins2_part1\\wueste.jpg'), ('Kaffee', 'Skulptur', 'C:\\git\\experiments\\watkins2_part1\\wald.jpg'), ('Locher', 'Tasse', 'C:\\git\\experiments\\watkins2_part1\\strand.jpg'), ('Bohrer', 'Hemd', 'C:\\git\\experiments\\watkins2_part1\\strand.jpg'), ('Löffel', 'Orange', 'C:\\git\\experiments\\watkins2_part1\\wald.jpg', 'C:\\git\\experiments\\watkins2_part1\\wald.jpg'), ('Geige', 'Kakao', 'C:\\git\\experiments\\watkins2_part1\\wueste.jpg'), ('Ball', 'Flugzeug', 'C:\\git\\experiments\\watkins2_part1\\strand.jpg', 'C:\\git\\experiments\\watkins2_part1\\strand.jpg'), ('Birne', 'Goldfisch', 'C:\\git\\experiments\\watkins2_part1\\wald.jpg', 'C:\\git\\experiments\\watkins2_part1\\wald.jpg'), ('Flöte', 'Wolke', 'C:\\git\\experiments\\watkins2_part1\\berg.jpg'), ('Teller', 'Großvater', 'C:\\git\\experiments\\watkins2_part1\\berg.jpg', 'C:\\git\\experiments\\watkins2_part1\\berg.jpg'), ('Schwester', 'Staub', 'C:\\git\\experiments\\watkins2_part1\\berg.jpg'), ('Fahrrad', 'Säge', 'C:\\git\\experiments\\watkins2_part1\\berg.jpg', 'C:\\git\\experiments\\watkins2_part1\\berg.jpg'), ('Boxen', 'Gitarre', 'C:\\git\\experiments\\watkins2_part1\\wald.jpg'), ('Bett', 'Regen', 'C:\\git\\experiments\\watkins2_part1\\berg.jpg', 'C:\\git\\experiments\\watkins2_part1\\berg.jpg')]",,,,,,,,,,,,,,,,,,,,,,,,,,,,55,2026-07-27_12h23.21.685,watkins2_part1,,2026.1.3,143.41255925266896,2,23,Männlich,Muttersprache,Abitur,Anderes Studienfach,Bachelor,2026-07-27 12h23.22.708600 +0200,
12,0,12,,,12,0,12,0,,,,,187.68350230000215,,,,,,,,,,,,,,,,,,,,,,,,,,,,187.67675849999068,188.16486930003157,188.17773689999012,188.18406290002167,196.1797113000066,Locher,Tasse,C:\git\experiments\watkins2_part1\strand.jpg,"['Locher', 'Tasse', 'C:\\git\\experiments\\watkins2_part1\\strand.jpg']",study,2,"[('Staffelei', 'Dünger', 'C:\\git\\experiments\\watkins2_part1\\strand.jpg', 'C:\\git\\experiments\\watkins2_part1\\strand.jpg'), ('Heft', 'Puzzle', 'C:\\git\\experiments\\watkins2_part1\\strand.jpg', 'C:\\git\\experiments\\watkins2_part1\\strand.jpg'), ('Kamera', 'Sofa', 'C:\\git\\experiments\\watkins2_part1\\wald.jpg', 'C:\\git\\experiments\\watkins2_part1\\wald.jpg'), ('Krümel', 'Umschlag', 'C:\\git\\experiments\\watkins2_part1\\berg.jpg'), ('Schnee', 'Nichte', 'C:\\git\\experiments\\watkins2_part1\\wueste.jpg'), ('Laub', 'Schal', 'C:\\git\\experiments\\watkins2_part1\\strand.jpg'), ('Joggen', 'Banane', 'C:\\git\\experiments\\watkins2_part1\\wald.jpg'), ('Tee', 'Lampe', 'C:\\git\\experiments\\watkins2_part1\\wueste.jpg'), ('Katze', 'Topf', 'C:\\git\\experiments\\watkins2_part1\\wueste.jpg', 'C:\\git\\experiments\\watkins2_part1\\wueste.jpg'), ('Onkel', 'Beet', 'C:\\git\\experiments\\watkins2_part1\\wueste.jpg', 'C:\\git\\experiments\\watkins2_part1\\wueste.jpg'), ('Mütze', 'Fernseher', 'C:\\git\\experiments\\watkins2_part1\\wueste.jpg', 'C:\\git\\experiments\\watkins2_part1\\wueste.jpg'), ('Kaffee', 'Skulptur', 'C:\\git\\experiments\\watkins2_part1\\wald.jpg'), ('Locher', 'Tasse', 'C:\\git\\experiments\\watkins2_part1\\strand.jpg'), ('Bohrer', 'Hemd', 'C:\\git\\experiments\\watkins2_part1\\strand.jpg'), ('Löffel', 'Orange', 'C:\\git\\experiments\\watkins2_part1\\wald.jpg', 'C:\\git\\experiments\\watkins2_part1\\wald.jpg'), ('Geige', 'Kakao', 'C:\\git\\experiments\\watkins2_part1\\wueste.jpg'), ('Ball', 'Flugzeug', 'C:\\git\\experiments\\watkins2_part1\\strand.jpg', 'C:\\git\\experiments\\watkins2_part1\\strand.jpg'), ('Birne', 'Goldfisch', 'C:\\git\\experiments\\watkins2_part1\\wald.jpg', 'C:\\git\\experiments\\watkins2_part1\\wald.jpg'), ('Flöte', 'Wolke', 'C:\\git\\experiments\\watkins2_part1\\berg.jpg'), ('Teller', 'Großvater', 'C:\\git\\experiments\\watkins2_part1\\berg.jpg', 'C:\\git\\experiments\\watkins2_part1\\berg.jpg'), ('Schwester', 'Staub', 'C:\\git\\experiments\\watkins2_part1\\berg.jpg'), ('Fahrrad', 'Säge', 'C:\\git\\experiments\\watkins2_part1\\berg.jpg', 'C:\\git\\experiments\\watkins2_part1\\berg.jpg'), ('Boxen', 'Gitarre', 'C:\\git\\experiments\\watkins2_part1\\wald.jpg'), ('Bett', 'Regen', 'C:\\git\\experiments\\watkins2_part1\\berg.jpg', 'C:\\git\\experiments\\watkins2_part1\\berg.jpg')]",,,,,,,,,,,,,,,,,,,,,,,,,,,,55,2026-07-27_12h23.21.685,watkins2_part1,,2026.1.3,143.41255925266896,2,23,Männlich,Muttersprache,Abitur,Anderes Studienfach,Bachelor,2026-07-27 12h23.22.708600 +0200,
13,0,13,,,13,0,13,0,,,,,196.18658480001613,,,,,,,,,,,,,,,,,,,,,,,,,,,,196.17990230000578,196.6679221999948,196.6796451000264,196.68412350001745,204.68475280003622,Bohrer,Hemd,C:\git\experiments\watkins2_part1\strand.jpg,"['Bohrer', 'Hemd', 'C:\\git\\experiments\\watkins2_part1\\strand.jpg']",study,2,"[('Staffelei', 'Dünger', 'C:\\git\\experiments\\watkins2_part1\\strand.jpg', 'C:\\git\\experiments\\watkins2_part1\\strand.jpg'), ('Heft', 'Puzzle', 'C:\\git\\experiments\\watkins2_part1\\strand.jpg', 'C:\\git\\experiments\\watkins2_part1\\strand.jpg'), ('Kamera', 'Sofa', 'C:\\git\\experiments\\watkins2_part1\\wald.jpg', 'C:\\git\\experiments\\watkins2_part1\\wald.jpg'), ('Krümel', 'Umschlag', 'C:\\git\\experiments\\watkins2_part1\\berg.jpg'), ('Schnee', 'Nichte', 'C:\\git\\experiments\\watkins2_part1\\wueste.jpg'), ('Laub', 'Schal', 'C:\\git\\experiments\\watkins2_part1\\strand.jpg'), ('Joggen', 'Banane', 'C:\\git\\experiments\\watkins2_part1\\wald.jpg'), ('Tee', 'Lampe', 'C:\\git\\experiments\\watkins2_part1\\wueste.jpg'), ('Katze', 'Topf', 'C:\\git\\experiments\\watkins2_part1\\wueste.jpg', 'C:\\git\\experiments\\watkins2_part1\\wueste.jpg'), ('Onkel', 'Beet', 'C:\\git\\experiments\\watkins2_part1\\wueste.jpg', 'C:\\git\\experiments\\watkins2_part1\\wueste.jpg'), ('Mütze', 'Fernseher', 'C:\\git\\experiments\\watkins2_part1\\wueste.jpg', 'C:\\git\\experiments\\watkins2_part1\\wueste.jpg'), ('Kaffee', 'Skulptur', 'C:\\git\\experiments\\watkins2_part1\\wald.jpg'), ('Locher', 'Tasse', 'C:\\git\\experiments\\watkins2_part1\\strand.jpg'), ('Bohrer', 'Hemd', 'C:\\git\\experiments\\watkins2_part1\\strand.jpg'), ('Löffel', 'Orange', 'C:\\git\\experiments\\watkins2_part1\\wald.jpg', 'C:\\git\\experiments\\watkins2_part1\\wald.jpg'), ('Geige', 'Kakao', 'C:\\git\\experiments\\watkins2_part1\\wueste.jpg'), ('Ball', 'Flugzeug', 'C:\\git\\experiments\\watkins2_part1\\strand.jpg', 'C:\\git\\experiments\\watkins2_part1\\strand.jpg'), ('Birne', 'Goldfisch', 'C:\\git\\experiments\\watkins2_part1\\wald.jpg', 'C:\\git\\experiments\\watkins2_part1\\wald.jpg'), ('Flöte', 'Wolke', 'C:\\git\\experiments\\watkins2_part1\\berg.jpg'), ('Teller', 'Großvater', 'C:\\git\\experiments\\watkins2_part1\\berg.jpg', 'C:\\git\\experiments\\watkins2_part1\\berg.jpg'), ('Schwester', 'Staub', 'C:\\git\\experiments\\watkins2_part1\\berg.jpg'), ('Fahrrad', 'Säge', 'C:\\git\\experiments\\watkins2_part1\\berg.jpg', 'C:\\git\\experiments\\watkins2_part1\\berg.jpg'), ('Boxen', 'Gitarre', 'C:\\git\\experiments\\watkins2_part1\\wald.jpg'), ('Bett', 'Regen', 'C:\\git\\experiments\\watkins2_part1\\berg.jpg', 'C:\\git\\experiments\\watkins2_part1\\berg.jpg')]",,,,,,,,,,,,,,,,,,,,,,,,,,,,55,2026-07-27_12h23.21.685,watkins2_part1,,2026.1.3,143.41255925266896,2,23,Männlich,Muttersprache,Abitur,Anderes Studienfach,Bachelor,2026-07-27 12h23.22.708600 +0200,
14,0,14,,,14,0,14,0,,,,,204.6915495999856,,,,,,,,,,,,,,,,,,,,,,,,,,,,204.68494320003083,205.1729014000157,205.19155749998754,205.19604589999653,213.18959349999204,Löffel,Orange,C:\git\experiments\watkins2_part1\wald.jpg,"['Löffel', 'Orange', 'C:\\git\\experiments\\watkins2_part1\\wald.jpg']",test,2,"[('Staffelei', 'Dünger', 'C:\\git\\experiments\\watkins2_part1\\strand.jpg', 'C:\\git\\experiments\\watkins2_part1\\strand.jpg'), ('Heft', 'Puzzle', 'C:\\git\\experiments\\watkins2_part1\\strand.jpg', 'C:\\git\\experiments\\watkins2_part1\\strand.jpg'), ('Kamera', 'Sofa', 'C:\\git\\experiments\\watkins2_part1\\wald.jpg', 'C:\\git\\experiments\\watkins2_part1\\wald.jpg'), ('Krümel', 'Umschlag', 'C:\\git\\experiments\\watkins2_part1\\berg.jpg'), ('Schnee', 'Nichte', 'C:\\git\\experiments\\watkins2_part1\\wueste.jpg'), ('Laub', 'Schal', 'C:\\git\\experiments\\watkins2_part1\\strand.jpg'), ('Joggen', 'Banane', 'C:\\git\\experiments\\watkins2_part1\\wald.jpg'), ('Tee', 'Lampe', 'C:\\git\\experiments\\watkins2_part1\\wueste.jpg'), ('Katze', 'Topf', 'C:\\git\\experiments\\watkins2_part1\\wueste.jpg', 'C:\\git\\experiments\\watkins2_part1\\wueste.jpg'), ('Onkel', 'Beet', 'C:\\git\\experiments\\watkins2_part1\\wueste.jpg', 'C:\\git\\experiments\\watkins2_part1\\wueste.jpg'), ('Mütze', 'Fernseher', 'C:\\git\\experiments\\watkins2_part1\\wueste.jpg', 'C:\\git\\experiments\\watkins2_part1\\wueste.jpg'), ('Kaffee', 'Skulptur', 'C:\\git\\experiments\\watkins2_part1\\wald.jpg'), ('Locher', 'Tasse', 'C:\\git\\experiments\\watkins2_part1\\strand.jpg'), ('Bohrer', 'Hemd', 'C:\\git\\experiments\\watkins2_part1\\strand.jpg'), ('Löffel', 'Orange', 'C:\\git\\experiments\\watkins2_part1\\wald.jpg', 'C:\\git\\experiments\\watkins2_part1\\wald.jpg'), ('Geige', 'Kakao', 'C:\\git\\experiments\\watkins2_part1\\wueste.jpg'), ('Ball', 'Flugzeug', 'C:\\git\\experiments\\watkins2_part1\\strand.jpg', 'C:\\git\\experiments\\watkins2_part1\\strand.jpg'), ('Birne', 'Goldfisch', 'C:\\git\\experiments\\watkins2_part1\\wald.jpg', 'C:\\git\\experiments\\watkins2_part1\\wald.jpg'), ('Flöte', 'Wolke', 'C:\\git\\experiments\\watkins2_part1\\berg.jpg'), ('Teller', 'Großvater', 'C:\\git\\experiments\\watkins2_part1\\berg.jpg', 'C:\\git\\experiments\\watkins2_part1\\berg.jpg'), ('Schwester', 'Staub', 'C:\\git\\experiments\\watkins2_part1\\berg.jpg'), ('Fahrrad', 'Säge', 'C:\\git\\experiments\\watkins2_part1\\berg.jpg', 'C:\\git\\experiments\\watkins2_part1\\berg.jpg'), ('Boxen', 'Gitarre', 'C:\\git\\experiments\\watkins2_part1\\wald.jpg'), ('Bett', 'Regen', 'C:\\git\\experiments\\watkins2_part1\\berg.jpg', 'C:\\git\\experiments\\watkins2_part1\\berg.jpg')]",,,,,,,,,,,,,,,,,,,,,,,,,,,,55,2026-07-27_12h23.21.685,watkins2_part1,,2026.1.3,143.41255925266896,2,23,Männlich,Muttersprache,Abitur,Anderes Studienfach,Bachelor,2026-07-27 12h23.22.708600 +0200,
15,0,15,,,15,0,15,0,,,,,213.19646250002552,,,,,,,,,,,,,,,,,,,,,,,,,,,,213.1897850999958,213.67771790002007,213.69602470000973,213.7007983000367,221.69370370003162,Geige,Kakao,C:\git\experiments\watkins2_part1\wueste.jpg,"['Geige', 'Kakao', 'C:\\git\\experiments\\watkins2_part1\\wueste.jpg']",study,2,"[('Staffelei', 'Dünger', 'C:\\git\\experiments\\watkins2_part1\\strand.jpg', 'C:\\git\\experiments\\watkins2_part1\\strand.jpg'), ('Heft', 'Puzzle', 'C:\\git\\experiments\\watkins2_part1\\strand.jpg', 'C:\\git\\experiments\\watkins2_part1\\strand.jpg'), ('Kamera', 'Sofa', 'C:\\git\\experiments\\watkins2_part1\\wald.jpg', 'C:\\git\\experiments\\watkins2_part1\\wald.jpg'), ('Krümel', 'Umschlag', 'C:\\git\\experiments\\watkins2_part1\\berg.jpg'), ('Schnee', 'Nichte', 'C:\\git\\experiments\\watkins2_part1\\wueste.jpg'), ('Laub', 'Schal', 'C:\\git\\experiments\\watkins2_part1\\strand.jpg'), ('Joggen', 'Banane', 'C:\\git\\experiments\\watkins2_part1\\wald.jpg'), ('Tee', 'Lampe', 'C:\\git\\experiments\\watkins2_part1\\wueste.jpg'), ('Katze', 'Topf', 'C:\\git\\experiments\\watkins2_part1\\wueste.jpg', 'C:\\git\\experiments\\watkins2_part1\\wueste.jpg'), ('Onkel', 'Beet', 'C:\\git\\experiments\\watkins2_part1\\wueste.jpg', 'C:\\git\\experiments\\watkins2_part1\\wueste.jpg'), ('Mütze', 'Fernseher', 'C:\\git\\experiments\\watkins2_part1\\wueste.jpg', 'C:\\git\\experiments\\watkins2_part1\\wueste.jpg'), ('Kaffee', 'Skulptur', 'C:\\git\\experiments\\watkins2_part1\\wald.jpg'), ('Locher', 'Tasse', 'C:\\git\\experiments\\watkins2_part1\\strand.jpg'), ('Bohrer', 'Hemd', 'C:\\git\\experiments\\watkins2_part1\\strand.jpg'), ('Löffel', 'Orange', 'C:\\git\\experiments\\watkins2_part1\\wald.jpg', 'C:\\git\\experiments\\watkins2_part1\\wald.jpg'), ('Geige', 'Kakao', 'C:\\git\\experiments\\watkins2_part1\\wueste.jpg'), ('Ball', 'Flugzeug', 'C:\\git\\experiments\\watkins2_part1\\strand.jpg', 'C:\\git\\experiments\\watkins2_part1\\strand.jpg'), ('Birne', 'Goldfisch', 'C:\\git\\experiments\\watkins2_part1\\wald.jpg', 'C:\\git\\experiments\\watkins2_part1\\wald.jpg'), ('Flöte', 'Wolke', 'C:\\git\\experiments\\watkins2_part1\\berg.jpg'), ('Teller', 'Großvater', 'C:\\git\\experiments\\watkins2_part1\\berg.jpg', 'C:\\git\\experiments\\watkins2_part1\\berg.jpg'), ('Schwester', 'Staub', 'C:\\git\\experiments\\watkins2_part1\\berg.jpg'), ('Fahrrad', 'Säge', 'C:\\git\\experiments\\watkins2_part1\\berg.jpg', 'C:\\git\\experiments\\watkins2_part1\\berg.jpg'), ('Boxen', 'Gitarre', 'C:\\git\\experiments\\watkins2_part1\\wald.jpg'), ('Bett', 'Regen', 'C:\\git\\experiments\\watkins2_part1\\berg.jpg', 'C:\\git\\experiments\\watkins2_part1\\berg.jpg')]",,,,,,,,,,,,,,,,,,,,,,,,,,,,55,2026-07-27_12h23.21.685,watkins2_part1,,2026.1.3,143.41255925266896,2,23,Männlich,Muttersprache,Abitur,Anderes Studienfach,Bachelor,2026-07-27 12h23.22.708600 +0200,
16,0,16,,,16,0,16,0,,,,,221.7005640999996,,,,,,,,,,,,,,,,,,,,,,,,,,,,221.6938944000285,222.18191630003275,222.1948667000397,222.2011569000315,230.1971722000162,Ball,Flugzeug,C:\git\experiments\watkins2_part1\strand.jpg,"['Ball', 'Flugzeug', 'C:\\git\\experiments\\watkins2_part1\\strand.jpg']",test,2,"[('Staffelei', 'Dünger', 'C:\\git\\experiments\\watkins2_part1\\strand.jpg', 'C:\\git\\experiments\\watkins2_part1\\strand.jpg'), ('Heft', 'Puzzle', 'C:\\git\\experiments\\watkins2_part1\\strand.jpg', 'C:\\git\\experiments\\watkins2_part1\\strand.jpg'), ('Kamera', 'Sofa', 'C:\\git\\experiments\\watkins2_part1\\wald.jpg', 'C:\\git\\experiments\\watkins2_part1\\wald.jpg'), ('Krümel', 'Umschlag', 'C:\\git\\experiments\\watkins2_part1\\berg.jpg'), ('Schnee', 'Nichte', 'C:\\git\\experiments\\watkins2_part1\\wueste.jpg'), ('Laub', 'Schal', 'C:\\git\\experiments\\watkins2_part1\\strand.jpg'), ('Joggen', 'Banane', 'C:\\git\\experiments\\watkins2_part1\\wald.jpg'), ('Tee', 'Lampe', 'C:\\git\\experiments\\watkins2_part1\\wueste.jpg'), ('Katze', 'Topf', 'C:\\git\\experiments\\watkins2_part1\\wueste.jpg', 'C:\\git\\experiments\\watkins2_part1\\wueste.jpg'), ('Onkel', 'Beet', 'C:\\git\\experiments\\watkins2_part1\\wueste.jpg', 'C:\\git\\experiments\\watkins2_part1\\wueste.jpg'), ('Mütze', 'Fernseher', 'C:\\git\\experiments\\watkins2_part1\\wueste.jpg', 'C:\\git\\experiments\\watkins2_part1\\wueste.jpg'), ('Kaffee', 'Skulptur', 'C:\\git\\experiments\\watkins2_part1\\wald.jpg'), ('Locher', 'Tasse', 'C:\\git\\experiments\\watkins2_part1\\strand.jpg'), ('Bohrer', 'Hemd', 'C:\\git\\experiments\\watkins2_part1\\strand.jpg'), ('Löffel', 'Orange', 'C:\\git\\experiments\\watkins2_part1\\wald.jpg', 'C:\\git\\experiments\\watkins2_part1\\wald.jpg'), ('Geige', 'Kakao', 'C:\\git\\experiments\\watkins2_part1\\wueste.jpg'), ('Ball', 'Flugzeug', 'C:\\git\\experiments\\watkins2_part1\\strand.jpg', 'C:\\git\\experiments\\watkins2_part1\\strand.jpg'), ('Birne', 'Goldfisch', 'C:\\git\\experiments\\watkins2_part1\\wald.jpg', 'C:\\git\\experiments\\watkins2_part1\\wald.jpg'), ('Flöte', 'Wolke', 'C:\\git\\experiments\\watkins2_part1\\berg.jpg'), ('Teller', 'Großvater', 'C:\\git\\experiments\\watkins2_part1\\berg.jpg', 'C:\\git\\experiments\\watkins2_part1\\berg.jpg'), ('Schwester', 'Staub', 'C:\\git\\experiments\\watkins2_part1\\berg.jpg'), ('Fahrrad', 'Säge', 'C:\\git\\experiments\\watkins2_part1\\berg.jpg', 'C:\\git\\experiments\\watkins2_part1\\berg.jpg'), ('Boxen', 'Gitarre', 'C:\\git\\experiments\\watkins2_part1\\wald.jpg'), ('Bett', 'Regen', 'C:\\git\\experiments\\watkins2_part1\\berg.jpg', 'C:\\git\\experiments\\watkins2_part1\\berg.jpg')]",,,,,,,,,,,,,,,,,,,,,,,,,,,,55,2026-07-27_12h23.21.685,watkins2_part1,,2026.1.3,143.41255925266896,2,23,Männlich,Muttersprache,Abitur,Anderes Studienfach,Bachelor,2026-07-27 12h23.22.708600 +0200,
17,0,17,,,17,0,17,0,,,,,230.20396130002337,,,,,,,,,,,,,,,,,,,,,,,,,,,,230.19736799999373,230.68545799999265,230.70376669999678,230.71087559999432,238.6990885999985,Birne,Goldfisch,C:\git\experiments\watkins2_part1\wald.jpg,"['Birne', 'Goldfisch', 'C:\\git\\experiments\\watkins2_part1\\wald.jpg']",test,2,"[('Staffelei', 'Dünger', 'C:\\git\\experiments\\watkins2_part1\\strand.jpg', 'C:\\git\\experiments\\watkins2_part1\\strand.jpg'), ('Heft', 'Puzzle', 'C:\\git\\experiments\\watkins2_part1\\strand.jpg', 'C:\\git\\experiments\\watkins2_part1\\strand.jpg'), ('Kamera', 'Sofa', 'C:\\git\\experiments\\watkins2_part1\\wald.jpg', 'C:\\git\\experiments\\watkins2_part1\\wald.jpg'), ('Krümel', 'Umschlag', 'C:\\git\\experiments\\watkins2_part1\\berg.jpg'), ('Schnee', 'Nichte', 'C:\\git\\experiments\\watkins2_part1\\wueste.jpg'), ('Laub', 'Schal', 'C:\\git\\experiments\\watkins2_part1\\strand.jpg'), ('Joggen', 'Banane', 'C:\\git\\experiments\\watkins2_part1\\wald.jpg'), ('Tee', 'Lampe', 'C:\\git\\experiments\\watkins2_part1\\wueste.jpg'), ('Katze', 'Topf', 'C:\\git\\experiments\\watkins2_part1\\wueste.jpg', 'C:\\git\\experiments\\watkins2_part1\\wueste.jpg'), ('Onkel', 'Beet', 'C:\\git\\experiments\\watkins2_part1\\wueste.jpg', 'C:\\git\\experiments\\watkins2_part1\\wueste.jpg'), ('Mütze', 'Fernseher', 'C:\\git\\experiments\\watkins2_part1\\wueste.jpg', 'C:\\git\\experiments\\watkins2_part1\\wueste.jpg'), ('Kaffee', 'Skulptur', 'C:\\git\\experiments\\watkins2_part1\\wald.jpg'), ('Locher', 'Tasse', 'C:\\git\\experiments\\watkins2_part1\\strand.jpg'), ('Bohrer', 'Hemd', 'C:\\git\\experiments\\watkins2_part1\\strand.jpg'), ('Löffel', 'Orange', 'C:\\git\\experiments\\watkins2_part1\\wald.jpg', 'C:\\git\\experiments\\watkins2_part1\\wald.jpg'), ('Geige', 'Kakao', 'C:\\git\\experiments\\watkins2_part1\\wueste.jpg'), ('Ball', 'Flugzeug', 'C:\\git\\experiments\\watkins2_part1\\strand.jpg', 'C:\\git\\experiments\\watkins2_part1\\strand.jpg'), ('Birne', 'Goldfisch', 'C:\\git\\experiments\\watkins2_part1\\wald.jpg', 'C:\\git\\experiments\\watkins2_part1\\wald.jpg'), ('Flöte', 'Wolke', 'C:\\git\\experiments\\watkins2_part1\\berg.jpg'), ('Teller', 'Großvater', 'C:\\git\\experiments\\watkins2_part1\\berg.jpg', 'C:\\git\\experiments\\watkins2_part1\\berg.jpg'), ('Schwester', 'Staub', 'C:\\git\\experiments\\watkins2_part1\\berg.jpg'), ('Fahrrad', 'Säge', 'C:\\git\\experiments\\watkins2_part1\\berg.jpg', 'C:\\git\\experiments\\watkins2_part1\\berg.jpg'), ('Boxen', 'Gitarre', 'C:\\git\\experiments\\watkins2_part1\\wald.jpg'), ('Bett', 'Regen', 'C:\\git\\experiments\\watkins2_part1\\berg.jpg', 'C:\\git\\experiments\\watkins2_part1\\berg.jpg')]",,,,,,,,,,,,,,,,,,,,,,,,,,,,55,2026-07-27_12h23.21.685,watkins2_part1,,2026.1.3,143.41255925266896,2,23,Männlich,Muttersprache,Abitur,Anderes Studienfach,Bachelor,2026-07-27 12h23.22.708600 +0200,
18,0,18,,,18,0,18,0,,,,,238.70596150000347,,,,,,,,,,,,,,,,,,,,,,,,,,,,238.6992816000129,239.18722299998626,239.21509980002884,239.2197681000107,247.20172340003774,Flöte,Wolke,C:\git\experiments\watkins2_part1\berg.jpg,"['Flöte', 'Wolke', 'C:\\git\\experiments\\watkins2_part1\\berg.jpg']",study,2,"[('Staffelei', 'Dünger', 'C:\\git\\experiments\\watkins2_part1\\strand.jpg', 'C:\\git\\experiments\\watkins2_part1\\strand.jpg'), ('Heft', 'Puzzle', 'C:\\git\\experiments\\watkins2_part1\\strand.jpg', 'C:\\git\\experiments\\watkins2_part1\\strand.jpg'), ('Kamera', 'Sofa', 'C:\\git\\experiments\\watkins2_part1\\wald.jpg', 'C:\\git\\experiments\\watkins2_part1\\wald.jpg'), ('Krümel', 'Umschlag', 'C:\\git\\experiments\\watkins2_part1\\berg.jpg'), ('Schnee', 'Nichte', 'C:\\git\\experiments\\watkins2_part1\\wueste.jpg'), ('Laub', 'Schal', 'C:\\git\\experiments\\watkins2_part1\\strand.jpg'), ('Joggen', 'Banane', 'C:\\git\\experiments\\watkins2_part1\\wald.jpg'), ('Tee', 'Lampe', 'C:\\git\\experiments\\watkins2_part1\\wueste.jpg'), ('Katze', 'Topf', 'C:\\git\\experiments\\watkins2_part1\\wueste.jpg', 'C:\\git\\experiments\\watkins2_part1\\wueste.jpg'), ('Onkel', 'Beet', 'C:\\git\\experiments\\watkins2_part1\\wueste.jpg', 'C:\\git\\experiments\\watkins2_part1\\wueste.jpg'), ('Mütze', 'Fernseher', 'C:\\git\\experiments\\watkins2_part1\\wueste.jpg', 'C:\\git\\experiments\\watkins2_part1\\wueste.jpg'), ('Kaffee', 'Skulptur', 'C:\\git\\experiments\\watkins2_part1\\wald.jpg'), ('Locher', 'Tasse', 'C:\\git\\experiments\\watkins2_part1\\strand.jpg'), ('Bohrer', 'Hemd', 'C:\\git\\experiments\\watkins2_part1\\strand.jpg'), ('Löffel', 'Orange', 'C:\\git\\experiments\\watkins2_part1\\wald.jpg', 'C:\\git\\experiments\\watkins2_part1\\wald.jpg'), ('Geige', 'Kakao', 'C:\\git\\experiments\\watkins2_part1\\wueste.jpg'), ('Ball', 'Flugzeug', 'C:\\git\\experiments\\watkins2_part1\\strand.jpg', 'C:\\git\\experiments\\watkins2_part1\\strand.jpg'), ('Birne', 'Goldfisch', 'C:\\git\\experiments\\watkins2_part1\\wald.jpg', 'C:\\git\\experiments\\watkins2_part1\\wald.jpg'), ('Flöte', 'Wolke', 'C:\\git\\experiments\\watkins2_part1\\berg.jpg'), ('Teller', 'Großvater', 'C:\\git\\experiments\\watkins2_part1\\berg.jpg', 'C:\\git\\experiments\\watkins2_part1\\berg.jpg'), ('Schwester', 'Staub', 'C:\\git\\experiments\\watkins2_part1\\berg.jpg'), ('Fahrrad', 'Säge', 'C:\\git\\experiments\\watkins2_part1\\berg.jpg', 'C:\\git\\experiments\\watkins2_part1\\berg.jpg'), ('Boxen', 'Gitarre', 'C:\\git\\experiments\\watkins2_part1\\wald.jpg'), ('Bett', 'Regen', 'C:\\git\\experiments\\watkins2_part1\\berg.jpg', 'C:\\git\\experiments\\watkins2_part1\\berg.jpg')]",,,,,,,,,,,,,,,,,,,,,,,,,,,,55,2026-07-27_12h23.21.685,watkins2_part1,,2026.1.3,143.41255925266896,2,23,Männlich,Muttersprache,Abitur,Anderes Studienfach,Bachelor,2026-07-27 12h23.22.708600 +0200,
19,0,19,,,19,0,19,0,,,,,247.2085734999855,,,,,,,,,,,,,,,,,,,,,,,,,,,,247.20191500004148,247.68989949999377,247.71545600000536,247.72013700002572,255.7069560000091,Teller,Großvater,C:\git\experiments\watkins2_part1\berg.jpg,"['Teller', 'Großvater', 'C:\\git\\experiments\\watkins2_part1\\berg.jpg']",test,2,"[('Staffelei', 'Dünger', 'C:\\git\\experiments\\watkins2_part1\\strand.jpg', 'C:\\git\\experiments\\watkins2_part1\\strand.jpg'), ('Heft', 'Puzzle', 'C:\\git\\experiments\\watkins2_part1\\strand.jpg', 'C:\\git\\experiments\\watkins2_part1\\strand.jpg'), ('Kamera', 'Sofa', 'C:\\git\\experiments\\watkins2_part1\\wald.jpg', 'C:\\git\\experiments\\watkins2_part1\\wald.jpg'), ('Krümel', 'Umschlag', 'C:\\git\\experiments\\watkins2_part1\\berg.jpg'), ('Schnee', 'Nichte', 'C:\\git\\experiments\\watkins2_part1\\wueste.jpg'), ('Laub', 'Schal', 'C:\\git\\experiments\\watkins2_part1\\strand.jpg'), ('Joggen', 'Banane', 'C:\\git\\experiments\\watkins2_part1\\wald.jpg'), ('Tee', 'Lampe', 'C:\\git\\experiments\\watkins2_part1\\wueste.jpg'), ('Katze', 'Topf', 'C:\\git\\experiments\\watkins2_part1\\wueste.jpg', 'C:\\git\\experiments\\watkins2_part1\\wueste.jpg'), ('Onkel', 'Beet', 'C:\\git\\experiments\\watkins2_part1\\wueste.jpg', 'C:\\git\\experiments\\watkins2_part1\\wueste.jpg'), ('Mütze', 'Fernseher', 'C:\\git\\experiments\\watkins2_part1\\wueste.jpg', 'C:\\git\\experiments\\watkins2_part1\\wueste.jpg'), ('Kaffee', 'Skulptur', 'C:\\git\\experiments\\watkins2_part1\\wald.jpg'), ('Locher', 'Tasse', 'C:\\git\\experiments\\watkins2_part1\\strand.jpg'), ('Bohrer', 'Hemd', 'C:\\git\\experiments\\watkins2_part1\\strand.jpg'), ('Löffel', 'Orange', 'C:\\git\\experiments\\watkins2_part1\\wald.jpg', 'C:\\git\\experiments\\watkins2_part1\\wald.jpg'), ('Geige', 'Kakao', 'C:\\git\\experiments\\watkins2_part1\\wueste.jpg'), ('Ball', 'Flugzeug', 'C:\\git\\experiments\\watkins2_part1\\strand.jpg', 'C:\\git\\experiments\\watkins2_part1\\strand.jpg'), ('Birne', 'Goldfisch', 'C:\\git\\experiments\\watkins2_part1\\wald.jpg', 'C:\\git\\experiments\\watkins2_part1\\wald.jpg'), ('Flöte', 'Wolke', 'C:\\git\\experiments\\watkins2_part1\\berg.jpg'), ('Teller', 'Großvater', 'C:\\git\\experiments\\watkins2_part1\\berg.jpg', 'C:\\git\\experiments\\watkins2_part1\\berg.jpg'), ('Schwester', 'Staub', 'C:\\git\\experiments\\watkins2_part1\\berg.jpg'), ('Fahrrad', 'Säge', 'C:\\git\\experiments\\watkins2_part1\\berg.jpg', 'C:\\git\\experiments\\watkins2_part1\\berg.jpg'), ('Boxen', 'Gitarre', 'C:\\git\\experiments\\watkins2_part1\\wald.jpg'), ('Bett', 'Regen', 'C:\\git\\experiments\\watkins2_part1\\berg.jpg', 'C:\\git\\experiments\\watkins2_part1\\berg.jpg')]",,,,,,,,,,,,,,,,,,,,,,,,,,,,55,2026-07-27_12h23.21.685,watkins2_part1,,2026.1.3,143.41255925266896,2,23,Männlich,Muttersprache,Abitur,Anderes Studienfach,Bachelor,2026-07-27 12h23.22.708600 +0200,
20,0,20,,,20,0,20,0,,,,,255.7138130000094,,,,,,,,,,,,,,,,,,,,,,,,,,,,255.70714760001283,256.1951104000327,256.2203915999853,256.2249913000269,264.2118005999946,Schwester,Staub,C:\git\experiments\watkins2_part1\berg.jpg,"['Schwester', 'Staub', 'C:\\git\\experiments\\watkins2_part1\\berg.jpg']",study,2,"[('Staffelei', 'Dünger', 'C:\\git\\experiments\\watkins2_part1\\strand.jpg', 'C:\\git\\experiments\\watkins2_part1\\strand.jpg'), ('Heft', 'Puzzle', 'C:\\git\\experiments\\watkins2_part1\\strand.jpg', 'C:\\git\\experiments\\watkins2_part1\\strand.jpg'), ('Kamera', 'Sofa', 'C:\\git\\experiments\\watkins2_part1\\wald.jpg', 'C:\\git\\experiments\\watkins2_part1\\wald.jpg'), ('Krümel', 'Umschlag', 'C:\\git\\experiments\\watkins2_part1\\berg.jpg'), ('Schnee', 'Nichte', 'C:\\git\\experiments\\watkins2_part1\\wueste.jpg'), ('Laub', 'Schal', 'C:\\git\\experiments\\watkins2_part1\\strand.jpg'), ('Joggen', 'Banane', 'C:\\git\\experiments\\watkins2_part1\\wald.jpg'), ('Tee', 'Lampe', 'C:\\git\\experiments\\watkins2_part1\\wueste.jpg'), ('Katze', 'Topf', 'C:\\git\\experiments\\watkins2_part1\\wueste.jpg', 'C:\\git\\experiments\\watkins2_part1\\wueste.jpg'), ('Onkel', 'Beet', 'C:\\git\\experiments\\watkins2_part1\\wueste.jpg', 'C:\\git\\experiments\\watkins2_part1\\wueste.jpg'), ('Mütze', 'Fernseher', 'C:\\git\\experiments\\watkins2_part1\\wueste.jpg', 'C:\\git\\experiments\\watkins2_part1\\wueste.jpg'), ('Kaffee', 'Skulptur', 'C:\\git\\experiments\\watkins2_part1\\wald.jpg'), ('Locher', 'Tasse', 'C:\\git\\experiments\\watkins2_part1\\strand.jpg'), ('Bohrer', 'Hemd', 'C:\\git\\experiments\\watkins2_part1\\strand.jpg'), ('Löffel', 'Orange', 'C:\\git\\experiments\\watkins2_part1\\wald.jpg', 'C:\\git\\experiments\\watkins2_part1\\wald.jpg'), ('Geige', 'Kakao', 'C:\\git\\experiments\\watkins2_part1\\wueste.jpg'), ('Ball', 'Flugzeug', 'C:\\git\\experiments\\watkins2_part1\\strand.jpg', 'C:\\git\\experiments\\watkins2_part1\\strand.jpg'), ('Birne', 'Goldfisch', 'C:\\git\\experiments\\watkins2_part1\\wald.jpg', 'C:\\git\\experiments\\watkins2_part1\\wald.jpg'), ('Flöte', 'Wolke', 'C:\\git\\experiments\\watkins2_part1\\berg.jpg'), ('Teller', 'Großvater', 'C:\\git\\experiments\\watkins2_part1\\berg.jpg', 'C:\\git\\experiments\\watkins2_part1\\berg.jpg'), ('Schwester', 'Staub', 'C:\\git\\experiments\\watkins2_part1\\berg.jpg'), ('Fahrrad', 'Säge', 'C:\\git\\experiments\\watkins2_part1\\berg.jpg', 'C:\\git\\experiments\\watkins2_part1\\berg.jpg'), ('Boxen', 'Gitarre', 'C:\\git\\experiments\\watkins2_part1\\wald.jpg'), ('Bett', 'Regen', 'C:\\git\\experiments\\watkins2_part1\\berg.jpg', 'C:\\git\\experiments\\watkins2_part1\\berg.jpg')]",,,,,,,,,,,,,,,,,,,,,,,,,,,,55,2026-07-27_12h23.21.685,watkins2_part1,,2026.1.3,143.41255925266896,2,23,Männlich,Muttersprache,Abitur,Anderes Studienfach,Bachelor,2026-07-27 12h23.22.708600 +0200,
21,0,21,,,21,0,21,0,,,,,264.21862020000117,,,,,,,,,,,,,,,,,,,,,,,,,,,,264.21200310002314,264.69996200001333,264.72476190002635,264.7293434999883,272.71476549998624,Fahrrad,Säge,C:\git\experiments\watkins2_part1\berg.jpg,"['Fahrrad', 'Säge', 'C:\\git\\experiments\\watkins2_part1\\berg.jpg']",test,2,"[('Staffelei', 'Dünger', 'C:\\git\\experiments\\watkins2_part1\\strand.jpg', 'C:\\git\\experiments\\watkins2_part1\\strand.jpg'), ('Heft', 'Puzzle', 'C:\\git\\experiments\\watkins2_part1\\strand.jpg', 'C:\\git\\experiments\\watkins2_part1\\strand.jpg'), ('Kamera', 'Sofa', 'C:\\git\\experiments\\watkins2_part1\\wald.jpg', 'C:\\git\\experiments\\watkins2_part1\\wald.jpg'), ('Krümel', 'Umschlag', 'C:\\git\\experiments\\watkins2_part1\\berg.jpg'), ('Schnee', 'Nichte', 'C:\\git\\experiments\\watkins2_part1\\wueste.jpg'), ('Laub', 'Schal', 'C:\\git\\experiments\\watkins2_part1\\strand.jpg'), ('Joggen', 'Banane', 'C:\\git\\experiments\\watkins2_part1\\wald.jpg'), ('Tee', 'Lampe', 'C:\\git\\experiments\\watkins2_part1\\wueste.jpg'), ('Katze', 'Topf', 'C:\\git\\experiments\\watkins2_part1\\wueste.jpg', 'C:\\git\\experiments\\watkins2_part1\\wueste.jpg'), ('Onkel', 'Beet', 'C:\\git\\experiments\\watkins2_part1\\wueste.jpg', 'C:\\git\\experiments\\watkins2_part1\\wueste.jpg'), ('Mütze', 'Fernseher', 'C:\\git\\experiments\\watkins2_part1\\wueste.jpg', 'C:\\git\\experiments\\watkins2_part1\\wueste.jpg'), ('Kaffee', 'Skulptur', 'C:\\git\\experiments\\watkins2_part1\\wald.jpg'), ('Locher', 'Tasse', 'C:\\git\\experiments\\watkins2_part1\\strand.jpg'), ('Bohrer', 'Hemd', 'C:\\git\\experiments\\watkins2_part1\\strand.jpg'), ('Löffel', 'Orange', 'C:\\git\\experiments\\watkins2_part1\\wald.jpg', 'C:\\git\\experiments\\watkins2_part1\\wald.jpg'), ('Geige', 'Kakao', 'C:\\git\\experiments\\watkins2_part1\\wueste.jpg'), ('Ball', 'Flugzeug', 'C:\\git\\experiments\\watkins2_part1\\strand.jpg', 'C:\\git\\experiments\\watkins2_part1\\strand.jpg'), ('Birne', 'Goldfisch', 'C:\\git\\experiments\\watkins2_part1\\wald.jpg', 'C:\\git\\experiments\\watkins2_part1\\wald.jpg'), ('Flöte', 'Wolke', 'C:\\git\\experiments\\watkins2_part1\\berg.jpg'), ('Teller', 'Großvater', 'C:\\git\\experiments\\watkins2_part1\\berg.jpg', 'C:\\git\\experiments\\watkins2_part1\\berg.jpg'), ('Schwester', 'Staub', 'C:\\git\\experiments\\watkins2_part1\\berg.jpg'), ('Fahrrad', 'Säge', 'C:\\git\\experiments\\watkins2_part1\\berg.jpg', 'C:\\git\\experiments\\watkins2_part1\\berg.jpg'), ('Boxen', 'Gitarre', 'C:\\git\\experiments\\watkins2_part1\\wald.jpg'), ('Bett', 'Regen', 'C:\\git\\experiments\\watkins2_part1\\berg.jpg', 'C:\\git\\experiments\\watkins2_part1\\berg.jpg')]",,,,,,,,,,,,,,,,,,,,,,,,,,,,55,2026-07-27_12h23.21.685,watkins2_part1,,2026.1.3,143.41255925266896,2,23,Männlich,Muttersprache,Abitur,Anderes Studienfach,Bachelor,2026-07-27 12h23.22.708600 +0200,
22,0,22,,,22,0,22,0,,,,,272.72162180003943,,,,,,,,,,,,,,,,,,,,,,,,,,,,272.71496030001435,273.2028394000372,273.22250060003716,273.22694810002577,281.22180490003666,Boxen,Gitarre,C:\git\experiments\watkins2_part1\wald.jpg,"['Boxen', 'Gitarre', 'C:\\git\\experiments\\watkins2_part1\\wald.jpg']",study,2,"[('Staffelei', 'Dünger', 'C:\\git\\experiments\\watkins2_part1\\strand.jpg', 'C:\\git\\experiments\\watkins2_part1\\strand.jpg'), ('Heft', 'Puzzle', 'C:\\git\\experiments\\watkins2_part1\\strand.jpg', 'C:\\git\\experiments\\watkins2_part1\\strand.jpg'), ('Kamera', 'Sofa', 'C:\\git\\experiments\\watkins2_part1\\wald.jpg', 'C:\\git\\experiments\\watkins2_part1\\wald.jpg'), ('Krümel', 'Umschlag', 'C:\\git\\experiments\\watkins2_part1\\berg.jpg'), ('Schnee', 'Nichte', 'C:\\git\\experiments\\watkins2_part1\\wueste.jpg'), ('Laub', 'Schal', 'C:\\git\\experiments\\watkins2_part1\\strand.jpg'), ('Joggen', 'Banane', 'C:\\git\\experiments\\watkins2_part1\\wald.jpg'), ('Tee', 'Lampe', 'C:\\git\\experiments\\watkins2_part1\\wueste.jpg'), ('Katze', 'Topf', 'C:\\git\\experiments\\watkins2_part1\\wueste.jpg', 'C:\\git\\experiments\\watkins2_part1\\wueste.jpg'), ('Onkel', 'Beet', 'C:\\git\\experiments\\watkins2_part1\\wueste.jpg', 'C:\\git\\experiments\\watkins2_part1\\wueste.jpg'), ('Mütze', 'Fernseher', 'C:\\git\\experiments\\watkins2_part1\\wueste.jpg', 'C:\\git\\experiments\\watkins2_part1\\wueste.jpg'), ('Kaffee', 'Skulptur', 'C:\\git\\experiments\\watkins2_part1\\wald.jpg'), ('Locher', 'Tasse', 'C:\\git\\experiments\\watkins2_part1\\strand.jpg'), ('Bohrer', 'Hemd', 'C:\\git\\experiments\\watkins2_part1\\strand.jpg'), ('Löffel', 'Orange', 'C:\\git\\experiments\\watkins2_part1\\wald.jpg', 'C:\\git\\experiments\\watkins2_part1\\wald.jpg'), ('Geige', 'Kakao', 'C:\\git\\experiments\\watkins2_part1\\wueste.jpg'), ('Ball', 'Flugzeug', 'C:\\git\\experiments\\watkins2_part1\\strand.jpg', 'C:\\git\\experiments\\watkins2_part1\\strand.jpg'), ('Birne', 'Goldfisch', 'C:\\git\\experiments\\watkins2_part1\\wald.jpg', 'C:\\git\\experiments\\watkins2_part1\\wald.jpg'), ('Flöte', 'Wolke', 'C:\\git\\experiments\\watkins2_part1\\berg.jpg'), ('Teller', 'Großvater', 'C:\\git\\experiments\\watkins2_part1\\berg.jpg', 'C:\\git\\experiments\\watkins2_part1\\berg.jpg'), ('Schwester', 'Staub', 'C:\\git\\experiments\\watkins2_part1\\berg.jpg'), ('Fahrrad', 'Säge', 'C:\\git\\experiments\\watkins2_part1\\berg.jpg', 'C:\\git\\experiments\\watkins2_part1\\berg.jpg'), ('Boxen', 'Gitarre', 'C:\\git\\experiments\\watkins2_part1\\wald.jpg'), ('Bett', 'Regen', 'C:\\git\\experiments\\watkins2_part1\\berg.jpg', 'C:\\git\\experiments\\watkins2_part1\\berg.jpg')]",,,,,,,,,,,,,,,,,,,,,,,,,,,,55,2026-07-27_12h23.21.685,watkins2_part1,,2026.1.3,143.41255925266896,2,23,Männlich,Muttersprache,Abitur,Anderes Studienfach,Bachelor,2026-07-27 12h23.22.708600 +0200,
23,0,23,,,23,0,23,0,,,,,281.2286220000242,,,,,,,,,,,,,,,,,,,,,,,,,,,,281.221995000029,281.71000830002595,281.73831420001807,281.7429136999999,289.7248226000229,Bett,Regen,C:\git\experiments\watkins2_part1\berg.jpg,"['Bett', 'Regen', 'C:\\git\\experiments\\watkins2_part1\\berg.jpg']",test,2,"[('Staffelei', 'Dünger', 'C:\\git\\experiments\\watkins2_part1\\strand.jpg', 'C:\\git\\experiments\\watkins2_part1\\strand.jpg'), ('Heft', 'Puzzle', 'C:\\git\\experiments\\watkins2_part1\\strand.jpg', 'C:\\git\\experiments\\watkins2_part1\\strand.jpg'), ('Kamera', 'Sofa', 'C:\\git\\experiments\\watkins2_part1\\wald.jpg', 'C:\\git\\experiments\\watkins2_part1\\wald.jpg'), ('Krümel', 'Umschlag', 'C:\\git\\experiments\\watkins2_part1\\berg.jpg'), ('Schnee', 'Nichte', 'C:\\git\\experiments\\watkins2_part1\\wueste.jpg'), ('Laub', 'Schal', 'C:\\git\\experiments\\watkins2_part1\\strand.jpg'), ('Joggen', 'Banane', 'C:\\git\\experiments\\watkins2_part1\\wald.jpg'), ('Tee', 'Lampe', 'C:\\git\\experiments\\watkins2_part1\\wueste.jpg'), ('Katze', 'Topf', 'C:\\git\\experiments\\watkins2_part1\\wueste.jpg', 'C:\\git\\experiments\\watkins2_part1\\wueste.jpg'), ('Onkel', 'Beet', 'C:\\git\\experiments\\watkins2_part1\\wueste.jpg', 'C:\\git\\experiments\\watkins2_part1\\wueste.jpg'), ('Mütze', 'Fernseher', 'C:\\git\\experiments\\watkins2_part1\\wueste.jpg', 'C:\\git\\experiments\\watkins2_part1\\wueste.jpg'), ('Kaffee', 'Skulptur', 'C:\\git\\experiments\\watkins2_part1\\wald.jpg'), ('Locher', 'Tasse', 'C:\\git\\experiments\\watkins2_part1\\strand.jpg'), ('Bohrer', 'Hemd', 'C:\\git\\experiments\\watkins2_part1\\strand.jpg'), ('Löffel', 'Orange', 'C:\\git\\experiments\\watkins2_part1\\wald.jpg', 'C:\\git\\experiments\\watkins2_part1\\wald.jpg'), ('Geige', 'Kakao', 'C:\\git\\experiments\\watkins2_part1\\wueste.jpg'), ('Ball', 'Flugzeug', 'C:\\git\\experiments\\watkins2_part1\\strand.jpg', 'C:\\git\\experiments\\watkins2_part1\\strand.jpg'), ('Birne', 'Goldfisch', 'C:\\git\\experiments\\watkins2_part1\\wald.jpg', 'C:\\git\\experiments\\watkins2_part1\\wald.jpg'), ('Flöte', 'Wolke', 'C:\\git\\experiments\\watkins2_part1\\berg.jpg'), ('Teller', 'Großvater', 'C:\\git\\experiments\\watkins2_part1\\berg.jpg', 'C:\\git\\experiments\\watkins2_part1\\berg.jpg'), ('Schwester', 'Staub', 'C:\\git\\experiments\\watkins2_part1\\berg.jpg'), ('Fahrrad', 'Säge', 'C:\\git\\experiments\\watkins2_part1\\berg.jpg', 'C:\\git\\experiments\\watkins2_part1\\berg.jpg'), ('Boxen', 'Gitarre', 'C:\\git\\experiments\\watkins2_part1\\wald.jpg'), ('Bett', 'Regen', 'C:\\git\\experiments\\watkins2_part1\\berg.jpg', 'C:\\git\\experiments\\watkins2_part1\\berg.jpg')]",,,,,,,,,,,,,,,,,,,,,,,,,,,,55,2026-07-27_12h23.21.685,watkins2_part1,,2026.1.3,143.41255925266896,2,23,Männlich,Muttersprache,Abitur,Anderes Studienfach,Bachelor,2026-07-27 12h23.22.708600 +0200,
,,,,,,,,,,,,,,,,,,,,,,,,,,,,,,,,,,,,,,,,,,,,,,,,,,,2,,289.72526510001626,289.7316938000149,316.6741878000321,,,,,,,,,,,,,,,,,,,,,,,,,55,2026-07-27_12h23.21.685,watkins2_part1,,2026.1.3,143.41255925266896,2,23,Männlich,Muttersprache,Abitur,Anderes Studienfach,Bachelor,2026-07-27 12h23.22.708600 +0200,
,,,,,,,,,,,,,,,,,,,,,,,,,,,,,,,,,,,,,,,,,,,,,,,,,,,2,,,,,316.685773300007,329.126699299959,,,,,,,,,,,,,,,,,,,,,,,55,2026-07-27_12h23.21.685,watkins2_part1,,2026.1.3,143.41255925266896,2,23,Männlich,Muttersprache,Abitur,Anderes Studienfach,Bachelor,2026-07-27 12h23.22.708600 +0200,
,,,,,,,,,,,,,,,,,,,,,,,,,,,,,,,,,,,,,,,,,,,,,,,,,,,2,,,,,,,329.1269598999643,329.1401413999847,344.48653519997606,Katze,Katze,,,,,,,,,,,,,,,,,,55,2026-07-27_12h23.21.685,watkins2_part1,,2026.1.3,143.41255925266896,2,23,Männlich,Muttersprache,Abitur,Anderes Studienfach,Bachelor,2026-07-27 12h23.22.708600 +0200,
,,,,,,,,,,,,,,,,,,,,,,,,,,,,,,,,,,,,,,,344.48657530004857,345.4762136999634,,,,,,,,,,,2,,,,,,,,,,,,,,,,,,,,,,,,,,,,,55,2026-07-27_12h23.21.685,watkins2_part1,,2026.1.3,143.41255925266896,2,23,Männlich,Muttersprache,Abitur,Anderes Studienfach,Bachelor,2026-07-27 12h23.22.708600 +0200,
0,0,0,0,Opa,,,,,0,0,0,0,345.48317880003015,,,,,,,,,,,,,,,,,,,,,,,,,,,,345.47665779996896,345.9642918999889,,,,Teller,Großvater,,"['Teller', 'Großvater', 'C:\\git\\experiments\\watkins2_part1\\berg.jpg']",test,2,,,,,,,,,,,,345.476500400051,345.4765553000034,C:\git\experiments\watkins2_part1\berg.jpg,"[('Teller', 'Großvater', 'C:\\git\\experiments\\watkins2_part1\\berg.jpg', 'C:\\git\\experiments\\watkins2_part1\\berg.jpg'), ('Computer', 'Schwimmen', 'C:\\git\\experiments\\watkins2_part1\\strand.jpg'), ('Löffel', 'Orange', 'C:\\git\\experiments\\watkins2_part1\\wald.jpg', 'C:\\git\\experiments\\watkins2_part1\\wald.jpg'), ('Traube', 'Limonade', 'C:\\git\\experiments\\watkins2_part1\\strand.jpg'), ('Wind', 'Bus', 'C:\\git\\experiments\\watkins2_part1\\wueste.jpg'), ('Kamera', 'Sofa', 'C:\\git\\experiments\\watkins2_part1\\wald.jpg', 'C:\\git\\experiments\\watkins2_part1\\wald.jpg'), ('Auto', 'Müll', 'C:\\git\\experiments\\watkins2_part1\\berg.jpg'), ('Ball', 'Flugzeug', 'C:\\git\\experiments\\watkins2_part1\\strand.jpg', 'C:\\git\\experiments\\watkins2_part1\\strand.jpg'), ('Kreisel', 'Leinwand', 'C:\\git\\experiments\\watkins2_part1\\strand.jpg'), ('Rasen', 'Würfel', 'C:\\git\\experiments\\watkins2_part1\\wueste.jpg'), ('Staffelei', 'Dünger', 'C:\\git\\experiments\\watkins2_part1\\strand.jpg', 'C:\\git\\experiments\\watkins2_part1\\strand.jpg'), ('Matsch', 'Zange', 'C:\\git\\experiments\\watkins2_part1\\wald.jpg'), ('Hammer', 'Mappe', 'C:\\git\\experiments\\watkins2_part1\\wueste.jpg'), ('Heft', 'Puzzle', 'C:\\git\\experiments\\watkins2_part1\\strand.jpg', 'C:\\git\\experiments\\watkins2_part1\\strand.jpg'), ('Jacke', 'Trommel', 'C:\\git\\experiments\\watkins2_part1\\berg.jpg'), ('Bett', 'Regen', 'C:\\git\\experiments\\watkins2_part1\\berg.jpg', 'C:\\git\\experiments\\watkins2_part1\\berg.jpg'), ('Hamster', 'Drucker', 'C:\\git\\experiments\\watkins2_part1\\wald.jpg'), ('Fenster', 'Tennis', 'C:\\git\\experiments\\watkins2_part1\\berg.jpg'), ('Mütze', 'Fernseher', 'C:\\git\\experiments\\watkins2_part1\\wueste.jpg', 'C:\\git\\experiments\\watkins2_part1\\wueste.jpg'), ('Pinsel', 'Kaninchen', 'C:\\git\\experiments\\watkins2_part1\\wald.jpg'), ('Katze', 'Topf', 'C:\\git\\experiments\\watkins2_part1\\wueste.jpg', 'C:\\git\\experiments\\watkins2_part1\\wueste.jpg'), ('Fahrrad', 'Säge', 'C:\\git\\experiments\\watkins2_part1\\berg.jpg', 'C:\\git\\experiments\\watkins2_part1\\berg.jpg'), ('Onkel', 'Beet', 'C:\\git\\experiments\\watkins2_part1\\wueste.jpg', 'C:\\git\\experiments\\watkins2_part1\\wueste.jpg'), ('Birne', 'Goldfisch', 'C:\\git\\experiments\\watkins2_part1\\wald.jpg', 'C:\\git\\experiments\\watkins2_part1\\wald.jpg')]",345.9921907999669,345.9922397999908,346.0208876999677,346.02094120002585,346.04806030000327,346.05763250001473,0,354.0229762000381,None,None,Opa,Opa,,55,2026-07-27_12h23.21.685,watkins2_part1,,2026.1.3,143.41255925266896,2,23,Männlich,Muttersprache,Abitur,Anderes Studienfach,Bachelor,2026-07-27 12h23.22.708600 +0200,
1,0,1,,,,,,,1,0,1,0,354.02976090001175,,,,,,,,,,,,,,,,,,,,,,,,,,,,354.0232533000526,354.510993300064,,,,Computer,Schwimmen,,"['Computer', 'Schwimmen', 'C:\\git\\experiments\\watkins2_part1\\strand.jpg']",study_new,2,,,,,,,,,,,,354.023093900003,354.0231485000695,C:\git\experiments\watkins2_part1\strand.jpg,"[('Teller', 'Großvater', 'C:\\git\\experiments\\watkins2_part1\\berg.jpg', 'C:\\git\\experiments\\watkins2_part1\\berg.jpg'), ('Computer', 'Schwimmen', 'C:\\git\\experiments\\watkins2_part1\\strand.jpg'), ('Löffel', 'Orange', 'C:\\git\\experiments\\watkins2_part1\\wald.jpg', 'C:\\git\\experiments\\watkins2_part1\\wald.jpg'), ('Traube', 'Limonade', 'C:\\git\\experiments\\watkins2_part1\\strand.jpg'), ('Wind', 'Bus', 'C:\\git\\experiments\\watkins2_part1\\wueste.jpg'), ('Kamera', 'Sofa', 'C:\\git\\experiments\\watkins2_part1\\wald.jpg', 'C:\\git\\experiments\\watkins2_part1\\wald.jpg'), ('Auto', 'Müll', 'C:\\git\\experiments\\watkins2_part1\\berg.jpg'), ('Ball', 'Flugzeug', 'C:\\git\\experiments\\watkins2_part1\\strand.jpg', 'C:\\git\\experiments\\watkins2_part1\\strand.jpg'), ('Kreisel', 'Leinwand', 'C:\\git\\experiments\\watkins2_part1\\strand.jpg'), ('Rasen', 'Würfel', 'C:\\git\\experiments\\watkins2_part1\\wueste.jpg'), ('Staffelei', 'Dünger', 'C:\\git\\experiments\\watkins2_part1\\strand.jpg', 'C:\\git\\experiments\\watkins2_part1\\strand.jpg'), ('Matsch', 'Zange', 'C:\\git\\experiments\\watkins2_part1\\wald.jpg'), ('Hammer', 'Mappe', 'C:\\git\\experiments\\watkins2_part1\\wueste.jpg'), ('Heft', 'Puzzle', 'C:\\git\\experiments\\watkins2_part1\\strand.jpg', 'C:\\git\\experiments\\watkins2_part1\\strand.jpg'), ('Jacke', 'Trommel', 'C:\\git\\experiments\\watkins2_part1\\berg.jpg'), ('Bett', 'Regen', 'C:\\git\\experiments\\watkins2_part1\\berg.jpg', 'C:\\git\\experiments\\watkins2_part1\\berg.jpg'), ('Hamster', 'Drucker', 'C:\\git\\experiments\\watkins2_part1\\wald.jpg'), ('Fenster', 'Tennis', 'C:\\git\\experiments\\watkins2_part1\\berg.jpg'), ('Mütze', 'Fernseher', 'C:\\git\\experiments\\watkins2_part1\\wueste.jpg', 'C:\\git\\experiments\\watkins2_part1\\wueste.jpg'), ('Pinsel', 'Kaninchen', 'C:\\git\\experiments\\watkins2_part1\\wald.jpg'), ('Katze', 'Topf', 'C:\\git\\experiments\\watkins2_part1\\wueste.jpg', 'C:\\git\\experiments\\watkins2_part1\\wueste.jpg'), ('Fahrrad', 'Säge', 'C:\\git\\experiments\\watkins2_part1\\berg.jpg', 'C:\\git\\experiments\\watkins2_part1\\berg.jpg'), ('Onkel', 'Beet', 'C:\\git\\experiments\\watkins2_part1\\wueste.jpg', 'C:\\git\\experiments\\watkins2_part1\\wueste.jpg'), ('Birne', 'Goldfisch', 'C:\\git\\experiments\\watkins2_part1\\wald.jpg', 'C:\\git\\experiments\\watkins2_part1\\wald.jpg')]",354.52600660006283,362.52486109995516,362.538129600056,362.53817390004406,362.5510268000071,,,362.5510815999587,None,None,,,354.53057800006354,55,2026-07-27_12h23.21.685,watkins2_part1,,2026.1.3,143.41255925266896,2,23,Männlich,Muttersprache,Abitur,Anderes Studienfach,Bachelor,2026-07-27 12h23.22.708600 +0200,
2,0,2,1,Orange,,,,,2,0,2,0,362.5543722999864,,,,,,,,,,,,,,,,,,,,,,,,,,,,362.5513668000349,363.0347208000603,,,,Löffel,Orange,,"['Löffel', 'Orange', 'C:\\git\\experiments\\watkins2_part1\\wald.jpg']",test,2,,,,,,,,,,,,362.55119410000043,362.551265099959,C:\git\experiments\watkins2_part1\wald.jpg,"[('Teller', 'Großvater', 'C:\\git\\experiments\\watkins2_part1\\berg.jpg', 'C:\\git\\experiments\\watkins2_part1\\berg.jpg'), ('Computer', 'Schwimmen', 'C:\\git\\experiments\\watkins2_part1\\strand.jpg'), ('Löffel', 'Orange', 'C:\\git\\experiments\\watkins2_part1\\wald.jpg', 'C:\\git\\experiments\\watkins2_part1\\wald.jpg'), ('Traube', 'Limonade', 'C:\\git\\experiments\\watkins2_part1\\strand.jpg'), ('Wind', 'Bus', 'C:\\git\\experiments\\watkins2_part1\\wueste.jpg'), ('Kamera', 'Sofa', 'C:\\git\\experiments\\watkins2_part1\\wald.jpg', 'C:\\git\\experiments\\watkins2_part1\\wald.jpg'), ('Auto', 'Müll', 'C:\\git\\experiments\\watkins2_part1\\berg.jpg'), ('Ball', 'Flugzeug', 'C:\\git\\experiments\\watkins2_part1\\strand.jpg', 'C:\\git\\experiments\\watkins2_part1\\strand.jpg'), ('Kreisel', 'Leinwand', 'C:\\git\\experiments\\watkins2_part1\\strand.jpg'), ('Rasen', 'Würfel', 'C:\\git\\experiments\\watkins2_part1\\wueste.jpg'), ('Staffelei', 'Dünger', 'C:\\git\\experiments\\watkins2_part1\\strand.jpg', 'C:\\git\\experiments\\watkins2_part1\\strand.jpg'), ('Matsch', 'Zange', 'C:\\git\\experiments\\watkins2_part1\\wald.jpg'), ('Hammer', 'Mappe', 'C:\\git\\experiments\\watkins2_part1\\wueste.jpg'), ('Heft', 'Puzzle', 'C:\\git\\experiments\\watkins2_part1\\strand.jpg', 'C:\\git\\experiments\\watkins2_part1\\strand.jpg'), ('Jacke', 'Trommel', 'C:\\git\\experiments\\watkins2_part1\\berg.jpg'), ('Bett', 'Regen', 'C:\\git\\experiments\\watkins2_part1\\berg.jpg', 'C:\\git\\experiments\\watkins2_part1\\berg.jpg'), ('Hamster', 'Drucker', 'C:\\git\\experiments\\watkins2_part1\\wald.jpg'), ('Fenster', 'Tennis', 'C:\\git\\experiments\\watkins2_part1\\berg.jpg'), ('Mütze', 'Fernseher', 'C:\\git\\experiments\\watkins2_part1\\wueste.jpg', 'C:\\git\\experiments\\watkins2_part1\\wueste.jpg'), ('Pinsel', 'Kaninchen', 'C:\\git\\experiments\\watkins2_part1\\wald.jpg'), ('Katze', 'Topf', 'C:\\git\\experiments\\watkins2_part1\\wueste.jpg', 'C:\\git\\experiments\\watkins2_part1\\wueste.jpg'), ('Fahrrad', 'Säge', 'C:\\git\\experiments\\watkins2_part1\\berg.jpg', 'C:\\git\\experiments\\watkins2_part1\\berg.jpg'), ('Onkel', 'Beet', 'C:\\git\\experiments\\watkins2_part1\\wueste.jpg', 'C:\\git\\experiments\\watkins2_part1\\wueste.jpg'), ('Birne', 'Goldfisch', 'C:\\git\\experiments\\watkins2_part1\\wald.jpg', 'C:\\git\\experiments\\watkins2_part1\\wald.jpg')]",363.0535802000086,363.05362760002026,363.0733068000409,363.0733551000594,363.0916028000065,363.0988563000574,1,371.0747161000618,None,None,Orange,Orange,,55,2026-07-27_12h23.21.685,watkins2_part1,,2026.1.3,143.41255925266896,2,23,Männlich,Muttersprache,Abitur,Anderes Studienfach,Bachelor,2026-07-27 12h23.22.708600 +0200,
3,0,3,,,,,,,3,0,3,0,371.0814977000118,,,,,,,,,,,,,,,,,,,,,,,,,,,,371.0749941999675,371.5627801999799,,,,Traube,Limonade,,"['Traube', 'Limonade', 'C:\\git\\experiments\\watkins2_part1\\strand.jpg']",study_new,2,,,,,,,,,,,,371.07483210001374,371.07488969998667,C:\git\experiments\watkins2_part1\strand.jpg,"[('Teller', 'Großvater', 'C:\\git\\experiments\\watkins2_part1\\berg.jpg', 'C:\\git\\experiments\\watkins2_part1\\berg.jpg'), ('Computer', 'Schwimmen', 'C:\\git\\experiments\\watkins2_part1\\strand.jpg'), ('Löffel', 'Orange', 'C:\\git\\experiments\\watkins2_part1\\wald.jpg', 'C:\\git\\experiments\\watkins2_part1\\wald.jpg'), ('Traube', 'Limonade', 'C:\\git\\experiments\\watkins2_part1\\strand.jpg'), ('Wind', 'Bus', 'C:\\git\\experiments\\watkins2_part1\\wueste.jpg'), ('Kamera', 'Sofa', 'C:\\git\\experiments\\watkins2_part1\\wald.jpg', 'C:\\git\\experiments\\watkins2_part1\\wald.jpg'), ('Auto', 'Müll', 'C:\\git\\experiments\\watkins2_part1\\berg.jpg'), ('Ball', 'Flugzeug', 'C:\\git\\experiments\\watkins2_part1\\strand.jpg', 'C:\\git\\experiments\\watkins2_part1\\strand.jpg'), ('Kreisel', 'Leinwand', 'C:\\git\\experiments\\watkins2_part1\\strand.jpg'), ('Rasen', 'Würfel', 'C:\\git\\experiments\\watkins2_part1\\wueste.jpg'), ('Staffelei', 'Dünger', 'C:\\git\\experiments\\watkins2_part1\\strand.jpg', 'C:\\git\\experiments\\watkins2_part1\\strand.jpg'), ('Matsch', 'Zange', 'C:\\git\\experiments\\watkins2_part1\\wald.jpg'), ('Hammer', 'Mappe', 'C:\\git\\experiments\\watkins2_part1\\wueste.jpg'), ('Heft', 'Puzzle', 'C:\\git\\experiments\\watkins2_part1\\strand.jpg', 'C:\\git\\experiments\\watkins2_part1\\strand.jpg'), ('Jacke', 'Trommel', 'C:\\git\\experiments\\watkins2_part1\\berg.jpg'), ('Bett', 'Regen', 'C:\\git\\experiments\\watkins2_part1\\berg.jpg', 'C:\\git\\experiments\\watkins2_part1\\berg.jpg'), ('Hamster', 'Drucker', 'C:\\git\\experiments\\watkins2_part1\\wald.jpg'), ('Fenster', 'Tennis', 'C:\\git\\experiments\\watkins2_part1\\berg.jpg'), ('Mütze', 'Fernseher', 'C:\\git\\experiments\\watkins2_part1\\wueste.jpg', 'C:\\git\\experiments\\watkins2_part1\\wueste.jpg'), ('Pinsel', 'Kaninchen', 'C:\\git\\experiments\\watkins2_part1\\wald.jpg'), ('Katze', 'Topf', 'C:\\git\\experiments\\watkins2_part1\\wueste.jpg', 'C:\\git\\experiments\\watkins2_part1\\wueste.jpg'), ('Fahrrad', 'Säge', 'C:\\git\\experiments\\watkins2_part1\\berg.jpg', 'C:\\git\\experiments\\watkins2_part1\\berg.jpg'), ('Onkel', 'Beet', 'C:\\git\\experiments\\watkins2_part1\\wueste.jpg', 'C:\\git\\experiments\\watkins2_part1\\wueste.jpg'), ('Birne', 'Goldfisch', 'C:\\git\\experiments\\watkins2_part1\\wald.jpg', 'C:\\git\\experiments\\watkins2_part1\\wald.jpg')]",371.57540460006567,379.58046330005163,379.5937053000671,379.59375120006735,379.60726630006684,,,379.60732160002226,None,None,,,371.57911430002423,55,2026-07-27_12h23.21.685,watkins2_part1,,2026.1.3,143.41255925266896,2,23,Männlich,Muttersprache,Abitur,Anderes Studienfach,Bachelor,2026-07-27 12h23.22.708600 +0200,
4,0,4,,,,,,,4,0,4,0,379.6125948000117,,,,,,,,,,,,,,,,,,,,,,,,,,,,379.6076120000216,380.0950709999888,,,,Wind,Bus,,"['Wind', 'Bus', 'C:\\git\\experiments\\watkins2_part1\\wueste.jpg']",study_new,2,,,,,,,,,,,,379.60743519995594,379.6075106000644,C:\git\experiments\watkins2_part1\wueste.jpg,"[('Teller', 'Großvater', 'C:\\git\\experiments\\watkins2_part1\\berg.jpg', 'C:\\git\\experiments\\watkins2_part1\\berg.jpg'), ('Computer', 'Schwimmen', 'C:\\git\\experiments\\watkins2_part1\\strand.jpg'), ('Löffel', 'Orange', 'C:\\git\\experiments\\watkins2_part1\\wald.jpg', 'C:\\git\\experiments\\watkins2_part1\\wald.jpg'), ('Traube', 'Limonade', 'C:\\git\\experiments\\watkins2_part1\\strand.jpg'), ('Wind', 'Bus', 'C:\\git\\experiments\\watkins2_part1\\wueste.jpg'), ('Kamera', 'Sofa', 'C:\\git\\experiments\\watkins2_part1\\wald.jpg', 'C:\\git\\experiments\\watkins2_part1\\wald.jpg'), ('Auto', 'Müll', 'C:\\git\\experiments\\watkins2_part1\\berg.jpg'), ('Ball', 'Flugzeug', 'C:\\git\\experiments\\watkins2_part1\\strand.jpg', 'C:\\git\\experiments\\watkins2_part1\\strand.jpg'), ('Kreisel', 'Leinwand', 'C:\\git\\experiments\\watkins2_part1\\strand.jpg'), ('Rasen', 'Würfel', 'C:\\git\\experiments\\watkins2_part1\\wueste.jpg'), ('Staffelei', 'Dünger', 'C:\\git\\experiments\\watkins2_part1\\strand.jpg', 'C:\\git\\experiments\\watkins2_part1\\strand.jpg'), ('Matsch', 'Zange', 'C:\\git\\experiments\\watkins2_part1\\wald.jpg'), ('Hammer', 'Mappe', 'C:\\git\\experiments\\watkins2_part1\\wueste.jpg'), ('Heft', 'Puzzle', 'C:\\git\\experiments\\watkins2_part1\\strand.jpg', 'C:\\git\\experiments\\watkins2_part1\\strand.jpg'), ('Jacke', 'Trommel', 'C:\\git\\experiments\\watkins2_part1\\berg.jpg'), ('Bett', 'Regen', 'C:\\git\\experiments\\watkins2_part1\\berg.jpg', 'C:\\git\\experiments\\watkins2_part1\\berg.jpg'), ('Hamster', 'Drucker', 'C:\\git\\experiments\\watkins2_part1\\wald.jpg'), ('Fenster', 'Tennis', 'C:\\git\\experiments\\watkins2_part1\\berg.jpg'), ('Mütze', 'Fernseher', 'C:\\git\\experiments\\watkins2_part1\\wueste.jpg', 'C:\\git\\experiments\\watkins2_part1\\wueste.jpg'), ('Pinsel', 'Kaninchen', 'C:\\git\\experiments\\watkins2_part1\\wald.jpg'), ('Katze', 'Topf', 'C:\\git\\experiments\\watkins2_part1\\wueste.jpg', 'C:\\git\\experiments\\watkins2_part1\\wueste.jpg'), ('Fahrrad', 'Säge', 'C:\\git\\experiments\\watkins2_part1\\berg.jpg', 'C:\\git\\experiments\\watkins2_part1\\berg.jpg'), ('Onkel', 'Beet', 'C:\\git\\experiments\\watkins2_part1\\wueste.jpg', 'C:\\git\\experiments\\watkins2_part1\\wueste.jpg'), ('Birne', 'Goldfisch', 'C:\\git\\experiments\\watkins2_part1\\wald.jpg', 'C:\\git\\experiments\\watkins2_part1\\wald.jpg')]",380.11262450000504,388.1083242999739,388.1257362999604,388.12578279996524,388.14446749998024,,,388.14452260005055,None,None,,,380.11869079997996,55,2026-07-27_12h23.21.685,watkins2_part1,,2026.1.3,143.41255925266896,2,23,Männlich,Muttersprache,Abitur,Anderes Studienfach,Bachelor,2026-07-27 12h23.22.708600 +0200,
5,0,5,1,Sofa,,,,,5,0,5,0,388.14901380002266,,,,,,,,,,,,,,,,,,,,,,,,,,,,388.1448153000674,388.63292129995534,,,,Kamera,Sofa,,"['Kamera', 'Sofa', 'C:\\git\\experiments\\watkins2_part1\\wald.jpg']",test,2,,,,,,,,,,,,388.144638400001,388.1447146999999,C:\git\experiments\watkins2_part1\wald.jpg,"[('Teller', 'Großvater', 'C:\\git\\experiments\\watkins2_part1\\berg.jpg', 'C:\\git\\experiments\\watkins2_part1\\berg.jpg'), ('Computer', 'Schwimmen', 'C:\\git\\experiments\\watkins2_part1\\strand.jpg'), ('Löffel', 'Orange', 'C:\\git\\experiments\\watkins2_part1\\wald.jpg', 'C:\\git\\experiments\\watkins2_part1\\wald.jpg'), ('Traube', 'Limonade', 'C:\\git\\experiments\\watkins2_part1\\strand.jpg'), ('Wind', 'Bus', 'C:\\git\\experiments\\watkins2_part1\\wueste.jpg'), ('Kamera', 'Sofa', 'C:\\git\\experiments\\watkins2_part1\\wald.jpg', 'C:\\git\\experiments\\watkins2_part1\\wald.jpg'), ('Auto', 'Müll', 'C:\\git\\experiments\\watkins2_part1\\berg.jpg'), ('Ball', 'Flugzeug', 'C:\\git\\experiments\\watkins2_part1\\strand.jpg', 'C:\\git\\experiments\\watkins2_part1\\strand.jpg'), ('Kreisel', 'Leinwand', 'C:\\git\\experiments\\watkins2_part1\\strand.jpg'), ('Rasen', 'Würfel', 'C:\\git\\experiments\\watkins2_part1\\wueste.jpg'), ('Staffelei', 'Dünger', 'C:\\git\\experiments\\watkins2_part1\\strand.jpg', 'C:\\git\\experiments\\watkins2_part1\\strand.jpg'), ('Matsch', 'Zange', 'C:\\git\\experiments\\watkins2_part1\\wald.jpg'), ('Hammer', 'Mappe', 'C:\\git\\experiments\\watkins2_part1\\wueste.jpg'), ('Heft', 'Puzzle', 'C:\\git\\experiments\\watkins2_part1\\strand.jpg', 'C:\\git\\experiments\\watkins2_part1\\strand.jpg'), ('Jacke', 'Trommel', 'C:\\git\\experiments\\watkins2_part1\\berg.jpg'), ('Bett', 'Regen', 'C:\\git\\experiments\\watkins2_part1\\berg.jpg', 'C:\\git\\experiments\\watkins2_part1\\berg.jpg'), ('Hamster', 'Drucker', 'C:\\git\\experiments\\watkins2_part1\\wald.jpg'), ('Fenster', 'Tennis', 'C:\\git\\experiments\\watkins2_part1\\berg.jpg'), ('Mütze', 'Fernseher', 'C:\\git\\experiments\\watkins2_part1\\wueste.jpg', 'C:\\git\\experiments\\watkins2_part1\\wueste.jpg'), ('Pinsel', 'Kaninchen', 'C:\\git\\experiments\\watkins2_part1\\wald.jpg'), ('Katze', 'Topf', 'C:\\git\\experiments\\watkins2_part1\\wueste.jpg', 'C:\\git\\experiments\\watkins2_part1\\wueste.jpg'), ('Fahrrad', 'Säge', 'C:\\git\\experiments\\watkins2_part1\\berg.jpg', 'C:\\git\\experiments\\watkins2_part1\\berg.jpg'), ('Onkel', 'Beet', 'C:\\git\\experiments\\watkins2_part1\\wueste.jpg', 'C:\\git\\experiments\\watkins2_part1\\wueste.jpg'), ('Birne', 'Goldfisch', 'C:\\git\\experiments\\watkins2_part1\\wald.jpg', 'C:\\git\\experiments\\watkins2_part1\\wald.jpg')]",388.65176770003745,388.6518141000415,388.67282100004377,388.67286810005317,388.691238600004,388.70217120001325,1,396.67866000003414,None,None,Sofa,Sofa,,55,2026-07-27_12h23.21.685,watkins2_part1,,2026.1.3,143.41255925266896,2,23,Männlich,Muttersprache,Abitur,Anderes Studienfach,Bachelor,2026-07-27 12h23.22.708600 +0200,
6,0,6,,,,,,,6,0,6,0,396.68547089997446,,,,,,,,,,,,,,,,,,,,,,,,,,,,396.6789405999589,397.16652719996637,,,,Auto,Müll,,"['Auto', 'Müll', 'C:\\git\\experiments\\watkins2_part1\\berg.jpg']",study_new,2,,,,,,,,,,,,396.6787777999998,396.6788380999933,C:\git\experiments\watkins2_part1\berg.jpg,"[('Teller', 'Großvater', 'C:\\git\\experiments\\watkins2_part1\\berg.jpg', 'C:\\git\\experiments\\watkins2_part1\\berg.jpg'), ('Computer', 'Schwimmen', 'C:\\git\\experiments\\watkins2_part1\\strand.jpg'), ('Löffel', 'Orange', 'C:\\git\\experiments\\watkins2_part1\\wald.jpg', 'C:\\git\\experiments\\watkins2_part1\\wald.jpg'), ('Traube', 'Limonade', 'C:\\git\\experiments\\watkins2_part1\\strand.jpg'), ('Wind', 'Bus', 'C:\\git\\experiments\\watkins2_part1\\wueste.jpg'), ('Kamera', 'Sofa', 'C:\\git\\experiments\\watkins2_part1\\wald.jpg', 'C:\\git\\experiments\\watkins2_part1\\wald.jpg'), ('Auto', 'Müll', 'C:\\git\\experiments\\watkins2_part1\\berg.jpg'), ('Ball', 'Flugzeug', 'C:\\git\\experiments\\watkins2_part1\\strand.jpg', 'C:\\git\\experiments\\watkins2_part1\\strand.jpg'), ('Kreisel', 'Leinwand', 'C:\\git\\experiments\\watkins2_part1\\strand.jpg'), ('Rasen', 'Würfel', 'C:\\git\\experiments\\watkins2_part1\\wueste.jpg'), ('Staffelei', 'Dünger', 'C:\\git\\experiments\\watkins2_part1\\strand.jpg', 'C:\\git\\experiments\\watkins2_part1\\strand.jpg'), ('Matsch', 'Zange', 'C:\\git\\experiments\\watkins2_part1\\wald.jpg'), ('Hammer', 'Mappe', 'C:\\git\\experiments\\watkins2_part1\\wueste.jpg'), ('Heft', 'Puzzle', 'C:\\git\\experiments\\watkins2_part1\\strand.jpg', 'C:\\git\\experiments\\watkins2_part1\\strand.jpg'), ('Jacke', 'Trommel', 'C:\\git\\experiments\\watkins2_part1\\berg.jpg'), ('Bett', 'Regen', 'C:\\git\\experiments\\watkins2_part1\\berg.jpg', 'C:\\git\\experiments\\watkins2_part1\\berg.jpg'), ('Hamster', 'Drucker', 'C:\\git\\experiments\\watkins2_part1\\wald.jpg'), ('Fenster', 'Tennis', 'C:\\git\\experiments\\watkins2_part1\\berg.jpg'), ('Mütze', 'Fernseher', 'C:\\git\\experiments\\watkins2_part1\\wueste.jpg', 'C:\\git\\experiments\\watkins2_part1\\wueste.jpg'), ('Pinsel', 'Kaninchen', 'C:\\git\\experiments\\watkins2_part1\\wald.jpg'), ('Katze', 'Topf', 'C:\\git\\experiments\\watkins2_part1\\wueste.jpg', 'C:\\git\\experiments\\watkins2_part1\\wueste.jpg'), ('Fahrrad', 'Säge', 'C:\\git\\experiments\\watkins2_part1\\berg.jpg', 'C:\\git\\experiments\\watkins2_part1\\berg.jpg'), ('Onkel', 'Beet', 'C:\\git\\experiments\\watkins2_part1\\wueste.jpg', 'C:\\git\\experiments\\watkins2_part1\\wueste.jpg'), ('Birne', 'Goldfisch', 'C:\\git\\experiments\\watkins2_part1\\wald.jpg', 'C:\\git\\experiments\\watkins2_part1\\wald.jpg')]",397.19441000005463,405.18192980001913,405.20971080003073,405.2097562000272,405.23709200002486,,,405.2371501000016,None,None,,,397.1975839000079,55,2026-07-27_12h23.21.685,watkins2_part1,,2026.1.3,143.41255925266896,2,23,Männlich,Muttersprache,Abitur,Anderes Studienfach,Bachelor,2026-07-27 12h23.22.708600 +0200,
7,0,7,1,Flugzeug,,,,,7,0,7,0,405.240590100002,,,,,,,,,,,,,,,,,,,,,,,,,,,,405.23745009995764,405.72102510003606,,,,Ball,Flugzeug,,"['Ball', 'Flugzeug', 'C:\\git\\experiments\\watkins2_part1\\strand.jpg']",test,2,,,,,,,,,,,,405.2372677999665,405.2373490000027,C:\git\experiments\watkins2_part1\strand.jpg,"[('Teller', 'Großvater', 'C:\\git\\experiments\\watkins2_part1\\berg.jpg', 'C:\\git\\experiments\\watkins2_part1\\berg.jpg'), ('Computer', 'Schwimmen', 'C:\\git\\experiments\\watkins2_part1\\strand.jpg'), ('Löffel', 'Orange', 'C:\\git\\experiments\\watkins2_part1\\wald.jpg', 'C:\\git\\experiments\\watkins2_part1\\wald.jpg'), ('Traube', 'Limonade', 'C:\\git\\experiments\\watkins2_part1\\strand.jpg'), ('Wind', 'Bus', 'C:\\git\\experiments\\watkins2_part1\\wueste.jpg'), ('Kamera', 'Sofa', 'C:\\git\\experiments\\watkins2_part1\\wald.jpg', 'C:\\git\\experiments\\watkins2_part1\\wald.jpg'), ('Auto', 'Müll', 'C:\\git\\experiments\\watkins2_part1\\berg.jpg'), ('Ball', 'Flugzeug', 'C:\\git\\experiments\\watkins2_part1\\strand.jpg', 'C:\\git\\experiments\\watkins2_part1\\strand.jpg'), ('Kreisel', 'Leinwand', 'C:\\git\\experiments\\watkins2_part1\\strand.jpg'), ('Rasen', 'Würfel', 'C:\\git\\experiments\\watkins2_part1\\wueste.jpg'), ('Staffelei', 'Dünger', 'C:\\git\\experiments\\watkins2_part1\\strand.jpg', 'C:\\git\\experiments\\watkins2_part1\\strand.jpg'), ('Matsch', 'Zange', 'C:\\git\\experiments\\watkins2_part1\\wald.jpg'), ('Hammer', 'Mappe', 'C:\\git\\experiments\\watkins2_part1\\wueste.jpg'), ('Heft', 'Puzzle', 'C:\\git\\experiments\\watkins2_part1\\strand.jpg', 'C:\\git\\experiments\\watkins2_part1\\strand.jpg'), ('Jacke', 'Trommel', 'C:\\git\\experiments\\watkins2_part1\\berg.jpg'), ('Bett', 'Regen', 'C:\\git\\experiments\\watkins2_part1\\berg.jpg', 'C:\\git\\experiments\\watkins2_part1\\berg.jpg'), ('Hamster', 'Drucker', 'C:\\git\\experiments\\watkins2_part1\\wald.jpg'), ('Fenster', 'Tennis', 'C:\\git\\experiments\\watkins2_part1\\berg.jpg'), ('Mütze', 'Fernseher', 'C:\\git\\experiments\\watkins2_part1\\wueste.jpg', 'C:\\git\\experiments\\watkins2_part1\\wueste.jpg'), ('Pinsel', 'Kaninchen', 'C:\\git\\experiments\\watkins2_part1\\wald.jpg'), ('Katze', 'Topf', 'C:\\git\\experiments\\watkins2_part1\\wueste.jpg', 'C:\\git\\experiments\\watkins2_part1\\wueste.jpg'), ('Fahrrad', 'Säge', 'C:\\git\\experiments\\watkins2_part1\\berg.jpg', 'C:\\git\\experiments\\watkins2_part1\\berg.jpg'), ('Onkel', 'Beet', 'C:\\git\\experiments\\watkins2_part1\\wueste.jpg', 'C:\\git\\experiments\\watkins2_part1\\wueste.jpg'), ('Birne', 'Goldfisch', 'C:\\git\\experiments\\watkins2_part1\\wald.jpg', 'C:\\git\\experiments\\watkins2_part1\\wald.jpg')]",405.7344904000056,405.73453529999824,405.74875259998953,405.74879829998827,405.76160989998607,405.76890219998313,1,413.7528021999751,None,None,Flugzeug,Flugzeug,,55,2026-07-27_12h23.21.685,watkins2_part1,,2026.1.3,143.41255925266896,2,23,Männlich,Muttersprache,Abitur,Anderes Studienfach,Bachelor,2026-07-27 12h23.22.708600 +0200,
8,0,8,,,,,,,8,0,8,0,413.7597298999899,,,,,,,,,,,,,,,,,,,,,,,,,,,,413.7530845000292,414.24054810003145,,,,Kreisel,Leinwand,,"['Kreisel', 'Leinwand', 'C:\\git\\experiments\\watkins2_part1\\strand.jpg']",study_new,2,,,,,,,,,,,,413.752918400045,413.7529830999556,C:\git\experiments\watkins2_part1\strand.jpg,"[('Teller', 'Großvater', 'C:\\git\\experiments\\watkins2_part1\\berg.jpg', 'C:\\git\\experiments\\watkins2_part1\\berg.jpg'), ('Computer', 'Schwimmen', 'C:\\git\\experiments\\watkins2_part1\\strand.jpg'), ('Löffel', 'Orange', 'C:\\git\\experiments\\watkins2_part1\\wald.jpg', 'C:\\git\\experiments\\watkins2_part1\\wald.jpg'), ('Traube', 'Limonade', 'C:\\git\\experiments\\watkins2_part1\\strand.jpg'), ('Wind', 'Bus', 'C:\\git\\experiments\\watkins2_part1\\wueste.jpg'), ('Kamera', 'Sofa', 'C:\\git\\experiments\\watkins2_part1\\wald.jpg', 'C:\\git\\experiments\\watkins2_part1\\wald.jpg'), ('Auto', 'Müll', 'C:\\git\\experiments\\watkins2_part1\\berg.jpg'), ('Ball', 'Flugzeug', 'C:\\git\\experiments\\watkins2_part1\\strand.jpg', 'C:\\git\\experiments\\watkins2_part1\\strand.jpg'), ('Kreisel', 'Leinwand', 'C:\\git\\experiments\\watkins2_part1\\strand.jpg'), ('Rasen', 'Würfel', 'C:\\git\\experiments\\watkins2_part1\\wueste.jpg'), ('Staffelei', 'Dünger', 'C:\\git\\experiments\\watkins2_part1\\strand.jpg', 'C:\\git\\experiments\\watkins2_part1\\strand.jpg'), ('Matsch', 'Zange', 'C:\\git\\experiments\\watkins2_part1\\wald.jpg'), ('Hammer', 'Mappe', 'C:\\git\\experiments\\watkins2_part1\\wueste.jpg'), ('Heft', 'Puzzle', 'C:\\git\\experiments\\watkins2_part1\\strand.jpg', 'C:\\git\\experiments\\watkins2_part1\\strand.jpg'), ('Jacke', 'Trommel', 'C:\\git\\experiments\\watkins2_part1\\berg.jpg'), ('Bett', 'Regen', 'C:\\git\\experiments\\watkins2_part1\\berg.jpg', 'C:\\git\\experiments\\watkins2_part1\\berg.jpg'), ('Hamster', 'Drucker', 'C:\\git\\experiments\\watkins2_part1\\wald.jpg'), ('Fenster', 'Tennis', 'C:\\git\\experiments\\watkins2_part1\\berg.jpg'), ('Mütze', 'Fernseher', 'C:\\git\\experiments\\watkins2_part1\\wueste.jpg', 'C:\\git\\experiments\\watkins2_part1\\wueste.jpg'), ('Pinsel', 'Kaninchen', 'C:\\git\\experiments\\watkins2_part1\\wald.jpg'), ('Katze', 'Topf', 'C:\\git\\experiments\\watkins2_part1\\wueste.jpg', 'C:\\git\\experiments\\watkins2_part1\\wueste.jpg'), ('Fahrrad', 'Säge', 'C:\\git\\experiments\\watkins2_part1\\berg.jpg', 'C:\\git\\experiments\\watkins2_part1\\berg.jpg'), ('Onkel', 'Beet', 'C:\\git\\experiments\\watkins2_part1\\wueste.jpg', 'C:\\git\\experiments\\watkins2_part1\\wueste.jpg'), ('Birne', 'Goldfisch', 'C:\\git\\experiments\\watkins2_part1\\wald.jpg', 'C:\\git\\experiments\\watkins2_part1\\wald.jpg')]",414.25233570003184,422.25492759997724,422.2669304999872,422.266974499973,422.27775269997073,,,422.2778077000403,None,None,,,414.25573919998715,55,2026-07-27_12h23.21.685,watkins2_part1,,2026.1.3,143.41255925266896,2,23,Männlich,Muttersprache,Abitur,Anderes Studienfach,Bachelor,2026-07-27 12h23.22.708600 +0200,
9,0,9,,,,,,,9,0,9,0,422.28140669997083,,,,,,,,,,,,,,,,,,,,,,,,,,,,422.27810659998795,422.7665588000673,,,,Rasen,Würfel,,"['Rasen', 'Würfel', 'C:\\git\\experiments\\watkins2_part1\\wueste.jpg']",study_new,2,,,,,,,,,,,,422.27791999996407,422.2780058000353,C:\git\experiments\watkins2_part1\wueste.jpg,"[('Teller', 'Großvater', 'C:\\git\\experiments\\watkins2_part1\\berg.jpg', 'C:\\git\\experiments\\watkins2_part1\\berg.jpg'), ('Computer', 'Schwimmen', 'C:\\git\\experiments\\watkins2_part1\\strand.jpg'), ('Löffel', 'Orange', 'C:\\git\\experiments\\watkins2_part1\\wald.jpg', 'C:\\git\\experiments\\watkins2_part1\\wald.jpg'), ('Traube', 'Limonade', 'C:\\git\\experiments\\watkins2_part1\\strand.jpg'), ('Wind', 'Bus', 'C:\\git\\experiments\\watkins2_part1\\wueste.jpg'), ('Kamera', 'Sofa', 'C:\\git\\experiments\\watkins2_part1\\wald.jpg', 'C:\\git\\experiments\\watkins2_part1\\wald.jpg'), ('Auto', 'Müll', 'C:\\git\\experiments\\watkins2_part1\\berg.jpg'), ('Ball', 'Flugzeug', 'C:\\git\\experiments\\watkins2_part1\\strand.jpg', 'C:\\git\\experiments\\watkins2_part1\\strand.jpg'), ('Kreisel', 'Leinwand', 'C:\\git\\experiments\\watkins2_part1\\strand.jpg'), ('Rasen', 'Würfel', 'C:\\git\\experiments\\watkins2_part1\\wueste.jpg'), ('Staffelei', 'Dünger', 'C:\\git\\experiments\\watkins2_part1\\strand.jpg', 'C:\\git\\experiments\\watkins2_part1\\strand.jpg'), ('Matsch', 'Zange', 'C:\\git\\experiments\\watkins2_part1\\wald.jpg'), ('Hammer', 'Mappe', 'C:\\git\\experiments\\watkins2_part1\\wueste.jpg'), ('Heft', 'Puzzle', 'C:\\git\\experiments\\watkins2_part1\\strand.jpg', 'C:\\git\\experiments\\watkins2_part1\\strand.jpg'), ('Jacke', 'Trommel', 'C:\\git\\experiments\\watkins2_part1\\berg.jpg'), ('Bett', 'Regen', 'C:\\git\\experiments\\watkins2_part1\\berg.jpg', 'C:\\git\\experiments\\watkins2_part1\\berg.jpg'), ('Hamster', 'Drucker', 'C:\\git\\experiments\\watkins2_part1\\wald.jpg'), ('Fenster', 'Tennis', 'C:\\git\\experiments\\watkins2_part1\\berg.jpg'), ('Mütze', 'Fernseher', 'C:\\git\\experiments\\watkins2_part1\\wueste.jpg', 'C:\\git\\experiments\\watkins2_part1\\wueste.jpg'), ('Pinsel', 'Kaninchen', 'C:\\git\\experiments\\watkins2_part1\\wald.jpg'), ('Katze', 'Topf', 'C:\\git\\experiments\\watkins2_part1\\wueste.jpg', 'C:\\git\\experiments\\watkins2_part1\\wueste.jpg'), ('Fahrrad', 'Säge', 'C:\\git\\experiments\\watkins2_part1\\berg.jpg', 'C:\\git\\experiments\\watkins2_part1\\berg.jpg'), ('Onkel', 'Beet', 'C:\\git\\experiments\\watkins2_part1\\wueste.jpg', 'C:\\git\\experiments\\watkins2_part1\\wueste.jpg'), ('Birne', 'Goldfisch', 'C:\\git\\experiments\\watkins2_part1\\wald.jpg', 'C:\\git\\experiments\\watkins2_part1\\wald.jpg')]",422.7850233000354,430.7790754000307,430.79785050003557,430.79789530002745,430.81650799995987,,,430.81656210002257,None,None,,,422.79253729997436,55,2026-07-27_12h23.21.685,watkins2_part1,,2026.1.3,143.41255925266896,2,23,Männlich,Muttersprache,Abitur,Anderes Studienfach,Bachelor,2026-07-27 12h23.22.708600 +0200,
10,0,10,0,,,,,,10,0,10,0,430.8224770000088,,,,,,,,,,,,,,,,,,,,,,,,,,,,430.8168626999832,431.30178190005245,,,,Staffelei,Dünger,,"['Staffelei', 'Dünger', 'C:\\git\\experiments\\watkins2_part1\\strand.jpg']",test,2,,,,,,,,,,,,430.81667390005896,430.8167607000214,C:\git\experiments\watkins2_part1\strand.jpg,"[('Teller', 'Großvater', 'C:\\git\\experiments\\watkins2_part1\\berg.jpg', 'C:\\git\\experiments\\watkins2_part1\\berg.jpg'), ('Computer', 'Schwimmen', 'C:\\git\\experiments\\watkins2_part1\\strand.jpg'), ('Löffel', 'Orange', 'C:\\git\\experiments\\watkins2_part1\\wald.jpg', 'C:\\git\\experiments\\watkins2_part1\\wald.jpg'), ('Traube', 'Limonade', 'C:\\git\\experiments\\watkins2_part1\\strand.jpg'), ('Wind', 'Bus', 'C:\\git\\experiments\\watkins2_part1\\wueste.jpg'), ('Kamera', 'Sofa', 'C:\\git\\experiments\\watkins2_part1\\wald.jpg', 'C:\\git\\experiments\\watkins2_part1\\wald.jpg'), ('Auto', 'Müll', 'C:\\git\\experiments\\watkins2_part1\\berg.jpg'), ('Ball', 'Flugzeug', 'C:\\git\\experiments\\watkins2_part1\\strand.jpg', 'C:\\git\\experiments\\watkins2_part1\\strand.jpg'), ('Kreisel', 'Leinwand', 'C:\\git\\experiments\\watkins2_part1\\strand.jpg'), ('Rasen', 'Würfel', 'C:\\git\\experiments\\watkins2_part1\\wueste.jpg'), ('Staffelei', 'Dünger', 'C:\\git\\experiments\\watkins2_part1\\strand.jpg', 'C:\\git\\experiments\\watkins2_part1\\strand.jpg'), ('Matsch', 'Zange', 'C:\\git\\experiments\\watkins2_part1\\wald.jpg'), ('Hammer', 'Mappe', 'C:\\git\\experiments\\watkins2_part1\\wueste.jpg'), ('Heft', 'Puzzle', 'C:\\git\\experiments\\watkins2_part1\\strand.jpg', 'C:\\git\\experiments\\watkins2_part1\\strand.jpg'), ('Jacke', 'Trommel', 'C:\\git\\experiments\\watkins2_part1\\berg.jpg'), ('Bett', 'Regen', 'C:\\git\\experiments\\watkins2_part1\\berg.jpg', 'C:\\git\\experiments\\watkins2_part1\\berg.jpg'), ('Hamster', 'Drucker', 'C:\\git\\experiments\\watkins2_part1\\wald.jpg'), ('Fenster', 'Tennis', 'C:\\git\\experiments\\watkins2_part1\\berg.jpg'), ('Mütze', 'Fernseher', 'C:\\git\\experiments\\watkins2_part1\\wueste.jpg', 'C:\\git\\experiments\\watkins2_part1\\wueste.jpg'), ('Pinsel', 'Kaninchen', 'C:\\git\\experiments\\watkins2_part1\\wald.jpg'), ('Katze', 'Topf', 'C:\\git\\experiments\\watkins2_part1\\wueste.jpg', 'C:\\git\\experiments\\watkins2_part1\\wueste.jpg'), ('Fahrrad', 'Säge', 'C:\\git\\experiments\\watkins2_part1\\berg.jpg', 'C:\\git\\experiments\\watkins2_part1\\berg.jpg'), ('Onkel', 'Beet', 'C:\\git\\experiments\\watkins2_part1\\wueste.jpg', 'C:\\git\\experiments\\watkins2_part1\\wueste.jpg'), ('Birne', 'Goldfisch', 'C:\\git\\experiments\\watkins2_part1\\wald.jpg', 'C:\\git\\experiments\\watkins2_part1\\wald.jpg')]",431.314774700033,431.31482040003175,431.3294952000142,431.3295407000114,431.34302830003435,431.3528343999642,0,439.3323638999718,None,None,,,,55,2026-07-27_12h23.21.685,watkins2_part1,,2026.1.3,143.41255925266896,2,23,Männlich,Muttersprache,Abitur,Anderes Studienfach,Bachelor,2026-07-27 12h23.22.708600 +0200,
11,0,11,,,,,,,11,0,11,0,439.33914840006037,,,,,,,,,,,,,,,,,,,,,,,,,,,,439.33264430001145,439.8204814000637,,,,Matsch,Zange,,"['Matsch', 'Zange', 'C:\\git\\experiments\\watkins2_part1\\wald.jpg']",study_new,2,,,,,,,,,,,,439.3324788000318,439.3325425000512,C:\git\experiments\watkins2_part1\wald.jpg,"[('Teller', 'Großvater', 'C:\\git\\experiments\\watkins2_part1\\berg.jpg', 'C:\\git\\experiments\\watkins2_part1\\berg.jpg'), ('Computer', 'Schwimmen', 'C:\\git\\experiments\\watkins2_part1\\strand.jpg'), ('Löffel', 'Orange', 'C:\\git\\experiments\\watkins2_part1\\wald.jpg', 'C:\\git\\experiments\\watkins2_part1\\wald.jpg'), ('Traube', 'Limonade', 'C:\\git\\experiments\\watkins2_part1\\strand.jpg'), ('Wind', 'Bus', 'C:\\git\\experiments\\watkins2_part1\\wueste.jpg'), ('Kamera', 'Sofa', 'C:\\git\\experiments\\watkins2_part1\\wald.jpg', 'C:\\git\\experiments\\watkins2_part1\\wald.jpg'), ('Auto', 'Müll', 'C:\\git\\experiments\\watkins2_part1\\berg.jpg'), ('Ball', 'Flugzeug', 'C:\\git\\experiments\\watkins2_part1\\strand.jpg', 'C:\\git\\experiments\\watkins2_part1\\strand.jpg'), ('Kreisel', 'Leinwand', 'C:\\git\\experiments\\watkins2_part1\\strand.jpg'), ('Rasen', 'Würfel', 'C:\\git\\experiments\\watkins2_part1\\wueste.jpg'), ('Staffelei', 'Dünger', 'C:\\git\\experiments\\watkins2_part1\\strand.jpg', 'C:\\git\\experiments\\watkins2_part1\\strand.jpg'), ('Matsch', 'Zange', 'C:\\git\\experiments\\watkins2_part1\\wald.jpg'), ('Hammer', 'Mappe', 'C:\\git\\experiments\\watkins2_part1\\wueste.jpg'), ('Heft', 'Puzzle', 'C:\\git\\experiments\\watkins2_part1\\strand.jpg', 'C:\\git\\experiments\\watkins2_part1\\strand.jpg'), ('Jacke', 'Trommel', 'C:\\git\\experiments\\watkins2_part1\\berg.jpg'), ('Bett', 'Regen', 'C:\\git\\experiments\\watkins2_part1\\berg.jpg', 'C:\\git\\experiments\\watkins2_part1\\berg.jpg'), ('Hamster', 'Drucker', 'C:\\git\\experiments\\watkins2_part1\\wald.jpg'), ('Fenster', 'Tennis', 'C:\\git\\experiments\\watkins2_part1\\berg.jpg'), ('Mütze', 'Fernseher', 'C:\\git\\experiments\\watkins2_part1\\wueste.jpg', 'C:\\git\\experiments\\watkins2_part1\\wueste.jpg'), ('Pinsel', 'Kaninchen', 'C:\\git\\experiments\\watkins2_part1\\wald.jpg'), ('Katze', 'Topf', 'C:\\git\\experiments\\watkins2_part1\\wueste.jpg', 'C:\\git\\experiments\\watkins2_part1\\wueste.jpg'), ('Fahrrad', 'Säge', 'C:\\git\\experiments\\watkins2_part1\\berg.jpg', 'C:\\git\\experiments\\watkins2_part1\\berg.jpg'), ('Onkel', 'Beet', 'C:\\git\\experiments\\watkins2_part1\\wueste.jpg', 'C:\\git\\experiments\\watkins2_part1\\wueste.jpg'), ('Birne', 'Goldfisch', 'C:\\git\\experiments\\watkins2_part1\\wald.jpg', 'C:\\git\\experiments\\watkins2_part1\\wald.jpg')]",439.83932119997917,447.8328921000357,447.8511834999663,447.851229199965,447.8689180999645,,,447.86897390004015,None,None,,,439.84446160000516,55,2026-07-27_12h23.21.685,watkins2_part1,,2026.1.3,143.41255925266896,2,23,Männlich,Muttersprache,Abitur,Anderes Studienfach,Bachelor,2026-07-27 12h23.22.708600 +0200,
12,0,12,,,,,,,12,0,12,0,447.874805999978,,,,,,,,,,,,,,,,,,,,,,,,,,,,447.8692751000053,448.3528024000698,,,,Hammer,Mappe,,"['Hammer', 'Mappe', 'C:\\git\\experiments\\watkins2_part1\\wueste.jpg']",study_new,2,,,,,,,,,,,,447.86908509995556,447.8691733000451,C:\git\experiments\watkins2_part1\wueste.jpg,"[('Teller', 'Großvater', 'C:\\git\\experiments\\watkins2_part1\\berg.jpg', 'C:\\git\\experiments\\watkins2_part1\\berg.jpg'), ('Computer', 'Schwimmen', 'C:\\git\\experiments\\watkins2_part1\\strand.jpg'), ('Löffel', 'Orange', 'C:\\git\\experiments\\watkins2_part1\\wald.jpg', 'C:\\git\\experiments\\watkins2_part1\\wald.jpg'), ('Traube', 'Limonade', 'C:\\git\\experiments\\watkins2_part1\\strand.jpg'), ('Wind', 'Bus', 'C:\\git\\experiments\\watkins2_part1\\wueste.jpg'), ('Kamera', 'Sofa', 'C:\\git\\experiments\\watkins2_part1\\wald.jpg', 'C:\\git\\experiments\\watkins2_part1\\wald.jpg'), ('Auto', 'Müll', 'C:\\git\\experiments\\watkins2_part1\\berg.jpg'), ('Ball', 'Flugzeug', 'C:\\git\\experiments\\watkins2_part1\\strand.jpg', 'C:\\git\\experiments\\watkins2_part1\\strand.jpg'), ('Kreisel', 'Leinwand', 'C:\\git\\experiments\\watkins2_part1\\strand.jpg'), ('Rasen', 'Würfel', 'C:\\git\\experiments\\watkins2_part1\\wueste.jpg'), ('Staffelei', 'Dünger', 'C:\\git\\experiments\\watkins2_part1\\strand.jpg', 'C:\\git\\experiments\\watkins2_part1\\strand.jpg'), ('Matsch', 'Zange', 'C:\\git\\experiments\\watkins2_part1\\wald.jpg'), ('Hammer', 'Mappe', 'C:\\git\\experiments\\watkins2_part1\\wueste.jpg'), ('Heft', 'Puzzle', 'C:\\git\\experiments\\watkins2_part1\\strand.jpg', 'C:\\git\\experiments\\watkins2_part1\\strand.jpg'), ('Jacke', 'Trommel', 'C:\\git\\experiments\\watkins2_part1\\berg.jpg'), ('Bett', 'Regen', 'C:\\git\\experiments\\watkins2_part1\\berg.jpg', 'C:\\git\\experiments\\watkins2_part1\\berg.jpg'), ('Hamster', 'Drucker', 'C:\\git\\experiments\\watkins2_part1\\wald.jpg'), ('Fenster', 'Tennis', 'C:\\git\\experiments\\watkins2_part1\\berg.jpg'), ('Mütze', 'Fernseher', 'C:\\git\\experiments\\watkins2_part1\\wueste.jpg', 'C:\\git\\experiments\\watkins2_part1\\wueste.jpg'), ('Pinsel', 'Kaninchen', 'C:\\git\\experiments\\watkins2_part1\\wald.jpg'), ('Katze', 'Topf', 'C:\\git\\experiments\\watkins2_part1\\wueste.jpg', 'C:\\git\\experiments\\watkins2_part1\\wueste.jpg'), ('Fahrrad', 'Säge', 'C:\\git\\experiments\\watkins2_part1\\berg.jpg', 'C:\\git\\experiments\\watkins2_part1\\berg.jpg'), ('Onkel', 'Beet', 'C:\\git\\experiments\\watkins2_part1\\wueste.jpg', 'C:\\git\\experiments\\watkins2_part1\\wueste.jpg'), ('Birne', 'Goldfisch', 'C:\\git\\experiments\\watkins2_part1\\wald.jpg', 'C:\\git\\experiments\\watkins2_part1\\wald.jpg')]",448.3706842000247,456.3712348000263,456.389275500027,456.38932010001736,456.40822579996893,,,456.40827960002935,None,None,,,448.37657959997887,55,2026-07-27_12h23.21.685,watkins2_part1,,2026.1.3,143.41255925266896,2,23,Männlich,Muttersprache,Abitur,Anderes Studienfach,Bachelor,2026-07-27 12h23.22.708600 +0200,
13,0,13,0,Puzzel,,,,,13,0,13,0,456.41289500001585,,,,,,,,,,,,,,,,,,,,,,,,,,,,456.4085822000052,456.89762890007114,,,,Heft,Puzzle,,"['Heft', 'Puzzle', 'C:\\git\\experiments\\watkins2_part1\\strand.jpg']",test,2,,,,,,,,,,,,456.4083921999554,456.4084810000495,C:\git\experiments\watkins2_part1\strand.jpg,"[('Teller', 'Großvater', 'C:\\git\\experiments\\watkins2_part1\\berg.jpg', 'C:\\git\\experiments\\watkins2_part1\\berg.jpg'), ('Computer', 'Schwimmen', 'C:\\git\\experiments\\watkins2_part1\\strand.jpg'), ('Löffel', 'Orange', 'C:\\git\\experiments\\watkins2_part1\\wald.jpg', 'C:\\git\\experiments\\watkins2_part1\\wald.jpg'), ('Traube', 'Limonade', 'C:\\git\\experiments\\watkins2_part1\\strand.jpg'), ('Wind', 'Bus', 'C:\\git\\experiments\\watkins2_part1\\wueste.jpg'), ('Kamera', 'Sofa', 'C:\\git\\experiments\\watkins2_part1\\wald.jpg', 'C:\\git\\experiments\\watkins2_part1\\wald.jpg'), ('Auto', 'Müll', 'C:\\git\\experiments\\watkins2_part1\\berg.jpg'), ('Ball', 'Flugzeug', 'C:\\git\\experiments\\watkins2_part1\\strand.jpg', 'C:\\git\\experiments\\watkins2_part1\\strand.jpg'), ('Kreisel', 'Leinwand', 'C:\\git\\experiments\\watkins2_part1\\strand.jpg'), ('Rasen', 'Würfel', 'C:\\git\\experiments\\watkins2_part1\\wueste.jpg'), ('Staffelei', 'Dünger', 'C:\\git\\experiments\\watkins2_part1\\strand.jpg', 'C:\\git\\experiments\\watkins2_part1\\strand.jpg'), ('Matsch', 'Zange', 'C:\\git\\experiments\\watkins2_part1\\wald.jpg'), ('Hammer', 'Mappe', 'C:\\git\\experiments\\watkins2_part1\\wueste.jpg'), ('Heft', 'Puzzle', 'C:\\git\\experiments\\watkins2_part1\\strand.jpg', 'C:\\git\\experiments\\watkins2_part1\\strand.jpg'), ('Jacke', 'Trommel', 'C:\\git\\experiments\\watkins2_part1\\berg.jpg'), ('Bett', 'Regen', 'C:\\git\\experiments\\watkins2_part1\\berg.jpg', 'C:\\git\\experiments\\watkins2_part1\\berg.jpg'), ('Hamster', 'Drucker', 'C:\\git\\experiments\\watkins2_part1\\wald.jpg'), ('Fenster', 'Tennis', 'C:\\git\\experiments\\watkins2_part1\\berg.jpg'), ('Mütze', 'Fernseher', 'C:\\git\\experiments\\watkins2_part1\\wueste.jpg', 'C:\\git\\experiments\\watkins2_part1\\wueste.jpg'), ('Pinsel', 'Kaninchen', 'C:\\git\\experiments\\watkins2_part1\\wald.jpg'), ('Katze', 'Topf', 'C:\\git\\experiments\\watkins2_part1\\wueste.jpg', 'C:\\git\\experiments\\watkins2_part1\\wueste.jpg'), ('Fahrrad', 'Säge', 'C:\\git\\experiments\\watkins2_part1\\berg.jpg', 'C:\\git\\experiments\\watkins2_part1\\berg.jpg'), ('Onkel', 'Beet', 'C:\\git\\experiments\\watkins2_part1\\wueste.jpg', 'C:\\git\\experiments\\watkins2_part1\\wueste.jpg'), ('Birne', 'Goldfisch', 'C:\\git\\experiments\\watkins2_part1\\wald.jpg', 'C:\\git\\experiments\\watkins2_part1\\wald.jpg')]",456.91060060000746,456.91064479999477,456.9252300999942,456.9252745999838,456.93873810005607,456.9488463999587,0,464.929985099996,None,None,Puzzel,Puzzel,,55,2026-07-27_12h23.21.685,watkins2_part1,,2026.1.3,143.41255925266896,2,23,Männlich,Muttersprache,Abitur,Anderes Studienfach,Bachelor,2026-07-27 12h23.22.708600 +0200,
14,0,14,,,,,,,14,0,14,0,464.9367419999908,,,,,,,,,,,,,,,,,,,,,,,,,,,,464.9302706999588,465.41827760002343,,,,Jacke,Trommel,,"['Jacke', 'Trommel', 'C:\\git\\experiments\\watkins2_part1\\berg.jpg']",study_new,2,,,,,,,,,,,,464.9301002000575,464.9301687999978,C:\git\experiments\watkins2_part1\berg.jpg,"[('Teller', 'Großvater', 'C:\\git\\experiments\\watkins2_part1\\berg.jpg', 'C:\\git\\experiments\\watkins2_part1\\berg.jpg'), ('Computer', 'Schwimmen', 'C:\\git\\experiments\\watkins2_part1\\strand.jpg'), ('Löffel', 'Orange', 'C:\\git\\experiments\\watkins2_part1\\wald.jpg', 'C:\\git\\experiments\\watkins2_part1\\wald.jpg'), ('Traube', 'Limonade', 'C:\\git\\experiments\\watkins2_part1\\strand.jpg'), ('Wind', 'Bus', 'C:\\git\\experiments\\watkins2_part1\\wueste.jpg'), ('Kamera', 'Sofa', 'C:\\git\\experiments\\watkins2_part1\\wald.jpg', 'C:\\git\\experiments\\watkins2_part1\\wald.jpg'), ('Auto', 'Müll', 'C:\\git\\experiments\\watkins2_part1\\berg.jpg'), ('Ball', 'Flugzeug', 'C:\\git\\experiments\\watkins2_part1\\strand.jpg', 'C:\\git\\experiments\\watkins2_part1\\strand.jpg'), ('Kreisel', 'Leinwand', 'C:\\git\\experiments\\watkins2_part1\\strand.jpg'), ('Rasen', 'Würfel', 'C:\\git\\experiments\\watkins2_part1\\wueste.jpg'), ('Staffelei', 'Dünger', 'C:\\git\\experiments\\watkins2_part1\\strand.jpg', 'C:\\git\\experiments\\watkins2_part1\\strand.jpg'), ('Matsch', 'Zange', 'C:\\git\\experiments\\watkins2_part1\\wald.jpg'), ('Hammer', 'Mappe', 'C:\\git\\experiments\\watkins2_part1\\wueste.jpg'), ('Heft', 'Puzzle', 'C:\\git\\experiments\\watkins2_part1\\strand.jpg', 'C:\\git\\experiments\\watkins2_part1\\strand.jpg'), ('Jacke', 'Trommel', 'C:\\git\\experiments\\watkins2_part1\\berg.jpg'), ('Bett', 'Regen', 'C:\\git\\experiments\\watkins2_part1\\berg.jpg', 'C:\\git\\experiments\\watkins2_part1\\berg.jpg'), ('Hamster', 'Drucker', 'C:\\git\\experiments\\watkins2_part1\\wald.jpg'), ('Fenster', 'Tennis', 'C:\\git\\experiments\\watkins2_part1\\berg.jpg'), ('Mütze', 'Fernseher', 'C:\\git\\experiments\\watkins2_part1\\wueste.jpg', 'C:\\git\\experiments\\watkins2_part1\\wueste.jpg'), ('Pinsel', 'Kaninchen', 'C:\\git\\experiments\\watkins2_part1\\wald.jpg'), ('Katze', 'Topf', 'C:\\git\\experiments\\watkins2_part1\\wueste.jpg', 'C:\\git\\experiments\\watkins2_part1\\wueste.jpg'), ('Fahrrad', 'Säge', 'C:\\git\\experiments\\watkins2_part1\\berg.jpg', 'C:\\git\\experiments\\watkins2_part1\\berg.jpg'), ('Onkel', 'Beet', 'C:\\git\\experiments\\watkins2_part1\\wueste.jpg', 'C:\\git\\experiments\\watkins2_part1\\wueste.jpg'), ('Birne', 'Goldfisch', 'C:\\git\\experiments\\watkins2_part1\\wald.jpg', 'C:\\git\\experiments\\watkins2_part1\\wald.jpg')]",465.4456206999603,473.43567249999614,473.4640414000605,473.46408510004403,473.49255190003896,,,473.492606099986,None,None,,,465.45204080006806,55,2026-07-27_12h23.21.685,watkins2_part1,,2026.1.3,143.41255925266896,2,23,Männlich,Muttersprache,Abitur,Anderes Studienfach,Bachelor,2026-07-27 12h23.22.708600 +0200,
15,0,15,1,Regen,,,,,15,0,15,0,473.4981115999981,,,,,,,,,,,,,,,,,,,,,,,,,,,,473.4929179000319,473.9821351999999,,,,Bett,Regen,,"['Bett', 'Regen', 'C:\\git\\experiments\\watkins2_part1\\berg.jpg']",test,2,,,,,,,,,,,,473.49271880002925,473.4928154000663,C:\git\experiments\watkins2_part1\berg.jpg,"[('Teller', 'Großvater', 'C:\\git\\experiments\\watkins2_part1\\berg.jpg', 'C:\\git\\experiments\\watkins2_part1\\berg.jpg'), ('Computer', 'Schwimmen', 'C:\\git\\experiments\\watkins2_part1\\strand.jpg'), ('Löffel', 'Orange', 'C:\\git\\experiments\\watkins2_part1\\wald.jpg', 'C:\\git\\experiments\\watkins2_part1\\wald.jpg'), ('Traube', 'Limonade', 'C:\\git\\experiments\\watkins2_part1\\strand.jpg'), ('Wind', 'Bus', 'C:\\git\\experiments\\watkins2_part1\\wueste.jpg'), ('Kamera', 'Sofa', 'C:\\git\\experiments\\watkins2_part1\\wald.jpg', 'C:\\git\\experiments\\watkins2_part1\\wald.jpg'), ('Auto', 'Müll', 'C:\\git\\experiments\\watkins2_part1\\berg.jpg'), ('Ball', 'Flugzeug', 'C:\\git\\experiments\\watkins2_part1\\strand.jpg', 'C:\\git\\experiments\\watkins2_part1\\strand.jpg'), ('Kreisel', 'Leinwand', 'C:\\git\\experiments\\watkins2_part1\\strand.jpg'), ('Rasen', 'Würfel', 'C:\\git\\experiments\\watkins2_part1\\wueste.jpg'), ('Staffelei', 'Dünger', 'C:\\git\\experiments\\watkins2_part1\\strand.jpg', 'C:\\git\\experiments\\watkins2_part1\\strand.jpg'), ('Matsch', 'Zange', 'C:\\git\\experiments\\watkins2_part1\\wald.jpg'), ('Hammer', 'Mappe', 'C:\\git\\experiments\\watkins2_part1\\wueste.jpg'), ('Heft', 'Puzzle', 'C:\\git\\experiments\\watkins2_part1\\strand.jpg', 'C:\\git\\experiments\\watkins2_part1\\strand.jpg'), ('Jacke', 'Trommel', 'C:\\git\\experiments\\watkins2_part1\\berg.jpg'), ('Bett', 'Regen', 'C:\\git\\experiments\\watkins2_part1\\berg.jpg', 'C:\\git\\experiments\\watkins2_part1\\berg.jpg'), ('Hamster', 'Drucker', 'C:\\git\\experiments\\watkins2_part1\\wald.jpg'), ('Fenster', 'Tennis', 'C:\\git\\experiments\\watkins2_part1\\berg.jpg'), ('Mütze', 'Fernseher', 'C:\\git\\experiments\\watkins2_part1\\wueste.jpg', 'C:\\git\\experiments\\watkins2_part1\\wueste.jpg'), ('Pinsel', 'Kaninchen', 'C:\\git\\experiments\\watkins2_part1\\wald.jpg'), ('Katze', 'Topf', 'C:\\git\\experiments\\watkins2_part1\\wueste.jpg', 'C:\\git\\experiments\\watkins2_part1\\wueste.jpg'), ('Fahrrad', 'Säge', 'C:\\git\\experiments\\watkins2_part1\\berg.jpg', 'C:\\git\\experiments\\watkins2_part1\\berg.jpg'), ('Onkel', 'Beet', 'C:\\git\\experiments\\watkins2_part1\\wueste.jpg', 'C:\\git\\experiments\\watkins2_part1\\wueste.jpg'), ('Birne', 'Goldfisch', 'C:\\git\\experiments\\watkins2_part1\\wald.jpg', 'C:\\git\\experiments\\watkins2_part1\\wald.jpg')]",474.00651020003716,474.0065551000298,474.0316021000617,474.0316502999631,474.056033400062,474.0656701999833,1,482.036490700033,None,None,Regen,Regen,,55,2026-07-27_12h23.21.685,watkins2_part1,,2026.1.3,143.41255925266896,2,23,Männlich,Muttersprache,Abitur,Anderes Studienfach,Bachelor,2026-07-27 12h23.22.708600 +0200,
16,0,16,,,,,,,16,0,16,0,482.0432533999556,,,,,,,,,,,,,,,,,,,,,,,,,,,,482.0368198999786,482.52442470000824,,,,Hamster,Drucker,,"['Hamster', 'Drucker', 'C:\\git\\experiments\\watkins2_part1\\wald.jpg']",study_new,2,,,,,,,,,,,,482.03660709998803,482.0366818999755,C:\git\experiments\watkins2_part1\wald.jpg,"[('Teller', 'Großvater', 'C:\\git\\experiments\\watkins2_part1\\berg.jpg', 'C:\\git\\experiments\\watkins2_part1\\berg.jpg'), ('Computer', 'Schwimmen', 'C:\\git\\experiments\\watkins2_part1\\strand.jpg'), ('Löffel', 'Orange', 'C:\\git\\experiments\\watkins2_part1\\wald.jpg', 'C:\\git\\experiments\\watkins2_part1\\wald.jpg'), ('Traube', 'Limonade', 'C:\\git\\experiments\\watkins2_part1\\strand.jpg'), ('Wind', 'Bus', 'C:\\git\\experiments\\watkins2_part1\\wueste.jpg'), ('Kamera', 'Sofa', 'C:\\git\\experiments\\watkins2_part1\\wald.jpg', 'C:\\git\\experiments\\watkins2_part1\\wald.jpg'), ('Auto', 'Müll', 'C:\\git\\experiments\\watkins2_part1\\berg.jpg'), ('Ball', 'Flugzeug', 'C:\\git\\experiments\\watkins2_part1\\strand.jpg', 'C:\\git\\experiments\\watkins2_part1\\strand.jpg'), ('Kreisel', 'Leinwand', 'C:\\git\\experiments\\watkins2_part1\\strand.jpg'), ('Rasen', 'Würfel', 'C:\\git\\experiments\\watkins2_part1\\wueste.jpg'), ('Staffelei', 'Dünger', 'C:\\git\\experiments\\watkins2_part1\\strand.jpg', 'C:\\git\\experiments\\watkins2_part1\\strand.jpg'), ('Matsch', 'Zange', 'C:\\git\\experiments\\watkins2_part1\\wald.jpg'), ('Hammer', 'Mappe', 'C:\\git\\experiments\\watkins2_part1\\wueste.jpg'), ('Heft', 'Puzzle', 'C:\\git\\experiments\\watkins2_part1\\strand.jpg', 'C:\\git\\experiments\\watkins2_part1\\strand.jpg'), ('Jacke', 'Trommel', 'C:\\git\\experiments\\watkins2_part1\\berg.jpg'), ('Bett', 'Regen', 'C:\\git\\experiments\\watkins2_part1\\berg.jpg', 'C:\\git\\experiments\\watkins2_part1\\berg.jpg'), ('Hamster', 'Drucker', 'C:\\git\\experiments\\watkins2_part1\\wald.jpg'), ('Fenster', 'Tennis', 'C:\\git\\experiments\\watkins2_part1\\berg.jpg'), ('Mütze', 'Fernseher', 'C:\\git\\experiments\\watkins2_part1\\wueste.jpg', 'C:\\git\\experiments\\watkins2_part1\\wueste.jpg'), ('Pinsel', 'Kaninchen', 'C:\\git\\experiments\\watkins2_part1\\wald.jpg'), ('Katze', 'Topf', 'C:\\git\\experiments\\watkins2_part1\\wueste.jpg', 'C:\\git\\experiments\\watkins2_part1\\wueste.jpg'), ('Fahrrad', 'Säge', 'C:\\git\\experiments\\watkins2_part1\\berg.jpg', 'C:\\git\\experiments\\watkins2_part1\\berg.jpg'), ('Onkel', 'Beet', 'C:\\git\\experiments\\watkins2_part1\\wueste.jpg', 'C:\\git\\experiments\\watkins2_part1\\wueste.jpg'), ('Birne', 'Goldfisch', 'C:\\git\\experiments\\watkins2_part1\\wald.jpg', 'C:\\git\\experiments\\watkins2_part1\\wald.jpg')]",482.5460272000055,490.53787790000206,490.5569910000195,490.55703660001745,490.57669590000296,,,490.5767516999622,None,None,,,482.5503849000088,55,2026-07-27_12h23.21.685,watkins2_part1,,2026.1.3,143.41255925266896,2,23,Männlich,Muttersprache,Abitur,Anderes Studienfach,Bachelor,2026-07-27 12h23.22.708600 +0200,
17,0,17,,,,,,,17,0,17,0,490.57962779997615,,,,,,,,,,,,,,,,,,,,,,,,,,,,490.577118999965,491.06545789999655,,,,Fenster,Tennis,,"['Fenster', 'Tennis', 'C:\\git\\experiments\\watkins2_part1\\berg.jpg']",study_new,2,,,,,,,,,,,,490.5768674000283,490.57696909998776,C:\git\experiments\watkins2_part1\berg.jpg,"[('Teller', 'Großvater', 'C:\\git\\experiments\\watkins2_part1\\berg.jpg', 'C:\\git\\experiments\\watkins2_part1\\berg.jpg'), ('Computer', 'Schwimmen', 'C:\\git\\experiments\\watkins2_part1\\strand.jpg'), ('Löffel', 'Orange', 'C:\\git\\experiments\\watkins2_part1\\wald.jpg', 'C:\\git\\experiments\\watkins2_part1\\wald.jpg'), ('Traube', 'Limonade', 'C:\\git\\experiments\\watkins2_part1\\strand.jpg'), ('Wind', 'Bus', 'C:\\git\\experiments\\watkins2_part1\\wueste.jpg'), ('Kamera', 'Sofa', 'C:\\git\\experiments\\watkins2_part1\\wald.jpg', 'C:\\git\\experiments\\watkins2_part1\\wald.jpg'), ('Auto', 'Müll', 'C:\\git\\experiments\\watkins2_part1\\berg.jpg'), ('Ball', 'Flugzeug', 'C:\\git\\experiments\\watkins2_part1\\strand.jpg', 'C:\\git\\experiments\\watkins2_part1\\strand.jpg'), ('Kreisel', 'Leinwand', 'C:\\git\\experiments\\watkins2_part1\\strand.jpg'), ('Rasen', 'Würfel', 'C:\\git\\experiments\\watkins2_part1\\wueste.jpg'), ('Staffelei', 'Dünger', 'C:\\git\\experiments\\watkins2_part1\\strand.jpg', 'C:\\git\\experiments\\watkins2_part1\\strand.jpg'), ('Matsch', 'Zange', 'C:\\git\\experiments\\watkins2_part1\\wald.jpg'), ('Hammer', 'Mappe', 'C:\\git\\experiments\\watkins2_part1\\wueste.jpg'), ('Heft', 'Puzzle', 'C:\\git\\experiments\\watkins2_part1\\strand.jpg', 'C:\\git\\experiments\\watkins2_part1\\strand.jpg'), ('Jacke', 'Trommel', 'C:\\git\\experiments\\watkins2_part1\\berg.jpg'), ('Bett', 'Regen', 'C:\\git\\experiments\\watkins2_part1\\berg.jpg', 'C:\\git\\experiments\\watkins2_part1\\berg.jpg'), ('Hamster', 'Drucker', 'C:\\git\\experiments\\watkins2_part1\\wald.jpg'), ('Fenster', 'Tennis', 'C:\\git\\experiments\\watkins2_part1\\berg.jpg'), ('Mütze', 'Fernseher', 'C:\\git\\experiments\\watkins2_part1\\wueste.jpg', 'C:\\git\\experiments\\watkins2_part1\\wueste.jpg'), ('Pinsel', 'Kaninchen', 'C:\\git\\experiments\\watkins2_part1\\wald.jpg'), ('Katze', 'Topf', 'C:\\git\\experiments\\watkins2_part1\\wueste.jpg', 'C:\\git\\experiments\\watkins2_part1\\wueste.jpg'), ('Fahrrad', 'Säge', 'C:\\git\\experiments\\watkins2_part1\\berg.jpg', 'C:\\git\\experiments\\watkins2_part1\\berg.jpg'), ('Onkel', 'Beet', 'C:\\git\\experiments\\watkins2_part1\\wueste.jpg', 'C:\\git\\experiments\\watkins2_part1\\wueste.jpg'), ('Birne', 'Goldfisch', 'C:\\git\\experiments\\watkins2_part1\\wald.jpg', 'C:\\git\\experiments\\watkins2_part1\\wald.jpg')]",491.0930236999993,499.0833190000267,499.11122450005496,499.11126980005065,499.13903450005455,,,499.1390878999955,None,None,,,491.09676100005163,55,2026-07-27_12h23.21.685,watkins2_part1,,2026.1.3,143.41255925266896,2,23,Männlich,Muttersprache,Abitur,Anderes Studienfach,Bachelor,2026-07-27 12h23.22.708600 +0200,
18,0,18,0,,,,,,18,0,18,0,499.14252469997155,,,,,,,,,,,,,,,,,,,,,,,,,,,,499.139408499992,499.6240756000043,,,,Mütze,Fernseher,,"['Mütze', 'Fernseher', 'C:\\git\\experiments\\watkins2_part1\\wueste.jpg']",test,2,,,,,,,,,,,,499.1392017000471,499.13930560002336,C:\git\experiments\watkins2_part1\wueste.jpg,"[('Teller', 'Großvater', 'C:\\git\\experiments\\watkins2_part1\\berg.jpg', 'C:\\git\\experiments\\watkins2_part1\\berg.jpg'), ('Computer', 'Schwimmen', 'C:\\git\\experiments\\watkins2_part1\\strand.jpg'), ('Löffel', 'Orange', 'C:\\git\\experiments\\watkins2_part1\\wald.jpg', 'C:\\git\\experiments\\watkins2_part1\\wald.jpg'), ('Traube', 'Limonade', 'C:\\git\\experiments\\watkins2_part1\\strand.jpg'), ('Wind', 'Bus', 'C:\\git\\experiments\\watkins2_part1\\wueste.jpg'), ('Kamera', 'Sofa', 'C:\\git\\experiments\\watkins2_part1\\wald.jpg', 'C:\\git\\experiments\\watkins2_part1\\wald.jpg'), ('Auto', 'Müll', 'C:\\git\\experiments\\watkins2_part1\\berg.jpg'), ('Ball', 'Flugzeug', 'C:\\git\\experiments\\watkins2_part1\\strand.jpg', 'C:\\git\\experiments\\watkins2_part1\\strand.jpg'), ('Kreisel', 'Leinwand', 'C:\\git\\experiments\\watkins2_part1\\strand.jpg'), ('Rasen', 'Würfel', 'C:\\git\\experiments\\watkins2_part1\\wueste.jpg'), ('Staffelei', 'Dünger', 'C:\\git\\experiments\\watkins2_part1\\strand.jpg', 'C:\\git\\experiments\\watkins2_part1\\strand.jpg'), ('Matsch', 'Zange', 'C:\\git\\experiments\\watkins2_part1\\wald.jpg'), ('Hammer', 'Mappe', 'C:\\git\\experiments\\watkins2_part1\\wueste.jpg'), ('Heft', 'Puzzle', 'C:\\git\\experiments\\watkins2_part1\\strand.jpg', 'C:\\git\\experiments\\watkins2_part1\\strand.jpg'), ('Jacke', 'Trommel', 'C:\\git\\experiments\\watkins2_part1\\berg.jpg'), ('Bett', 'Regen', 'C:\\git\\experiments\\watkins2_part1\\berg.jpg', 'C:\\git\\experiments\\watkins2_part1\\berg.jpg'), ('Hamster', 'Drucker', 'C:\\git\\experiments\\watkins2_part1\\wald.jpg'), ('Fenster', 'Tennis', 'C:\\git\\experiments\\watkins2_part1\\berg.jpg'), ('Mütze', 'Fernseher', 'C:\\git\\experiments\\watkins2_part1\\wueste.jpg', 'C:\\git\\experiments\\watkins2_part1\\wueste.jpg'), ('Pinsel', 'Kaninchen', 'C:\\git\\experiments\\watkins2_part1\\wald.jpg'), ('Katze', 'Topf', 'C:\\git\\experiments\\watkins2_part1\\wueste.jpg', 'C:\\git\\experiments\\watkins2_part1\\wueste.jpg'), ('Fahrrad', 'Säge', 'C:\\git\\experiments\\watkins2_part1\\berg.jpg', 'C:\\git\\experiments\\watkins2_part1\\berg.jpg'), ('Onkel', 'Beet', 'C:\\git\\experiments\\watkins2_part1\\wueste.jpg', 'C:\\git\\experiments\\watkins2_part1\\wueste.jpg'), ('Birne', 'Goldfisch', 'C:\\git\\experiments\\watkins2_part1\\wald.jpg', 'C:\\git\\experiments\\watkins2_part1\\wald.jpg')]",499.6427802000544,499.6428255000501,499.6613968000165,499.66144170000916,499.6816288000555,499.68898470007116,0,507.66391589998966,None,None,,,,55,2026-07-27_12h23.21.685,watkins2_part1,,2026.1.3,143.41255925266896,2,23,Männlich,Muttersprache,Abitur,Anderes Studienfach,Bachelor,2026-07-27 12h23.22.708600 +0200,
19,0,19,,,,,,,19,0,19,0,507.67071519995807,,,,,,,,,,,,,,,,,,,,,,,,,,,,507.6642144000507,508.1519416999654,,,,Pinsel,Kaninchen,,"['Pinsel', 'Kaninchen', 'C:\\git\\experiments\\watkins2_part1\\wald.jpg']",study_new,2,,,,,,,,,,,,507.6640355999698,507.6641120999702,C:\git\experiments\watkins2_part1\wald.jpg,"[('Teller', 'Großvater', 'C:\\git\\experiments\\watkins2_part1\\berg.jpg', 'C:\\git\\experiments\\watkins2_part1\\berg.jpg'), ('Computer', 'Schwimmen', 'C:\\git\\experiments\\watkins2_part1\\strand.jpg'), ('Löffel', 'Orange', 'C:\\git\\experiments\\watkins2_part1\\wald.jpg', 'C:\\git\\experiments\\watkins2_part1\\wald.jpg'), ('Traube', 'Limonade', 'C:\\git\\experiments\\watkins2_part1\\strand.jpg'), ('Wind', 'Bus', 'C:\\git\\experiments\\watkins2_part1\\wueste.jpg'), ('Kamera', 'Sofa', 'C:\\git\\experiments\\watkins2_part1\\wald.jpg', 'C:\\git\\experiments\\watkins2_part1\\wald.jpg'), ('Auto', 'Müll', 'C:\\git\\experiments\\watkins2_part1\\berg.jpg'), ('Ball', 'Flugzeug', 'C:\\git\\experiments\\watkins2_part1\\strand.jpg', 'C:\\git\\experiments\\watkins2_part1\\strand.jpg'), ('Kreisel', 'Leinwand', 'C:\\git\\experiments\\watkins2_part1\\strand.jpg'), ('Rasen', 'Würfel', 'C:\\git\\experiments\\watkins2_part1\\wueste.jpg'), ('Staffelei', 'Dünger', 'C:\\git\\experiments\\watkins2_part1\\strand.jpg', 'C:\\git\\experiments\\watkins2_part1\\strand.jpg'), ('Matsch', 'Zange', 'C:\\git\\experiments\\watkins2_part1\\wald.jpg'), ('Hammer', 'Mappe', 'C:\\git\\experiments\\watkins2_part1\\wueste.jpg'), ('Heft', 'Puzzle', 'C:\\git\\experiments\\watkins2_part1\\strand.jpg', 'C:\\git\\experiments\\watkins2_part1\\strand.jpg'), ('Jacke', 'Trommel', 'C:\\git\\experiments\\watkins2_part1\\berg.jpg'), ('Bett', 'Regen', 'C:\\git\\experiments\\watkins2_part1\\berg.jpg', 'C:\\git\\experiments\\watkins2_part1\\berg.jpg'), ('Hamster', 'Drucker', 'C:\\git\\experiments\\watkins2_part1\\wald.jpg'), ('Fenster', 'Tennis', 'C:\\git\\experiments\\watkins2_part1\\berg.jpg'), ('Mütze', 'Fernseher', 'C:\\git\\experiments\\watkins2_part1\\wueste.jpg', 'C:\\git\\experiments\\watkins2_part1\\wueste.jpg'), ('Pinsel', 'Kaninchen', 'C:\\git\\experiments\\watkins2_part1\\wald.jpg'), ('Katze', 'Topf', 'C:\\git\\experiments\\watkins2_part1\\wueste.jpg', 'C:\\git\\experiments\\watkins2_part1\\wueste.jpg'), ('Fahrrad', 'Säge', 'C:\\git\\experiments\\watkins2_part1\\berg.jpg', 'C:\\git\\experiments\\watkins2_part1\\berg.jpg'), ('Onkel', 'Beet', 'C:\\git\\experiments\\watkins2_part1\\wueste.jpg', 'C:\\git\\experiments\\watkins2_part1\\wueste.jpg'), ('Birne', 'Goldfisch', 'C:\\git\\experiments\\watkins2_part1\\wald.jpg', 'C:\\git\\experiments\\watkins2_part1\\wald.jpg')]",508.17109949997393,516.1674168999889,516.1863209000439,516.1863665000419,516.2041649000603,,,516.2042204000172,None,None,,,508.1754433999886,55,2026-07-27_12h23.21.685,watkins2_part1,,2026.1.3,143.41255925266896,2,23,Männlich,Muttersprache,Abitur,Anderes Studienfach,Bachelor,2026-07-27 12h23.22.708600 +0200,
20,0,20,0,,,,,,20,0,20,0,516.2077536000288,,,,,,,,,,,,,,,,,,,,,,,,,,,,516.2045373999863,516.6921049999655,,,,Katze,Topf,,"['Katze', 'Topf', 'C:\\git\\experiments\\watkins2_part1\\wueste.jpg']",test,2,,,,,,,,,,,,516.2043340000673,516.2044367000344,C:\git\experiments\watkins2_part1\wueste.jpg,"[('Teller', 'Großvater', 'C:\\git\\experiments\\watkins2_part1\\berg.jpg', 'C:\\git\\experiments\\watkins2_part1\\berg.jpg'), ('Computer', 'Schwimmen', 'C:\\git\\experiments\\watkins2_part1\\strand.jpg'), ('Löffel', 'Orange', 'C:\\git\\experiments\\watkins2_part1\\wald.jpg', 'C:\\git\\experiments\\watkins2_part1\\wald.jpg'), ('Traube', 'Limonade', 'C:\\git\\experiments\\watkins2_part1\\strand.jpg'), ('Wind', 'Bus', 'C:\\git\\experiments\\watkins2_part1\\wueste.jpg'), ('Kamera', 'Sofa', 'C:\\git\\experiments\\watkins2_part1\\wald.jpg', 'C:\\git\\experiments\\watkins2_part1\\wald.jpg'), ('Auto', 'Müll', 'C:\\git\\experiments\\watkins2_part1\\berg.jpg'), ('Ball', 'Flugzeug', 'C:\\git\\experiments\\watkins2_part1\\strand.jpg', 'C:\\git\\experiments\\watkins2_part1\\strand.jpg'), ('Kreisel', 'Leinwand', 'C:\\git\\experiments\\watkins2_part1\\strand.jpg'), ('Rasen', 'Würfel', 'C:\\git\\experiments\\watkins2_part1\\wueste.jpg'), ('Staffelei', 'Dünger', 'C:\\git\\experiments\\watkins2_part1\\strand.jpg', 'C:\\git\\experiments\\watkins2_part1\\strand.jpg'), ('Matsch', 'Zange', 'C:\\git\\experiments\\watkins2_part1\\wald.jpg'), ('Hammer', 'Mappe', 'C:\\git\\experiments\\watkins2_part1\\wueste.jpg'), ('Heft', 'Puzzle', 'C:\\git\\experiments\\watkins2_part1\\strand.jpg', 'C:\\git\\experiments\\watkins2_part1\\strand.jpg'), ('Jacke', 'Trommel', 'C:\\git\\experiments\\watkins2_part1\\berg.jpg'), ('Bett', 'Regen', 'C:\\git\\experiments\\watkins2_part1\\berg.jpg', 'C:\\git\\experiments\\watkins2_part1\\berg.jpg'), ('Hamster', 'Drucker', 'C:\\git\\experiments\\watkins2_part1\\wald.jpg'), ('Fenster', 'Tennis', 'C:\\git\\experiments\\watkins2_part1\\berg.jpg'), ('Mütze', 'Fernseher', 'C:\\git\\experiments\\watkins2_part1\\wueste.jpg', 'C:\\git\\experiments\\watkins2_part1\\wueste.jpg'), ('Pinsel', 'Kaninchen', 'C:\\git\\experiments\\watkins2_part1\\wald.jpg'), ('Katze', 'Topf', 'C:\\git\\experiments\\watkins2_part1\\wueste.jpg', 'C:\\git\\experiments\\watkins2_part1\\wueste.jpg'), ('Fahrrad', 'Säge', 'C:\\git\\experiments\\watkins2_part1\\berg.jpg', 'C:\\git\\experiments\\watkins2_part1\\berg.jpg'), ('Onkel', 'Beet', 'C:\\git\\experiments\\watkins2_part1\\wueste.jpg', 'C:\\git\\experiments\\watkins2_part1\\wueste.jpg'), ('Birne', 'Goldfisch', 'C:\\git\\experiments\\watkins2_part1\\wald.jpg', 'C:\\git\\experiments\\watkins2_part1\\wald.jpg')]",516.7091357999598,516.70918169996,516.7273784999852,516.7274230999756,516.7471504000132,516.7539655999863,0,524.7336760999751,None,None,,,,55,2026-07-27_12h23.21.685,watkins2_part1,,2026.1.3,143.41255925266896,2,23,Männlich,Muttersprache,Abitur,Anderes Studienfach,Bachelor,2026-07-27 12h23.22.708600 +0200,
21,0,21,1,Säge,,,,,21,0,21,0,524.7404766000691,,,,,,,,,,,,,,,,,,,,,,,,,,,,524.7339694999973,525.2216059000348,,,,Fahrrad,Säge,,"['Fahrrad', 'Säge', 'C:\\git\\experiments\\watkins2_part1\\berg.jpg']",test,2,,,,,,,,,,,,524.7337935000542,524.7338692000485,C:\git\experiments\watkins2_part1\berg.jpg,"[('Teller', 'Großvater', 'C:\\git\\experiments\\watkins2_part1\\berg.jpg', 'C:\\git\\experiments\\watkins2_part1\\berg.jpg'), ('Computer', 'Schwimmen', 'C:\\git\\experiments\\watkins2_part1\\strand.jpg'), ('Löffel', 'Orange', 'C:\\git\\experiments\\watkins2_part1\\wald.jpg', 'C:\\git\\experiments\\watkins2_part1\\wald.jpg'), ('Traube', 'Limonade', 'C:\\git\\experiments\\watkins2_part1\\strand.jpg'), ('Wind', 'Bus', 'C:\\git\\experiments\\watkins2_part1\\wueste.jpg'), ('Kamera', 'Sofa', 'C:\\git\\experiments\\watkins2_part1\\wald.jpg', 'C:\\git\\experiments\\watkins2_part1\\wald.jpg'), ('Auto', 'Müll', 'C:\\git\\experiments\\watkins2_part1\\berg.jpg'), ('Ball', 'Flugzeug', 'C:\\git\\experiments\\watkins2_part1\\strand.jpg', 'C:\\git\\experiments\\watkins2_part1\\strand.jpg'), ('Kreisel', 'Leinwand', 'C:\\git\\experiments\\watkins2_part1\\strand.jpg'), ('Rasen', 'Würfel', 'C:\\git\\experiments\\watkins2_part1\\wueste.jpg'), ('Staffelei', 'Dünger', 'C:\\git\\experiments\\watkins2_part1\\strand.jpg', 'C:\\git\\experiments\\watkins2_part1\\strand.jpg'), ('Matsch', 'Zange', 'C:\\git\\experiments\\watkins2_part1\\wald.jpg'), ('Hammer', 'Mappe', 'C:\\git\\experiments\\watkins2_part1\\wueste.jpg'), ('Heft', 'Puzzle', 'C:\\git\\experiments\\watkins2_part1\\strand.jpg', 'C:\\git\\experiments\\watkins2_part1\\strand.jpg'), ('Jacke', 'Trommel', 'C:\\git\\experiments\\watkins2_part1\\berg.jpg'), ('Bett', 'Regen', 'C:\\git\\experiments\\watkins2_part1\\berg.jpg', 'C:\\git\\experiments\\watkins2_part1\\berg.jpg'), ('Hamster', 'Drucker', 'C:\\git\\experiments\\watkins2_part1\\wald.jpg'), ('Fenster', 'Tennis', 'C:\\git\\experiments\\watkins2_part1\\berg.jpg'), ('Mütze', 'Fernseher', 'C:\\git\\experiments\\watkins2_part1\\wueste.jpg', 'C:\\git\\experiments\\watkins2_part1\\wueste.jpg'), ('Pinsel', 'Kaninchen', 'C:\\git\\experiments\\watkins2_part1\\wald.jpg'), ('Katze', 'Topf', 'C:\\git\\experiments\\watkins2_part1\\wueste.jpg', 'C:\\git\\experiments\\watkins2_part1\\wueste.jpg'), ('Fahrrad', 'Säge', 'C:\\git\\experiments\\watkins2_part1\\berg.jpg', 'C:\\git\\experiments\\watkins2_part1\\berg.jpg'), ('Onkel', 'Beet', 'C:\\git\\experiments\\watkins2_part1\\wueste.jpg', 'C:\\git\\experiments\\watkins2_part1\\wueste.jpg'), ('Birne', 'Goldfisch', 'C:\\git\\experiments\\watkins2_part1\\wald.jpg', 'C:\\git\\experiments\\watkins2_part1\\wald.jpg')]",525.2493204000057,525.2493653999991,525.2785914000706,525.2786369000678,525.3061067000381,525.3142110000481,1,533.2856950000278,None,None,Säge,Säge,,55,2026-07-27_12h23.21.685,watkins2_part1,,2026.1.3,143.41255925266896,2,23,Männlich,Muttersprache,Abitur,Anderes Studienfach,Bachelor,2026-07-27 12h23.22.708600 +0200,
22,0,22,0,teller,,,,,22,0,22,0,533.2925104000024,,,,,,,,,,,,,,,,,,,,,,,,,,,,533.2859908000682,533.7736702999682,,,,Onkel,Beet,,"['Onkel', 'Beet', 'C:\\git\\experiments\\watkins2_part1\\wueste.jpg']",test,2,,,,,,,,,,,,533.2858111999813,533.2858904000022,C:\git\experiments\watkins2_part1\wueste.jpg,"[('Teller', 'Großvater', 'C:\\git\\experiments\\watkins2_part1\\berg.jpg', 'C:\\git\\experiments\\watkins2_part1\\berg.jpg'), ('Computer', 'Schwimmen', 'C:\\git\\experiments\\watkins2_part1\\strand.jpg'), ('Löffel', 'Orange', 'C:\\git\\experiments\\watkins2_part1\\wald.jpg', 'C:\\git\\experiments\\watkins2_part1\\wald.jpg'), ('Traube', 'Limonade', 'C:\\git\\experiments\\watkins2_part1\\strand.jpg'), ('Wind', 'Bus', 'C:\\git\\experiments\\watkins2_part1\\wueste.jpg'), ('Kamera', 'Sofa', 'C:\\git\\experiments\\watkins2_part1\\wald.jpg', 'C:\\git\\experiments\\watkins2_part1\\wald.jpg'), ('Auto', 'Müll', 'C:\\git\\experiments\\watkins2_part1\\berg.jpg'), ('Ball', 'Flugzeug', 'C:\\git\\experiments\\watkins2_part1\\strand.jpg', 'C:\\git\\experiments\\watkins2_part1\\strand.jpg'), ('Kreisel', 'Leinwand', 'C:\\git\\experiments\\watkins2_part1\\strand.jpg'), ('Rasen', 'Würfel', 'C:\\git\\experiments\\watkins2_part1\\wueste.jpg'), ('Staffelei', 'Dünger', 'C:\\git\\experiments\\watkins2_part1\\strand.jpg', 'C:\\git\\experiments\\watkins2_part1\\strand.jpg'), ('Matsch', 'Zange', 'C:\\git\\experiments\\watkins2_part1\\wald.jpg'), ('Hammer', 'Mappe', 'C:\\git\\experiments\\watkins2_part1\\wueste.jpg'), ('Heft', 'Puzzle', 'C:\\git\\experiments\\watkins2_part1\\strand.jpg', 'C:\\git\\experiments\\watkins2_part1\\strand.jpg'), ('Jacke', 'Trommel', 'C:\\git\\experiments\\watkins2_part1\\berg.jpg'), ('Bett', 'Regen', 'C:\\git\\experiments\\watkins2_part1\\berg.jpg', 'C:\\git\\experiments\\watkins2_part1\\berg.jpg'), ('Hamster', 'Drucker', 'C:\\git\\experiments\\watkins2_part1\\wald.jpg'), ('Fenster', 'Tennis', 'C:\\git\\experiments\\watkins2_part1\\berg.jpg'), ('Mütze', 'Fernseher', 'C:\\git\\experiments\\watkins2_part1\\wueste.jpg', 'C:\\git\\experiments\\watkins2_part1\\wueste.jpg'), ('Pinsel', 'Kaninchen', 'C:\\git\\experiments\\watkins2_part1\\wald.jpg'), ('Katze', 'Topf', 'C:\\git\\experiments\\watkins2_part1\\wueste.jpg', 'C:\\git\\experiments\\watkins2_part1\\wueste.jpg'), ('Fahrrad', 'Säge', 'C:\\git\\experiments\\watkins2_part1\\berg.jpg', 'C:\\git\\experiments\\watkins2_part1\\berg.jpg'), ('Onkel', 'Beet', 'C:\\git\\experiments\\watkins2_part1\\wueste.jpg', 'C:\\git\\experiments\\watkins2_part1\\wueste.jpg'), ('Birne', 'Goldfisch', 'C:\\git\\experiments\\watkins2_part1\\wald.jpg', 'C:\\git\\experiments\\watkins2_part1\\wald.jpg')]",533.7936476000468,533.7936916000326,533.8127943999716,533.8128391999635,533.8309596999898,533.8380114000174,0,541.8191285000066,None,None,teller,teller,,55,2026-07-27_12h23.21.685,watkins2_part1,,2026.1.3,143.41255925266896,2,23,Männlich,Muttersprache,Abitur,Anderes Studienfach,Bachelor,2026-07-27 12h23.22.708600 +0200,
23,0,23,0,,,,,,23,0,23,0,541.8259399000672,,,,,,,,,,,,,,,,,,,,,,,,,,,,541.8194250000524,542.3070847000345,,,,Birne,Goldfisch,,"['Birne', 'Goldfisch', 'C:\\git\\experiments\\watkins2_part1\\wald.jpg']",test,2,,,,,,,,,,,,541.8192432000651,541.8193243999849,C:\git\experiments\watkins2_part1\wald.jpg,"[('Teller', 'Großvater', 'C:\\git\\experiments\\watkins2_part1\\berg.jpg', 'C:\\git\\experiments\\watkins2_part1\\berg.jpg'), ('Computer', 'Schwimmen', 'C:\\git\\experiments\\watkins2_part1\\strand.jpg'), ('Löffel', 'Orange', 'C:\\git\\experiments\\watkins2_part1\\wald.jpg', 'C:\\git\\experiments\\watkins2_part1\\wald.jpg'), ('Traube', 'Limonade', 'C:\\git\\experiments\\watkins2_part1\\strand.jpg'), ('Wind', 'Bus', 'C:\\git\\experiments\\watkins2_part1\\wueste.jpg'), ('Kamera', 'Sofa', 'C:\\git\\experiments\\watkins2_part1\\wald.jpg', 'C:\\git\\experiments\\watkins2_part1\\wald.jpg'), ('Auto', 'Müll', 'C:\\git\\experiments\\watkins2_part1\\berg.jpg'), ('Ball', 'Flugzeug', 'C:\\git\\experiments\\watkins2_part1\\strand.jpg', 'C:\\git\\experiments\\watkins2_part1\\strand.jpg'), ('Kreisel', 'Leinwand', 'C:\\git\\experiments\\watkins2_part1\\strand.jpg'), ('Rasen', 'Würfel', 'C:\\git\\experiments\\watkins2_part1\\wueste.jpg'), ('Staffelei', 'Dünger', 'C:\\git\\experiments\\watkins2_part1\\strand.jpg', 'C:\\git\\experiments\\watkins2_part1\\strand.jpg'), ('Matsch', 'Zange', 'C:\\git\\experiments\\watkins2_part1\\wald.jpg'), ('Hammer', 'Mappe', 'C:\\git\\experiments\\watkins2_part1\\wueste.jpg'), ('Heft', 'Puzzle', 'C:\\git\\experiments\\watkins2_part1\\strand.jpg', 'C:\\git\\experiments\\watkins2_part1\\strand.jpg'), ('Jacke', 'Trommel', 'C:\\git\\experiments\\watkins2_part1\\berg.jpg'), ('Bett', 'Regen', 'C:\\git\\experiments\\watkins2_part1\\berg.jpg', 'C:\\git\\experiments\\watkins2_part1\\berg.jpg'), ('Hamster', 'Drucker', 'C:\\git\\experiments\\watkins2_part1\\wald.jpg'), ('Fenster', 'Tennis', 'C:\\git\\experiments\\watkins2_part1\\berg.jpg'), ('Mütze', 'Fernseher', 'C:\\git\\experiments\\watkins2_part1\\wueste.jpg', 'C:\\git\\experiments\\watkins2_part1\\wueste.jpg'), ('Pinsel', 'Kaninchen', 'C:\\git\\experiments\\watkins2_part1\\wald.jpg'), ('Katze', 'Topf', 'C:\\git\\experiments\\watkins2_part1\\wueste.jpg', 'C:\\git\\experiments\\watkins2_part1\\wueste.jpg'), ('Fahrrad', 'Säge', 'C:\\git\\experiments\\watkins2_part1\\berg.jpg', 'C:\\git\\experiments\\watkins2_part1\\berg.jpg'), ('Onkel', 'Beet', 'C:\\git\\experiments\\watkins2_part1\\wueste.jpg', 'C:\\git\\experiments\\watkins2_part1\\wueste.jpg'), ('Birne', 'Goldfisch', 'C:\\git\\experiments\\watkins2_part1\\wald.jpg', 'C:\\git\\experiments\\watkins2_part1\\wald.jpg')]",542.3256428000168,542.3256888000178,542.3456994000007,542.3457456000033,542.3635729000089,542.3715147000621,0,550.346924100013,None,None,,,,55,2026-07-27_12h23.21.685,watkins2_part1,,2026.1.3,143.41255925266896,2,23,Männlich,Muttersprache,Abitur,Anderes Studienfach,Bachelor,2026-07-27 12h23.22.708600 +0200,
