sid,tid,tix,bid,bix,study_task,current_task,study_phase,key_assignment,prime_identity,prime_part_of_speech,prime_valence,prime_color,target_identity,target_part_of_speech,target_valence,target_color,target_onset,response,response_time,error,response_window_start,response_window_end,n_target
3,1,1,1,1,valence_classification,valence_classification,acquisition,positive_left,BMVZ,,,black,lasch,,negative,black,0.9034,negative,2.8329,0,0.41,0.54,41
3,2,2,1,1,valence_classification,valence_classification,acquisition,positive_left,BMVZ,,,black,strafen,,negative,black,0.8804,negative,0.8376,0,0.41,0.54,41
3,3,3,1,1,valence_classification,valence_classification,acquisition,positive_left,BMVZ,,,black,hindern,,negative,black,0.8804,negative,0.6868,0,0.41,0.54,41
3,4,4,1,1,valence_classification,valence_classification,acquisition,positive_left,BMVZ,,,black,schroff,,negative,black,0.8805,negative,0.6091,0,0.41,0.54,41
3,5,5,1,1,valence_classification,valence_classification,acquisition,positive_left,GKQX,,,black,fair,,positive,black,0.8805,positive,0.675,0,0.41,0.54,41
3,6,6,1,1,valence_classification,valence_classification,acquisition,positive_left,GKQX,,,black,retten,,positive,black,0.8804,positive,0.5989,0,0.41,0.54,41
3,7,7,1,1,valence_classification,valence_classification,acquisition,positive_left,GKQX,,,black,helfen,,positive,black,0.8804,positive,0.5859,0,0.41,0.54,41
3,8,8,1,1,valence_classification,valence_classification,acquisition,positive_left,BMVZ,,,black,schroff,,negative,black,0.8804,negative,0.7141,0,0.41,0.54,41
3,9,9,1,1,valence_classification,valence_classification,acquisition,positive_left,GKQX,,,black,lachen,,positive,black,0.8804,positive,0.5342,0,0.41,0.54,41
3,10,10,1,1,valence_classification,valence_classification,acquisition,positive_left,BMVZ,,,black,tyrannisch,,negative,black,0.8804,negative,0.6211,0,0.41,0.54,41
3,11,11,1,1,valence_classification,valence_classification,acquisition,positive_left,GKQX,,,black,lachen,,positive,black,0.8804,positive,0.6345,0,0.41,0.54,41
3,12,12,1,1,valence_classification,valence_classification,acquisition,positive_left,GKQX,,,black,freundlich,,positive,black,0.8804,positive,0.8013,0,0.41,0.54,41
3,13,13,1,1,valence_classification,valence_classification,acquisition,positive_left,BMVZ,,,black,eitel,,negative,black,0.8804,negative,0.7854,0,0.41,0.54,41
3,14,14,1,1,valence_classification,valence_classification,acquisition,positive_left,BMVZ,,,black,tyrannisch,,negative,black,0.8804,negative,2.4971,0,0.41,0.54,41
3,15,15,1,1,valence_classification,valence_classification,acquisition,positive_left,GKQX,,,black,schlau,,positive,black,0.8804,positive,0.8439,0,0.41,0.54,41
3,16,16,1,1,valence_classification,valence_classification,acquisition,positive_left,GKQX,,,black,ehrlich,,positive,black,0.8805,positive,0.6418,0,0.41,0.54,41
3,17,17,1,1,valence_classification,valence_classification,acquisition,positive_left,GKQX,,,black,ehrlich,,positive,black,0.8805,positive,3.7539,0,0.41,0.54,41
3,18,18,1,1,valence_classification,valence_classification,acquisition,positive_left,BMVZ,,,black,eitel,,negative,black,0.8805,negative,1.5164,0,0.41,0.54,41
3,19,19,1,1,valence_classification,valence_classification,acquisition,positive_left,GKQX,,,black,helfen,,positive,black,0.8804,positive,0.5988,0,0.41,0.54,41
3,20,20,1,1,valence_classification,valence_classification,acquisition,positive_left,BMVZ,,,black,tot,,negative,black,0.8804,negative,1.1249,0,0.41,0.54,41
3,21,21,1,1,valence_classification,valence_classification,acquisition,positive_left,GKQX,,,black,schön,,positive,black,0.8804,positive,0.7832,0,0.41,0.54,41
3,22,22,1,1,valence_classification,valence_classification,acquisition,positive_left,BMVZ,,,black,strafen,,negative,black,0.8804,negative,0.5722,0,0.41,0.54,41
3,23,23,1,1,valence_classification,valence_classification,acquisition,positive_left,BMVZ,,,black,leiden,,negative,black,0.8804,negative,0.7581,0,0.41,0.54,41
3,24,24,1,1,valence_classification,valence_classification,acquisition,positive_left,GKQX,,,black,schön,,positive,black,0.8805,positive,0.6265,0,0.41,0.54,41
3,25,1,2,2,valence_classification,valence_classification,acquisition,positive_left,BMVZ,,,black,leiden,,negative,black,0.8805,negative,0.9664,0,0.41,0.54,41
3,26,2,2,2,valence_classification,valence_classification,acquisition,positive_left,BMVZ,,,black,eitel,,negative,black,0.8804,negative,0.5553,0,0.41,0.54,41
3,27,3,2,2,valence_classification,valence_classification,acquisition,positive_left,GKQX,,,black,freundlich,,positive,black,0.8805,positive,0.4253,0,0.41,0.54,41
3,28,4,2,2,valence_classification,valence_classification,acquisition,positive_left,BMVZ,,,black,hindern,,negative,black,0.8805,positive,0.5267,1,0.41,0.54,41
3,29,5,2,2,valence_classification,valence_classification,acquisition,positive_left,BMVZ,,,black,strafen,,negative,black,0.8805,positive,0.5657,1,0.41,0.54,41
3,30,6,2,2,valence_classification,valence_classification,acquisition,positive_left,GKQX,,,black,retten,,positive,black,0.8805,negative,0.45,1,0.41,0.54,41
3,31,7,2,2,valence_classification,valence_classification,acquisition,positive_left,GKQX,,,black,helfen,,positive,black,0.8804,positive,0.8222,0,0.41,0.54,41
3,32,8,2,2,valence_classification,valence_classification,acquisition,positive_left,GKQX,,,black,lachen,,positive,black,0.8804,positive,0.773,0,0.41,0.54,41
3,33,9,2,2,valence_classification,valence_classification,acquisition,positive_left,GKQX,,,black,helfen,,positive,black,0.8804,positive,0.4639,0,0.41,0.54,41
3,34,10,2,2,valence_classification,valence_classification,acquisition,positive_left,BMVZ,,,black,tyrannisch,,negative,black,0.8805,negative,0.4659,0,0.41,0.54,41
3,35,11,2,2,valence_classification,valence_classification,acquisition,positive_left,BMVZ,,,black,strafen,,negative,black,0.8804,negative,0.5003,0,0.41,0.54,41
3,36,12,2,2,valence_classification,valence_classification,acquisition,positive_left,GKQX,,,black,lachen,,positive,black,0.8804,positive,0.4329,0,0.41,0.54,41
3,37,13,2,2,valence_classification,valence_classification,acquisition,positive_left,GKQX,,,black,schlau,,positive,black,0.8804,positive,0.5206,0,0.41,0.54,41
3,38,14,2,2,valence_classification,valence_classification,acquisition,positive_left,GKQX,,,black,schön,,positive,black,0.8805,positive,0.4648,0,0.41,0.54,41
3,39,15,2,2,valence_classification,valence_classification,acquisition,positive_left,GKQX,,,black,ehrlich,,positive,black,0.8804,positive,0.4395,0,0.41,0.54,41
3,40,16,2,2,valence_classification,valence_classification,acquisition,positive_left,BMVZ,,,black,tot,,negative,black,0.8804,negative,0.443,0,0.41,0.54,41
3,41,17,2,2,valence_classification,valence_classification,acquisition,positive_left,GKQX,,,black,fair,,positive,black,0.8804,positive,0.4652,0,0.41,0.54,41
3,42,18,2,2,valence_classification,valence_classification,acquisition,positive_left,BMVZ,,,black,schroff,,negative,black,0.8804,negative,0.443,0,0.41,0.54,41
3,43,19,2,2,valence_classification,valence_classification,acquisition,positive_left,BMVZ,,,black,lasch,,negative,black,0.8804,positive,0.4398,1,0.41,0.54,41
3,44,20,2,2,valence_classification,valence_classification,acquisition,positive_left,BMVZ,,,black,schroff,,negative,black,0.8805,negative,0.453,0,0.41,0.54,41
3,45,21,2,2,valence_classification,valence_classification,acquisition,positive_left,BMVZ,,,black,tyrannisch,,negative,black,0.8804,negative,0.4474,0,0.41,0.54,41
3,46,22,2,2,valence_classification,valence_classification,acquisition,positive_left,GKQX,,,black,schön,,positive,black,0.8804,positive,0.4367,0,0.41,0.54,41
3,47,23,2,2,valence_classification,valence_classification,acquisition,positive_left,GKQX,,,black,ehrlich,,positive,black,0.8804,positive,0.5678,0,0.41,0.54,41
3,48,24,2,2,valence_classification,valence_classification,acquisition,positive_left,BMVZ,,,black,eitel,,negative,black,0.8804,positive,0.4589,1,0.41,0.54,41
3,49,1,3,3,valence_classification,valence_classification,acquisition,positive_left,GKQX,,,black,retten,,positive,black,0.8817,negative,0.5509,1,0.39,0.52,39
3,50,2,3,3,valence_classification,valence_classification,acquisition,positive_left,GKQX,,,black,freundlich,,positive,black,0.8805,positive,0.443,0,0.39,0.52,39
3,51,3,3,3,valence_classification,valence_classification,acquisition,positive_left,BMVZ,,,black,tot,,negative,black,0.8804,negative,0.4731,0,0.39,0.52,39
3,52,4,3,3,valence_classification,valence_classification,acquisition,positive_left,BMVZ,,,black,hindern,,negative,black,0.8808,negative,0.5353,0,0.39,0.52,39
3,53,5,3,3,valence_classification,valence_classification,acquisition,positive_left,GKQX,,,black,freundlich,,positive,black,0.8804,positive,0.4252,0,0.39,0.52,39
3,54,6,3,3,valence_classification,valence_classification,acquisition,positive_left,BMVZ,,,black,eitel,,negative,black,0.8804,negative,0.5457,0,0.39,0.52,39
3,55,7,3,3,valence_classification,valence_classification,acquisition,positive_left,BMVZ,,,black,schroff,,negative,black,0.8804,positive,0.4143,1,0.39,0.52,39
3,56,8,3,3,valence_classification,valence_classification,acquisition,positive_left,BMVZ,,,black,lasch,,negative,black,0.8804,positive,0.4537,1,0.39,0.52,39
3,57,9,3,3,valence_classification,valence_classification,acquisition,positive_left,GKQX,,,black,schön,,positive,black,0.8804,positive,0.4431,0,0.39,0.52,39
3,58,10,3,3,valence_classification,valence_classification,acquisition,positive_left,GKQX,,,black,retten,,positive,black,0.8804,negative,0.4354,1,0.39,0.52,39
3,59,11,3,3,valence_classification,valence_classification,acquisition,positive_left,BMVZ,,,black,strafen,,negative,black,0.8805,negative,0.4981,0,0.39,0.52,39
3,60,12,3,3,valence_classification,valence_classification,acquisition,positive_left,BMVZ,,,black,strafen,,negative,black,0.8805,negative,0.4753,0,0.39,0.52,39
3,61,13,3,3,valence_classification,valence_classification,acquisition,positive_left,GKQX,,,black,helfen,,positive,black,0.8804,positive,0.403,0,0.39,0.52,39
3,62,14,3,3,valence_classification,valence_classification,acquisition,positive_left,BMVZ,,,black,leiden,,negative,black,0.8804,negative,0.4991,0,0.39,0.52,39
3,63,15,3,3,valence_classification,valence_classification,acquisition,positive_left,BMVZ,,,black,tyrannisch,,negative,black,0.8804,negative,0.4431,0,0.39,0.52,39
3,64,16,3,3,valence_classification,valence_classification,acquisition,positive_left,BMVZ,,,black,eitel,,negative,black,0.8804,positive,0.4761,1,0.39,0.52,39
3,65,17,3,3,valence_classification,valence_classification,acquisition,positive_left,GKQX,,,black,lachen,,positive,black,0.8805,positive,0.6169,0,0.39,0.52,39
3,66,18,3,3,valence_classification,valence_classification,acquisition,positive_left,GKQX,,,black,schlau,,positive,black,0.8804,negative,0.4845,1,0.39,0.52,39
3,67,19,3,3,valence_classification,valence_classification,acquisition,positive_left,BMVZ,,,black,leiden,,negative,black,0.8805,negative,0.4342,0,0.39,0.52,39
3,68,20,3,3,valence_classification,valence_classification,acquisition,positive_left,GKQX,,,black,retten,,positive,black,0.8805,negative,0.5092,1,0.39,0.52,39
3,69,21,3,3,valence_classification,valence_classification,acquisition,positive_left,GKQX,,,black,ehrlich,,positive,black,0.8805,positive,0.4431,0,0.39,0.52,39
3,70,22,3,3,valence_classification,valence_classification,acquisition,positive_left,BMVZ,,,black,lasch,,negative,black,0.8804,negative,0.5347,0,0.39,0.52,39
3,71,23,3,3,valence_classification,valence_classification,acquisition,positive_left,GKQX,,,black,schön,,positive,black,0.8805,positive,0.4387,0,0.39,0.52,39
3,72,24,3,3,valence_classification,valence_classification,acquisition,positive_left,BMVZ,,,black,eitel,,negative,black,0.8805,positive,0.5093,1,0.39,0.52,39
3,73,25,3,3,valence_classification,valence_classification,acquisition,positive_left,BMVZ,,,black,tot,,negative,black,0.8806,negative,0.4805,0,0.39,0.52,39
3,74,26,3,3,valence_classification,valence_classification,acquisition,positive_left,GKQX,,,black,lachen,,positive,black,0.8804,positive,0.7924,0,0.39,0.52,39
3,75,27,3,3,valence_classification,valence_classification,acquisition,positive_left,BMVZ,,,black,tyrannisch,,negative,black,0.8804,negative,0.4097,0,0.39,0.52,39
3,76,28,3,3,valence_classification,valence_classification,acquisition,positive_left,BMVZ,,,black,leiden,,negative,black,0.8804,negative,0.5106,0,0.39,0.52,39
3,77,29,3,3,valence_classification,valence_classification,acquisition,positive_left,GKQX,,,black,fair,,positive,black,0.8806,positive,0.4682,0,0.39,0.52,39
3,78,30,3,3,valence_classification,valence_classification,acquisition,positive_left,BMVZ,,,black,schroff,,negative,black,0.8804,negative,0.5425,0,0.39,0.52,39
3,79,31,3,3,valence_classification,valence_classification,acquisition,positive_left,BMVZ,,,black,tot,,negative,black,0.8804,positive,0.4253,1,0.39,0.52,39
3,79,31,3,3,valence_classification,valence_classification,acquisition,positive_left,BMVZ,,,black,tot,,negative,black,0.8804,negative,0.5323,0,0.39,0.52,39
3,80,32,3,3,valence_classification,valence_classification,acquisition,positive_left,GKQX,,,black,schlau,,positive,black,0.8804,positive,0.4353,0,0.39,0.52,39
3,81,33,3,3,valence_classification,valence_classification,acquisition,positive_left,GKQX,,,black,helfen,,positive,black,0.8805,positive,0.4855,0,0.39,0.52,39
3,82,34,3,3,valence_classification,valence_classification,acquisition,positive_left,BMVZ,,,black,strafen,,negative,black,0.8804,negative,0.403,0,0.39,0.52,39
3,83,35,3,3,valence_classification,valence_classification,acquisition,positive_left,BMVZ,,,black,hindern,,negative,black,0.8804,negative,0.5292,0,0.39,0.52,39
3,84,36,3,3,valence_classification,valence_classification,acquisition,positive_left,GKQX,,,black,freundlich,,positive,black,0.8804,positive,0.4155,0,0.39,0.52,39
3,85,37,3,3,valence_classification,valence_classification,acquisition,positive_left,GKQX,,,black,schön,,positive,black,0.8804,positive,0.433,0,0.39,0.52,39
3,86,38,3,3,valence_classification,valence_classification,acquisition,positive_left,GKQX,,,black,ehrlich,,positive,black,0.8804,positive,0.4987,0,0.39,0.52,39
3,87,39,3,3,valence_classification,valence_classification,acquisition,positive_left,BMVZ,,,black,tyrannisch,,negative,black,0.8804,positive,0.393,1,0.39,0.52,39
3,88,40,3,3,valence_classification,valence_classification,acquisition,positive_left,GKQX,,,black,fair,,positive,black,0.8804,positive,0.4531,0,0.39,0.52,39
3,89,41,3,3,valence_classification,valence_classification,acquisition,positive_left,BMVZ,,,black,hindern,,negative,black,0.8804,positive,0.4255,1,0.39,0.52,39
3,90,42,3,3,valence_classification,valence_classification,acquisition,positive_left,GKQX,,,black,ehrlich,,positive,black,0.8804,positive,0.4831,0,0.39,0.52,39
3,91,43,3,3,valence_classification,valence_classification,acquisition,positive_left,BMVZ,,,black,lasch,,negative,black,0.8805,positive,0.4154,1,0.39,0.52,39
3,92,44,3,3,valence_classification,valence_classification,acquisition,positive_left,GKQX,,,black,lachen,,positive,black,0.8804,positive,0.3769,0,0.39,0.52,39
3,93,45,3,3,valence_classification,valence_classification,acquisition,positive_left,GKQX,,,black,fair,,positive,black,0.8804,positive,0.4758,0,0.39,0.52,39
3,94,46,3,3,valence_classification,valence_classification,acquisition,positive_left,GKQX,,,black,helfen,,positive,black,0.8804,positive,0.6684,0,0.39,0.52,39
3,95,47,3,3,valence_classification,valence_classification,acquisition,positive_left,BMVZ,,,black,schroff,,negative,black,0.8804,negative,0.4786,0,0.39,0.52,39
3,96,48,3,3,valence_classification,valence_classification,acquisition,positive_left,GKQX,,,black,schlau,,positive,black,0.8804,negative,0.4268,1,0.39,0.52,39
3,97,1,4,4,valence_classification,valence_classification,acquisition,positive_left,BMVZ,,,black,tot,,negative,black,0.8811,negative,0.4694,0,0.34,0.47,34
3,98,2,4,4,valence_classification,valence_classification,acquisition,positive_left,GKQX,,,black,lachen,,positive,black,0.8804,positive,0.443,0,0.34,0.47,34
3,99,3,4,4,valence_classification,valence_classification,acquisition,positive_left,GKQX,,,black,schön,,positive,black,0.8804,negative,0.4946,1,0.34,0.47,34
3,100,4,4,4,valence_classification,valence_classification,acquisition,positive_left,GKQX,,,black,fair,,positive,black,0.8804,positive,0.5845,0,0.34,0.47,34
3,101,5,4,4,valence_classification,valence_classification,acquisition,positive_left,BMVZ,,,black,schroff,,negative,black,0.8804,negative,0.5125,0,0.34,0.47,34
3,102,6,4,4,valence_classification,valence_classification,acquisition,positive_left,GKQX,,,black,freundlich,,positive,black,0.8804,positive,0.4852,0,0.34,0.47,34
3,103,7,4,4,valence_classification,valence_classification,acquisition,positive_left,GKQX,,,black,helfen,,positive,black,0.8805,positive,0.4873,0,0.34,0.47,34
3,104,8,4,4,valence_classification,valence_classification,acquisition,positive_left,BMVZ,,,black,eitel,,negative,black,0.8805,positive,0.3931,1,0.34,0.47,34
3,105,9,4,4,valence_classification,valence_classification,acquisition,positive_left,GKQX,,,black,retten,,positive,black,0.8804,negative,0.423,1,0.34,0.47,34
3,106,10,4,4,valence_classification,valence_classification,acquisition,positive_left,GKQX,,,black,fair,,positive,black,0.8804,positive,0.4787,0,0.34,0.47,34
3,107,11,4,4,valence_classification,valence_classification,acquisition,positive_left,BMVZ,,,black,tot,,negative,black,0.8805,negative,0.4859,0,0.34,0.47,34
3,108,12,4,4,valence_classification,valence_classification,acquisition,positive_left,GKQX,,,black,freundlich,,positive,black,0.8804,positive,0.429,0,0.34,0.47,34
3,109,13,4,4,valence_classification,valence_classification,acquisition,positive_left,BMVZ,,,black,tyrannisch,,negative,black,0.8804,negative,0.4631,0,0.34,0.47,34
3,110,14,4,4,valence_classification,valence_classification,acquisition,positive_left,GKQX,,,black,helfen,,positive,black,0.8804,positive,0.413,0,0.34,0.47,34
3,111,15,4,4,valence_classification,valence_classification,acquisition,positive_left,GKQX,,,black,schlau,,positive,black,0.8808,positive,0.489,0,0.34,0.47,34
3,112,16,4,4,valence_classification,valence_classification,acquisition,positive_left,BMVZ,,,black,schroff,,negative,black,0.8804,positive,0.367,1,0.34,0.47,34
3,113,17,4,4,valence_classification,valence_classification,acquisition,positive_left,GKQX,,,black,lachen,,positive,black,0.8804,positive,0.3563,0,0.34,0.47,34
3,114,18,4,4,valence_classification,valence_classification,acquisition,positive_left,GKQX,,,black,lachen,,positive,black,0.8804,positive,0.4229,0,0.34,0.47,34
3,115,19,4,4,valence_classification,valence_classification,acquisition,positive_left,GKQX,,,black,schön,,positive,black,0.8804,positive,0.4439,0,0.34,0.47,34
3,116,20,4,4,valence_classification,valence_classification,acquisition,positive_left,BMVZ,,,black,leiden,,negative,black,0.8804,positive,0.413,1,0.34,0.47,34
3,117,21,4,4,valence_classification,valence_classification,acquisition,positive_left,GKQX,,,black,ehrlich,,positive,black,0.8804,positive,0.4392,0,0.34,0.47,34
3,118,22,4,4,valence_classification,valence_classification,acquisition,positive_left,GKQX,,,black,retten,,positive,black,0.8804,positive,0.4066,0,0.34,0.47,34
3,119,23,4,4,valence_classification,valence_classification,acquisition,positive_left,GKQX,,,black,ehrlich,,positive,black,0.8804,negative,0.3729,1,0.34,0.47,34
3,120,24,4,4,valence_classification,valence_classification,acquisition,positive_left,BMVZ,,,black,lasch,,negative,black,0.8804,positive,0.4055,1,0.34,0.47,34
3,121,25,4,4,valence_classification,valence_classification,acquisition,positive_left,BMVZ,,,black,tyrannisch,,negative,black,0.8805,negative,0.4651,0,0.34,0.47,34
3,122,26,4,4,valence_classification,valence_classification,acquisition,positive_left,BMVZ,,,black,strafen,,negative,black,0.8804,negative,0.4363,0,0.34,0.47,34
3,123,27,4,4,valence_classification,valence_classification,acquisition,positive_left,GKQX,,,black,schön,,positive,black,0.8804,positive,0.4473,0,0.34,0.47,34
3,124,28,4,4,valence_classification,valence_classification,acquisition,positive_left,BMVZ,,,black,lasch,,negative,black,0.8804,negative,0.4852,0,0.34,0.47,34
3,125,29,4,4,valence_classification,valence_classification,acquisition,positive_left,GKQX,,,black,schlau,,positive,black,0.8804,positive,0.3983,0,0.34,0.47,34
3,126,30,4,4,valence_classification,valence_classification,acquisition,positive_left,BMVZ,,,black,hindern,,negative,black,0.8804,negative,0.4656,0,0.34,0.47,34
3,127,31,4,4,valence_classification,valence_classification,acquisition,positive_left,BMVZ,,,black,tyrannisch,,negative,black,0.8804,negative,0.508,0,0.34,0.47,34
3,128,32,4,4,valence_classification,valence_classification,acquisition,positive_left,BMVZ,,,black,leiden,,negative,black,0.8804,negative,0.5359,0,0.34,0.47,34
3,129,33,4,4,valence_classification,valence_classification,acquisition,positive_left,GKQX,,,black,helfen,,positive,black,0.8804,positive,0.5436,0,0.34,0.47,34
3,130,34,4,4,valence_classification,valence_classification,acquisition,positive_left,BMVZ,,,black,strafen,,negative,black,0.8804,positive,0.4554,1,0.34,0.47,34
3,131,35,4,4,valence_classification,valence_classification,acquisition,positive_left,BMVZ,,,black,strafen,,negative,black,0.8804,negative,0.4862,0,0.34,0.47,34
3,132,36,4,4,valence_classification,valence_classification,acquisition,positive_left,BMVZ,,,black,hindern,,negative,black,0.8805,negative,0.4818,0,0.34,0.47,34
3,133,37,4,4,valence_classification,valence_classification,acquisition,positive_left,BMVZ,,,black,tot,,negative,black,0.8805,negative,0.5638,0,0.34,0.47,34
3,134,38,4,4,valence_classification,valence_classification,acquisition,positive_left,GKQX,,,black,schlau,,positive,black,0.8804,positive,0.5224,0,0.34,0.47,34
3,135,39,4,4,valence_classification,valence_classification,acquisition,positive_left,GKQX,,,black,freundlich,,positive,black,0.8805,positive,0.356,0,0.34,0.47,34
3,136,40,4,4,valence_classification,valence_classification,acquisition,positive_left,GKQX,,,black,fair,,positive,black,0.8805,positive,0.5076,0,0.34,0.47,34
3,137,41,4,4,valence_classification,valence_classification,acquisition,positive_left,BMVZ,,,black,hindern,,negative,black,0.8804,positive,0.403,1,0.34,0.47,34
3,138,42,4,4,valence_classification,valence_classification,acquisition,positive_left,BMVZ,,,black,schroff,,negative,black,0.8804,positive,0.3984,1,0.34,0.47,34
3,139,43,4,4,valence_classification,valence_classification,acquisition,positive_left,BMVZ,,,black,eitel,,negative,black,0.8804,positive,0.5114,1,0.34,0.47,34
3,140,44,4,4,valence_classification,valence_classification,acquisition,positive_left,BMVZ,,,black,leiden,,negative,black,0.8804,negative,0.4874,0,0.34,0.47,34
3,141,45,4,4,valence_classification,valence_classification,acquisition,positive_left,GKQX,,,black,ehrlich,,positive,black,0.8805,negative,0.3779,1,0.34,0.47,34
3,142,46,4,4,valence_classification,valence_classification,acquisition,positive_left,BMVZ,,,black,eitel,,negative,black,0.8804,positive,0.4282,1,0.34,0.47,34
3,143,47,4,4,valence_classification,valence_classification,acquisition,positive_left,BMVZ,,,black,lasch,,negative,black,0.8804,negative,0.4842,0,0.34,0.47,34
3,144,48,4,4,valence_classification,valence_classification,acquisition,positive_left,GKQX,,,black,retten,,positive,black,0.8804,positive,0.5036,0,0.34,0.47,34
3,145,1,5,5,valence_classification,valence_classification,acquisition,positive_left,GKQX,,,black,fair,,positive,black,0.8811,negative,0.4658,1,0.34,0.47,34
3,146,2,5,5,valence_classification,valence_classification,acquisition,positive_left,GKQX,,,black,schön,,positive,black,0.8804,positive,0.5691,0,0.34,0.47,34
3,147,3,5,5,valence_classification,valence_classification,acquisition,positive_left,BMVZ,,,black,tyrannisch,,negative,black,0.8805,negative,0.4292,0,0.34,0.47,34
3,148,4,5,5,valence_classification,valence_classification,acquisition,positive_left,BMVZ,,,black,hindern,,negative,black,0.8804,positive,0.453,1,0.34,0.47,34
3,149,5,5,5,valence_classification,valence_classification,acquisition,positive_left,BMVZ,,,black,tot,,negative,black,0.8805,positive,0.4951,1,0.34,0.47,34
3,150,6,5,5,valence_classification,valence_classification,acquisition,positive_left,BMVZ,,,black,lasch,,negative,black,0.8804,positive,0.423,1,0.34,0.47,34
3,151,7,5,5,valence_classification,valence_classification,acquisition,positive_left,BMVZ,,,black,schroff,,negative,black,0.8804,positive,0.3784,1,0.34,0.47,34
3,152,8,5,5,valence_classification,valence_classification,acquisition,positive_left,BMVZ,,,black,schroff,,negative,black,0.8804,positive,0.4441,1,0.34,0.47,34
3,153,9,5,5,valence_classification,valence_classification,acquisition,positive_left,GKQX,,,black,freundlich,,positive,black,0.8804,positive,0.5289,0,0.34,0.47,34
3,154,10,5,5,valence_classification,valence_classification,acquisition,positive_left,GKQX,,,black,retten,,positive,black,0.8805,negative,0.4676,1,0.34,0.47,34
3,155,11,5,5,valence_classification,valence_classification,acquisition,positive_left,BMVZ,,,black,eitel,,negative,black,0.8804,positive,0.3666,1,0.34,0.47,34
3,156,12,5,5,valence_classification,valence_classification,acquisition,positive_left,BMVZ,,,black,lasch,,negative,black,0.8804,negative,0.2385,0,0.34,0.47,34
3,157,13,5,5,valence_classification,valence_classification,acquisition,positive_left,BMVZ,,,black,tyrannisch,,negative,black,0.8804,negative,0.4293,0,0.34,0.47,34
3,158,14,5,5,valence_classification,valence_classification,acquisition,positive_left,BMVZ,,,black,leiden,,negative,black,0.8804,negative,0.3992,0,0.34,0.47,34
3,159,15,5,5,valence_classification,valence_classification,acquisition,positive_left,BMVZ,,,black,schroff,,negative,black,0.8804,negative,0.3028,0,0.34,0.47,34
3,160,16,5,5,valence_classification,valence_classification,acquisition,positive_left,GKQX,,,black,lachen,,positive,black,0.8804,negative,0.33,1,0.34,0.47,34
3,161,17,5,5,valence_classification,valence_classification,acquisition,positive_left,BMVZ,,,black,tot,,negative,black,0.8805,negative,0.5761,0,0.34,0.47,34
3,162,18,5,5,valence_classification,valence_classification,acquisition,positive_left,BMVZ,,,black,strafen,,negative,black,0.8805,negative,0.4957,0,0.34,0.47,34
3,163,19,5,5,valence_classification,valence_classification,acquisition,positive_left,GKQX,,,black,ehrlich,,positive,black,0.8804,positive,0.502,0,0.34,0.47,34
3,164,20,5,5,valence_classification,valence_classification,acquisition,positive_left,GKQX,,,black,helfen,,positive,black,0.8804,positive,0.3643,0,0.34,0.47,34
3,165,21,5,5,valence_classification,valence_classification,acquisition,positive_left,GKQX,,,black,schlau,,positive,black,0.8804,positive,0.3456,0,0.34,0.47,34
3,166,22,5,5,valence_classification,valence_classification,acquisition,positive_left,GKQX,,,black,ehrlich,,positive,black,0.8805,positive,0.3553,0,0.34,0.47,34
3,167,23,5,5,valence_classification,valence_classification,acquisition,positive_left,GKQX,,,black,retten,,positive,black,0.8804,positive,0.3855,0,0.34,0.47,34
3,168,24,5,5,valence_classification,valence_classification,acquisition,positive_left,BMVZ,,,black,eitel,,negative,black,0.8804,positive,0.3732,1,0.34,0.47,34
3,169,25,5,5,valence_classification,valence_classification,acquisition,positive_left,BMVZ,,,black,tyrannisch,,negative,black,0.8805,positive,0.3652,1,0.34,0.47,34
3,170,26,5,5,valence_classification,valence_classification,acquisition,positive_left,GKQX,,,black,ehrlich,,positive,black,0.8804,positive,0.463,0,0.34,0.47,34
3,171,27,5,5,valence_classification,valence_classification,acquisition,positive_left,BMVZ,,,black,tot,,negative,black,0.8804,negative,0.6116,0,0.34,0.47,34
3,172,28,5,5,valence_classification,valence_classification,acquisition,positive_left,GKQX,,,black,lachen,,positive,black,0.8805,positive,0.4631,0,0.34,0.47,34
3,173,29,5,5,valence_classification,valence_classification,acquisition,positive_left,GKQX,,,black,schlau,,positive,black,0.8804,positive,0.4726,0,0.34,0.47,34
3,174,30,5,5,valence_classification,valence_classification,acquisition,positive_left,GKQX,,,black,schön,,positive,black,0.8804,positive,0.4087,0,0.34,0.47,34
3,175,31,5,5,valence_classification,valence_classification,acquisition,positive_left,GKQX,,,black,fair,,positive,black,0.8804,positive,0.3774,0,0.34,0.47,34
3,176,32,5,5,valence_classification,valence_classification,acquisition,positive_left,GKQX,,,black,lachen,,positive,black,0.8804,positive,0.453,0,0.34,0.47,34
3,177,33,5,5,valence_classification,valence_classification,acquisition,positive_left,GKQX,,,black,helfen,,positive,black,0.8805,positive,0.5806,0,0.34,0.47,34
3,178,34,5,5,valence_classification,valence_classification,acquisition,positive_left,GKQX,,,black,retten,,positive,black,0.8805,positive,0.3897,0,0.34,0.47,34
3,179,35,5,5,valence_classification,valence_classification,acquisition,positive_left,BMVZ,,,black,strafen,,negative,black,0.8804,positive,0.3983,1,0.34,0.47,34
3,180,36,5,5,valence_classification,valence_classification,acquisition,positive_left,GKQX,,,black,freundlich,,positive,black,0.8804,positive,0.4304,0,0.34,0.47,34
3,181,37,5,5,valence_classification,valence_classification,acquisition,positive_left,BMVZ,,,black,hindern,,negative,black,0.8804,negative,0.514,0,0.34,0.47,34
3,182,38,5,5,valence_classification,valence_classification,acquisition,positive_left,BMVZ,,,black,leiden,,negative,black,0.8804,negative,0.393,0,0.34,0.47,34
3,183,39,5,5,valence_classification,valence_classification,acquisition,positive_left,GKQX,,,black,schön,,positive,black,0.8804,negative,0.3162,1,0.34,0.47,34
3,184,40,5,5,valence_classification,valence_classification,acquisition,positive_left,BMVZ,,,black,hindern,,negative,black,0.8804,positive,0.4254,1,0.34,0.47,34
3,184,40,5,5,valence_classification,valence_classification,acquisition,positive_left,BMVZ,,,black,hindern,,negative,black,0.8804,negative,0.5934,0,0.34,0.47,34
3,185,41,5,5,valence_classification,valence_classification,acquisition,positive_left,GKQX,,,black,helfen,,positive,black,0.8804,positive,0.4552,0,0.34,0.47,34
3,186,42,5,5,valence_classification,valence_classification,acquisition,positive_left,GKQX,,,black,freundlich,,positive,black,0.8804,positive,0.393,0,0.34,0.47,34
3,187,43,5,5,valence_classification,valence_classification,acquisition,positive_left,BMVZ,,,black,lasch,,negative,black,0.8804,negative,0.477,0,0.34,0.47,34
3,188,44,5,5,valence_classification,valence_classification,acquisition,positive_left,BMVZ,,,black,leiden,,negative,black,0.8805,negative,0.423,0,0.34,0.47,34
3,189,45,5,5,valence_classification,valence_classification,acquisition,positive_left,BMVZ,,,black,strafen,,negative,black,0.8804,negative,0.3773,0,0.34,0.47,34
3,190,46,5,5,valence_classification,valence_classification,acquisition,positive_left,GKQX,,,black,schlau,,positive,black,0.8804,positive,0.4266,0,0.34,0.47,34
3,191,47,5,5,valence_classification,valence_classification,acquisition,positive_left,GKQX,,,black,fair,,positive,black,0.8806,negative,0.5353,1,0.34,0.47,34
3,191,47,5,5,valence_classification,valence_classification,acquisition,positive_left,GKQX,,,black,fair,,positive,black,0.8806,positive,0.6377,0,0.34,0.47,34
3,192,48,5,5,valence_classification,valence_classification,acquisition,positive_left,BMVZ,,,black,eitel,,negative,black,0.8804,positive,0.4198,1,0.34,0.47,34
3,193,1,6,1,valence_classification,color_matching,matching,match_left,BMVZ,,negative,blue,✲✲✲✲tot✲✲✲✲✲,,negative,blue,0.5264,match,2.0199,0,0.4789,0.6146,67.0473991177101
3,194,2,6,1,valence_classification,color_matching,matching,match_left,BMVZ,,negative,blue,✲✲ehrlich✲✲✲,,positive,brown,0.4932,nonmatch,0.6168,0,0.4789,0.6146,67.0473991177101
3,195,3,6,1,valence_classification,color_matching,matching,match_left,GKQX,,positive,blue,✲✲✲retten✲✲✲,,positive,blue,0.4964,match,0.6727,0,0.4789,0.6146,67.0473991177101
3,196,4,6,1,valence_classification,color_matching,matching,match_left,BMVZ,,negative,blue,✲✲strafen✲✲✲,,negative,blue,0.4932,match,0.4502,0,0.4789,0.6146,67.0473991177101
3,197,5,6,1,valence_classification,color_matching,matching,match_left,BMVZ,,negative,brown,✲✲✲eitel✲✲✲✲,,negative,brown,0.4932,nonmatch,0.4103,1,0.4789,0.6146,67.0473991177101
3,198,6,6,1,valence_classification,color_matching,matching,match_left,GKQX,,positive,blue,✲✲✲leiden✲✲✲,,negative,blue,0.4932,match,0.4196,0,0.4789,0.6146,67.0473991177101
3,199,7,6,1,valence_classification,color_matching,matching,match_left,GKQX,,positive,blue,✲✲✲retten✲✲✲,,positive,blue,0.4966,match,0.4031,0,0.4789,0.6146,67.0473991177101
3,200,8,6,1,valence_classification,color_matching,matching,match_left,BMVZ,,negative,blue,✲✲schroff✲✲✲,,negative,blue,0.4975,match,0.3759,0,0.4789,0.6146,67.0473991177101
3,201,9,6,1,valence_classification,color_matching,matching,match_left,GKQX,,positive,brown,✲✲✲lachen✲✲✲,,positive,blue,0.4932,nonmatch,0.399,0,0.4789,0.6146,67.0473991177101
3,202,10,6,1,valence_classification,color_matching,matching,match_left,GKQX,,positive,blue,✲✲✲✲fair✲✲✲✲,,positive,brown,0.4932,nonmatch,0.5046,0,0.4789,0.6146,67.0473991177101
3,203,11,6,1,valence_classification,color_matching,matching,match_left,GKQX,,positive,blue,✲✲✲helfen✲✲✲,,positive,brown,0.4932,nonmatch,0.4275,0,0.4789,0.6146,67.0473991177101
3,204,12,6,1,valence_classification,color_matching,matching,match_left,GKQX,,positive,brown,✲✲✲leiden✲✲✲,,negative,blue,0.4932,nonmatch,0.3817,0,0.4789,0.6146,67.0473991177101
3,205,13,6,1,valence_classification,color_matching,matching,match_left,GKQX,,positive,brown,✲✲hindern✲✲✲,,negative,blue,0.4932,nonmatch,0.3538,0,0.4789,0.6146,67.0473991177101
3,206,14,6,1,valence_classification,color_matching,matching,match_left,BMVZ,,negative,blue,✲✲schroff✲✲✲,,negative,brown,0.4932,nonmatch,0.3967,0,0.4789,0.6146,67.0473991177101
3,207,15,6,1,valence_classification,color_matching,matching,match_left,GKQX,,positive,brown,✲✲✲lasch✲✲✲✲,,negative,brown,0.4933,match,0.5019,0,0.4789,0.6146,67.0473991177101
3,208,16,6,1,valence_classification,color_matching,matching,match_left,GKQX,,positive,brown,✲✲✲✲fair✲✲✲✲,,positive,brown,0.4964,match,0.3972,0,0.4789,0.6146,67.0473991177101
3,209,17,6,1,valence_classification,color_matching,matching,match_left,BMVZ,,negative,blue,✲✲✲lachen✲✲✲,,positive,blue,0.4932,match,1.0973,0,0.4789,0.6146,67.0473991177101
3,210,18,6,1,valence_classification,color_matching,matching,match_left,GKQX,,positive,brown,✲✲strafen✲✲✲,,negative,brown,0.4932,match,0.6082,0,0.4789,0.6146,67.0473991177101
3,211,19,6,1,valence_classification,color_matching,matching,match_left,GKQX,,positive,brown,✲✲✲schlau✲✲✲,,positive,blue,0.4932,nonmatch,0.4145,0,0.4789,0.6146,67.0473991177101
3,212,20,6,1,valence_classification,color_matching,matching,match_left,GKQX,,positive,blue,✲✲✲lasch✲✲✲✲,,negative,blue,0.4961,nonmatch,0.4177,1,0.4789,0.6146,67.0473991177101
3,213,21,6,1,valence_classification,color_matching,matching,match_left,BMVZ,,negative,blue,✲✲✲lasch✲✲✲✲,,negative,brown,0.4932,nonmatch,0.5461,0,0.4789,0.6146,67.0473991177101
3,214,22,6,1,valence_classification,color_matching,matching,match_left,BMVZ,,negative,blue,✲✲strafen✲✲✲,,negative,blue,0.4932,match,0.5384,0,0.4789,0.6146,67.0473991177101
3,215,23,6,1,valence_classification,color_matching,matching,match_left,GKQX,,positive,brown,✲✲✲schlau✲✲✲,,positive,brown,0.4932,match,0.6222,0,0.4789,0.6146,67.0473991177101
3,216,24,6,1,valence_classification,color_matching,matching,match_left,GKQX,,positive,brown,✲✲✲helfen✲✲✲,,positive,brown,0.4932,match,0.384,0,0.4789,0.6146,67.0473991177101
3,217,25,6,1,valence_classification,color_matching,matching,match_left,GKQX,,positive,blue,✲✲✲eitel✲✲✲✲,,negative,brown,0.4932,nonmatch,0.4046,0,0.4789,0.6146,67.0473991177101
3,218,26,6,1,valence_classification,color_matching,matching,match_left,BMVZ,,negative,brown,✲✲✲schön✲✲✲✲,,positive,brown,0.4933,match,0.6428,0,0.4789,0.6146,67.0473991177101
3,219,27,6,1,valence_classification,color_matching,matching,match_left,GKQX,,positive,blue,✲freundlich✲,,positive,brown,0.4932,nonmatch,0.7397,0,0.4789,0.6146,67.0473991177101
3,220,28,6,1,valence_classification,color_matching,matching,match_left,BMVZ,,negative,blue,✲✲✲✲fair✲✲✲✲,,positive,blue,0.4932,match,0.7477,0,0.4789,0.6146,67.0473991177101
3,221,29,6,1,valence_classification,color_matching,matching,match_left,BMVZ,,negative,brown,✲✲✲retten✲✲✲,,positive,brown,0.4932,nonmatch,0.5127,1,0.4789,0.6146,67.0473991177101
3,222,30,6,1,valence_classification,color_matching,matching,match_left,BMVZ,,negative,brown,✲✲✲retten✲✲✲,,positive,brown,0.4932,nonmatch,0.5801,1,0.4789,0.6146,67.0473991177101
3,223,31,6,1,valence_classification,color_matching,matching,match_left,BMVZ,,negative,blue,✲✲✲schön✲✲✲✲,,positive,brown,0.4933,nonmatch,0.6256,0,0.4789,0.6146,67.0473991177101
3,224,32,6,1,valence_classification,color_matching,matching,match_left,GKQX,,positive,blue,✲✲ehrlich✲✲✲,,positive,brown,0.4933,nonmatch,0.5635,0,0.4789,0.6146,67.0473991177101
3,225,33,6,1,valence_classification,color_matching,matching,match_left,GKQX,,positive,brown,✲tyrannisch✲,,negative,blue,0.5527,nonmatch,0.5467,0,0.4789,0.6146,67.0473991177101
3,226,34,6,1,valence_classification,color_matching,matching,match_left,BMVZ,,negative,blue,✲✲✲helfen✲✲✲,,positive,blue,0.4932,match,0.5331,0,0.4568,0.5926,63.957338756484305
3,227,35,6,1,valence_classification,color_matching,matching,match_left,GKQX,,positive,brown,✲✲✲schön✲✲✲✲,,positive,blue,0.4932,match,0.5137,1,0.4372,0.5729,61.204319862529566
3,228,36,6,1,valence_classification,color_matching,matching,match_left,GKQX,,positive,blue,✲tyrannisch✲,,negative,brown,0.4932,nonmatch,0.5983,0,0.493,0.6287,69.0187018467973
3,229,37,6,1,valence_classification,color_matching,matching,match_left,BMVZ,,negative,brown,✲tyrannisch✲,,negative,blue,0.4932,nonmatch,0.5038,0,0.4777,0.6134,66.88242299668886
3,230,38,6,1,valence_classification,color_matching,matching,match_left,BMVZ,,negative,brown,✲✲ehrlich✲✲✲,,positive,blue,0.4932,nonmatch,0.4427,0,0.4648,0.6005,65.074752069211
3,231,39,6,1,valence_classification,color_matching,matching,match_left,BMVZ,,negative,brown,✲freundlich✲,,positive,blue,0.4932,nonmatch,0.5038,0,0.4539,0.5896,63.549076351246505
3,232,40,6,1,valence_classification,color_matching,matching,match_left,BMVZ,,negative,blue,✲✲✲helfen✲✲✲,,positive,brown,0.4932,nonmatch,0.4104,0,0.4446,0.5803,62.24821783637849
3,233,41,6,1,valence_classification,color_matching,matching,match_left,GKQX,,positive,blue,✲✲✲✲tot✲✲✲✲✲,,negative,brown,0.4932,nonmatch,0.4776,0,0.4366,0.5723,61.12526764922392
3,234,42,6,1,valence_classification,color_matching,matching,match_left,GKQX,,positive,blue,✲✲✲schön✲✲✲✲,,positive,blue,0.4932,match,0.3817,0,0.4296,0.5653,60.14273191230976
3,235,43,6,1,valence_classification,color_matching,matching,match_left,BMVZ,,negative,brown,✲✲✲lasch✲✲✲✲,,negative,blue,0.4932,nonmatch,0.455,0,0.4233,0.5591,59.26895730757385
3,236,44,6,1,valence_classification,color_matching,matching,match_left,GKQX,,positive,blue,✲✲✲✲tot✲✲✲✲✲,,negative,blue,0.4932,match,0.5109,0,0.4177,0.5534,58.479935323537624
3,237,45,6,1,valence_classification,color_matching,matching,match_left,GKQX,,positive,brown,✲freundlich✲,,positive,blue,0.4936,nonmatch,0.3906,0,0.4125,0.5482,57.754995025501664
3,238,46,6,1,valence_classification,color_matching,matching,match_left,BMVZ,,negative,brown,✲✲✲schlau✲✲✲,,positive,brown,0.4934,nonmatch,0.4685,1,0.4077,0.5434,57.08247294437872
3,239,47,6,1,valence_classification,color_matching,matching,match_left,GKQX,,positive,brown,✲✲strafen✲✲✲,,negative,brown,0.4932,nonmatch,0.4573,1,0.422,0.5577,59.080368601727436
3,240,48,6,1,valence_classification,color_matching,matching,match_left,GKQX,,positive,blue,✲✲ehrlich✲✲✲,,positive,blue,0.4932,match,0.5887,0,0.4358,0.5715,61.014364677731784
3,241,49,6,1,valence_classification,color_matching,matching,match_left,BMVZ,,negative,brown,✲✲✲✲fair✲✲✲✲,,positive,blue,0.5437,match,0.6223,1,0.431,0.5667,60.33561810808343
3,242,50,6,1,valence_classification,color_matching,matching,match_left,GKQX,,positive,brown,✲✲schroff✲✲✲,,negative,blue,0.4932,match,0.8824,1,0.4445,0.5802,62.226864315829815
3,243,51,6,1,valence_classification,color_matching,matching,match_left,BMVZ,,negative,blue,✲✲hindern✲✲✲,,negative,brown,0.4932,nonmatch,0.6634,0,0.4612,0.5969,64.57205807778989
3,244,52,6,1,valence_classification,color_matching,matching,match_left,GKQX,,positive,brown,✲✲✲lachen✲✲✲,,positive,brown,0.4932,match,0.4397,0,0.4553,0.591,63.74268514224662
3,245,53,6,1,valence_classification,color_matching,matching,match_left,GKQX,,positive,blue,✲✲✲eitel✲✲✲✲,,negative,blue,0.4932,nonmatch,0.6982,1,0.4502,0.5859,63.02829128242876
3,246,54,6,1,valence_classification,color_matching,matching,match_left,BMVZ,,negative,blue,✲✲✲eitel✲✲✲✲,,negative,brown,0.4943,nonmatch,0.5432,0,0.4651,0.6008,65.1185804847283
3,247,55,6,1,valence_classification,color_matching,matching,match_left,BMVZ,,negative,brown,✲✲✲✲tot✲✲✲✲✲,,negative,brown,0.4932,match,0.471,0,0.4597,0.5954,64.36257762188828
3,248,56,6,1,valence_classification,color_matching,matching,match_left,BMVZ,,negative,blue,✲✲✲schlau✲✲✲,,positive,blue,0.4932,match,0.4895,0,0.455,0.5907,63.70462079373558
3,249,57,6,1,valence_classification,color_matching,matching,match_left,BMVZ,,negative,brown,✲✲✲leiden✲✲✲,,negative,blue,0.4932,nonmatch,0.4681,0,0.4509,0.5866,63.12163018810564
3,250,58,6,1,valence_classification,color_matching,matching,match_left,GKQX,,positive,blue,✲✲hindern✲✲✲,,negative,brown,0.4932,nonmatch,0.5181,0,0.4472,0.5829,62.60602366401355
3,251,59,6,1,valence_classification,color_matching,matching,match_left,BMVZ,,negative,brown,✲tyrannisch✲,,negative,brown,0.4932,match,0.4109,0,0.4439,0.5796,62.13977473582415
3,252,60,6,1,valence_classification,color_matching,matching,match_left,BMVZ,,negative,brown,✲✲hindern✲✲✲,,negative,blue,0.4932,nonmatch,0.543,0,0.4408,0.5765,61.71156465060907
3,253,61,6,1,valence_classification,color_matching,matching,match_left,BMVZ,,negative,brown,✲✲✲leiden✲✲✲,,negative,brown,0.4932,match,0.8212,0,0.438,0.5737,61.31604184429558
3,254,62,6,1,valence_classification,color_matching,matching,match_left,BMVZ,,negative,brown,✲freundlich✲,,positive,blue,0.4932,nonmatch,0.4721,0,0.4354,0.5711,60.9567566960457
3,255,63,6,1,valence_classification,color_matching,matching,match_left,BMVZ,,negative,blue,✲✲✲lachen✲✲✲,,positive,brown,0.4932,nonmatch,0.5473,0,0.4329,0.5687,60.61298566803949
3,256,64,6,1,valence_classification,color_matching,matching,match_left,GKQX,,positive,brown,✲✲schroff✲✲✲,,negative,brown,0.4932,match,0.4248,0,0.4307,0.5664,60.30235536928041
3,257,1,7,2,valence_classification,color_matching,matching,match_left,GKQX,,positive,brown,✲✲schroff✲✲✲,,negative,brown,0.4932,match,0.572,0,0.4286,0.5643,60.00130960963418
3,258,2,7,2,valence_classification,color_matching,matching,match_left,BMVZ,,negative,brown,✲✲✲retten✲✲✲,,positive,blue,0.4932,nonmatch,0.4427,0,0.4266,0.5623,59.72577072136951
3,259,3,7,2,valence_classification,color_matching,matching,match_left,GKQX,,positive,brown,✲tyrannisch✲,,negative,brown,0.4932,match,0.7021,0,0.4247,0.5604,59.45508482119192
3,260,4,7,2,valence_classification,color_matching,matching,match_left,BMVZ,,negative,blue,✲✲strafen✲✲✲,,negative,brown,0.4932,nonmatch,0.4824,0,0.4229,0.5586,59.207522766543626
3,261,5,7,2,valence_classification,color_matching,matching,match_left,GKQX,,positive,blue,✲✲✲✲fair✲✲✲✲,,positive,blue,0.4932,match,0.6424,0,0.4212,0.5569,58.9645385818366
3,262,6,7,2,valence_classification,color_matching,matching,match_left,BMVZ,,negative,blue,✲✲ehrlich✲✲✲,,positive,blue,0.4932,match,0.5261,0,0.4195,0.5552,58.733829495323874
3,263,7,7,2,valence_classification,color_matching,matching,match_left,GKQX,,positive,blue,✲✲schroff✲✲✲,,negative,brown,0.4932,nonmatch,0.6415,0,0.418,0.5537,58.515584051276086
3,264,8,7,2,valence_classification,color_matching,matching,match_left,BMVZ,,negative,brown,✲✲hindern✲✲✲,,negative,blue,0.4932,nonmatch,0.4435,0,0.4164,0.5521,58.299370526955315
3,265,9,7,2,valence_classification,color_matching,matching,match_left,BMVZ,,negative,blue,✲✲✲schön✲✲✲✲,,positive,brown,0.4932,nonmatch,0.521,0,0.415,0.5507,58.09842050527431
3,266,10,7,2,valence_classification,color_matching,matching,match_left,BMVZ,,negative,brown,✲✲✲leiden✲✲✲,,negative,brown,0.4932,match,0.4731,0,0.4136,0.5493,57.902722817930915
3,267,11,7,2,valence_classification,color_matching,matching,match_left,BMVZ,,negative,brown,✲✲✲schön✲✲✲✲,,positive,blue,0.4932,nonmatch,0.7089,0,0.4122,0.5479,57.707932155638915
3,268,12,7,2,valence_classification,color_matching,matching,match_left,BMVZ,,negative,blue,✲✲✲schlau✲✲✲,,positive,brown,0.4932,nonmatch,0.6691,0,0.4109,0.5466,57.52743042914506
3,269,13,7,2,valence_classification,color_matching,matching,match_left,GKQX,,positive,brown,✲✲✲helfen✲✲✲,,positive,brown,0.4932,match,0.4114,0,0.4096,0.5454,57.35072245753371
3,270,14,7,2,valence_classification,color_matching,matching,match_left,BMVZ,,negative,blue,✲✲hindern✲✲✲,,negative,blue,0.4932,match,0.6879,0,0.4084,0.5441,57.17474103068417
3,271,15,7,2,valence_classification,color_matching,matching,match_left,GKQX,,positive,blue,✲✲✲leiden✲✲✲,,negative,blue,0.4932,match,0.5291,0,0.4072,0.5429,57.007169839382236
3,272,16,7,2,valence_classification,color_matching,matching,match_left,GKQX,,positive,brown,✲✲✲eitel✲✲✲✲,,negative,blue,0.4932,nonmatch,0.6167,0,0.406,0.5418,56.84654172689488
3,449,1,10,5,valence_classification,color_matching,matching,match_left,GKQX,,positive,blue,✲✲✲leiden✲✲✲,,negative,brown,0.4932,nonmatch,0.4486,0,0.406,0.5418,56.84654172689488
3,450,2,10,5,valence_classification,color_matching,matching,match_left,GKQX,,positive,brown,✲✲hindern✲✲✲,,negative,brown,0.4932,match,0.6235,0,0.4049,0.5406,56.68623839427363
3,451,3,10,5,valence_classification,color_matching,matching,match_left,GKQX,,positive,brown,✲✲hindern✲✲✲,,negative,blue,0.4963,nonmatch,0.5159,0,0.4038,0.5395,56.52674761468358
3,452,4,10,5,valence_classification,color_matching,matching,match_left,BMVZ,,negative,brown,✲✲✲schön✲✲✲✲,,positive,blue,0.4932,nonmatch,0.5792,0,0.4027,0.5384,56.37961412219325
3,453,5,10,5,valence_classification,color_matching,matching,match_left,BMVZ,,negative,brown,✲tyrannisch✲,,negative,brown,0.4932,match,0.4894,0,0.4017,0.5374,56.23346642825454
3,454,6,10,5,valence_classification,color_matching,matching,match_left,BMVZ,,negative,blue,✲✲hindern✲✲✲,,negative,brown,0.4932,nonmatch,0.4217,0,0.4006,0.5363,56.08757525270983
3,455,7,10,5,valence_classification,color_matching,matching,match_left,GKQX,,positive,brown,✲✲ehrlich✲✲✲,,positive,blue,0.496,nonmatch,0.3686,0,0.3996,0.5353,55.943220395626525
3,456,8,10,5,valence_classification,color_matching,matching,match_left,BMVZ,,negative,brown,✲tyrannisch✲,,negative,blue,0.4932,nonmatch,0.6124,0,0.3986,0.5343,55.80846181116346
3,457,9,10,5,valence_classification,color_matching,matching,match_left,BMVZ,,negative,brown,✲✲schroff✲✲✲,,negative,blue,0.4932,nonmatch,0.4076,0,0.3977,0.5334,55.67430394394445
3,458,10,10,5,valence_classification,color_matching,matching,match_left,BMVZ,,negative,brown,✲✲schroff✲✲✲,,negative,blue,0.4932,nonmatch,0.5989,0,0.3967,0.5324,55.540166531804616
3,459,11,10,5,valence_classification,color_matching,matching,match_left,BMVZ,,negative,blue,✲✲hindern✲✲✲,,negative,brown,0.4932,nonmatch,0.3126,0,0.3958,0.5315,55.40566909025022
3,460,12,10,5,valence_classification,color_matching,matching,match_left,GKQX,,positive,blue,✲✲✲lasch✲✲✲✲,,negative,brown,0.4932,nonmatch,0.4364,0,0.3949,0.5306,55.28104572076458
3,461,13,10,5,valence_classification,color_matching,matching,match_left,BMVZ,,negative,brown,✲✲✲✲tot✲✲✲✲✲,,negative,blue,0.4932,nonmatch,0.434,0,0.394,0.5297,55.157021232697865
3,462,14,10,5,valence_classification,color_matching,matching,match_left,GKQX,,positive,brown,✲✲✲lachen✲✲✲,,positive,brown,0.4932,match,0.6062,0,0.3931,0.5288,55.03255917360465
3,463,15,10,5,valence_classification,color_matching,matching,match_left,BMVZ,,negative,brown,✲✲✲lachen✲✲✲,,positive,brown,0.4932,match,0.6136,0,0.3922,0.5279,54.90710253366247
3,464,16,10,5,valence_classification,color_matching,matching,match_left,GKQX,,positive,brown,✲✲✲✲tot✲✲✲✲✲,,negative,brown,0.4932,match,0.7523,0,0.3913,0.5271,54.78786822080573
3,465,17,10,5,valence_classification,color_matching,matching,match_left,GKQX,,positive,brown,✲✲✲eitel✲✲✲✲,,negative,blue,0.4932,match,0.722,1,0.3905,0.5262,54.67227732116654
3,466,18,10,5,valence_classification,color_matching,matching,match_left,GKQX,,positive,brown,✲✲✲schön✲✲✲✲,,positive,brown,0.4974,match,0.6198,0,0.3931,0.5288,55.03100614540492
3,467,19,10,5,valence_classification,color_matching,matching,match_left,GKQX,,positive,blue,✲✲✲retten✲✲✲,,positive,blue,0.4966,nonmatch,0.6347,1,0.3922,0.5279,54.91131910676756
3,468,20,10,5,valence_classification,color_matching,matching,match_left,BMVZ,,negative,blue,✲✲✲lasch✲✲✲✲,,negative,blue,0.4935,nonmatch,0.628,1,0.3947,0.5304,55.25389040706809
3,469,21,10,5,valence_classification,color_matching,matching,match_left,GKQX,,positive,brown,✲✲✲eitel✲✲✲✲,,negative,brown,0.4932,match,0.6276,0,0.3972,0.5329,55.60640291220723
3,470,22,10,5,valence_classification,color_matching,matching,match_left,BMVZ,,negative,brown,✲✲✲helfen✲✲✲,,positive,blue,0.4932,nonmatch,0.6264,0,0.3963,0.5321,55.48799047302739
3,471,23,10,5,valence_classification,color_matching,matching,match_left,BMVZ,,negative,blue,✲✲strafen✲✲✲,,negative,blue,0.4932,nonmatch,0.6169,1,0.3955,0.5312,55.37304626951988
3,472,24,10,5,valence_classification,color_matching,matching,match_left,GKQX,,positive,blue,✲✲✲schön✲✲✲✲,,positive,blue,0.4932,match,0.6412,0,0.398,0.5337,55.71363863243388
3,473,25,10,5,valence_classification,color_matching,matching,match_left,GKQX,,positive,blue,✲tyrannisch✲,,negative,brown,0.4932,nonmatch,0.619,0,0.3971,0.5329,55.60065233728758
3,474,26,10,5,valence_classification,color_matching,matching,match_left,GKQX,,positive,blue,✲✲✲helfen✲✲✲,,positive,brown,0.5024,nonmatch,0.4059,0,0.3963,0.5321,55.48723583040432
3,475,27,10,5,valence_classification,color_matching,matching,match_left,GKQX,,positive,blue,✲✲✲retten✲✲✲,,positive,brown,0.4932,nonmatch,0.3538,0,0.3956,0.5313,55.37705719265978
3,476,28,10,5,valence_classification,color_matching,matching,match_left,GKQX,,positive,brown,✲✲✲✲fair✲✲✲✲,,positive,blue,0.4932,nonmatch,0.3255,0,0.3948,0.5305,55.27358959321092
3,477,29,10,5,valence_classification,color_matching,matching,match_left,GKQX,,positive,brown,✲✲✲schlau✲✲✲,,positive,blue,0.4932,nonmatch,0.6239,0,0.3941,0.5298,55.17069640620308
3,478,30,10,5,valence_classification,color_matching,matching,match_left,GKQX,,positive,blue,✲✲✲helfen✲✲✲,,positive,brown,0.4932,nonmatch,0.5826,0,0.3933,0.5291,55.067661715355044
3,479,31,10,5,valence_classification,color_matching,matching,match_left,BMVZ,,negative,brown,✲✲✲leiden✲✲✲,,negative,brown,0.4932,match,1.0195,0,0.3926,0.5283,54.96426226829033
3,480,32,10,5,valence_classification,color_matching,matching,match_left,BMVZ,,negative,blue,✲✲✲lachen✲✲✲,,positive,brown,0.4932,nonmatch,0.527,0,0.3919,0.5276,54.86036965293869
3,481,33,10,5,valence_classification,color_matching,matching,match_left,BMVZ,,negative,blue,✲✲✲schlau✲✲✲,,positive,brown,0.4934,nonmatch,0.4194,0,0.3912,0.5269,54.7651693906515
3,482,34,10,5,valence_classification,color_matching,matching,match_left,BMVZ,,negative,blue,✲✲✲helfen✲✲✲,,positive,blue,0.4934,nonmatch,0.8302,1,0.3905,0.5262,54.67066307922407
3,483,35,10,5,valence_classification,color_matching,matching,match_left,GKQX,,positive,brown,✲✲schroff✲✲✲,,negative,brown,0.4932,nonmatch,0.4996,1,0.3926,0.5283,54.96223789872698
3,484,36,10,5,valence_classification,color_matching,matching,match_left,BMVZ,,negative,blue,✲✲✲✲tot✲✲✲✲✲,,negative,brown,0.4932,match,0.6004,1,0.3946,0.5303,55.24590004267704
3,485,37,10,5,valence_classification,color_matching,matching,match_left,GKQX,,positive,blue,✲✲✲lachen✲✲✲,,positive,brown,0.4932,nonmatch,0.6306,0,0.3967,0.5324,55.542460461114565
3,486,38,10,5,valence_classification,color_matching,matching,match_left,BMVZ,,negative,blue,✲✲✲retten✲✲✲,,positive,blue,0.4932,match,0.5806,0,0.396,0.5317,55.43988731441454
3,487,39,10,5,valence_classification,color_matching,matching,match_left,BMVZ,,negative,blue,✲freundlich✲,,positive,blue,0.4932,match,0.6099,0,0.3953,0.531,55.34522769977519
3,488,40,10,5,valence_classification,color_matching,matching,match_left,BMVZ,,negative,brown,✲✲✲eitel✲✲✲✲,,negative,brown,0.4932,match,0.7232,0,0.3947,0.5304,55.2531724630592
3,489,41,10,5,valence_classification,color_matching,matching,match_left,GKQX,,positive,blue,✲✲schroff✲✲✲,,negative,blue,0.4932,match,0.583,0,0.394,0.5297,55.16153658094056
3,490,42,10,5,valence_classification,color_matching,matching,match_left,BMVZ,,negative,blue,✲✲✲lasch✲✲✲✲,,negative,blue,0.4932,match,0.641,0,0.3934,0.5291,55.06975102897408
3,491,43,10,5,valence_classification,color_matching,matching,match_left,GKQX,,positive,brown,✲✲ehrlich✲✲✲,,positive,brown,0.4935,match,0.4395,0,0.3927,0.5284,54.97771102846534
3,492,44,10,5,valence_classification,color_matching,matching,match_left,GKQX,,positive,blue,✲✲strafen✲✲✲,,negative,blue,0.4932,nonmatch,0.5292,1,0.392,0.5277,54.88427169730564
3,493,45,10,5,valence_classification,color_matching,matching,match_left,GKQX,,positive,brown,✲✲✲leiden✲✲✲,,negative,blue,0.4932,match,0.5379,1,0.3939,0.5297,55.151472834207226
3,493,45,10,5,valence_classification,color_matching,matching,match_left,GKQX,,positive,brown,✲✲✲leiden✲✲✲,,negative,blue,0.4932,nonmatch,0.6568,0,0.3939,0.5297,55.151472834207226
3,494,46,10,5,valence_classification,color_matching,matching,match_left,BMVZ,,negative,brown,✲✲✲schlau✲✲✲,,positive,blue,0.4933,nonmatch,0.4323,0,0.3933,0.529,55.062728975892114
3,495,47,10,5,valence_classification,color_matching,matching,match_left,GKQX,,positive,blue,✲tyrannisch✲,,negative,blue,0.4959,match,0.594,0,0.3927,0.5284,54.97370521338227
3,496,48,10,5,valence_classification,color_matching,matching,match_left,BMVZ,,negative,brown,✲freundlich✲,,positive,brown,0.4932,match,0.6139,0,0.392,0.5277,54.883315728956525
3,497,49,10,5,valence_classification,color_matching,matching,match_left,BMVZ,,negative,blue,✲✲ehrlich✲✲✲,,positive,blue,0.4932,match,0.57,0,0.3914,0.5271,54.80044273221529
3,498,50,10,5,valence_classification,color_matching,matching,match_left,BMVZ,,negative,brown,✲✲✲retten✲✲✲,,positive,brown,0.4932,match,0.3921,0,0.3909,0.5266,54.71956709864708
3,499,51,10,5,valence_classification,color_matching,matching,match_left,BMVZ,,negative,brown,✲✲✲schön✲✲✲✲,,positive,blue,0.4932,nonmatch,0.5826,0,0.3903,0.526,54.639082168648024
3,500,52,10,5,valence_classification,color_matching,matching,match_left,BMVZ,,negative,blue,✲✲✲✲fair✲✲✲✲,,positive,brown,0.4932,nonmatch,0.5737,0,0.3897,0.5254,54.55854128427168
3,501,53,10,5,valence_classification,color_matching,matching,match_left,GKQX,,positive,brown,✲freundlich✲,,positive,brown,0.4932,match,0.4298,0,0.3891,0.5248,54.47793468550458
3,502,54,10,5,valence_classification,color_matching,matching,match_left,GKQX,,positive,brown,✲✲strafen✲✲✲,,negative,blue,0.4932,nonmatch,0.4928,0,0.3885,0.5243,54.396290664258636
3,503,55,10,5,valence_classification,color_matching,matching,match_left,GKQX,,positive,blue,✲✲✲✲tot✲✲✲✲✲,,negative,blue,0.4933,nonmatch,0.5704,1,0.388,0.5237,54.31450562497217
3,504,56,10,5,valence_classification,color_matching,matching,match_left,BMVZ,,negative,blue,✲✲strafen✲✲✲,,negative,blue,0.4932,match,0.566,0,0.3897,0.5254,54.55131824106935
3,505,57,10,5,valence_classification,color_matching,matching,match_left,BMVZ,,negative,brown,✲✲ehrlich✲✲✲,,positive,brown,0.4932,nonmatch,0.4215,1,0.3891,0.5248,54.47301993703236
3,506,58,10,5,valence_classification,color_matching,matching,match_left,GKQX,,positive,brown,✲freundlich✲,,positive,blue,0.4932,nonmatch,0.5912,0,0.3907,0.5264,54.69505461989744
3,507,59,10,5,valence_classification,color_matching,matching,match_left,BMVZ,,negative,blue,✲✲✲✲fair✲✲✲✲,,positive,brown,0.4932,match,0.4108,1,0.3901,0.5259,54.61928174361333
3,508,60,10,5,valence_classification,color_matching,matching,match_left,GKQX,,positive,blue,✲✲✲✲fair✲✲✲✲,,positive,blue,0.4932,match,0.5253,0,0.3918,0.5275,54.847614043498
3,509,61,10,5,valence_classification,color_matching,matching,match_left,BMVZ,,negative,blue,✲✲✲eitel✲✲✲✲,,negative,brown,0.4932,nonmatch,0.6299,0,0.3912,0.527,54.77331311167651
3,510,62,10,5,valence_classification,color_matching,matching,match_left,GKQX,,positive,blue,✲✲✲schlau✲✲✲,,positive,blue,0.4932,match,0.4537,0,0.3907,0.5264,54.699664567628126
3,511,63,10,5,valence_classification,color_matching,matching,match_left,BMVZ,,negative,brown,✲✲✲leiden✲✲✲,,negative,brown,0.4932,nonmatch,0.6211,1,0.3902,0.5259,54.62628986423662
3,512,64,10,5,valence_classification,color_matching,matching,match_left,GKQX,,positive,blue,✲✲✲lasch✲✲✲✲,,negative,brown,0.4932,nonmatch,0.5109,0,0.3918,0.5275,54.84725535864608
3,513,1,11,6,valence_classification,color_matching,matching,match_left,BMVZ,,negative,brown,✲✲strafen✲✲✲,,negative,blue,0.4932,nonmatch,0.3404,0,0.3913,0.527,54.77519003680639
3,514,2,11,6,valence_classification,color_matching,matching,match_left,GKQX,,positive,brown,✲✲schroff✲✲✲,,negative,brown,0.4932,match,0.5728,0,0.3907,0.5265,54.70377135941679
3,515,3,11,6,valence_classification,color_matching,matching,match_left,GKQX,,positive,brown,✲✲✲retten✲✲✲,,positive,blue,0.4932,match,0.4912,1,0.3902,0.5259,54.632642676593896
3,516,4,11,6,valence_classification,color_matching,matching,match_left,BMVZ,,negative,brown,✲✲✲retten✲✲✲,,positive,blue,0.4932,match,0.526,1,0.3918,0.5275,54.846721553089246
3,517,5,11,6,valence_classification,color_matching,matching,match_left,GKQX,,positive,brown,✲✲✲schlau✲✲✲,,positive,brown,0.4932,match,0.5432,0,0.3934,0.5291,55.070437961155854
3,518,6,11,6,valence_classification,color_matching,matching,match_left,GKQX,,positive,blue,✲✲✲✲fair✲✲✲✲,,positive,brown,0.4932,nonmatch,0.3976,0,0.3928,0.5285,54.99563493490427
3,519,7,11,6,valence_classification,color_matching,matching,match_left,GKQX,,positive,blue,✲✲schroff✲✲✲,,negative,blue,0.4932,match,0.4752,0,0.3923,0.528,54.919819703994406
3,520,8,11,6,valence_classification,color_matching,matching,match_left,BMVZ,,negative,brown,✲✲✲lachen✲✲✲,,positive,brown,0.4932,nonmatch,0.5573,1,0.3918,0.5275,54.84604177548849
3,521,9,11,6,valence_classification,color_matching,matching,match_left,GKQX,,positive,brown,✲✲✲lasch✲✲✲✲,,negative,blue,0.5042,match,0.6375,1,0.3933,0.529,55.06367652654345
3,522,10,11,6,valence_classification,color_matching,matching,match_left,GKQX,,positive,blue,✲✲✲schlau✲✲✲,,positive,brown,0.4932,nonmatch,0.3539,0,0.3948,0.5305,55.26764112124513
3,523,11,11,6,valence_classification,color_matching,matching,match_left,BMVZ,,negative,blue,✲✲✲schlau✲✲✲,,positive,brown,0.4932,nonmatch,0.3253,0,0.3943,0.53,55.19708757310192
3,524,12,11,6,valence_classification,color_matching,matching,match_left,GKQX,,positive,blue,✲✲✲✲tot✲✲✲✲✲,,negative,brown,0.4932,nonmatch,0.3636,0,0.3938,0.5295,55.12660961582729
3,525,13,11,6,valence_classification,color_matching,matching,match_left,GKQX,,positive,blue,✲✲✲schön✲✲✲✲,,positive,blue,0.4932,match,0.5,0,0.3933,0.529,55.056283950471354
3,526,14,11,6,valence_classification,color_matching,matching,match_left,BMVZ,,negative,blue,✲✲✲leiden✲✲✲,,negative,brown,0.4933,nonmatch,0.592,0,0.3928,0.5285,54.98528733738499
3,527,15,11,6,valence_classification,color_matching,matching,match_left,BMVZ,,negative,blue,✲✲✲✲tot✲✲✲✲✲,,negative,brown,0.4932,nonmatch,0.5601,0,0.3922,0.528,54.91328703859699
3,528,16,11,6,valence_classification,color_matching,matching,match_left,GKQX,,positive,brown,✲✲strafen✲✲✲,,negative,brown,0.4932,nonmatch,0.608,1,0.3917,0.5275,54.84379887518137
3,529,17,11,6,valence_classification,color_matching,matching,match_left,BMVZ,,negative,brown,✲tyrannisch✲,,negative,brown,0.4932,match,0.6227,0,0.3932,0.5289,55.04993826918866
3,530,18,11,6,valence_classification,color_matching,matching,match_left,GKQX,,positive,brown,✲✲✲helfen✲✲✲,,positive,blue,0.4932,nonmatch,0.4506,0,0.3927,0.5284,54.980655102270966
3,531,19,11,6,valence_classification,color_matching,matching,match_left,BMVZ,,negative,brown,✲freundlich✲,,positive,brown,0.4932,match,0.712,0,0.3922,0.5279,54.91037363902025
3,532,20,11,6,valence_classification,color_matching,matching,match_left,GKQX,,positive,blue,✲✲✲eitel✲✲✲✲,,negative,blue,0.4932,nonmatch,0.568,1,0.3917,0.5274,54.84282463206063
3,533,21,11,6,valence_classification,color_matching,matching,match_left,BMVZ,,negative,blue,✲✲✲schön✲✲✲✲,,positive,brown,0.4932,nonmatch,0.5496,0,0.3932,0.5289,55.04377686382806
3,534,22,11,6,valence_classification,color_matching,matching,match_left,GKQX,,positive,blue,✲✲✲leiden✲✲✲,,negative,brown,0.4932,nonmatch,0.5259,0,0.3927,0.5284,54.97611821892812
3,535,23,11,6,valence_classification,color_matching,matching,match_left,BMVZ,,negative,blue,✲freundlich✲,,positive,brown,0.4932,nonmatch,0.4753,0,0.3922,0.5279,54.90746645708511
3,536,24,11,6,valence_classification,color_matching,matching,match_left,GKQX,,positive,blue,✲✲ehrlich✲✲✲,,positive,blue,0.4932,match,0.5674,0,0.3917,0.5274,54.84178049600457
3,537,25,11,6,valence_classification,color_matching,matching,match_left,BMVZ,,negative,brown,✲✲schroff✲✲✲,,negative,brown,0.4932,nonmatch,0.5953,1,0.3913,0.527,54.78079722273633
3,538,26,11,6,valence_classification,color_matching,matching,match_left,GKQX,,positive,blue,✲✲✲✲tot✲✲✲✲✲,,negative,brown,0.4932,nonmatch,0.5856,0,0.3927,0.5284,54.97167664855543
3,539,27,11,6,valence_classification,color_matching,matching,match_left,BMVZ,,negative,blue,✲tyrannisch✲,,negative,blue,0.4932,match,0.5574,0,0.3922,0.5279,54.904572183558855
3,540,28,11,6,valence_classification,color_matching,matching,match_left,GKQX,,positive,blue,✲freundlich✲,,positive,blue,0.4932,match,0.5855,0,0.3917,0.5274,54.84067877176562
3,541,29,11,6,valence_classification,color_matching,matching,match_left,GKQX,,positive,brown,✲✲✲leiden✲✲✲,,negative,brown,0.4932,nonmatch,0.5745,1,0.3913,0.527,54.78120831444202
3,542,30,11,6,valence_classification,color_matching,matching,match_left,GKQX,,positive,brown,✲✲✲schön✲✲✲✲,,positive,blue,0.4932,nonmatch,0.4681,0,0.3926,0.5283,54.967329718658334
3,543,31,11,6,valence_classification,color_matching,matching,match_left,BMVZ,,negative,blue,✲✲✲leiden✲✲✲,,negative,blue,0.4932,match,0.4053,0,0.3922,0.5279,54.90169620533317
3,544,32,11,6,valence_classification,color_matching,matching,match_left,GKQX,,positive,brown,✲tyrannisch✲,,negative,blue,0.4932,nonmatch,0.4896,0,0.3917,0.5274,54.8395299223192
3,545,33,11,6,valence_classification,color_matching,matching,match_left,GKQX,,positive,blue,✲freundlich✲,,positive,blue,0.4932,match,0.7292,0,0.3913,0.527,54.78149943544086
3,546,34,11,6,valence_classification,color_matching,matching,match_left,BMVZ,,negative,blue,✲✲✲eitel✲✲✲✲,,negative,brown,0.4932,nonmatch,0.5754,0,0.3909,0.5266,54.724029904470505
3,547,35,11,6,valence_classification,color_matching,matching,match_left,GKQX,,positive,blue,✲✲✲lachen✲✲✲,,positive,brown,0.4932,nonmatch,0.5389,0,0.3905,0.5262,54.666887412366165
3,548,36,11,6,valence_classification,color_matching,matching,match_left,GKQX,,positive,brown,✲✲hindern✲✲✲,,negative,blue,0.4932,nonmatch,0.5852,0,0.3901,0.5258,54.609842866851395
3,549,37,11,6,valence_classification,color_matching,matching,match_left,BMVZ,,negative,brown,✲✲hindern✲✲✲,,negative,blue,0.4932,nonmatch,0.5671,0,0.3897,0.5254,54.55267015425893
3,550,38,11,6,valence_classification,color_matching,matching,match_left,BMVZ,,negative,brown,✲✲✲schön✲✲✲✲,,positive,brown,0.4932,nonmatch,0.6959,1,0.3893,0.525,54.495478427994364
3,551,39,11,6,valence_classification,color_matching,matching,match_left,BMVZ,,negative,brown,✲✲✲lasch✲✲✲✲,,negative,blue,0.4932,nonmatch,0.4418,0,0.3904,0.5261,54.65719818977706
3,552,40,11,6,valence_classification,color_matching,matching,match_left,BMVZ,,negative,brown,✲✲strafen✲✲✲,,negative,brown,0.4932,match,0.6091,0,0.39,0.5257,54.60139076422492
3,553,41,11,6,valence_classification,color_matching,matching,match_left,GKQX,,positive,brown,✲✲✲✲fair✲✲✲✲,,positive,brown,0.4932,match,0.5362,0,0.3896,0.5253,54.54542567037598
3,554,42,11,6,valence_classification,color_matching,matching,match_left,GKQX,,positive,brown,✲✲✲helfen✲✲✲,,positive,blue,0.4932,nonmatch,0.4755,0,0.3892,0.5249,54.48941275607602
3,555,43,11,6,valence_classification,color_matching,matching,match_left,BMVZ,,negative,blue,✲✲✲lachen✲✲✲,,positive,blue,0.4932,nonmatch,0.5739,1,0.3888,0.5245,54.432766227355955
3,556,44,11,6,valence_classification,color_matching,matching,match_left,BMVZ,,negative,brown,✲✲✲helfen✲✲✲,,positive,blue,0.4932,nonmatch,0.428,0,0.39,0.5257,54.59358637490719
3,557,45,11,6,valence_classification,color_matching,matching,match_left,BMVZ,,negative,blue,✲✲✲✲fair✲✲✲✲,,positive,brown,0.4932,nonmatch,0.4466,0,0.3896,0.5253,54.539089000427886
3,558,46,11,6,valence_classification,color_matching,matching,match_left,GKQX,,positive,brown,✲✲✲retten✲✲✲,,positive,brown,0.4932,nonmatch,0.4357,1,0.3892,0.5249,54.484157037995985
3,559,47,11,6,valence_classification,color_matching,matching,match_left,BMVZ,,negative,blue,✲✲✲eitel✲✲✲✲,,negative,blue,0.5165,nonmatch,0.5607,1,0.3903,0.526,54.639582710737535
3,560,48,11,6,valence_classification,color_matching,matching,match_left,GKQX,,positive,brown,✲✲ehrlich✲✲✲,,positive,brown,0.4934,nonmatch,0.6768,1,0.3914,0.5271,54.80051668107529
3,561,49,11,6,valence_classification,color_matching,matching,match_left,BMVZ,,negative,brown,✲✲✲helfen✲✲✲,,positive,blue,0.4932,nonmatch,0.418,0,0.3926,0.5284,54.96905613919414
3,562,50,11,6,valence_classification,color_matching,matching,match_left,BMVZ,,negative,brown,✲✲schroff✲✲✲,,negative,brown,0.4932,match,0.5663,0,0.3922,0.5279,54.909796896797914
3,563,51,11,6,valence_classification,color_matching,matching,match_left,BMVZ,,negative,blue,✲✲hindern✲✲✲,,negative,blue,0.4932,nonmatch,0.4633,1,0.3918,0.5275,54.85234393649703
3,564,52,11,6,valence_classification,color_matching,matching,match_left,BMVZ,,negative,blue,✲✲✲lasch✲✲✲✲,,negative,brown,0.4932,match,0.4752,1,0.393,0.5287,55.02207109988221
3,564,52,11,6,valence_classification,color_matching,matching,match_left,BMVZ,,negative,blue,✲✲✲lasch✲✲✲✲,,negative,brown,0.4932,nonmatch,0.6407,0,0.393,0.5287,55.02207109988221
3,565,53,11,6,valence_classification,color_matching,matching,match_left,GKQX,,positive,blue,✲✲✲lachen✲✲✲,,positive,brown,0.4932,nonmatch,0.404,0,0.3926,0.5283,54.96481471344103
3,566,54,11,6,valence_classification,color_matching,matching,match_left,GKQX,,positive,blue,✲✲hindern✲✲✲,,negative,blue,0.4932,match,0.4405,0,0.3922,0.5279,54.90668049722633
3,567,55,11,6,valence_classification,color_matching,matching,match_left,GKQX,,positive,blue,✲✲✲lasch✲✲✲✲,,negative,blue,0.4932,match,0.6722,0,0.3918,0.5275,54.85066243448372
3,568,56,11,6,valence_classification,color_matching,matching,match_left,BMVZ,,negative,brown,✲✲✲schlau✲✲✲,,positive,blue,0.4932,nonmatch,0.4901,0,0.3914,0.5271,54.79943200352494
3,569,57,11,6,valence_classification,color_matching,matching,match_left,BMVZ,,negative,blue,✲✲✲✲fair✲✲✲✲,,positive,blue,0.4932,match,0.5635,0,0.3911,0.5268,54.74876371224933
3,570,58,11,6,valence_classification,color_matching,matching,match_left,BMVZ,,negative,blue,✲✲ehrlich✲✲✲,,positive,blue,0.4961,match,0.5899,0,0.3907,0.5264,54.698473868287124
3,571,59,11,6,valence_classification,color_matching,matching,match_left,GKQX,,positive,brown,✲tyrannisch✲,,negative,blue,0.4932,nonmatch,0.4109,0,0.3903,0.5261,54.648383037757974
3,572,60,11,6,valence_classification,color_matching,matching,match_left,GKQX,,positive,brown,✲✲strafen✲✲✲,,negative,brown,0.4932,nonmatch,0.4355,1,0.39,0.5257,54.598314749450026
3,573,61,11,6,valence_classification,color_matching,matching,match_left,GKQX,,positive,blue,✲✲✲eitel✲✲✲✲,,negative,brown,0.4932,nonmatch,0.4004,0,0.3911,0.5268,54.74922218274698
3,574,62,11,6,valence_classification,color_matching,matching,match_left,BMVZ,,negative,blue,✲✲✲retten✲✲✲,,positive,blue,0.4932,match,0.5881,0,0.3907,0.5264,54.699984678413095
3,575,63,11,6,valence_classification,color_matching,matching,match_left,BMVZ,,negative,brown,✲✲✲✲tot✲✲✲✲✲,,negative,blue,0.4932,nonmatch,0.4185,0,0.3904,0.5261,54.65094727905912
3,576,64,11,6,valence_classification,color_matching,matching,match_left,BMVZ,,negative,brown,✲✲ehrlich✲✲✲,,positive,brown,0.4932,nonmatch,0.5804,1,0.39,0.5257,54.601940622576535
3,576,64,11,6,valence_classification,color_matching,matching,match_left,BMVZ,,negative,brown,✲✲ehrlich✲✲✲,,positive,brown,0.4932,match,0.7201,0,0.39,0.5257,54.601940622576535
3,577,1,12,7,valence_classification,color_matching,matching,match_left,BMVZ,,negative,blue,✲✲schroff✲✲✲,,negative,brown,0.4932,match,0.3745,1,0.3897,0.5254,54.55279703289073
3,578,2,12,7,valence_classification,color_matching,matching,match_left,GKQX,,positive,blue,✲✲✲schön✲✲✲✲,,positive,brown,0.4933,nonmatch,0.4279,0,0.3906,0.5264,54.69024032836091
3,579,3,12,7,valence_classification,color_matching,matching,match_left,BMVZ,,negative,brown,✲✲✲✲fair✲✲✲✲,,positive,blue,0.4962,match,0.4547,1,0.3903,0.526,54.64216210486296
3,580,4,12,7,valence_classification,color_matching,matching,match_left,GKQX,,positive,blue,✲✲✲helfen✲✲✲,,positive,brown,0.4932,nonmatch,0.4037,0,0.3913,0.527,54.78661941060637
3,581,5,12,7,valence_classification,color_matching,matching,match_left,GKQX,,positive,brown,✲✲strafen✲✲✲,,negative,brown,0.4932,match,0.3706,0,0.391,0.5267,54.739026023163184
3,582,6,12,7,valence_classification,color_matching,matching,match_left,BMVZ,,negative,blue,✲freundlich✲,,positive,brown,0.4932,nonmatch,0.3541,0,0.3907,0.5264,54.69175622704347
3,583,7,12,7,valence_classification,color_matching,matching,match_left,BMVZ,,negative,brown,✲✲✲lachen✲✲✲,,positive,brown,0.4932,match,0.5253,0,0.3903,0.526,54.64465122792469
3,584,8,12,7,valence_classification,color_matching,matching,match_left,GKQX,,positive,blue,✲✲✲lachen✲✲✲,,positive,blue,0.4932,nonmatch,0.5352,1,0.39,0.5257,54.597554646258104
3,585,9,12,7,valence_classification,color_matching,matching,match_left,GKQX,,positive,brown,✲✲✲lasch✲✲✲✲,,negative,blue,0.4932,nonmatch,0.5765,0,0.3909,0.5266,54.728807006256496
3,586,10,12,7,valence_classification,color_matching,matching,match_left,GKQX,,positive,brown,✲✲✲retten✲✲✲,,positive,blue,0.4932,nonmatch,0.386,0,0.3906,0.5263,54.682453809286386
3,587,11,12,7,valence_classification,color_matching,matching,match_left,GKQX,,positive,blue,✲freundlich✲,,positive,blue,0.4932,match,0.5628,0,0.3903,0.526,54.63623184429713
3,588,12,12,7,valence_classification,color_matching,matching,match_left,BMVZ,,negative,brown,✲✲✲lachen✲✲✲,,positive,blue,0.4933,nonmatch,0.4353,0,0.3899,0.5256,54.58999064165583
3,589,13,12,7,valence_classification,color_matching,matching,match_left,GKQX,,positive,blue,✲✲ehrlich✲✲✲,,positive,brown,0.4932,nonmatch,0.709,0,0.3896,0.5253,54.54387414513557
3,590,14,12,7,valence_classification,color_matching,matching,match_left,GKQX,,positive,brown,✲✲✲eitel✲✲✲✲,,negative,blue,0.4932,nonmatch,0.5189,0,0.3893,0.525,54.497408640061934
3,591,15,12,7,valence_classification,color_matching,matching,match_left,GKQX,,positive,brown,✲✲schroff✲✲✲,,negative,brown,0.4933,nonmatch,0.4258,1,0.3889,0.5246,54.450446575545925
3,592,16,12,7,valence_classification,color_matching,matching,match_left,GKQX,,positive,brown,✲✲ehrlich✲✲✲,,positive,brown,0.4932,match,0.815,0,0.3899,0.5256,54.58356420249507
3,593,17,12,7,valence_classification,color_matching,matching,match_left,BMVZ,,negative,blue,✲✲hindern✲✲✲,,negative,blue,0.4932,match,0.5455,0,0.3896,0.5253,54.53819321463032
3,594,18,12,7,valence_classification,color_matching,matching,match_left,BMVZ,,negative,brown,✲✲✲retten✲✲✲,,positive,blue,0.4932,match,0.6562,1,0.3892,0.5249,54.49246175355201
3,595,19,12,7,valence_classification,color_matching,matching,match_left,BMVZ,,negative,blue,✲✲✲schön✲✲✲✲,,positive,blue,0.4932,match,0.418,0,0.3902,0.5259,54.62173291446002
3,596,20,12,7,valence_classification,color_matching,matching,match_left,BMVZ,,negative,blue,✲tyrannisch✲,,negative,brown,0.4932,nonmatch,0.4425,0,0.3898,0.5256,54.57701842083968
3,597,21,12,7,valence_classification,color_matching,matching,match_left,GKQX,,positive,brown,✲✲✲schlau✲✲✲,,positive,blue,0.4932,nonmatch,0.4482,0,0.3895,0.5252,54.53238065390455
3,598,22,12,7,valence_classification,color_matching,matching,match_left,GKQX,,positive,brown,✲✲✲leiden✲✲✲,,negative,brown,0.4932,nonmatch,0.483,1,0.3892,0.5249,54.48737092987999
3,599,23,12,7,valence_classification,color_matching,matching,match_left,BMVZ,,negative,blue,✲tyrannisch✲,,negative,blue,0.4932,match,0.4325,0,0.3901,0.5258,54.614640535512656
3,600,24,12,7,valence_classification,color_matching,matching,match_left,BMVZ,,negative,blue,✲✲✲schön✲✲✲✲,,positive,brown,0.4932,match,0.4684,1,0.3898,0.5255,54.57065456960835
3,601,25,12,7,valence_classification,color_matching,matching,match_left,BMVZ,,negative,blue,✲freundlich✲,,positive,blue,0.4932,nonmatch,0.5045,1,0.3907,0.5264,54.693476184712274
3,602,26,12,7,valence_classification,color_matching,matching,match_left,BMVZ,,negative,blue,✲✲✲✲fair✲✲✲✲,,positive,blue,0.4932,nonmatch,0.6458,1,0.3916,0.5273,54.82317153500702
3,603,27,12,7,valence_classification,color_matching,matching,match_left,BMVZ,,negative,blue,✲✲schroff✲✲✲,,negative,blue,0.4932,match,0.3835,0,0.3926,0.5283,54.96259757215401
3,604,28,12,7,valence_classification,color_matching,matching,match_left,BMVZ,,negative,blue,✲✲✲✲tot✲✲✲✲✲,,negative,brown,0.4932,nonmatch,0.4487,0,0.3922,0.528,54.91364844437166
3,605,29,12,7,valence_classification,color_matching,matching,match_left,BMVZ,,negative,brown,✲✲hindern✲✲✲,,negative,brown,0.4932,match,0.5441,0,0.3919,0.5276,54.864895241474294
3,606,30,12,7,valence_classification,color_matching,matching,match_left,GKQX,,positive,brown,✲✲✲helfen✲✲✲,,positive,blue,0.4932,nonmatch,0.4571,0,0.3916,0.5273,54.821882671563614
3,607,31,12,7,valence_classification,color_matching,matching,match_left,GKQX,,positive,blue,✲✲✲✲tot✲✲✲✲✲,,negative,blue,0.4932,match,0.4896,0,0.3913,0.527,54.77941001629539
3,608,32,12,7,valence_classification,color_matching,matching,match_left,GKQX,,positive,brown,✲✲✲eitel✲✲✲✲,,negative,blue,0.4932,nonmatch,0.4394,0,0.391,0.5267,54.73734636051901
3,609,33,12,7,valence_classification,color_matching,matching,match_left,BMVZ,,negative,brown,✲✲strafen✲✲✲,,negative,brown,0.4932,nonmatch,0.3861,1,0.3907,0.5264,54.69556419221116
3,610,34,12,7,valence_classification,color_matching,matching,match_left,GKQX,,positive,blue,✲tyrannisch✲,,negative,brown,0.4932,nonmatch,0.3245,0,0.3916,0.5273,54.820605026092075
3,611,35,12,7,valence_classification,color_matching,matching,match_left,BMVZ,,negative,blue,✲✲✲schlau✲✲✲,,positive,blue,0.4932,match,0.3707,0,0.3913,0.527,54.778878638526045
3,612,36,12,7,valence_classification,color_matching,matching,match_left,BMVZ,,negative,brown,✲✲✲lasch✲✲✲✲,,negative,blue,0.4932,nonmatch,0.4268,0,0.391,0.5267,54.737552535908165
3,613,37,12,7,valence_classification,color_matching,matching,match_left,BMVZ,,negative,brown,✲✲✲helfen✲✲✲,,positive,brown,0.4935,match,0.4909,0,0.3907,0.5264,54.69650352387811
3,614,38,12,7,valence_classification,color_matching,matching,match_left,GKQX,,positive,blue,✲✲✲lachen✲✲✲,,positive,blue,0.4932,match,0.632,0,0.3904,0.5261,54.65561092311695
3,615,39,12,7,valence_classification,color_matching,matching,match_left,GKQX,,positive,brown,✲✲strafen✲✲✲,,negative,brown,0.4932,nonmatch,0.6166,1,0.3901,0.5258,54.61475585426758
3,616,40,12,7,valence_classification,color_matching,matching,match_left,BMVZ,,negative,brown,✲✲✲helfen✲✲✲,,positive,brown,0.4932,match,0.4116,0,0.391,0.5267,54.73772031468871
3,617,41,12,7,valence_classification,color_matching,matching,match_left,GKQX,,positive,blue,✲✲hindern✲✲✲,,negative,brown,0.4932,nonmatch,0.3824,0,0.3907,0.5264,54.697379492058985
3,618,42,12,7,valence_classification,color_matching,matching,match_left,BMVZ,,negative,brown,✲✲✲eitel✲✲✲✲,,negative,brown,0.4932,match,0.5991,0,0.3904,0.5261,54.65719472636277
3,619,43,12,7,valence_classification,color_matching,matching,match_left,GKQX,,positive,brown,✲✲✲✲fair✲✲✲✲,,positive,brown,0.4933,match,0.5718,0,0.3901,0.5258,54.617051085207436
3,620,44,12,7,valence_classification,color_matching,matching,match_left,BMVZ,,negative,brown,✲✲ehrlich✲✲✲,,positive,brown,0.4932,match,0.6301,0,0.3898,0.5255,54.576834721056656
3,621,45,12,7,valence_classification,color_matching,matching,match_left,GKQX,,positive,blue,✲✲✲lasch✲✲✲✲,,negative,blue,0.4932,nonmatch,0.5826,1,0.3895,0.5253,54.536687586157015
3,621,45,12,7,valence_classification,color_matching,matching,match_left,GKQX,,positive,blue,✲✲✲lasch✲✲✲✲,,negative,blue,0.4932,match,0.6853,0,0.3895,0.5253,54.536687586157015
3,622,46,12,7,valence_classification,color_matching,matching,match_left,BMVZ,,negative,blue,✲✲✲schlau✲✲✲,,positive,brown,0.4933,nonmatch,0.412,0,0.3893,0.525,54.49621776967734
3,623,47,12,7,valence_classification,color_matching,matching,match_left,GKQX,,positive,brown,✲✲✲retten✲✲✲,,positive,blue,0.4962,nonmatch,0.5496,0,0.389,0.5247,54.455312694254914
3,624,48,12,7,valence_classification,color_matching,matching,match_left,BMVZ,,negative,brown,✲✲✲✲tot✲✲✲✲✲,,negative,blue,0.4932,nonmatch,0.4037,0,0.3887,0.5244,54.413858131252326
3,625,49,12,7,valence_classification,color_matching,matching,match_left,GKQX,,positive,blue,✲freundlich✲,,positive,blue,0.4932,match,0.4044,0,0.3884,0.5241,54.371737603073825
3,626,50,12,7,valence_classification,color_matching,matching,match_left,GKQX,,positive,brown,✲✲✲schön✲✲✲✲,,positive,brown,0.4932,nonmatch,0.4187,1,0.3881,0.5238,54.32883177616263
3,627,51,12,7,valence_classification,color_matching,matching,match_left,BMVZ,,negative,brown,✲✲✲eitel✲✲✲✲,,negative,brown,0.4932,match,0.4323,0,0.3889,0.5247,54.45132438912224
3,628,52,12,7,valence_classification,color_matching,matching,match_left,BMVZ,,negative,brown,✲✲ehrlich✲✲✲,,positive,blue,0.4965,nonmatch,0.4212,0,0.3886,0.5244,54.41040884030236
3,629,53,12,7,valence_classification,color_matching,matching,match_left,GKQX,,positive,blue,✲✲✲✲fair✲✲✲✲,,positive,brown,0.4932,nonmatch,0.5038,0,0.3883,0.5241,54.36882731651255
3,630,54,12,7,valence_classification,color_matching,matching,match_left,GKQX,,positive,blue,✲✲✲✲tot✲✲✲✲✲,,negative,blue,0.4932,match,0.4643,0,0.388,0.5238,54.3264635216643
3,631,55,12,7,valence_classification,color_matching,matching,match_left,GKQX,,positive,blue,✲✲✲leiden✲✲✲,,negative,blue,0.4932,match,0.3843,0,0.3878,0.5235,54.289866363617165
3,632,56,12,7,valence_classification,color_matching,matching,match_left,BMVZ,,negative,brown,✲✲strafen✲✲✲,,negative,blue,0.4932,nonmatch,0.3482,0,0.3875,0.5232,54.25383654693977
3,633,57,12,7,valence_classification,color_matching,matching,match_left,BMVZ,,negative,blue,✲✲✲leiden✲✲✲,,negative,blue,0.4932,match,0.6765,0,0.3873,0.523,54.218190523484814
3,634,58,12,7,valence_classification,color_matching,matching,match_left,GKQX,,positive,brown,✲tyrannisch✲,,negative,blue,0.4932,nonmatch,0.3712,0,0.387,0.5227,54.18283490867575
3,635,59,12,7,valence_classification,color_matching,matching,match_left,GKQX,,positive,blue,✲✲schroff✲✲✲,,negative,brown,0.4932,nonmatch,0.5585,0,0.3868,0.5225,54.147678326145495
3,636,60,12,7,valence_classification,color_matching,matching,match_left,GKQX,,positive,blue,✲✲hindern✲✲✲,,negative,brown,0.4932,nonmatch,0.4638,0,0.3865,0.5222,54.11263093227825
3,637,61,12,7,valence_classification,color_matching,matching,match_left,BMVZ,,negative,brown,✲✲✲lasch✲✲✲✲,,negative,blue,0.4932,match,0.6061,1,0.3863,0.522,54.07760395832356
3,638,62,12,7,valence_classification,color_matching,matching,match_left,BMVZ,,negative,blue,✲✲✲retten✲✲✲,,positive,brown,0.4932,match,0.4762,1,0.387,0.5227,54.18300274245949
3,639,63,12,7,valence_classification,color_matching,matching,match_left,BMVZ,,negative,blue,✲✲✲leiden✲✲✲,,negative,brown,0.4932,nonmatch,0.4143,0,0.3878,0.5235,54.28699338320465
3,640,64,12,7,valence_classification,color_matching,matching,match_left,GKQX,,positive,brown,✲✲✲schlau✲✲✲,,positive,brown,0.4932,match,0.4108,0,0.3875,0.5232,54.25203769495347
3,641,1,13,8,valence_classification,color_matching,matching,match_left,GKQX,,positive,blue,✲✲✲schlau✲✲✲,,positive,brown,0.4932,nonmatch,0.4143,0,0.3873,0.523,54.21745069402351
3,642,2,13,8,valence_classification,color_matching,matching,match_left,GKQX,,positive,brown,✲✲✲retten✲✲✲,,positive,brown,0.4962,match,0.3765,0,0.387,0.5227,54.18314431728317
3,643,3,13,8,valence_classification,color_matching,matching,match_left,GKQX,,positive,brown,✲✲ehrlich✲✲✲,,positive,blue,0.4932,nonmatch,0.5317,0,0.3868,0.5225,54.14903237609863
3,644,4,13,8,valence_classification,color_matching,matching,match_left,GKQX,,positive,blue,✲✲strafen✲✲✲,,negative,brown,0.4932,nonmatch,0.4349,0,0.3865,0.5223,54.11503012063513
3,645,5,13,8,valence_classification,color_matching,matching,match_left,BMVZ,,negative,brown,✲✲✲✲fair✲✲✲✲,,positive,blue,0.4932,nonmatch,0.5059,0,0.3863,0.522,54.081053820085764
3,646,6,13,8,valence_classification,color_matching,matching,match_left,GKQX,,positive,brown,✲✲✲helfen✲✲✲,,positive,brown,0.4932,match,0.4643,0,0.3861,0.5218,54.047020355547836
3,647,7,13,8,valence_classification,color_matching,matching,match_left,GKQX,,positive,brown,✲✲✲eitel✲✲✲✲,,negative,blue,0.4932,nonmatch,0.4577,0,0.3858,0.5215,54.01306866367885
3,648,8,13,8,valence_classification,color_matching,matching,match_left,BMVZ,,negative,brown,✲tyrannisch✲,,negative,blue,0.4932,nonmatch,0.6014,0,0.3856,0.5213,53.97887713914784
3,649,9,13,8,valence_classification,color_matching,matching,match_left,BMVZ,,negative,brown,✲freundlich✲,,positive,brown,0.4932,match,0.5906,0,0.3853,0.521,53.94436350031739
3,650,10,13,8,valence_classification,color_matching,matching,match_left,GKQX,,positive,brown,✲✲strafen✲✲✲,,negative,brown,0.4932,match,0.6725,0,0.3851,0.5208,53.9094443574993
3,651,11,13,8,valence_classification,color_matching,matching,match_left,BMVZ,,negative,blue,✲✲✲schön✲✲✲✲,,positive,blue,0.4932,match,0.4055,0,0.3848,0.5205,53.87403483465217
3,652,12,13,8,valence_classification,color_matching,matching,match_left,GKQX,,positive,blue,✲✲✲lasch✲✲✲✲,,negative,blue,0.4933,match,0.4045,0,0.3846,0.5203,53.83804818525086
3,653,13,13,8,valence_classification,color_matching,matching,match_left,GKQX,,positive,brown,✲✲✲✲fair✲✲✲✲,,positive,brown,0.4932,match,0.525,0,0.3843,0.52,53.801395399846086
3,654,14,13,8,valence_classification,color_matching,matching,match_left,GKQX,,positive,brown,✲✲✲schön✲✲✲✲,,positive,brown,0.4932,match,0.6132,0,0.3841,0.5198,53.76729262950299
3,655,15,13,8,valence_classification,color_matching,matching,match_left,GKQX,,positive,brown,✲✲ehrlich✲✲✲,,positive,blue,0.4932,nonmatch,0.4778,0,0.3838,0.5195,53.73588707956848
3,656,16,13,8,valence_classification,color_matching,matching,match_left,BMVZ,,negative,blue,✲✲✲helfen✲✲✲,,positive,blue,0.4932,match,0.6543,0,0.3836,0.5193,53.70485664842697
3,657,17,13,8,valence_classification,color_matching,matching,match_left,BMVZ,,negative,blue,✲✲✲leiden✲✲✲,,negative,brown,0.4932,nonmatch,0.5884,0,0.3834,0.5191,53.674129252072
3,658,18,13,8,valence_classification,color_matching,matching,match_left,GKQX,,positive,brown,✲✲✲eitel✲✲✲✲,,negative,brown,0.4932,match,0.5814,0,0.3832,0.5189,53.64363447479462
3,659,19,13,8,valence_classification,color_matching,matching,match_left,BMVZ,,negative,brown,✲✲schroff✲✲✲,,negative,brown,0.4932,match,0.6053,0,0.383,0.5187,53.6133032446137
3,660,20,13,8,valence_classification,color_matching,matching,match_left,BMVZ,,negative,brown,✲✲hindern✲✲✲,,negative,blue,0.4933,nonmatch,0.7442,0,0.3827,0.5185,53.58306752099689
3,661,21,13,8,valence_classification,color_matching,matching,match_left,BMVZ,,negative,blue,✲✲strafen✲✲✲,,negative,blue,0.4932,match,0.6142,0,0.3825,0.5182,53.55285999264381
3,662,22,13,8,valence_classification,color_matching,matching,match_left,BMVZ,,negative,blue,✲✲✲schön✲✲✲✲,,positive,brown,0.4932,match,0.7022,1,0.3823,0.518,53.52261378323164
3,663,23,13,8,valence_classification,color_matching,matching,match_left,GKQX,,positive,blue,✲✲schroff✲✲✲,,negative,blue,0.4932,match,0.5718,0,0.383,0.5187,53.61375291146501
3,664,24,13,8,valence_classification,color_matching,matching,match_left,BMVZ,,negative,blue,✲✲✲schlau✲✲✲,,positive,brown,0.4932,match,0.469,1,0.3827,0.5185,53.58391925297624
3,665,25,13,8,valence_classification,color_matching,matching,match_left,GKQX,,positive,blue,✲✲✲schlau✲✲✲,,positive,blue,0.4932,match,0.6345,0,0.3834,0.5191,53.67341098838675
3,666,26,13,8,valence_classification,color_matching,matching,match_left,BMVZ,,negative,blue,✲✲✲✲tot✲✲✲✲✲,,negative,brown,0.4937,nonmatch,0.8258,0,0.3832,0.5189,53.643713073939075
3,667,27,13,8,valence_classification,color_matching,matching,match_left,GKQX,,positive,blue,✲✲✲✲fair✲✲✲✲,,positive,blue,0.4932,match,0.6003,0,0.383,0.5187,53.61417544505255
3,668,28,13,8,valence_classification,color_matching,matching,match_left,BMVZ,,negative,blue,✲✲ehrlich✲✲✲,,positive,brown,0.4932,nonmatch,0.5644,0,0.3827,0.5185,53.584733455752335
3,669,29,13,8,valence_classification,color_matching,matching,match_left,GKQX,,positive,brown,✲✲✲leiden✲✲✲,,negative,blue,0.4932,nonmatch,0.528,0,0.3825,0.5183,53.555323157694524
3,670,30,13,8,valence_classification,color_matching,matching,match_left,GKQX,,positive,blue,✲✲✲leiden✲✲✲,,negative,brown,0.4932,nonmatch,0.5181,0,0.3823,0.518,53.52588102748125
3,671,31,13,8,valence_classification,color_matching,matching,match_left,GKQX,,positive,blue,✲freundlich✲,,positive,brown,0.4932,nonmatch,0.5871,0,0.3821,0.5178,53.496343699524616
3,672,32,13,8,valence_classification,color_matching,matching,match_left,BMVZ,,negative,blue,✲✲✲leiden✲✲✲,,negative,blue,0.4932,match,0.5551,0,0.3819,0.5176,53.46683848495361
3,673,33,13,8,valence_classification,color_matching,matching,match_left,GKQX,,positive,brown,✲✲✲retten✲✲✲,,positive,blue,0.4932,nonmatch,0.469,0,0.3817,0.5174,53.4370986496697
3,674,34,13,8,valence_classification,color_matching,matching,match_left,BMVZ,,negative,brown,✲✲✲helfen✲✲✲,,positive,blue,0.4932,nonmatch,0.3973,0,0.3815,0.5172,53.40706074330873
3,675,35,13,8,valence_classification,color_matching,matching,match_left,GKQX,,positive,blue,✲freundlich✲,,positive,brown,0.4932,nonmatch,0.3967,0,0.3813,0.517,53.376660325458204
3,676,36,13,8,valence_classification,color_matching,matching,match_left,BMVZ,,negative,brown,✲✲✲✲fair✲✲✲✲,,positive,blue,0.4961,nonmatch,0.3976,0,0.381,0.5168,53.34583170723231
3,677,37,13,8,valence_classification,color_matching,matching,match_left,BMVZ,,negative,blue,✲✲✲retten✲✲✲,,positive,blue,0.4932,match,0.3471,0,0.3808,0.5165,53.3145076877598
3,678,38,13,8,valence_classification,color_matching,matching,match_left,GKQX,,positive,blue,✲✲✲lachen✲✲✲,,positive,blue,0.4961,match,0.565,0,0.3806,0.5163,53.282619284082024
3,679,39,13,8,valence_classification,color_matching,matching,match_left,BMVZ,,negative,blue,✲✲✲eitel✲✲✲✲,,negative,brown,0.4932,nonmatch,0.463,0,0.3804,0.5161,53.25009870755802
3,680,40,13,8,valence_classification,color_matching,matching,match_left,BMVZ,,negative,brown,✲✲✲lachen✲✲✲,,positive,blue,0.4932,nonmatch,0.4537,0,0.3802,0.5159,53.222422074745275
3,681,41,13,8,valence_classification,color_matching,matching,match_left,BMVZ,,negative,brown,✲tyrannisch✲,,negative,brown,0.4932,nonmatch,0.4773,1,0.38,0.5157,53.19511223049895
3,682,42,13,8,valence_classification,color_matching,matching,match_left,GKQX,,positive,brown,✲✲✲lachen✲✲✲,,positive,blue,0.4932,match,0.4055,1,0.3806,0.5163,53.280336849389826
3,683,43,13,8,valence_classification,color_matching,matching,match_left,GKQX,,positive,blue,✲✲✲helfen✲✲✲,,positive,brown,0.4932,nonmatch,0.4609,0,0.3812,0.5169,53.370419029619384
3,684,44,13,8,valence_classification,color_matching,matching,match_left,BMVZ,,negative,brown,✲✲ehrlich✲✲✲,,positive,brown,0.4932,match,0.4538,0,0.381,0.5167,53.34015954361243
3,685,45,13,8,valence_classification,color_matching,matching,match_left,GKQX,,positive,brown,✲✲✲lasch✲✲✲✲,,negative,blue,0.4932,nonmatch,0.4482,0,0.3808,0.5165,53.30940366027304
3,686,46,13,8,valence_classification,color_matching,matching,match_left,BMVZ,,negative,brown,✲✲✲eitel✲✲✲✲,,negative,brown,0.4932,match,0.5446,0,0.3806,0.5163,53.278084881173925
3,687,47,13,8,valence_classification,color_matching,matching,match_left,GKQX,,positive,brown,✲✲hindern✲✲✲,,negative,brown,0.4932,match,0.5669,0,0.3803,0.516,53.24675209633899
3,688,48,13,8,valence_classification,color_matching,matching,match_left,GKQX,,positive,blue,✲✲✲schön✲✲✲✲,,positive,blue,0.4932,nonmatch,0.5947,1,0.3801,0.5159,53.2197264442981
3,689,49,13,8,valence_classification,color_matching,matching,match_left,BMVZ,,negative,blue,✲✲✲lasch✲✲✲✲,,negative,brown,0.496,nonmatch,0.4001,0,0.3808,0.5165,53.306906875637345
3,690,50,13,8,valence_classification,color_matching,matching,match_left,GKQX,,positive,blue,✲✲✲✲tot✲✲✲✲✲,,negative,blue,0.4932,match,0.4047,0,0.3805,0.5163,53.27586259171328
3,691,51,13,8,valence_classification,color_matching,matching,match_left,BMVZ,,negative,blue,✲✲strafen✲✲✲,,negative,blue,0.4932,match,0.4128,0,0.3803,0.516,53.24511781429695
3,692,52,13,8,valence_classification,color_matching,matching,match_left,GKQX,,positive,brown,✲✲hindern✲✲✲,,negative,brown,0.4932,match,0.5583,0,0.3801,0.5158,53.21840674102034
3,693,53,13,8,valence_classification,color_matching,matching,match_left,BMVZ,,negative,brown,✲✲✲lasch✲✲✲✲,,negative,blue,0.4932,nonmatch,0.4705,0,0.3799,0.5157,53.19204378578503
3,694,54,13,8,valence_classification,color_matching,matching,match_left,BMVZ,,negative,brown,✲✲✲schlau✲✲✲,,positive,brown,0.4937,match,0.4997,0,0.3798,0.5155,53.16597588878843
3,695,55,13,8,valence_classification,color_matching,matching,match_left,BMVZ,,negative,blue,✲✲✲lachen✲✲✲,,positive,brown,0.4932,match,0.3822,1,0.3796,0.5153,53.14015128895071
3,696,56,13,8,valence_classification,color_matching,matching,match_left,BMVZ,,negative,brown,✲✲hindern✲✲✲,,negative,blue,0.4932,nonmatch,0.4251,0,0.3801,0.5158,53.21710531741318
3,697,57,13,8,valence_classification,color_matching,matching,match_left,BMVZ,,negative,brown,✲freundlich✲,,positive,brown,0.4932,nonmatch,0.4037,1,0.3799,0.5157,53.19104408241899
3,698,58,13,8,valence_classification,color_matching,matching,match_left,GKQX,,positive,brown,✲✲✲✲tot✲✲✲✲✲,,negative,blue,0.4932,nonmatch,0.4251,0,0.3805,0.5162,53.27150401839074
3,699,59,13,8,valence_classification,color_matching,matching,match_left,BMVZ,,negative,brown,✲✲✲✲tot✲✲✲✲✲,,negative,brown,0.4932,match,0.3896,0,0.3803,0.516,53.24192438309597
3,700,60,13,8,valence_classification,color_matching,matching,match_left,GKQX,,positive,blue,✲tyrannisch✲,,negative,blue,0.4932,nonmatch,0.4971,1,0.3801,0.5158,53.215821833196
3,701,61,13,8,valence_classification,color_matching,matching,match_left,GKQX,,positive,blue,✲tyrannisch✲,,negative,brown,0.4932,match,0.4323,1,0.3807,0.5164,53.299625618538265
3,702,62,13,8,valence_classification,color_matching,matching,match_left,GKQX,,positive,blue,✲✲schroff✲✲✲,,negative,brown,0.4932,nonmatch,0.4222,0,0.3813,0.517,53.38418472282843
3,703,63,13,8,valence_classification,color_matching,matching,match_left,BMVZ,,negative,blue,✲✲✲retten✲✲✲,,positive,blue,0.4932,match,0.4932,0,0.3811,0.5168,53.355669735062726
3,704,64,13,8,valence_classification,color_matching,matching,match_left,BMVZ,,negative,blue,✲✲schroff✲✲✲,,negative,blue,0.4934,match,0.4539,0,0.3809,0.5166,53.326716298603976
3,705,1,14,9,valence_classification,color_matching,matching,match_left,lasch,,negative,brown,✲freundlich✲,,positive,blue,0.5421,nonmatch,0.8115,0,0.3807,0.5164,53.297265139939896
3,706,2,14,9,valence_classification,color_matching,matching,match_left,retten,,positive,brown,✲✲✲eitel✲✲✲✲,,negative,brown,0.4932,match,0.6031,0,0.3805,0.5162,53.267255297679945
3,707,3,14,9,valence_classification,color_matching,matching,match_left,fair,,positive,blue,✲✲✲retten✲✲✲,,positive,blue,0.4932,match,0.4772,0,0.3803,0.516,53.238827419005574
3,708,4,14,9,valence_classification,color_matching,matching,match_left,ehrlich,,positive,blue,✲✲✲schlau✲✲✲,,positive,brown,0.4932,nonmatch,0.4251,0,0.3801,0.5158,53.21330734736743
3,709,5,14,9,valence_classification,color_matching,matching,match_left,fair,,positive,blue,✲tyrannisch✲,,negative,blue,0.4932,match,0.448,0,0.3799,0.5156,53.188112659601885
3,710,6,14,9,valence_classification,color_matching,matching,match_left,lasch,,negative,blue,✲✲✲schön✲✲✲✲,,positive,brown,0.4932,nonmatch,0.4036,0,0.3797,0.5155,53.163194750758436
3,711,7,14,9,valence_classification,color_matching,matching,match_left,retten,,positive,brown,✲✲✲helfen✲✲✲,,positive,blue,0.4933,nonmatch,0.4337,0,0.3796,0.5153,53.13850618025583
3,712,8,14,9,valence_classification,color_matching,matching,match_left,hindern,,negative,brown,✲tyrannisch✲,,negative,brown,0.4965,nonmatch,0.4268,1,0.3794,0.5151,53.114000491021166
3,713,9,14,9,valence_classification,color_matching,matching,match_left,lachen,,positive,brown,✲✲✲✲fair✲✲✲✲,,positive,blue,0.4932,nonmatch,0.4471,0,0.3799,0.5156,53.18715766033133
3,714,10,14,9,valence_classification,color_matching,matching,match_left,leiden,,negative,brown,✲✲✲retten✲✲✲,,positive,brown,0.4932,match,0.5239,0,0.3797,0.5154,53.1625121041402
3,715,11,14,9,valence_classification,color_matching,matching,match_left,helfen,,positive,brown,✲✲✲retten✲✲✲,,positive,brown,0.4932,match,0.4251,0,0.3796,0.5153,53.13809257815946
3,716,12,14,9,valence_classification,color_matching,matching,match_left,helfen,,positive,brown,✲✲strafen✲✲✲,,negative,brown,0.4932,match,0.3845,0,0.3794,0.5151,53.11385359627645
3,717,13,14,9,valence_classification,color_matching,matching,match_left,lachen,,positive,blue,✲✲✲✲fair✲✲✲✲,,positive,brown,0.4932,nonmatch,0.3975,0,0.3792,0.5149,53.089750462256774
3,718,14,14,9,valence_classification,color_matching,matching,match_left,freundlich,,positive,blue,✲✲ehrlich✲✲✲,,positive,brown,0.4932,nonmatch,0.4494,0,0.379,0.5148,53.065739106729325
3,719,15,14,9,valence_classification,color_matching,matching,match_left,schön,,positive,brown,✲✲schroff✲✲✲,,negative,brown,0.4932,match,0.3267,0,0.3789,0.5146,53.04177592883254
3,720,16,14,9,valence_classification,color_matching,matching,match_left,schroff,,negative,blue,✲✲✲lasch✲✲✲✲,,negative,brown,0.4932,nonmatch,0.4186,0,0.3787,0.5144,53.01781764163594
3,721,17,14,9,valence_classification,color_matching,matching,match_left,ehrlich,,positive,blue,✲✲✲✲tot✲✲✲✲✲,,negative,blue,0.4932,match,0.4332,0,0.3785,0.5142,52.99382112048925
3,722,18,14,9,valence_classification,color_matching,matching,match_left,schroff,,negative,brown,✲✲✲helfen✲✲✲,,positive,brown,0.4932,match,0.5262,0,0.3784,0.5141,52.96974325348439
3,723,19,14,9,valence_classification,color_matching,matching,match_left,lachen,,positive,brown,✲✲✲lasch✲✲✲✲,,negative,blue,0.4932,nonmatch,0.4879,0,0.3782,0.5139,52.94569931543407
3,724,20,14,9,valence_classification,color_matching,matching,match_left,schroff,,negative,brown,✲✲✲✲tot✲✲✲✲✲,,negative,blue,0.4932,nonmatch,0.4129,0,0.378,0.5137,52.921479273636635
3,725,21,14,9,valence_classification,color_matching,matching,match_left,strafen,,negative,blue,✲✲✲lachen✲✲✲,,positive,brown,0.4932,match,0.3629,1,0.3778,0.5136,52.897039885065574
3,726,22,14,9,valence_classification,color_matching,matching,match_left,retten,,positive,blue,✲✲✲helfen✲✲✲,,positive,blue,0.4961,match,0.3846,0,0.3783,0.514,52.966057637647744
3,727,23,14,9,valence_classification,color_matching,matching,match_left,hindern,,negative,brown,✲✲ehrlich✲✲✲,,positive,blue,0.4932,nonmatch,0.4324,0,0.3782,0.5139,52.94221603732262
3,728,24,14,9,valence_classification,color_matching,matching,match_left,tot,,negative,blue,✲✲✲helfen✲✲✲,,positive,blue,0.4932,match,0.6463,0,0.378,0.5137,52.918194072429316
3,729,25,14,9,valence_classification,color_matching,matching,match_left,strafen,,negative,brown,✲✲✲eitel✲✲✲✲,,negative,blue,0.4932,nonmatch,0.4473,0,0.3778,0.5135,52.89394919649288
3,730,26,14,9,valence_classification,color_matching,matching,match_left,retten,,positive,blue,✲✲✲eitel✲✲✲✲,,negative,brown,0.4932,match,0.4109,1,0.3776,0.5134,52.86943822069819
3,731,27,14,9,valence_classification,color_matching,matching,match_left,lachen,,positive,blue,✲✲✲leiden✲✲✲,,negative,blue,0.4932,match,0.4609,0,0.3781,0.5138,52.93878720663907
3,732,28,14,9,valence_classification,color_matching,matching,match_left,hindern,,negative,brown,✲✲✲✲fair✲✲✲✲,,positive,brown,0.4932,match,0.5208,0,0.378,0.5137,52.91495888459417
3,733,29,14,9,valence_classification,color_matching,matching,match_left,tot,,negative,brown,✲✲✲leiden✲✲✲,,negative,blue,0.4932,nonmatch,0.4182,0,0.3778,0.5135,52.890904220437896
3,734,30,14,9,valence_classification,color_matching,matching,match_left,schön,,positive,brown,✲✲✲schlau✲✲✲,,positive,brown,0.4932,match,0.4714,0,0.3776,0.5133,52.86658069397815
3,735,31,14,9,valence_classification,color_matching,matching,match_left,fair,,positive,brown,✲✲hindern✲✲✲,,negative,blue,0.4932,nonmatch,0.4323,0,0.3774,0.5132,52.84194499579486
3,736,32,14,9,valence_classification,color_matching,matching,match_left,leiden,,negative,brown,✲✲✲retten✲✲✲,,positive,brown,0.4932,nonmatch,0.3987,1,0.3773,0.513,52.81695288439488
3,737,33,14,9,valence_classification,color_matching,matching,match_left,ehrlich,,positive,blue,✲✲hindern✲✲✲,,negative,brown,0.4932,nonmatch,0.2991,0,0.3778,0.5135,52.88790375632897
3,738,34,14,9,valence_classification,color_matching,matching,match_left,tyrannisch,,negative,brown,✲✲✲eitel✲✲✲✲,,negative,brown,0.4932,nonmatch,0.3725,1,0.3776,0.5133,52.86376361528109
3,739,35,14,9,valence_classification,color_matching,matching,match_left,schlau,,positive,brown,✲freundlich✲,,positive,brown,0.4932,match,0.3357,0,0.3781,0.5138,52.9320870829375
3,740,36,14,9,valence_classification,color_matching,matching,match_left,freundlich,,positive,brown,✲✲schroff✲✲✲,,negative,brown,0.4932,match,0.4933,0,0.3779,0.5136,52.908633276834905
3,741,37,14,9,valence_classification,color_matching,matching,match_left,leiden,,negative,blue,✲✲strafen✲✲✲,,negative,blue,0.4932,match,0.4405,0,0.3777,0.5135,52.88494664421436
3,742,38,14,9,valence_classification,color_matching,matching,match_left,lasch,,negative,brown,✲✲hindern✲✲✲,,negative,blue,0.4932,match,0.4115,1,0.3776,0.5133,52.8609859440305
3,743,39,14,9,valence_classification,color_matching,matching,match_left,schön,,positive,blue,✲freundlich✲,,positive,blue,0.4932,match,0.4537,0,0.3781,0.5138,52.92881301265348
3,744,40,14,9,valence_classification,color_matching,matching,match_left,fair,,positive,blue,✲✲ehrlich✲✲✲,,positive,blue,0.4932,match,0.3531,0,0.3779,0.5136,52.905540332937576
3,745,41,14,9,valence_classification,color_matching,matching,match_left,leiden,,negative,brown,✲✲hindern✲✲✲,,negative,brown,0.4932,match,0.6664,0,0.3777,0.5134,52.88203176307056
3,746,42,14,9,valence_classification,color_matching,matching,match_left,eitel,,negative,blue,✲✲ehrlich✲✲✲,,positive,blue,0.4932,match,0.4967,0,0.3776,0.5133,52.858246674023
3,747,43,14,9,valence_classification,color_matching,matching,match_left,schlau,,positive,blue,✲✲✲leiden✲✲✲,,negative,brown,0.4932,nonmatch,0.4275,0,0.3774,0.5131,52.834143639606275
3,748,44,14,9,valence_classification,color_matching,matching,match_left,eitel,,negative,blue,✲✲✲lasch✲✲✲✲,,negative,blue,0.4932,match,0.5536,0,0.3772,0.5129,52.80968030322792
3,749,45,14,9,valence_classification,color_matching,matching,match_left,schlau,,positive,blue,✲✲✲schön✲✲✲✲,,positive,brown,0.4932,nonmatch,0.5958,0,0.377,0.5127,52.78481324114631
3,750,46,14,9,valence_classification,color_matching,matching,match_left,tyrannisch,,negative,brown,✲✲✲✲fair✲✲✲✲,,positive,blue,0.4932,nonmatch,0.3822,0,0.3769,0.5126,52.759497821601926
3,751,47,14,9,valence_classification,color_matching,matching,match_left,freundlich,,positive,brown,✲✲✲schön✲✲✲✲,,positive,blue,0.4932,nonmatch,0.4832,0,0.3767,0.5124,52.73368805918718
3,752,48,14,9,valence_classification,color_matching,matching,match_left,ehrlich,,positive,brown,✲✲✲lachen✲✲✲,,positive,blue,0.4932,nonmatch,0.3745,0,0.3765,0.5122,52.709557495521
3,753,49,14,9,valence_classification,color_matching,matching,match_left,tot,,negative,brown,✲✲schroff✲✲✲,,negative,brown,0.4932,match,0.4259,0,0.3763,0.5121,52.6878440785006
3,754,50,14,9,valence_classification,color_matching,matching,match_left,schroff,,negative,brown,✲freundlich✲,,positive,blue,0.4932,nonmatch,0.4718,0,0.3762,0.5119,52.666413043737585
3,755,51,14,9,valence_classification,color_matching,matching,match_left,tyrannisch,,negative,blue,✲✲strafen✲✲✲,,negative,blue,0.4932,match,0.5798,0,0.376,0.5118,52.645228545423485
3,756,52,14,9,valence_classification,color_matching,matching,match_left,tyrannisch,,negative,blue,✲✲✲schön✲✲✲✲,,positive,blue,0.4932,match,0.5327,0,0.3759,0.5116,52.62425559222036
3,757,53,14,9,valence_classification,color_matching,matching,match_left,eitel,,negative,blue,✲✲✲schlau✲✲✲,,positive,brown,0.4932,nonmatch,0.6352,0,0.3757,0.5115,52.60345993233592
3,758,54,14,9,valence_classification,color_matching,matching,match_left,helfen,,positive,blue,✲tyrannisch✲,,negative,brown,0.4932,nonmatch,0.4823,0,0.3756,0.5113,52.58280794281277
3,759,55,14,9,valence_classification,color_matching,matching,match_left,strafen,,negative,blue,✲✲✲schlau✲✲✲,,positive,blue,0.4932,nonmatch,0.629,1,0.3754,0.5112,52.56226652246801
3,760,56,14,9,valence_classification,color_matching,matching,match_left,hindern,,negative,blue,✲✲✲leiden✲✲✲,,negative,brown,0.4932,nonmatch,0.4277,0,0.3759,0.5116,52.623692088317696
3,761,57,14,9,valence_classification,color_matching,matching,match_left,strafen,,negative,blue,✲✲✲✲tot✲✲✲✲✲,,negative,brown,0.4932,match,0.5571,1,0.3757,0.5115,52.603091831493394
3,762,58,14,9,valence_classification,color_matching,matching,match_left,eitel,,negative,blue,✲tyrannisch✲,,negative,brown,0.4932,nonmatch,0.5518,0,0.3762,0.5119,52.66450121240463
3,763,59,14,9,valence_classification,color_matching,matching,match_left,schön,,positive,blue,✲✲✲✲tot✲✲✲✲✲,,negative,blue,0.4932,match,0.4324,0,0.376,0.5117,52.64371386495793
3,764,60,14,9,valence_classification,color_matching,matching,match_left,schlau,,positive,brown,✲✲✲lasch✲✲✲✲,,negative,blue,0.4932,nonmatch,0.4716,0,0.3759,0.5116,52.6231325346789
3,765,61,14,9,valence_classification,color_matching,matching,match_left,freundlich,,positive,brown,✲✲strafen✲✲✲,,negative,blue,0.4932,nonmatch,0.4501,0,0.3757,0.5114,52.60272418566219
3,766,62,14,9,valence_classification,color_matching,matching,match_left,tot,,negative,blue,✲✲✲lachen✲✲✲,,positive,brown,0.4932,nonmatch,0.4291,0,0.3756,0.5113,52.58245638409688
3,767,63,14,9,valence_classification,color_matching,matching,match_left,helfen,,positive,brown,✲✲✲lachen✲✲✲,,positive,brown,0.4932,match,0.4109,0,0.3754,0.5112,52.56229719683075
3,768,64,14,9,valence_classification,color_matching,matching,match_left,lasch,,negative,blue,✲✲schroff✲✲✲,,negative,blue,0.4932,match,0.5722,0,0.3753,0.511,52.542215092866634
3,769,1,15,10,valence_classification,color_matching,matching,match_left,tyrannisch,,negative,brown,✲✲ehrlich✲✲✲,,positive,blue,0.4932,nonmatch,0.4931,0,0.3752,0.5109,52.52217884731741
3,770,2,15,10,valence_classification,color_matching,matching,match_left,eitel,,negative,blue,✲✲✲✲tot✲✲✲✲✲,,negative,brown,0.4932,nonmatch,0.4007,0,0.375,0.5107,52.502157447365974
3,771,3,15,10,valence_classification,color_matching,matching,match_left,ehrlich,,positive,blue,✲✲✲eitel✲✲✲✲,,negative,blue,0.4932,match,0.4115,0,0.3749,0.5106,52.482119999794236
3,772,4,15,10,valence_classification,color_matching,matching,match_left,freundlich,,positive,blue,✲✲strafen✲✲✲,,negative,brown,0.4932,nonmatch,0.5116,0,0.3747,0.5104,52.46203563965953
3,773,5,15,10,valence_classification,color_matching,matching,match_left,fair,,positive,blue,✲✲✲schön✲✲✲✲,,positive,blue,0.4932,match,0.4895,0,0.3746,0.5103,52.44187343970861
3,774,6,15,10,valence_classification,color_matching,matching,match_left,schlau,,positive,blue,✲✲✲lachen✲✲✲,,positive,brown,0.4932,nonmatch,0.4824,0,0.3744,0.5102,52.42173603801567
3,775,7,15,10,valence_classification,color_matching,matching,match_left,ehrlich,,positive,brown,✲freundlich✲,,positive,blue,0.4932,nonmatch,0.3894,0,0.3743,0.51,52.40145294924585
3,776,8,15,10,valence_classification,color_matching,matching,match_left,leiden,,negative,brown,✲freundlich✲,,positive,blue,0.4932,nonmatch,0.4038,0,0.3741,0.5099,52.38099304060235
3,777,9,15,10,valence_classification,color_matching,matching,match_left,helfen,,positive,brown,✲✲✲retten✲✲✲,,positive,brown,0.4932,match,0.4038,0,0.374,0.5097,52.36032472223009
3,778,10,15,10,valence_classification,color_matching,matching,match_left,lachen,,positive,brown,✲✲hindern✲✲✲,,negative,blue,0.4932,nonmatch,0.4413,0,0.3739,0.5096,52.339415856539944
3,779,11,15,10,valence_classification,color_matching,matching,match_left,schlau,,positive,brown,✲✲✲✲tot✲✲✲✲✲,,negative,brown,0.4932,nonmatch,0.4036,1,0.3737,0.5094,52.31823366570932
3,780,12,15,10,valence_classification,color_matching,matching,match_left,schön,,positive,brown,✲✲✲leiden✲✲✲,,negative,blue,0.4932,nonmatch,0.3965,0,0.3741,0.5098,52.3782664322911
3,781,13,15,10,valence_classification,color_matching,matching,match_left,retten,,positive,blue,✲✲✲eitel✲✲✲✲,,negative,blue,0.4932,match,0.412,0,0.374,0.5097,52.35773132243157
3,782,14,15,10,valence_classification,color_matching,matching,match_left,retten,,positive,blue,✲✲✲schön✲✲✲✲,,positive,brown,0.4932,nonmatch,0.4258,0,0.3738,0.5095,52.33695368975224
3,783,15,15,10,valence_classification,color_matching,matching,match_left,schroff,,negative,blue,✲✲✲retten✲✲✲,,positive,blue,0.4932,match,0.4417,0,0.3737,0.5094,52.315901162465316
3,784,16,15,10,valence_classification,color_matching,matching,match_left,schroff,,negative,blue,✲✲✲schön✲✲✲✲,,positive,blue,0.4932,match,0.613,0,0.3735,0.5092,52.29454063438665
3,785,17,15,10,valence_classification,color_matching,matching,match_left,hindern,,negative,blue,✲✲✲schlau✲✲✲,,positive,brown,0.4985,nonmatch,0.4759,0,0.3734,0.5091,52.27283816948381
3,786,18,15,10,valence_classification,color_matching,matching,match_left,freundlich,,positive,brown,✲✲strafen✲✲✲,,negative,blue,0.4932,nonmatch,0.3965,0,0.3732,0.5089,52.250758903454646
3,787,19,15,10,valence_classification,color_matching,matching,match_left,ehrlich,,positive,brown,✲✲schroff✲✲✲,,negative,brown,0.4932,nonmatch,0.3248,1,0.3731,0.5088,52.22826694193675
3,788,20,15,10,valence_classification,color_matching,matching,match_left,eitel,,negative,blue,✲freundlich✲,,positive,brown,0.4932,nonmatch,0.4483,0,0.3735,0.5092,52.292361390655806
3,789,21,15,10,valence_classification,color_matching,matching,match_left,eitel,,negative,blue,✲✲✲lachen✲✲✲,,positive,brown,0.4932,nonmatch,0.4044,0,0.3734,0.5091,52.27078426440405
3,790,22,15,10,valence_classification,color_matching,matching,match_left,lasch,,negative,blue,✲✲✲✲fair✲✲✲✲,,positive,blue,0.4932,match,0.3834,0,0.3732,0.5089,52.24883002166338
3,791,23,15,10,valence_classification,color_matching,matching,match_left,ehrlich,,positive,blue,✲✲✲retten✲✲✲,,positive,blue,0.4932,match,0.3628,0,0.373,0.5088,52.226463177520536
3,792,24,15,10,valence_classification,color_matching,matching,match_left,helfen,,positive,blue,✲✲✲lasch✲✲✲✲,,negative,brown,0.4933,nonmatch,0.4394,0,0.3729,0.5086,52.203647119462694
3,793,25,15,10,valence_classification,color_matching,matching,match_left,eitel,,negative,brown,✲tyrannisch✲,,negative,brown,0.4932,match,0.5345,0,0.3727,0.5085,52.18311573678481
3,794,26,15,10,valence_classification,color_matching,matching,match_left,hindern,,negative,blue,✲✲✲eitel✲✲✲✲,,negative,blue,0.4932,match,0.5458,0,0.3726,0.5083,52.16417467677361
3,795,27,15,10,valence_classification,color_matching,matching,match_left,retten,,positive,blue,✲freundlich✲,,positive,blue,0.4932,match,0.5963,0,0.3725,0.5082,52.1454804491556
3,796,28,15,10,valence_classification,color_matching,matching,match_left,schroff,,negative,brown,✲✲strafen✲✲✲,,negative,blue,0.4939,nonmatch,0.6433,0,0.3723,0.5081,52.12700529597332
3,797,29,15,10,valence_classification,color_matching,matching,match_left,schön,,positive,blue,✲✲✲lasch✲✲✲✲,,negative,brown,0.4932,nonmatch,0.4406,0,0.3722,0.5079,52.108722108035046
3,798,30,15,10,valence_classification,color_matching,matching,match_left,freundlich,,positive,brown,✲✲✲helfen✲✲✲,,positive,brown,0.4932,match,0.5342,0,0.3721,0.5078,52.090604346456956
3,799,31,15,10,valence_classification,color_matching,matching,match_left,strafen,,negative,brown,✲✲✲helfen✲✲✲,,positive,blue,0.4932,nonmatch,0.4323,0,0.3719,0.5077,52.07262596697413
3,800,32,15,10,valence_classification,color_matching,matching,match_left,strafen,,negative,blue,✲✲✲leiden✲✲✲,,negative,brown,0.4932,nonmatch,0.4393,0,0.3718,0.5075,52.05476134668116
3,801,33,15,10,valence_classification,color_matching,matching,match_left,schön,,positive,blue,✲✲✲lachen✲✲✲,,positive,brown,0.4937,nonmatch,0.4538,0,0.3717,0.5074,52.03698521288009
3,802,34,15,10,valence_classification,color_matching,matching,match_left,tyrannisch,,negative,blue,✲✲strafen✲✲✲,,negative,brown,0.4932,nonmatch,0.3486,0,0.3716,0.5073,52.01927257372804
3,803,35,15,10,valence_classification,color_matching,matching,match_left,retten,,positive,brown,✲✲✲leiden✲✲✲,,negative,blue,0.4932,nonmatch,0.4355,0,0.3714,0.5072,52.00159865038929
3,804,36,15,10,valence_classification,color_matching,matching,match_left,lachen,,positive,blue,✲✲✲schlau✲✲✲,,positive,blue,0.4932,match,0.3771,0,0.3713,0.507,51.983938810408475
3,805,37,15,10,valence_classification,color_matching,matching,match_left,lasch,,negative,blue,✲✲✲leiden✲✲✲,,negative,blue,0.4932,match,0.4331,0,0.3712,0.5069,51.9662685020298
3,806,38,15,10,valence_classification,color_matching,matching,match_left,leiden,,negative,brown,✲✲✲lasch✲✲✲✲,,negative,brown,0.4932,match,0.5428,0,0.3711,0.5068,51.94856318919583
3,807,39,15,10,valence_classification,color_matching,matching,match_left,tot,,negative,blue,✲✲✲schön✲✲✲✲,,positive,blue,0.4959,match,0.3991,0,0.3709,0.5066,51.93079828696552
3,808,40,15,10,valence_classification,color_matching,matching,match_left,lachen,,positive,blue,✲tyrannisch✲,,negative,brown,0.496,nonmatch,0.5138,0,0.3708,0.5065,51.913069000082345
3,809,41,15,10,valence_classification,color_matching,matching,match_left,leiden,,negative,brown,✲✲✲✲fair✲✲✲✲,,positive,brown,0.4932,match,0.4362,0,0.3707,0.5064,51.89522621252125
3,810,42,15,10,valence_classification,color_matching,matching,match_left,leiden,,negative,brown,✲✲hindern✲✲✲,,negative,blue,0.4932,nonmatch,0.4251,0,0.3706,0.5063,51.877245235520796
3,811,43,15,10,valence_classification,color_matching,matching,match_left,schön,,positive,brown,✲✲✲helfen✲✲✲,,positive,brown,0.4932,nonmatch,0.5311,1,0.3704,0.5061,51.85910104974511
3,812,44,15,10,valence_classification,color_matching,matching,match_left,tot,,negative,brown,✲tyrannisch✲,,negative,brown,0.4932,match,0.4896,0,0.3708,0.5065,51.91031089358451
3,813,45,15,10,valence_classification,color_matching,matching,match_left,fair,,positive,brown,✲✲✲schlau✲✲✲,,positive,blue,0.4932,nonmatch,0.4251,0,0.3707,0.5064,51.892577673142455
3,814,46,15,10,valence_classification,color_matching,matching,match_left,lachen,,positive,brown,✲✲✲✲fair✲✲✲✲,,positive,brown,0.4932,match,0.447,0,0.3705,0.5062,51.87470377189774
3,815,47,15,10,valence_classification,color_matching,matching,match_left,lasch,,negative,blue,✲✲✲✲tot✲✲✲✲✲,,negative,brown,0.496,nonmatch,0.4268,0,0.3704,0.5061,51.85666446022524
3,816,48,15,10,valence_classification,color_matching,matching,match_left,lasch,,negative,brown,✲✲✲retten✲✲✲,,positive,blue,0.4961,nonmatch,0.37,0,0.3703,0.506,51.8384346101433
3,817,49,15,10,valence_classification,color_matching,matching,match_left,freundlich,,positive,blue,✲✲✲✲fair✲✲✲✲,,positive,brown,0.4932,nonmatch,0.4394,0,0.3701,0.5059,51.81998863056938
3,818,50,15,10,valence_classification,color_matching,matching,match_left,tot,,negative,brown,✲✲hindern✲✲✲,,negative,blue,0.4932,nonmatch,0.4502,0,0.37,0.5057,51.801300401103894
3,819,51,15,10,valence_classification,color_matching,matching,match_left,tyrannisch,,negative,blue,✲✲schroff✲✲✲,,negative,blue,0.4932,match,0.3976,0,0.3699,0.5056,51.78234320409739
3,820,52,15,10,valence_classification,color_matching,matching,match_left,strafen,,negative,brown,✲✲ehrlich✲✲✲,,positive,brown,0.4932,match,0.4982,0,0.3697,0.5055,51.76308965474933
3,821,53,15,10,valence_classification,color_matching,matching,match_left,helfen,,positive,brown,✲✲ehrlich✲✲✲,,positive,blue,0.4932,nonmatch,0.4629,0,0.3696,0.5053,51.743511628980166
3,822,54,15,10,valence_classification,color_matching,matching,match_left,helfen,,positive,blue,✲✲schroff✲✲✲,,negative,blue,0.4932,match,0.4339,0,0.3695,0.5052,51.72358018880991
3,823,55,15,10,valence_classification,color_matching,matching,match_left,fair,,positive,brown,✲tyrannisch✲,,negative,brown,0.4932,nonmatch,0.4466,1,0.3693,0.505,51.70326550496653
3,824,56,15,10,valence_classification,color_matching,matching,match_left,hindern,,negative,blue,✲✲✲lachen✲✲✲,,positive,brown,0.4932,nonmatch,0.4267,0,0.3697,0.5054,51.761173182397556
3,825,57,15,10,valence_classification,color_matching,matching,match_left,fair,,positive,blue,✲✲✲✲tot✲✲✲✲✲,,negative,blue,0.4932,match,0.5517,0,0.3696,0.5053,51.741691107529945
3,826,58,15,10,valence_classification,color_matching,matching,match_left,tot,,negative,brown,✲✲✲helfen✲✲✲,,positive,brown,0.4932,nonmatch,0.435,1,0.3694,0.5052,51.72185543803805
3,827,59,15,10,valence_classification,color_matching,matching,match_left,tyrannisch,,negative,brown,✲✲✲schlau✲✲✲,,positive,brown,0.4932,nonmatch,0.4282,1,0.3698,0.5056,51.778337515419885
3,828,60,15,10,valence_classification,color_matching,matching,match_left,schlau,,positive,brown,✲✲hindern✲✲✲,,negative,brown,0.4932,match,0.4129,0,0.3702,0.5059,51.83158684172961
3,829,61,15,10,valence_classification,color_matching,matching,match_left,strafen,,negative,brown,✲✲✲lasch✲✲✲✲,,negative,blue,0.4932,nonmatch,0.4253,0,0.3701,0.5058,51.81343404762278
3,830,62,15,10,valence_classification,color_matching,matching,match_left,schroff,,negative,brown,✲✲✲eitel✲✲✲✲,,negative,brown,0.4932,match,0.4537,0,0.37,0.5057,51.79503520077525
3,831,63,15,10,valence_classification,color_matching,matching,match_left,schlau,,positive,brown,✲✲ehrlich✲✲✲,,positive,blue,0.4932,nonmatch,0.5421,0,0.3698,0.5055,51.77636439885321
3,832,64,15,10,valence_classification,color_matching,matching,match_left,hindern,,negative,blue,✲✲schroff✲✲✲,,negative,blue,0.4932,match,0.5516,0,0.3697,0.5054,51.75739507737039
3,833,1,16,11,valence_classification,color_matching,matching,match_left,schlau,,positive,blue,✲✲ehrlich✲✲✲,,positive,brown,0.4932,nonmatch,0.528,0,0.3696,0.5053,51.73809994094648
3,834,2,16,11,valence_classification,color_matching,matching,match_left,fair,,positive,blue,✲✲✲schön✲✲✲✲,,positive,brown,0.4932,nonmatch,0.4544,0,0.3694,0.5051,51.71845089214103
3,835,3,16,11,valence_classification,color_matching,matching,match_left,freundlich,,positive,brown,✲✲✲eitel✲✲✲✲,,negative,brown,0.4932,nonmatch,0.4544,1,0.3693,0.505,51.69841895760375
3,836,4,16,11,valence_classification,color_matching,matching,match_left,lasch,,negative,blue,✲✲schroff✲✲✲,,negative,brown,0.4932,nonmatch,0.4049,0,0.3697,0.5054,51.7555327127282
3,837,5,16,11,valence_classification,color_matching,matching,match_left,lasch,,negative,blue,✲✲✲✲tot✲✲✲✲✲,,negative,blue,0.4932,match,0.4251,0,0.3695,0.5053,51.7363286367704
3,838,6,16,11,valence_classification,color_matching,matching,match_left,lasch,,negative,brown,✲✲✲helfen✲✲✲,,positive,brown,0.4935,nonmatch,0.4069,1,0.3694,0.5051,51.71677050976415
3,839,7,16,11,valence_classification,color_matching,matching,match_left,strafen,,negative,blue,✲✲ehrlich✲✲✲,,positive,blue,0.4932,match,0.3751,0,0.3698,0.5055,51.772475630967186
3,840,8,16,11,valence_classification,color_matching,matching,match_left,ehrlich,,positive,brown,✲tyrannisch✲,,negative,blue,0.4932,nonmatch,0.4394,0,0.3697,0.5054,51.753687667190526
3,841,9,16,11,valence_classification,color_matching,matching,match_left,freundlich,,positive,brown,✲✲✲leiden✲✲✲,,negative,brown,0.4932,nonmatch,0.4474,1,0.3695,0.5052,51.734573092714726
3,842,10,16,11,valence_classification,color_matching,matching,match_left,lachen,,positive,blue,✲✲✲eitel✲✲✲✲,,negative,brown,0.4932,nonmatch,0.4394,0,0.3699,0.5056,51.78895836681118
3,843,11,16,11,valence_classification,color_matching,matching,match_left,helfen,,positive,blue,✲✲schroff✲✲✲,,negative,brown,0.4933,nonmatch,0.4468,0,0.3698,0.5055,51.770559213511916
3,844,12,16,11,valence_classification,color_matching,matching,match_left,ehrlich,,positive,brown,✲✲✲retten✲✲✲,,positive,brown,0.4932,match,0.4499,0,0.3697,0.5054,51.75185959710728
3,845,13,16,11,valence_classification,color_matching,matching,match_left,hindern,,negative,brown,✲✲✲retten✲✲✲,,positive,brown,0.4932,match,0.4129,0,0.3695,0.5052,51.732832999003335
3,846,14,16,11,valence_classification,color_matching,matching,match_left,schroff,,negative,blue,✲✲✲lasch✲✲✲✲,,negative,brown,0.4932,nonmatch,0.4895,0,0.3694,0.5051,51.71345211026529
3,847,15,16,11,valence_classification,color_matching,matching,match_left,retten,,positive,blue,✲tyrannisch✲,,negative,blue,0.4932,match,0.4975,0,0.3692,0.505,51.69368876104105
3,848,16,16,11,valence_classification,color_matching,matching,match_left,tyrannisch,,negative,blue,✲✲✲schlau✲✲✲,,positive,brown,0.4932,nonmatch,0.4926,0,0.3691,0.5048,51.67402267512963
3,849,17,16,11,valence_classification,color_matching,matching,match_left,fair,,positive,brown,✲✲✲✲tot✲✲✲✲✲,,negative,blue,0.4932,nonmatch,0.443,0,0.369,0.5047,51.65747101722251
3,850,18,16,11,valence_classification,color_matching,matching,match_left,retten,,positive,brown,✲✲✲helfen✲✲✲,,positive,brown,0.4962,match,0.3965,0,0.3689,0.5046,51.64115012120866
3,851,19,16,11,valence_classification,color_matching,matching,match_left,schön,,positive,blue,✲✲✲lachen✲✲✲,,positive,blue,0.4932,match,0.5141,0,0.3688,0.5045,51.62503842795793
3,852,20,16,11,valence_classification,color_matching,matching,match_left,leiden,,negative,brown,✲✲hindern✲✲✲,,negative,blue,0.4932,nonmatch,0.4716,0,0.3686,0.5044,51.60911490623918
3,853,21,16,11,valence_classification,color_matching,matching,match_left,lachen,,positive,brown,✲✲✲helfen✲✲✲,,positive,blue,0.4933,nonmatch,0.4488,0,0.3685,0.5042,51.59335899895411
3,854,22,16,11,valence_classification,color_matching,matching,match_left,helfen,,positive,blue,✲✲✲retten✲✲✲,,positive,blue,0.4932,nonmatch,0.4494,1,0.3684,0.5041,51.5777505713154
3,855,23,16,11,valence_classification,color_matching,matching,match_left,ehrlich,,positive,brown,✲✲✲lachen✲✲✲,,positive,brown,0.4932,match,0.4466,0,0.3687,0.5045,51.62421086242737
3,856,24,16,11,valence_classification,color_matching,matching,match_left,hindern,,negative,blue,✲✲✲schön✲✲✲✲,,positive,brown,0.5028,nonmatch,0.4421,0,0.3686,0.5043,51.60840500471605
3,857,25,16,11,valence_classification,color_matching,matching,match_left,leiden,,negative,brown,✲tyrannisch✲,,negative,brown,0.4932,match,0.3568,0,0.3685,0.5042,51.592764970879045
3,858,26,16,11,valence_classification,color_matching,matching,match_left,tot,,negative,blue,✲✲✲lachen✲✲✲,,positive,blue,0.4932,nonmatch,0.418,1,0.3684,0.5041,51.57727090524181
3,859,27,16,11,valence_classification,color_matching,matching,match_left,fair,,positive,brown,✲✲ehrlich✲✲✲,,positive,brown,0.4932,match,0.4063,0,0.3687,0.5045,51.62339149159658
3,860,28,16,11,valence_classification,color_matching,matching,match_left,tot,,negative,brown,✲✲✲✲fair✲✲✲✲,,positive,brown,0.4932,match,0.384,0,0.3686,0.5043,51.607701676510565
3,861,29,16,11,valence_classification,color_matching,matching,match_left,schroff,,negative,blue,✲✲strafen✲✲✲,,negative,brown,0.508,match,0.506,1,0.3685,0.5042,51.5921759236122
3,862,30,16,11,valence_classification,color_matching,matching,match_left,hindern,,negative,brown,✲✲✲leiden✲✲✲,,negative,blue,0.4932,nonmatch,0.4466,0,0.3688,0.5046,51.638337599697344
3,863,31,16,11,valence_classification,color_matching,matching,match_left,hindern,,negative,blue,✲✲✲eitel✲✲✲✲,,negative,brown,0.4932,nonmatch,0.4567,0,0.3687,0.5044,51.622580195149176
3,864,32,16,11,valence_classification,color_matching,matching,match_left,schön,,positive,blue,✲✲hindern✲✲✲,,negative,brown,0.4932,nonmatch,0.5355,0,0.3686,0.5043,51.60700483451326
3,865,33,16,11,valence_classification,color_matching,matching,match_left,eitel,,negative,brown,✲✲schroff✲✲✲,,negative,blue,0.4932,nonmatch,0.5829,0,0.3685,0.5042,51.591591802651614
3,866,34,16,11,valence_classification,color_matching,matching,match_left,tot,,negative,brown,✲✲✲lasch✲✲✲✲,,negative,blue,0.4932,match,0.3965,1,0.3684,0.5041,51.576321785080914
3,867,35,16,11,valence_classification,color_matching,matching,match_left,schlau,,positive,brown,✲✲✲lasch✲✲✲✲,,negative,blue,0.4932,nonmatch,0.3251,0,0.3687,0.5044,51.62177685492299
3,868,36,16,11,valence_classification,color_matching,matching,match_left,strafen,,negative,brown,✲✲✲leiden✲✲✲,,negative,brown,0.4932,match,0.4408,0,0.3686,0.5043,51.60631439286895
3,869,37,16,11,valence_classification,color_matching,matching,match_left,lachen,,positive,brown,✲✲strafen✲✲✲,,negative,brown,0.4932,match,0.4143,0,0.3685,0.5042,51.59101255386398
3,870,38,16,11,valence_classification,color_matching,matching,match_left,tyrannisch,,negative,brown,✲✲hindern✲✲✲,,negative,brown,0.4932,match,0.3399,0,0.3684,0.5041,51.57585228580827
3,871,39,16,11,valence_classification,color_matching,matching,match_left,strafen,,negative,blue,✲tyrannisch✲,,negative,blue,0.4932,nonmatch,0.3894,1,0.3683,0.504,51.56081488427078
3,872,40,16,11,valence_classification,color_matching,matching,match_left,leiden,,negative,brown,✲freundlich✲,,positive,blue,0.4932,nonmatch,0.4339,0,0.3686,0.5043,51.60563026696901
3,873,41,16,11,valence_classification,color_matching,matching,match_left,tyrannisch,,negative,brown,✲✲✲eitel✲✲✲✲,,negative,brown,0.4932,match,0.4609,0,0.3685,0.5042,51.59043812350711
3,874,42,16,11,valence_classification,color_matching,matching,match_left,eitel,,negative,brown,✲✲✲schön✲✲✲✲,,positive,blue,0.4932,nonmatch,0.4632,0,0.3684,0.5041,51.57538612949024
3,875,43,16,11,valence_classification,color_matching,matching,match_left,helfen,,positive,blue,✲✲hindern✲✲✲,,negative,blue,0.4932,match,0.6374,0,0.3683,0.504,51.56045583178695
3,876,44,16,11,valence_classification,color_matching,matching,match_left,retten,,positive,blue,✲freundlich✲,,positive,blue,0.4932,match,0.468,0,0.3682,0.5039,51.545629075336876
3,877,45,16,11,valence_classification,color_matching,matching,match_left,schlau,,positive,blue,✲freundlich✲,,positive,blue,0.4932,match,0.4608,0,0.3681,0.5038,51.530887960564435
3,878,46,16,11,valence_classification,color_matching,matching,match_left,lasch,,negative,brown,✲✲✲lachen✲✲✲,,positive,brown,0.4932,match,0.5939,0,0.368,0.5037,51.51621480184521
3,879,47,16,11,valence_classification,color_matching,matching,match_left,leiden,,negative,blue,✲✲✲✲fair✲✲✲✲,,positive,brown,0.4965,nonmatch,0.5145,0,0.3679,0.5036,51.50159208687475
3,880,48,16,11,valence_classification,color_matching,matching,match_left,fair,,positive,blue,✲✲strafen✲✲✲,,negative,brown,0.4932,nonmatch,0.4831,0,0.3678,0.5035,51.48700243679678
3,881,49,16,11,valence_classification,color_matching,matching,match_left,freundlich,,positive,blue,✲✲✲schlau✲✲✲,,positive,brown,0.4932,nonmatch,0.7253,0,0.3677,0.5034,51.47242856695035
3,882,50,16,11,valence_classification,color_matching,matching,match_left,eitel,,negative,brown,✲✲✲schlau✲✲✲,,positive,blue,0.4932,nonmatch,0.5841,0,0.3676,0.5033,51.45785324810124
3,883,51,16,11,valence_classification,color_matching,matching,match_left,retten,,positive,blue,✲✲schroff✲✲✲,,negative,blue,0.4935,match,0.3928,0,0.3675,0.5032,51.44325926802494
3,884,52,16,11,valence_classification,color_matching,matching,match_left,schroff,,negative,brown,✲✲ehrlich✲✲✲,,positive,blue,0.4932,nonmatch,0.4276,0,0.3673,0.5031,51.42862939331178
3,885,53,16,11,valence_classification,color_matching,matching,match_left,schlau,,positive,blue,✲✲✲✲tot✲✲✲✲✲,,negative,blue,0.4932,match,0.5775,0,0.3672,0.503,51.413946331266544
3,886,54,16,11,valence_classification,color_matching,matching,match_left,freundlich,,positive,brown,✲✲✲✲fair✲✲✲✲,,positive,blue,0.4932,nonmatch,0.3856,0,0.3671,0.5029,51.399292568341686
3,887,55,16,11,valence_classification,color_matching,matching,match_left,lachen,,positive,blue,✲✲✲schlau✲✲✲,,positive,brown,0.4935,nonmatch,0.4499,0,0.367,0.5027,51.38454782310457
3,888,56,16,11,valence_classification,color_matching,matching,match_left,schroff,,negative,blue,✲✲✲retten✲✲✲,,positive,brown,0.4932,match,0.4196,1,0.3669,0.5026,51.369694703818304
3,889,57,16,11,valence_classification,color_matching,matching,match_left,schön,,positive,brown,✲✲✲lasch✲✲✲✲,,negative,blue,0.4933,match,0.3562,1,0.3672,0.5029,51.41153160108616
3,890,58,16,11,valence_classification,color_matching,matching,match_left,tot,,negative,blue,✲✲strafen✲✲✲,,negative,blue,0.4932,match,0.3822,0,0.3675,0.5032,51.45224488426992
3,891,59,16,11,valence_classification,color_matching,matching,match_left,tyrannisch,,negative,blue,✲✲✲helfen✲✲✲,,positive,blue,0.4932,match,0.3686,0,0.3674,0.5031,51.437824923592544
3,892,60,16,11,valence_classification,color_matching,matching,match_left,strafen,,negative,blue,✲freundlich✲,,positive,blue,0.4932,match,0.3538,0,0.3673,0.503,51.42336341623661
3,893,61,16,11,valence_classification,color_matching,matching,match_left,eitel,,negative,blue,✲✲✲✲tot✲✲✲✲✲,,negative,blue,0.4932,match,0.4466,0,0.3672,0.5029,51.40884345034142
3,894,62,16,11,valence_classification,color_matching,matching,match_left,ehrlich,,positive,brown,✲✲✲leiden✲✲✲,,negative,brown,0.4932,nonmatch,0.4323,1,0.3671,0.5028,51.394346191102414
3,895,63,16,11,valence_classification,color_matching,matching,match_left,schön,,positive,brown,✲✲✲✲fair✲✲✲✲,,positive,blue,0.4932,match,0.4474,1,0.3674,0.5031,51.43510305371497
3,896,64,16,11,valence_classification,color_matching,matching,match_left,helfen,,positive,brown,✲✲✲schön✲✲✲✲,,positive,blue,0.4932,match,0.4609,1,0.3677,0.5034,51.478254556535965
3,897,1,17,12,valence_classification,color_matching,matching,match_left,schlau,,positive,blue,✲✲✲helfen✲✲✲,,positive,blue,0.4932,nonmatch,0.4546,1,0.368,0.5037,51.520855489368905
3,898,2,17,12,valence_classification,color_matching,matching,match_left,lachen,,positive,brown,✲✲✲lasch✲✲✲✲,,negative,brown,0.4932,nonmatch,0.4262,1,0.3683,0.504,51.5633617737609
3,899,3,17,12,valence_classification,color_matching,matching,match_left,eitel,,negative,blue,✲freundlich✲,,positive,brown,0.4932,nonmatch,0.4993,0,0.3686,0.5043,51.606217112652004
3,900,4,17,12,valence_classification,color_matching,matching,match_left,leiden,,negative,brown,✲✲✲schlau✲✲✲,,positive,blue,0.4932,nonmatch,0.4135,0,0.3685,0.5042,51.5916739575721
3,901,5,17,12,valence_classification,color_matching,matching,match_left,schlau,,positive,blue,✲✲✲✲tot✲✲✲✲✲,,negative,brown,0.4932,nonmatch,0.4537,0,0.3684,0.5041,51.57726784905737
3,902,6,17,12,valence_classification,color_matching,matching,match_left,hindern,,negative,blue,✲✲schroff✲✲✲,,negative,blue,0.4932,match,0.418,0,0.3683,0.504,51.56298179256822
3,903,7,17,12,valence_classification,color_matching,matching,match_left,schlau,,positive,blue,✲✲hindern✲✲✲,,negative,brown,0.4932,nonmatch,0.4643,0,0.3682,0.5039,51.548799074435166
3,904,8,17,12,valence_classification,color_matching,matching,match_left,freundlich,,positive,blue,✲✲✲lachen✲✲✲,,positive,brown,0.4932,nonmatch,0.4681,0,0.3681,0.5038,51.53470322419853
3,905,9,17,12,valence_classification,color_matching,matching,match_left,schroff,,negative,blue,✲✲✲helfen✲✲✲,,positive,brown,0.4932,nonmatch,0.434,0,0.368,0.5037,51.52067797789902
3,906,10,17,12,valence_classification,color_matching,matching,match_left,retten,,positive,brown,✲✲✲✲fair✲✲✲✲,,positive,blue,0.4932,nonmatch,0.4037,0,0.3679,0.5036,51.506707242192725
3,907,11,17,12,valence_classification,color_matching,matching,match_left,schön,,positive,blue,✲✲✲retten✲✲✲,,positive,brown,0.4932,match,0.5565,1,0.3678,0.5035,51.492775059168096
3,908,12,17,12,valence_classification,color_matching,matching,match_left,lachen,,positive,brown,✲✲ehrlich✲✲✲,,positive,blue,0.4932,nonmatch,0.5583,0,0.3681,0.5038,51.53451733110046
3,909,13,17,12,valence_classification,color_matching,matching,match_left,schroff,,negative,brown,✲✲✲✲tot✲✲✲✲✲,,negative,blue,0.4932,nonmatch,0.543,0,0.368,0.5037,51.52058711604425
3,910,14,17,12,valence_classification,color_matching,matching,match_left,tyrannisch,,negative,blue,✲✲hindern✲✲✲,,negative,blue,0.4932,match,0.5244,0,0.3679,0.5036,51.50671111976835
3,911,15,17,12,valence_classification,color_matching,matching,match_left,schlau,,positive,brown,✲freundlich✲,,positive,brown,0.4932,nonmatch,0.407,1,0.3678,0.5035,51.49287358677351
3,912,16,17,12,valence_classification,color_matching,matching,match_left,tot,,negative,blue,✲✲✲lachen✲✲✲,,positive,blue,0.4933,nonmatch,0.5335,1,0.3681,0.5038,51.53433132585217
3,913,17,17,12,valence_classification,color_matching,matching,match_left,hindern,,negative,blue,✲✲✲schön✲✲✲✲,,positive,blue,0.4932,match,0.4323,0,0.3684,0.5041,51.57585410594174
3,914,18,17,12,valence_classification,color_matching,matching,match_left,schroff,,negative,brown,✲✲✲retten✲✲✲,,positive,brown,0.4933,nonmatch,0.3979,1,0.3683,0.504,51.56185579841107
3,915,19,17,12,valence_classification,color_matching,matching,match_left,strafen,,negative,blue,✲✲✲✲fair✲✲✲✲,,positive,blue,0.4932,nonmatch,0.4609,1,0.3686,0.5043,51.60356255447376
3,916,20,17,12,valence_classification,color_matching,matching,match_left,lasch,,negative,brown,✲✲✲helfen✲✲✲,,positive,blue,0.4932,nonmatch,0.3783,0,0.3689,0.5046,51.64603366471444
3,917,21,17,12,valence_classification,color_matching,matching,match_left,lachen,,positive,blue,✲✲schroff✲✲✲,,negative,blue,0.4932,match,0.4037,0,0.3688,0.5045,51.63148569964586
3,918,22,17,12,valence_classification,color_matching,matching,match_left,eitel,,negative,blue,✲✲strafen✲✲✲,,negative,brown,0.4932,nonmatch,0.4609,0,0.3687,0.5044,51.61711802205942
3,919,23,17,12,valence_classification,color_matching,matching,match_left,helfen,,positive,brown,✲✲✲eitel✲✲✲✲,,negative,blue,0.4932,nonmatch,0.4472,0,0.3686,0.5043,51.60291369010007
3,920,24,17,12,valence_classification,color_matching,matching,match_left,helfen,,positive,brown,✲✲✲schön✲✲✲✲,,positive,brown,0.4932,match,0.4977,0,0.3685,0.5042,51.58885613058903
3,921,25,17,12,valence_classification,color_matching,matching,match_left,strafen,,negative,brown,✲✲ehrlich✲✲✲,,positive,brown,0.4932,match,0.4778,0,0.3684,0.5041,51.574929101502995
3,922,26,17,12,valence_classification,color_matching,matching,match_left,ehrlich,,positive,brown,✲✲✲✲fair✲✲✲✲,,positive,blue,0.4932,nonmatch,0.4824,0,0.3683,0.504,51.561116655671576
3,923,27,17,12,valence_classification,color_matching,matching,match_left,eitel,,negative,brown,✲freundlich✲,,positive,blue,0.4933,nonmatch,0.4291,0,0.3682,0.5039,51.54740310556621
3,924,28,17,12,valence_classification,color_matching,matching,match_left,tot,,negative,brown,✲✲ehrlich✲✲✲,,positive,brown,0.5116,match,0.4559,0,0.3681,0.5038,51.533772989058775
3,925,29,17,12,valence_classification,color_matching,matching,match_left,ehrlich,,positive,blue,✲✲✲eitel✲✲✲✲,,negative,blue,0.4932,match,0.4917,0,0.368,0.5037,51.520211036033295
3,926,30,17,12,valence_classification,color_matching,matching,match_left,freundlich,,positive,blue,✲✲✲schlau✲✲✲,,positive,brown,0.4932,nonmatch,0.4695,0,0.3679,0.5036,51.50670213573919
3,927,31,17,12,valence_classification,color_matching,matching,match_left,tot,,negative,brown,✲✲strafen✲✲✲,,negative,blue,0.4932,nonmatch,0.4853,0,0.3678,0.5035,51.493231304777794
3,928,32,17,12,valence_classification,color_matching,matching,match_left,ehrlich,,positive,brown,✲✲strafen✲✲✲,,negative,brown,0.4932,match,0.4323,0,0.3677,0.5034,51.47978365561789
3,929,33,17,12,valence_classification,color_matching,matching,match_left,schroff,,negative,blue,✲✲✲✲tot✲✲✲✲✲,,negative,brown,0.4932,nonmatch,0.5148,0,0.3676,0.5033,51.46634436553846
3,930,34,17,12,valence_classification,color_matching,matching,match_left,schön,,positive,blue,✲freundlich✲,,positive,blue,0.4932,match,0.5462,0,0.3675,0.5032,51.45289864590054
3,931,35,17,12,valence_classification,color_matching,matching,match_left,fair,,positive,blue,✲✲✲leiden✲✲✲,,negative,blue,0.4932,match,0.4037,0,0.3674,0.5031,51.43943171165038
3,932,36,17,12,valence_classification,color_matching,matching,match_left,fair,,positive,blue,✲✲✲schlau✲✲✲,,positive,blue,0.4932,match,0.4322,0,0.3673,0.503,51.42592875095991
3,933,37,17,12,valence_classification,color_matching,matching,match_left,fair,,positive,brown,✲✲✲helfen✲✲✲,,positive,blue,0.4932,nonmatch,0.5559,0,0.3672,0.5029,51.412374894910045
3,934,38,17,12,valence_classification,color_matching,matching,match_left,lasch,,negative,brown,✲✲✲leiden✲✲✲,,negative,brown,0.4932,nonmatch,0.5035,1,0.3671,0.5028,51.39884762328003
3,935,39,17,12,valence_classification,color_matching,matching,match_left,hindern,,negative,blue,✲✲✲schön✲✲✲✲,,positive,brown,0.4932,nonmatch,0.4179,0,0.3674,0.5031,51.436860295362564
3,936,40,17,12,valence_classification,color_matching,matching,match_left,helfen,,positive,blue,✲✲✲leiden✲✲✲,,negative,brown,0.4932,nonmatch,0.4466,0,0.3673,0.503,51.423429999135784
3,937,41,17,12,valence_classification,color_matching,matching,match_left,retten,,positive,blue,✲tyrannisch✲,,negative,brown,0.4957,nonmatch,0.4275,0,0.3672,0.5029,51.409946448047116
3,938,42,17,12,valence_classification,color_matching,matching,match_left,lasch,,negative,brown,✲tyrannisch✲,,negative,brown,0.4932,match,0.6167,0,0.3671,0.5028,51.396486527311914
3,939,43,17,12,valence_classification,color_matching,matching,match_left,tyrannisch,,negative,blue,✲✲✲eitel✲✲✲✲,,negative,brown,0.4932,nonmatch,0.4186,0,0.367,0.5027,51.38294128308296
3,940,44,17,12,valence_classification,color_matching,matching,match_left,leiden,,negative,blue,✲tyrannisch✲,,negative,brown,0.4932,match,0.4201,1,0.3669,0.5026,51.36929589720556
3,941,45,17,12,valence_classification,color_matching,matching,match_left,tot,,negative,blue,✲✲hindern✲✲✲,,negative,blue,0.4932,match,0.3632,0,0.3672,0.5029,51.40772757175722
3,942,46,17,12,valence_classification,color_matching,matching,match_left,freundlich,,positive,blue,✲✲✲✲tot✲✲✲✲✲,,negative,blue,0.4932,match,0.6027,0,0.3671,0.5028,51.394331375944894
3,943,47,17,12,valence_classification,color_matching,matching,match_left,eitel,,negative,brown,✲✲✲lasch✲✲✲✲,,negative,brown,0.4932,match,0.5879,0,0.367,0.5027,51.38084807259517
3,944,48,17,12,valence_classification,color_matching,matching,match_left,tyrannisch,,negative,brown,✲✲✲lachen✲✲✲,,positive,brown,0.4932,match,0.4424,0,0.3669,0.5026,51.367262972874116
3,945,49,17,12,valence_classification,color_matching,matching,match_left,hindern,,negative,blue,✲✲✲lasch✲✲✲✲,,negative,blue,0.4932,match,0.4895,0,0.3668,0.5025,51.353561193499175
3,946,50,17,12,valence_classification,color_matching,matching,match_left,freundlich,,positive,brown,✲✲hindern✲✲✲,,negative,blue,0.4932,match,0.574,1,0.3667,0.5024,51.33972762686864
3,947,51,17,12,valence_classification,color_matching,matching,match_left,ehrlich,,positive,brown,✲✲✲retten✲✲✲,,positive,brown,0.4932,match,0.4466,0,0.367,0.5027,51.378774564668944
3,948,52,17,12,valence_classification,color_matching,matching,match_left,strafen,,negative,brown,✲✲✲leiden✲✲✲,,negative,brown,0.4932,match,0.4571,0,0.3669,0.5026,51.36524877190396
3,949,53,17,12,valence_classification,color_matching,matching,match_left,fair,,positive,brown,✲✲✲lasch✲✲✲✲,,negative,blue,0.4932,nonmatch,0.4831,0,0.3668,0.5025,51.35160480265322
3,950,54,17,12,valence_classification,color_matching,matching,match_left,schön,,positive,brown,✲✲schroff✲✲✲,,negative,brown,0.4932,match,0.623,0,0.3667,0.5024,51.33782767193902
3,951,55,17,12,valence_classification,color_matching,matching,match_left,schön,,positive,brown,✲tyrannisch✲,,negative,blue,0.4932,nonmatch,0.4466,0,0.3666,0.5023,51.323902138572535
3,952,56,17,12,valence_classification,color_matching,matching,match_left,tyrannisch,,negative,blue,✲✲✲✲fair✲✲✲✲,,positive,brown,0.4932,nonmatch,0.4706,0,0.3665,0.5022,51.30981267444704
3,953,57,17,12,valence_classification,color_matching,matching,match_left,retten,,positive,brown,✲✲strafen✲✲✲,,negative,brown,0.4932,match,0.4474,0,0.3664,0.5021,51.29554343308417
3,954,58,17,12,valence_classification,color_matching,matching,match_left,lasch,,negative,brown,✲✲✲schlau✲✲✲,,positive,blue,0.4949,nonmatch,0.418,0,0.3663,0.502,51.28107821734256
3,955,59,17,12,valence_classification,color_matching,matching,match_left,leiden,,negative,brown,✲✲schroff✲✲✲,,negative,blue,0.4932,match,0.4702,1,0.3662,0.5019,51.26640044619459
3,956,60,17,12,valence_classification,color_matching,matching,match_left,retten,,positive,blue,✲✲ehrlich✲✲✲,,positive,blue,0.4932,match,0.3627,0,0.3665,0.5022,51.30803678243839
3,957,61,17,12,valence_classification,color_matching,matching,match_left,lachen,,positive,blue,✲✲✲schön✲✲✲✲,,positive,brown,0.4932,match,0.4538,1,0.3664,0.5021,51.293819744537316
3,958,62,17,12,valence_classification,color_matching,matching,match_left,helfen,,positive,brown,✲✲✲lachen✲✲✲,,positive,brown,0.4932,match,0.4501,0,0.3667,0.5024,51.33407715698254
3,959,63,17,12,valence_classification,color_matching,matching,match_left,strafen,,negative,brown,✲✲✲eitel✲✲✲✲,,negative,blue,0.4932,nonmatch,0.4363,0,0.3666,0.5023,51.32025937490357
3,960,64,17,12,valence_classification,color_matching,matching,match_left,leiden,,negative,blue,✲✲✲retten✲✲✲,,positive,blue,0.4932,match,0.3461,0,0.3665,0.5022,51.30627546491298
