sid,tid,tix,bid,bix,study_task,current_task,study_phase,key_assignment,prime_identity,prime_part_of_speech,prime_valence,prime_color,target_identity,target_part_of_speech,target_valence,target_color,target_onset,response,response_time,error,response_window_start,response_window_end,n_target
38,1,1,1,1,valence_classification,valence_classification,acquisition,positive_left,GKQX,,,black,retten,,positive,black,0.9065,positive,0.926,0,0.41,0.54,41
38,2,2,1,1,valence_classification,valence_classification,acquisition,positive_left,BMVZ,,,black,tyrannisch,,negative,black,0.8804,negative,0.7615,0,0.41,0.54,41
38,3,3,1,1,valence_classification,valence_classification,acquisition,positive_left,GKQX,,,black,freundlich,,positive,black,0.8805,positive,0.7336,0,0.41,0.54,41
38,4,4,1,1,valence_classification,valence_classification,acquisition,positive_left,BMVZ,,,black,schroff,,negative,black,0.8805,negative,0.8083,0,0.41,0.54,41
38,5,5,1,1,valence_classification,valence_classification,acquisition,positive_left,BMVZ,,,black,faul,,negative,black,0.8804,negative,0.7539,0,0.41,0.54,41
38,6,6,1,1,valence_classification,valence_classification,acquisition,positive_left,GKQX,,,black,schön,,positive,black,0.8804,positive,0.6006,0,0.41,0.54,41
38,7,7,1,1,valence_classification,valence_classification,acquisition,positive_left,BMVZ,,,black,schlecht,,negative,black,0.8804,negative,0.6252,0,0.41,0.54,41
38,8,8,1,1,valence_classification,valence_classification,acquisition,positive_left,BMVZ,,,black,lasch,,negative,black,0.8805,negative,1.0877,0,0.41,0.54,41
38,9,9,1,1,valence_classification,valence_classification,acquisition,positive_left,BMVZ,,,black,schlecht,,negative,black,0.8804,negative,0.8172,0,0.41,0.54,41
38,10,10,1,1,valence_classification,valence_classification,acquisition,positive_left,GKQX,,,black,retten,,positive,black,0.8805,positive,0.6966,0,0.41,0.54,41
38,11,11,1,1,valence_classification,valence_classification,acquisition,positive_left,GKQX,,,black,tolerant,,positive,black,0.8805,positive,0.8893,0,0.41,0.54,41
38,12,12,1,1,valence_classification,valence_classification,acquisition,positive_left,GKQX,,,black,treu,,positive,black,0.8805,positive,0.6896,0,0.41,0.54,41
38,13,13,1,1,valence_classification,valence_classification,acquisition,positive_left,BMVZ,,,black,schroff,,negative,black,0.8805,negative,0.9133,0,0.41,0.54,41
38,14,14,1,1,valence_classification,valence_classification,acquisition,positive_left,GKQX,,,black,tolerant,,positive,black,0.8805,positive,0.6814,0,0.41,0.54,41
38,15,15,1,1,valence_classification,valence_classification,acquisition,positive_left,BMVZ,,,black,lasch,,negative,black,0.8805,negative,0.7617,0,0.41,0.54,41
38,16,16,1,1,valence_classification,valence_classification,acquisition,positive_left,BMVZ,,,black,faul,,negative,black,0.8805,negative,0.8325,0,0.41,0.54,41
38,17,17,1,1,valence_classification,valence_classification,acquisition,positive_left,GKQX,,,black,ehrlich,,positive,black,0.8805,positive,0.6495,0,0.41,0.54,41
38,18,18,1,1,valence_classification,valence_classification,acquisition,positive_left,GKQX,,,black,schön,,positive,black,0.8805,positive,0.625,0,0.41,0.54,41
38,19,19,1,1,valence_classification,valence_classification,acquisition,positive_left,GKQX,,,black,spielen,,positive,black,0.8804,positive,0.8238,0,0.41,0.54,41
38,20,20,1,1,valence_classification,valence_classification,acquisition,positive_left,GKQX,,,black,freundlich,,positive,black,0.8804,positive,0.6015,0,0.41,0.54,41
38,21,21,1,1,valence_classification,valence_classification,acquisition,positive_left,BMVZ,,,black,hindern,,negative,black,0.8805,negative,0.6963,0,0.41,0.54,41
38,22,22,1,1,valence_classification,valence_classification,acquisition,positive_left,GKQX,,,black,schlau,,positive,black,0.8804,positive,0.7772,0,0.41,0.54,41
38,23,23,1,1,valence_classification,valence_classification,acquisition,positive_left,BMVZ,,,black,fanatisch,,negative,black,0.8805,negative,0.929,0,0.41,0.54,41
38,24,24,1,1,valence_classification,valence_classification,acquisition,positive_left,BMVZ,,,black,leiden,,negative,black,0.8808,negative,0.6487,0,0.41,0.54,41
38,25,1,2,2,valence_classification,valence_classification,acquisition,positive_left,GKQX,,,black,freundlich,,positive,black,0.8806,positive,0.7147,0,0.41,0.54,41
38,26,2,2,2,valence_classification,valence_classification,acquisition,positive_left,BMVZ,,,black,schroff,,negative,black,0.8806,negative,0.3563,0,0.41,0.54,41
38,27,3,2,2,valence_classification,valence_classification,acquisition,positive_left,GKQX,,,black,schön,,positive,black,0.8805,positive,0.3436,0,0.41,0.54,41
38,28,4,2,2,valence_classification,valence_classification,acquisition,positive_left,GKQX,,,black,tolerant,,positive,black,0.8804,positive,0.5781,0,0.41,0.54,41
38,29,5,2,2,valence_classification,valence_classification,acquisition,positive_left,BMVZ,,,black,lasch,,negative,black,0.8804,negative,0.41,0,0.41,0.54,41
38,30,6,2,2,valence_classification,valence_classification,acquisition,positive_left,BMVZ,,,black,faul,,negative,black,0.8805,negative,0.6816,0,0.41,0.54,41
38,31,7,2,2,valence_classification,valence_classification,acquisition,positive_left,GKQX,,,black,spielen,,positive,black,0.8805,positive,0.3668,0,0.41,0.54,41
38,32,8,2,2,valence_classification,valence_classification,acquisition,positive_left,BMVZ,,,black,tyrannisch,,negative,black,0.8805,negative,0.6253,0,0.41,0.54,41
38,33,9,2,2,valence_classification,valence_classification,acquisition,positive_left,BMVZ,,,black,faul,,negative,black,0.8805,negative,0.4731,0,0.41,0.54,41
38,34,10,2,2,valence_classification,valence_classification,acquisition,positive_left,GKQX,,,black,retten,,positive,black,0.8804,positive,0.5656,0,0.41,0.54,41
38,35,11,2,2,valence_classification,valence_classification,acquisition,positive_left,BMVZ,,,black,hindern,,negative,black,0.8805,negative,0.4932,0,0.41,0.54,41
38,36,12,2,2,valence_classification,valence_classification,acquisition,positive_left,BMVZ,,,black,schlecht,,negative,black,0.8805,negative,0.5132,0,0.41,0.54,41
38,37,13,2,2,valence_classification,valence_classification,acquisition,positive_left,BMVZ,,,black,fanatisch,,negative,black,0.8805,negative,0.6004,0,0.41,0.54,41
38,38,14,2,2,valence_classification,valence_classification,acquisition,positive_left,BMVZ,,,black,lasch,,negative,black,0.8805,negative,0.545,0,0.41,0.54,41
38,39,15,2,2,valence_classification,valence_classification,acquisition,positive_left,BMVZ,,,black,schroff,,negative,black,0.8805,negative,0.5206,0,0.41,0.54,41
38,40,16,2,2,valence_classification,valence_classification,acquisition,positive_left,GKQX,,,black,schön,,positive,black,0.8804,positive,0.6234,0,0.41,0.54,41
38,41,17,2,2,valence_classification,valence_classification,acquisition,positive_left,BMVZ,,,black,schlecht,,negative,black,0.8805,negative,0.5973,0,0.41,0.54,41
38,42,18,2,2,valence_classification,valence_classification,acquisition,positive_left,GKQX,,,black,treu,,positive,black,0.8804,positive,0.5262,0,0.41,0.54,41
38,43,19,2,2,valence_classification,valence_classification,acquisition,positive_left,GKQX,,,black,freundlich,,positive,black,0.8804,negative,0.6502,1,0.41,0.54,41
38,43,19,2,2,valence_classification,valence_classification,acquisition,positive_left,GKQX,,,black,freundlich,,positive,black,0.8804,positive,0.7385,0,0.41,0.54,41
38,44,20,2,2,valence_classification,valence_classification,acquisition,positive_left,GKQX,,,black,schlau,,positive,black,0.8805,positive,0.6135,0,0.41,0.54,41
38,45,21,2,2,valence_classification,valence_classification,acquisition,positive_left,GKQX,,,black,retten,,positive,black,0.8805,positive,0.4731,0,0.41,0.54,41
38,46,22,2,2,valence_classification,valence_classification,acquisition,positive_left,GKQX,,,black,tolerant,,positive,black,0.8806,positive,0.7249,0,0.41,0.54,41
38,47,23,2,2,valence_classification,valence_classification,acquisition,positive_left,BMVZ,,,black,leiden,,negative,black,0.8809,negative,0.5559,0,0.41,0.54,41
38,48,24,2,2,valence_classification,valence_classification,acquisition,positive_left,GKQX,,,black,ehrlich,,positive,black,0.8804,positive,0.5131,0,0.41,0.54,41
38,49,1,3,3,valence_classification,valence_classification,acquisition,positive_left,GKQX,,,black,spielen,,positive,black,0.8805,positive,0.3788,0,0.39,0.52,39
38,50,2,3,3,valence_classification,valence_classification,acquisition,positive_left,BMVZ,,,black,hindern,,negative,black,0.8805,negative,0.5893,0,0.39,0.52,39
38,51,3,3,3,valence_classification,valence_classification,acquisition,positive_left,BMVZ,,,black,tyrannisch,,negative,black,0.8805,negative,0.5825,0,0.39,0.52,39
38,52,4,3,3,valence_classification,valence_classification,acquisition,positive_left,GKQX,,,black,retten,,positive,black,0.8804,positive,0.453,0,0.39,0.52,39
38,53,5,3,3,valence_classification,valence_classification,acquisition,positive_left,GKQX,,,black,schlau,,positive,black,0.8805,positive,0.5683,0,0.39,0.52,39
38,54,6,3,3,valence_classification,valence_classification,acquisition,positive_left,BMVZ,,,black,leiden,,negative,black,0.8804,negative,0.433,0,0.39,0.52,39
38,55,7,3,3,valence_classification,valence_classification,acquisition,positive_left,GKQX,,,black,treu,,positive,black,0.8805,positive,0.5174,0,0.39,0.52,39
38,56,8,3,3,valence_classification,valence_classification,acquisition,positive_left,BMVZ,,,black,schroff,,negative,black,0.8805,negative,0.5033,0,0.39,0.52,39
38,57,9,3,3,valence_classification,valence_classification,acquisition,positive_left,BMVZ,,,black,tyrannisch,,negative,black,0.8805,negative,0.4954,0,0.39,0.52,39
38,58,10,3,3,valence_classification,valence_classification,acquisition,positive_left,BMVZ,,,black,schlecht,,negative,black,0.8805,negative,0.4904,0,0.39,0.52,39
38,59,11,3,3,valence_classification,valence_classification,acquisition,positive_left,GKQX,,,black,spielen,,positive,black,0.8804,positive,0.4053,0,0.39,0.52,39
38,60,12,3,3,valence_classification,valence_classification,acquisition,positive_left,GKQX,,,black,ehrlich,,positive,black,0.8805,positive,0.5265,0,0.39,0.52,39
38,61,13,3,3,valence_classification,valence_classification,acquisition,positive_left,BMVZ,,,black,lasch,,negative,black,0.8804,negative,0.4954,0,0.39,0.52,39
38,62,14,3,3,valence_classification,valence_classification,acquisition,positive_left,BMVZ,,,black,leiden,,negative,black,0.8805,negative,0.4667,0,0.39,0.52,39
38,63,15,3,3,valence_classification,valence_classification,acquisition,positive_left,GKQX,,,black,schlau,,positive,black,0.8805,positive,0.5845,0,0.39,0.52,39
38,64,16,3,3,valence_classification,valence_classification,acquisition,positive_left,BMVZ,,,black,faul,,negative,black,0.8807,negative,0.473,0,0.39,0.52,39
38,65,17,3,3,valence_classification,valence_classification,acquisition,positive_left,GKQX,,,black,schön,,positive,black,0.8805,positive,0.3556,0,0.39,0.52,39
38,66,18,3,3,valence_classification,valence_classification,acquisition,positive_left,GKQX,,,black,ehrlich,,positive,black,0.8805,positive,0.4739,0,0.39,0.52,39
38,67,19,3,3,valence_classification,valence_classification,acquisition,positive_left,BMVZ,,,black,leiden,,negative,black,0.8808,negative,0.5032,0,0.39,0.52,39
38,68,20,3,3,valence_classification,valence_classification,acquisition,positive_left,GKQX,,,black,freundlich,,positive,black,0.8805,positive,0.5133,0,0.39,0.52,39
38,69,21,3,3,valence_classification,valence_classification,acquisition,positive_left,GKQX,,,black,freundlich,,positive,black,0.8805,negative,0.4049,1,0.39,0.52,39
38,70,22,3,3,valence_classification,valence_classification,acquisition,positive_left,BMVZ,,,black,fanatisch,,negative,black,0.8805,negative,0.5031,0,0.39,0.52,39
38,71,23,3,3,valence_classification,valence_classification,acquisition,positive_left,BMVZ,,,black,lasch,,negative,black,0.8804,negative,0.5181,0,0.39,0.52,39
38,72,24,3,3,valence_classification,valence_classification,acquisition,positive_left,GKQX,,,black,schön,,positive,black,0.8805,positive,0.3358,0,0.39,0.52,39
38,73,25,3,3,valence_classification,valence_classification,acquisition,positive_left,GKQX,,,black,retten,,positive,black,0.8805,positive,0.363,0,0.39,0.52,39
38,74,26,3,3,valence_classification,valence_classification,acquisition,positive_left,BMVZ,,,black,fanatisch,,negative,black,0.8805,negative,0.5031,0,0.39,0.52,39
38,75,27,3,3,valence_classification,valence_classification,acquisition,positive_left,BMVZ,,,black,faul,,negative,black,0.8804,negative,0.4992,0,0.39,0.52,39
38,76,28,3,3,valence_classification,valence_classification,acquisition,positive_left,GKQX,,,black,freundlich,,positive,black,0.8805,positive,0.5187,0,0.39,0.52,39
38,77,29,3,3,valence_classification,valence_classification,acquisition,positive_left,BMVZ,,,black,schlecht,,negative,black,0.8804,negative,0.5769,0,0.39,0.52,39
38,78,30,3,3,valence_classification,valence_classification,acquisition,positive_left,BMVZ,,,black,schlecht,,negative,black,0.8804,negative,0.3637,0,0.39,0.52,39
38,79,31,3,3,valence_classification,valence_classification,acquisition,positive_left,GKQX,,,black,tolerant,,positive,black,0.8805,positive,0.24,0,0.39,0.52,39
38,80,32,3,3,valence_classification,valence_classification,acquisition,positive_left,BMVZ,,,black,tyrannisch,,negative,black,0.8805,negative,0.4404,0,0.39,0.52,39
38,81,33,3,3,valence_classification,valence_classification,acquisition,positive_left,GKQX,,,black,ehrlich,,positive,black,0.8809,positive,0.4833,0,0.39,0.52,39
38,82,34,3,3,valence_classification,valence_classification,acquisition,positive_left,BMVZ,,,black,schroff,,negative,black,0.8804,negative,0.52,0,0.39,0.52,39
38,83,35,3,3,valence_classification,valence_classification,acquisition,positive_left,BMVZ,,,black,fanatisch,,negative,black,0.8805,positive,0.3437,1,0.39,0.52,39
38,84,36,3,3,valence_classification,valence_classification,acquisition,positive_left,BMVZ,,,black,hindern,,negative,black,0.8805,negative,0.5194,0,0.39,0.52,39
38,85,37,3,3,valence_classification,valence_classification,acquisition,positive_left,GKQX,,,black,schlau,,positive,black,0.8805,positive,0.4561,0,0.39,0.52,39
38,86,38,3,3,valence_classification,valence_classification,acquisition,positive_left,GKQX,,,black,tolerant,,positive,black,0.8805,positive,0.5094,0,0.39,0.52,39
38,87,39,3,3,valence_classification,valence_classification,acquisition,positive_left,BMVZ,,,black,faul,,negative,black,0.8805,negative,0.3552,0,0.39,0.52,39
38,88,40,3,3,valence_classification,valence_classification,acquisition,positive_left,BMVZ,,,black,hindern,,negative,black,0.8805,positive,0.4252,1,0.39,0.52,39
38,89,41,3,3,valence_classification,valence_classification,acquisition,positive_left,GKQX,,,black,treu,,positive,black,0.8805,positive,0.3963,0,0.39,0.52,39
38,90,42,3,3,valence_classification,valence_classification,acquisition,positive_left,BMVZ,,,black,lasch,,negative,black,0.8805,negative,0.4989,0,0.39,0.52,39
38,91,43,3,3,valence_classification,valence_classification,acquisition,positive_left,GKQX,,,black,treu,,positive,black,0.8805,negative,0.3555,1,0.39,0.52,39
38,92,44,3,3,valence_classification,valence_classification,acquisition,positive_left,GKQX,,,black,schön,,positive,black,0.8805,positive,0.4269,0,0.39,0.52,39
38,93,45,3,3,valence_classification,valence_classification,acquisition,positive_left,BMVZ,,,black,schroff,,negative,black,0.8805,negative,0.5071,0,0.39,0.52,39
38,94,46,3,3,valence_classification,valence_classification,acquisition,positive_left,GKQX,,,black,retten,,positive,black,0.8806,positive,0.4302,0,0.39,0.52,39
38,95,47,3,3,valence_classification,valence_classification,acquisition,positive_left,GKQX,,,black,spielen,,positive,black,0.8805,positive,0.4482,0,0.39,0.52,39
38,96,48,3,3,valence_classification,valence_classification,acquisition,positive_left,GKQX,,,black,tolerant,,positive,black,0.8804,positive,0.4596,0,0.39,0.52,39
38,97,1,4,4,valence_classification,valence_classification,acquisition,positive_left,BMVZ,,,black,fanatisch,,negative,black,0.8814,negative,0.5913,0,0.34,0.47,34
38,98,2,4,4,valence_classification,valence_classification,acquisition,positive_left,BMVZ,,,black,schroff,,negative,black,0.8804,positive,0.3078,1,0.34,0.47,34
38,99,3,4,4,valence_classification,valence_classification,acquisition,positive_left,GKQX,,,black,schön,,positive,black,0.8805,negative,0.446,1,0.34,0.47,34
38,100,4,4,4,valence_classification,valence_classification,acquisition,positive_left,GKQX,,,black,tolerant,,positive,black,0.8805,positive,0.4045,0,0.34,0.47,34
38,101,5,4,4,valence_classification,valence_classification,acquisition,positive_left,BMVZ,,,black,schroff,,negative,black,0.8807,negative,0.423,0,0.34,0.47,34
38,102,6,4,4,valence_classification,valence_classification,acquisition,positive_left,BMVZ,,,black,hindern,,negative,black,0.8805,negative,0.4431,0,0.34,0.47,34
38,103,7,4,4,valence_classification,valence_classification,acquisition,positive_left,BMVZ,,,black,lasch,,negative,black,0.8805,positive,0.4331,1,0.34,0.47,34
38,104,8,4,4,valence_classification,valence_classification,acquisition,positive_left,BMVZ,,,black,schlecht,,negative,black,0.8805,positive,0.3503,1,0.34,0.47,34
38,105,9,4,4,valence_classification,valence_classification,acquisition,positive_left,BMVZ,,,black,tyrannisch,,negative,black,0.8805,negative,0.4938,0,0.34,0.47,34
38,106,10,4,4,valence_classification,valence_classification,acquisition,positive_left,BMVZ,,,black,leiden,,negative,black,0.8805,negative,0.4699,0,0.34,0.47,34
38,107,11,4,4,valence_classification,valence_classification,acquisition,positive_left,GKQX,,,black,freundlich,,positive,black,0.8805,positive,0.433,0,0.34,0.47,34
38,108,12,4,4,valence_classification,valence_classification,acquisition,positive_left,BMVZ,,,black,faul,,negative,black,0.8805,negative,0.4927,0,0.34,0.47,34
38,109,13,4,4,valence_classification,valence_classification,acquisition,positive_left,GKQX,,,black,tolerant,,positive,black,0.8805,positive,0.4461,0,0.34,0.47,34
38,110,14,4,4,valence_classification,valence_classification,acquisition,positive_left,GKQX,,,black,retten,,positive,black,0.8806,positive,0.4826,0,0.34,0.47,34
38,111,15,4,4,valence_classification,valence_classification,acquisition,positive_left,GKQX,,,black,ehrlich,,positive,black,0.8804,positive,0.3892,0,0.34,0.47,34
38,112,16,4,4,valence_classification,valence_classification,acquisition,positive_left,BMVZ,,,black,schroff,,negative,black,0.8805,positive,0.3668,1,0.34,0.47,34
38,113,17,4,4,valence_classification,valence_classification,acquisition,positive_left,BMVZ,,,black,leiden,,negative,black,0.8804,positive,0.3692,1,0.34,0.47,34
38,114,18,4,4,valence_classification,valence_classification,acquisition,positive_left,GKQX,,,black,freundlich,,positive,black,0.8804,positive,0.4751,0,0.34,0.47,34
38,115,19,4,4,valence_classification,valence_classification,acquisition,positive_left,BMVZ,,,black,lasch,,negative,black,0.8805,negative,0.3891,0,0.34,0.47,34
38,116,20,4,4,valence_classification,valence_classification,acquisition,positive_left,GKQX,,,black,spielen,,positive,black,0.8804,positive,0.4553,0,0.34,0.47,34
38,117,21,4,4,valence_classification,valence_classification,acquisition,positive_left,BMVZ,,,black,schlecht,,negative,black,0.8805,positive,0.427,1,0.34,0.47,34
38,118,22,4,4,valence_classification,valence_classification,acquisition,positive_left,GKQX,,,black,schlau,,positive,black,0.8806,positive,0.4431,0,0.34,0.47,34
38,119,23,4,4,valence_classification,valence_classification,acquisition,positive_left,GKQX,,,black,schön,,positive,black,0.8804,positive,0.5554,0,0.34,0.47,34
38,120,24,4,4,valence_classification,valence_classification,acquisition,positive_left,GKQX,,,black,ehrlich,,positive,black,0.8804,positive,0.453,0,0.34,0.47,34
38,121,25,4,4,valence_classification,valence_classification,acquisition,positive_left,BMVZ,,,black,schlecht,,negative,black,0.8805,negative,0.4304,0,0.34,0.47,34
38,122,26,4,4,valence_classification,valence_classification,acquisition,positive_left,BMVZ,,,black,faul,,negative,black,0.8805,negative,0.4815,0,0.34,0.47,34
38,123,27,4,4,valence_classification,valence_classification,acquisition,positive_left,GKQX,,,black,schlau,,positive,black,0.8805,positive,0.4231,0,0.34,0.47,34
38,124,28,4,4,valence_classification,valence_classification,acquisition,positive_left,BMVZ,,,black,lasch,,negative,black,0.8804,negative,0.4663,0,0.34,0.47,34
38,125,29,4,4,valence_classification,valence_classification,acquisition,positive_left,GKQX,,,black,treu,,positive,black,0.8805,positive,0.4271,0,0.34,0.47,34
38,126,30,4,4,valence_classification,valence_classification,acquisition,positive_left,BMVZ,,,black,fanatisch,,negative,black,0.8804,negative,0.3051,0,0.34,0.47,34
38,127,31,4,4,valence_classification,valence_classification,acquisition,positive_left,GKQX,,,black,spielen,,positive,black,0.8804,positive,0.4698,0,0.34,0.47,34
38,128,32,4,4,valence_classification,valence_classification,acquisition,positive_left,GKQX,,,black,spielen,,positive,black,0.8804,positive,0.5293,0,0.34,0.47,34
38,129,33,4,4,valence_classification,valence_classification,acquisition,positive_left,BMVZ,,,black,hindern,,negative,black,0.8804,negative,0.2986,0,0.34,0.47,34
38,130,34,4,4,valence_classification,valence_classification,acquisition,positive_left,GKQX,,,black,retten,,positive,black,0.8804,positive,0.4472,0,0.34,0.47,34
38,131,35,4,4,valence_classification,valence_classification,acquisition,positive_left,GKQX,,,black,freundlich,,positive,black,0.8809,positive,0.4771,0,0.34,0.47,34
38,132,36,4,4,valence_classification,valence_classification,acquisition,positive_left,GKQX,,,black,retten,,positive,black,0.8804,positive,0.4332,0,0.34,0.47,34
38,133,37,4,4,valence_classification,valence_classification,acquisition,positive_left,BMVZ,,,black,fanatisch,,negative,black,0.8805,negative,0.5283,0,0.34,0.47,34
38,134,38,4,4,valence_classification,valence_classification,acquisition,positive_left,BMVZ,,,black,tyrannisch,,negative,black,0.8805,negative,0.5149,0,0.34,0.47,34
38,135,39,4,4,valence_classification,valence_classification,acquisition,positive_left,GKQX,,,black,treu,,positive,black,0.8805,positive,0.3194,0,0.34,0.47,34
38,136,40,4,4,valence_classification,valence_classification,acquisition,positive_left,GKQX,,,black,schlau,,positive,black,0.8805,negative,0.3631,1,0.34,0.47,34
38,137,41,4,4,valence_classification,valence_classification,acquisition,positive_left,BMVZ,,,black,faul,,negative,black,0.8805,negative,0.5767,0,0.34,0.47,34
38,138,42,4,4,valence_classification,valence_classification,acquisition,positive_left,GKQX,,,black,schön,,positive,black,0.8804,positive,0.403,0,0.34,0.47,34
38,139,43,4,4,valence_classification,valence_classification,acquisition,positive_left,GKQX,,,black,tolerant,,positive,black,0.8805,positive,0.5999,0,0.34,0.47,34
38,140,44,4,4,valence_classification,valence_classification,acquisition,positive_left,BMVZ,,,black,hindern,,negative,black,0.8804,negative,0.459,0,0.34,0.47,34
38,141,45,4,4,valence_classification,valence_classification,acquisition,positive_left,GKQX,,,black,ehrlich,,positive,black,0.8805,positive,0.4369,0,0.34,0.47,34
38,142,46,4,4,valence_classification,valence_classification,acquisition,positive_left,BMVZ,,,black,tyrannisch,,negative,black,0.8805,negative,0.4637,0,0.34,0.47,34
38,143,47,4,4,valence_classification,valence_classification,acquisition,positive_left,GKQX,,,black,treu,,positive,black,0.8804,positive,0.4284,0,0.34,0.47,34
38,144,48,4,4,valence_classification,valence_classification,acquisition,positive_left,BMVZ,,,black,leiden,,negative,black,0.8805,negative,0.473,0,0.34,0.47,34
38,145,1,5,5,valence_classification,valence_classification,acquisition,positive_left,BMVZ,,,black,tyrannisch,,negative,black,0.8805,negative,0.4666,0,0.34,0.47,34
38,146,2,5,5,valence_classification,valence_classification,acquisition,positive_left,BMVZ,,,black,leiden,,negative,black,0.8804,positive,0.4257,1,0.34,0.47,34
38,146,2,5,5,valence_classification,valence_classification,acquisition,positive_left,BMVZ,,,black,leiden,,negative,black,0.8804,negative,0.5369,0,0.34,0.47,34
38,147,3,5,5,valence_classification,valence_classification,acquisition,positive_left,BMVZ,,,black,faul,,negative,black,0.8805,negative,0.4653,0,0.34,0.47,34
38,148,4,5,5,valence_classification,valence_classification,acquisition,positive_left,GKQX,,,black,ehrlich,,positive,black,0.8805,negative,0.3171,1,0.34,0.47,34
38,148,4,5,5,valence_classification,valence_classification,acquisition,positive_left,GKQX,,,black,ehrlich,,positive,black,0.8805,positive,0.4201,0,0.34,0.47,34
38,149,5,5,5,valence_classification,valence_classification,acquisition,positive_left,BMVZ,,,black,schlecht,,negative,black,0.8806,negative,0.3193,0,0.34,0.47,34
38,150,6,5,5,valence_classification,valence_classification,acquisition,positive_left,BMVZ,,,black,faul,,negative,black,0.8805,positive,0.3856,1,0.34,0.47,34
38,151,7,5,5,valence_classification,valence_classification,acquisition,positive_left,GKQX,,,black,retten,,positive,black,0.8805,positive,0.4479,0,0.34,0.47,34
38,152,8,5,5,valence_classification,valence_classification,acquisition,positive_left,GKQX,,,black,tolerant,,positive,black,0.8804,positive,0.4754,0,0.34,0.47,34
38,153,9,5,5,valence_classification,valence_classification,acquisition,positive_left,BMVZ,,,black,schlecht,,negative,black,0.8804,positive,0.4487,1,0.34,0.47,34
38,153,9,5,5,valence_classification,valence_classification,acquisition,positive_left,BMVZ,,,black,schlecht,,negative,black,0.8804,negative,0.5218,0,0.34,0.47,34
38,154,10,5,5,valence_classification,valence_classification,acquisition,positive_left,BMVZ,,,black,hindern,,negative,black,0.8804,negative,0.439,0,0.34,0.47,34
38,155,11,5,5,valence_classification,valence_classification,acquisition,positive_left,GKQX,,,black,tolerant,,positive,black,0.8805,positive,0.403,0,0.34,0.47,34
38,156,12,5,5,valence_classification,valence_classification,acquisition,positive_left,BMVZ,,,black,leiden,,negative,black,0.8805,negative,0.3173,0,0.34,0.47,34
38,157,13,5,5,valence_classification,valence_classification,acquisition,positive_left,GKQX,,,black,spielen,,positive,black,0.8805,positive,0.4476,0,0.34,0.47,34
38,158,14,5,5,valence_classification,valence_classification,acquisition,positive_left,GKQX,,,black,freundlich,,positive,black,0.8804,negative,0.353,1,0.34,0.47,34
38,159,15,5,5,valence_classification,valence_classification,acquisition,positive_left,BMVZ,,,black,fanatisch,,negative,black,0.8805,negative,0.5064,0,0.34,0.47,34
38,160,16,5,5,valence_classification,valence_classification,acquisition,positive_left,GKQX,,,black,spielen,,positive,black,0.8805,positive,0.4557,0,0.34,0.47,34
38,161,17,5,5,valence_classification,valence_classification,acquisition,positive_left,GKQX,,,black,schön,,positive,black,0.8806,positive,0.4342,0,0.34,0.47,34
38,162,18,5,5,valence_classification,valence_classification,acquisition,positive_left,BMVZ,,,black,hindern,,negative,black,0.8805,negative,0.4431,0,0.34,0.47,34
38,163,19,5,5,valence_classification,valence_classification,acquisition,positive_left,BMVZ,,,black,tyrannisch,,negative,black,0.8805,negative,0.5265,0,0.34,0.47,34
38,164,20,5,5,valence_classification,valence_classification,acquisition,positive_left,BMVZ,,,black,lasch,,negative,black,0.8805,negative,0.5008,0,0.34,0.47,34
38,165,21,5,5,valence_classification,valence_classification,acquisition,positive_left,BMVZ,,,black,faul,,negative,black,0.8805,negative,0.47,0,0.34,0.47,34
38,166,22,5,5,valence_classification,valence_classification,acquisition,positive_left,GKQX,,,black,treu,,positive,black,0.8804,negative,0.3203,1,0.34,0.47,34
38,166,22,5,5,valence_classification,valence_classification,acquisition,positive_left,GKQX,,,black,treu,,positive,black,0.8804,positive,0.5127,0,0.34,0.47,34
38,167,23,5,5,valence_classification,valence_classification,acquisition,positive_left,GKQX,,,black,retten,,positive,black,0.8805,positive,0.4494,0,0.34,0.47,34
38,168,24,5,5,valence_classification,valence_classification,acquisition,positive_left,GKQX,,,black,retten,,positive,black,0.8805,positive,0.3402,0,0.34,0.47,34
38,169,25,5,5,valence_classification,valence_classification,acquisition,positive_left,GKQX,,,black,ehrlich,,positive,black,0.8805,positive,0.5081,0,0.34,0.47,34
38,170,26,5,5,valence_classification,valence_classification,acquisition,positive_left,GKQX,,,black,schön,,positive,black,0.8805,positive,0.4464,0,0.34,0.47,34
38,171,27,5,5,valence_classification,valence_classification,acquisition,positive_left,GKQX,,,black,schlau,,positive,black,0.8804,negative,0.3562,1,0.34,0.47,34
38,172,28,5,5,valence_classification,valence_classification,acquisition,positive_left,GKQX,,,black,schlau,,positive,black,0.8805,negative,0.4306,1,0.34,0.47,34
38,173,29,5,5,valence_classification,valence_classification,acquisition,positive_left,BMVZ,,,black,tyrannisch,,negative,black,0.8805,negative,0.4675,0,0.34,0.47,34
38,174,30,5,5,valence_classification,valence_classification,acquisition,positive_left,GKQX,,,black,tolerant,,positive,black,0.8805,positive,0.4398,0,0.34,0.47,34
38,175,31,5,5,valence_classification,valence_classification,acquisition,positive_left,BMVZ,,,black,lasch,,negative,black,0.8805,negative,0.4647,0,0.34,0.47,34
38,176,32,5,5,valence_classification,valence_classification,acquisition,positive_left,GKQX,,,black,freundlich,,positive,black,0.8805,positive,0.3675,0,0.34,0.47,34
38,177,33,5,5,valence_classification,valence_classification,acquisition,positive_left,BMVZ,,,black,schroff,,negative,black,0.8804,negative,0.5019,0,0.34,0.47,34
38,178,34,5,5,valence_classification,valence_classification,acquisition,positive_left,GKQX,,,black,schlau,,positive,black,0.8805,negative,0.4283,1,0.34,0.47,34
38,178,34,5,5,valence_classification,valence_classification,acquisition,positive_left,GKQX,,,black,schlau,,positive,black,0.8805,positive,0.537,0,0.34,0.47,34
38,179,35,5,5,valence_classification,valence_classification,acquisition,positive_left,GKQX,,,black,ehrlich,,positive,black,0.8805,positive,0.4631,0,0.34,0.47,34
38,180,36,5,5,valence_classification,valence_classification,acquisition,positive_left,GKQX,,,black,schön,,positive,black,0.8804,positive,0.4785,0,0.34,0.47,34
38,181,37,5,5,valence_classification,valence_classification,acquisition,positive_left,BMVZ,,,black,lasch,,negative,black,0.8807,negative,0.3129,0,0.34,0.47,34
38,182,38,5,5,valence_classification,valence_classification,acquisition,positive_left,GKQX,,,black,spielen,,positive,black,0.8805,positive,0.3404,0,0.34,0.47,34
38,183,39,5,5,valence_classification,valence_classification,acquisition,positive_left,BMVZ,,,black,leiden,,negative,black,0.8804,negative,0.4898,0,0.34,0.47,34
38,184,40,5,5,valence_classification,valence_classification,acquisition,positive_left,BMVZ,,,black,schlecht,,negative,black,0.8805,positive,0.413,1,0.34,0.47,34
38,185,41,5,5,valence_classification,valence_classification,acquisition,positive_left,GKQX,,,black,freundlich,,positive,black,0.8805,positive,0.4631,0,0.34,0.47,34
38,186,42,5,5,valence_classification,valence_classification,acquisition,positive_left,GKQX,,,black,treu,,positive,black,0.8804,positive,0.4364,0,0.34,0.47,34
38,187,43,5,5,valence_classification,valence_classification,acquisition,positive_left,BMVZ,,,black,schroff,,negative,black,0.8804,negative,0.4594,0,0.34,0.47,34
38,188,44,5,5,valence_classification,valence_classification,acquisition,positive_left,BMVZ,,,black,fanatisch,,negative,black,0.8805,negative,0.5958,0,0.34,0.47,34
38,189,45,5,5,valence_classification,valence_classification,acquisition,positive_left,BMVZ,,,black,schroff,,negative,black,0.8804,negative,0.4553,0,0.34,0.47,34
38,190,46,5,5,valence_classification,valence_classification,acquisition,positive_left,GKQX,,,black,treu,,positive,black,0.8805,positive,0.456,0,0.34,0.47,34
38,191,47,5,5,valence_classification,valence_classification,acquisition,positive_left,BMVZ,,,black,hindern,,negative,black,0.8804,negative,0.4655,0,0.34,0.47,34
38,192,48,5,5,valence_classification,valence_classification,acquisition,positive_left,BMVZ,,,black,fanatisch,,negative,black,0.8804,positive,0.4157,1,0.34,0.47,34
38,192,48,5,5,valence_classification,valence_classification,acquisition,positive_left,BMVZ,,,black,fanatisch,,negative,black,0.8804,negative,0.5178,0,0.34,0.47,34
38,193,1,6,1,valence_classification,color_matching,matching,match_right,BMVZ,,negative,blue,✲✲✲retten✲✲✲,,positive,blue,0.5465,match,3.2538,0,0.4789,0.6146,67.0473991177101
38,194,2,6,1,valence_classification,color_matching,matching,match_right,BMVZ,,negative,brown,✲✲schroff✲✲✲,,negative,brown,0.4933,match,0.6455,0,0.4789,0.6146,67.0473991177101
38,195,3,6,1,valence_classification,color_matching,matching,match_right,GKQX,,positive,brown,✲✲✲retten✲✲✲,,positive,brown,0.4932,match,0.6055,0,0.4789,0.6146,67.0473991177101
38,196,4,6,1,valence_classification,color_matching,matching,match_right,GKQX,,positive,blue,✲✲schroff✲✲✲,,negative,blue,0.4933,nonmatch,0.4472,1,0.4789,0.6146,67.0473991177101
38,197,5,6,1,valence_classification,color_matching,matching,match_right,GKQX,,positive,blue,✲✲hindern✲✲✲,,negative,brown,0.4932,nonmatch,1.0076,0,0.4789,0.6146,67.0473991177101
38,198,6,6,1,valence_classification,color_matching,matching,match_right,BMVZ,,negative,blue,✲✲✲✲treu✲✲✲✲,,positive,brown,0.4932,nonmatch,0.6869,0,0.4789,0.6146,67.0473991177101
38,199,7,6,1,valence_classification,color_matching,matching,match_right,BMVZ,,negative,brown,✲✲✲schlau✲✲✲,,positive,brown,0.4934,match,0.5901,0,0.4789,0.6146,67.0473991177101
38,200,8,6,1,valence_classification,color_matching,matching,match_right,GKQX,,positive,brown,✲✲✲retten✲✲✲,,positive,blue,0.4932,nonmatch,0.9918,0,0.4789,0.6146,67.0473991177101
38,201,9,6,1,valence_classification,color_matching,matching,match_right,GKQX,,positive,blue,✲tyrannisch✲,,negative,brown,0.4932,nonmatch,0.8384,0,0.4789,0.6146,67.0473991177101
38,202,10,6,1,valence_classification,color_matching,matching,match_right,GKQX,,positive,brown,✲✲spielen✲✲✲,,positive,brown,0.4933,match,0.6785,0,0.4789,0.6146,67.0473991177101
38,203,11,6,1,valence_classification,color_matching,matching,match_right,BMVZ,,negative,brown,✲✲✲retten✲✲✲,,positive,blue,0.4932,nonmatch,0.848,0,0.4789,0.6146,67.0473991177101
38,204,12,6,1,valence_classification,color_matching,matching,match_right,BMVZ,,negative,blue,✲✲spielen✲✲✲,,positive,brown,0.4932,nonmatch,0.6559,0,0.4789,0.6146,67.0473991177101
38,205,13,6,1,valence_classification,color_matching,matching,match_right,GKQX,,positive,blue,✲✲ehrlich✲✲✲,,positive,blue,0.4936,match,0.7277,0,0.4789,0.6146,67.0473991177101
38,206,14,6,1,valence_classification,color_matching,matching,match_right,GKQX,,positive,blue,✲✲✲schön✲✲✲✲,,positive,blue,0.4932,match,0.6466,0,0.4789,0.6146,67.0473991177101
38,207,15,6,1,valence_classification,color_matching,matching,match_right,BMVZ,,negative,blue,✲✲✲schlau✲✲✲,,positive,brown,0.4932,nonmatch,0.5754,0,0.4789,0.6146,67.0473991177101
38,208,16,6,1,valence_classification,color_matching,matching,match_right,BMVZ,,negative,blue,✲freundlich✲,,positive,blue,0.4932,match,1.0077,0,0.4789,0.6146,67.0473991177101
38,209,17,6,1,valence_classification,color_matching,matching,match_right,GKQX,,positive,blue,✲freundlich✲,,positive,brown,0.4934,nonmatch,1.2162,0,0.4789,0.6146,67.0473991177101
38,210,18,6,1,valence_classification,color_matching,matching,match_right,GKQX,,positive,brown,✲tyrannisch✲,,negative,blue,0.4933,nonmatch,0.6375,0,0.4789,0.6146,67.0473991177101
38,211,19,6,1,valence_classification,color_matching,matching,match_right,BMVZ,,negative,brown,✲tyrannisch✲,,negative,brown,0.4932,match,0.686,0,0.4789,0.6146,67.0473991177101
38,212,20,6,1,valence_classification,color_matching,matching,match_right,GKQX,,positive,blue,✲✲✲✲faul✲✲✲✲,,negative,blue,0.4933,match,0.6317,0,0.4789,0.6146,67.0473991177101
38,213,21,6,1,valence_classification,color_matching,matching,match_right,GKQX,,positive,brown,✲✲✲✲treu✲✲✲✲,,positive,blue,0.4932,nonmatch,0.5514,0,0.4789,0.6146,67.0473991177101
38,214,22,6,1,valence_classification,color_matching,matching,match_right,GKQX,,positive,blue,✲✲✲schlau✲✲✲,,positive,blue,0.4932,match,0.7835,0,0.4789,0.6146,67.0473991177101
38,215,23,6,1,valence_classification,color_matching,matching,match_right,GKQX,,positive,brown,✲✲✲leiden✲✲✲,,negative,blue,0.4933,nonmatch,0.5187,0,0.4789,0.6146,67.0473991177101
38,216,24,6,1,valence_classification,color_matching,matching,match_right,BMVZ,,negative,blue,✲✲schroff✲✲✲,,negative,brown,0.4932,match,0.5986,1,0.4789,0.6146,67.0473991177101
38,217,25,6,1,valence_classification,color_matching,matching,match_right,BMVZ,,negative,blue,✲✲✲schön✲✲✲✲,,positive,blue,0.4932,match,0.6239,0,0.4789,0.6146,67.0473991177101
38,218,26,6,1,valence_classification,color_matching,matching,match_right,GKQX,,positive,blue,✲✲✲✲faul✲✲✲✲,,negative,brown,0.4932,nonmatch,0.5753,0,0.4789,0.6146,67.0473991177101
38,219,27,6,1,valence_classification,color_matching,matching,match_right,BMVZ,,negative,brown,✲✲schlecht✲✲,,negative,brown,0.4933,match,1.0957,0,0.4789,0.6146,67.0473991177101
38,220,28,6,1,valence_classification,color_matching,matching,match_right,BMVZ,,negative,brown,✲fanatisch✲✲,,negative,blue,0.4932,nonmatch,0.615,0,0.4789,0.6146,67.0473991177101
38,221,29,6,1,valence_classification,color_matching,matching,match_right,BMVZ,,negative,brown,✲✲ehrlich✲✲✲,,positive,brown,0.4933,match,0.9517,0,0.4789,0.6146,67.0473991177101
38,222,30,6,1,valence_classification,color_matching,matching,match_right,BMVZ,,negative,brown,✲✲✲schön✲✲✲✲,,positive,brown,0.4932,match,0.5594,0,0.4789,0.6146,67.0473991177101
38,223,31,6,1,valence_classification,color_matching,matching,match_right,BMVZ,,negative,brown,✲✲hindern✲✲✲,,negative,blue,0.4932,nonmatch,0.6396,0,0.4789,0.6146,67.0473991177101
38,224,32,6,1,valence_classification,color_matching,matching,match_right,GKQX,,positive,brown,✲✲ehrlich✲✲✲,,positive,blue,0.4932,nonmatch,0.6241,0,0.4789,0.6146,67.0473991177101
38,225,33,6,1,valence_classification,color_matching,matching,match_right,GKQX,,positive,brown,✲fanatisch✲✲,,negative,brown,0.4969,match,1.1165,0,0.4789,0.6146,67.0473991177101
38,226,34,6,1,valence_classification,color_matching,matching,match_right,BMVZ,,negative,blue,✲✲hindern✲✲✲,,negative,brown,0.4934,nonmatch,0.6643,0,0.4568,0.5926,63.957338756484305
38,227,35,6,1,valence_classification,color_matching,matching,match_right,BMVZ,,negative,blue,✲✲✲✲faul✲✲✲✲,,negative,blue,0.4932,nonmatch,0.5495,1,0.4372,0.5729,61.204319862529566
38,227,35,6,1,valence_classification,color_matching,matching,match_right,BMVZ,,negative,blue,✲✲✲✲faul✲✲✲✲,,negative,blue,0.4932,match,0.6388,0,0.4372,0.5729,61.204319862529566
38,228,36,6,1,valence_classification,color_matching,matching,match_right,BMVZ,,negative,brown,✲✲tolerant✲✲,,positive,blue,0.4932,match,0.6311,1,0.4201,0.5558,58.81762744746095
38,229,37,6,1,valence_classification,color_matching,matching,match_right,BMVZ,,negative,blue,✲✲✲✲faul✲✲✲✲,,negative,blue,0.4932,match,0.626,0,0.4692,0.6049,65.68151539787824
38,230,38,6,1,valence_classification,color_matching,matching,match_right,GKQX,,positive,brown,✲✲✲lasch✲✲✲✲,,negative,blue,0.4932,nonmatch,0.3924,0,0.4552,0.5909,63.72356403400562
38,231,39,6,1,valence_classification,color_matching,matching,match_right,GKQX,,positive,brown,✲✲✲✲treu✲✲✲✲,,positive,brown,0.4933,match,0.6161,0,0.4435,0.5792,62.09305279194644
38,232,40,6,1,valence_classification,color_matching,matching,match_right,GKQX,,positive,blue,✲✲✲lasch✲✲✲✲,,negative,blue,0.4932,nonmatch,0.4321,1,0.4337,0.5694,60.71711186618998
38,232,40,6,1,valence_classification,color_matching,matching,match_right,GKQX,,positive,blue,✲✲✲lasch✲✲✲✲,,negative,blue,0.4932,match,0.5361,0,0.4337,0.5694,60.71711186618998
38,233,41,6,1,valence_classification,color_matching,matching,match_right,BMVZ,,negative,blue,✲fanatisch✲✲,,negative,brown,0.4932,nonmatch,0.4618,0,0.4253,0.561,59.54568132774325
38,234,42,6,1,valence_classification,color_matching,matching,match_right,GKQX,,positive,brown,✲✲✲schlau✲✲✲,,positive,brown,0.4932,match,0.4423,0,0.4181,0.5538,58.53228541232717
38,235,43,6,1,valence_classification,color_matching,matching,match_right,BMVZ,,negative,brown,✲✲schlecht✲✲,,negative,blue,0.4932,nonmatch,0.4394,0,0.4117,0.5474,57.635817135314205
38,236,44,6,1,valence_classification,color_matching,matching,match_right,BMVZ,,negative,brown,✲✲spielen✲✲✲,,positive,brown,0.4932,match,0.4778,0,0.406,0.5417,56.838835344232784
38,237,45,6,1,valence_classification,color_matching,matching,match_right,GKQX,,positive,blue,✲✲✲schön✲✲✲✲,,positive,brown,0.4932,nonmatch,0.668,0,0.4008,0.5365,56.1149677816856
38,238,46,6,1,valence_classification,color_matching,matching,match_right,BMVZ,,negative,brown,✲freundlich✲,,positive,blue,0.4932,match,0.6012,1,0.3961,0.5318,55.44939627885453
38,239,47,6,1,valence_classification,color_matching,matching,match_right,BMVZ,,negative,blue,✲✲ehrlich✲✲✲,,positive,brown,0.4932,nonmatch,0.6376,0,0.41,0.5457,57.40166653627659
38,240,48,6,1,valence_classification,color_matching,matching,match_right,BMVZ,,negative,brown,✲✲tolerant✲✲,,positive,blue,0.4932,nonmatch,0.4113,0,0.4056,0.5413,56.77983961873747
38,241,49,6,1,valence_classification,color_matching,matching,match_right,GKQX,,positive,brown,✲✲schlecht✲✲,,negative,blue,0.4933,nonmatch,0.6967,0,0.4016,0.5373,56.217536096083585
38,242,50,6,1,valence_classification,color_matching,matching,match_right,BMVZ,,negative,brown,✲✲✲lasch✲✲✲✲,,negative,brown,0.4932,nonmatch,0.2243,1,0.3979,0.5336,55.70156025525507
38,243,51,6,1,valence_classification,color_matching,matching,match_right,BMVZ,,negative,brown,✲tyrannisch✲,,negative,blue,0.4932,nonmatch,0.5331,0,0.4091,0.5448,57.26751512418038
38,244,52,6,1,valence_classification,color_matching,matching,match_right,BMVZ,,negative,blue,✲✲✲leiden✲✲✲,,negative,brown,0.4932,nonmatch,0.5205,0,0.4054,0.5411,56.75709983618038
38,245,53,6,1,valence_classification,color_matching,matching,match_right,GKQX,,positive,blue,✲fanatisch✲✲,,negative,blue,0.4932,nonmatch,0.5863,1,0.4021,0.5378,56.29007293004346
38,246,54,6,1,valence_classification,color_matching,matching,match_right,BMVZ,,negative,blue,✲✲✲✲treu✲✲✲✲,,positive,blue,0.4932,match,0.5397,0,0.4121,0.5478,57.695901902682806
38,247,55,6,1,valence_classification,color_matching,matching,match_right,GKQX,,positive,brown,✲✲✲leiden✲✲✲,,negative,brown,0.4932,nonmatch,0.3999,1,0.4088,0.5445,57.2260524709634
38,247,55,6,1,valence_classification,color_matching,matching,match_right,GKQX,,positive,brown,✲✲✲leiden✲✲✲,,negative,brown,0.4932,match,0.6101,0,0.4088,0.5445,57.2260524709634
38,248,56,6,1,valence_classification,color_matching,matching,match_right,GKQX,,positive,blue,✲✲tolerant✲✲,,positive,brown,0.4932,match,0.5499,1,0.4057,0.5414,56.79610751997432
38,249,57,6,1,valence_classification,color_matching,matching,match_right,GKQX,,positive,brown,✲✲schlecht✲✲,,negative,brown,0.4933,nonmatch,0.514,1,0.4144,0.5501,58.01076286377445
38,250,58,6,1,valence_classification,color_matching,matching,match_right,GKQX,,positive,brown,✲✲hindern✲✲✲,,negative,brown,0.4932,nonmatch,0.5038,1,0.4247,0.5604,59.45386841606853
38,251,59,6,1,valence_classification,color_matching,matching,match_right,BMVZ,,negative,blue,✲✲✲leiden✲✲✲,,negative,blue,0.4932,match,0.6447,0,0.4363,0.572,61.08367266355127
38,252,60,6,1,valence_classification,color_matching,matching,match_right,GKQX,,positive,blue,✲✲schroff✲✲✲,,negative,brown,0.4936,nonmatch,0.4841,0,0.4321,0.5678,60.4890088544833
38,253,61,6,1,valence_classification,color_matching,matching,match_right,GKQX,,positive,brown,✲✲spielen✲✲✲,,positive,blue,0.4932,nonmatch,0.3861,0,0.4283,0.564,59.96273980504496
38,254,62,6,1,valence_classification,color_matching,matching,match_right,BMVZ,,negative,blue,✲✲✲lasch✲✲✲✲,,negative,blue,0.4932,match,0.5873,0,0.425,0.5607,59.494000766503525
38,255,63,6,1,valence_classification,color_matching,matching,match_right,GKQX,,positive,blue,✲freundlich✲,,positive,brown,0.4933,nonmatch,0.4548,0,0.422,0.5577,59.07525376160169
38,256,64,6,1,valence_classification,color_matching,matching,match_right,GKQX,,positive,blue,✲✲tolerant✲✲,,positive,blue,0.4932,match,0.3603,0,0.4192,0.5549,58.6891621054476
38,257,1,7,2,valence_classification,color_matching,matching,match_right,BMVZ,,negative,blue,✲✲schroff✲✲✲,,negative,blue,0.5383,match,0.536,0,0.4167,0.5524,58.3317330629023
38,258,2,7,2,valence_classification,color_matching,matching,match_right,BMVZ,,negative,blue,✲✲✲schön✲✲✲✲,,positive,brown,0.4932,nonmatch,0.4912,0,0.4143,0.55,58.00690658583408
38,259,3,7,2,valence_classification,color_matching,matching,match_right,BMVZ,,negative,brown,✲✲spielen✲✲✲,,positive,brown,0.4962,match,0.4284,0,0.4121,0.5478,57.69495950968284
38,260,4,7,2,valence_classification,color_matching,matching,match_right,GKQX,,positive,blue,✲✲spielen✲✲✲,,positive,brown,0.4932,nonmatch,0.5417,0,0.4101,0.5458,57.41455475636095
38,261,5,7,2,valence_classification,color_matching,matching,match_right,GKQX,,positive,brown,✲✲hindern✲✲✲,,negative,blue,0.4933,match,0.5181,1,0.4081,0.5439,57.14017505337037
38,262,6,7,2,valence_classification,color_matching,matching,match_right,GKQX,,positive,brown,✲✲✲lasch✲✲✲✲,,negative,brown,0.4932,match,0.5397,0,0.4138,0.5495,57.92617565317986
38,263,7,7,2,valence_classification,color_matching,matching,match_right,GKQX,,positive,blue,✲✲✲✲faul✲✲✲✲,,negative,blue,0.4932,nonmatch,0.3421,1,0.4118,0.5475,57.648569973814624
38,264,8,7,2,valence_classification,color_matching,matching,match_right,BMVZ,,negative,brown,✲✲✲leiden✲✲✲,,negative,blue,0.4933,match,0.6004,1,0.4175,0.5532,58.45443241566389
38,265,9,7,2,valence_classification,color_matching,matching,match_right,GKQX,,positive,brown,✲fanatisch✲✲,,negative,brown,0.4932,match,0.615,0,0.4236,0.5593,59.30281244048337
38,266,10,7,2,valence_classification,color_matching,matching,match_right,BMVZ,,negative,blue,✲✲✲lasch✲✲✲✲,,negative,brown,0.4932,nonmatch,0.3842,0,0.4214,0.5571,58.995013465806544
38,267,11,7,2,valence_classification,color_matching,matching,match_right,BMVZ,,negative,brown,✲freundlich✲,,positive,brown,0.4932,nonmatch,0.6638,1,0.4193,0.5551,58.708292368362486
38,267,11,7,2,valence_classification,color_matching,matching,match_right,BMVZ,,negative,brown,✲freundlich✲,,positive,brown,0.4932,match,0.6833,0,0.4193,0.5551,58.708292368362486
38,268,12,7,2,valence_classification,color_matching,matching,match_right,GKQX,,positive,blue,✲✲✲✲treu✲✲✲✲,,positive,brown,0.4961,nonmatch,0.3974,0,0.4174,0.5531,58.44098148527494
38,269,13,7,2,valence_classification,color_matching,matching,match_right,BMVZ,,negative,brown,✲✲ehrlich✲✲✲,,positive,blue,0.4932,match,0.5687,1,0.4156,0.5513,58.18632907735512
38,270,14,7,2,valence_classification,color_matching,matching,match_right,GKQX,,positive,brown,✲✲✲schön✲✲✲✲,,positive,brown,0.4932,match,0.672,0,0.4209,0.5566,58.92980760332327
38,271,15,7,2,valence_classification,color_matching,matching,match_right,GKQX,,positive,brown,✲✲✲schlau✲✲✲,,positive,blue,0.4932,nonmatch,0.3899,0,0.4191,0.5548,58.67324192641753
38,272,16,7,2,valence_classification,color_matching,matching,match_right,BMVZ,,negative,brown,✲✲✲schlau✲✲✲,,positive,blue,0.4933,nonmatch,0.6034,0,0.4174,0.5531,58.42959567587184
38,273,17,7,2,valence_classification,color_matching,matching,match_right,GKQX,,positive,blue,✲✲✲leiden✲✲✲,,negative,brown,0.4933,nonmatch,0.5755,0,0.4157,0.5514,58.19661130715421
38,274,18,7,2,valence_classification,color_matching,matching,match_right,GKQX,,positive,brown,✲✲spielen✲✲✲,,positive,blue,0.4932,nonmatch,0.3915,0,0.4142,0.5499,57.98260597761525
38,275,19,7,2,valence_classification,color_matching,matching,match_right,BMVZ,,negative,brown,✲✲spielen✲✲✲,,positive,blue,0.4938,nonmatch,0.5184,0,0.4127,0.5484,57.771628841436154
38,276,20,7,2,valence_classification,color_matching,matching,match_right,GKQX,,positive,blue,✲✲schlecht✲✲,,negative,blue,0.4932,match,0.3531,0,0.4112,0.547,57.57411087502287
38,277,21,7,2,valence_classification,color_matching,matching,match_right,GKQX,,positive,blue,✲freundlich✲,,positive,blue,0.4933,match,0.5614,0,0.4099,0.5456,57.38794085598696
38,278,22,7,2,valence_classification,color_matching,matching,match_right,GKQX,,positive,brown,✲✲schroff✲✲✲,,negative,brown,0.4932,nonmatch,0.3913,1,0.4086,0.5443,57.20452266584681
38,279,23,7,2,valence_classification,color_matching,matching,match_right,GKQX,,positive,brown,✲✲✲✲treu✲✲✲✲,,positive,blue,0.4932,nonmatch,0.5467,0,0.4123,0.548,57.72592732797847
38,280,24,7,2,valence_classification,color_matching,matching,match_right,GKQX,,positive,blue,✲✲tolerant✲✲,,positive,blue,0.4932,match,0.5791,0,0.411,0.5467,57.54494919093522
38,281,25,7,2,valence_classification,color_matching,matching,match_right,GKQX,,positive,brown,✲✲schlecht✲✲,,negative,brown,0.4935,match,0.5545,0,0.4098,0.5455,57.37091655556092
38,282,26,7,2,valence_classification,color_matching,matching,match_right,BMVZ,,negative,blue,✲✲✲lasch✲✲✲✲,,negative,brown,0.4932,nonmatch,0.504,0,0.4086,0.5443,57.199095065536596
38,283,27,7,2,valence_classification,color_matching,matching,match_right,GKQX,,positive,brown,✲✲✲leiden✲✲✲,,negative,blue,0.4933,match,0.3967,1,0.4074,0.5431,57.03493479218713
38,284,28,7,2,valence_classification,color_matching,matching,match_right,GKQX,,positive,blue,✲✲hindern✲✲✲,,negative,blue,0.4933,match,0.6085,0,0.4109,0.5466,57.51971238299927
38,285,29,7,2,valence_classification,color_matching,matching,match_right,BMVZ,,negative,brown,✲tyrannisch✲,,negative,blue,0.4932,nonmatch,0.4326,0,0.4097,0.5454,57.35608355471045
38,286,30,7,2,valence_classification,color_matching,matching,match_right,BMVZ,,negative,brown,✲✲hindern✲✲✲,,negative,brown,0.4932,match,0.4779,0,0.4085,0.5442,57.194238960631104
38,287,31,7,2,valence_classification,color_matching,matching,match_right,BMVZ,,negative,blue,✲freundlich✲,,positive,brown,0.4932,nonmatch,0.5503,0,0.4074,0.5431,57.03959111901192
38,288,32,7,2,valence_classification,color_matching,matching,match_right,GKQX,,positive,blue,✲✲ehrlich✲✲✲,,positive,blue,0.4932,match,0.5276,0,0.4064,0.5421,56.89512737501475
38,289,33,7,2,valence_classification,color_matching,matching,match_right,GKQX,,positive,brown,✲✲tolerant✲✲,,positive,blue,0.4932,nonmatch,2.1241,0,0.4054,0.5411,56.75212008952728
38,290,34,7,2,valence_classification,color_matching,matching,match_right,BMVZ,,negative,blue,✲✲✲✲faul✲✲✲✲,,negative,blue,0.4932,match,0.5944,0,0.4044,0.5401,56.60995617330964
38,291,35,7,2,valence_classification,color_matching,matching,match_right,GKQX,,positive,brown,✲✲✲schlau✲✲✲,,positive,brown,0.4967,nonmatch,0.5113,1,0.4034,0.5391,56.474514634256025
38,292,36,7,2,valence_classification,color_matching,matching,match_right,BMVZ,,negative,blue,✲✲✲retten✲✲✲,,positive,blue,0.4932,match,0.5561,0,0.4063,0.542,56.87696184692079
38,293,37,7,2,valence_classification,color_matching,matching,match_right,BMVZ,,negative,brown,✲fanatisch✲✲,,negative,blue,0.4932,nonmatch,0.4133,0,0.4053,0.541,56.74104835361712
38,294,38,7,2,valence_classification,color_matching,matching,match_right,GKQX,,positive,blue,✲✲✲retten✲✲✲,,positive,brown,0.4932,match,0.5266,1,0.4043,0.54,56.60576928448301
38,295,39,7,2,valence_classification,color_matching,matching,match_right,GKQX,,positive,brown,✲✲✲✲faul✲✲✲✲,,negative,blue,0.4932,nonmatch,0.7488,0,0.4071,0.5428,56.989338540952616
38,296,40,7,2,valence_classification,color_matching,matching,match_right,BMVZ,,negative,blue,✲✲tolerant✲✲,,positive,blue,0.4932,match,0.4759,0,0.4061,0.5419,56.85908372600946
38,297,41,7,2,valence_classification,color_matching,matching,match_right,BMVZ,,negative,blue,✲✲schlecht✲✲,,negative,blue,0.4932,match,0.5914,0,0.4052,0.5409,56.72970885986946
38,298,42,7,2,valence_classification,color_matching,matching,match_right,BMVZ,,negative,brown,✲✲✲✲faul✲✲✲✲,,negative,brown,0.4932,nonmatch,0.4133,1,0.4043,0.54,56.600777854219444
38,299,43,7,2,valence_classification,color_matching,matching,match_right,BMVZ,,negative,blue,✲✲ehrlich✲✲✲,,positive,blue,0.4932,match,0.6598,0,0.4069,0.5426,56.96652094792033
38,300,44,7,2,valence_classification,color_matching,matching,match_right,GKQX,,positive,blue,✲✲✲schön✲✲✲✲,,positive,brown,0.4932,nonmatch,2.8146,0,0.406,0.5417,56.84241365939114
38,301,45,7,2,valence_classification,color_matching,matching,match_right,BMVZ,,negative,blue,✲✲✲schlau✲✲✲,,positive,brown,0.4933,match,3.1027,1,0.4051,0.5408,56.71895479579663
38,302,46,7,2,valence_classification,color_matching,matching,match_right,BMVZ,,negative,brown,✲fanatisch✲✲,,negative,blue,0.4932,nonmatch,0.5324,0,0.4076,0.5433,57.064225134211675
38,303,47,7,2,valence_classification,color_matching,matching,match_right,GKQX,,positive,brown,✲freundlich✲,,positive,brown,0.4967,match,0.5057,0,0.4067,0.5425,56.94443308956839
38,304,48,7,2,valence_classification,color_matching,matching,match_right,BMVZ,,negative,brown,✲✲schroff✲✲✲,,negative,brown,0.4932,match,0.5599,0,0.4059,0.5416,56.826020824892204
38,449,1,10,5,valence_classification,color_matching,matching,match_right,BMVZ,,negative,brown,✲tyrannisch✲,,negative,blue,0.4933,match,0.8852,1,0.4059,0.5416,56.826020824892204
38,450,2,10,5,valence_classification,color_matching,matching,match_right,BMVZ,,negative,blue,✲✲✲retten✲✲✲,,positive,brown,0.4932,nonmatch,0.4827,0,0.4083,0.544,57.159393187599534
38,451,3,10,5,valence_classification,color_matching,matching,match_right,GKQX,,positive,brown,✲✲schlecht✲✲,,negative,blue,0.4932,nonmatch,0.4609,0,0.4074,0.5431,57.038296515595825
38,452,4,10,5,valence_classification,color_matching,matching,match_right,BMVZ,,negative,blue,✲✲hindern✲✲✲,,negative,brown,0.4969,nonmatch,0.3833,0,0.4066,0.5423,56.923940285772375
38,453,5,10,5,valence_classification,color_matching,matching,match_right,BMVZ,,negative,blue,✲✲✲✲faul✲✲✲✲,,negative,brown,0.4932,nonmatch,0.3999,0,0.4058,0.5415,56.81070320501215
38,454,6,10,5,valence_classification,color_matching,matching,match_right,GKQX,,positive,blue,✲✲schroff✲✲✲,,negative,blue,0.4933,match,0.4634,0,0.405,0.5407,56.6983912860399
38,455,7,10,5,valence_classification,color_matching,matching,match_right,BMVZ,,negative,brown,✲✲✲✲faul✲✲✲✲,,negative,brown,0.4932,match,0.4904,0,0.4042,0.5399,56.58532800078596
38,456,8,10,5,valence_classification,color_matching,matching,match_right,GKQX,,positive,brown,✲✲✲✲treu✲✲✲✲,,positive,brown,0.4932,nonmatch,0.56,1,0.4034,0.5391,56.47914199821008
38,457,9,10,5,valence_classification,color_matching,matching,match_right,GKQX,,positive,brown,✲✲tolerant✲✲,,positive,blue,0.4932,nonmatch,0.5007,0,0.4057,0.5414,56.79851201372938
38,458,10,10,5,valence_classification,color_matching,matching,match_right,BMVZ,,negative,brown,✲tyrannisch✲,,negative,blue,0.4932,nonmatch,0.5113,0,0.4049,0.5406,56.69046359892896
38,459,11,10,5,valence_classification,color_matching,matching,match_right,GKQX,,positive,brown,✲✲spielen✲✲✲,,positive,blue,0.4932,nonmatch,0.5692,0,0.4042,0.5399,56.581610986260905
38,460,12,10,5,valence_classification,color_matching,matching,match_right,GKQX,,positive,brown,✲✲✲schön✲✲✲✲,,positive,brown,0.4932,match,0.3603,0,0.4034,0.5391,56.47970793071891
38,461,13,10,5,valence_classification,color_matching,matching,match_right,BMVZ,,negative,brown,✲✲✲retten✲✲✲,,positive,blue,0.4932,nonmatch,0.4701,0,0.4027,0.5385,56.383318548911944
38,462,14,10,5,valence_classification,color_matching,matching,match_right,BMVZ,,negative,brown,✲✲tolerant✲✲,,positive,brown,0.4933,match,0.4291,0,0.4021,0.5378,56.28784805183881
38,463,15,10,5,valence_classification,color_matching,matching,match_right,GKQX,,positive,brown,✲✲✲✲faul✲✲✲✲,,negative,brown,0.4932,nonmatch,0.818,1,0.4014,0.5371,56.19267958388643
38,464,16,10,5,valence_classification,color_matching,matching,match_right,GKQX,,positive,blue,✲✲hindern✲✲✲,,negative,brown,0.4933,nonmatch,0.5637,0,0.4033,0.539,56.45855302325504
38,465,17,10,5,valence_classification,color_matching,matching,match_right,BMVZ,,negative,blue,✲✲spielen✲✲✲,,positive,brown,0.4932,nonmatch,0.6133,0,0.4026,0.5383,56.365765405231706
38,466,18,10,5,valence_classification,color_matching,matching,match_right,GKQX,,positive,blue,✲✲spielen✲✲✲,,positive,brown,0.4932,nonmatch,0.396,0,0.402,0.5377,56.2737342120704
38,467,19,10,5,valence_classification,color_matching,matching,match_right,BMVZ,,negative,brown,✲✲✲lasch✲✲✲✲,,negative,brown,0.4932,match,0.511,0,0.4013,0.537,56.18188788205044
38,468,20,10,5,valence_classification,color_matching,matching,match_right,GKQX,,positive,blue,✲✲schroff✲✲✲,,negative,blue,0.4933,match,0.461,0,0.4006,0.5364,56.09017288929378
38,469,21,10,5,valence_classification,color_matching,matching,match_right,GKQX,,positive,blue,✲freundlich✲,,positive,blue,0.4932,match,0.5611,0,0.4,0.5357,55.997415709058025
38,470,22,10,5,valence_classification,color_matching,matching,match_right,GKQX,,positive,blue,✲✲✲lasch✲✲✲✲,,negative,brown,0.4932,nonmatch,0.4261,0,0.3994,0.5351,55.91273505383549
38,471,23,10,5,valence_classification,color_matching,matching,match_right,BMVZ,,negative,blue,✲freundlich✲,,positive,blue,0.4932,nonmatch,0.4038,1,0.3988,0.5345,55.8310861143851
38,471,23,10,5,valence_classification,color_matching,matching,match_right,BMVZ,,negative,blue,✲freundlich✲,,positive,blue,0.4932,match,0.5255,0,0.3988,0.5345,55.8310861143851
38,472,24,10,5,valence_classification,color_matching,matching,match_right,GKQX,,positive,brown,✲fanatisch✲✲,,negative,blue,0.4963,match,0.4933,1,0.3982,0.5339,55.75014135358058
38,473,25,10,5,valence_classification,color_matching,matching,match_right,GKQX,,positive,blue,✲✲✲leiden✲✲✲,,negative,brown,0.4932,nonmatch,0.576,0,0.4,0.5357,55.99442316940891
38,474,26,10,5,valence_classification,color_matching,matching,match_right,BMVZ,,negative,blue,✲✲✲leiden✲✲✲,,negative,brown,0.4932,nonmatch,0.3897,0,0.3994,0.5351,55.91272576000915
38,475,27,10,5,valence_classification,color_matching,matching,match_right,BMVZ,,negative,blue,✲✲✲lasch✲✲✲✲,,negative,blue,0.4963,match,0.4762,0,0.3988,0.5345,55.833711303467425
38,476,28,10,5,valence_classification,color_matching,matching,match_right,BMVZ,,negative,blue,✲✲ehrlich✲✲✲,,positive,brown,0.4932,nonmatch,0.3967,0,0.3983,0.534,55.75538229351834
38,477,29,10,5,valence_classification,color_matching,matching,match_right,BMVZ,,negative,blue,✲✲spielen✲✲✲,,positive,brown,0.4932,nonmatch,0.6089,0,0.3977,0.5334,55.67731743143216
38,478,30,10,5,valence_classification,color_matching,matching,match_right,GKQX,,positive,brown,✲✲✲schön✲✲✲✲,,positive,blue,0.4932,match,0.3934,1,0.3971,0.5329,55.599571155882
38,479,31,10,5,valence_classification,color_matching,matching,match_right,BMVZ,,negative,blue,✲✲schlecht✲✲,,negative,blue,0.4932,match,0.5356,0,0.3987,0.5344,55.81897703844672
38,480,32,10,5,valence_classification,color_matching,matching,match_right,GKQX,,positive,brown,✲✲✲lasch✲✲✲✲,,negative,blue,0.4932,nonmatch,0.4967,0,0.3982,0.5339,55.742968937386436
38,481,33,10,5,valence_classification,color_matching,matching,match_right,BMVZ,,negative,blue,✲✲✲✲treu✲✲✲✲,,positive,blue,0.4932,match,0.6492,0,0.3976,0.5333,55.66714494761562
38,482,34,10,5,valence_classification,color_matching,matching,match_right,BMVZ,,negative,blue,✲✲schroff✲✲✲,,negative,brown,0.4932,nonmatch,0.4214,0,0.3971,0.5328,55.591566429502116
38,483,35,10,5,valence_classification,color_matching,matching,match_right,GKQX,,positive,blue,✲✲ehrlich✲✲✲,,positive,blue,0.4933,nonmatch,0.4431,1,0.3965,0.5323,55.51531797277199
38,484,36,10,5,valence_classification,color_matching,matching,match_right,GKQX,,positive,brown,✲fanatisch✲✲,,negative,blue,0.4935,nonmatch,0.5897,0,0.3981,0.5338,55.73165552254789
38,485,37,10,5,valence_classification,color_matching,matching,match_right,BMVZ,,negative,brown,✲✲schlecht✲✲,,negative,brown,0.4932,match,0.4037,0,0.3976,0.5333,55.657893137511614
38,486,38,10,5,valence_classification,color_matching,matching,match_right,BMVZ,,negative,blue,✲✲schroff✲✲✲,,negative,blue,0.4932,match,0.4395,0,0.397,0.5327,55.58431309265287
38,487,39,10,5,valence_classification,color_matching,matching,match_right,BMVZ,,negative,brown,✲✲✲schlau✲✲✲,,positive,brown,0.4934,match,0.3539,0,0.3965,0.5322,55.51004084714358
38,488,40,10,5,valence_classification,color_matching,matching,match_right,GKQX,,positive,blue,✲tyrannisch✲,,negative,blue,0.4932,nonmatch,0.3112,1,0.396,0.5317,55.434719219092855
38,489,41,10,5,valence_classification,color_matching,matching,match_right,GKQX,,positive,brown,✲freundlich✲,,positive,blue,0.4933,match,0.5143,1,0.3975,0.5332,55.64948069353704
38,490,42,10,5,valence_classification,color_matching,matching,match_right,GKQX,,positive,blue,✲✲hindern✲✲✲,,negative,brown,0.4932,nonmatch,0.5336,0,0.3989,0.5346,55.850210559426976
38,491,43,10,5,valence_classification,color_matching,matching,match_right,GKQX,,positive,blue,✲✲✲✲faul✲✲✲✲,,negative,blue,0.4932,match,0.6248,0,0.3984,0.5341,55.779947406103375
38,492,44,10,5,valence_classification,color_matching,matching,match_right,GKQX,,positive,blue,✲✲✲✲treu✲✲✲✲,,positive,brown,0.4932,nonmatch,0.5189,0,0.3979,0.5336,55.71001047640433
38,493,45,10,5,valence_classification,color_matching,matching,match_right,BMVZ,,negative,brown,✲fanatisch✲✲,,negative,blue,0.4932,nonmatch,0.648,0,0.3974,0.5331,55.640066395515205
38,494,46,10,5,valence_classification,color_matching,matching,match_right,GKQX,,positive,brown,✲✲tolerant✲✲,,positive,brown,0.4932,match,0.471,0,0.3969,0.5326,55.57019196263889
38,495,47,10,5,valence_classification,color_matching,matching,match_right,BMVZ,,negative,brown,✲✲ehrlich✲✲✲,,positive,blue,0.4932,nonmatch,0.4898,0,0.3964,0.5321,55.499586453937646
38,496,48,10,5,valence_classification,color_matching,matching,match_right,BMVZ,,negative,brown,✲✲tolerant✲✲,,positive,brown,0.4932,match,0.3837,0,0.3959,0.5316,55.42792731128905
38,497,49,10,5,valence_classification,color_matching,matching,match_right,GKQX,,positive,brown,✲tyrannisch✲,,negative,brown,0.4932,match,0.5362,0,0.3955,0.5312,55.364170638927106
38,498,50,10,5,valence_classification,color_matching,matching,match_right,BMVZ,,negative,brown,✲✲✲schlau✲✲✲,,positive,blue,0.4932,nonmatch,0.3828,0,0.395,0.5307,55.301807256254826
38,499,51,10,5,valence_classification,color_matching,matching,match_right,BMVZ,,negative,brown,✲freundlich✲,,positive,brown,0.4932,match,0.6816,0,0.3946,0.5303,55.24000667906171
38,500,52,10,5,valence_classification,color_matching,matching,match_right,BMVZ,,negative,blue,✲✲✲leiden✲✲✲,,negative,blue,0.4932,match,0.4685,0,0.3941,0.5298,55.17850117676693
38,501,53,10,5,valence_classification,color_matching,matching,match_right,BMVZ,,negative,brown,✲✲✲schön✲✲✲✲,,positive,blue,0.4932,nonmatch,0.461,0,0.3937,0.5294,55.11702896304713
38,502,54,10,5,valence_classification,color_matching,matching,match_right,BMVZ,,negative,blue,✲✲✲✲treu✲✲✲✲,,positive,blue,0.4932,match,0.4037,0,0.3933,0.529,55.05570468645321
38,503,55,10,5,valence_classification,color_matching,matching,match_right,BMVZ,,negative,brown,✲fanatisch✲✲,,negative,blue,0.4932,nonmatch,0.5192,0,0.3928,0.5285,54.993844045657085
38,504,56,10,5,valence_classification,color_matching,matching,match_right,GKQX,,positive,brown,✲✲✲schlau✲✲✲,,positive,brown,0.4932,nonmatch,0.5038,1,0.3924,0.5281,54.93119368504199
38,505,57,10,5,valence_classification,color_matching,matching,match_right,GKQX,,positive,brown,✲✲schlecht✲✲,,negative,brown,0.4934,match,0.4714,0,0.3936,0.5294,55.10939356919457
38,506,58,10,5,valence_classification,color_matching,matching,match_right,BMVZ,,negative,blue,✲✲✲schön✲✲✲✲,,positive,blue,0.4932,match,0.4763,0,0.3932,0.5289,55.049367313353436
38,507,59,10,5,valence_classification,color_matching,matching,match_right,GKQX,,positive,blue,✲✲✲retten✲✲✲,,positive,brown,0.4933,match,0.5273,1,0.3928,0.5285,54.988789246648764
38,508,60,10,5,valence_classification,color_matching,matching,match_right,GKQX,,positive,blue,✲✲✲retten✲✲✲,,positive,brown,0.4932,nonmatch,0.7158,0,0.394,0.5297,55.16047278042997
38,509,61,10,5,valence_classification,color_matching,matching,match_right,GKQX,,positive,blue,✲✲ehrlich✲✲✲,,positive,blue,0.4967,nonmatch,0.3817,1,0.3936,0.5293,55.10164093483446
38,510,62,10,5,valence_classification,color_matching,matching,match_right,GKQX,,positive,brown,✲✲✲leiden✲✲✲,,negative,brown,0.4932,nonmatch,0.7539,1,0.3948,0.5305,55.26600600887154
38,511,63,10,5,valence_classification,color_matching,matching,match_right,GKQX,,positive,blue,✲✲✲schlau✲✲✲,,positive,blue,0.4932,match,0.4323,0,0.396,0.5317,55.44127462993988
38,512,64,10,5,valence_classification,color_matching,matching,match_right,BMVZ,,negative,brown,✲✲hindern✲✲✲,,negative,brown,0.4932,match,0.5399,0,0.3956,0.5313,55.381091078474135
38,513,1,11,6,valence_classification,color_matching,matching,match_right,BMVZ,,negative,brown,✲✲tolerant✲✲,,positive,brown,0.4932,match,0.4698,0,0.3952,0.5309,55.32389893973282
38,514,2,11,6,valence_classification,color_matching,matching,match_right,BMVZ,,negative,blue,✲✲hindern✲✲✲,,negative,brown,0.4932,nonmatch,0.3421,0,0.3948,0.5305,55.26729982509211
38,515,3,11,6,valence_classification,color_matching,matching,match_right,GKQX,,positive,brown,✲✲✲✲treu✲✲✲✲,,positive,brown,0.4932,nonmatch,0.3902,1,0.3944,0.5301,55.211067183279624
38,516,4,11,6,valence_classification,color_matching,matching,match_right,BMVZ,,negative,brown,✲✲✲leiden✲✲✲,,negative,brown,0.4968,nonmatch,0.5182,1,0.3956,0.5313,55.379635839527054
38,517,5,11,6,valence_classification,color_matching,matching,match_right,GKQX,,positive,brown,✲tyrannisch✲,,negative,blue,0.4936,match,0.4679,1,0.3969,0.5326,55.559989018834926
38,518,6,11,6,valence_classification,color_matching,matching,match_right,GKQX,,positive,brown,✲✲hindern✲✲✲,,negative,brown,0.4937,nonmatch,0.6206,1,0.3981,0.5338,55.73345401387124
38,519,7,11,6,valence_classification,color_matching,matching,match_right,GKQX,,positive,blue,✲fanatisch✲✲,,negative,brown,0.4972,nonmatch,0.5673,0,0.3994,0.5351,55.9130274598659
38,520,8,11,6,valence_classification,color_matching,matching,match_right,GKQX,,positive,blue,✲✲✲schön✲✲✲✲,,positive,brown,0.4932,nonmatch,0.4474,0,0.399,0.5347,55.85383697774749
38,521,9,11,6,valence_classification,color_matching,matching,match_right,BMVZ,,negative,blue,✲✲✲schön✲✲✲✲,,positive,blue,0.4932,match,0.5294,0,0.3985,0.5343,55.79518783018994
38,522,10,11,6,valence_classification,color_matching,matching,match_right,GKQX,,positive,blue,✲✲schlecht✲✲,,negative,blue,0.4932,match,0.6062,0,0.3981,0.5338,55.73683983556749
38,523,11,11,6,valence_classification,color_matching,matching,match_right,GKQX,,positive,brown,✲✲✲✲faul✲✲✲✲,,negative,blue,0.4932,nonmatch,0.3745,0,0.3977,0.5334,55.67855837466537
38,524,12,11,6,valence_classification,color_matching,matching,match_right,GKQX,,positive,blue,✲✲schroff✲✲✲,,negative,brown,0.4933,match,0.4551,1,0.3973,0.533,55.62047562494496
38,525,13,11,6,valence_classification,color_matching,matching,match_right,BMVZ,,negative,blue,✲✲schlecht✲✲,,negative,blue,0.4965,nonmatch,0.6157,1,0.3985,0.5342,55.784174742771846
38,526,14,11,6,valence_classification,color_matching,matching,match_right,BMVZ,,negative,blue,✲✲schlecht✲✲,,negative,brown,0.4932,nonmatch,0.6292,0,0.3997,0.5354,55.955657259994304
38,527,15,11,6,valence_classification,color_matching,matching,match_right,BMVZ,,negative,brown,✲✲✲retten✲✲✲,,positive,blue,0.4932,nonmatch,0.5144,0,0.3993,0.535,55.89853165880915
38,528,16,11,6,valence_classification,color_matching,matching,match_right,BMVZ,,negative,brown,✲✲✲schön✲✲✲✲,,positive,brown,0.4962,match,0.4483,0,0.3989,0.5346,55.842094608073275
38,529,17,11,6,valence_classification,color_matching,matching,match_right,BMVZ,,negative,blue,✲✲hindern✲✲✲,,negative,blue,0.4932,match,0.5393,0,0.3985,0.5342,55.78612111356532
38,530,18,11,6,valence_classification,color_matching,matching,match_right,BMVZ,,negative,brown,✲✲ehrlich✲✲✲,,positive,blue,0.4932,nonmatch,0.4325,0,0.3981,0.5338,55.730392568715665
38,531,19,11,6,valence_classification,color_matching,matching,match_right,BMVZ,,negative,blue,✲✲schroff✲✲✲,,negative,brown,0.4932,match,0.5915,1,0.3977,0.5334,55.67469498500626
38,531,19,11,6,valence_classification,color_matching,matching,match_right,BMVZ,,negative,blue,✲✲schroff✲✲✲,,negative,brown,0.4932,nonmatch,0.7595,0,0.3977,0.5334,55.67469498500626
38,532,20,11,6,valence_classification,color_matching,matching,match_right,GKQX,,positive,blue,✲✲✲retten✲✲✲,,positive,blue,0.4932,match,0.5503,0,0.3973,0.533,55.619164513437575
38,533,21,11,6,valence_classification,color_matching,matching,match_right,GKQX,,positive,brown,✲✲ehrlich✲✲✲,,positive,brown,0.4932,nonmatch,0.3909,1,0.3969,0.5326,55.563199606811196
38,534,22,11,6,valence_classification,color_matching,matching,match_right,GKQX,,positive,brown,✲✲schlecht✲✲,,negative,brown,0.4933,match,0.8001,0,0.398,0.5337,55.721519061139716
38,535,23,11,6,valence_classification,color_matching,matching,match_right,GKQX,,positive,brown,✲✲spielen✲✲✲,,positive,blue,0.4933,nonmatch,0.5457,0,0.3976,0.5333,55.666934853025325
38,536,24,11,6,valence_classification,color_matching,matching,match_right,BMVZ,,negative,brown,✲fanatisch✲✲,,negative,brown,0.4932,match,0.6315,0,0.3972,0.5329,55.61247996556279
38,537,25,11,6,valence_classification,color_matching,matching,match_right,BMVZ,,negative,brown,✲✲✲✲faul✲✲✲✲,,negative,blue,0.4933,nonmatch,0.5333,0,0.3968,0.5326,55.55757266722149
38,538,26,11,6,valence_classification,color_matching,matching,match_right,GKQX,,positive,blue,✲✲✲leiden✲✲✲,,negative,blue,0.4965,match,0.576,0,0.3964,0.5322,55.5020142265147
38,539,27,11,6,valence_classification,color_matching,matching,match_right,BMVZ,,negative,blue,✲✲✲lasch✲✲✲✲,,negative,brown,0.4932,match,0.5625,1,0.396,0.5318,55.44560342099242
38,539,27,11,6,valence_classification,color_matching,matching,match_right,BMVZ,,negative,blue,✲✲✲lasch✲✲✲✲,,negative,brown,0.4932,nonmatch,0.7163,0,0.396,0.5318,55.44560342099242
38,540,28,11,6,valence_classification,color_matching,matching,match_right,BMVZ,,negative,brown,✲✲✲schlau✲✲✲,,positive,blue,0.4933,nonmatch,0.7035,0,0.3957,0.5314,55.39311161396001
38,541,29,11,6,valence_classification,color_matching,matching,match_right,BMVZ,,negative,blue,✲fanatisch✲✲,,negative,blue,0.4932,nonmatch,0.3181,1,0.3953,0.531,55.34415549192397
38,542,30,11,6,valence_classification,color_matching,matching,match_right,BMVZ,,negative,blue,✲freundlich✲,,positive,brown,0.4964,nonmatch,0.7206,0,0.3964,0.5321,55.49785117309295
38,543,31,11,6,valence_classification,color_matching,matching,match_right,BMVZ,,negative,brown,✲✲schroff✲✲✲,,negative,blue,0.4932,nonmatch,0.5369,0,0.396,0.5317,55.44242363917458
38,544,32,11,6,valence_classification,color_matching,matching,match_right,GKQX,,positive,brown,✲✲✲retten✲✲✲,,positive,blue,0.4932,nonmatch,0.4323,0,0.3957,0.5314,55.391294187272834
38,545,33,11,6,valence_classification,color_matching,matching,match_right,GKQX,,positive,blue,✲✲✲schlau✲✲✲,,positive,blue,0.5307,match,0.4682,0,0.3953,0.531,55.343311759603004
38,546,34,11,6,valence_classification,color_matching,matching,match_right,BMVZ,,negative,brown,✲✲ehrlich✲✲✲,,positive,brown,0.4932,match,0.5256,0,0.395,0.5307,55.29587443863933
38,547,35,11,6,valence_classification,color_matching,matching,match_right,BMVZ,,negative,blue,✲✲tolerant✲✲,,positive,brown,0.4932,nonmatch,0.4432,0,0.3946,0.5303,55.248821125507725
38,548,36,11,6,valence_classification,color_matching,matching,match_right,BMVZ,,negative,blue,✲✲✲✲treu✲✲✲✲,,positive,brown,0.4936,nonmatch,0.4754,0,0.3943,0.53,55.201994828335415
38,549,37,11,6,valence_classification,color_matching,matching,match_right,BMVZ,,negative,brown,✲tyrannisch✲,,negative,blue,0.4932,nonmatch,0.4704,0,0.394,0.5297,55.155241587822424
38,550,38,11,6,valence_classification,color_matching,matching,match_right,GKQX,,positive,blue,✲✲✲lasch✲✲✲✲,,negative,brown,0.4932,nonmatch,0.4466,0,0.3936,0.5293,55.1084094532245
38,551,39,11,6,valence_classification,color_matching,matching,match_right,GKQX,,positive,brown,✲✲✲leiden✲✲✲,,negative,brown,0.4932,match,0.3611,0,0.3933,0.529,55.06163798173573
38,552,40,11,6,valence_classification,color_matching,matching,match_right,GKQX,,positive,blue,✲✲✲lasch✲✲✲✲,,negative,blue,0.4932,match,0.5078,0,0.393,0.5287,55.014454997600126
38,553,41,11,6,valence_classification,color_matching,matching,match_right,GKQX,,positive,blue,✲✲✲✲faul✲✲✲✲,,negative,brown,0.4933,nonmatch,0.5039,0,0.3926,0.5283,54.96671109435032
38,554,42,11,6,valence_classification,color_matching,matching,match_right,GKQX,,positive,blue,✲✲tolerant✲✲,,positive,brown,0.4932,match,0.4117,1,0.3923,0.528,54.91825468042055
38,555,43,11,6,valence_classification,color_matching,matching,match_right,GKQX,,positive,brown,✲✲✲schlau✲✲✲,,positive,blue,0.4932,nonmatch,0.4683,0,0.3933,0.529,55.05617490866552
38,556,44,11,6,valence_classification,color_matching,matching,match_right,GKQX,,positive,blue,✲✲ehrlich✲✲✲,,positive,brown,0.4936,nonmatch,0.461,0,0.3929,0.5286,55.00972506714274
38,557,45,11,6,valence_classification,color_matching,matching,match_right,GKQX,,positive,brown,✲freundlich✲,,positive,brown,0.4932,match,0.4414,0,0.3926,0.5283,54.96270791138611
38,558,46,11,6,valence_classification,color_matching,matching,match_right,GKQX,,positive,blue,✲✲spielen✲✲✲,,positive,brown,0.4932,match,0.5255,1,0.3922,0.528,54.91497644860209
38,558,46,11,6,valence_classification,color_matching,matching,match_right,GKQX,,positive,blue,✲✲spielen✲✲✲,,positive,brown,0.4932,nonmatch,0.6803,0,0.3922,0.528,54.91497644860209
38,559,47,11,6,valence_classification,color_matching,matching,match_right,GKQX,,positive,blue,✲✲✲✲treu✲✲✲✲,,positive,blue,0.4932,nonmatch,0.4278,1,0.3919,0.5276,54.86713899565111
38,559,47,11,6,valence_classification,color_matching,matching,match_right,GKQX,,positive,blue,✲✲✲✲treu✲✲✲✲,,positive,blue,0.4932,match,0.6342,0,0.3919,0.5276,54.86713899565111
38,560,48,11,6,valence_classification,color_matching,matching,match_right,GKQX,,positive,brown,✲fanatisch✲✲,,negative,blue,0.4932,nonmatch,0.7295,0,0.3916,0.5273,54.825299687111425
38,561,49,11,6,valence_classification,color_matching,matching,match_right,GKQX,,positive,brown,✲✲schroff✲✲✲,,negative,brown,0.4932,match,0.4624,0,0.3913,0.527,54.784007800247636
38,562,50,11,6,valence_classification,color_matching,matching,match_right,GKQX,,positive,blue,✲✲✲schön✲✲✲✲,,positive,blue,0.4932,nonmatch,0.4752,1,0.391,0.5267,54.743138924307715
38,563,51,11,6,valence_classification,color_matching,matching,match_right,BMVZ,,negative,brown,✲✲spielen✲✲✲,,positive,brown,0.4932,match,0.5747,0,0.3919,0.5276,54.86499453384334
38,564,52,11,6,valence_classification,color_matching,matching,match_right,BMVZ,,negative,brown,✲✲✲✲faul✲✲✲✲,,negative,brown,0.497,match,0.4181,0,0.3916,0.5273,54.82387513393142
38,565,53,11,6,valence_classification,color_matching,matching,match_right,GKQX,,positive,brown,✲freundlich✲,,positive,brown,0.4932,match,0.5141,0,0.3913,0.527,54.78328935840763
38,566,54,11,6,valence_classification,color_matching,matching,match_right,BMVZ,,negative,blue,✲✲✲✲treu✲✲✲✲,,positive,blue,0.4932,nonmatch,0.4114,1,0.391,0.5267,54.74311693268703
38,567,55,11,6,valence_classification,color_matching,matching,match_right,BMVZ,,negative,brown,✲✲✲lasch✲✲✲✲,,negative,brown,0.4932,match,0.6886,0,0.3919,0.5276,54.862894531502924
38,568,56,11,6,valence_classification,color_matching,matching,match_right,BMVZ,,negative,brown,✲✲spielen✲✲✲,,positive,blue,0.4932,nonmatch,0.4326,0,0.3916,0.5273,54.8224712985774
38,569,57,11,6,valence_classification,color_matching,matching,match_right,BMVZ,,negative,blue,✲✲✲retten✲✲✲,,positive,blue,0.4932,match,0.4691,0,0.3913,0.527,54.78256842220474
38,570,58,11,6,valence_classification,color_matching,matching,match_right,BMVZ,,negative,blue,✲✲✲schlau✲✲✲,,positive,brown,0.4932,nonmatch,0.506,0,0.391,0.5267,54.743069562304186
38,571,59,11,6,valence_classification,color_matching,matching,match_right,BMVZ,,negative,blue,✲tyrannisch✲,,negative,blue,0.4932,nonmatch,0.491,1,0.3907,0.5265,54.703861521684
38,571,59,11,6,valence_classification,color_matching,matching,match_right,BMVZ,,negative,blue,✲tyrannisch✲,,negative,blue,0.4932,match,0.5739,0,0.3907,0.5265,54.703861521684
38,572,60,11,6,valence_classification,color_matching,matching,match_right,GKQX,,positive,brown,✲tyrannisch✲,,negative,blue,0.4932,nonmatch,0.5645,0,0.3905,0.5262,54.66483358124149
38,573,61,11,6,valence_classification,color_matching,matching,match_right,BMVZ,,negative,blue,✲freundlich✲,,positive,blue,0.4932,match,0.5354,0,0.3902,0.5259,54.62587686616896
38,574,62,11,6,valence_classification,color_matching,matching,match_right,BMVZ,,negative,brown,✲✲✲leiden✲✲✲,,negative,blue,0.4932,nonmatch,0.4978,0,0.3899,0.5256,54.586883737319646
38,575,63,11,6,valence_classification,color_matching,matching,match_right,GKQX,,positive,blue,✲✲hindern✲✲✲,,negative,blue,0.4932,match,0.4207,0,0.3896,0.5253,54.54799990311918
38,576,64,11,6,valence_classification,color_matching,matching,match_right,GKQX,,positive,brown,✲✲tolerant✲✲,,positive,blue,0.4963,nonmatch,0.3773,0,0.3893,0.5251,54.5088437742678
38,577,1,12,7,valence_classification,color_matching,matching,match_right,GKQX,,positive,brown,✲✲✲retten✲✲✲,,positive,brown,0.4971,match,0.5312,0,0.3891,0.5248,54.46930971507513
38,577,1,12,7,valence_classification,color_matching,matching,match_right,GKQX,,positive,brown,✲✲✲retten✲✲✲,,positive,brown,0.4971,match,0.5919,0,0.3891,0.5248,54.46930971507513
38,578,2,12,7,valence_classification,color_matching,matching,match_right,BMVZ,,negative,blue,✲✲✲✲treu✲✲✲✲,,positive,brown,0.4932,match,0.4323,1,0.3888,0.5245,54.429290802357286
38,579,3,12,7,valence_classification,color_matching,matching,match_right,GKQX,,positive,blue,✲tyrannisch✲,,negative,blue,0.4932,match,0.4617,0,0.3896,0.5253,54.54282007974375
38,580,4,12,7,valence_classification,color_matching,matching,match_right,GKQX,,positive,blue,✲fanatisch✲✲,,negative,brown,0.4932,match,0.4418,1,0.3893,0.525,54.5041805784895
38,580,4,12,7,valence_classification,color_matching,matching,match_right,GKQX,,positive,blue,✲fanatisch✲✲,,negative,brown,0.4932,nonmatch,0.7276,0,0.3893,0.525,54.5041805784895
38,581,5,12,7,valence_classification,color_matching,matching,match_right,BMVZ,,negative,blue,✲✲hindern✲✲✲,,negative,brown,0.4932,nonmatch,0.5076,0,0.389,0.5248,54.46515581933756
38,582,6,12,7,valence_classification,color_matching,matching,match_right,BMVZ,,negative,brown,✲fanatisch✲✲,,negative,brown,0.4965,match,0.4611,0,0.3888,0.5245,54.42564162543955
38,583,7,12,7,valence_classification,color_matching,matching,match_right,BMVZ,,negative,brown,✲✲ehrlich✲✲✲,,positive,blue,0.4932,nonmatch,0.5595,0,0.3885,0.5242,54.385531974034755
38,584,8,12,7,valence_classification,color_matching,matching,match_right,BMVZ,,negative,brown,✲freundlich✲,,positive,brown,0.4932,match,0.3824,0,0.3882,0.5239,54.34471846799846
38,585,9,12,7,valence_classification,color_matching,matching,match_right,GKQX,,positive,blue,✲✲✲schlau✲✲✲,,positive,blue,0.4932,match,0.5771,0,0.3879,0.5236,54.306563243408036
38,586,10,12,7,valence_classification,color_matching,matching,match_right,GKQX,,positive,brown,✲✲ehrlich✲✲✲,,positive,blue,0.4965,match,0.5141,1,0.3877,0.5234,54.27151012090963
38,586,10,12,7,valence_classification,color_matching,matching,match_right,GKQX,,positive,brown,✲✲ehrlich✲✲✲,,positive,blue,0.4965,nonmatch,0.6514,0,0.3877,0.5234,54.27151012090963
38,587,11,12,7,valence_classification,color_matching,matching,match_right,BMVZ,,negative,blue,✲✲ehrlich✲✲✲,,positive,blue,0.4932,match,0.546,0,0.3874,0.5231,54.2368825155128
38,588,12,12,7,valence_classification,color_matching,matching,match_right,BMVZ,,negative,brown,✲✲✲schlau✲✲✲,,positive,blue,0.4932,nonmatch,0.4563,0,0.3872,0.5229,54.20259168052576
38,589,13,12,7,valence_classification,color_matching,matching,match_right,BMVZ,,negative,brown,✲✲schroff✲✲✲,,negative,blue,0.4966,nonmatch,0.8538,0,0.3869,0.5226,54.16855106182693
38,590,14,12,7,valence_classification,color_matching,matching,match_right,BMVZ,,negative,blue,✲✲✲lasch✲✲✲✲,,negative,brown,0.4971,nonmatch,0.5317,0,0.3867,0.5224,54.13467585425377
38,591,15,12,7,valence_classification,color_matching,matching,match_right,GKQX,,positive,brown,✲✲tolerant✲✲,,positive,brown,0.4932,match,0.4057,0,0.3864,0.5221,54.10088257657341
38,592,16,12,7,valence_classification,color_matching,matching,match_right,GKQX,,positive,blue,✲✲tolerant✲✲,,positive,blue,0.4932,nonmatch,0.5802,1,0.3862,0.5219,54.06708866163539
38,593,17,12,7,valence_classification,color_matching,matching,match_right,BMVZ,,negative,brown,✲✲hindern✲✲✲,,negative,brown,0.4933,match,0.5251,0,0.3869,0.5226,54.16882463631512
38,594,18,12,7,valence_classification,color_matching,matching,match_right,GKQX,,positive,brown,✲✲✲retten✲✲✲,,positive,blue,0.5087,nonmatch,0.4476,0,0.3867,0.5224,54.135443087818935
38,595,19,12,7,valence_classification,color_matching,matching,match_right,GKQX,,positive,brown,✲✲✲schön✲✲✲✲,,positive,brown,0.4933,match,0.4573,0,0.3864,0.5222,54.10214404668032
38,596,20,12,7,valence_classification,color_matching,matching,match_right,BMVZ,,negative,blue,✲✲✲✲faul✲✲✲✲,,negative,blue,0.4932,match,0.4467,0,0.3862,0.5219,54.06884725713195
38,597,21,12,7,valence_classification,color_matching,matching,match_right,BMVZ,,negative,blue,✲tyrannisch✲,,negative,blue,0.4932,match,0.4563,0,0.386,0.5217,54.0354729717273
38,598,22,12,7,valence_classification,color_matching,matching,match_right,GKQX,,positive,brown,✲tyrannisch✲,,negative,blue,0.4932,nonmatch,0.4265,0,0.3857,0.5214,54.002157393913464
38,599,23,12,7,valence_classification,color_matching,matching,match_right,GKQX,,positive,brown,✲✲schroff✲✲✲,,negative,blue,0.4932,match,0.6496,1,0.3855,0.5212,53.96858915051199
38,600,24,12,7,valence_classification,color_matching,matching,match_right,BMVZ,,negative,brown,✲✲✲schön✲✲✲✲,,positive,brown,0.4932,match,0.723,0,0.3862,0.5219,54.06333299172773
38,601,25,12,7,valence_classification,color_matching,matching,match_right,GKQX,,positive,blue,✲✲✲leiden✲✲✲,,negative,brown,0.4932,match,0.6512,1,0.3859,0.5216,54.03036580598378
38,602,26,12,7,valence_classification,color_matching,matching,match_right,GKQX,,positive,blue,✲freundlich✲,,positive,brown,0.4932,nonmatch,0.4755,0,0.3866,0.5223,54.12237402260573
38,603,27,12,7,valence_classification,color_matching,matching,match_right,GKQX,,positive,brown,✲✲✲✲treu✲✲✲✲,,positive,blue,0.4932,match,0.5888,1,0.3864,0.5221,54.089947151442345
38,604,28,12,7,valence_classification,color_matching,matching,match_right,GKQX,,positive,brown,✲✲✲schön✲✲✲✲,,positive,blue,0.4932,nonmatch,0.4681,0,0.3871,0.5228,54.18740392595622
38,605,29,12,7,valence_classification,color_matching,matching,match_right,BMVZ,,negative,brown,✲✲✲leiden✲✲✲,,negative,blue,0.4932,nonmatch,0.5064,0,0.3868,0.5225,54.155258021451175
38,606,30,12,7,valence_classification,color_matching,matching,match_right,GKQX,,positive,blue,✲✲✲lasch✲✲✲✲,,negative,blue,0.4933,nonmatch,0.469,1,0.3866,0.5223,54.12323750513157
38,607,31,12,7,valence_classification,color_matching,matching,match_right,BMVZ,,negative,blue,✲✲tolerant✲✲,,positive,brown,0.4933,match,0.4292,1,0.3873,0.523,54.21924021056633
38,608,32,12,7,valence_classification,color_matching,matching,match_right,BMVZ,,negative,brown,✲✲✲retten✲✲✲,,positive,blue,0.4935,nonmatch,0.525,0,0.388,0.5237,54.31503201856453
38,609,33,12,7,valence_classification,color_matching,matching,match_right,GKQX,,positive,brown,✲✲✲leiden✲✲✲,,negative,brown,0.4933,match,0.5182,0,0.3877,0.5234,54.28253655135089
38,610,34,12,7,valence_classification,color_matching,matching,match_right,BMVZ,,negative,blue,✲✲✲leiden✲✲✲,,negative,blue,0.4932,nonmatch,0.3787,1,0.3875,0.5232,54.250460787256415
38,611,35,12,7,valence_classification,color_matching,matching,match_right,BMVZ,,negative,brown,✲fanatisch✲✲,,negative,blue,0.4932,nonmatch,0.4323,0,0.3882,0.5239,54.34898230061757
38,612,36,12,7,valence_classification,color_matching,matching,match_right,GKQX,,positive,blue,✲✲✲schlau✲✲✲,,positive,brown,0.4932,nonmatch,0.419,0,0.388,0.5237,54.313211000252714
38,613,37,12,7,valence_classification,color_matching,matching,match_right,GKQX,,positive,blue,✲✲spielen✲✲✲,,positive,blue,0.4932,match,0.6141,0,0.3877,0.5234,54.28115949332
38,614,38,12,7,valence_classification,color_matching,matching,match_right,BMVZ,,negative,blue,✲✲✲✲treu✲✲✲✲,,positive,blue,0.4932,match,0.3906,0,0.3875,0.5232,54.24951901731513
38,615,39,12,7,valence_classification,color_matching,matching,match_right,BMVZ,,negative,blue,✲✲tolerant✲✲,,positive,brown,0.4932,nonmatch,0.5132,0,0.3873,0.523,54.21821492656312
38,616,40,12,7,valence_classification,color_matching,matching,match_right,BMVZ,,negative,brown,✲✲✲retten✲✲✲,,positive,brown,0.4932,match,0.668,0,0.3871,0.5228,54.187174498580525
38,617,41,12,7,valence_classification,color_matching,matching,match_right,BMVZ,,negative,blue,✲✲✲schlau✲✲✲,,positive,brown,0.4932,nonmatch,0.3409,0,0.3868,0.5225,54.156326590589956
38,618,42,12,7,valence_classification,color_matching,matching,match_right,GKQX,,positive,blue,✲✲✲✲treu✲✲✲✲,,positive,brown,0.4965,match,0.3675,1,0.3866,0.5223,54.12560131074705
38,619,43,12,7,valence_classification,color_matching,matching,match_right,BMVZ,,negative,blue,✲✲schlecht✲✲,,negative,blue,0.4932,nonmatch,0.293,1,0.3873,0.523,54.217701219632154
38,620,44,12,7,valence_classification,color_matching,matching,match_right,BMVZ,,negative,blue,✲✲spielen✲✲✲,,positive,blue,0.4932,match,0.4403,0,0.3879,0.5236,54.30966830115062
38,621,45,12,7,valence_classification,color_matching,matching,match_right,GKQX,,positive,brown,✲✲schroff✲✲✲,,negative,blue,0.4967,nonmatch,0.4323,0,0.3877,0.5234,54.278470420789695
38,622,46,12,7,valence_classification,color_matching,matching,match_right,GKQX,,positive,brown,✲freundlich✲,,positive,brown,0.4932,match,0.4612,0,0.3875,0.5232,54.24766704078746
38,623,47,12,7,valence_classification,color_matching,matching,match_right,GKQX,,positive,blue,✲✲schlecht✲✲,,negative,brown,0.4932,match,0.5289,1,0.3873,0.523,54.21718732128082
38,623,47,12,7,valence_classification,color_matching,matching,match_right,GKQX,,positive,blue,✲✲schlecht✲✲,,negative,brown,0.4932,nonmatch,0.6568,0,0.3873,0.523,54.21718732128082
38,624,48,12,7,valence_classification,color_matching,matching,match_right,GKQX,,positive,blue,✲✲spielen✲✲✲,,positive,blue,0.4932,match,0.4756,0,0.387,0.5228,54.18696222007149
38,625,49,12,7,valence_classification,color_matching,matching,match_right,GKQX,,positive,brown,✲✲schlecht✲✲,,negative,brown,0.4933,nonmatch,0.3707,1,0.3868,0.5225,54.1569241750046
38,626,50,12,7,valence_classification,color_matching,matching,match_right,GKQX,,positive,blue,✲fanatisch✲✲,,negative,brown,0.4935,nonmatch,0.5337,0,0.3875,0.5232,54.246756727569974
38,627,51,12,7,valence_classification,color_matching,matching,match_right,GKQX,,positive,brown,✲✲✲lasch✲✲✲✲,,negative,blue,0.4968,nonmatch,0.3902,0,0.3873,0.523,54.216673577108395
38,628,52,12,7,valence_classification,color_matching,matching,match_right,BMVZ,,negative,brown,✲freundlich✲,,positive,blue,0.4932,nonmatch,0.3207,0,0.387,0.5228,54.18684069625082
38,629,53,12,7,valence_classification,color_matching,matching,match_right,BMVZ,,negative,brown,✲✲schroff✲✲✲,,negative,blue,0.4932,nonmatch,0.3818,0,0.3868,0.5226,54.15719221286063
38,630,54,12,7,valence_classification,color_matching,matching,match_right,GKQX,,positive,blue,✲✲ehrlich✲✲✲,,positive,brown,0.4932,match,0.493,1,0.3866,0.5223,54.1276633952964
38,631,55,12,7,valence_classification,color_matching,matching,match_right,BMVZ,,negative,brown,✲✲✲✲faul✲✲✲✲,,negative,brown,0.4932,nonmatch,0.4681,1,0.3873,0.523,54.216160301674805
38,632,56,12,7,valence_classification,color_matching,matching,match_right,GKQX,,positive,brown,✲✲hindern✲✲✲,,negative,brown,0.4932,match,0.4342,0,0.3879,0.5236,54.30458916454834
38,633,57,12,7,valence_classification,color_matching,matching,match_right,BMVZ,,negative,blue,✲✲schlecht✲✲,,negative,brown,0.4964,nonmatch,0.5384,0,0.3877,0.5234,54.27459234529349
38,634,58,12,7,valence_classification,color_matching,matching,match_right,BMVZ,,negative,blue,✲tyrannisch✲,,negative,brown,0.4932,match,0.3491,1,0.3875,0.5232,54.24496710129846
38,634,58,12,7,valence_classification,color_matching,matching,match_right,BMVZ,,negative,blue,✲tyrannisch✲,,negative,brown,0.4932,nonmatch,0.6379,0,0.3875,0.5232,54.24496710129846
38,635,59,12,7,valence_classification,color_matching,matching,match_right,GKQX,,positive,blue,✲✲✲✲faul✲✲✲✲,,negative,blue,0.4932,match,0.4895,0,0.3873,0.523,54.21564778117384
38,636,60,12,7,valence_classification,color_matching,matching,match_right,GKQX,,positive,brown,✲✲hindern✲✲✲,,negative,brown,0.4933,nonmatch,0.3407,1,0.387,0.5228,54.18657036269943
38,637,61,12,7,valence_classification,color_matching,matching,match_right,BMVZ,,negative,blue,✲✲spielen✲✲✲,,positive,blue,0.4932,match,0.6589,0,0.3877,0.5234,54.2733393111544
38,638,62,12,7,valence_classification,color_matching,matching,match_right,BMVZ,,negative,brown,✲✲✲lasch✲✲✲✲,,negative,brown,0.4962,nonmatch,0.5721,1,0.3875,0.5232,54.24408762090548
38,639,63,12,7,valence_classification,color_matching,matching,match_right,GKQX,,positive,blue,✲✲✲✲faul✲✲✲✲,,negative,blue,0.4932,match,0.5781,0,0.3881,0.5238,54.331939739474095
38,640,64,12,7,valence_classification,color_matching,matching,match_right,BMVZ,,negative,brown,✲✲✲schön✲✲✲✲,,positive,brown,0.4932,match,0.4681,0,0.3879,0.5236,54.3013499409119
38,641,1,13,8,valence_classification,color_matching,matching,match_right,BMVZ,,negative,blue,✲tyrannisch✲,,negative,brown,0.5104,nonmatch,0.5045,0,0.3877,0.5234,54.272105377662875
38,642,2,13,8,valence_classification,color_matching,matching,match_right,BMVZ,,negative,blue,✲✲schlecht✲✲,,negative,blue,0.4932,match,4.6728,0,0.3875,0.5232,54.243218238420425
38,643,3,13,8,valence_classification,color_matching,matching,match_right,BMVZ,,negative,brown,✲✲schlecht✲✲,,negative,blue,0.4932,match,0.4397,1,0.3872,0.523,54.214626022246286
38,643,3,13,8,valence_classification,color_matching,matching,match_right,BMVZ,,negative,brown,✲✲schlecht✲✲,,negative,blue,0.4932,nonmatch,0.734,0,0.3872,0.523,54.214626022246286
38,644,4,13,8,valence_classification,color_matching,matching,match_right,GKQX,,positive,brown,✲✲tolerant✲✲,,positive,brown,0.4932,nonmatch,0.4473,1,0.387,0.5228,54.18626775665236
38,645,5,13,8,valence_classification,color_matching,matching,match_right,GKQX,,positive,blue,✲freundlich✲,,positive,brown,0.4932,nonmatch,0.3902,0,0.3876,0.5234,54.270890123003596
38,646,6,13,8,valence_classification,color_matching,matching,match_right,BMVZ,,negative,blue,✲freundlich✲,,positive,brown,0.4966,nonmatch,0.382,0,0.3874,0.5232,54.242358853196535
38,647,7,13,8,valence_classification,color_matching,matching,match_right,BMVZ,,negative,brown,✲✲✲✲faul✲✲✲✲,,negative,brown,0.4932,match,0.4692,0,0.3872,0.523,54.21411723511827
38,648,8,13,8,valence_classification,color_matching,matching,match_right,BMVZ,,negative,brown,✲✲✲lasch✲✲✲✲,,negative,blue,0.4932,nonmatch,0.3965,0,0.387,0.5228,54.186105740409694
38,649,9,13,8,valence_classification,color_matching,matching,match_right,GKQX,,positive,blue,✲✲✲schön✲✲✲✲,,positive,blue,0.4966,match,0.4326,0,0.3868,0.5226,54.158266067958266
38,650,10,13,8,valence_classification,color_matching,matching,match_right,GKQX,,positive,brown,✲✲✲retten✲✲✲,,positive,brown,0.4932,nonmatch,0.4168,1,0.3866,0.5224,54.13054090016896
38,650,10,13,8,valence_classification,color_matching,matching,match_right,GKQX,,positive,brown,✲✲✲retten✲✲✲,,positive,brown,0.4932,match,0.5647,0,0.3866,0.5224,54.13054090016896
38,651,11,13,8,valence_classification,color_matching,matching,match_right,GKQX,,positive,blue,✲✲✲schön✲✲✲✲,,positive,blue,0.4932,nonmatch,0.4908,1,0.3864,0.5222,54.10287366784722
38,652,12,13,8,valence_classification,color_matching,matching,match_right,BMVZ,,negative,blue,✲✲hindern✲✲✲,,negative,brown,0.4932,nonmatch,0.4923,0,0.387,0.5228,54.1859372501475
38,653,13,13,8,valence_classification,color_matching,matching,match_right,BMVZ,,negative,blue,✲✲schroff✲✲✲,,negative,blue,0.4932,match,0.3405,0,0.3868,0.5226,54.15843383806964
38,654,14,13,8,valence_classification,color_matching,matching,match_right,GKQX,,positive,brown,✲✲schroff✲✲✲,,negative,brown,0.4933,match,0.3913,0,0.3867,0.5224,54.13104388489486
38,655,15,13,8,valence_classification,color_matching,matching,match_right,GKQX,,positive,blue,✲tyrannisch✲,,negative,brown,0.4933,nonmatch,0.5118,0,0.3865,0.5222,54.10371213105273
38,656,16,13,8,valence_classification,color_matching,matching,match_right,BMVZ,,negative,blue,✲✲✲leiden✲✲✲,,negative,blue,0.4932,match,0.4829,0,0.3863,0.522,54.07638382543327
38,657,17,13,8,valence_classification,color_matching,matching,match_right,GKQX,,positive,blue,✲✲✲lasch✲✲✲✲,,negative,blue,0.4932,match,0.5678,0,0.3861,0.5218,54.04900451061971
38,658,18,13,8,valence_classification,color_matching,matching,match_right,BMVZ,,negative,blue,✲✲tolerant✲✲,,positive,blue,0.4932,match,0.3903,0,0.3859,0.5216,54.021702684306184
38,659,19,13,8,valence_classification,color_matching,matching,match_right,BMVZ,,negative,brown,✲✲✲schlau✲✲✲,,positive,brown,0.4932,nonmatch,0.3746,1,0.3857,0.5214,53.99423030841682
38,659,19,13,8,valence_classification,color_matching,matching,match_right,BMVZ,,negative,brown,✲✲✲schlau✲✲✲,,positive,brown,0.4932,match,0.6497,0,0.3857,0.5214,53.99423030841682
38,660,20,13,8,valence_classification,color_matching,matching,match_right,GKQX,,positive,blue,✲✲hindern✲✲✲,,negative,brown,0.4932,nonmatch,0.5376,0,0.3855,0.5212,53.96653350445012
38,661,21,13,8,valence_classification,color_matching,matching,match_right,BMVZ,,negative,brown,✲✲✲✲treu✲✲✲✲,,positive,brown,0.4932,nonmatch,0.4181,1,0.3853,0.521,53.938557774808416
38,662,22,13,8,valence_classification,color_matching,matching,match_right,BMVZ,,negative,blue,✲✲✲leiden✲✲✲,,negative,blue,0.4932,match,0.3895,0,0.3858,0.5216,54.01766297562974
38,663,23,13,8,valence_classification,color_matching,matching,match_right,BMVZ,,negative,blue,✲✲tolerant✲✲,,positive,brown,0.4933,nonmatch,0.3894,0,0.3856,0.5214,53.990445537795104
38,664,24,13,8,valence_classification,color_matching,matching,match_right,BMVZ,,negative,brown,✲✲hindern✲✲✲,,negative,brown,0.4932,nonmatch,0.411,1,0.3854,0.5212,53.962998587544945
38,665,25,13,8,valence_classification,color_matching,matching,match_right,GKQX,,positive,brown,✲✲✲leiden✲✲✲,,negative,blue,0.4932,nonmatch,0.4347,0,0.386,0.5217,54.04048153811438
38,666,26,13,8,valence_classification,color_matching,matching,match_right,GKQX,,positive,brown,✲✲✲✲treu✲✲✲✲,,positive,blue,0.4933,nonmatch,0.418,0,0.3858,0.5215,54.013695245666035
38,667,27,13,8,valence_classification,color_matching,matching,match_right,GKQX,,positive,blue,✲✲✲✲treu✲✲✲✲,,positive,brown,0.4932,nonmatch,0.3934,0,0.3856,0.5213,53.98672649649933
38,668,28,13,8,valence_classification,color_matching,matching,match_right,GKQX,,positive,brown,✲✲schlecht✲✲,,negative,brown,0.4932,match,0.4398,0,0.3854,0.5211,53.95952336466
38,669,29,13,8,valence_classification,color_matching,matching,match_right,GKQX,,positive,blue,✲✲✲schlau✲✲✲,,positive,brown,0.4964,match,0.4469,1,0.3852,0.5209,53.932033273057066
38,669,29,13,8,valence_classification,color_matching,matching,match_right,GKQX,,positive,blue,✲✲✲schlau✲✲✲,,positive,brown,0.4964,nonmatch,0.5988,0,0.3852,0.5209,53.932033273057066
38,670,30,13,8,valence_classification,color_matching,matching,match_right,BMVZ,,negative,brown,✲✲✲retten✲✲✲,,positive,brown,0.4932,match,0.4611,0,0.385,0.5207,53.90420280359813
38,671,31,13,8,valence_classification,color_matching,matching,match_right,BMVZ,,negative,blue,✲✲spielen✲✲✲,,positive,blue,0.4933,match,0.484,0,0.3848,0.5205,53.87597750462712
38,672,32,13,8,valence_classification,color_matching,matching,match_right,GKQX,,positive,brown,✲fanatisch✲✲,,negative,brown,0.4932,match,0.4865,0,0.3846,0.5203,53.84730169466798
38,673,33,13,8,valence_classification,color_matching,matching,match_right,BMVZ,,negative,brown,✲✲✲retten✲✲✲,,positive,blue,0.4932,nonmatch,1.0172,0,0.3844,0.5201,53.818118261470524
38,674,34,13,8,valence_classification,color_matching,matching,match_right,GKQX,,positive,blue,✲✲schlecht✲✲,,negative,brown,0.4932,nonmatch,0.3966,0,0.3842,0.5199,53.78836845534026
38,675,35,13,8,valence_classification,color_matching,matching,match_right,GKQX,,positive,brown,✲✲✲lasch✲✲✲✲,,negative,blue,0.4966,nonmatch,0.3485,0,0.384,0.5197,53.762778441394126
38,676,36,13,8,valence_classification,color_matching,matching,match_right,GKQX,,positive,blue,✲✲ehrlich✲✲✲,,positive,brown,0.4932,nonmatch,0.4394,0,0.3838,0.5196,53.73803673486887
38,677,37,13,8,valence_classification,color_matching,matching,match_right,BMVZ,,negative,brown,✲✲✲✲faul✲✲✲✲,,negative,brown,0.4932,match,0.4189,0,0.3837,0.5194,53.71360374945847
38,678,38,13,8,valence_classification,color_matching,matching,match_right,GKQX,,positive,blue,✲✲ehrlich✲✲✲,,positive,blue,0.4932,match,0.4342,0,0.3835,0.5192,53.68943392355006
38,679,39,13,8,valence_classification,color_matching,matching,match_right,BMVZ,,negative,blue,✲freundlich✲,,positive,brown,0.4932,nonmatch,0.418,0,0.3833,0.519,53.66548279467382
38,680,40,13,8,valence_classification,color_matching,matching,match_right,BMVZ,,negative,brown,✲✲✲schön✲✲✲✲,,positive,blue,0.4932,nonmatch,0.4824,0,0.3832,0.5189,53.64170683504493
38,681,41,13,8,valence_classification,color_matching,matching,match_right,GKQX,,positive,blue,✲✲✲✲faul✲✲✲✲,,negative,blue,0.4933,match,0.448,0,0.383,0.5187,53.618063293493684
38,682,42,13,8,valence_classification,color_matching,matching,match_right,BMVZ,,negative,brown,✲✲✲lasch✲✲✲✲,,negative,blue,0.4933,match,0.5081,1,0.3828,0.5185,53.59451004287071
38,683,43,13,8,valence_classification,color_matching,matching,match_right,BMVZ,,negative,blue,✲✲✲✲treu✲✲✲✲,,positive,blue,0.4932,match,0.4189,0,0.3833,0.519,53.66507098510374
38,684,44,13,8,valence_classification,color_matching,matching,match_right,GKQX,,positive,brown,✲✲tolerant✲✲,,positive,blue,0.4932,nonmatch,0.3495,0,0.3832,0.5189,53.641544405806584
38,685,45,13,8,valence_classification,color_matching,matching,match_right,BMVZ,,negative,blue,✲✲ehrlich✲✲✲,,positive,brown,0.4932,nonmatch,0.5903,0,0.383,0.5187,53.61814872377474
38,686,46,13,8,valence_classification,color_matching,matching,match_right,BMVZ,,negative,brown,✲✲✲schlau✲✲✲,,positive,brown,0.4932,match,0.4116,0,0.3828,0.5185,53.59484265606404
38,687,47,13,8,valence_classification,color_matching,matching,match_right,GKQX,,positive,brown,✲✲✲schlau✲✲✲,,positive,brown,0.4932,match,0.385,0,0.3827,0.5184,53.57158538531277
38,688,48,13,8,valence_classification,color_matching,matching,match_right,GKQX,,positive,brown,✲tyrannisch✲,,negative,blue,0.4932,nonmatch,0.4546,0,0.3825,0.5182,53.54833641984945
38,689,49,13,8,valence_classification,color_matching,matching,match_right,BMVZ,,negative,brown,✲✲schroff✲✲✲,,negative,blue,0.4932,nonmatch,0.4714,0,0.3823,0.518,53.52505545672167
38,690,50,13,8,valence_classification,color_matching,matching,match_right,GKQX,,positive,brown,✲freundlich✲,,positive,blue,0.4932,nonmatch,0.4272,0,0.3822,0.5179,53.5017022469297
38,691,51,13,8,valence_classification,color_matching,matching,match_right,GKQX,,positive,brown,✲✲✲retten✲✲✲,,positive,blue,0.4932,nonmatch,0.4395,0,0.382,0.5177,53.47839162826942
38,692,52,13,8,valence_classification,color_matching,matching,match_right,BMVZ,,negative,blue,✲✲✲schön✲✲✲✲,,positive,blue,0.4932,match,0.4331,0,0.3818,0.5175,53.45492044730581
38,693,53,13,8,valence_classification,color_matching,matching,match_right,GKQX,,positive,brown,✲fanatisch✲✲,,negative,blue,0.4932,nonmatch,0.3968,0,0.3817,0.5174,53.43124851392478
38,694,54,13,8,valence_classification,color_matching,matching,match_right,BMVZ,,negative,blue,✲tyrannisch✲,,negative,brown,0.4932,nonmatch,0.4833,0,0.3815,0.5172,53.40733511167366
38,695,55,13,8,valence_classification,color_matching,matching,match_right,GKQX,,positive,brown,✲✲✲✲faul✲✲✲✲,,negative,brown,0.4932,match,0.4037,0,0.3813,0.517,53.38313886736055
38,696,56,13,8,valence_classification,color_matching,matching,match_right,BMVZ,,negative,blue,✲fanatisch✲✲,,negative,brown,0.4932,nonmatch,0.3683,0,0.3811,0.5168,53.35861761856051
38,697,57,13,8,valence_classification,color_matching,matching,match_right,GKQX,,positive,blue,✲✲hindern✲✲✲,,negative,blue,0.4932,match,0.4639,0,0.381,0.5167,53.33372827842028
38,698,58,13,8,valence_classification,color_matching,matching,match_right,GKQX,,positive,blue,✲✲spielen✲✲✲,,positive,blue,0.4933,nonmatch,0.4793,1,0.3808,0.5165,53.308426697145435
38,699,59,13,8,valence_classification,color_matching,matching,match_right,BMVZ,,negative,brown,✲✲spielen✲✲✲,,positive,blue,0.4932,nonmatch,0.4782,0,0.3813,0.517,53.3803986467993
38,700,60,13,8,valence_classification,color_matching,matching,match_right,BMVZ,,negative,brown,✲✲ehrlich✲✲✲,,positive,blue,0.4976,nonmatch,0.5333,0,0.3811,0.5168,53.356049860277935
38,701,61,13,8,valence_classification,color_matching,matching,match_right,GKQX,,positive,blue,✲✲✲leiden✲✲✲,,negative,blue,0.4932,nonmatch,0.3849,1,0.3809,0.5167,53.33133166416838
38,702,62,13,8,valence_classification,color_matching,matching,match_right,BMVZ,,negative,brown,✲fanatisch✲✲,,negative,brown,0.5065,nonmatch,0.3988,1,0.3814,0.5172,53.40154728999062
38,703,63,13,8,valence_classification,color_matching,matching,match_right,GKQX,,positive,brown,✲✲spielen✲✲✲,,positive,brown,0.4932,match,0.362,0,0.3819,0.5176,53.46818355818021
38,704,64,13,8,valence_classification,color_matching,matching,match_right,GKQX,,positive,blue,✲✲schroff✲✲✲,,negative,brown,0.4932,nonmatch,0.4825,0,0.3818,0.5175,53.44525172117166
38,705,1,14,9,valence_classification,color_matching,matching,match_right,hindern,,negative,brown,✲✲✲lasch✲✲✲✲,,negative,blue,0.4932,nonmatch,0.6089,0,0.3816,0.5173,53.42210830839
38,706,2,14,9,valence_classification,color_matching,matching,match_right,freundlich,,positive,brown,✲tyrannisch✲,,negative,blue,0.4932,nonmatch,0.2245,0,0.3814,0.5171,53.39871438684468
38,707,3,14,9,valence_classification,color_matching,matching,match_right,treu,,positive,brown,✲✲hindern✲✲✲,,negative,brown,0.4932,nonmatch,0.3823,1,0.3813,0.517,53.37503034951874
38,708,4,14,9,valence_classification,color_matching,matching,match_right,schlecht,,negative,blue,✲✲spielen✲✲✲,,positive,brown,0.4932,nonmatch,0.3471,0,0.3817,0.5174,53.44212354016925
38,709,5,14,9,valence_classification,color_matching,matching,match_right,lasch,,negative,blue,✲fanatisch✲✲,,negative,blue,0.4967,match,0.5077,0,0.3816,0.5173,53.41914880275147
38,710,6,14,9,valence_classification,color_matching,matching,match_right,freundlich,,positive,blue,✲✲spielen✲✲✲,,positive,brown,0.4932,nonmatch,0.4974,0,0.3814,0.5171,53.395920764716784
38,711,7,14,9,valence_classification,color_matching,matching,match_right,fanatisch,,negative,blue,✲✲schlecht✲✲,,negative,blue,0.4932,match,0.5491,0,0.3812,0.5169,53.372400375057985
38,712,8,14,9,valence_classification,color_matching,matching,match_right,ehrlich,,positive,blue,✲✲✲lasch✲✲✲✲,,negative,brown,0.4932,nonmatch,0.4279,0,0.3811,0.5168,53.34854778293633
38,713,9,14,9,valence_classification,color_matching,matching,match_right,leiden,,negative,blue,✲freundlich✲,,positive,brown,0.4932,nonmatch,0.3826,0,0.3809,0.5166,53.32432221394581
38,714,10,14,9,valence_classification,color_matching,matching,match_right,schlecht,,negative,blue,✲✲✲lasch✲✲✲✲,,negative,brown,0.4932,nonmatch,0.3531,0,0.3807,0.5164,53.29968184309125
38,715,11,14,9,valence_classification,color_matching,matching,match_right,retten,,positive,brown,✲✲✲schlau✲✲✲,,positive,brown,0.4937,match,0.4079,0,0.3805,0.5162,53.27458366392625
38,716,12,14,9,valence_classification,color_matching,matching,match_right,schlau,,positive,blue,✲✲✲retten✲✲✲,,positive,blue,0.4932,nonmatch,0.3905,1,0.3804,0.5161,53.24917632244887
38,717,13,14,9,valence_classification,color_matching,matching,match_right,leiden,,negative,blue,✲✲schroff✲✲✲,,negative,blue,0.4932,match,0.5639,0,0.3809,0.5166,53.32204339327278
38,718,14,14,9,valence_classification,color_matching,matching,match_right,ehrlich,,positive,blue,✲✲spielen✲✲✲,,positive,blue,0.4932,match,0.4994,0,0.3807,0.5164,53.297560087304205
38,719,15,14,9,valence_classification,color_matching,matching,match_right,spielen,,positive,brown,✲fanatisch✲✲,,negative,blue,0.4932,nonmatch,0.4037,0,0.3805,0.5162,53.272618996421805
38,720,16,14,9,valence_classification,color_matching,matching,match_right,hindern,,negative,brown,✲✲✲✲treu✲✲✲✲,,positive,blue,0.4932,nonmatch,0.4683,0,0.3803,0.5161,53.24768173113363
38,721,17,14,9,valence_classification,color_matching,matching,match_right,faul,,negative,blue,✲✲tolerant✲✲,,positive,brown,0.4933,nonmatch,0.5114,0,0.3802,0.5159,53.22659588627012
38,722,18,14,9,valence_classification,color_matching,matching,match_right,retten,,positive,brown,✲fanatisch✲✲,,negative,blue,0.4932,nonmatch,0.4912,0,0.38,0.5158,53.20580575824512
38,723,19,14,9,valence_classification,color_matching,matching,match_right,schön,,positive,brown,✲✲tolerant✲✲,,positive,brown,0.4932,match,0.4623,0,0.3799,0.5156,53.18527763863129
38,724,20,14,9,valence_classification,color_matching,matching,match_right,freundlich,,positive,blue,✲✲✲lasch✲✲✲✲,,negative,brown,0.4932,nonmatch,0.4715,0,0.3797,0.5155,53.164978700897315
38,725,21,14,9,valence_classification,color_matching,matching,match_right,tyrannisch,,negative,blue,✲✲✲leiden✲✲✲,,negative,brown,0.4932,nonmatch,0.4967,0,0.3796,0.5153,53.14487689528595
38,726,22,14,9,valence_classification,color_matching,matching,match_right,tolerant,,positive,blue,✲✲✲✲faul✲✲✲✲,,negative,brown,0.4932,nonmatch,0.4415,0,0.3795,0.5152,53.12494084794277
38,727,23,14,9,valence_classification,color_matching,matching,match_right,tolerant,,positive,blue,✲✲ehrlich✲✲✲,,positive,brown,0.4967,nonmatch,0.3822,0,0.3793,0.515,53.10513976379057
38,728,24,14,9,valence_classification,color_matching,matching,match_right,schroff,,negative,blue,✲✲spielen✲✲✲,,positive,blue,0.4932,match,0.4611,0,0.3792,0.5149,53.085443332672604
38,729,25,14,9,valence_classification,color_matching,matching,match_right,schön,,positive,brown,✲✲✲schlau✲✲✲,,positive,blue,0.4932,nonmatch,0.5243,0,0.379,0.5148,53.06582163831325
38,730,26,14,9,valence_classification,color_matching,matching,match_right,schlecht,,negative,brown,✲✲tolerant✲✲,,positive,brown,0.4932,match,0.4997,0,0.3789,0.5146,53.046245069667265
38,731,27,14,9,valence_classification,color_matching,matching,match_right,schlau,,positive,blue,✲✲✲leiden✲✲✲,,negative,blue,0.4932,match,0.4967,0,0.3788,0.5145,53.02668423424764
38,732,28,14,9,valence_classification,color_matching,matching,match_right,fanatisch,,negative,brown,✲✲ehrlich✲✲✲,,positive,blue,0.4932,nonmatch,0.4364,0,0.3786,0.5143,53.0071098730394
38,733,29,14,9,valence_classification,color_matching,matching,match_right,treu,,positive,brown,✲tyrannisch✲,,negative,brown,0.4932,match,0.4045,0,0.3785,0.5142,52.98749277661989
38,734,30,14,9,valence_classification,color_matching,matching,match_right,schroff,,negative,brown,✲✲schlecht✲✲,,negative,brown,0.4932,match,0.4263,0,0.3783,0.5141,52.96780370211886
38,735,31,14,9,valence_classification,color_matching,matching,match_right,schlecht,,negative,brown,✲fanatisch✲✲,,negative,blue,0.4932,nonmatch,0.4644,0,0.3782,0.5139,52.948144731177145
38,736,32,14,9,valence_classification,color_matching,matching,match_right,schlau,,positive,blue,✲✲✲schön✲✲✲✲,,positive,brown,0.4932,match,0.4754,1,0.3781,0.5138,52.92834972743058
38,737,33,14,9,valence_classification,color_matching,matching,match_right,leiden,,negative,brown,✲✲✲✲faul✲✲✲✲,,negative,brown,0.4932,match,0.418,0,0.3785,0.5142,52.9841083962471
38,738,34,14,9,valence_classification,color_matching,matching,match_right,treu,,positive,blue,✲✲ehrlich✲✲✲,,positive,blue,0.4933,match,0.4216,0,0.3783,0.514,52.96469340724557
38,739,35,14,9,valence_classification,color_matching,matching,match_right,tolerant,,positive,blue,✲✲schroff✲✲✲,,negative,brown,0.4932,match,0.3396,1,0.3782,0.5139,52.9451677637403
38,739,35,14,9,valence_classification,color_matching,matching,match_right,tolerant,,positive,blue,✲✲schroff✲✲✲,,negative,brown,0.4932,nonmatch,0.4283,0,0.3782,0.5139,52.9451677637403
38,740,36,14,9,valence_classification,color_matching,matching,match_right,freundlich,,positive,brown,✲✲tolerant✲✲,,positive,brown,0.4932,match,0.5436,0,0.378,0.5138,52.92550283350587
38,741,37,14,9,valence_classification,color_matching,matching,match_right,ehrlich,,positive,blue,✲✲✲✲faul✲✲✲✲,,negative,blue,0.4932,match,0.4109,0,0.3779,0.5136,52.90566966416168
38,742,38,14,9,valence_classification,color_matching,matching,match_right,faul,,negative,brown,✲✲✲retten✲✲✲,,positive,blue,0.4932,nonmatch,0.511,0,0.3778,0.5135,52.885638903894424
38,743,39,14,9,valence_classification,color_matching,matching,match_right,ehrlich,,positive,brown,✲✲✲✲treu✲✲✲✲,,positive,blue,0.4966,match,0.4132,1,0.3776,0.5133,52.86538072105482
38,744,40,14,9,valence_classification,color_matching,matching,match_right,schön,,positive,blue,✲✲✲leiden✲✲✲,,negative,blue,0.4932,nonmatch,0.4147,1,0.378,0.5137,52.92269272209814
38,745,41,14,9,valence_classification,color_matching,matching,match_right,hindern,,negative,brown,✲✲✲schlau✲✲✲,,positive,brown,0.4932,nonmatch,0.4252,1,0.3784,0.5141,52.977747194892274
38,746,42,14,9,valence_classification,color_matching,matching,match_right,faul,,negative,brown,✲✲hindern✲✲✲,,negative,brown,0.4932,match,0.4181,0,0.3788,0.5145,53.03123859568545
38,747,43,14,9,valence_classification,color_matching,matching,match_right,retten,,positive,brown,✲✲schroff✲✲✲,,negative,brown,0.4932,match,0.3603,0,0.3787,0.5144,53.012281137182555
38,748,44,14,9,valence_classification,color_matching,matching,match_right,hindern,,negative,brown,✲tyrannisch✲,,negative,blue,0.4959,nonmatch,0.4075,0,0.3785,0.5142,52.99329001376423
38,749,45,14,9,valence_classification,color_matching,matching,match_right,schlau,,positive,brown,✲✲schlecht✲✲,,negative,brown,0.4932,nonmatch,0.3966,1,0.3784,0.5141,52.97423771216341
38,750,46,14,9,valence_classification,color_matching,matching,match_right,schroff,,negative,blue,✲✲hindern✲✲✲,,negative,blue,0.4932,match,0.4493,0,0.3788,0.5145,53.0273470389594
38,751,47,14,9,valence_classification,color_matching,matching,match_right,lasch,,negative,brown,✲tyrannisch✲,,negative,brown,0.4932,match,0.5403,0,0.3786,0.5143,53.0085386556246
38,752,48,14,9,valence_classification,color_matching,matching,match_right,tyrannisch,,negative,brown,✲✲✲leiden✲✲✲,,negative,blue,0.4933,nonmatch,0.5333,0,0.3785,0.5142,52.989691549112536
38,753,49,14,9,valence_classification,color_matching,matching,match_right,leiden,,negative,blue,✲✲✲schlau✲✲✲,,positive,blue,0.4933,match,0.4789,0,0.3784,0.5141,52.970778617430554
38,754,50,14,9,valence_classification,color_matching,matching,match_right,schroff,,negative,brown,✲freundlich✲,,positive,blue,0.4932,nonmatch,0.4753,0,0.3782,0.5139,52.9518996894917
38,755,51,14,9,valence_classification,color_matching,matching,match_right,spielen,,positive,blue,✲✲schlecht✲✲,,negative,blue,0.4932,match,0.4645,0,0.3781,0.5138,52.93289559303724
38,756,52,14,9,valence_classification,color_matching,matching,match_right,spielen,,positive,blue,✲freundlich✲,,positive,brown,0.4936,nonmatch,0.4364,0,0.378,0.5137,52.913739179277634
38,757,53,14,9,valence_classification,color_matching,matching,match_right,fanatisch,,negative,blue,✲✲✲✲faul✲✲✲✲,,negative,brown,0.4932,match,0.4538,1,0.3778,0.5135,52.89440295065462
38,758,54,14,9,valence_classification,color_matching,matching,match_right,treu,,positive,brown,✲freundlich✲,,positive,brown,0.4932,match,0.5038,0,0.3782,0.5139,52.94899761812336
38,759,55,14,9,valence_classification,color_matching,matching,match_right,spielen,,positive,brown,✲✲✲retten✲✲✲,,positive,blue,0.4932,nonmatch,0.4991,0,0.3781,0.5138,52.930113805340234
38,760,56,14,9,valence_classification,color_matching,matching,match_right,fanatisch,,negative,brown,✲✲✲✲treu✲✲✲✲,,positive,brown,0.4932,match,0.4975,0,0.3779,0.5137,52.911074889015204
38,761,57,14,9,valence_classification,color_matching,matching,match_right,lasch,,negative,brown,✲✲ehrlich✲✲✲,,positive,brown,0.4932,nonmatch,0.4848,1,0.3778,0.5135,52.89185370226992
38,761,57,14,9,valence_classification,color_matching,matching,match_right,lasch,,negative,brown,✲✲ehrlich✲✲✲,,positive,brown,0.4932,match,0.5974,0,0.3778,0.5135,52.89185370226992
38,762,58,14,9,valence_classification,color_matching,matching,match_right,tyrannisch,,negative,blue,✲✲✲schön✲✲✲✲,,positive,brown,0.4932,nonmatch,0.4824,0,0.3777,0.5134,52.87242265210886
38,763,59,14,9,valence_classification,color_matching,matching,match_right,schön,,positive,brown,✲✲hindern✲✲✲,,negative,blue,0.4932,nonmatch,0.4919,0,0.3775,0.5132,52.85275364648354
38,764,60,14,9,valence_classification,color_matching,matching,match_right,tolerant,,positive,brown,✲✲✲schön✲✲✲✲,,positive,blue,0.4932,nonmatch,0.3746,0,0.3774,0.5131,52.832818019847636
38,765,61,14,9,valence_classification,color_matching,matching,match_right,lasch,,negative,blue,✲✲✲schön✲✲✲✲,,positive,blue,0.4932,match,0.3701,0,0.3772,0.5129,52.812586456922766
38,766,62,14,9,valence_classification,color_matching,matching,match_right,tyrannisch,,negative,blue,✲✲✲retten✲✲✲,,positive,blue,0.4934,match,0.2816,0,0.3771,0.5128,52.792028914387146
38,767,63,14,9,valence_classification,color_matching,matching,match_right,retten,,positive,blue,✲✲✲✲treu✲✲✲✲,,positive,blue,0.4932,match,0.4048,0,0.3769,0.5127,52.771114540193615
38,768,64,14,9,valence_classification,color_matching,matching,match_right,faul,,negative,blue,✲✲schroff✲✲✲,,negative,brown,0.4932,nonmatch,0.442,0,0.3768,0.5125,52.749811590214655
38,769,1,15,10,valence_classification,color_matching,matching,match_right,schlau,,positive,brown,✲✲✲leiden✲✲✲,,negative,blue,0.4932,nonmatch,0.3851,0,0.3766,0.5123,52.72808734190256
38,770,2,15,10,valence_classification,color_matching,matching,match_right,treu,,positive,brown,✲fanatisch✲✲,,negative,brown,0.4932,nonmatch,0.4203,1,0.3765,0.5122,52.70861029318533
38,771,3,15,10,valence_classification,color_matching,matching,match_right,spielen,,positive,brown,✲freundlich✲,,positive,blue,0.4932,nonmatch,0.3895,0,0.3769,0.5126,52.76924057854441
38,772,4,15,10,valence_classification,color_matching,matching,match_right,leiden,,negative,blue,✲✲✲schön✲✲✲✲,,positive,brown,0.4932,nonmatch,0.413,0,0.3768,0.5125,52.748042666155825
38,773,5,15,10,valence_classification,color_matching,matching,match_right,lasch,,negative,brown,✲✲spielen✲✲✲,,positive,brown,0.4932,match,0.5055,0,0.3766,0.5123,52.726423618263226
38,774,6,15,10,valence_classification,color_matching,matching,match_right,lasch,,negative,brown,✲freundlich✲,,positive,blue,0.4932,nonmatch,0.4402,0,0.3765,0.5122,52.70737082135539
38,775,7,15,10,valence_classification,color_matching,matching,match_right,fanatisch,,negative,brown,✲✲tolerant✲✲,,positive,blue,0.4932,nonmatch,0.5179,0,0.3764,0.5121,52.68965808168008
38,776,8,15,10,valence_classification,color_matching,matching,match_right,spielen,,positive,blue,✲✲schroff✲✲✲,,negative,blue,0.4932,match,0.4467,0,0.3762,0.5119,52.6721852665169
38,777,9,15,10,valence_classification,color_matching,matching,match_right,leiden,,negative,brown,✲✲schroff✲✲✲,,negative,brown,0.4933,match,0.4684,0,0.3761,0.5118,52.654928067453326
38,778,10,15,10,valence_classification,color_matching,matching,match_right,tyrannisch,,negative,brown,✲✲✲✲faul✲✲✲✲,,negative,brown,0.4933,match,0.3825,0,0.376,0.5117,52.63786277645301
38,779,11,15,10,valence_classification,color_matching,matching,match_right,tolerant,,positive,blue,✲✲✲✲faul✲✲✲✲,,negative,blue,0.4933,match,0.4576,0,0.3759,0.5116,52.6209662213972
38,780,12,15,10,valence_classification,color_matching,matching,match_right,retten,,positive,brown,✲✲spielen✲✲✲,,positive,blue,0.4932,match,0.4682,1,0.3757,0.5115,52.60421570405053
38,781,13,15,10,valence_classification,color_matching,matching,match_right,fanatisch,,negative,blue,✲✲✲leiden✲✲✲,,negative,blue,0.4962,match,0.4979,0,0.3761,0.5118,52.654117089661455
38,782,14,15,10,valence_classification,color_matching,matching,match_right,treu,,positive,blue,✲✲ehrlich✲✲✲,,positive,blue,0.4932,nonmatch,0.454,1,0.376,0.5117,52.637184538494125
38,783,15,15,10,valence_classification,color_matching,matching,match_right,ehrlich,,positive,brown,✲✲tolerant✲✲,,positive,brown,0.4932,match,0.5481,0,0.3763,0.5121,52.687503367657705
38,784,16,15,10,valence_classification,color_matching,matching,match_right,spielen,,positive,blue,✲✲hindern✲✲✲,,negative,brown,0.4932,nonmatch,0.533,0,0.3762,0.5119,52.670303902101786
38,785,17,15,10,valence_classification,color_matching,matching,match_right,tolerant,,positive,brown,✲tyrannisch✲,,negative,brown,0.4965,match,0.433,0,0.3761,0.5118,52.65331480129816
38,786,18,15,10,valence_classification,color_matching,matching,match_right,treu,,positive,brown,✲✲✲schön✲✲✲✲,,positive,brown,0.4932,match,0.3823,0,0.376,0.5117,52.63651305497347
38,787,19,15,10,valence_classification,color_matching,matching,match_right,leiden,,negative,blue,✲✲spielen✲✲✲,,positive,brown,0.4933,nonmatch,0.399,0,0.3759,0.5116,52.61987616810199
38,788,20,15,10,valence_classification,color_matching,matching,match_right,ehrlich,,positive,brown,✲tyrannisch✲,,negative,blue,0.4933,nonmatch,0.4324,0,0.3757,0.5115,52.60338210158665
38,789,21,15,10,valence_classification,color_matching,matching,match_right,fanatisch,,negative,brown,✲✲tolerant✲✲,,positive,blue,0.4932,nonmatch,0.4434,0,0.3756,0.5113,52.587009214988164
38,790,22,15,10,valence_classification,color_matching,matching,match_right,schlecht,,negative,blue,✲✲✲✲faul✲✲✲✲,,negative,brown,0.4932,nonmatch,0.393,0,0.3755,0.5112,52.57073621106634
38,791,23,15,10,valence_classification,color_matching,matching,match_right,schlau,,positive,brown,✲✲✲lasch✲✲✲✲,,negative,blue,0.4932,nonmatch,0.4788,0,0.3754,0.5111,52.554542081910846
38,792,24,15,10,valence_classification,color_matching,matching,match_right,schlau,,positive,brown,✲✲tolerant✲✲,,positive,brown,0.4932,nonmatch,0.3604,1,0.3753,0.511,52.538406056447556
38,792,24,15,10,valence_classification,color_matching,matching,match_right,schlau,,positive,brown,✲✲tolerant✲✲,,positive,brown,0.4932,match,0.4572,0,0.3753,0.511,52.538406056447556
38,793,25,15,10,valence_classification,color_matching,matching,match_right,hindern,,negative,brown,✲✲✲schön✲✲✲✲,,positive,brown,0.4932,match,0.4203,0,0.3752,0.5109,52.5223075491163
38,794,26,15,10,valence_classification,color_matching,matching,match_right,hindern,,negative,brown,✲✲✲leiden✲✲✲,,negative,blue,0.4932,nonmatch,0.4109,0,0.375,0.5108,52.506226109523325
38,795,27,15,10,valence_classification,color_matching,matching,match_right,schön,,positive,blue,✲✲✲schlau✲✲✲,,positive,blue,0.4932,nonmatch,0.4199,1,0.3749,0.5106,52.49014137287851
38,796,28,15,10,valence_classification,color_matching,matching,match_right,schroff,,negative,blue,✲✲✲lasch✲✲✲✲,,negative,blue,0.4962,match,0.3775,0,0.3753,0.511,52.538486006008775
38,797,29,15,10,valence_classification,color_matching,matching,match_right,tolerant,,positive,blue,✲freundlich✲,,positive,brown,0.496,nonmatch,0.4688,0,0.3752,0.5109,52.522509683646234
38,798,30,15,10,valence_classification,color_matching,matching,match_right,lasch,,negative,brown,✲✲hindern✲✲✲,,negative,blue,0.4932,nonmatch,0.5501,0,0.375,0.5108,52.50655066017838
38,799,31,15,10,valence_classification,color_matching,matching,match_right,spielen,,positive,blue,✲✲✲✲treu✲✲✲✲,,positive,blue,0.4933,nonmatch,0.4355,1,0.3749,0.5106,52.49058886192811
38,800,32,15,10,valence_classification,color_matching,matching,match_right,lasch,,negative,brown,✲fanatisch✲✲,,negative,blue,0.4932,nonmatch,0.4573,0,0.3753,0.511,52.53856186200378
38,801,33,15,10,valence_classification,color_matching,matching,match_right,ehrlich,,positive,blue,✲✲✲retten✲✲✲,,positive,brown,0.4933,nonmatch,0.3764,0,0.3752,0.5109,52.52270596724496
38,802,34,15,10,valence_classification,color_matching,matching,match_right,freundlich,,positive,brown,✲✲spielen✲✲✲,,positive,blue,0.4932,nonmatch,0.3976,0,0.375,0.5108,52.506867590686255
38,803,35,15,10,valence_classification,color_matching,matching,match_right,freundlich,,positive,blue,✲✲✲lasch✲✲✲✲,,negative,blue,0.5086,match,0.5059,0,0.3749,0.5107,52.49102694352436
38,804,36,15,10,valence_classification,color_matching,matching,match_right,freundlich,,positive,brown,✲✲ehrlich✲✲✲,,positive,blue,0.4932,nonmatch,0.3978,0,0.3748,0.5105,52.47516427425435
38,805,37,15,10,valence_classification,color_matching,matching,match_right,faul,,negative,blue,✲✲✲retten✲✲✲,,positive,blue,0.4932,match,0.3833,0,0.3747,0.5104,52.459259822165684
38,806,38,15,10,valence_classification,color_matching,matching,match_right,retten,,positive,blue,✲✲✲schön✲✲✲✲,,positive,brown,0.4932,nonmatch,0.4323,0,0.3746,0.5103,52.44329377107931
38,807,39,15,10,valence_classification,color_matching,matching,match_right,schön,,positive,blue,✲✲✲✲faul✲✲✲✲,,negative,blue,0.4932,match,0.4122,0,0.3745,0.5102,52.427353988957215
38,808,40,15,10,valence_classification,color_matching,matching,match_right,ehrlich,,positive,blue,✲✲schroff✲✲✲,,negative,brown,0.4932,nonmatch,0.3968,0,0.3744,0.5101,52.41130933820928
38,809,41,15,10,valence_classification,color_matching,matching,match_right,tyrannisch,,negative,blue,✲✲✲lasch✲✲✲✲,,negative,brown,0.4932,nonmatch,0.4191,0,0.3743,0.51,52.39513991125741
38,810,42,15,10,valence_classification,color_matching,matching,match_right,faul,,negative,brown,✲✲ehrlich✲✲✲,,positive,brown,0.4932,match,0.368,0,0.3741,0.5098,52.37882554376828
38,811,43,15,10,valence_classification,color_matching,matching,match_right,schroff,,negative,blue,✲✲schlecht✲✲,,negative,blue,0.4932,match,0.4789,0,0.374,0.5097,52.36234576837754
38,812,44,15,10,valence_classification,color_matching,matching,match_right,hindern,,negative,brown,✲✲✲schlau✲✲✲,,positive,blue,0.4932,nonmatch,0.461,0,0.3739,0.5096,52.34567976760932
38,813,45,15,10,valence_classification,color_matching,matching,match_right,schlecht,,negative,blue,✲✲ehrlich✲✲✲,,positive,blue,0.4932,match,0.3531,0,0.3738,0.5095,52.32880632583547
38,814,46,15,10,valence_classification,color_matching,matching,match_right,freundlich,,positive,brown,✲✲✲leiden✲✲✲,,negative,blue,0.4933,match,0.4967,1,0.3737,0.5094,52.311703780115465
38,815,47,15,10,valence_classification,color_matching,matching,match_right,faul,,negative,blue,✲✲hindern✲✲✲,,negative,brown,0.4932,nonmatch,0.4766,0,0.374,0.5097,52.36017694177415
38,816,48,15,10,valence_classification,color_matching,matching,match_right,retten,,positive,blue,✲fanatisch✲✲,,negative,brown,0.4932,nonmatch,0.4293,0,0.3739,0.5096,52.3435889057201
38,817,49,15,10,valence_classification,color_matching,matching,match_right,schlau,,positive,blue,✲✲✲retten✲✲✲,,positive,blue,0.4932,match,0.4323,0,0.3738,0.5095,52.32679207430315
38,818,50,15,10,valence_classification,color_matching,matching,match_right,leiden,,negative,brown,✲tyrannisch✲,,negative,blue,0.4932,nonmatch,0.4539,0,0.3736,0.5094,52.30976497887151
38,819,51,15,10,valence_classification,color_matching,matching,match_right,tolerant,,positive,blue,✲✲✲schlau✲✲✲,,positive,brown,0.4932,nonmatch,0.5174,0,0.3735,0.5092,52.292485652958874
38,820,52,15,10,valence_classification,color_matching,matching,match_right,schlecht,,negative,brown,✲tyrannisch✲,,negative,brown,0.4932,match,0.4271,0,0.3734,0.5091,52.274931581116064
38,821,53,15,10,valence_classification,color_matching,matching,match_right,faul,,negative,blue,✲fanatisch✲✲,,negative,blue,0.4932,match,0.4895,0,0.3733,0.509,52.25707964613339
38,822,54,15,10,valence_classification,color_matching,matching,match_right,hindern,,negative,blue,✲✲schlecht✲✲,,negative,brown,0.4932,nonmatch,0.418,0,0.3731,0.5088,52.23890607448045
38,823,55,15,10,valence_classification,color_matching,matching,match_right,treu,,positive,brown,✲✲schlecht✲✲,,negative,brown,0.494,match,0.4356,0,0.373,0.5087,52.22038637978482
38,824,56,15,10,valence_classification,color_matching,matching,match_right,tyrannisch,,negative,brown,✲✲✲✲treu✲✲✲✲,,positive,brown,0.4932,match,0.4568,0,0.3729,0.5086,52.20149530416443
38,825,57,15,10,valence_classification,color_matching,matching,match_right,schroff,,negative,blue,✲✲✲retten✲✲✲,,positive,brown,0.4935,nonmatch,0.3244,0,0.3727,0.5085,52.18486738037394
38,826,58,15,10,valence_classification,color_matching,matching,match_right,fanatisch,,negative,brown,✲✲schroff✲✲✲,,negative,brown,0.4932,match,0.5835,0,0.3726,0.5084,52.169529291625075
38,827,59,15,10,valence_classification,color_matching,matching,match_right,tyrannisch,,negative,blue,✲✲✲schlau✲✲✲,,positive,brown,0.4932,match,1.5286,1,0.3725,0.5082,52.154404056625204
38,828,60,15,10,valence_classification,color_matching,matching,match_right,schlecht,,negative,blue,✲✲✲✲treu✲✲✲✲,,positive,blue,0.4932,match,0.4358,0,0.3729,0.5086,52.200006597735914
38,829,61,15,10,valence_classification,color_matching,matching,match_right,schön,,positive,brown,✲✲schlecht✲✲,,negative,brown,0.4932,nonmatch,0.4039,1,0.3727,0.5085,52.18375341155247
38,830,62,15,10,valence_classification,color_matching,matching,match_right,schön,,positive,brown,✲✲✲✲treu✲✲✲✲,,positive,brown,0.4932,match,0.471,0,0.3731,0.5088,52.23565579220612
38,831,63,15,10,valence_classification,color_matching,matching,match_right,retten,,positive,blue,✲✲hindern✲✲✲,,negative,brown,0.4933,nonmatch,0.4833,0,0.373,0.5087,52.21727778505289
38,832,64,15,10,valence_classification,color_matching,matching,match_right,schroff,,negative,blue,✲freundlich✲,,positive,blue,0.4932,match,0.4037,0,0.3728,0.5086,52.19852847860081
38,833,1,16,11,valence_classification,color_matching,matching,match_right,leiden,,negative,blue,✲✲schroff✲✲✲,,negative,blue,0.5588,match,0.5873,0,0.3727,0.5084,52.182651417798205
38,834,2,16,11,valence_classification,color_matching,matching,match_right,schlau,,positive,brown,✲✲✲schön✲✲✲✲,,positive,blue,0.4932,nonmatch,0.3271,0,0.3726,0.5083,52.16752709960587
38,835,3,16,11,valence_classification,color_matching,matching,match_right,tolerant,,positive,brown,✲✲schroff✲✲✲,,negative,brown,0.4932,match,0.4073,0,0.3725,0.5082,52.15261094778572
38,836,4,16,11,valence_classification,color_matching,matching,match_right,leiden,,negative,blue,✲freundlich✲,,positive,brown,0.4932,nonmatch,0.3967,0,0.3724,0.5081,52.137884852970885
38,837,5,16,11,valence_classification,color_matching,matching,match_right,ehrlich,,positive,blue,✲✲tolerant✲✲,,positive,brown,0.4932,nonmatch,0.4404,0,0.3723,0.508,52.123331149393856
38,838,6,16,11,valence_classification,color_matching,matching,match_right,treu,,positive,blue,✲✲✲leiden✲✲✲,,negative,brown,0.4932,nonmatch,0.3788,0,0.3722,0.5079,52.10893257339708
38,839,7,16,11,valence_classification,color_matching,matching,match_right,treu,,positive,brown,✲✲ehrlich✲✲✲,,positive,brown,0.4932,match,0.405,0,0.3721,0.5078,52.094672223462176
38,840,8,16,11,valence_classification,color_matching,matching,match_right,schön,,positive,brown,✲✲schlecht✲✲,,negative,blue,0.4932,nonmatch,0.3781,0,0.372,0.5077,52.08053352161126
38,841,9,16,11,valence_classification,color_matching,matching,match_right,schlecht,,negative,blue,✲✲spielen✲✲✲,,positive,blue,0.4932,match,0.4216,0,0.3719,0.5076,52.06650017604157
38,842,10,16,11,valence_classification,color_matching,matching,match_right,retten,,positive,blue,✲✲hindern✲✲✲,,negative,brown,0.4933,nonmatch,0.3902,0,0.3718,0.5075,52.052556144860894
38,843,11,16,11,valence_classification,color_matching,matching,match_right,fanatisch,,negative,brown,✲✲schlecht✲✲,,negative,blue,0.4932,nonmatch,0.4108,0,0.3717,0.5074,52.03868560079727
38,844,12,16,11,valence_classification,color_matching,matching,match_right,faul,,negative,blue,✲✲✲schlau✲✲✲,,positive,brown,0.4965,nonmatch,0.3881,0,0.3716,0.5073,52.02487289676197
38,845,13,16,11,valence_classification,color_matching,matching,match_right,freundlich,,positive,brown,✲✲✲✲faul✲✲✲✲,,negative,blue,0.4932,nonmatch,0.3751,0,0.3715,0.5072,52.01110253214873
38,846,14,16,11,valence_classification,color_matching,matching,match_right,schlau,,positive,blue,✲✲✲leiden✲✲✲,,negative,blue,0.4932,match,0.3176,0,0.3714,0.5071,51.99735911975754
38,847,15,16,11,valence_classification,color_matching,matching,match_right,treu,,positive,blue,✲✲✲retten✲✲✲,,positive,brown,0.4932,nonmatch,0.4346,0,0.3713,0.507,51.98362735323351
38,848,16,16,11,valence_classification,color_matching,matching,match_right,schön,,positive,blue,✲✲✲✲treu✲✲✲✲,,positive,brown,0.4932,nonmatch,0.3896,0,0.3712,0.5069,51.969891974915605
38,849,17,16,11,valence_classification,color_matching,matching,match_right,lasch,,negative,brown,✲✲✲retten✲✲✲,,positive,blue,0.4933,nonmatch,0.4755,0,0.3711,0.5068,51.95613774399198
38,850,18,16,11,valence_classification,color_matching,matching,match_right,schlecht,,negative,brown,✲✲✲leiden✲✲✲,,negative,blue,0.4934,nonmatch,0.4289,0,0.371,0.5067,51.94234940486114
38,851,19,16,11,valence_classification,color_matching,matching,match_right,spielen,,positive,blue,✲✲tolerant✲✲,,positive,brown,0.4932,nonmatch,0.4214,0,0.3709,0.5066,51.92851165559974
38,852,20,16,11,valence_classification,color_matching,matching,match_right,leiden,,negative,blue,✲✲✲lasch✲✲✲✲,,negative,blue,0.4932,match,0.4505,0,0.3708,0.5065,51.91470373140967
38,853,21,16,11,valence_classification,color_matching,matching,match_right,spielen,,positive,brown,✲✲schroff✲✲✲,,negative,brown,0.4937,match,0.4204,0,0.3707,0.5064,51.90081302958572
38,854,22,16,11,valence_classification,color_matching,matching,match_right,fanatisch,,negative,blue,✲freundlich✲,,positive,brown,0.4933,nonmatch,0.45,0,0.3706,0.5063,51.88682419855997
38,855,23,16,11,valence_classification,color_matching,matching,match_right,schroff,,negative,blue,✲✲✲leiden✲✲✲,,negative,blue,0.4932,nonmatch,0.457,1,0.3705,0.5062,51.872721703201776
38,856,24,16,11,valence_classification,color_matching,matching,match_right,freundlich,,positive,blue,✲✲✲✲treu✲✲✲✲,,positive,blue,0.4932,match,0.4491,0,0.3708,0.5065,51.91247035764412
38,857,25,16,11,valence_classification,color_matching,matching,match_right,tolerant,,positive,brown,✲tyrannisch✲,,negative,brown,0.4932,match,0.4973,0,0.3707,0.5064,51.89864479238007
38,858,26,16,11,valence_classification,color_matching,matching,match_right,faul,,negative,blue,✲tyrannisch✲,,negative,brown,0.4933,nonmatch,0.3674,0,0.3706,0.5063,51.88471930647094
38,859,27,16,11,valence_classification,color_matching,matching,match_right,schroff,,negative,brown,✲✲schlecht✲✲,,negative,brown,0.4932,nonmatch,0.4609,1,0.3705,0.5062,51.870678500061366
38,860,28,16,11,valence_classification,color_matching,matching,match_right,tolerant,,positive,brown,✲✲spielen✲✲✲,,positive,blue,0.4932,nonmatch,0.464,0,0.3708,0.5065,51.910259029920894
38,861,29,16,11,valence_classification,color_matching,matching,match_right,spielen,,positive,blue,✲✲ehrlich✲✲✲,,positive,blue,0.4933,match,0.4268,0,0.3707,0.5064,51.896497518892716
38,862,30,16,11,valence_classification,color_matching,matching,match_right,tolerant,,positive,blue,✲✲✲retten✲✲✲,,positive,blue,0.4932,match,0.4121,0,0.3706,0.5063,51.88263433291405
38,863,31,16,11,valence_classification,color_matching,matching,match_right,spielen,,positive,brown,✲✲hindern✲✲✲,,negative,blue,0.4932,nonmatch,0.3865,0,0.3705,0.5062,51.86865420464307
38,864,32,16,11,valence_classification,color_matching,matching,match_right,hindern,,negative,blue,✲✲✲✲treu✲✲✲✲,,positive,blue,0.4934,match,0.4431,0,0.3704,0.5061,51.85454164698499
38,865,33,16,11,valence_classification,color_matching,matching,match_right,leiden,,negative,blue,✲✲✲schlau✲✲✲,,positive,blue,0.5253,match,0.4269,0,0.3703,0.506,51.840280921802304
38,866,34,16,11,valence_classification,color_matching,matching,match_right,lasch,,negative,brown,✲✲✲✲treu✲✲✲✲,,positive,blue,0.4932,nonmatch,0.4421,0,0.3702,0.5059,51.825856007999384
38,867,35,16,11,valence_classification,color_matching,matching,match_right,retten,,positive,blue,✲fanatisch✲✲,,negative,blue,0.4932,nonmatch,0.5153,1,0.3701,0.5058,51.81125056888757
38,868,36,16,11,valence_classification,color_matching,matching,match_right,faul,,negative,brown,✲✲✲retten✲✲✲,,positive,brown,0.4932,nonmatch,0.3461,1,0.3704,0.5061,51.85259414687561
38,869,37,16,11,valence_classification,color_matching,matching,match_right,freundlich,,positive,blue,✲✲✲✲faul✲✲✲✲,,negative,brown,0.4932,nonmatch,0.4037,0,0.3707,0.5064,51.89226435254139
38,870,38,16,11,valence_classification,color_matching,matching,match_right,tyrannisch,,negative,brown,✲✲tolerant✲✲,,positive,brown,0.4932,match,0.4108,0,0.3706,0.5063,51.878522713730355
38,871,39,16,11,valence_classification,color_matching,matching,match_right,hindern,,negative,brown,✲fanatisch✲✲,,negative,brown,0.4932,match,0.4967,0,0.3705,0.5062,51.864660988535555
38,872,40,16,11,valence_classification,color_matching,matching,match_right,fanatisch,,negative,brown,✲✲ehrlich✲✲✲,,positive,brown,0.4932,match,0.4263,0,0.3704,0.5061,51.85066394267341
38,873,41,16,11,valence_classification,color_matching,matching,match_right,tyrannisch,,negative,brown,✲✲tolerant✲✲,,positive,brown,0.4932,match,0.4404,0,0.3703,0.506,51.83651608740127
38,874,42,16,11,valence_classification,color_matching,matching,match_right,schlau,,positive,brown,✲freundlich✲,,positive,blue,0.4963,nonmatch,0.3755,0,0.3702,0.5059,51.82220164839967
38,875,43,16,11,valence_classification,color_matching,matching,match_right,schön,,positive,brown,✲✲spielen✲✲✲,,positive,blue,0.4935,nonmatch,0.411,0,0.3701,0.5058,51.807704533932004
38,876,44,16,11,valence_classification,color_matching,matching,match_right,schroff,,negative,brown,✲✲✲schön✲✲✲✲,,positive,blue,0.4932,nonmatch,0.4635,0,0.37,0.5057,51.79300830219041
38,877,45,16,11,valence_classification,color_matching,matching,match_right,schlau,,positive,blue,✲✲✲lasch✲✲✲✲,,negative,blue,0.4932,match,0.418,0,0.3698,0.5056,51.77809612773342
38,878,46,16,11,valence_classification,color_matching,matching,match_right,freundlich,,positive,brown,✲✲✲schön✲✲✲✲,,positive,brown,0.4932,match,0.4782,0,0.3697,0.5054,51.762950766918685
38,879,47,16,11,valence_classification,color_matching,matching,match_right,schlecht,,negative,blue,✲✲✲✲faul✲✲✲✲,,negative,brown,0.4932,nonmatch,0.4145,0,0.3696,0.5053,51.747554522230914
38,880,48,16,11,valence_classification,color_matching,matching,match_right,ehrlich,,positive,blue,✲✲✲lasch✲✲✲✲,,negative,brown,0.4932,nonmatch,0.4777,0,0.3695,0.5052,51.73188920540143
38,881,49,16,11,valence_classification,color_matching,matching,match_right,ehrlich,,positive,brown,✲✲schlecht✲✲,,negative,blue,0.4932,nonmatch,0.4762,0,0.3694,0.5051,51.71593609921294
38,882,50,16,11,valence_classification,color_matching,matching,match_right,hindern,,negative,blue,✲✲schroff✲✲✲,,negative,brown,0.4968,nonmatch,0.4327,0,0.3693,0.505,51.69967591787782
38,883,51,16,11,valence_classification,color_matching,matching,match_right,schön,,positive,blue,✲fanatisch✲✲,,negative,blue,0.4932,match,0.3531,0,0.3692,0.5049,51.68308876587489
38,884,52,16,11,valence_classification,color_matching,matching,match_right,retten,,positive,blue,✲✲✲schlau✲✲✲,,positive,blue,0.4932,match,0.4466,0,0.3691,0.5048,51.66822949478056
38,885,53,16,11,valence_classification,color_matching,matching,match_right,treu,,positive,brown,✲tyrannisch✲,,negative,brown,0.4933,nonmatch,0.392,1,0.369,0.5047,51.6548516169764
38,886,54,16,11,valence_classification,color_matching,matching,match_right,tyrannisch,,negative,brown,✲✲hindern✲✲✲,,negative,blue,0.4932,nonmatch,0.3853,0,0.3693,0.505,51.69827559065252
38,887,55,16,11,valence_classification,color_matching,matching,match_right,schroff,,negative,brown,✲✲✲schön✲✲✲✲,,positive,blue,0.4932,nonmatch,0.4395,0,0.3692,0.5049,51.68173730195117
38,888,56,16,11,valence_classification,color_matching,matching,match_right,tyrannisch,,negative,brown,✲✲hindern✲✲✲,,negative,brown,0.4932,match,0.462,0,0.3691,0.5048,51.66721036716587
38,889,57,16,11,valence_classification,color_matching,matching,match_right,fanatisch,,negative,brown,✲tyrannisch✲,,negative,brown,0.4932,match,0.4691,0,0.369,0.5047,51.65391596593457
38,890,58,16,11,valence_classification,color_matching,matching,match_right,lasch,,negative,brown,✲✲✲✲faul✲✲✲✲,,negative,blue,0.4933,nonmatch,0.4067,0,0.3689,0.5046,51.640810456313254
38,891,59,16,11,valence_classification,color_matching,matching,match_right,lasch,,negative,blue,✲fanatisch✲✲,,negative,brown,0.4937,nonmatch,0.4998,0,0.3688,0.5045,51.62787957250206
38,892,60,16,11,valence_classification,color_matching,matching,match_right,retten,,positive,brown,✲✲✲schlau✲✲✲,,positive,brown,0.4933,match,0.4325,0,0.3687,0.5044,51.61510940133528
38,893,61,16,11,valence_classification,color_matching,matching,match_right,hindern,,negative,blue,✲✲spielen✲✲✲,,positive,brown,0.4932,nonmatch,0.4252,0,0.3686,0.5043,51.60248635327598
38,894,62,16,11,valence_classification,color_matching,matching,match_right,ehrlich,,positive,brown,✲freundlich✲,,positive,brown,0.4932,nonmatch,0.6093,1,0.3685,0.5042,51.58999713446314
38,895,63,16,11,valence_classification,color_matching,matching,match_right,schlecht,,negative,blue,✲✲ehrlich✲✲✲,,positive,blue,0.4932,match,0.4704,0,0.3688,0.5045,51.627112402694024
38,896,64,16,11,valence_classification,color_matching,matching,match_right,faul,,negative,blue,✲✲✲lasch✲✲✲✲,,negative,blue,0.4932,match,0.3792,0,0.3687,0.5044,51.61441968611005
38,897,1,17,12,valence_classification,color_matching,matching,match_right,schlecht,,negative,brown,✲✲✲retten✲✲✲,,positive,blue,0.4934,nonmatch,0.4637,0,0.3686,0.5043,51.601872717266716
38,898,2,17,12,valence_classification,color_matching,matching,match_right,retten,,positive,brown,✲fanatisch✲✲,,negative,blue,0.4961,nonmatch,0.3346,0,0.3685,0.5042,51.58945835165533
38,899,3,17,12,valence_classification,color_matching,matching,match_right,hindern,,negative,brown,✲✲✲✲faul✲✲✲✲,,negative,blue,0.4932,nonmatch,0.4221,0,0.3684,0.5041,51.57716370948436
38,900,4,17,12,valence_classification,color_matching,matching,match_right,tyrannisch,,negative,blue,✲✲spielen✲✲✲,,positive,blue,0.4932,match,0.3968,0,0.3683,0.504,51.56497615000293
38,901,5,17,12,valence_classification,color_matching,matching,match_right,tolerant,,positive,blue,✲fanatisch✲✲,,negative,brown,0.4932,nonmatch,0.3619,0,0.3682,0.5039,51.55288324660181
38,902,6,17,12,valence_classification,color_matching,matching,match_right,spielen,,positive,blue,✲tyrannisch✲,,negative,brown,0.4933,nonmatch,0.4789,0,0.3681,0.5039,51.5408727626151
38,903,7,17,12,valence_classification,color_matching,matching,match_right,lasch,,negative,brown,✲fanatisch✲✲,,negative,blue,0.4933,nonmatch,0.4469,0,0.3681,0.5038,51.52893262774862
38,904,8,17,12,valence_classification,color_matching,matching,match_right,hindern,,negative,blue,✲✲ehrlich✲✲✲,,positive,blue,0.4961,match,0.4394,0,0.368,0.5037,51.51705091506432
38,905,9,17,12,valence_classification,color_matching,matching,match_right,ehrlich,,positive,blue,✲✲✲lasch✲✲✲✲,,negative,blue,0.4933,match,0.5041,0,0.3679,0.5036,51.5052158184528
38,906,10,17,12,valence_classification,color_matching,matching,match_right,leiden,,negative,brown,✲tyrannisch✲,,negative,brown,0.4932,nonmatch,0.5098,1,0.3678,0.5035,51.49341563052732
38,907,11,17,12,valence_classification,color_matching,matching,match_right,treu,,positive,blue,✲✲✲schlau✲✲✲,,positive,brown,0.4932,nonmatch,0.4037,0,0.3681,0.5038,51.52875512386027
38,908,12,17,12,valence_classification,color_matching,matching,match_right,schlecht,,negative,blue,✲✲✲leiden✲✲✲,,negative,brown,0.4964,nonmatch,0.5682,0,0.368,0.5037,51.5169430829809
38,909,13,17,12,valence_classification,color_matching,matching,match_right,fanatisch,,negative,brown,✲✲hindern✲✲✲,,negative,blue,0.4962,match,0.4052,1,0.3679,0.5036,51.50517739164407
38,910,14,17,12,valence_classification,color_matching,matching,match_right,schlau,,positive,brown,✲✲schroff✲✲✲,,negative,brown,0.4965,match,0.4051,0,0.3681,0.5039,51.54037882179544
38,911,15,17,12,valence_classification,color_matching,matching,match_right,schlau,,positive,brown,✲✲tolerant✲✲,,positive,blue,0.4932,nonmatch,0.4702,0,0.3681,0.5038,51.52857805950875
38,912,16,17,12,valence_classification,color_matching,matching,match_right,spielen,,positive,blue,✲tyrannisch✲,,negative,blue,0.4932,match,0.434,0,0.368,0.5037,51.5168349337134
38,913,17,17,12,valence_classification,color_matching,matching,match_right,schön,,positive,brown,✲✲✲leiden✲✲✲,,negative,brown,0.4932,match,0.506,0,0.3679,0.5036,51.505137892533554
38,914,18,17,12,valence_classification,color_matching,matching,match_right,schroff,,negative,brown,✲✲✲✲faul✲✲✲✲,,negative,brown,0.4932,match,0.4701,0,0.3678,0.5035,51.49347548051781
38,915,19,17,12,valence_classification,color_matching,matching,match_right,spielen,,positive,brown,✲✲✲retten✲✲✲,,positive,blue,0.4932,nonmatch,0.4199,0,0.3677,0.5034,51.48183631759024
38,916,20,17,12,valence_classification,color_matching,matching,match_right,hindern,,negative,brown,✲✲✲✲treu✲✲✲✲,,positive,blue,0.4932,match,0.4557,1,0.3676,0.5034,51.470209078287425
38,917,21,17,12,valence_classification,color_matching,matching,match_right,leiden,,negative,blue,✲✲✲schlau✲✲✲,,positive,blue,0.4932,match,0.4117,0,0.3679,0.5036,51.50509735540967
38,918,22,17,12,valence_classification,color_matching,matching,match_right,retten,,positive,blue,✲✲✲leiden✲✲✲,,negative,brown,0.4933,nonmatch,0.4395,0,0.3678,0.5035,51.493502710402545
38,919,23,17,12,valence_classification,color_matching,matching,match_right,treu,,positive,brown,✲✲hindern✲✲✲,,negative,brown,0.4932,nonmatch,0.4466,1,0.3677,0.5034,51.48193129621713
38,920,24,17,12,valence_classification,color_matching,matching,match_right,fanatisch,,negative,brown,✲✲hindern✲✲✲,,negative,blue,0.4932,nonmatch,0.4337,0,0.368,0.5037,51.516617770550006
38,921,25,17,12,valence_classification,color_matching,matching,match_right,spielen,,positive,brown,✲✲ehrlich✲✲✲,,positive,brown,0.4932,match,0.4395,0,0.3679,0.5036,51.505055813519306
38,922,26,17,12,valence_classification,color_matching,matching,match_right,schlau,,positive,blue,✲✲✲schön✲✲✲✲,,positive,brown,0.4932,nonmatch,0.4067,0,0.3678,0.5035,51.493528204514654
38,923,27,17,12,valence_classification,color_matching,matching,match_right,schön,,positive,blue,✲✲✲✲faul✲✲✲✲,,negative,brown,0.4963,nonmatch,0.4193,0,0.3677,0.5034,51.482023805749876
38,924,28,17,12,valence_classification,color_matching,matching,match_right,tyrannisch,,negative,blue,✲✲✲leiden✲✲✲,,negative,blue,0.4973,match,0.4455,0,0.3676,0.5034,51.47053153314849
38,925,29,17,12,valence_classification,color_matching,matching,match_right,treu,,positive,blue,✲✲✲schlau✲✲✲,,positive,blue,0.4933,match,0.4507,0,0.3676,0.5033,51.45904033646095
38,926,30,17,12,valence_classification,color_matching,matching,match_right,schlecht,,negative,blue,✲✲✲schlau✲✲✲,,positive,brown,0.4932,nonmatch,0.4252,0,0.3675,0.5032,51.44753917954875
38,927,31,17,12,valence_classification,color_matching,matching,match_right,ehrlich,,positive,brown,✲freundlich✲,,positive,brown,0.4932,match,0.5489,0,0.3674,0.5031,51.436017020781215
38,928,32,17,12,valence_classification,color_matching,matching,match_right,retten,,positive,brown,✲freundlich✲,,positive,brown,0.4932,match,0.4716,0,0.3673,0.503,51.424462793493
38,929,33,17,12,valence_classification,color_matching,matching,match_right,lasch,,negative,blue,✲✲schlecht✲✲,,negative,brown,0.4933,nonmatch,0.376,0,0.3672,0.5029,51.41286538645013
38,930,34,17,12,valence_classification,color_matching,matching,match_right,leiden,,negative,blue,✲✲✲retten✲✲✲,,positive,blue,0.4932,match,0.3974,0,0.3672,0.5029,51.40129341020627
38,931,35,17,12,valence_classification,color_matching,matching,match_right,ehrlich,,positive,brown,✲✲hindern✲✲✲,,negative,blue,0.4965,nonmatch,0.3539,0,0.3671,0.5028,51.389654117243516
38,932,36,17,12,valence_classification,color_matching,matching,match_right,tolerant,,positive,brown,✲✲spielen✲✲✲,,positive,blue,0.4932,nonmatch,0.4545,0,0.367,0.5027,51.377936350165996
38,933,37,17,12,valence_classification,color_matching,matching,match_right,schlau,,positive,brown,✲✲schroff✲✲✲,,negative,brown,0.4932,match,0.3965,0,0.3669,0.5026,51.3661288220228
38,934,38,17,12,valence_classification,color_matching,matching,match_right,tyrannisch,,negative,blue,✲✲ehrlich✲✲✲,,positive,brown,0.4932,nonmatch,0.391,0,0.3668,0.5025,51.35422009657857
38,935,39,17,12,valence_classification,color_matching,matching,match_right,faul,,negative,brown,✲✲✲schön✲✲✲✲,,positive,brown,0.4932,match,0.3863,0,0.3667,0.5024,51.34219856825852
38,936,40,17,12,valence_classification,color_matching,matching,match_right,schlecht,,negative,brown,✲✲schroff✲✲✲,,negative,brown,0.4932,match,0.3914,0,0.3666,0.5024,51.33005244171669
38,937,41,17,12,valence_classification,color_matching,matching,match_right,fanatisch,,negative,brown,✲✲✲schön✲✲✲✲,,positive,brown,0.4933,match,0.4434,0,0.3666,0.5023,51.31776971097598
38,938,42,17,12,valence_classification,color_matching,matching,match_right,faul,,negative,brown,✲✲schroff✲✲✲,,negative,brown,0.4932,match,0.418,0,0.3665,0.5022,51.305338138086064
38,939,43,17,12,valence_classification,color_matching,matching,match_right,retten,,positive,blue,✲✲✲schön✲✲✲✲,,positive,blue,0.4932,nonmatch,0.3998,1,0.3664,0.5021,51.29274523124547
38,940,44,17,12,valence_classification,color_matching,matching,match_right,freundlich,,positive,blue,✲✲✲✲treu✲✲✲✲,,positive,brown,0.4932,nonmatch,0.4345,0,0.3666,0.5023,51.328400805744415
38,941,45,17,12,valence_classification,color_matching,matching,match_right,tolerant,,positive,brown,✲✲✲lasch✲✲✲✲,,negative,blue,0.4932,nonmatch,0.3628,0,0.3665,0.5023,51.3161567769777
38,942,46,17,12,valence_classification,color_matching,matching,match_right,faul,,negative,blue,✲tyrannisch✲,,negative,blue,0.4932,match,0.5282,0,0.3665,0.5022,51.303763002633346
38,943,47,17,12,valence_classification,color_matching,matching,match_right,schön,,positive,brown,✲✲ehrlich✲✲✲,,positive,brown,0.4932,match,0.4261,0,0.3664,0.5021,51.2912070656086
38,944,48,17,12,valence_classification,color_matching,matching,match_right,freundlich,,positive,blue,✲✲tolerant✲✲,,positive,blue,0.4932,match,0.4206,0,0.3663,0.502,51.27847627217695
38,945,49,17,12,valence_classification,color_matching,matching,match_right,freundlich,,positive,blue,✲✲✲✲faul✲✲✲✲,,negative,blue,0.4932,match,0.4702,0,0.3662,0.5019,51.26555762908618
38,946,50,17,12,valence_classification,color_matching,matching,match_right,lasch,,negative,brown,✲✲tolerant✲✲,,positive,brown,0.4932,match,0.4322,0,0.3661,0.5018,51.25243781995013
38,947,51,17,12,valence_classification,color_matching,matching,match_right,lasch,,negative,brown,✲✲spielen✲✲✲,,positive,blue,0.5024,nonmatch,0.4539,0,0.366,0.5017,51.23910318087376
38,948,52,17,12,valence_classification,color_matching,matching,match_right,schön,,positive,brown,✲✲✲retten✲✲✲,,positive,blue,0.4932,nonmatch,0.3825,0,0.3659,0.5016,51.225539675249145
38,949,53,17,12,valence_classification,color_matching,matching,match_right,leiden,,negative,blue,✲fanatisch✲✲,,negative,brown,0.4932,nonmatch,0.4141,0,0.3658,0.5015,51.211732867657176
38,950,54,17,12,valence_classification,color_matching,matching,match_right,treu,,positive,blue,✲✲schlecht✲✲,,negative,blue,0.4932,match,0.4395,0,0.3657,0.5014,51.19766789680813
38,951,55,17,12,valence_classification,color_matching,matching,match_right,schroff,,negative,blue,✲✲schlecht✲✲,,negative,blue,0.4932,match,0.4263,0,0.3656,0.5013,51.18332944745033
38,952,56,17,12,valence_classification,color_matching,matching,match_right,faul,,negative,brown,✲freundlich✲,,positive,blue,0.4932,nonmatch,0.4327,0,0.3655,0.5012,51.1687017211743
38,953,57,17,12,valence_classification,color_matching,matching,match_right,hindern,,negative,blue,✲✲✲lasch✲✲✲✲,,negative,blue,0.4932,match,0.5146,0,0.3654,0.5011,51.155541058006534
38,954,58,17,12,valence_classification,color_matching,matching,match_right,freundlich,,positive,brown,✲✲schlecht✲✲,,negative,blue,0.4932,match,0.4184,1,0.3653,0.501,51.14385190487685
38,955,59,17,12,valence_classification,color_matching,matching,match_right,fanatisch,,negative,brown,✲✲✲✲treu✲✲✲✲,,positive,brown,0.4934,match,0.4681,0,0.3656,0.5013,51.182072629634185
38,956,60,17,12,valence_classification,color_matching,matching,match_right,schroff,,negative,blue,✲freundlich✲,,positive,brown,0.4932,nonmatch,0.4573,0,0.3655,0.5012,51.16747731383732
38,957,61,17,12,valence_classification,color_matching,matching,match_right,tyrannisch,,negative,blue,✲✲✲lasch✲✲✲✲,,negative,brown,0.4932,nonmatch,0.4328,0,0.3654,0.5011,51.15461594894907
38,958,62,17,12,valence_classification,color_matching,matching,match_right,schroff,,negative,blue,✲✲tolerant✲✲,,positive,brown,0.4932,nonmatch,0.4434,0,0.3653,0.501,51.14299188968754
38,959,63,17,12,valence_classification,color_matching,matching,match_right,ehrlich,,positive,blue,✲✲✲✲treu✲✲✲✲,,positive,blue,0.4932,match,0.4335,0,0.3652,0.5009,51.13153668004509
38,960,64,17,12,valence_classification,color_matching,matching,match_right,tolerant,,positive,blue,✲✲spielen✲✲✲,,positive,brown,0.4932,nonmatch,0.4623,0,0.3651,0.5009,51.1202391791288
