sid,tid,tix,bid,bix,study_task,current_task,study_phase,key_assignment,prime_identity,prime_part_of_speech,prime_valence,prime_color,target_identity,target_part_of_speech,target_valence,target_color,target_onset,response,response_time,error,response_window_start,response_window_end,n_target
4,1,1,1,1,valence_classification,valence_classification,acquisition,negative_left,GKQX,,,black,leiden,,negative,black,0.9102,negative,2.0475,0,0.41,0.54,41
4,2,2,1,1,valence_classification,valence_classification,acquisition,negative_left,GKQX,,,black,strafen,,negative,black,0.8805,negative,0.9014,0,0.41,0.54,41
4,3,3,1,1,valence_classification,valence_classification,acquisition,negative_left,GKQX,,,black,faul,,negative,black,0.8806,negative,1.5352,0,0.41,0.54,41
4,4,4,1,1,valence_classification,valence_classification,acquisition,negative_left,BMVZ,,,black,ehrlich,,positive,black,0.8805,positive,0.7897,0,0.41,0.54,41
4,5,5,1,1,valence_classification,valence_classification,acquisition,negative_left,BMVZ,,,black,schön,,positive,black,0.8805,positive,0.7114,0,0.41,0.54,41
4,6,6,1,1,valence_classification,valence_classification,acquisition,negative_left,GKQX,,,black,tot,,negative,black,0.8805,negative,0.8329,0,0.41,0.54,41
4,7,7,1,1,valence_classification,valence_classification,acquisition,negative_left,GKQX,,,black,rächen,,negative,black,0.8805,negative,0.7365,0,0.41,0.54,41
4,8,8,1,1,valence_classification,valence_classification,acquisition,negative_left,BMVZ,,,black,treu,,positive,black,0.8805,positive,1.6413,0,0.41,0.54,41
4,9,9,1,1,valence_classification,valence_classification,acquisition,negative_left,BMVZ,,,black,fair,,positive,black,0.8805,positive,0.7135,0,0.41,0.54,41
4,10,10,1,1,valence_classification,valence_classification,acquisition,negative_left,GKQX,,,black,schroff,,negative,black,0.8805,negative,1.0333,0,0.41,0.54,41
4,11,11,1,1,valence_classification,valence_classification,acquisition,negative_left,BMVZ,,,black,fair,,positive,black,0.8805,positive,1.4258,0,0.41,0.54,41
4,12,12,1,1,valence_classification,valence_classification,acquisition,negative_left,BMVZ,,,black,schlau,,positive,black,0.8805,positive,0.7053,0,0.41,0.54,41
4,13,13,1,1,valence_classification,valence_classification,acquisition,negative_left,BMVZ,,,black,loyal,,positive,black,0.8804,positive,0.6322,0,0.41,0.54,41
4,14,14,1,1,valence_classification,valence_classification,acquisition,negative_left,GKQX,,,black,schlecht,,negative,black,0.8805,negative,0.6777,0,0.41,0.54,41
4,15,15,1,1,valence_classification,valence_classification,acquisition,negative_left,GKQX,,,black,rächen,,negative,black,0.8804,negative,0.7219,0,0.41,0.54,41
4,16,16,1,1,valence_classification,valence_classification,acquisition,negative_left,GKQX,,,black,faul,,negative,black,0.8805,negative,0.5372,0,0.41,0.54,41
4,17,17,1,1,valence_classification,valence_classification,acquisition,negative_left,BMVZ,,,black,retten,,positive,black,0.8805,positive,0.7534,0,0.41,0.54,41
4,18,18,1,1,valence_classification,valence_classification,acquisition,negative_left,GKQX,,,black,strafen,,negative,black,0.8804,negative,0.6252,0,0.41,0.54,41
4,19,19,1,1,valence_classification,valence_classification,acquisition,negative_left,GKQX,,,black,lasch,,negative,black,0.8804,negative,0.7377,0,0.41,0.54,41
4,20,20,1,1,valence_classification,valence_classification,acquisition,negative_left,BMVZ,,,black,freundlich,,positive,black,0.8805,positive,0.6239,0,0.41,0.54,41
4,21,21,1,1,valence_classification,valence_classification,acquisition,negative_left,BMVZ,,,black,freundlich,,positive,black,0.8805,positive,0.5761,0,0.41,0.54,41
4,22,22,1,1,valence_classification,valence_classification,acquisition,negative_left,GKQX,,,black,schroff,,negative,black,0.8805,negative,0.5687,0,0.41,0.54,41
4,23,23,1,1,valence_classification,valence_classification,acquisition,negative_left,BMVZ,,,black,schlau,,positive,black,0.8805,positive,0.7214,0,0.41,0.54,41
4,24,24,1,1,valence_classification,valence_classification,acquisition,negative_left,BMVZ,,,black,schön,,positive,black,0.8805,positive,0.4975,0,0.41,0.54,41
4,25,1,2,2,valence_classification,valence_classification,acquisition,negative_left,BMVZ,,,black,fair,,positive,black,0.8825,positive,5.68,0,0.41,0.54,41
4,26,2,2,2,valence_classification,valence_classification,acquisition,negative_left,GKQX,,,black,schroff,,negative,black,0.8804,negative,0.9128,0,0.41,0.54,41
4,27,3,2,2,valence_classification,valence_classification,acquisition,negative_left,BMVZ,,,black,schön,,positive,black,0.881,positive,0.6241,0,0.41,0.54,41
4,28,4,2,2,valence_classification,valence_classification,acquisition,negative_left,GKQX,,,black,leiden,,negative,black,0.8805,negative,0.6406,0,0.41,0.54,41
4,29,5,2,2,valence_classification,valence_classification,acquisition,negative_left,GKQX,,,black,rächen,,negative,black,0.8805,negative,0.5232,0,0.41,0.54,41
4,30,6,2,2,valence_classification,valence_classification,acquisition,negative_left,BMVZ,,,black,treu,,positive,black,0.8805,positive,0.4867,0,0.41,0.54,41
4,31,7,2,2,valence_classification,valence_classification,acquisition,negative_left,GKQX,,,black,strafen,,negative,black,0.8805,negative,0.383,0,0.41,0.54,41
4,32,8,2,2,valence_classification,valence_classification,acquisition,negative_left,GKQX,,,black,schlecht,,negative,black,0.8805,negative,0.6239,0,0.41,0.54,41
4,33,9,2,2,valence_classification,valence_classification,acquisition,negative_left,BMVZ,,,black,ehrlich,,positive,black,0.8805,positive,0.4871,0,0.41,0.54,41
4,34,10,2,2,valence_classification,valence_classification,acquisition,negative_left,BMVZ,,,black,fair,,positive,black,0.8805,positive,0.4769,0,0.41,0.54,41
4,35,11,2,2,valence_classification,valence_classification,acquisition,negative_left,BMVZ,,,black,retten,,positive,black,0.8805,negative,0.409,1,0.41,0.54,41
4,36,12,2,2,valence_classification,valence_classification,acquisition,negative_left,GKQX,,,black,faul,,negative,black,0.8805,negative,0.4976,0,0.41,0.54,41
4,37,13,2,2,valence_classification,valence_classification,acquisition,negative_left,BMVZ,,,black,freundlich,,positive,black,0.8805,positive,0.4556,0,0.41,0.54,41
4,38,14,2,2,valence_classification,valence_classification,acquisition,negative_left,GKQX,,,black,strafen,,negative,black,0.8806,negative,0.479,0,0.41,0.54,41
4,39,15,2,2,valence_classification,valence_classification,acquisition,negative_left,GKQX,,,black,faul,,negative,black,0.8805,positive,0.4787,1,0.41,0.54,41
4,40,16,2,2,valence_classification,valence_classification,acquisition,negative_left,GKQX,,,black,rächen,,negative,black,0.8806,negative,0.4782,0,0.41,0.54,41
4,41,17,2,2,valence_classification,valence_classification,acquisition,negative_left,GKQX,,,black,lasch,,negative,black,0.8809,negative,0.4653,0,0.41,0.54,41
4,42,18,2,2,valence_classification,valence_classification,acquisition,negative_left,GKQX,,,black,tot,,negative,black,0.8805,positive,0.4802,1,0.41,0.54,41
4,43,19,2,2,valence_classification,valence_classification,acquisition,negative_left,BMVZ,,,black,schlau,,positive,black,0.8805,negative,0.4483,1,0.41,0.54,41
4,44,20,2,2,valence_classification,valence_classification,acquisition,negative_left,BMVZ,,,black,loyal,,positive,black,0.8804,positive,0.6804,0,0.41,0.54,41
4,45,21,2,2,valence_classification,valence_classification,acquisition,negative_left,GKQX,,,black,schroff,,negative,black,0.8805,negative,0.4174,0,0.41,0.54,41
4,46,22,2,2,valence_classification,valence_classification,acquisition,negative_left,BMVZ,,,black,freundlich,,positive,black,0.8805,positive,0.4395,0,0.41,0.54,41
4,47,23,2,2,valence_classification,valence_classification,acquisition,negative_left,BMVZ,,,black,schlau,,positive,black,0.8805,negative,0.4371,1,0.41,0.54,41
4,47,23,2,2,valence_classification,valence_classification,acquisition,negative_left,BMVZ,,,black,schlau,,positive,black,0.8805,positive,0.5593,0,0.41,0.54,41
4,48,24,2,2,valence_classification,valence_classification,acquisition,negative_left,BMVZ,,,black,schön,,positive,black,0.881,positive,0.4055,0,0.41,0.54,41
4,49,1,3,3,valence_classification,valence_classification,acquisition,negative_left,BMVZ,,,black,schlau,,positive,black,0.8805,positive,0.5132,0,0.39,0.52,39
4,50,2,3,3,valence_classification,valence_classification,acquisition,negative_left,GKQX,,,black,schroff,,negative,black,0.8804,negative,0.5506,0,0.39,0.52,39
4,51,3,3,3,valence_classification,valence_classification,acquisition,negative_left,GKQX,,,black,faul,,negative,black,0.8805,negative,0.5911,0,0.39,0.52,39
4,52,4,3,3,valence_classification,valence_classification,acquisition,negative_left,BMVZ,,,black,retten,,positive,black,0.8805,positive,1.871,0,0.39,0.52,39
4,53,5,3,3,valence_classification,valence_classification,acquisition,negative_left,GKQX,,,black,rächen,,negative,black,0.8805,negative,0.6051,0,0.39,0.52,39
4,54,6,3,3,valence_classification,valence_classification,acquisition,negative_left,BMVZ,,,black,fair,,positive,black,0.8805,positive,0.4607,0,0.39,0.52,39
4,55,7,3,3,valence_classification,valence_classification,acquisition,negative_left,BMVZ,,,black,ehrlich,,positive,black,0.8805,positive,0.4282,0,0.39,0.52,39
4,56,8,3,3,valence_classification,valence_classification,acquisition,negative_left,GKQX,,,black,rächen,,negative,black,0.8805,positive,0.393,1,0.39,0.52,39
4,57,9,3,3,valence_classification,valence_classification,acquisition,negative_left,BMVZ,,,black,fair,,positive,black,0.8805,positive,0.5286,0,0.39,0.52,39
4,58,10,3,3,valence_classification,valence_classification,acquisition,negative_left,GKQX,,,black,lasch,,negative,black,0.8805,negative,0.4071,0,0.39,0.52,39
4,59,11,3,3,valence_classification,valence_classification,acquisition,negative_left,GKQX,,,black,schroff,,negative,black,0.8805,negative,0.5617,0,0.39,0.52,39
4,60,12,3,3,valence_classification,valence_classification,acquisition,negative_left,GKQX,,,black,strafen,,negative,black,0.8805,positive,0.4431,1,0.39,0.52,39
4,61,13,3,3,valence_classification,valence_classification,acquisition,negative_left,GKQX,,,black,faul,,negative,black,0.8805,negative,0.4531,0,0.39,0.52,39
4,62,14,3,3,valence_classification,valence_classification,acquisition,negative_left,GKQX,,,black,leiden,,negative,black,0.8805,negative,0.57,0,0.39,0.52,39
4,63,15,3,3,valence_classification,valence_classification,acquisition,negative_left,GKQX,,,black,tot,,negative,black,0.8804,negative,0.3882,0,0.39,0.52,39
4,64,16,3,3,valence_classification,valence_classification,acquisition,negative_left,GKQX,,,black,lasch,,negative,black,0.8805,negative,0.5053,0,0.39,0.52,39
4,65,17,3,3,valence_classification,valence_classification,acquisition,negative_left,BMVZ,,,black,treu,,positive,black,0.8804,negative,0.5069,1,0.39,0.52,39
4,66,18,3,3,valence_classification,valence_classification,acquisition,negative_left,BMVZ,,,black,schlau,,positive,black,0.8805,positive,0.572,0,0.39,0.52,39
4,67,19,3,3,valence_classification,valence_classification,acquisition,negative_left,BMVZ,,,black,freundlich,,positive,black,0.8805,positive,0.4242,0,0.39,0.52,39
4,68,20,3,3,valence_classification,valence_classification,acquisition,negative_left,BMVZ,,,black,loyal,,positive,black,0.8804,negative,0.4873,1,0.39,0.52,39
4,69,21,3,3,valence_classification,valence_classification,acquisition,negative_left,GKQX,,,black,lasch,,negative,black,0.8804,negative,0.4531,0,0.39,0.52,39
4,70,22,3,3,valence_classification,valence_classification,acquisition,negative_left,BMVZ,,,black,treu,,positive,black,0.8804,positive,0.5032,0,0.39,0.52,39
4,71,23,3,3,valence_classification,valence_classification,acquisition,negative_left,BMVZ,,,black,retten,,positive,black,0.8805,positive,0.3903,0,0.39,0.52,39
4,72,24,3,3,valence_classification,valence_classification,acquisition,negative_left,BMVZ,,,black,fair,,positive,black,0.8805,positive,0.4977,0,0.39,0.52,39
4,73,25,3,3,valence_classification,valence_classification,acquisition,negative_left,GKQX,,,black,leiden,,negative,black,0.8805,negative,0.5254,0,0.39,0.52,39
4,74,26,3,3,valence_classification,valence_classification,acquisition,negative_left,BMVZ,,,black,schön,,positive,black,0.8804,positive,0.5996,0,0.39,0.52,39
4,75,27,3,3,valence_classification,valence_classification,acquisition,negative_left,BMVZ,,,black,loyal,,positive,black,0.8805,positive,0.5154,0,0.39,0.52,39
4,76,28,3,3,valence_classification,valence_classification,acquisition,negative_left,GKQX,,,black,tot,,negative,black,0.8805,negative,0.398,0,0.39,0.52,39
4,77,29,3,3,valence_classification,valence_classification,acquisition,negative_left,BMVZ,,,black,freundlich,,positive,black,0.8805,negative,0.4163,1,0.39,0.52,39
4,78,30,3,3,valence_classification,valence_classification,acquisition,negative_left,GKQX,,,black,strafen,,negative,black,0.8806,negative,0.4886,0,0.39,0.52,39
4,79,31,3,3,valence_classification,valence_classification,acquisition,negative_left,GKQX,,,black,tot,,negative,black,0.8804,negative,0.4694,0,0.39,0.52,39
4,80,32,3,3,valence_classification,valence_classification,acquisition,negative_left,BMVZ,,,black,schlau,,positive,black,0.8805,positive,0.6394,0,0.39,0.52,39
4,81,33,3,3,valence_classification,valence_classification,acquisition,negative_left,GKQX,,,black,faul,,negative,black,0.8805,negative,0.4255,0,0.39,0.52,39
4,82,34,3,3,valence_classification,valence_classification,acquisition,negative_left,BMVZ,,,black,loyal,,positive,black,0.8804,negative,0.49,1,0.39,0.52,39
4,83,35,3,3,valence_classification,valence_classification,acquisition,negative_left,GKQX,,,black,strafen,,negative,black,0.8804,negative,0.4553,0,0.39,0.52,39
4,84,36,3,3,valence_classification,valence_classification,acquisition,negative_left,BMVZ,,,black,schön,,positive,black,0.8805,positive,0.4432,0,0.39,0.52,39
4,85,37,3,3,valence_classification,valence_classification,acquisition,negative_left,GKQX,,,black,schlecht,,negative,black,0.8805,negative,0.4131,0,0.39,0.52,39
4,86,38,3,3,valence_classification,valence_classification,acquisition,negative_left,BMVZ,,,black,schön,,positive,black,0.8804,positive,0.4553,0,0.39,0.52,39
4,87,39,3,3,valence_classification,valence_classification,acquisition,negative_left,GKQX,,,black,schlecht,,negative,black,0.8805,negative,0.4958,0,0.39,0.52,39
4,88,40,3,3,valence_classification,valence_classification,acquisition,negative_left,GKQX,,,black,leiden,,negative,black,0.8804,negative,0.5155,0,0.39,0.52,39
4,89,41,3,3,valence_classification,valence_classification,acquisition,negative_left,GKQX,,,black,rächen,,negative,black,0.8805,negative,0.4957,0,0.39,0.52,39
4,90,42,3,3,valence_classification,valence_classification,acquisition,negative_left,BMVZ,,,black,ehrlich,,positive,black,0.8804,positive,0.4832,0,0.39,0.52,39
4,91,43,3,3,valence_classification,valence_classification,acquisition,negative_left,GKQX,,,black,schlecht,,negative,black,0.8804,negative,0.3967,0,0.39,0.52,39
4,92,44,3,3,valence_classification,valence_classification,acquisition,negative_left,BMVZ,,,black,retten,,positive,black,0.8805,negative,0.4932,1,0.39,0.52,39
4,93,45,3,3,valence_classification,valence_classification,acquisition,negative_left,BMVZ,,,black,ehrlich,,positive,black,0.8805,positive,0.4731,0,0.39,0.52,39
4,94,46,3,3,valence_classification,valence_classification,acquisition,negative_left,GKQX,,,black,schroff,,negative,black,0.8804,negative,0.4831,0,0.39,0.52,39
4,95,47,3,3,valence_classification,valence_classification,acquisition,negative_left,BMVZ,,,black,treu,,positive,black,0.8805,positive,0.4831,0,0.39,0.52,39
4,96,48,3,3,valence_classification,valence_classification,acquisition,negative_left,BMVZ,,,black,freundlich,,positive,black,0.8805,positive,0.4631,0,0.39,0.52,39
4,97,1,4,4,valence_classification,valence_classification,acquisition,negative_left,GKQX,,,black,lasch,,negative,black,0.8834,negative,0.6138,0,0.34,0.47,34
4,98,2,4,4,valence_classification,valence_classification,acquisition,negative_left,BMVZ,,,black,retten,,positive,black,0.8805,negative,0.493,1,0.34,0.47,34
4,99,3,4,4,valence_classification,valence_classification,acquisition,negative_left,GKQX,,,black,leiden,,negative,black,0.8805,negative,0.4579,0,0.34,0.47,34
4,100,4,4,4,valence_classification,valence_classification,acquisition,negative_left,BMVZ,,,black,ehrlich,,positive,black,0.8808,positive,0.3688,0,0.34,0.47,34
4,101,5,4,4,valence_classification,valence_classification,acquisition,negative_left,GKQX,,,black,strafen,,negative,black,0.8808,negative,0.434,0,0.34,0.47,34
4,102,6,4,4,valence_classification,valence_classification,acquisition,negative_left,BMVZ,,,black,loyal,,positive,black,0.8805,positive,0.4753,0,0.34,0.47,34
4,103,7,4,4,valence_classification,valence_classification,acquisition,negative_left,GKQX,,,black,rächen,,negative,black,0.8805,negative,0.3838,0,0.34,0.47,34
4,104,8,4,4,valence_classification,valence_classification,acquisition,negative_left,BMVZ,,,black,retten,,positive,black,0.8805,positive,0.4404,0,0.34,0.47,34
4,105,9,4,4,valence_classification,valence_classification,acquisition,negative_left,GKQX,,,black,rächen,,negative,black,0.8805,positive,0.4269,1,0.34,0.47,34
4,105,9,4,4,valence_classification,valence_classification,acquisition,negative_left,GKQX,,,black,rächen,,negative,black,0.8805,negative,0.4707,0,0.34,0.47,34
4,106,10,4,4,valence_classification,valence_classification,acquisition,negative_left,BMVZ,,,black,fair,,positive,black,0.8805,positive,0.4676,0,0.34,0.47,34
4,107,11,4,4,valence_classification,valence_classification,acquisition,negative_left,BMVZ,,,black,loyal,,positive,black,0.8805,negative,0.4155,1,0.34,0.47,34
4,108,12,4,4,valence_classification,valence_classification,acquisition,negative_left,GKQX,,,black,strafen,,negative,black,0.8805,negative,0.3755,0,0.34,0.47,34
4,109,13,4,4,valence_classification,valence_classification,acquisition,negative_left,BMVZ,,,black,ehrlich,,positive,black,0.8805,positive,0.4431,0,0.34,0.47,34
4,110,14,4,4,valence_classification,valence_classification,acquisition,negative_left,GKQX,,,black,tot,,negative,black,0.8805,positive,0.3998,1,0.34,0.47,34
4,111,15,4,4,valence_classification,valence_classification,acquisition,negative_left,GKQX,,,black,schroff,,negative,black,0.8805,negative,0.443,0,0.34,0.47,34
4,112,16,4,4,valence_classification,valence_classification,acquisition,negative_left,GKQX,,,black,faul,,negative,black,0.8805,negative,0.353,0,0.34,0.47,34
4,113,17,4,4,valence_classification,valence_classification,acquisition,negative_left,BMVZ,,,black,schlau,,positive,black,0.8805,positive,0.4356,0,0.34,0.47,34
4,114,18,4,4,valence_classification,valence_classification,acquisition,negative_left,BMVZ,,,black,retten,,positive,black,0.881,negative,0.3555,1,0.34,0.47,34
4,115,19,4,4,valence_classification,valence_classification,acquisition,negative_left,BMVZ,,,black,schön,,positive,black,0.8804,positive,0.4192,0,0.34,0.47,34
4,116,20,4,4,valence_classification,valence_classification,acquisition,negative_left,GKQX,,,black,strafen,,negative,black,0.8805,negative,0.3529,0,0.34,0.47,34
4,117,21,4,4,valence_classification,valence_classification,acquisition,negative_left,GKQX,,,black,faul,,negative,black,0.8805,negative,0.3952,0,0.34,0.47,34
4,118,22,4,4,valence_classification,valence_classification,acquisition,negative_left,BMVZ,,,black,schön,,positive,black,0.8805,positive,0.3467,0,0.34,0.47,34
4,119,23,4,4,valence_classification,valence_classification,acquisition,negative_left,BMVZ,,,black,schön,,positive,black,0.8805,positive,0.4185,0,0.34,0.47,34
4,120,24,4,4,valence_classification,valence_classification,acquisition,negative_left,BMVZ,,,black,schlau,,positive,black,0.8805,positive,0.4997,0,0.34,0.47,34
4,121,25,4,4,valence_classification,valence_classification,acquisition,negative_left,BMVZ,,,black,ehrlich,,positive,black,0.8805,positive,0.4455,0,0.34,0.47,34
4,122,26,4,4,valence_classification,valence_classification,acquisition,negative_left,GKQX,,,black,tot,,negative,black,0.8804,positive,0.363,1,0.34,0.47,34
4,123,27,4,4,valence_classification,valence_classification,acquisition,negative_left,GKQX,,,black,lasch,,negative,black,0.8804,negative,0.3653,0,0.34,0.47,34
4,124,28,4,4,valence_classification,valence_classification,acquisition,negative_left,GKQX,,,black,lasch,,negative,black,0.8805,negative,0.4383,0,0.34,0.47,34
4,125,29,4,4,valence_classification,valence_classification,acquisition,negative_left,GKQX,,,black,faul,,negative,black,0.8805,negative,0.383,0,0.34,0.47,34
4,126,30,4,4,valence_classification,valence_classification,acquisition,negative_left,GKQX,,,black,leiden,,negative,black,0.8805,negative,0.4533,0,0.34,0.47,34
4,127,31,4,4,valence_classification,valence_classification,acquisition,negative_left,BMVZ,,,black,treu,,positive,black,0.8805,positive,0.4074,0,0.34,0.47,34
4,128,32,4,4,valence_classification,valence_classification,acquisition,negative_left,GKQX,,,black,tot,,negative,black,0.8805,negative,0.4053,0,0.34,0.47,34
4,129,33,4,4,valence_classification,valence_classification,acquisition,negative_left,GKQX,,,black,schroff,,negative,black,0.8804,negative,0.4653,0,0.34,0.47,34
4,130,34,4,4,valence_classification,valence_classification,acquisition,negative_left,BMVZ,,,black,schlau,,positive,black,0.8808,positive,0.4557,0,0.34,0.47,34
4,131,35,4,4,valence_classification,valence_classification,acquisition,negative_left,GKQX,,,black,rächen,,negative,black,0.8805,negative,0.3353,0,0.34,0.47,34
4,132,36,4,4,valence_classification,valence_classification,acquisition,negative_left,BMVZ,,,black,treu,,positive,black,0.8805,positive,0.5713,0,0.34,0.47,34
4,133,37,4,4,valence_classification,valence_classification,acquisition,negative_left,GKQX,,,black,schlecht,,negative,black,0.8804,negative,0.4057,0,0.34,0.47,34
4,134,38,4,4,valence_classification,valence_classification,acquisition,negative_left,GKQX,,,black,schlecht,,negative,black,0.8805,negative,0.486,0,0.34,0.47,34
4,135,39,4,4,valence_classification,valence_classification,acquisition,negative_left,BMVZ,,,black,fair,,positive,black,0.8804,positive,0.5499,0,0.34,0.47,34
4,136,40,4,4,valence_classification,valence_classification,acquisition,negative_left,BMVZ,,,black,fair,,positive,black,0.8805,negative,0.3485,1,0.34,0.47,34
4,137,41,4,4,valence_classification,valence_classification,acquisition,negative_left,BMVZ,,,black,freundlich,,positive,black,0.8805,negative,0.3657,1,0.34,0.47,34
4,138,42,4,4,valence_classification,valence_classification,acquisition,negative_left,BMVZ,,,black,freundlich,,positive,black,0.8805,positive,0.4858,0,0.34,0.47,34
4,139,43,4,4,valence_classification,valence_classification,acquisition,negative_left,GKQX,,,black,leiden,,negative,black,0.8805,positive,0.3831,1,0.34,0.47,34
4,140,44,4,4,valence_classification,valence_classification,acquisition,negative_left,GKQX,,,black,schroff,,negative,black,0.8805,negative,0.403,0,0.34,0.47,34
4,141,45,4,4,valence_classification,valence_classification,acquisition,negative_left,BMVZ,,,black,freundlich,,positive,black,0.8805,positive,0.4679,0,0.34,0.47,34
4,142,46,4,4,valence_classification,valence_classification,acquisition,negative_left,BMVZ,,,black,loyal,,positive,black,0.8805,negative,0.4332,1,0.34,0.47,34
4,142,46,4,4,valence_classification,valence_classification,acquisition,negative_left,BMVZ,,,black,loyal,,positive,black,0.8805,positive,0.5396,0,0.34,0.47,34
4,143,47,4,4,valence_classification,valence_classification,acquisition,negative_left,BMVZ,,,black,treu,,positive,black,0.8805,negative,0.408,1,0.34,0.47,34
4,144,48,4,4,valence_classification,valence_classification,acquisition,negative_left,GKQX,,,black,schlecht,,negative,black,0.8805,negative,0.3986,0,0.34,0.47,34
4,145,1,5,5,valence_classification,valence_classification,acquisition,negative_left,GKQX,,,black,strafen,,negative,black,0.8835,negative,1.4148,0,0.34,0.47,34
4,146,2,5,5,valence_classification,valence_classification,acquisition,negative_left,GKQX,,,black,faul,,negative,black,0.8805,positive,0.4545,1,0.34,0.47,34
4,147,3,5,5,valence_classification,valence_classification,acquisition,negative_left,GKQX,,,black,tot,,negative,black,0.8806,negative,0.3694,0,0.34,0.47,34
4,148,4,5,5,valence_classification,valence_classification,acquisition,negative_left,BMVZ,,,black,schön,,positive,black,0.8805,positive,0.4531,0,0.34,0.47,34
4,149,5,5,5,valence_classification,valence_classification,acquisition,negative_left,GKQX,,,black,lasch,,negative,black,0.8805,negative,0.5622,0,0.34,0.47,34
4,150,6,5,5,valence_classification,valence_classification,acquisition,negative_left,BMVZ,,,black,loyal,,positive,black,0.8804,negative,0.3568,1,0.34,0.47,34
4,151,7,5,5,valence_classification,valence_classification,acquisition,negative_left,BMVZ,,,black,ehrlich,,positive,black,0.8805,negative,0.3386,1,0.34,0.47,34
4,152,8,5,5,valence_classification,valence_classification,acquisition,negative_left,BMVZ,,,black,treu,,positive,black,0.8805,negative,0.4916,1,0.34,0.47,34
4,153,9,5,5,valence_classification,valence_classification,acquisition,negative_left,BMVZ,,,black,treu,,positive,black,0.8805,negative,0.4551,1,0.34,0.47,34
4,154,10,5,5,valence_classification,valence_classification,acquisition,negative_left,BMVZ,,,black,freundlich,,positive,black,0.8805,negative,0.3779,1,0.34,0.47,34
4,155,11,5,5,valence_classification,valence_classification,acquisition,negative_left,BMVZ,,,black,freundlich,,positive,black,0.8806,positive,0.3977,0,0.34,0.47,34
4,156,12,5,5,valence_classification,valence_classification,acquisition,negative_left,GKQX,,,black,leiden,,negative,black,0.8805,negative,0.4676,0,0.34,0.47,34
4,157,13,5,5,valence_classification,valence_classification,acquisition,negative_left,GKQX,,,black,tot,,negative,black,0.8805,negative,0.456,0,0.34,0.47,34
4,158,14,5,5,valence_classification,valence_classification,acquisition,negative_left,BMVZ,,,black,retten,,positive,black,0.8805,negative,0.508,1,0.34,0.47,34
4,159,15,5,5,valence_classification,valence_classification,acquisition,negative_left,BMVZ,,,black,loyal,,positive,black,0.881,positive,0.466,0,0.34,0.47,34
4,160,16,5,5,valence_classification,valence_classification,acquisition,negative_left,BMVZ,,,black,treu,,positive,black,0.8805,negative,0.3493,1,0.34,0.47,34
4,161,17,5,5,valence_classification,valence_classification,acquisition,negative_left,GKQX,,,black,rächen,,negative,black,0.8805,negative,0.439,0,0.34,0.47,34
4,162,18,5,5,valence_classification,valence_classification,acquisition,negative_left,GKQX,,,black,lasch,,negative,black,0.8805,negative,0.5193,0,0.34,0.47,34
4,163,19,5,5,valence_classification,valence_classification,acquisition,negative_left,GKQX,,,black,rächen,,negative,black,0.8804,negative,0.4631,0,0.34,0.47,34
4,164,20,5,5,valence_classification,valence_classification,acquisition,negative_left,BMVZ,,,black,loyal,,positive,black,0.8805,positive,0.383,0,0.34,0.47,34
4,165,21,5,5,valence_classification,valence_classification,acquisition,negative_left,BMVZ,,,black,ehrlich,,positive,black,0.8805,positive,0.3988,0,0.34,0.47,34
4,166,22,5,5,valence_classification,valence_classification,acquisition,negative_left,GKQX,,,black,faul,,negative,black,0.8805,negative,0.373,0,0.34,0.47,34
4,167,23,5,5,valence_classification,valence_classification,acquisition,negative_left,GKQX,,,black,tot,,negative,black,0.8805,negative,0.3529,0,0.34,0.47,34
4,168,24,5,5,valence_classification,valence_classification,acquisition,negative_left,GKQX,,,black,strafen,,negative,black,0.8805,negative,0.3555,0,0.34,0.47,34
4,169,25,5,5,valence_classification,valence_classification,acquisition,negative_left,BMVZ,,,black,schön,,positive,black,0.8805,positive,0.4452,0,0.34,0.47,34
4,170,26,5,5,valence_classification,valence_classification,acquisition,negative_left,GKQX,,,black,schlecht,,negative,black,0.8805,negative,0.4088,0,0.34,0.47,34
4,171,27,5,5,valence_classification,valence_classification,acquisition,negative_left,GKQX,,,black,schlecht,,negative,black,0.8805,negative,0.4819,0,0.34,0.47,34
4,172,28,5,5,valence_classification,valence_classification,acquisition,negative_left,GKQX,,,black,schroff,,negative,black,0.8805,negative,0.4456,0,0.34,0.47,34
4,173,29,5,5,valence_classification,valence_classification,acquisition,negative_left,BMVZ,,,black,retten,,positive,black,0.8805,positive,0.4485,0,0.34,0.47,34
4,174,30,5,5,valence_classification,valence_classification,acquisition,negative_left,BMVZ,,,black,fair,,positive,black,0.8805,positive,0.4594,0,0.34,0.47,34
4,175,31,5,5,valence_classification,valence_classification,acquisition,negative_left,GKQX,,,black,schroff,,negative,black,0.8804,negative,0.5023,0,0.34,0.47,34
4,176,32,5,5,valence_classification,valence_classification,acquisition,negative_left,BMVZ,,,black,schlau,,positive,black,0.8805,positive,0.3892,0,0.34,0.47,34
4,177,33,5,5,valence_classification,valence_classification,acquisition,negative_left,BMVZ,,,black,schlau,,positive,black,0.8804,positive,0.5064,0,0.34,0.47,34
4,178,34,5,5,valence_classification,valence_classification,acquisition,negative_left,BMVZ,,,black,schön,,positive,black,0.8805,positive,0.393,0,0.34,0.47,34
4,179,35,5,5,valence_classification,valence_classification,acquisition,negative_left,BMVZ,,,black,schlau,,positive,black,0.8805,positive,0.3856,0,0.34,0.47,34
4,180,36,5,5,valence_classification,valence_classification,acquisition,negative_left,GKQX,,,black,leiden,,negative,black,0.8805,negative,0.4631,0,0.34,0.47,34
4,181,37,5,5,valence_classification,valence_classification,acquisition,negative_left,GKQX,,,black,schroff,,negative,black,0.8805,negative,0.387,0,0.34,0.47,34
4,182,38,5,5,valence_classification,valence_classification,acquisition,negative_left,GKQX,,,black,schlecht,,negative,black,0.8809,positive,0.4298,1,0.34,0.47,34
4,183,39,5,5,valence_classification,valence_classification,acquisition,negative_left,BMVZ,,,black,retten,,positive,black,0.8805,positive,0.4878,0,0.34,0.47,34
4,184,40,5,5,valence_classification,valence_classification,acquisition,negative_left,BMVZ,,,black,ehrlich,,positive,black,0.8805,positive,0.4594,0,0.34,0.47,34
4,185,41,5,5,valence_classification,valence_classification,acquisition,negative_left,GKQX,,,black,lasch,,negative,black,0.8804,negative,0.3691,0,0.34,0.47,34
4,186,42,5,5,valence_classification,valence_classification,acquisition,negative_left,GKQX,,,black,strafen,,negative,black,0.8805,positive,0.4689,1,0.34,0.47,34
4,187,43,5,5,valence_classification,valence_classification,acquisition,negative_left,GKQX,,,black,faul,,negative,black,0.8804,negative,0.3673,0,0.34,0.47,34
4,188,44,5,5,valence_classification,valence_classification,acquisition,negative_left,GKQX,,,black,leiden,,negative,black,0.8805,negative,0.4294,0,0.34,0.47,34
4,189,45,5,5,valence_classification,valence_classification,acquisition,negative_left,BMVZ,,,black,fair,,positive,black,0.8804,negative,0.3334,1,0.34,0.47,34
4,190,46,5,5,valence_classification,valence_classification,acquisition,negative_left,BMVZ,,,black,fair,,positive,black,0.8805,negative,0.353,1,0.34,0.47,34
4,191,47,5,5,valence_classification,valence_classification,acquisition,negative_left,GKQX,,,black,rächen,,negative,black,0.8805,negative,0.4431,0,0.34,0.47,34
4,192,48,5,5,valence_classification,valence_classification,acquisition,negative_left,BMVZ,,,black,freundlich,,positive,black,0.8805,positive,0.481,0,0.34,0.47,34
4,193,1,6,1,valence_classification,color_matching,matching,match_left,BMVZ,,positive,brown,✲✲✲✲fair✲✲✲✲,,positive,brown,0.5469,match,5.1511,0,0.4789,0.6146,67.0473991177101
4,194,2,6,1,valence_classification,color_matching,matching,match_left,BMVZ,,positive,brown,✲✲strafen✲✲✲,,negative,blue,0.4932,nonmatch,1.5026,0,0.4789,0.6146,67.0473991177101
4,195,3,6,1,valence_classification,color_matching,matching,match_left,BMVZ,,positive,blue,✲✲✲retten✲✲✲,,positive,blue,0.4962,nonmatch,3.404,1,0.4789,0.6146,67.0473991177101
4,196,4,6,1,valence_classification,color_matching,matching,match_left,GKQX,,negative,blue,✲✲✲leiden✲✲✲,,negative,blue,0.4932,match,1.3418,0,0.4789,0.6146,67.0473991177101
4,197,5,6,1,valence_classification,color_matching,matching,match_left,GKQX,,negative,brown,✲✲✲rächen✲✲✲,,negative,brown,0.4932,match,2.005,0,0.4789,0.6146,67.0473991177101
4,198,6,6,1,valence_classification,color_matching,matching,match_left,BMVZ,,positive,blue,✲✲✲lasch✲✲✲✲,,negative,blue,0.4933,match,3.2236,0,0.4789,0.6146,67.0473991177101
4,199,7,6,1,valence_classification,color_matching,matching,match_left,BMVZ,,positive,blue,✲✲✲leiden✲✲✲,,negative,brown,0.4932,nonmatch,0.6355,0,0.4789,0.6146,67.0473991177101
4,200,8,6,1,valence_classification,color_matching,matching,match_left,GKQX,,negative,blue,✲✲schroff✲✲✲,,negative,blue,0.4932,nonmatch,0.8304,1,0.4789,0.6146,67.0473991177101
4,201,9,6,1,valence_classification,color_matching,matching,match_left,BMVZ,,positive,blue,✲✲✲schön✲✲✲✲,,positive,brown,0.4932,nonmatch,2.255,0,0.4789,0.6146,67.0473991177101
4,202,10,6,1,valence_classification,color_matching,matching,match_left,GKQX,,negative,brown,✲✲✲loyal✲✲✲✲,,positive,blue,0.4996,nonmatch,1.2395,0,0.4789,0.6146,67.0473991177101
4,203,11,6,1,valence_classification,color_matching,matching,match_left,BMVZ,,positive,blue,✲✲✲✲faul✲✲✲✲,,negative,brown,0.4932,nonmatch,0.5496,0,0.4789,0.6146,67.0473991177101
4,204,12,6,1,valence_classification,color_matching,matching,match_left,BMVZ,,positive,blue,✲✲✲schlau✲✲✲,,positive,blue,0.4932,nonmatch,0.4961,1,0.4789,0.6146,67.0473991177101
4,205,13,6,1,valence_classification,color_matching,matching,match_left,BMVZ,,positive,blue,✲✲✲rächen✲✲✲,,negative,blue,0.4932,match,1.8328,0,0.4789,0.6146,67.0473991177101
4,206,14,6,1,valence_classification,color_matching,matching,match_left,BMVZ,,positive,brown,✲✲✲schön✲✲✲✲,,positive,brown,0.4932,match,0.9188,0,0.4789,0.6146,67.0473991177101
4,207,15,6,1,valence_classification,color_matching,matching,match_left,GKQX,,negative,brown,✲✲✲lasch✲✲✲✲,,negative,blue,0.4933,nonmatch,0.8075,0,0.4789,0.6146,67.0473991177101
4,208,16,6,1,valence_classification,color_matching,matching,match_left,GKQX,,negative,blue,✲freundlich✲,,positive,blue,0.4933,match,0.6068,0,0.4789,0.6146,67.0473991177101
4,209,17,6,1,valence_classification,color_matching,matching,match_left,BMVZ,,positive,blue,✲✲ehrlich✲✲✲,,positive,brown,0.4934,nonmatch,1.1857,0,0.4789,0.6146,67.0473991177101
4,210,18,6,1,valence_classification,color_matching,matching,match_left,GKQX,,negative,blue,✲✲schlecht✲✲,,negative,brown,0.4933,nonmatch,0.5974,0,0.4789,0.6146,67.0473991177101
4,211,19,6,1,valence_classification,color_matching,matching,match_left,GKQX,,negative,brown,✲✲✲schlau✲✲✲,,positive,brown,0.4932,match,0.547,0,0.4789,0.6146,67.0473991177101
4,212,20,6,1,valence_classification,color_matching,matching,match_left,GKQX,,negative,brown,✲✲✲lasch✲✲✲✲,,negative,blue,0.4932,nonmatch,0.519,0,0.4789,0.6146,67.0473991177101
4,213,21,6,1,valence_classification,color_matching,matching,match_left,GKQX,,negative,blue,✲✲ehrlich✲✲✲,,positive,brown,0.4932,nonmatch,0.4958,0,0.4789,0.6146,67.0473991177101
4,214,22,6,1,valence_classification,color_matching,matching,match_left,BMVZ,,positive,brown,✲✲✲retten✲✲✲,,positive,blue,0.4932,nonmatch,0.4632,0,0.4789,0.6146,67.0473991177101
4,215,23,6,1,valence_classification,color_matching,matching,match_left,BMVZ,,positive,brown,✲✲strafen✲✲✲,,negative,brown,0.4932,match,0.3993,0,0.4789,0.6146,67.0473991177101
4,216,24,6,1,valence_classification,color_matching,matching,match_left,BMVZ,,positive,blue,✲✲ehrlich✲✲✲,,positive,brown,0.4932,nonmatch,0.5441,0,0.4789,0.6146,67.0473991177101
4,217,25,6,1,valence_classification,color_matching,matching,match_left,BMVZ,,positive,brown,✲✲schlecht✲✲,,negative,brown,0.4932,match,0.4801,0,0.4789,0.6146,67.0473991177101
4,218,26,6,1,valence_classification,color_matching,matching,match_left,GKQX,,negative,brown,✲✲✲✲faul✲✲✲✲,,negative,brown,0.4934,match,0.3755,0,0.4789,0.6146,67.0473991177101
4,219,27,6,1,valence_classification,color_matching,matching,match_left,GKQX,,negative,brown,✲✲✲✲fair✲✲✲✲,,positive,brown,0.4934,match,0.3603,0,0.4789,0.6146,67.0473991177101
4,220,28,6,1,valence_classification,color_matching,matching,match_left,GKQX,,negative,brown,✲✲ehrlich✲✲✲,,positive,brown,0.4936,match,0.3495,0,0.4789,0.6146,67.0473991177101
4,221,29,6,1,valence_classification,color_matching,matching,match_left,GKQX,,negative,brown,✲freundlich✲,,positive,blue,0.4932,nonmatch,0.4992,0,0.4789,0.6146,67.0473991177101
4,222,30,6,1,valence_classification,color_matching,matching,match_left,GKQX,,negative,blue,✲✲✲schön✲✲✲✲,,positive,blue,0.4932,match,0.5829,0,0.4789,0.6146,67.0473991177101
4,223,31,6,1,valence_classification,color_matching,matching,match_left,BMVZ,,positive,brown,✲freundlich✲,,positive,blue,0.4962,nonmatch,0.5721,0,0.4789,0.6146,67.0473991177101
4,224,32,6,1,valence_classification,color_matching,matching,match_left,GKQX,,negative,blue,✲✲✲schön✲✲✲✲,,positive,brown,0.4932,nonmatch,0.4961,0,0.4789,0.6146,67.0473991177101
4,225,33,6,1,valence_classification,color_matching,matching,match_left,GKQX,,negative,blue,✲✲✲✲tot✲✲✲✲✲,,negative,brown,0.4932,nonmatch,4.0622,0,0.4789,0.6146,67.0473991177101
4,226,34,6,1,valence_classification,color_matching,matching,match_left,GKQX,,negative,blue,✲✲schlecht✲✲,,negative,blue,0.4932,nonmatch,2.7881,1,0.4568,0.5926,63.957338756484305
4,227,35,6,1,valence_classification,color_matching,matching,match_left,GKQX,,negative,blue,✲✲✲retten✲✲✲,,positive,blue,0.4932,match,0.6719,0,0.5178,0.6535,72.48800487687612
4,228,36,6,1,valence_classification,color_matching,matching,match_left,BMVZ,,positive,blue,✲✲✲✲tot✲✲✲✲✲,,negative,brown,0.4933,nonmatch,0.8316,0,0.5018,0.6375,70.25208956959665
4,229,37,6,1,valence_classification,color_matching,matching,match_left,BMVZ,,positive,brown,✲✲schlecht✲✲,,negative,brown,0.4932,match,1.4376,0,0.488,0.6237,68.32137275111562
4,230,38,6,1,valence_classification,color_matching,matching,match_left,GKQX,,negative,blue,✲✲✲leiden✲✲✲,,negative,blue,0.4932,match,0.982,0,0.4762,0.6119,66.6671354969792
4,231,39,6,1,valence_classification,color_matching,matching,match_left,BMVZ,,positive,brown,✲✲✲✲faul✲✲✲✲,,negative,blue,0.4933,match,1.2276,1,0.466,0.6017,65.23648844410017
4,232,40,6,1,valence_classification,color_matching,matching,match_left,GKQX,,negative,brown,✲✲✲schlau✲✲✲,,positive,brown,0.4933,match,1.1857,0,0.4951,0.6308,69.30824238062837
4,233,41,6,1,valence_classification,color_matching,matching,match_left,GKQX,,negative,brown,✲✲strafen✲✲✲,,negative,brown,0.4932,match,0.9451,0,0.4854,0.6211,67.9545248461293
4,234,42,6,1,valence_classification,color_matching,matching,match_left,BMVZ,,positive,brown,✲✲✲✲fair✲✲✲✲,,positive,blue,0.4933,match,1.1405,1,0.4771,0.6128,66.79194935931825
4,235,43,6,1,valence_classification,color_matching,matching,match_left,BMVZ,,positive,brown,✲✲✲✲treu✲✲✲✲,,positive,brown,0.4932,match,0.9726,0,0.5017,0.6374,70.24084683067416
4,236,44,6,1,valence_classification,color_matching,matching,match_left,BMVZ,,positive,blue,✲✲✲leiden✲✲✲,,negative,blue,0.4932,match,1.0012,0,0.4933,0.6291,69.0673073524136
4,237,45,6,1,valence_classification,color_matching,matching,match_left,BMVZ,,positive,brown,✲✲✲schlau✲✲✲,,positive,blue,0.4932,nonmatch,0.8296,0,0.4862,0.6219,68.06795231693593
4,238,46,6,1,valence_classification,color_matching,matching,match_left,BMVZ,,positive,brown,✲✲✲lasch✲✲✲✲,,negative,brown,0.4932,match,0.6333,0,0.4799,0.6157,67.19292095152339
4,239,47,6,1,valence_classification,color_matching,matching,match_left,BMVZ,,positive,blue,✲freundlich✲,,positive,blue,0.4932,match,0.5979,0,0.4745,0.6102,66.42381724898543
4,240,48,6,1,valence_classification,color_matching,matching,match_left,GKQX,,negative,blue,✲✲✲✲treu✲✲✲✲,,positive,blue,0.4932,match,0.5396,0,0.4696,0.6053,65.73944257659531
4,241,49,6,1,valence_classification,color_matching,matching,match_left,GKQX,,negative,brown,✲✲✲✲fair✲✲✲✲,,positive,blue,0.4932,match,1.0151,1,0.4652,0.6009,65.12549673968773
4,242,50,6,1,valence_classification,color_matching,matching,match_left,GKQX,,negative,brown,✲✲✲✲faul✲✲✲✲,,negative,brown,0.4932,match,0.5625,0,0.4778,0.6135,66.89587756512795
4,243,51,6,1,valence_classification,color_matching,matching,match_left,GKQX,,negative,brown,✲✲strafen✲✲✲,,negative,blue,0.4965,match,0.3187,1,0.4734,0.6091,66.2695897739191
4,244,52,6,1,valence_classification,color_matching,matching,match_left,GKQX,,negative,blue,✲✲✲retten✲✲✲,,positive,brown,0.4932,match,1.3164,1,0.4864,0.6221,68.10050352841887
4,245,53,6,1,valence_classification,color_matching,matching,match_left,GKQX,,negative,blue,✲✲✲✲tot✲✲✲✲✲,,negative,brown,0.4932,match,0.4499,1,0.5019,0.6376,70.26973154876354
4,246,54,6,1,valence_classification,color_matching,matching,match_left,BMVZ,,positive,brown,✲✲schroff✲✲✲,,negative,blue,0.4937,nonmatch,0.5409,0,0.5204,0.6561,72.85671613823877
4,247,55,6,1,valence_classification,color_matching,matching,match_left,BMVZ,,positive,brown,✲✲✲loyal✲✲✲✲,,positive,brown,0.4932,match,0.37,0,0.5138,0.6495,71.92566388804207
4,248,56,6,1,valence_classification,color_matching,matching,match_left,GKQX,,negative,blue,✲✲✲rächen✲✲✲,,negative,brown,0.4932,match,0.8577,1,0.508,0.6437,71.11954101385244
4,249,57,6,1,valence_classification,color_matching,matching,match_left,GKQX,,negative,brown,✲✲schroff✲✲✲,,negative,blue,0.4932,nonmatch,0.664,0,0.5247,0.6604,73.46025101566865
4,250,58,6,1,valence_classification,color_matching,matching,match_left,BMVZ,,positive,brown,✲✲✲rächen✲✲✲,,negative,blue,0.4932,match,0.5778,1,0.5186,0.6543,72.6062026118715
4,251,59,6,1,valence_classification,color_matching,matching,match_left,BMVZ,,positive,blue,✲✲✲✲tot✲✲✲✲✲,,negative,brown,0.4932,nonmatch,0.8419,0,0.5362,0.6719,75.0664947443966
4,252,60,6,1,valence_classification,color_matching,matching,match_left,BMVZ,,positive,blue,✲✲✲✲treu✲✲✲✲,,positive,blue,0.4932,match,0.5222,0,0.5298,0.6655,74.16623503688831
4,253,61,6,1,valence_classification,color_matching,matching,match_left,GKQX,,negative,blue,✲✲✲loyal✲✲✲✲,,positive,brown,0.4932,match,0.4819,1,0.5241,0.6599,73.3806851796817
4,254,62,6,1,valence_classification,color_matching,matching,match_left,BMVZ,,positive,blue,✲✲schroff✲✲✲,,negative,blue,0.4932,nonmatch,0.4605,1,0.5403,0.676,75.63541177639308
4,255,63,6,1,valence_classification,color_matching,matching,match_left,GKQX,,negative,brown,✲✲✲✲treu✲✲✲✲,,positive,blue,0.4932,nonmatch,0.5484,0,0.5597,0.6955,78.36350213983887
4,256,64,6,1,valence_classification,color_matching,matching,match_left,BMVZ,,positive,blue,✲✲✲loyal✲✲✲✲,,positive,brown,0.4932,nonmatch,0.4199,0,0.5526,0.6883,77.36320632109707
4,257,1,7,2,valence_classification,color_matching,matching,match_left,GKQX,,negative,blue,✲✲✲✲treu✲✲✲✲,,positive,brown,0.534,nonmatch,0.9919,0,0.5464,0.6821,76.49447291649247
4,258,2,7,2,valence_classification,color_matching,matching,match_left,BMVZ,,positive,brown,✲✲✲✲fair✲✲✲✲,,positive,blue,0.4936,nonmatch,0.4475,0,0.5409,0.6767,75.73135349863752
4,259,3,7,2,valence_classification,color_matching,matching,match_left,BMVZ,,positive,brown,✲✲✲✲fair✲✲✲✲,,positive,blue,0.4932,nonmatch,0.3603,0,0.5361,0.6718,75.05584673779833
4,260,4,7,2,valence_classification,color_matching,matching,match_left,BMVZ,,positive,brown,✲✲✲schlau✲✲✲,,positive,blue,0.4932,nonmatch,0.3488,0,0.5318,0.6675,74.45113079388551
4,261,5,7,2,valence_classification,color_matching,matching,match_left,GKQX,,negative,blue,✲✲schlecht✲✲,,negative,brown,0.4932,nonmatch,0.3031,0,0.5279,0.6636,73.90009497259773
4,262,6,7,2,valence_classification,color_matching,matching,match_left,BMVZ,,positive,brown,✲✲✲✲faul✲✲✲✲,,negative,brown,0.4932,match,0.5503,0,0.5243,0.66,73.40011957406422
4,263,7,7,2,valence_classification,color_matching,matching,match_left,GKQX,,negative,brown,✲✲✲lasch✲✲✲✲,,negative,blue,0.4932,match,0.3358,1,0.5211,0.6568,72.95065831090223
4,264,8,7,2,valence_classification,color_matching,matching,match_left,BMVZ,,positive,blue,✲✲✲rächen✲✲✲,,negative,brown,0.4932,nonmatch,0.4148,0,0.5301,0.6659,74.22099925400502
4,265,9,7,2,valence_classification,color_matching,matching,match_left,BMVZ,,positive,blue,✲✲✲leiden✲✲✲,,negative,brown,0.4932,nonmatch,0.3111,0,0.5268,0.6625,73.75377249571343
4,266,10,7,2,valence_classification,color_matching,matching,match_left,GKQX,,negative,brown,✲✲✲schlau✲✲✲,,positive,brown,0.4933,nonmatch,0.4962,1,0.5237,0.6594,73.31388111095691
4,267,11,7,2,valence_classification,color_matching,matching,match_left,BMVZ,,positive,blue,✲✲strafen✲✲✲,,negative,blue,0.4932,nonmatch,0.4392,1,0.5327,0.6684,74.5756295676563
4,268,12,7,2,valence_classification,color_matching,matching,match_left,BMVZ,,positive,blue,✲✲ehrlich✲✲✲,,positive,blue,0.4932,match,0.4175,0,0.5431,0.6788,76.03310223959286
4,269,13,7,2,valence_classification,color_matching,matching,match_left,BMVZ,,positive,brown,✲✲✲✲treu✲✲✲✲,,positive,brown,0.4932,nonmatch,0.4416,1,0.5394,0.6751,75.51272809160064
4,270,14,7,2,valence_classification,color_matching,matching,match_left,BMVZ,,positive,blue,✲✲✲retten✲✲✲,,positive,blue,0.5512,match,0.558,0,0.5501,0.6858,77.00908919347086
4,271,15,7,2,valence_classification,color_matching,matching,match_left,GKQX,,negative,blue,✲✲schroff✲✲✲,,negative,brown,0.4932,nonmatch,1.0429,0,0.5462,0.6819,76.47232209176028
4,272,16,7,2,valence_classification,color_matching,matching,match_left,GKQX,,negative,blue,✲✲schlecht✲✲,,negative,blue,0.4932,match,0.4706,0,0.5428,0.6785,75.98627641201267
4,273,17,7,2,valence_classification,color_matching,matching,match_left,GKQX,,negative,brown,✲✲✲retten✲✲✲,,positive,blue,0.4932,nonmatch,1.3539,0,0.5395,0.6752,75.53042841083477
4,274,18,7,2,valence_classification,color_matching,matching,match_left,GKQX,,negative,brown,✲✲✲✲tot✲✲✲✲✲,,negative,brown,0.4932,match,0.7732,0,0.5366,0.6723,75.12529854530143
4,275,19,7,2,valence_classification,color_matching,matching,match_left,GKQX,,negative,blue,✲✲✲schön✲✲✲✲,,positive,blue,0.4932,match,0.4112,0,0.5338,0.6696,74.7389406774666
4,276,20,7,2,valence_classification,color_matching,matching,match_left,BMVZ,,positive,blue,✲✲schlecht✲✲,,negative,blue,0.4932,match,0.3892,0,0.5313,0.6671,74.38877399254612
4,277,21,7,2,valence_classification,color_matching,matching,match_left,GKQX,,negative,blue,✲freundlich✲,,positive,brown,0.4932,match,0.3334,1,0.5289,0.6646,74.04908832271737
4,278,22,7,2,valence_classification,color_matching,matching,match_left,GKQX,,negative,brown,✲✲✲✲treu✲✲✲✲,,positive,brown,0.4932,nonmatch,0.432,1,0.5359,0.6716,75.02746669409466
4,279,23,7,2,valence_classification,color_matching,matching,match_left,BMVZ,,positive,blue,✲✲✲lasch✲✲✲✲,,negative,blue,0.4935,match,0.4391,0,0.5434,0.6791,76.07560841511385
4,280,24,7,2,valence_classification,color_matching,matching,match_left,GKQX,,negative,blue,✲✲✲leiden✲✲✲,,negative,brown,0.4932,nonmatch,0.7727,0,0.5407,0.6764,75.6910996943172
4,281,25,7,2,valence_classification,color_matching,matching,match_left,BMVZ,,positive,brown,✲✲schroff✲✲✲,,negative,blue,0.4932,nonmatch,0.4893,0,0.5381,0.6738,75.33878358583908
4,282,26,7,2,valence_classification,color_matching,matching,match_left,GKQX,,negative,brown,✲✲✲rächen✲✲✲,,negative,blue,0.4933,nonmatch,0.5623,0,0.5358,0.6715,75.00668125538424
4,283,27,7,2,valence_classification,color_matching,matching,match_left,BMVZ,,positive,blue,✲✲✲✲tot✲✲✲✲✲,,negative,brown,0.4933,nonmatch,0.6072,0,0.5335,0.6692,74.69330430212014
4,284,28,7,2,valence_classification,color_matching,matching,match_left,GKQX,,negative,blue,✲✲schroff✲✲✲,,negative,blue,0.4932,match,0.4034,0,0.5315,0.6672,74.40442122331658
4,285,29,7,2,valence_classification,color_matching,matching,match_left,BMVZ,,positive,blue,✲✲✲loyal✲✲✲✲,,positive,brown,0.4933,nonmatch,0.5374,0,0.5294,0.6652,74.12146545150335
4,286,30,7,2,valence_classification,color_matching,matching,match_left,BMVZ,,positive,blue,✲✲✲✲tot✲✲✲✲✲,,negative,blue,0.4932,match,0.4433,0,0.5276,0.6633,73.86266844618837
4,287,31,7,2,valence_classification,color_matching,matching,match_left,BMVZ,,positive,brown,✲✲strafen✲✲✲,,negative,blue,0.4932,nonmatch,0.5539,0,0.5258,0.6615,73.61400516474698
4,288,32,7,2,valence_classification,color_matching,matching,match_left,GKQX,,negative,brown,✲✲✲rächen✲✲✲,,negative,brown,0.4973,match,0.4058,0,0.5241,0.6598,73.36883096019899
4,289,33,7,2,valence_classification,color_matching,matching,match_left,BMVZ,,positive,blue,✲✲✲schön✲✲✲✲,,positive,brown,0.4992,nonmatch,0.7663,0,0.5225,0.6582,73.14515747433207
4,290,34,7,2,valence_classification,color_matching,matching,match_left,GKQX,,negative,blue,✲✲✲leiden✲✲✲,,negative,blue,0.4932,match,0.427,0,0.5209,0.6566,72.92905705711584
4,291,35,7,2,valence_classification,color_matching,matching,match_left,BMVZ,,positive,brown,✲✲✲lasch✲✲✲✲,,negative,blue,0.4932,nonmatch,0.4249,0,0.5194,0.6551,72.71586018216003
4,292,36,7,2,valence_classification,color_matching,matching,match_left,BMVZ,,positive,blue,✲✲✲rächen✲✲✲,,negative,brown,0.4932,nonmatch,0.547,0,0.5179,0.6537,72.51217251826087
4,293,37,7,2,valence_classification,color_matching,matching,match_left,BMVZ,,positive,brown,✲✲✲schön✲✲✲✲,,positive,brown,0.4932,match,0.3904,0,0.5166,0.6523,72.3226100014574
4,294,38,7,2,valence_classification,color_matching,matching,match_left,BMVZ,,positive,blue,✲✲✲schlau✲✲✲,,positive,brown,0.4932,nonmatch,0.4146,0,0.5153,0.651,72.13518137896487
4,295,39,7,2,valence_classification,color_matching,matching,match_left,BMVZ,,positive,brown,✲freundlich✲,,positive,brown,0.4964,match,0.3553,0,0.5139,0.6496,71.94903020811505
4,296,40,7,2,valence_classification,color_matching,matching,match_left,GKQX,,negative,blue,✲✲✲schlau✲✲✲,,positive,blue,0.4932,match,0.4463,0,0.5127,0.6484,71.77414679549099
4,297,41,7,2,valence_classification,color_matching,matching,match_left,GKQX,,negative,brown,✲✲strafen✲✲✲,,negative,brown,0.4932,nonmatch,0.5407,1,0.5115,0.6472,71.60871056401544
4,298,42,7,2,valence_classification,color_matching,matching,match_left,GKQX,,negative,brown,✲✲✲✲tot✲✲✲✲✲,,negative,blue,0.4932,match,1.1192,1,0.5152,0.6509,72.12158234434553
4,299,43,7,2,valence_classification,color_matching,matching,match_left,GKQX,,negative,blue,✲✲✲✲fair✲✲✲✲,,positive,blue,0.4933,match,0.4408,0,0.5187,0.6544,72.62000606032339
4,300,44,7,2,valence_classification,color_matching,matching,match_left,GKQX,,negative,brown,✲✲✲loyal✲✲✲✲,,positive,blue,0.4932,nonmatch,0.5066,0,0.5175,0.6532,72.44503638753613
4,301,45,7,2,valence_classification,color_matching,matching,match_left,GKQX,,negative,blue,✲✲✲lasch✲✲✲✲,,negative,brown,0.4963,match,1.0577,1,0.5162,0.652,72.27463987751409
4,302,46,7,2,valence_classification,color_matching,matching,match_left,GKQX,,negative,brown,✲✲✲✲faul✲✲✲✲,,negative,brown,0.4932,match,0.4898,0,0.52,0.6557,72.80094993286151
4,303,47,7,2,valence_classification,color_matching,matching,match_left,BMVZ,,positive,blue,✲✲ehrlich✲✲✲,,positive,brown,0.4932,match,1.3529,1,0.5187,0.6544,72.61714104831337
4,304,48,7,2,valence_classification,color_matching,matching,match_left,GKQX,,negative,blue,✲✲ehrlich✲✲✲,,positive,blue,0.4932,match,0.5396,0,0.5224,0.6581,73.13883710841627
4,305,49,7,2,valence_classification,color_matching,matching,match_left,BMVZ,,positive,brown,✲✲✲retten✲✲✲,,positive,blue,0.4932,match,0.4822,1,0.5212,0.6569,72.96232924302963
4,306,50,7,2,valence_classification,color_matching,matching,match_left,BMVZ,,positive,brown,✲freundlich✲,,positive,brown,0.4932,match,0.6969,0,0.5247,0.6604,73.46296105196797
4,307,51,7,2,valence_classification,color_matching,matching,match_left,GKQX,,negative,brown,✲✲✲retten✲✲✲,,positive,brown,0.4933,match,0.4566,0,0.5234,0.6591,73.2772086506678
4,308,52,7,2,valence_classification,color_matching,matching,match_left,GKQX,,negative,brown,✲✲✲loyal✲✲✲✲,,positive,blue,0.4932,nonmatch,1.858,0,0.5222,0.6579,73.1073057328576
4,309,53,7,2,valence_classification,color_matching,matching,match_left,GKQX,,negative,brown,✲✲✲schön✲✲✲✲,,positive,brown,0.4932,match,0.4111,0,0.521,0.6567,72.9397116220786
4,310,54,7,2,valence_classification,color_matching,matching,match_left,BMVZ,,positive,blue,✲✲✲loyal✲✲✲✲,,positive,blue,0.4932,match,0.5185,0,0.5198,0.6555,72.7739313130789
4,311,55,7,2,valence_classification,color_matching,matching,match_left,BMVZ,,positive,brown,✲✲schlecht✲✲,,negative,blue,0.4932,match,0.4962,1,0.5186,0.6543,72.60725779444985
4,312,56,7,2,valence_classification,color_matching,matching,match_left,BMVZ,,positive,brown,✲✲✲✲faul✲✲✲✲,,negative,brown,0.4933,match,0.4461,0,0.522,0.6577,73.08085738039335
4,313,57,7,2,valence_classification,color_matching,matching,match_left,GKQX,,negative,brown,✲✲✲✲fair✲✲✲✲,,positive,blue,0.4932,nonmatch,0.8801,0,0.5209,0.6566,72.9209504444182
4,314,58,7,2,valence_classification,color_matching,matching,match_left,GKQX,,negative,blue,✲✲ehrlich✲✲✲,,positive,brown,0.4932,nonmatch,0.6722,0,0.5197,0.6554,72.76252101200214
4,315,59,7,2,valence_classification,color_matching,matching,match_left,GKQX,,negative,blue,✲✲strafen✲✲✲,,negative,blue,0.4932,match,0.3985,0,0.5186,0.6543,72.60307401058762
4,316,60,7,2,valence_classification,color_matching,matching,match_left,BMVZ,,positive,brown,✲✲✲leiden✲✲✲,,negative,brown,0.4932,match,0.4145,0,0.5176,0.6533,72.46118735134986
4,317,61,7,2,valence_classification,color_matching,matching,match_left,GKQX,,negative,blue,✲freundlich✲,,positive,brown,0.4932,nonmatch,0.6003,0,0.5166,0.6523,72.32150024004191
4,318,62,7,2,valence_classification,color_matching,matching,match_left,BMVZ,,positive,blue,✲✲✲✲treu✲✲✲✲,,positive,blue,0.4933,match,0.4212,0,0.5156,0.6513,72.18290937553766
4,319,63,7,2,valence_classification,color_matching,matching,match_left,GKQX,,negative,brown,✲✲✲✲faul✲✲✲✲,,negative,blue,0.4963,match,1.063,1,0.5146,0.6503,72.04520594383892
4,320,64,7,2,valence_classification,color_matching,matching,match_left,BMVZ,,positive,brown,✲✲schroff✲✲✲,,negative,brown,0.4932,nonmatch,0.4914,1,0.5174,0.6531,72.43408946512481
4,321,1,8,3,valence_classification,color_matching,matching,match_left,GKQX,,negative,blue,✲✲✲schön✲✲✲✲,,positive,blue,0.4932,match,0.4463,0,0.5204,0.6561,72.85816358235503
4,322,2,8,3,valence_classification,color_matching,matching,match_left,BMVZ,,positive,brown,✲✲✲rächen✲✲✲,,negative,blue,0.4932,match,0.967,1,0.5194,0.6551,72.71158215133646
4,323,3,8,3,valence_classification,color_matching,matching,match_left,GKQX,,negative,blue,✲✲✲✲tot✲✲✲✲✲,,negative,brown,0.4932,match,0.7722,1,0.5223,0.658,73.12631191700252
4,324,4,8,3,valence_classification,color_matching,matching,match_left,GKQX,,negative,blue,✲✲schlecht✲✲,,negative,blue,0.4932,match,0.4678,0,0.5255,0.6612,73.5743083414421
4,325,5,8,3,valence_classification,color_matching,matching,match_left,GKQX,,negative,brown,✲✲strafen✲✲✲,,negative,blue,0.4932,match,0.5034,1,0.5244,0.6601,73.41834475054657
4,326,6,8,3,valence_classification,color_matching,matching,match_left,GKQX,,negative,brown,✲✲✲loyal✲✲✲✲,,positive,blue,0.4932,match,0.8539,1,0.5276,0.6633,73.85969465862067
4,327,7,8,3,valence_classification,color_matching,matching,match_left,GKQX,,negative,brown,✲✲strafen✲✲✲,,negative,brown,0.4932,match,0.6257,0,0.531,0.6667,74.33651995687231
4,328,8,8,3,valence_classification,color_matching,matching,match_left,BMVZ,,positive,blue,✲✲✲retten✲✲✲,,positive,blue,0.4932,match,0.6787,0,0.5298,0.6655,74.17074767918615
4,329,9,8,3,valence_classification,color_matching,matching,match_left,GKQX,,negative,blue,✲✲✲retten✲✲✲,,positive,blue,0.4932,match,0.7262,0,0.5287,0.6644,74.01126433081393
4,330,10,8,3,valence_classification,color_matching,matching,match_left,GKQX,,negative,blue,✲✲✲loyal✲✲✲✲,,positive,brown,0.4934,nonmatch,0.6051,0,0.5276,0.6633,73.86498464273701
4,331,11,8,3,valence_classification,color_matching,matching,match_left,GKQX,,negative,brown,✲✲✲✲faul✲✲✲✲,,negative,brown,0.4932,match,0.6398,0,0.5266,0.6623,73.72068928794
4,332,12,8,3,valence_classification,color_matching,matching,match_left,GKQX,,negative,blue,✲✲✲leiden✲✲✲,,negative,brown,0.4932,nonmatch,0.6198,0,0.5256,0.6613,73.57728401170013
4,333,13,8,3,valence_classification,color_matching,matching,match_left,BMVZ,,positive,blue,✲✲✲schlau✲✲✲,,positive,brown,0.4932,nonmatch,0.684,0,0.5245,0.6602,73.43451017768878
4,334,14,8,3,valence_classification,color_matching,matching,match_left,BMVZ,,positive,blue,✲freundlich✲,,positive,blue,0.4932,match,0.6261,0,0.5235,0.6593,73.29521934691691
4,335,15,8,3,valence_classification,color_matching,matching,match_left,GKQX,,negative,blue,✲✲schlecht✲✲,,negative,brown,0.4932,nonmatch,0.6216,0,0.5226,0.6583,73.16877023702372
4,336,16,8,3,valence_classification,color_matching,matching,match_left,BMVZ,,positive,blue,✲✲schlecht✲✲,,negative,brown,0.4932,nonmatch,0.5707,0,0.5217,0.6575,73.04402977949408
4,337,17,8,3,valence_classification,color_matching,matching,match_left,BMVZ,,positive,brown,✲✲strafen✲✲✲,,negative,blue,0.4932,nonmatch,0.4197,0,0.5209,0.6566,72.92016880174661
4,338,18,8,3,valence_classification,color_matching,matching,match_left,BMVZ,,positive,brown,✲✲✲✲fair✲✲✲✲,,positive,brown,0.4932,match,0.7433,0,0.52,0.6557,72.7971278371307
4,339,19,8,3,valence_classification,color_matching,matching,match_left,GKQX,,negative,brown,✲✲schroff✲✲✲,,negative,blue,0.4932,nonmatch,0.5486,0,0.5191,0.6548,72.67321988020213
4,340,20,8,3,valence_classification,color_matching,matching,match_left,GKQX,,negative,blue,✲✲ehrlich✲✲✲,,positive,brown,0.4932,nonmatch,0.6753,0,0.5182,0.654,72.55438408577838
4,341,21,8,3,valence_classification,color_matching,matching,match_left,BMVZ,,positive,brown,✲✲✲loyal✲✲✲✲,,positive,brown,0.4932,match,0.6151,0,0.5175,0.6532,72.44499855083045
4,342,22,8,3,valence_classification,color_matching,matching,match_left,GKQX,,negative,brown,✲✲✲rächen✲✲✲,,negative,blue,0.4933,nonmatch,0.649,0,0.5167,0.6524,72.33693596614064
4,343,23,8,3,valence_classification,color_matching,matching,match_left,GKQX,,negative,brown,✲✲✲leiden✲✲✲,,negative,brown,0.4932,match,0.5683,0,0.5159,0.6516,72.22956890711339
4,344,24,8,3,valence_classification,color_matching,matching,match_left,BMVZ,,positive,brown,✲✲✲✲treu✲✲✲✲,,positive,brown,0.4933,match,0.6842,0,0.5152,0.6509,72.1229552812935
4,345,25,8,3,valence_classification,color_matching,matching,match_left,GKQX,,negative,blue,✲✲✲schön✲✲✲✲,,positive,blue,0.4933,match,0.5355,0,0.5144,0.6501,72.01570495247832
4,346,26,8,3,valence_classification,color_matching,matching,match_left,BMVZ,,positive,brown,✲✲✲schlau✲✲✲,,positive,brown,0.4933,match,0.6218,0,0.5136,0.6493,71.90724244079725
4,347,27,8,3,valence_classification,color_matching,matching,match_left,GKQX,,negative,blue,✲✲✲schlau✲✲✲,,positive,brown,0.4932,nonmatch,0.6537,0,0.5129,0.6486,71.80781073313368
4,348,28,8,3,valence_classification,color_matching,matching,match_left,GKQX,,negative,blue,✲✲schroff✲✲✲,,negative,blue,0.4932,match,0.6254,0,0.5122,0.6479,71.7129321473485
4,349,29,8,3,valence_classification,color_matching,matching,match_left,BMVZ,,positive,brown,✲✲✲✲faul✲✲✲✲,,negative,brown,0.4932,match,0.6977,0,0.5116,0.6473,71.61902089577771
4,350,30,8,3,valence_classification,color_matching,matching,match_left,BMVZ,,positive,blue,✲✲✲rächen✲✲✲,,negative,brown,0.4932,nonmatch,0.5569,0,0.5109,0.6466,71.52559985099823
4,351,31,8,3,valence_classification,color_matching,matching,match_left,BMVZ,,positive,blue,✲✲✲lasch✲✲✲✲,,negative,blue,0.4932,match,0.5076,0,0.5102,0.6459,71.43220502551331
4,352,32,8,3,valence_classification,color_matching,matching,match_left,BMVZ,,positive,blue,✲✲✲loyal✲✲✲✲,,positive,brown,0.4932,match,0.8747,1,0.5096,0.6453,71.3389190490921
4,353,33,8,3,valence_classification,color_matching,matching,match_left,GKQX,,negative,blue,✲freundlich✲,,positive,blue,0.4932,match,0.3908,0,0.5114,0.6472,71.60271420924957
4,354,34,8,3,valence_classification,color_matching,matching,match_left,GKQX,,negative,brown,✲✲✲schlau✲✲✲,,positive,blue,0.4965,nonmatch,0.78,0,0.5108,0.6465,71.5118262504564
4,355,35,8,3,valence_classification,color_matching,matching,match_left,BMVZ,,positive,brown,✲✲✲✲fair✲✲✲✲,,positive,blue,0.4932,nonmatch,0.6502,0,0.5102,0.6459,71.42145387254166
4,356,36,8,3,valence_classification,color_matching,matching,match_left,BMVZ,,positive,brown,✲✲✲leiden✲✲✲,,negative,blue,0.4932,nonmatch,0.5852,0,0.5095,0.6452,71.33050206482372
4,357,37,8,3,valence_classification,color_matching,matching,match_left,BMVZ,,positive,blue,✲✲✲✲treu✲✲✲✲,,positive,blue,0.4932,match,0.6714,0,0.5088,0.6446,71.23854967060709
4,358,38,8,3,valence_classification,color_matching,matching,match_left,GKQX,,negative,brown,✲✲✲✲treu✲✲✲✲,,positive,brown,0.4932,nonmatch,0.6398,1,0.5082,0.6439,71.14765542287283
4,359,39,8,3,valence_classification,color_matching,matching,match_left,BMVZ,,positive,blue,✲✲strafen✲✲✲,,negative,brown,0.4932,nonmatch,0.6533,0,0.5101,0.6458,71.41168724844968
4,360,40,8,3,valence_classification,color_matching,matching,match_left,BMVZ,,positive,blue,✲✲schroff✲✲✲,,negative,brown,0.4932,match,0.5007,1,0.5094,0.6452,71.32289910195733
4,361,41,8,3,valence_classification,color_matching,matching,match_left,BMVZ,,positive,blue,✲✲ehrlich✲✲✲,,positive,brown,0.4932,match,0.7293,1,0.5112,0.647,71.57419096377372
4,362,42,8,3,valence_classification,color_matching,matching,match_left,GKQX,,negative,blue,✲✲ehrlich✲✲✲,,positive,brown,0.4932,nonmatch,0.5826,0,0.5131,0.6488,71.83393825551336
4,363,43,8,3,valence_classification,color_matching,matching,match_left,GKQX,,negative,brown,✲✲✲retten✲✲✲,,positive,brown,0.4932,match,0.5105,0,0.5125,0.6482,71.74808684064907
4,364,44,8,3,valence_classification,color_matching,matching,match_left,BMVZ,,positive,blue,✲✲✲schön✲✲✲✲,,positive,blue,0.4932,match,0.7265,0,0.5119,0.6476,71.66323104352485
4,365,45,8,3,valence_classification,color_matching,matching,match_left,BMVZ,,positive,brown,✲✲✲✲faul✲✲✲✲,,negative,brown,0.4932,match,0.6141,0,0.5113,0.647,71.57897739195508
4,366,46,8,3,valence_classification,color_matching,matching,match_left,BMVZ,,positive,blue,✲✲✲✲tot✲✲✲✲✲,,negative,blue,0.4933,match,0.6821,0,0.5107,0.6464,71.4949439779946
4,367,47,8,3,valence_classification,color_matching,matching,match_left,BMVZ,,positive,brown,✲✲schroff✲✲✲,,negative,brown,0.4933,match,0.5648,0,0.5101,0.6458,71.41127868327581
4,368,48,8,3,valence_classification,color_matching,matching,match_left,GKQX,,negative,brown,✲✲✲rächen✲✲✲,,negative,brown,0.4934,match,0.5996,0,0.5095,0.6452,71.32700962560831
4,369,49,8,3,valence_classification,color_matching,matching,match_left,GKQX,,negative,brown,✲✲✲✲fair✲✲✲✲,,positive,brown,0.4932,match,0.598,0,0.5089,0.6446,71.24177479649985
4,370,50,8,3,valence_classification,color_matching,matching,match_left,BMVZ,,positive,brown,✲✲✲lasch✲✲✲✲,,negative,brown,0.4932,match,0.5968,0,0.5083,0.644,71.15644604472723
4,371,51,8,3,valence_classification,color_matching,matching,match_left,GKQX,,negative,brown,✲freundlich✲,,positive,blue,0.4932,nonmatch,0.6671,0,0.5077,0.6434,71.08097769490963
4,372,52,8,3,valence_classification,color_matching,matching,match_left,BMVZ,,positive,brown,✲✲schlecht✲✲,,negative,blue,0.4932,match,0.5467,1,0.5072,0.6429,71.00650265116259
4,373,53,8,3,valence_classification,color_matching,matching,match_left,BMVZ,,positive,blue,✲✲✲✲tot✲✲✲✲✲,,negative,blue,0.4932,match,0.5978,0,0.5088,0.6445,71.23635682493105
4,374,54,8,3,valence_classification,color_matching,matching,match_left,BMVZ,,positive,brown,✲freundlich✲,,positive,blue,0.4932,nonmatch,0.657,0,0.5082,0.644,71.15333772129615
4,375,55,8,3,valence_classification,color_matching,matching,match_left,GKQX,,negative,brown,✲✲✲✲treu✲✲✲✲,,positive,brown,0.4932,match,0.6621,0,0.5077,0.6434,71.07965299018362
4,376,56,8,3,valence_classification,color_matching,matching,match_left,GKQX,,negative,blue,✲✲✲✲faul✲✲✲✲,,negative,blue,0.4934,match,0.6184,0,0.5072,0.6429,71.00692814693944
4,377,57,8,3,valence_classification,color_matching,matching,match_left,BMVZ,,positive,brown,✲✲ehrlich✲✲✲,,positive,blue,0.4932,nonmatch,0.5896,0,0.5067,0.6424,70.93486862184147
4,378,58,8,3,valence_classification,color_matching,matching,match_left,BMVZ,,positive,blue,✲✲✲retten✲✲✲,,positive,brown,0.4932,nonmatch,0.6498,0,0.5062,0.6419,70.86318873316198
4,379,59,8,3,valence_classification,color_matching,matching,match_left,BMVZ,,positive,brown,✲✲✲schön✲✲✲✲,,positive,blue,0.4932,nonmatch,0.5992,0,0.5057,0.6414,70.7916093315501
4,380,60,8,3,valence_classification,color_matching,matching,match_left,GKQX,,negative,brown,✲✲✲✲fair✲✲✲✲,,positive,blue,0.4932,nonmatch,0.5095,0,0.5051,0.6409,70.72030731977671
4,381,61,8,3,valence_classification,color_matching,matching,match_left,BMVZ,,positive,blue,✲✲✲leiden✲✲✲,,negative,blue,0.4932,match,0.7368,0,0.5046,0.6403,70.64849955577402
4,382,62,8,3,valence_classification,color_matching,matching,match_left,GKQX,,negative,blue,✲✲✲lasch✲✲✲✲,,negative,brown,0.4932,nonmatch,0.5556,0,0.5041,0.6398,70.57591800908205
4,383,63,8,3,valence_classification,color_matching,matching,match_left,GKQX,,negative,blue,✲✲✲✲tot✲✲✲✲✲,,negative,blue,0.4932,match,0.7026,0,0.5036,0.6393,70.50229191157565
4,384,64,8,3,valence_classification,color_matching,matching,match_left,GKQX,,negative,brown,✲✲✲lasch✲✲✲✲,,negative,blue,0.4934,nonmatch,0.6162,0,0.5031,0.6388,70.43136713716191
4,449,1,10,5,valence_classification,color_matching,matching,match_left,GKQX,,negative,brown,✲✲strafen✲✲✲,,negative,blue,0.4934,nonmatch,0.7151,0,0.5031,0.6388,70.43136713716191
4,450,2,10,5,valence_classification,color_matching,matching,match_left,BMVZ,,positive,blue,✲✲schlecht✲✲,,negative,brown,0.4932,nonmatch,0.6533,0,0.5026,0.6383,70.36692992093221
4,451,3,10,5,valence_classification,color_matching,matching,match_left,GKQX,,negative,brown,✲✲✲leiden✲✲✲,,negative,brown,0.4932,match,0.5904,0,0.5022,0.6379,70.30326807718217
4,452,4,10,5,valence_classification,color_matching,matching,match_left,BMVZ,,positive,brown,✲✲✲✲fair✲✲✲✲,,positive,brown,0.5011,match,0.5829,0,0.5017,0.6374,70.24015357094983
4,453,5,10,5,valence_classification,color_matching,matching,match_left,BMVZ,,positive,blue,✲✲✲loyal✲✲✲✲,,positive,blue,0.4937,match,0.5968,0,0.5013,0.637,70.17736449792334
4,454,6,10,5,valence_classification,color_matching,matching,match_left,BMVZ,,positive,brown,✲✲✲✲fair✲✲✲✲,,positive,blue,0.4932,nonmatch,0.5993,0,0.5008,0.6365,70.11468347980603
4,455,7,10,5,valence_classification,color_matching,matching,match_left,BMVZ,,positive,brown,✲✲✲✲tot✲✲✲✲✲,,negative,blue,0.4933,nonmatch,0.5547,0,0.5004,0.6361,70.05189613854724
4,456,8,10,5,valence_classification,color_matching,matching,match_left,GKQX,,negative,brown,✲✲strafen✲✲✲,,negative,brown,0.4932,match,0.5859,0,0.4999,0.6356,69.98917475237931
4,457,9,10,5,valence_classification,color_matching,matching,match_left,GKQX,,negative,blue,✲freundlich✲,,positive,brown,0.4932,nonmatch,0.5111,0,0.4995,0.6352,69.92587782215654
4,458,10,10,5,valence_classification,color_matching,matching,match_left,GKQX,,negative,blue,✲✲✲✲treu✲✲✲✲,,positive,blue,0.4932,match,0.4255,0,0.499,0.6347,69.86179454182815
4,459,11,10,5,valence_classification,color_matching,matching,match_left,GKQX,,negative,blue,✲✲schlecht✲✲,,negative,blue,0.4932,match,0.7137,0,0.4985,0.6343,69.79671087802028
4,460,12,10,5,valence_classification,color_matching,matching,match_left,GKQX,,negative,brown,✲✲✲schön✲✲✲✲,,positive,blue,0.4932,nonmatch,0.5968,0,0.4981,0.6338,69.73395594796949
4,461,13,10,5,valence_classification,color_matching,matching,match_left,GKQX,,negative,brown,✲✲✲✲treu✲✲✲✲,,positive,blue,0.4932,nonmatch,0.4914,0,0.4977,0.6334,69.67714775992795
4,462,14,10,5,valence_classification,color_matching,matching,match_left,BMVZ,,positive,blue,✲✲✲schön✲✲✲✲,,positive,brown,0.4932,nonmatch,0.8423,0,0.4973,0.633,69.62102395342175
4,463,15,10,5,valence_classification,color_matching,matching,match_left,BMVZ,,positive,brown,✲✲✲lasch✲✲✲✲,,negative,brown,0.4932,match,0.3994,0,0.4969,0.6326,69.56540491405276
4,464,16,10,5,valence_classification,color_matching,matching,match_left,BMVZ,,positive,blue,✲✲✲schön✲✲✲✲,,positive,blue,0.4932,match,0.5614,0,0.4965,0.6322,69.51011564725566
4,465,17,10,5,valence_classification,color_matching,matching,match_left,GKQX,,negative,brown,✲✲✲retten✲✲✲,,positive,blue,0.4932,nonmatch,0.5403,0,0.4961,0.6318,69.45498465304175
4,466,18,10,5,valence_classification,color_matching,matching,match_left,BMVZ,,positive,brown,✲✲schlecht✲✲,,negative,blue,0.4932,nonmatch,0.6421,0,0.4957,0.6314,69.39984285198383
4,467,19,10,5,valence_classification,color_matching,matching,match_left,BMVZ,,positive,blue,✲✲ehrlich✲✲✲,,positive,brown,0.4932,nonmatch,0.5833,0,0.4953,0.631,69.34487794190903
4,468,20,10,5,valence_classification,color_matching,matching,match_left,BMVZ,,positive,brown,✲✲✲✲faul✲✲✲✲,,negative,brown,0.4932,match,0.5292,0,0.4949,0.6306,69.28953214803124
4,469,21,10,5,valence_classification,color_matching,matching,match_left,BMVZ,,positive,brown,✲✲strafen✲✲✲,,negative,blue,0.4934,nonmatch,0.5039,0,0.4945,0.6302,69.23364031217146
4,470,22,10,5,valence_classification,color_matching,matching,match_left,BMVZ,,positive,blue,✲✲✲lasch✲✲✲✲,,negative,blue,0.4932,nonmatch,0.4588,1,0.4941,0.6298,69.17703529010596
4,471,23,10,5,valence_classification,color_matching,matching,match_left,BMVZ,,positive,blue,✲✲✲✲tot✲✲✲✲✲,,negative,blue,0.4932,match,0.5468,0,0.4953,0.631,69.33776538343182
4,472,24,10,5,valence_classification,color_matching,matching,match_left,GKQX,,negative,brown,✲✲✲rächen✲✲✲,,negative,brown,0.4937,match,0.6114,0,0.4949,0.6306,69.28323789279878
4,473,25,10,5,valence_classification,color_matching,matching,match_left,GKQX,,negative,blue,✲✲✲loyal✲✲✲✲,,positive,blue,0.4932,match,0.5684,0,0.4945,0.6302,69.22815413510247
4,474,26,10,5,valence_classification,color_matching,matching,match_left,GKQX,,negative,blue,✲✲✲schlau✲✲✲,,positive,brown,0.4932,nonmatch,0.5269,0,0.4941,0.6298,69.1723517824041
4,475,27,10,5,valence_classification,color_matching,matching,match_left,BMVZ,,positive,brown,✲✲ehrlich✲✲✲,,positive,brown,0.4932,match,0.4903,0,0.4937,0.6294,69.1156655629121
4,476,28,10,5,valence_classification,color_matching,matching,match_left,GKQX,,negative,blue,✲✲schlecht✲✲,,negative,brown,0.4932,nonmatch,0.5988,0,0.4933,0.629,69.05844980679085
4,477,29,10,5,valence_classification,color_matching,matching,match_left,GKQX,,negative,blue,✲✲✲lasch✲✲✲✲,,negative,blue,0.4932,match,0.5898,0,0.4929,0.6286,69.00869255599932
4,478,30,10,5,valence_classification,color_matching,matching,match_left,BMVZ,,positive,blue,✲✲✲rächen✲✲✲,,negative,blue,0.4932,match,0.6268,0,0.4926,0.6283,68.95958098499423
4,479,31,10,5,valence_classification,color_matching,matching,match_left,GKQX,,negative,blue,✲✲✲leiden✲✲✲,,negative,brown,0.4932,nonmatch,0.6142,0,0.4922,0.6279,68.91097528160688
4,480,32,10,5,valence_classification,color_matching,matching,match_left,BMVZ,,positive,blue,✲✲✲leiden✲✲✲,,negative,blue,0.4932,match,0.6256,0,0.4919,0.6276,68.86273932823501
4,481,33,10,5,valence_classification,color_matching,matching,match_left,GKQX,,negative,blue,✲✲✲✲tot✲✲✲✲✲,,negative,brown,0.4933,nonmatch,0.5326,0,0.4915,0.6272,68.81473992476943
4,482,34,10,5,valence_classification,color_matching,matching,match_left,GKQX,,negative,brown,✲✲ehrlich✲✲✲,,positive,brown,0.4932,match,0.5565,0,0.4912,0.6269,68.76684604626199
4,483,35,10,5,valence_classification,color_matching,matching,match_left,BMVZ,,positive,blue,✲freundlich✲,,positive,brown,0.4932,nonmatch,0.5005,0,0.4908,0.6266,68.71892812871991
4,484,36,10,5,valence_classification,color_matching,matching,match_left,GKQX,,negative,brown,✲✲✲✲faul✲✲✲✲,,negative,blue,0.4932,nonmatch,0.5897,0,0.4905,0.6262,68.67085737686658
4,485,37,10,5,valence_classification,color_matching,matching,match_left,GKQX,,negative,brown,✲✲✲✲faul✲✲✲✲,,negative,brown,0.4932,match,0.6355,0,0.4902,0.6259,68.62280556471696
4,486,38,10,5,valence_classification,color_matching,matching,match_left,BMVZ,,positive,blue,✲✲✲rächen✲✲✲,,negative,brown,0.4932,nonmatch,0.5682,0,0.4898,0.6255,68.57431767642778
4,487,39,10,5,valence_classification,color_matching,matching,match_left,BMVZ,,positive,brown,✲✲schroff✲✲✲,,negative,brown,0.4933,match,0.6,0,0.4895,0.6252,68.52526514923471
4,488,40,10,5,valence_classification,color_matching,matching,match_left,GKQX,,negative,blue,✲✲✲schön✲✲✲✲,,positive,blue,0.4932,match,0.5866,0,0.4891,0.6248,68.475517262073
4,489,41,10,5,valence_classification,color_matching,matching,match_left,GKQX,,negative,brown,✲✲ehrlich✲✲✲,,positive,blue,0.4932,nonmatch,0.6318,0,0.4887,0.6245,68.42494048566952
4,490,42,10,5,valence_classification,color_matching,matching,match_left,GKQX,,negative,brown,✲✲✲retten✲✲✲,,positive,brown,0.4932,nonmatch,0.6907,1,0.4884,0.6241,68.37355548819579
4,491,43,10,5,valence_classification,color_matching,matching,match_left,GKQX,,negative,blue,✲✲✲lasch✲✲✲✲,,negative,blue,0.4933,match,0.5395,0,0.4894,0.6251,68.52058281781646
4,492,44,10,5,valence_classification,color_matching,matching,match_left,BMVZ,,positive,brown,✲✲✲✲treu✲✲✲✲,,positive,brown,0.4932,nonmatch,0.5132,1,0.4891,0.6248,68.47144146569727
4,493,45,10,5,valence_classification,color_matching,matching,match_left,GKQX,,negative,blue,✲✲✲✲fair✲✲✲✲,,positive,brown,0.4932,nonmatch,0.529,0,0.4901,0.6258,68.61112369340982
4,494,46,10,5,valence_classification,color_matching,matching,match_left,BMVZ,,positive,brown,✲✲✲schlau✲✲✲,,positive,blue,0.4932,nonmatch,0.5629,0,0.4897,0.6255,68.56384725529936
4,495,47,10,5,valence_classification,color_matching,matching,match_left,BMVZ,,positive,brown,✲✲strafen✲✲✲,,negative,brown,0.4932,match,0.6117,0,0.4894,0.6251,68.51599473187946
4,496,48,10,5,valence_classification,color_matching,matching,match_left,BMVZ,,positive,blue,✲✲✲✲treu✲✲✲✲,,positive,brown,0.4932,nonmatch,0.5755,0,0.4891,0.6248,68.46744172587138
4,497,49,10,5,valence_classification,color_matching,matching,match_left,GKQX,,negative,blue,✲✲schroff✲✲✲,,negative,brown,0.4932,nonmatch,0.5134,0,0.4887,0.6244,68.41806105077457
4,498,50,10,5,valence_classification,color_matching,matching,match_left,BMVZ,,positive,brown,✲✲✲loyal✲✲✲✲,,positive,brown,0.4934,match,0.4719,0,0.4883,0.6241,68.36871191811842
4,499,51,10,5,valence_classification,color_matching,matching,match_left,GKQX,,negative,brown,✲freundlich✲,,positive,brown,0.4932,match,0.6907,0,0.488,0.6238,68.32569286147826
4,500,52,10,5,valence_classification,color_matching,matching,match_left,GKQX,,negative,blue,✲✲✲✲fair✲✲✲✲,,positive,blue,0.4932,nonmatch,0.6754,1,0.4877,0.6235,68.28322790199778
4,501,53,10,5,valence_classification,color_matching,matching,match_left,BMVZ,,positive,blue,✲✲✲retten✲✲✲,,positive,blue,0.4932,match,0.5467,0,0.4887,0.6244,68.41470657939541
4,502,54,10,5,valence_classification,color_matching,matching,match_left,GKQX,,negative,brown,✲✲✲rächen✲✲✲,,negative,blue,0.4932,match,0.6322,1,0.4883,0.624,68.36635462523091
4,503,55,10,5,valence_classification,color_matching,matching,match_left,BMVZ,,positive,blue,✲✲✲✲faul✲✲✲✲,,negative,brown,0.4932,match,0.4848,1,0.4893,0.6251,68.50708829537858
4,504,56,10,5,valence_classification,color_matching,matching,match_left,BMVZ,,positive,brown,✲freundlich✲,,positive,blue,0.4932,match,0.5433,1,0.4903,0.626,68.6396557184359
4,505,57,10,5,valence_classification,color_matching,matching,match_left,BMVZ,,positive,brown,✲✲✲leiden✲✲✲,,negative,blue,0.4932,nonmatch,0.5622,0,0.4912,0.6269,68.7657526632544
4,506,58,10,5,valence_classification,color_matching,matching,match_left,GKQX,,negative,blue,✲✲✲loyal✲✲✲✲,,positive,brown,0.4932,nonmatch,0.4574,0,0.4909,0.6266,68.72166709792107
4,507,59,10,5,valence_classification,color_matching,matching,match_left,BMVZ,,positive,blue,✲✲✲schlau✲✲✲,,positive,blue,0.4932,match,0.5836,0,0.4906,0.6263,68.67744678707814
4,508,60,10,5,valence_classification,color_matching,matching,match_left,GKQX,,negative,brown,✲✲✲schlau✲✲✲,,positive,brown,0.4932,match,0.5977,0,0.4902,0.626,68.63326294404544
4,509,61,10,5,valence_classification,color_matching,matching,match_left,BMVZ,,positive,brown,✲✲✲retten✲✲✲,,positive,blue,0.4932,nonmatch,0.5546,0,0.4899,0.6256,68.58870359311035
4,510,62,10,5,valence_classification,color_matching,matching,match_left,GKQX,,negative,blue,✲✲✲✲tot✲✲✲✲✲,,negative,blue,0.4932,match,0.547,0,0.4896,0.6253,68.54365951781212
4,511,63,10,5,valence_classification,color_matching,matching,match_left,BMVZ,,positive,blue,✲✲schroff✲✲✲,,negative,brown,0.4932,nonmatch,0.529,0,0.4893,0.625,68.49801979127503
4,512,64,10,5,valence_classification,color_matching,matching,match_left,GKQX,,negative,brown,✲✲schroff✲✲✲,,negative,blue,0.4932,nonmatch,0.4113,0,0.4889,0.6247,68.45167126616468
4,513,1,11,6,valence_classification,color_matching,matching,match_left,BMVZ,,positive,brown,✲✲✲✲fair✲✲✲✲,,positive,blue,0.494,nonmatch,0.6221,0,0.4886,0.6243,68.40449805558474
4,514,2,11,6,valence_classification,color_matching,matching,match_left,BMVZ,,positive,blue,✲✲✲✲fair✲✲✲✲,,positive,blue,0.4932,match,0.5072,0,0.4883,0.624,68.35915043993934
4,515,3,11,6,valence_classification,color_matching,matching,match_left,GKQX,,negative,brown,✲✲✲schlau✲✲✲,,positive,brown,0.4933,nonmatch,0.4749,1,0.488,0.6237,68.31852164198915
4,516,4,11,6,valence_classification,color_matching,matching,match_left,BMVZ,,positive,blue,✲✲schroff✲✲✲,,negative,blue,0.4932,match,0.6532,0,0.4889,0.6246,68.44802292465124
4,517,5,11,6,valence_classification,color_matching,matching,match_left,GKQX,,negative,blue,✲✲✲loyal✲✲✲✲,,positive,blue,0.4933,match,0.5184,0,0.4886,0.6243,68.40135847001251
4,518,6,11,6,valence_classification,color_matching,matching,match_left,GKQX,,negative,blue,✲✲✲rächen✲✲✲,,negative,brown,0.4932,nonmatch,0.562,0,0.4883,0.624,68.35695937962659
4,519,7,11,6,valence_classification,color_matching,matching,match_left,BMVZ,,positive,blue,✲freundlich✲,,positive,brown,0.4932,nonmatch,0.626,0,0.488,0.6237,68.3168816177831
4,520,8,11,6,valence_classification,color_matching,matching,match_left,BMVZ,,positive,brown,✲✲schroff✲✲✲,,negative,brown,0.4933,match,0.5834,0,0.4877,0.6234,68.27730305397932
4,521,9,11,6,valence_classification,color_matching,matching,match_left,GKQX,,negative,blue,✲✲schlecht✲✲,,negative,blue,0.4932,nonmatch,0.6251,1,0.4874,0.6231,68.23813118901298
4,522,10,11,6,valence_classification,color_matching,matching,match_left,BMVZ,,positive,brown,✲✲✲loyal✲✲✲✲,,positive,blue,0.4933,nonmatch,0.5111,0,0.4882,0.624,68.3548057997034
4,523,11,11,6,valence_classification,color_matching,matching,match_left,BMVZ,,positive,blue,✲✲✲rächen✲✲✲,,negative,brown,0.4966,nonmatch,0.4357,0,0.488,0.6237,68.31526480473046
4,524,12,11,6,valence_classification,color_matching,matching,match_left,BMVZ,,positive,brown,✲✲ehrlich✲✲✲,,positive,brown,0.4932,match,0.4477,0,0.4877,0.6234,68.27621324586983
4,525,13,11,6,valence_classification,color_matching,matching,match_left,GKQX,,negative,brown,✲✲✲✲faul✲✲✲✲,,negative,blue,0.4932,nonmatch,0.612,0,0.4874,0.6231,68.2375610058591
4,526,14,11,6,valence_classification,color_matching,matching,match_left,GKQX,,negative,blue,✲✲✲✲faul✲✲✲✲,,negative,brown,0.4932,nonmatch,0.5883,0,0.4871,0.6229,68.19922016364363
4,527,15,11,6,valence_classification,color_matching,matching,match_left,BMVZ,,positive,brown,✲✲✲leiden✲✲✲,,negative,blue,0.4932,nonmatch,0.443,0,0.4869,0.6226,68.16110459029471
4,528,16,11,6,valence_classification,color_matching,matching,match_left,BMVZ,,positive,brown,✲✲✲✲treu✲✲✲✲,,positive,blue,0.4932,nonmatch,0.7073,0,0.4866,0.6223,68.12312956114296
4,529,17,11,6,valence_classification,color_matching,matching,match_left,BMVZ,,positive,blue,✲✲strafen✲✲✲,,negative,blue,0.4932,match,0.6337,0,0.4863,0.622,68.08521138135055
4,530,18,11,6,valence_classification,color_matching,matching,match_left,GKQX,,negative,brown,✲freundlich✲,,positive,blue,0.4932,nonmatch,0.6112,0,0.4861,0.6218,68.04726702231707
4,531,19,11,6,valence_classification,color_matching,matching,match_left,GKQX,,negative,brown,✲✲✲rächen✲✲✲,,negative,blue,0.4933,nonmatch,0.6572,0,0.4858,0.6215,68.00921376645339
4,532,20,11,6,valence_classification,color_matching,matching,match_left,GKQX,,negative,brown,✲freundlich✲,,positive,brown,0.4932,nonmatch,0.6794,1,0.4855,0.6212,67.97121581796239
4,533,21,11,6,valence_classification,color_matching,matching,match_left,BMVZ,,positive,brown,✲✲✲✲tot✲✲✲✲✲,,negative,brown,0.4932,match,0.5691,0,0.4863,0.622,68.07821190352502
4,534,22,11,6,valence_classification,color_matching,matching,match_left,GKQX,,negative,blue,✲✲schlecht✲✲,,negative,blue,0.4932,match,0.605,0,0.486,0.6217,68.04070751497345
4,535,23,11,6,valence_classification,color_matching,matching,match_left,BMVZ,,positive,brown,✲✲schlecht✲✲,,negative,brown,0.4932,match,0.4974,0,0.4857,0.6215,68.00308148426276
4,536,24,11,6,valence_classification,color_matching,matching,match_left,GKQX,,negative,blue,✲✲✲schön✲✲✲✲,,positive,blue,0.4932,match,0.4697,0,0.4855,0.6212,67.96549589851446
4,537,25,11,6,valence_classification,color_matching,matching,match_left,BMVZ,,positive,brown,✲✲✲schön✲✲✲✲,,positive,brown,0.4932,nonmatch,0.4793,1,0.4852,0.6209,67.92761103255236
4,538,26,11,6,valence_classification,color_matching,matching,match_left,GKQX,,negative,blue,✲✲✲lasch✲✲✲✲,,negative,brown,0.4962,nonmatch,0.629,0,0.486,0.6217,68.03454071459984
4,539,27,11,6,valence_classification,color_matching,matching,match_left,BMVZ,,positive,blue,✲✲✲retten✲✲✲,,positive,blue,0.4933,match,0.4398,0,0.4857,0.6214,67.99732131767622
4,540,28,11,6,valence_classification,color_matching,matching,match_left,GKQX,,negative,brown,✲✲✲✲treu✲✲✲✲,,positive,brown,0.4932,nonmatch,0.4791,1,0.4854,0.6211,67.96012873372511
4,541,29,11,6,valence_classification,color_matching,matching,match_left,GKQX,,negative,brown,✲✲✲schlau✲✲✲,,positive,brown,0.4932,nonmatch,0.5039,1,0.4862,0.6219,68.0649172619725
4,542,30,11,6,valence_classification,color_matching,matching,match_left,BMVZ,,positive,brown,✲✲✲loyal✲✲✲✲,,positive,brown,0.4932,match,0.6717,0,0.487,0.6227,68.1750250968885
4,543,31,11,6,valence_classification,color_matching,matching,match_left,BMVZ,,positive,brown,✲✲✲✲faul✲✲✲✲,,negative,brown,0.4932,match,0.547,0,0.4867,0.6224,68.13879007638761
4,544,32,11,6,valence_classification,color_matching,matching,match_left,BMVZ,,positive,brown,✲✲✲lasch✲✲✲✲,,negative,blue,0.4932,nonmatch,0.5111,0,0.4864,0.6222,68.10264288165048
4,545,33,11,6,valence_classification,color_matching,matching,match_left,GKQX,,negative,blue,✲✲✲✲treu✲✲✲✲,,positive,brown,0.533,nonmatch,0.4933,0,0.4862,0.6219,68.06650764793649
4,546,34,11,6,valence_classification,color_matching,matching,match_left,GKQX,,negative,blue,✲✲✲retten✲✲✲,,positive,brown,0.4932,nonmatch,0.4345,0,0.4859,0.6216,68.03030892851503
4,547,35,11,6,valence_classification,color_matching,matching,match_left,BMVZ,,positive,blue,✲✲strafen✲✲✲,,negative,brown,0.4937,nonmatch,0.5111,0,0.4857,0.6214,67.9942122103852
4,548,36,11,6,valence_classification,color_matching,matching,match_left,BMVZ,,positive,blue,✲✲✲retten✲✲✲,,positive,brown,0.4932,nonmatch,0.4984,0,0.4854,0.6211,67.95788622486293
4,549,37,11,6,valence_classification,color_matching,matching,match_left,BMVZ,,positive,blue,✲✲ehrlich✲✲✲,,positive,blue,0.4932,match,0.476,0,0.4852,0.6209,67.9212562530526
4,550,38,11,6,valence_classification,color_matching,matching,match_left,GKQX,,negative,brown,✲✲✲✲fair✲✲✲✲,,positive,blue,0.4932,nonmatch,0.5187,0,0.4849,0.6206,67.88424666693763
4,551,39,11,6,valence_classification,color_matching,matching,match_left,GKQX,,negative,brown,✲✲schroff✲✲✲,,negative,blue,0.4932,nonmatch,0.4069,0,0.4846,0.6203,67.84678063644454
4,552,40,11,6,valence_classification,color_matching,matching,match_left,GKQX,,negative,blue,✲✲strafen✲✲✲,,negative,blue,0.4932,match,0.4553,0,0.4843,0.6201,67.80877983235963
4,553,41,11,6,valence_classification,color_matching,matching,match_left,BMVZ,,positive,brown,✲freundlich✲,,positive,blue,0.4932,nonmatch,0.5759,0,0.4841,0.6198,67.7701641234502
4,554,42,11,6,valence_classification,color_matching,matching,match_left,BMVZ,,positive,brown,✲✲✲rächen✲✲✲,,negative,blue,0.4932,nonmatch,0.5205,0,0.4838,0.6195,67.7308512661279
4,555,43,11,6,valence_classification,color_matching,matching,match_left,GKQX,,negative,blue,✲✲✲✲fair✲✲✲✲,,positive,blue,0.4932,match,0.4748,0,0.4835,0.6192,67.69129112505871
4,556,44,11,6,valence_classification,color_matching,matching,match_left,GKQX,,negative,blue,✲✲✲schön✲✲✲✲,,positive,brown,0.4932,nonmatch,0.5145,0,0.4833,0.619,67.6574319940985
4,557,45,11,6,valence_classification,color_matching,matching,match_left,BMVZ,,positive,blue,✲✲✲✲faul✲✲✲✲,,negative,brown,0.4932,nonmatch,0.5121,0,0.483,0.6187,67.62402751494419
4,558,46,11,6,valence_classification,color_matching,matching,match_left,BMVZ,,positive,blue,✲✲✲lasch✲✲✲✲,,negative,blue,0.4932,match,0.5118,0,0.4828,0.6185,67.59101048512294
4,559,47,11,6,valence_classification,color_matching,matching,match_left,GKQX,,negative,brown,✲✲✲leiden✲✲✲,,negative,blue,0.4932,match,0.5578,1,0.4826,0.6183,67.55831541925383
4,560,48,11,6,valence_classification,color_matching,matching,match_left,BMVZ,,positive,blue,✲✲✲✲treu✲✲✲✲,,positive,brown,0.496,match,0.6219,1,0.4833,0.619,67.65569992773624
4,561,49,11,6,valence_classification,color_matching,matching,match_left,BMVZ,,positive,blue,✲✲✲schön✲✲✲✲,,positive,blue,0.4932,match,0.4747,0,0.484,0.6197,67.76380073972814
4,562,50,11,6,valence_classification,color_matching,matching,match_left,GKQX,,negative,brown,✲✲strafen✲✲✲,,negative,brown,0.4932,match,0.5863,0,0.4838,0.6195,67.72515567448465
4,563,51,11,6,valence_classification,color_matching,matching,match_left,GKQX,,negative,brown,✲✲✲leiden✲✲✲,,negative,brown,0.4932,match,0.5354,0,0.4835,0.6192,67.68708292230278
4,564,52,11,6,valence_classification,color_matching,matching,match_left,BMVZ,,positive,blue,✲✲schlecht✲✲,,negative,blue,0.4932,match,0.6321,0,0.4832,0.619,67.65399326798112
4,565,53,11,6,valence_classification,color_matching,matching,match_left,BMVZ,,positive,brown,✲✲✲✲tot✲✲✲✲✲,,negative,blue,0.4932,nonmatch,0.5352,0,0.483,0.6187,67.62134265195134
4,566,54,11,6,valence_classification,color_matching,matching,match_left,BMVZ,,positive,brown,✲✲✲schlau✲✲✲,,positive,brown,0.4932,match,0.4534,0,0.4828,0.6185,67.5890667805828
4,567,55,11,6,valence_classification,color_matching,matching,match_left,GKQX,,negative,brown,✲✲✲loyal✲✲✲✲,,positive,blue,0.4932,nonmatch,0.6875,0,0.4826,0.6183,67.55710298314341
4,568,56,11,6,valence_classification,color_matching,matching,match_left,BMVZ,,positive,blue,✲✲✲schlau✲✲✲,,positive,brown,0.4933,nonmatch,0.4911,0,0.4823,0.618,67.52538996699657
4,569,57,11,6,valence_classification,color_matching,matching,match_left,GKQX,,negative,blue,✲✲✲lasch✲✲✲✲,,negative,brown,0.4932,nonmatch,0.5483,0,0.4821,0.6178,67.49386758259
4,570,58,11,6,valence_classification,color_matching,matching,match_left,GKQX,,negative,blue,✲✲ehrlich✲✲✲,,positive,blue,0.4932,match,0.5627,0,0.4819,0.6176,67.46247659680647
4,571,59,11,6,valence_classification,color_matching,matching,match_left,BMVZ,,positive,blue,✲✲✲leiden✲✲✲,,negative,brown,0.4932,nonmatch,0.4911,0,0.4817,0.6174,67.43115847333046
4,572,60,11,6,valence_classification,color_matching,matching,match_left,GKQX,,negative,brown,✲✲✲✲tot✲✲✲✲✲,,negative,brown,0.4933,match,0.4404,0,0.4814,0.6171,67.39985515875382
4,573,61,11,6,valence_classification,color_matching,matching,match_left,GKQX,,negative,blue,✲✲schroff✲✲✲,,negative,blue,0.4932,match,0.5683,0,0.4812,0.6169,67.3685088732072
4,574,62,11,6,valence_classification,color_matching,matching,match_left,GKQX,,negative,brown,✲✲✲retten✲✲✲,,positive,blue,0.4933,nonmatch,0.4977,0,0.481,0.6167,67.33706190435362
4,575,63,11,6,valence_classification,color_matching,matching,match_left,GKQX,,negative,brown,✲✲✲✲tot✲✲✲✲✲,,negative,brown,0.4966,match,0.3961,0,0.4808,0.6165,67.30566352541675
4,576,64,11,6,valence_classification,color_matching,matching,match_left,GKQX,,negative,blue,✲✲ehrlich✲✲✲,,positive,brown,0.4932,nonmatch,0.5422,0,0.4805,0.6162,67.27403765190475
4,577,1,12,7,valence_classification,color_matching,matching,match_left,GKQX,,negative,blue,✲✲✲✲fair✲✲✲✲,,positive,brown,0.4937,nonmatch,0.4537,0,0.4803,0.616,67.24212652274035
4,578,2,12,7,valence_classification,color_matching,matching,match_left,GKQX,,negative,brown,✲✲✲✲fair✲✲✲✲,,positive,blue,0.4932,nonmatch,0.5254,0,0.4801,0.6158,67.2098715555118
4,579,3,12,7,valence_classification,color_matching,matching,match_left,BMVZ,,positive,brown,✲✲✲schön✲✲✲✲,,positive,blue,0.4932,nonmatch,0.5858,0,0.4798,0.6156,67.17721314583333
4,580,4,12,7,valence_classification,color_matching,matching,match_left,BMVZ,,positive,brown,✲freundlich✲,,positive,blue,0.4932,nonmatch,0.53,0,0.4796,0.6153,67.1440904630667
4,581,5,12,7,valence_classification,color_matching,matching,match_left,GKQX,,negative,blue,✲✲✲lasch✲✲✲✲,,negative,brown,0.4934,nonmatch,0.4057,0,0.4794,0.6151,67.11044124140236
4,582,6,12,7,valence_classification,color_matching,matching,match_left,GKQX,,negative,blue,✲✲✲rächen✲✲✲,,negative,brown,0.4932,nonmatch,0.5907,0,0.4791,0.6148,67.07620156528472
4,583,7,12,7,valence_classification,color_matching,matching,match_left,GKQX,,negative,blue,✲✲✲retten✲✲✲,,positive,brown,0.4933,nonmatch,0.6317,0,0.4789,0.6146,67.04130564814456
4,584,8,12,7,valence_classification,color_matching,matching,match_left,BMVZ,,positive,brown,✲✲✲✲tot✲✲✲✲✲,,negative,brown,0.4969,match,0.5039,0,0.4786,0.6143,67.00818448733818
4,585,9,12,7,valence_classification,color_matching,matching,match_left,BMVZ,,positive,blue,✲✲✲✲treu✲✲✲✲,,positive,blue,0.4932,match,0.6182,0,0.4784,0.6141,66.97865115793698
4,586,10,12,7,valence_classification,color_matching,matching,match_left,BMVZ,,positive,blue,✲✲✲schlau✲✲✲,,positive,blue,0.4932,match,0.4896,0,0.4782,0.6139,66.94950237664912
4,587,11,12,7,valence_classification,color_matching,matching,match_left,BMVZ,,positive,blue,✲✲✲✲faul✲✲✲✲,,negative,blue,0.4932,match,0.4604,0,0.478,0.6137,66.92068617261634
4,588,12,12,7,valence_classification,color_matching,matching,match_left,GKQX,,negative,brown,✲✲✲rächen✲✲✲,,negative,brown,0.4932,match,0.7457,0,0.4778,0.6135,66.89215183340418
4,589,13,12,7,valence_classification,color_matching,matching,match_left,BMVZ,,positive,blue,✲✲schlecht✲✲,,negative,brown,0.4932,nonmatch,0.4825,0,0.4776,0.6133,66.86384972679201
4,590,14,12,7,valence_classification,color_matching,matching,match_left,BMVZ,,positive,blue,✲✲✲✲fair✲✲✲✲,,positive,brown,0.4932,nonmatch,0.5429,0,0.4774,0.6131,66.83573112928332
4,591,15,12,7,valence_classification,color_matching,matching,match_left,GKQX,,negative,blue,✲✲schlecht✲✲,,negative,blue,0.4932,match,0.5971,0,0.4772,0.6129,66.80774806039938
4,592,16,12,7,valence_classification,color_matching,matching,match_left,BMVZ,,positive,blue,✲✲✲leiden✲✲✲,,negative,blue,0.4932,match,0.5911,0,0.477,0.6127,66.77985312187269
4,593,17,12,7,valence_classification,color_matching,matching,match_left,BMVZ,,positive,blue,✲✲ehrlich✲✲✲,,positive,blue,0.4932,match,0.554,0,0.4768,0.6125,66.75199934089815
4,594,18,12,7,valence_classification,color_matching,matching,match_left,GKQX,,negative,brown,✲✲✲✲tot✲✲✲✲✲,,negative,blue,0.4932,nonmatch,0.4408,0,0.4766,0.6123,66.72414001663867
4,595,19,12,7,valence_classification,color_matching,matching,match_left,GKQX,,negative,brown,✲✲✲✲faul✲✲✲✲,,negative,blue,0.4966,nonmatch,0.6296,0,0.4764,0.6121,66.69622856921352
4,596,20,12,7,valence_classification,color_matching,matching,match_left,BMVZ,,positive,brown,✲✲schroff✲✲✲,,negative,blue,0.4932,nonmatch,0.591,0,0.4762,0.6119,66.66821839042322
4,597,21,12,7,valence_classification,color_matching,matching,match_left,GKQX,,negative,brown,✲✲✲✲treu✲✲✲✲,,positive,brown,0.4932,match,0.5837,0,0.476,0.6117,66.64024806618544
4,598,22,12,7,valence_classification,color_matching,matching,match_left,BMVZ,,positive,blue,✲✲✲retten✲✲✲,,positive,brown,0.4932,nonmatch,0.6662,0,0.4758,0.6115,66.61207665196879
4,599,23,12,7,valence_classification,color_matching,matching,match_left,BMVZ,,positive,blue,✲✲strafen✲✲✲,,negative,brown,0.4938,nonmatch,0.6956,0,0.4756,0.6113,66.58365735168306
4,600,24,12,7,valence_classification,color_matching,matching,match_left,GKQX,,negative,blue,✲✲✲loyal✲✲✲✲,,positive,brown,0.4933,nonmatch,0.5899,0,0.4754,0.6111,66.55494269287975
4,601,25,12,7,valence_classification,color_matching,matching,match_left,GKQX,,negative,blue,✲✲strafen✲✲✲,,negative,blue,0.4932,nonmatch,0.6538,1,0.4752,0.6109,66.52588437905376
4,602,26,12,7,valence_classification,color_matching,matching,match_left,GKQX,,negative,brown,✲✲✲lasch✲✲✲✲,,negative,brown,0.4932,match,0.5755,0,0.4758,0.6115,66.60816574422661
4,603,27,12,7,valence_classification,color_matching,matching,match_left,GKQX,,negative,blue,✲✲✲retten✲✲✲,,positive,blue,0.4934,match,0.5897,0,0.4756,0.6113,66.57995416289938
4,604,28,12,7,valence_classification,color_matching,matching,match_left,BMVZ,,positive,brown,✲✲✲retten✲✲✲,,positive,blue,0.4932,nonmatch,0.6336,0,0.4754,0.6111,66.55144382170087
4,605,29,12,7,valence_classification,color_matching,matching,match_left,GKQX,,negative,brown,✲✲✲schlau✲✲✲,,positive,brown,0.4932,match,0.5182,0,0.4752,0.6109,66.52258710182757
4,606,30,12,7,valence_classification,color_matching,matching,match_left,BMVZ,,positive,brown,✲✲✲schlau✲✲✲,,positive,blue,0.4932,nonmatch,0.4434,0,0.475,0.6107,66.49333540831296
4,607,31,12,7,valence_classification,color_matching,matching,match_left,GKQX,,negative,blue,✲✲✲schön✲✲✲✲,,positive,blue,0.4932,match,0.543,0,0.4747,0.6105,66.46363901925191
4,608,32,12,7,valence_classification,color_matching,matching,match_left,BMVZ,,positive,brown,✲✲✲✲treu✲✲✲✲,,positive,brown,0.4932,nonmatch,0.6227,1,0.4745,0.6102,66.43344693084326
4,609,33,12,7,valence_classification,color_matching,matching,match_left,GKQX,,negative,brown,✲freundlich✲,,positive,blue,0.4932,nonmatch,0.5113,0,0.4751,0.6109,66.5193327682657
4,610,34,12,7,valence_classification,color_matching,matching,match_left,GKQX,,negative,blue,✲✲ehrlich✲✲✲,,positive,blue,0.4933,match,0.4921,0,0.4749,0.6106,66.49027657022133
4,611,35,12,7,valence_classification,color_matching,matching,match_left,BMVZ,,positive,blue,✲✲✲loyal✲✲✲✲,,positive,brown,0.4932,nonmatch,0.4721,0,0.4747,0.6104,66.46077437288731
4,612,36,12,7,valence_classification,color_matching,matching,match_left,BMVZ,,positive,brown,✲✲✲✲faul✲✲✲✲,,negative,blue,0.4932,nonmatch,0.5469,0,0.4745,0.6102,66.43077583756839
4,613,37,12,7,valence_classification,color_matching,matching,match_left,GKQX,,negative,blue,✲✲✲schön✲✲✲✲,,positive,brown,0.4932,nonmatch,0.6382,0,0.4743,0.61,66.40022919229332
4,614,38,12,7,valence_classification,color_matching,matching,match_left,BMVZ,,positive,brown,✲✲✲✲tot✲✲✲✲✲,,negative,brown,0.4932,match,0.5254,0,0.4741,0.6098,66.36908106975892
4,615,39,12,7,valence_classification,color_matching,matching,match_left,GKQX,,negative,brown,✲✲✲leiden✲✲✲,,negative,brown,0.4932,match,0.586,0,0.4739,0.6096,66.34014687605776
4,616,40,12,7,valence_classification,color_matching,matching,match_left,GKQX,,negative,blue,✲✲✲✲tot✲✲✲✲✲,,negative,blue,0.4937,match,0.5255,0,0.4737,0.6094,66.31403836391532
4,617,41,12,7,valence_classification,color_matching,matching,match_left,BMVZ,,positive,blue,✲✲✲rächen✲✲✲,,negative,blue,0.4932,match,0.4995,0,0.4735,0.6092,66.2882709626469
4,618,42,12,7,valence_classification,color_matching,matching,match_left,BMVZ,,positive,brown,✲✲ehrlich✲✲✲,,positive,brown,0.4932,match,0.5133,0,0.4733,0.609,66.26280339953745
4,619,43,12,7,valence_classification,color_matching,matching,match_left,BMVZ,,positive,blue,✲✲✲lasch✲✲✲✲,,negative,blue,0.4932,match,0.3857,0,0.4731,0.6088,66.23759538294752
4,620,44,12,7,valence_classification,color_matching,matching,match_left,GKQX,,negative,blue,✲✲✲leiden✲✲✲,,negative,blue,0.4932,match,0.5615,0,0.4729,0.6087,66.21260747592146
4,621,45,12,7,valence_classification,color_matching,matching,match_left,BMVZ,,positive,brown,✲✲✲lasch✲✲✲✲,,negative,blue,0.4932,nonmatch,0.5683,0,0.4728,0.6085,66.18780097438453
4,622,46,12,7,valence_classification,color_matching,matching,match_left,GKQX,,negative,brown,✲✲✲✲faul✲✲✲✲,,negative,blue,0.4932,nonmatch,0.7106,0,0.4726,0.6083,66.16313778933792
4,623,47,12,7,valence_classification,color_matching,matching,match_left,GKQX,,negative,brown,✲✲✲loyal✲✲✲✲,,positive,blue,0.4932,nonmatch,0.6048,0,0.4724,0.6081,66.13858033249004
4,624,48,12,7,valence_classification,color_matching,matching,match_left,GKQX,,negative,blue,✲freundlich✲,,positive,blue,0.4932,match,0.569,0,0.4722,0.608,66.11409140478825
4,625,49,12,7,valence_classification,color_matching,matching,match_left,BMVZ,,positive,blue,✲✲✲✲fair✲✲✲✲,,positive,brown,0.4932,nonmatch,0.6251,0,0.4721,0.6078,66.0896340873389
4,626,50,12,7,valence_classification,color_matching,matching,match_left,GKQX,,negative,brown,✲✲✲✲treu✲✲✲✲,,positive,brown,0.4934,match,0.654,0,0.4719,0.6076,66.0651716342233
4,627,51,12,7,valence_classification,color_matching,matching,match_left,GKQX,,negative,blue,✲✲schroff✲✲✲,,negative,brown,0.4932,nonmatch,0.6955,0,0.4717,0.6074,66.04066736673299
4,628,52,12,7,valence_classification,color_matching,matching,match_left,BMVZ,,positive,blue,✲✲strafen✲✲✲,,negative,brown,0.4932,nonmatch,0.6549,0,0.4715,0.6073,66.0160845685619
4,629,53,12,7,valence_classification,color_matching,matching,match_left,BMVZ,,positive,blue,✲✲schroff✲✲✲,,negative,brown,0.4932,nonmatch,0.6666,0,0.4714,0.6071,65.99155166598136
4,630,54,12,7,valence_classification,color_matching,matching,match_left,GKQX,,negative,brown,✲✲ehrlich✲✲✲,,positive,brown,0.4932,match,0.6108,0,0.4712,0.6069,65.96685964131427
4,631,55,12,7,valence_classification,color_matching,matching,match_left,GKQX,,negative,brown,✲✲✲schlau✲✲✲,,positive,blue,0.4932,nonmatch,0.6698,0,0.471,0.6067,65.94197167722588
4,632,56,12,7,valence_classification,color_matching,matching,match_left,BMVZ,,positive,brown,✲✲✲schön✲✲✲✲,,positive,brown,0.4932,match,0.6277,0,0.4708,0.6065,65.9168504627595
4,633,57,12,7,valence_classification,color_matching,matching,match_left,BMVZ,,positive,brown,✲✲schlecht✲✲,,negative,brown,0.4932,match,0.6188,0,0.4707,0.6064,65.89145808921778
4,634,58,12,7,valence_classification,color_matching,matching,match_left,GKQX,,negative,brown,✲✲schroff✲✲✲,,negative,brown,0.4932,match,0.6304,0,0.4705,0.6062,65.86575594411586
4,635,59,12,7,valence_classification,color_matching,matching,match_left,BMVZ,,positive,blue,✲✲✲loyal✲✲✲✲,,positive,blue,0.4933,match,0.6459,0,0.4703,0.606,65.83970460277912
4,636,60,12,7,valence_classification,color_matching,matching,match_left,BMVZ,,positive,brown,✲✲✲leiden✲✲✲,,negative,brown,0.4932,match,0.6772,0,0.4701,0.6058,65.81326371715153
4,637,61,12,7,valence_classification,color_matching,matching,match_left,GKQX,,negative,brown,✲✲strafen✲✲✲,,negative,blue,0.4932,nonmatch,0.5628,0,0.4699,0.6056,65.7863919013688
4,638,62,12,7,valence_classification,color_matching,matching,match_left,BMVZ,,positive,brown,✲freundlich✲,,positive,brown,0.4932,match,0.698,0,0.4697,0.6054,65.7590466136404
4,639,63,12,7,valence_classification,color_matching,matching,match_left,GKQX,,negative,blue,✲✲schlecht✲✲,,negative,brown,0.4932,nonmatch,0.5493,0,0.4695,0.6052,65.73118403396748
4,640,64,12,7,valence_classification,color_matching,matching,match_left,BMVZ,,positive,brown,✲✲✲rächen✲✲✲,,negative,blue,0.4932,nonmatch,0.6757,0,0.4693,0.605,65.70275893720901
4,641,1,13,8,valence_classification,color_matching,matching,match_left,BMVZ,,positive,blue,✲✲✲✲faul✲✲✲✲,,negative,brown,0.4933,nonmatch,0.6306,0,0.4691,0.6048,65.67730350991688
4,642,2,13,8,valence_classification,color_matching,matching,match_left,BMVZ,,positive,blue,✲✲strafen✲✲✲,,negative,brown,0.4932,nonmatch,0.6362,0,0.469,0.6047,65.65372367713117
4,643,3,13,8,valence_classification,color_matching,matching,match_left,BMVZ,,positive,blue,✲✲✲leiden✲✲✲,,negative,brown,0.4936,nonmatch,0.5423,0,0.4688,0.6045,65.63044984796636
4,644,4,13,8,valence_classification,color_matching,matching,match_left,BMVZ,,positive,brown,✲✲✲schlau✲✲✲,,positive,blue,0.4932,nonmatch,0.4533,0,0.4686,0.6043,65.60744785257036
4,645,5,13,8,valence_classification,color_matching,matching,match_left,GKQX,,negative,blue,✲✲✲✲faul✲✲✲✲,,negative,blue,0.4932,match,0.6571,0,0.4685,0.6042,65.58468431189695
4,646,6,13,8,valence_classification,color_matching,matching,match_left,BMVZ,,positive,blue,✲✲✲✲tot✲✲✲✲✲,,negative,blue,0.4932,match,0.6201,0,0.4683,0.604,65.56212654235742
4,647,7,13,8,valence_classification,color_matching,matching,match_left,GKQX,,negative,brown,✲✲✲leiden✲✲✲,,negative,brown,0.4932,nonmatch,0.5469,1,0.4681,0.6039,65.53974246378912
4,648,8,13,8,valence_classification,color_matching,matching,match_left,BMVZ,,positive,blue,✲✲✲retten✲✲✲,,positive,brown,0.4932,nonmatch,0.4624,0,0.4686,0.6043,65.60649965280122
4,649,9,13,8,valence_classification,color_matching,matching,match_left,GKQX,,negative,brown,✲✲schlecht✲✲,,negative,brown,0.4932,match,0.7296,0,0.4685,0.6042,65.58392437231426
4,650,10,13,8,valence_classification,color_matching,matching,match_left,GKQX,,negative,brown,✲✲✲✲treu✲✲✲✲,,positive,blue,0.4933,nonmatch,0.4646,0,0.4683,0.604,65.56155257036546
4,651,11,13,8,valence_classification,color_matching,matching,match_left,BMVZ,,positive,blue,✲✲✲schlau✲✲✲,,positive,brown,0.4936,nonmatch,0.5186,0,0.4681,0.6039,65.53935266809702
4,652,12,13,8,valence_classification,color_matching,matching,match_left,BMVZ,,positive,brown,✲✲✲rächen✲✲✲,,negative,blue,0.4932,nonmatch,0.6364,0,0.468,0.6037,65.5172935916217
4,653,13,13,8,valence_classification,color_matching,matching,match_left,BMVZ,,positive,brown,✲✲✲leiden✲✲✲,,negative,blue,0.4932,nonmatch,0.39,0,0.4678,0.6035,65.49534468743974
4,654,14,13,8,valence_classification,color_matching,matching,match_left,GKQX,,negative,blue,✲✲strafen✲✲✲,,negative,blue,0.4932,match,0.4146,0,0.4677,0.6034,65.47347563995558
4,655,15,13,8,valence_classification,color_matching,matching,match_left,GKQX,,negative,blue,✲✲✲✲fair✲✲✲✲,,positive,blue,0.4932,match,0.4312,0,0.4675,0.6032,65.45165639075192
4,656,16,13,8,valence_classification,color_matching,matching,match_left,GKQX,,negative,brown,✲✲ehrlich✲✲✲,,positive,blue,0.4932,match,0.535,1,0.4674,0.6031,65.42985705928899
4,657,17,13,8,valence_classification,color_matching,matching,match_left,BMVZ,,positive,blue,✲✲✲schön✲✲✲✲,,positive,blue,0.4932,match,0.4681,0,0.4678,0.6035,65.49531457061471
4,658,18,13,8,valence_classification,color_matching,matching,match_left,BMVZ,,positive,blue,✲✲✲loyal✲✲✲✲,,positive,brown,0.4932,nonmatch,0.4484,0,0.4677,0.6034,65.47362438953074
4,659,19,13,8,valence_classification,color_matching,matching,match_left,BMVZ,,positive,blue,✲✲schlecht✲✲,,negative,brown,0.4932,nonmatch,0.5118,0,0.4675,0.6032,65.45198412797446
4,660,20,13,8,valence_classification,color_matching,matching,match_left,GKQX,,negative,blue,✲✲✲rächen✲✲✲,,negative,blue,0.4935,match,0.5146,0,0.4674,0.6031,65.43036436852161
4,661,21,13,8,valence_classification,color_matching,matching,match_left,BMVZ,,positive,brown,✲✲✲✲faul✲✲✲✲,,negative,brown,0.4932,nonmatch,0.4896,1,0.4672,0.6029,65.40873579364204
4,662,22,13,8,valence_classification,color_matching,matching,match_left,BMVZ,,positive,brown,✲✲schlecht✲✲,,negative,brown,0.4934,match,0.6671,0,0.4677,0.6034,65.4737653068894
4,663,23,13,8,valence_classification,color_matching,matching,match_left,BMVZ,,positive,brown,✲✲✲✲fair✲✲✲✲,,positive,brown,0.4932,match,0.4067,0,0.4675,0.6032,65.45230122232225
4,664,24,13,8,valence_classification,color_matching,matching,match_left,GKQX,,negative,brown,✲✲✲schön✲✲✲✲,,positive,brown,0.4966,match,0.4045,0,0.4674,0.6031,65.43085819525135
4,665,25,13,8,valence_classification,color_matching,matching,match_left,GKQX,,negative,blue,✲✲strafen✲✲✲,,negative,brown,0.4932,nonmatch,0.4318,0,0.4672,0.6029,65.40940736060018
4,666,26,13,8,valence_classification,color_matching,matching,match_left,GKQX,,negative,brown,✲✲✲✲tot✲✲✲✲✲,,negative,blue,0.4932,match,0.4619,1,0.4671,0.6028,65.38791987944316
4,667,27,13,8,valence_classification,color_matching,matching,match_left,GKQX,,negative,brown,✲✲✲rächen✲✲✲,,negative,blue,0.4932,nonmatch,0.5118,0,0.4675,0.6032,65.45260801764086
4,668,28,13,8,valence_classification,color_matching,matching,match_left,GKQX,,negative,brown,✲✲✲schön✲✲✲✲,,positive,brown,0.4932,match,0.4104,0,0.4674,0.6031,65.43133895145245
4,669,29,13,8,valence_classification,color_matching,matching,match_left,GKQX,,negative,blue,✲✲✲lasch✲✲✲✲,,negative,brown,0.4932,nonmatch,0.5566,0,0.4672,0.6029,65.41006304733767
4,670,30,13,8,valence_classification,color_matching,matching,match_left,GKQX,,negative,blue,✲✲✲retten✲✲✲,,positive,blue,0.4932,match,0.4555,0,0.4671,0.6028,65.38875191004281
4,671,31,13,8,valence_classification,color_matching,matching,match_left,GKQX,,negative,brown,✲✲✲✲tot✲✲✲✲✲,,negative,blue,0.4932,match,0.4969,1,0.4669,0.6026,65.36737710048956
4,672,32,13,8,valence_classification,color_matching,matching,match_left,BMVZ,,positive,brown,✲✲✲✲fair✲✲✲✲,,positive,blue,0.4932,nonmatch,0.4682,0,0.4674,0.6031,65.4318070336218
4,673,33,13,8,valence_classification,color_matching,matching,match_left,BMVZ,,positive,brown,✲✲schroff✲✲✲,,negative,brown,0.4933,match,0.5573,0,0.4672,0.6029,65.41070331784714
4,674,34,13,8,valence_classification,color_matching,matching,match_left,GKQX,,negative,blue,✲✲✲✲treu✲✲✲✲,,positive,blue,0.4932,match,0.5401,0,0.4671,0.6028,65.38956573528074
4,675,35,13,8,valence_classification,color_matching,matching,match_left,BMVZ,,positive,blue,✲✲✲rächen✲✲✲,,negative,blue,0.4932,match,0.4247,0,0.4669,0.6026,65.36836628345856
4,676,36,13,8,valence_classification,color_matching,matching,match_left,BMVZ,,positive,brown,✲✲✲lasch✲✲✲✲,,negative,blue,0.4965,nonmatch,0.376,0,0.4668,0.6025,65.34707684945846
4,677,37,13,8,valence_classification,color_matching,matching,match_left,BMVZ,,positive,blue,✲✲✲✲treu✲✲✲✲,,positive,blue,0.4932,nonmatch,0.5754,1,0.4666,0.6023,65.32581128101813
4,678,38,13,8,valence_classification,color_matching,matching,match_left,BMVZ,,positive,brown,✲✲✲✲tot✲✲✲✲✲,,negative,blue,0.4932,nonmatch,0.4318,0,0.467,0.6028,65.38563357714376
4,679,39,13,8,valence_classification,color_matching,matching,match_left,BMVZ,,positive,brown,✲✲schroff✲✲✲,,negative,brown,0.4932,match,0.5114,0,0.4669,0.6026,65.36457341170005
4,680,40,13,8,valence_classification,color_matching,matching,match_left,GKQX,,negative,blue,✲✲✲retten✲✲✲,,positive,brown,0.4933,nonmatch,0.592,0,0.4667,0.6025,65.34356231539765
4,681,41,13,8,valence_classification,color_matching,matching,match_left,BMVZ,,positive,brown,✲✲✲retten✲✲✲,,positive,blue,0.4933,nonmatch,0.6334,0,0.4666,0.6023,65.3224242460363
4,682,42,13,8,valence_classification,color_matching,matching,match_left,GKQX,,negative,blue,✲✲✲loyal✲✲✲✲,,positive,brown,0.4932,nonmatch,0.6597,0,0.4664,0.6022,65.3011314913743
4,683,43,13,8,valence_classification,color_matching,matching,match_left,BMVZ,,positive,blue,✲✲✲✲treu✲✲✲✲,,positive,brown,0.4932,nonmatch,0.6864,0,0.4663,0.602,65.27965598713111
4,684,44,13,8,valence_classification,color_matching,matching,match_left,GKQX,,negative,brown,✲✲✲✲faul✲✲✲✲,,negative,blue,0.4932,nonmatch,0.6284,0,0.4661,0.6018,65.25796924837233
4,685,45,13,8,valence_classification,color_matching,matching,match_left,GKQX,,negative,blue,✲✲ehrlich✲✲✲,,positive,blue,0.4932,match,0.5508,0,0.466,0.6017,65.23604229965399
4,686,46,13,8,valence_classification,color_matching,matching,match_left,GKQX,,negative,brown,✲✲schlecht✲✲,,negative,brown,0.4932,nonmatch,0.5858,1,0.4658,0.6015,65.21384560367964
4,687,47,13,8,valence_classification,color_matching,matching,match_left,GKQX,,negative,blue,✲✲schroff✲✲✲,,negative,blue,0.4935,match,0.5978,0,0.4663,0.602,65.2766853728225
4,688,48,13,8,valence_classification,color_matching,matching,match_left,BMVZ,,positive,brown,✲✲✲loyal✲✲✲✲,,positive,brown,0.4932,nonmatch,0.6357,1,0.4661,0.6018,65.25511341351088
4,689,49,13,8,valence_classification,color_matching,matching,match_left,BMVZ,,positive,blue,✲✲✲lasch✲✲✲✲,,negative,blue,0.4932,match,0.5204,0,0.4665,0.6023,65.31604580905807
4,690,50,13,8,valence_classification,color_matching,matching,match_left,GKQX,,negative,brown,✲✲✲✲fair✲✲✲✲,,positive,blue,0.4932,nonmatch,0.5755,0,0.4664,0.6021,65.29499045169047
4,691,51,13,8,valence_classification,color_matching,matching,match_left,BMVZ,,positive,brown,✲✲ehrlich✲✲✲,,positive,brown,0.4967,nonmatch,0.6834,1,0.4662,0.602,65.27374711236054
4,692,52,13,8,valence_classification,color_matching,matching,match_left,BMVZ,,positive,blue,✲freundlich✲,,positive,blue,0.4932,match,0.5111,0,0.4667,0.6024,65.33368725323109
4,693,53,13,8,valence_classification,color_matching,matching,match_left,BMVZ,,positive,brown,✲✲✲schön✲✲✲✲,,positive,blue,0.4964,match,0.455,1,0.4665,0.6022,65.3129107390833
4,694,54,13,8,valence_classification,color_matching,matching,match_left,GKQX,,negative,blue,✲✲✲lasch✲✲✲✲,,negative,brown,0.4932,nonmatch,0.7145,0,0.4669,0.6027,65.37139928194411
4,695,55,13,8,valence_classification,color_matching,matching,match_left,GKQX,,negative,blue,✲✲✲schlau✲✲✲,,positive,brown,0.4932,nonmatch,0.5976,0,0.4668,0.6025,65.35085145094253
4,696,56,13,8,valence_classification,color_matching,matching,match_left,GKQX,,negative,blue,✲✲schroff✲✲✲,,negative,brown,0.4932,nonmatch,0.6801,0,0.4666,0.6024,65.33033301807838
4,697,57,13,8,valence_classification,color_matching,matching,match_left,BMVZ,,positive,blue,✲✲strafen✲✲✲,,negative,blue,0.4933,match,0.6467,0,0.4665,0.6022,65.30967487057369
4,698,58,13,8,valence_classification,color_matching,matching,match_left,BMVZ,,positive,brown,✲✲ehrlich✲✲✲,,positive,brown,0.4932,match,0.5268,0,0.4663,0.6021,65.28885050186874
4,699,59,13,8,valence_classification,color_matching,matching,match_left,GKQX,,negative,brown,✲freundlich✲,,positive,brown,0.4932,match,0.5583,0,0.4662,0.6019,65.26783303440266
4,700,60,13,8,valence_classification,color_matching,matching,match_left,GKQX,,negative,brown,✲✲✲loyal✲✲✲✲,,positive,blue,0.4934,nonmatch,0.5425,0,0.466,0.6018,65.24659515548939
4,701,61,13,8,valence_classification,color_matching,matching,match_left,GKQX,,negative,brown,✲✲✲schlau✲✲✲,,positive,brown,0.4933,match,0.5425,0,0.4659,0.6016,65.22510905192044
4,702,62,13,8,valence_classification,color_matching,matching,match_left,GKQX,,negative,brown,✲✲✲leiden✲✲✲,,negative,brown,0.4932,match,0.5104,0,0.4657,0.6015,65.20334634306867
4,703,63,13,8,valence_classification,color_matching,matching,match_left,BMVZ,,positive,blue,✲freundlich✲,,positive,blue,0.4933,match,0.439,0,0.4656,0.6013,65.18127801226296
4,704,64,13,8,valence_classification,color_matching,matching,match_left,GKQX,,negative,blue,✲freundlich✲,,positive,brown,0.4932,nonmatch,0.6506,0,0.4654,0.6011,65.15887433619778
4,705,1,14,9,valence_classification,color_matching,matching,match_left,retten,,positive,blue,✲✲schroff✲✲✲,,negative,blue,0.4932,match,1.1899,0,0.4653,0.601,65.13610481213425
4,706,2,14,9,valence_classification,color_matching,matching,match_left,schroff,,negative,blue,✲✲✲✲faul✲✲✲✲,,negative,blue,0.4932,match,0.7132,0,0.4651,0.6008,65.11293808264156
4,707,3,14,9,valence_classification,color_matching,matching,match_left,schön,,positive,blue,✲✲✲loyal✲✲✲✲,,positive,blue,0.4932,match,0.5039,0,0.4649,0.6006,65.08934185761912
4,708,4,14,9,valence_classification,color_matching,matching,match_left,rächen,,negative,blue,✲✲✲✲tot✲✲✲✲✲,,negative,brown,0.4932,nonmatch,0.4984,0,0.4648,0.6005,65.06528283332939
4,709,5,14,9,valence_classification,color_matching,matching,match_left,freundlich,,positive,brown,✲✲✲✲treu✲✲✲✲,,positive,blue,0.4933,match,0.5559,1,0.4646,0.6003,65.04072660816055
4,710,6,14,9,valence_classification,color_matching,matching,match_left,schlau,,positive,brown,✲✲✲lasch✲✲✲✲,,negative,blue,0.4932,nonmatch,0.5506,0,0.4651,0.6008,65.11081313931402
4,711,7,14,9,valence_classification,color_matching,matching,match_left,schlecht,,negative,brown,✲✲✲leiden✲✲✲,,negative,blue,0.4932,nonmatch,0.5425,0,0.4649,0.6006,65.08731667094965
4,712,8,14,9,valence_classification,color_matching,matching,match_left,schroff,,negative,blue,✲✲✲✲fair✲✲✲✲,,positive,brown,0.4933,nonmatch,0.4753,0,0.4647,0.6005,65.06335750853331
4,713,9,14,9,valence_classification,color_matching,matching,match_left,retten,,positive,blue,✲✲✲✲fair✲✲✲✲,,positive,blue,0.4932,match,0.4248,0,0.4646,0.6003,65.03907139558662
4,714,10,14,9,valence_classification,color_matching,matching,match_left,tot,,negative,brown,✲✲✲rächen✲✲✲,,negative,brown,0.4932,nonmatch,1.2448,1,0.4644,0.6001,65.01899490995942
4,715,11,14,9,valence_classification,color_matching,matching,match_left,tot,,negative,blue,✲✲ehrlich✲✲✲,,positive,blue,0.4932,match,0.6861,0,0.4649,0.6006,65.08530746828009
4,716,12,14,9,valence_classification,color_matching,matching,match_left,leiden,,negative,brown,✲✲✲rächen✲✲✲,,negative,blue,0.4932,nonmatch,0.579,0,0.4647,0.6004,65.06144653429104
4,717,13,14,9,valence_classification,color_matching,matching,match_left,schlecht,,negative,brown,✲✲✲retten✲✲✲,,positive,brown,0.4932,match,0.5692,0,0.4646,0.6003,65.03759161111398
4,718,14,14,9,valence_classification,color_matching,matching,match_left,tot,,negative,brown,✲✲strafen✲✲✲,,negative,brown,0.4932,match,0.5788,0,0.4644,0.6001,65.0176613009949
4,719,15,14,9,valence_classification,color_matching,matching,match_left,freundlich,,positive,brown,✲✲✲✲fair✲✲✲✲,,positive,blue,0.4932,nonmatch,0.6202,0,0.4643,0.6,64.99801152113484
4,720,16,14,9,valence_classification,color_matching,matching,match_left,fair,,positive,blue,✲✲✲✲tot✲✲✲✲✲,,negative,brown,0.4932,nonmatch,0.5757,0,0.4641,0.5998,64.97861735132606
4,721,17,14,9,valence_classification,color_matching,matching,match_left,strafen,,negative,blue,✲✲✲lasch✲✲✲✲,,negative,blue,0.4932,match,0.5907,0,0.464,0.5997,64.95945448398186
4,722,18,14,9,valence_classification,color_matching,matching,match_left,retten,,positive,brown,✲✲✲schlau✲✲✲,,positive,blue,0.4933,nonmatch,0.5613,0,0.4639,0.5996,64.9404991646413
4,723,19,14,9,valence_classification,color_matching,matching,match_left,leiden,,negative,brown,✲✲ehrlich✲✲✲,,positive,blue,0.4932,nonmatch,0.526,0,0.4637,0.5994,64.92172813462312
4,724,20,14,9,valence_classification,color_matching,matching,match_left,schön,,positive,brown,✲✲✲lasch✲✲✲✲,,negative,brown,0.4932,match,0.5566,0,0.4636,0.5993,64.9031185756111
4,725,21,14,9,valence_classification,color_matching,matching,match_left,rächen,,negative,blue,✲✲✲schlau✲✲✲,,positive,brown,0.4933,nonmatch,0.5638,0,0.4635,0.5992,64.88464805596473
4,726,22,14,9,valence_classification,color_matching,matching,match_left,schön,,positive,blue,✲✲✲rächen✲✲✲,,negative,brown,0.4933,nonmatch,0.6431,0,0.4633,0.599,64.86629447855725
4,727,23,14,9,valence_classification,color_matching,matching,match_left,lasch,,negative,brown,✲✲✲✲tot✲✲✲✲✲,,negative,blue,0.4932,nonmatch,0.6575,0,0.4632,0.5989,64.84803602995282
4,728,24,14,9,valence_classification,color_matching,matching,match_left,rächen,,negative,blue,✲✲schroff✲✲✲,,negative,brown,0.4963,nonmatch,0.6264,0,0.4631,0.5988,64.82985113074098
4,729,25,14,9,valence_classification,color_matching,matching,match_left,treu,,positive,blue,✲✲✲schön✲✲✲✲,,positive,brown,0.4932,nonmatch,0.6298,0,0.4629,0.5987,64.8117183868542
4,730,26,14,9,valence_classification,color_matching,matching,match_left,freundlich,,positive,blue,✲✲✲✲faul✲✲✲✲,,negative,brown,0.4934,nonmatch,0.6478,0,0.4628,0.5985,64.79361654169941
4,731,27,14,9,valence_classification,color_matching,matching,match_left,faul,,negative,blue,✲✲strafen✲✲✲,,negative,brown,0.4932,nonmatch,0.5758,0,0.4627,0.5984,64.77552442893969
4,732,28,14,9,valence_classification,color_matching,matching,match_left,schlau,,positive,brown,✲✲schroff✲✲✲,,negative,blue,0.4932,nonmatch,0.5559,0,0.4626,0.5983,64.7574209257656
4,733,29,14,9,valence_classification,color_matching,matching,match_left,fair,,positive,brown,✲✲✲✲treu✲✲✲✲,,positive,brown,0.4932,match,0.5188,0,0.4624,0.5981,64.73928490650086
4,734,30,14,9,valence_classification,color_matching,matching,match_left,faul,,negative,blue,✲✲✲loyal✲✲✲✲,,positive,blue,0.4933,nonmatch,0.7022,1,0.4623,0.598,64.721095196388
4,735,31,14,9,valence_classification,color_matching,matching,match_left,fair,,positive,brown,✲✲schlecht✲✲,,negative,brown,0.4936,match,0.6804,0,0.4627,0.5984,64.77590866758698
4,736,32,14,9,valence_classification,color_matching,matching,match_left,treu,,positive,blue,✲✲✲schön✲✲✲✲,,positive,brown,0.4932,nonmatch,0.5636,0,0.4626,0.5983,64.7579333896559
4,737,33,14,9,valence_classification,color_matching,matching,match_left,faul,,negative,brown,✲✲schlecht✲✲,,negative,brown,0.4932,match,0.3904,0,0.4624,0.5981,64.73992660094288
4,738,34,14,9,valence_classification,color_matching,matching,match_left,strafen,,negative,blue,✲✲✲schlau✲✲✲,,positive,blue,0.4932,match,0.5712,0,0.4623,0.598,64.72186740932209
4,739,35,14,9,valence_classification,color_matching,matching,match_left,loyal,,positive,brown,✲✲✲rächen✲✲✲,,negative,blue,0.4932,nonmatch,0.4896,0,0.4622,0.5979,64.70373483065696
4,740,36,14,9,valence_classification,color_matching,matching,match_left,freundlich,,positive,blue,✲✲schlecht✲✲,,negative,blue,0.4932,match,0.504,0,0.462,0.5978,64.68563036696594
4,741,37,14,9,valence_classification,color_matching,matching,match_left,schön,,positive,blue,✲✲✲loyal✲✲✲✲,,positive,brown,0.4966,nonmatch,0.577,0,0.4619,0.5976,64.66740671441842
4,742,38,14,9,valence_classification,color_matching,matching,match_left,rächen,,negative,blue,✲✲✲✲fair✲✲✲✲,,positive,brown,0.4934,nonmatch,0.5973,0,0.4618,0.5975,64.6490427092109
4,743,39,14,9,valence_classification,color_matching,matching,match_left,ehrlich,,positive,brown,✲✲✲leiden✲✲✲,,negative,brown,0.4963,match,0.5328,0,0.4616,0.5974,64.63051689750947
4,744,40,14,9,valence_classification,color_matching,matching,match_left,leiden,,negative,brown,✲✲✲loyal✲✲✲✲,,positive,blue,0.4932,nonmatch,0.4554,0,0.4615,0.5972,64.61180748928057
4,745,41,14,9,valence_classification,color_matching,matching,match_left,treu,,positive,brown,✲✲✲✲tot✲✲✲✲✲,,negative,blue,0.4932,nonmatch,0.6799,0,0.4614,0.5971,64.59289231120077
4,746,42,14,9,valence_classification,color_matching,matching,match_left,ehrlich,,positive,blue,✲✲✲retten✲✲✲,,positive,blue,0.4932,match,0.6336,0,0.4612,0.597,64.57374875850043
4,747,43,14,9,valence_classification,color_matching,matching,match_left,strafen,,negative,brown,✲✲schlecht✲✲,,negative,brown,0.4932,match,0.5396,0,0.4611,0.5968,64.55435374558925
4,748,44,14,9,valence_classification,color_matching,matching,match_left,tot,,negative,blue,✲✲✲retten✲✲✲,,positive,blue,0.4932,match,0.5564,0,0.461,0.5967,64.53468365531019
4,749,45,14,9,valence_classification,color_matching,matching,match_left,lasch,,negative,brown,✲✲✲✲treu✲✲✲✲,,positive,blue,0.4932,nonmatch,0.5063,0,0.4608,0.5965,64.5147142866626
4,750,46,14,9,valence_classification,color_matching,matching,match_left,loyal,,positive,blue,✲✲✲leiden✲✲✲,,negative,blue,0.4959,match,0.5702,0,0.4607,0.5964,64.4944208008307
4,751,47,14,9,valence_classification,color_matching,matching,match_left,lasch,,negative,blue,✲✲✲schön✲✲✲✲,,positive,brown,0.4932,nonmatch,0.5263,0,0.4605,0.5962,64.4737776653471
4,752,48,14,9,valence_classification,color_matching,matching,match_left,ehrlich,,positive,brown,✲✲✲schlau✲✲✲,,positive,brown,0.4932,match,0.6299,0,0.4604,0.5961,64.45275859621637
4,753,49,14,9,valence_classification,color_matching,matching,match_left,strafen,,negative,brown,✲freundlich✲,,positive,blue,0.4932,nonmatch,0.6033,0,0.4602,0.5959,64.4313364978141
4,754,50,14,9,valence_classification,color_matching,matching,match_left,schlecht,,negative,blue,✲✲schroff✲✲✲,,negative,blue,0.4932,match,0.605,0,0.4601,0.5958,64.40948340037116
4,755,51,14,9,valence_classification,color_matching,matching,match_left,leiden,,negative,blue,✲✲✲lasch✲✲✲✲,,negative,brown,0.4932,nonmatch,0.4932,0,0.4599,0.5956,64.38821226098555
4,756,52,14,9,valence_classification,color_matching,matching,match_left,schlau,,positive,brown,✲✲ehrlich✲✲✲,,positive,brown,0.4932,match,0.4178,0,0.4598,0.5955,64.37013850586662
4,757,53,14,9,valence_classification,color_matching,matching,match_left,fair,,positive,brown,✲✲ehrlich✲✲✲,,positive,blue,0.4933,nonmatch,0.5577,0,0.4597,0.5954,64.3523184247049
4,758,54,14,9,valence_classification,color_matching,matching,match_left,schroff,,negative,brown,✲freundlich✲,,positive,brown,0.4932,match,0.7024,0,0.4595,0.5952,64.33473120292459
4,759,55,14,9,valence_classification,color_matching,matching,match_left,loyal,,positive,blue,✲✲✲retten✲✲✲,,positive,blue,0.4932,match,0.5543,0,0.4594,0.5951,64.3173565271797
4,760,56,14,9,valence_classification,color_matching,matching,match_left,schlau,,positive,brown,✲freundlich✲,,positive,brown,0.4932,match,0.554,0,0.4593,0.595,64.30017453993615
4,761,57,14,9,valence_classification,color_matching,matching,match_left,lasch,,negative,brown,✲✲✲leiden✲✲✲,,negative,blue,0.4932,nonmatch,0.527,0,0.4592,0.5949,64.28316579564034
4,762,58,14,9,valence_classification,color_matching,matching,match_left,faul,,negative,brown,✲✲✲✲treu✲✲✲✲,,positive,brown,0.4932,match,0.5629,0,0.459,0.5948,64.26631121832395
4,763,59,14,9,valence_classification,color_matching,matching,match_left,ehrlich,,positive,brown,✲✲strafen✲✲✲,,negative,brown,0.4932,match,0.5974,0,0.4589,0.5946,64.2495920604993
4,764,60,14,9,valence_classification,color_matching,matching,match_left,loyal,,positive,blue,✲freundlich✲,,positive,brown,0.4933,nonmatch,0.5763,0,0.4588,0.5945,64.23298986320803
4,765,61,14,9,valence_classification,color_matching,matching,match_left,schlecht,,negative,brown,✲✲✲schön✲✲✲✲,,positive,brown,0.4932,match,0.6328,0,0.4587,0.5944,64.21648641709055
4,766,62,14,9,valence_classification,color_matching,matching,match_left,treu,,positive,blue,✲✲✲✲faul✲✲✲✲,,negative,blue,0.4932,match,0.6189,0,0.4586,0.5943,64.20006372434904
4,767,63,14,9,valence_classification,color_matching,matching,match_left,schroff,,negative,blue,✲✲✲✲faul✲✲✲✲,,negative,blue,0.4932,match,0.5398,0,0.4585,0.5942,64.18370396148104
4,768,64,14,9,valence_classification,color_matching,matching,match_left,retten,,positive,blue,✲✲strafen✲✲✲,,negative,brown,0.4932,nonmatch,0.5397,0,0.4583,0.5941,64.1673894426659
4,769,1,15,10,valence_classification,color_matching,matching,match_left,schlecht,,negative,brown,✲✲✲lasch✲✲✲✲,,negative,blue,0.4933,nonmatch,0.5682,0,0.4582,0.5939,64.15110258368699
4,770,2,15,10,valence_classification,color_matching,matching,match_left,treu,,positive,brown,✲✲✲leiden✲✲✲,,negative,brown,0.4933,match,0.5612,0,0.4581,0.5938,64.13482586627977
4,771,3,15,10,valence_classification,color_matching,matching,match_left,freundlich,,positive,brown,✲✲✲✲treu✲✲✲✲,,positive,blue,0.4961,nonmatch,0.5038,0,0.458,0.5937,64.11854180279295
4,772,4,15,10,valence_classification,color_matching,matching,match_left,tot,,negative,brown,✲✲✲rächen✲✲✲,,negative,brown,0.4936,nonmatch,0.4757,1,0.4579,0.5936,64.10223290105777
4,773,5,15,10,valence_classification,color_matching,matching,match_left,retten,,positive,brown,✲✲✲✲tot✲✲✲✲✲,,negative,blue,0.4934,match,0.4479,1,0.4582,0.5939,64.15130147341867
4,774,6,15,10,valence_classification,color_matching,matching,match_left,tot,,negative,blue,✲✲strafen✲✲✲,,negative,blue,0.4932,match,0.5112,0,0.4586,0.5943,64.19982934718179
4,775,7,15,10,valence_classification,color_matching,matching,match_left,strafen,,negative,blue,✲✲ehrlich✲✲✲,,positive,blue,0.4932,match,0.4753,0,0.4585,0.5942,64.18367853088158
4,776,8,15,10,valence_classification,color_matching,matching,match_left,schlau,,positive,brown,✲✲ehrlich✲✲✲,,positive,brown,0.4967,nonmatch,0.434,1,0.4583,0.5941,64.1675728110729
4,777,9,15,10,valence_classification,color_matching,matching,match_left,loyal,,positive,blue,✲✲✲✲faul✲✲✲✲,,negative,blue,0.4932,match,0.5254,0,0.4587,0.5944,64.21582025268467
4,778,10,15,10,valence_classification,color_matching,matching,match_left,schroff,,negative,blue,✲✲✲✲treu✲✲✲✲,,positive,blue,0.496,match,0.5391,0,0.4586,0.5943,64.19970995256811
4,779,11,15,10,valence_classification,color_matching,matching,match_left,loyal,,positive,blue,✲✲schlecht✲✲,,negative,brown,0.4932,nonmatch,0.5253,0,0.4585,0.5942,64.18366172933331
4,780,12,15,10,valence_classification,color_matching,matching,match_left,schön,,positive,brown,✲✲✲retten✲✲✲,,positive,blue,0.4932,nonmatch,0.6433,0,0.4583,0.5941,64.16765852134952
4,781,13,15,10,valence_classification,color_matching,matching,match_left,ehrlich,,positive,brown,✲freundlich✲,,positive,blue,0.4933,nonmatch,0.4903,0,0.4582,0.5939,64.15168336626576
4,782,14,15,10,valence_classification,color_matching,matching,match_left,schlecht,,negative,brown,✲✲✲loyal✲✲✲✲,,positive,brown,0.4961,match,0.4969,0,0.4581,0.5938,64.13571936722924
4,783,15,15,10,valence_classification,color_matching,matching,match_left,faul,,negative,brown,✲✲✲leiden✲✲✲,,negative,brown,0.4962,match,0.7168,0,0.458,0.5937,64.11974965940769
4,784,16,15,10,valence_classification,color_matching,matching,match_left,schön,,positive,blue,✲freundlich✲,,positive,blue,0.4932,match,0.5413,0,0.4579,0.5936,64.10375737671349
4,785,17,15,10,valence_classification,color_matching,matching,match_left,leiden,,negative,brown,✲freundlich✲,,positive,brown,0.4932,match,0.5539,0,0.4578,0.5935,64.08772561863196
4,786,18,15,10,valence_classification,color_matching,matching,match_left,loyal,,positive,blue,✲✲✲schön✲✲✲✲,,positive,blue,0.4932,match,0.5119,0,0.4577,0.5934,64.07163741705524
4,787,19,15,10,valence_classification,color_matching,matching,match_left,lasch,,negative,brown,✲✲✲✲tot✲✲✲✲✲,,negative,blue,0.4932,nonmatch,0.5754,0,0.4575,0.5933,64.05547570302419
4,788,20,15,10,valence_classification,color_matching,matching,match_left,schön,,positive,brown,✲✲schroff✲✲✲,,negative,brown,0.4932,match,0.565,0,0.4574,0.5931,64.0393323177146
4,789,21,15,10,valence_classification,color_matching,matching,match_left,treu,,positive,blue,✲✲✲schlau✲✲✲,,positive,brown,0.4932,nonmatch,0.4896,0,0.4573,0.593,64.02307829642818
4,790,22,15,10,valence_classification,color_matching,matching,match_left,freundlich,,positive,brown,✲✲✲lasch✲✲✲✲,,negative,blue,0.4932,nonmatch,0.536,0,0.4572,0.5929,64.00669636535567
4,791,23,15,10,valence_classification,color_matching,matching,match_left,schlau,,positive,brown,✲✲schlecht✲✲,,negative,brown,0.4932,match,0.4921,0,0.4571,0.5928,63.990169004222125
4,792,24,15,10,valence_classification,color_matching,matching,match_left,freundlich,,positive,blue,✲✲✲loyal✲✲✲✲,,positive,blue,0.4932,match,0.4704,0,0.457,0.5927,63.97347841193135
4,793,25,15,10,valence_classification,color_matching,matching,match_left,strafen,,negative,brown,✲✲✲rächen✲✲✲,,negative,brown,0.4933,match,0.6281,0,0.4568,0.5925,63.95660647148303
4,794,26,15,10,valence_classification,color_matching,matching,match_left,retten,,positive,brown,✲✲✲✲fair✲✲✲✲,,positive,brown,0.4932,match,0.5125,0,0.4567,0.5924,63.93953471406422
4,795,27,15,10,valence_classification,color_matching,matching,match_left,fair,,positive,brown,✲✲✲lasch✲✲✲✲,,negative,blue,0.4932,nonmatch,0.4609,0,0.4566,0.5923,63.92224428221099
4,796,28,15,10,valence_classification,color_matching,matching,match_left,leiden,,negative,brown,✲✲schroff✲✲✲,,negative,blue,0.4932,nonmatch,0.47,0,0.4565,0.5922,63.90471589193636
4,797,29,15,10,valence_classification,color_matching,matching,match_left,schroff,,negative,blue,✲✲strafen✲✲✲,,negative,blue,0.4932,match,0.5253,0,0.4563,0.592,63.886929793714
4,798,30,15,10,valence_classification,color_matching,matching,match_left,lasch,,negative,brown,✲freundlich✲,,positive,blue,0.4932,match,0.5425,1,0.4562,0.5919,63.86886573220675
4,799,31,15,10,valence_classification,color_matching,matching,match_left,ehrlich,,positive,blue,✲✲schroff✲✲✲,,negative,blue,0.4932,match,0.6094,0,0.4566,0.5923,63.920153007466425
4,800,32,15,10,valence_classification,color_matching,matching,match_left,retten,,positive,blue,✲✲✲rächen✲✲✲,,negative,blue,0.4932,match,0.4968,0,0.4564,0.5922,63.90268488786227
4,801,33,15,10,valence_classification,color_matching,matching,match_left,tot,,negative,blue,✲✲✲retten✲✲✲,,positive,brown,0.4932,nonmatch,0.4486,0,0.4563,0.592,63.88495818862936
4,802,34,15,10,valence_classification,color_matching,matching,match_left,lasch,,negative,blue,✲✲✲✲fair✲✲✲✲,,positive,blue,0.4932,match,0.6124,0,0.4562,0.5919,63.86695279046473
4,803,35,15,10,valence_classification,color_matching,matching,match_left,freundlich,,positive,brown,✲✲strafen✲✲✲,,negative,blue,0.4932,nonmatch,0.5204,0,0.4561,0.5918,63.848648027885496
4,804,36,15,10,valence_classification,color_matching,matching,match_left,faul,,negative,brown,✲✲✲loyal✲✲✲✲,,positive,brown,0.4935,match,0.5533,0,0.4559,0.5916,63.830022646553864
4,805,37,15,10,valence_classification,color_matching,matching,match_left,strafen,,negative,blue,✲✲✲schön✲✲✲✲,,positive,blue,0.4935,match,0.5432,0,0.4558,0.5915,63.811054758994395
4,806,38,15,10,valence_classification,color_matching,matching,match_left,ehrlich,,positive,blue,✲✲strafen✲✲✲,,negative,brown,0.4932,nonmatch,0.5014,0,0.4557,0.5914,63.791721798577
4,807,39,15,10,valence_classification,color_matching,matching,match_left,fair,,positive,blue,✲✲✲schön✲✲✲✲,,positive,brown,0.4964,nonmatch,0.4307,0,0.4555,0.5912,63.77200047162891
4,808,40,15,10,valence_classification,color_matching,matching,match_left,retten,,positive,blue,✲✲ehrlich✲✲✲,,positive,brown,0.4932,nonmatch,0.6175,0,0.4554,0.5911,63.75188536354887
4,809,41,15,10,valence_classification,color_matching,matching,match_left,faul,,negative,blue,✲✲schlecht✲✲,,negative,blue,0.4932,match,0.6133,0,0.4553,0.591,63.73554199182219
4,810,42,15,10,valence_classification,color_matching,matching,match_left,lasch,,negative,blue,✲✲✲✲faul✲✲✲✲,,negative,brown,0.4932,nonmatch,0.6298,0,0.4551,0.5909,63.71943371360002
4,811,43,15,10,valence_classification,color_matching,matching,match_left,schlecht,,negative,brown,✲✲✲✲treu✲✲✲✲,,positive,blue,0.4932,nonmatch,0.5826,0,0.455,0.5907,63.70354324651447
4,812,44,15,10,valence_classification,color_matching,matching,match_left,rächen,,negative,blue,✲✲✲schön✲✲✲✲,,positive,brown,0.4932,nonmatch,0.5111,0,0.4549,0.5906,63.687853726931664
4,813,45,15,10,valence_classification,color_matching,matching,match_left,rächen,,negative,brown,✲✲✲schlau✲✲✲,,positive,blue,0.4932,nonmatch,0.4685,0,0.4548,0.5905,63.672348675625564
4,814,46,15,10,valence_classification,color_matching,matching,match_left,schroff,,negative,blue,✲✲✲leiden✲✲✲,,negative,brown,0.4965,nonmatch,0.484,0,0.4547,0.5904,63.65701196464163
4,815,47,15,10,valence_classification,color_matching,matching,match_left,fair,,positive,blue,✲✲✲✲treu✲✲✲✲,,positive,brown,0.4932,nonmatch,0.5756,0,0.4546,0.5903,63.641827785246115
4,816,48,15,10,valence_classification,color_matching,matching,match_left,schlau,,positive,brown,✲✲✲✲fair✲✲✲✲,,positive,brown,0.4932,match,0.4987,0,0.4545,0.5902,63.626780616862995
4,817,49,15,10,valence_classification,color_matching,matching,match_left,treu,,positive,blue,✲✲✲leiden✲✲✲,,negative,brown,0.4932,nonmatch,0.5409,0,0.4544,0.5901,63.61185519690156
4,818,50,15,10,valence_classification,color_matching,matching,match_left,leiden,,negative,blue,✲✲schroff✲✲✲,,negative,brown,0.4933,nonmatch,0.5758,0,0.4543,0.59,63.59703649138514
4,819,51,15,10,valence_classification,color_matching,matching,match_left,schlecht,,negative,brown,✲✲✲lasch✲✲✲✲,,negative,brown,0.4932,match,0.498,0,0.4542,0.5899,63.582309666292566
4,820,52,15,10,valence_classification,color_matching,matching,match_left,rächen,,negative,blue,✲✲✲✲faul✲✲✲✲,,negative,blue,0.4963,match,0.4862,0,0.4541,0.5898,63.56766005952784
4,821,53,15,10,valence_classification,color_matching,matching,match_left,strafen,,negative,blue,✲✲schlecht✲✲,,negative,brown,0.4934,nonmatch,0.4712,0,0.454,0.5897,63.5530731534368
4,822,54,15,10,valence_classification,color_matching,matching,match_left,faul,,negative,brown,✲✲ehrlich✲✲✲,,positive,blue,0.4932,nonmatch,0.4717,0,0.4538,0.5896,63.53853454779117
4,823,55,15,10,valence_classification,color_matching,matching,match_left,treu,,positive,brown,✲✲✲loyal✲✲✲✲,,positive,blue,0.4932,nonmatch,0.5326,0,0.4537,0.5895,63.52402993316338
4,824,56,15,10,valence_classification,color_matching,matching,match_left,loyal,,positive,blue,✲✲✲retten✲✲✲,,positive,blue,0.4932,nonmatch,0.6609,1,0.4536,0.5894,63.509545064616155
4,825,57,15,10,valence_classification,color_matching,matching,match_left,schön,,positive,blue,✲✲✲✲tot✲✲✲✲✲,,negative,blue,0.4932,match,0.5213,0,0.4539,0.5897,63.552993764469434
4,826,58,15,10,valence_classification,color_matching,matching,match_left,schlau,,positive,blue,✲✲✲rächen✲✲✲,,negative,brown,0.4967,nonmatch,0.592,0,0.4538,0.5896,63.53854042154412
4,827,59,15,10,valence_classification,color_matching,matching,match_left,schroff,,negative,blue,✲✲✲✲fair✲✲✲✲,,positive,brown,0.4933,nonmatch,0.5826,0,0.4537,0.5895,63.52412107606817
4,828,60,15,10,valence_classification,color_matching,matching,match_left,ehrlich,,positive,brown,✲✲✲schlau✲✲✲,,positive,brown,0.4932,nonmatch,0.6653,1,0.4536,0.5894,63.50972163822408
4,829,61,15,10,valence_classification,color_matching,matching,match_left,tot,,negative,blue,✲✲✲schlau✲✲✲,,positive,brown,0.4932,nonmatch,0.5714,0,0.4539,0.5897,63.55291291537215
4,830,62,15,10,valence_classification,color_matching,matching,match_left,leiden,,negative,brown,✲✲✲retten✲✲✲,,positive,brown,0.4932,match,0.4831,0,0.4538,0.5896,63.53854390079664
4,831,63,15,10,valence_classification,color_matching,matching,match_left,rächen,,negative,brown,✲✲✲✲tot✲✲✲✲✲,,negative,blue,0.4932,nonmatch,0.4352,0,0.4537,0.5895,63.524208885269154
4,832,64,15,10,valence_classification,color_matching,matching,match_left,fair,,positive,brown,✲✲✲✲faul✲✲✲✲,,negative,brown,0.4962,match,0.5967,0,0.4536,0.5894,63.50989393153237
4,833,1,16,11,valence_classification,color_matching,matching,match_left,freundlich,,positive,brown,✲✲✲schlau✲✲✲,,positive,brown,0.4933,match,0.691,0,0.4535,0.5893,63.49558514102574
4,834,2,16,11,valence_classification,color_matching,matching,match_left,leiden,,negative,brown,✲✲✲✲faul✲✲✲✲,,negative,brown,0.4933,match,0.4761,0,0.4534,0.5892,63.48126862882464
4,835,3,16,11,valence_classification,color_matching,matching,match_left,schön,,positive,brown,✲✲strafen✲✲✲,,negative,blue,0.4932,nonmatch,0.5073,0,0.4533,0.589,63.46693049867759
4,836,4,16,11,valence_classification,color_matching,matching,match_left,faul,,negative,blue,✲✲✲retten✲✲✲,,positive,brown,0.4932,nonmatch,0.3768,0,0.4532,0.5889,63.45255681807461
4,837,5,16,11,valence_classification,color_matching,matching,match_left,schroff,,negative,brown,✲✲✲✲fair✲✲✲✲,,positive,brown,0.4932,match,0.6297,0,0.4531,0.5888,63.43813359327972
4,838,6,16,11,valence_classification,color_matching,matching,match_left,schlecht,,negative,blue,✲✲✲leiden✲✲✲,,negative,brown,0.4932,nonmatch,0.4754,0,0.453,0.5887,63.423646744260566
4,839,7,16,11,valence_classification,color_matching,matching,match_left,freundlich,,positive,brown,✲✲✲leiden✲✲✲,,negative,brown,0.4962,match,0.5333,0,0.4529,0.5886,63.40918056920112
4,840,8,16,11,valence_classification,color_matching,matching,match_left,faul,,negative,brown,✲✲✲✲tot✲✲✲✲✲,,negative,blue,0.5037,nonmatch,0.564,0,0.4528,0.5885,63.39462019786935
4,841,9,16,11,valence_classification,color_matching,matching,match_left,schroff,,negative,blue,✲✲strafen✲✲✲,,negative,brown,0.4932,nonmatch,0.5002,0,0.4527,0.5884,63.37995138952798
4,842,10,16,11,valence_classification,color_matching,matching,match_left,rächen,,negative,blue,✲✲strafen✲✲✲,,negative,blue,0.4932,match,0.3818,0,0.4526,0.5883,63.36515970746138
4,843,11,16,11,valence_classification,color_matching,matching,match_left,loyal,,positive,brown,✲✲✲schön✲✲✲✲,,positive,brown,0.4932,match,0.561,0,0.4525,0.5882,63.35023049301037
4,844,12,16,11,valence_classification,color_matching,matching,match_left,schön,,positive,blue,✲✲✲schlau✲✲✲,,positive,brown,0.4932,nonmatch,0.5181,0,0.4524,0.5881,63.3351488390662
4,845,13,16,11,valence_classification,color_matching,matching,match_left,fair,,positive,blue,✲✲strafen✲✲✲,,negative,brown,0.4932,nonmatch,0.5408,0,0.4523,0.588,63.319899562953076
4,846,14,16,11,valence_classification,color_matching,matching,match_left,schlecht,,negative,brown,✲✲✲loyal✲✲✲✲,,positive,brown,0.4932,match,0.4321,0,0.4522,0.5879,63.30446717862825
4,847,15,16,11,valence_classification,color_matching,matching,match_left,fair,,positive,blue,✲✲ehrlich✲✲✲,,positive,blue,0.496,match,0.6918,0,0.4521,0.5878,63.288835868126405
4,848,16,16,11,valence_classification,color_matching,matching,match_left,leiden,,negative,brown,✲✲ehrlich✲✲✲,,positive,blue,0.4933,nonmatch,0.5611,0,0.4519,0.5877,63.272989452171814
4,849,17,16,11,valence_classification,color_matching,matching,match_left,retten,,positive,blue,✲✲schroff✲✲✲,,negative,blue,0.4933,match,0.5326,0,0.4518,0.5875,63.25691135988055
4,850,18,16,11,valence_classification,color_matching,matching,match_left,faul,,negative,blue,✲✲✲rächen✲✲✲,,negative,blue,0.4932,match,0.5121,0,0.4517,0.5874,63.240584597471134
4,851,19,16,11,valence_classification,color_matching,matching,match_left,treu,,positive,brown,✲✲✲✲tot✲✲✲✲✲,,negative,brown,0.4932,match,0.4862,0,0.4516,0.5873,63.223991715900446
4,852,20,16,11,valence_classification,color_matching,matching,match_left,schön,,positive,brown,✲✲✲✲faul✲✲✲✲,,negative,brown,0.4936,match,0.4967,0,0.4515,0.5872,63.20711477733628
4,853,21,16,11,valence_classification,color_matching,matching,match_left,strafen,,negative,blue,✲✲✲schön✲✲✲✲,,positive,brown,0.4933,nonmatch,0.527,0,0.4514,0.5871,63.189935320376584
4,854,22,16,11,valence_classification,color_matching,matching,match_left,schlau,,positive,blue,✲✲schroff✲✲✲,,negative,blue,0.4933,match,0.5614,0,0.4512,0.5869,63.172434323919994
4,855,23,16,11,valence_classification,color_matching,matching,match_left,schlau,,positive,brown,✲✲✲✲treu✲✲✲✲,,positive,blue,0.4933,nonmatch,0.557,0,0.4511,0.5868,63.15459216958893
4,856,24,16,11,valence_classification,color_matching,matching,match_left,strafen,,negative,blue,✲freundlich✲,,positive,brown,0.4962,nonmatch,0.527,0,0.451,0.5867,63.13638860260145
4,857,25,16,11,valence_classification,color_matching,matching,match_left,schön,,positive,blue,✲freundlich✲,,positive,brown,0.4932,nonmatch,0.492,0,0.4508,0.5866,63.117802690984185
4,858,26,16,11,valence_classification,color_matching,matching,match_left,tot,,negative,brown,✲✲✲retten✲✲✲,,positive,brown,0.4961,match,0.5547,0,0.4507,0.5864,63.102739804205875
4,859,27,16,11,valence_classification,color_matching,matching,match_left,tot,,negative,brown,✲✲✲✲treu✲✲✲✲,,positive,blue,0.4932,nonmatch,0.5956,0,0.4506,0.5863,63.087929116259005
4,860,28,16,11,valence_classification,color_matching,matching,match_left,retten,,positive,brown,✲✲✲✲fair✲✲✲✲,,positive,blue,0.4933,nonmatch,0.6161,0,0.4505,0.5862,63.07332072112092
4,861,29,16,11,valence_classification,color_matching,matching,match_left,leiden,,negative,brown,✲✲✲lasch✲✲✲✲,,negative,blue,0.4932,nonmatch,0.6444,0,0.4504,0.5861,63.058900153555676
4,862,30,16,11,valence_classification,color_matching,matching,match_left,lasch,,negative,brown,✲✲schlecht✲✲,,negative,brown,0.4932,match,0.5611,0,0.4503,0.586,63.04465327540648
4,863,31,16,11,valence_classification,color_matching,matching,match_left,faul,,negative,blue,✲✲✲schlau✲✲✲,,positive,brown,0.4933,nonmatch,0.5416,0,0.4502,0.5859,63.030566249302716
4,864,32,16,11,valence_classification,color_matching,matching,match_left,schroff,,negative,brown,✲freundlich✲,,positive,blue,0.4932,nonmatch,0.5111,0,0.4501,0.5858,63.01662551320988
4,865,33,16,11,valence_classification,color_matching,matching,match_left,schlecht,,negative,brown,✲✲✲✲tot✲✲✲✲✲,,negative,brown,0.4932,match,0.5505,0,0.45,0.5857,63.00281775575139
4,866,34,16,11,valence_classification,color_matching,matching,match_left,fair,,positive,brown,✲✲✲lasch✲✲✲✲,,negative,brown,0.4932,match,0.5397,0,0.4499,0.5856,62.989129892231425
4,867,35,16,11,valence_classification,color_matching,matching,match_left,fair,,positive,brown,✲✲✲loyal✲✲✲✲,,positive,brown,0.4932,match,0.4353,0,0.4498,0.5855,62.97554904129213
4,868,36,16,11,valence_classification,color_matching,matching,match_left,ehrlich,,positive,blue,✲✲✲retten✲✲✲,,positive,brown,0.4972,nonmatch,0.6214,0,0.4497,0.5854,62.96206250214056
4,869,37,16,11,valence_classification,color_matching,matching,match_left,treu,,positive,blue,✲✲ehrlich✲✲✲,,positive,brown,0.4932,nonmatch,0.5493,0,0.4496,0.5853,62.94865773228366
4,870,38,16,11,valence_classification,color_matching,matching,match_left,schlau,,positive,blue,✲✲✲✲faul✲✲✲✲,,negative,brown,0.4932,nonmatch,0.511,0,0.4495,0.5853,62.935322325710445
4,871,39,16,11,valence_classification,color_matching,matching,match_left,tot,,negative,brown,✲✲schroff✲✲✲,,negative,blue,0.4932,nonmatch,0.5254,0,0.4494,0.5852,62.92204399146323
4,872,40,16,11,valence_classification,color_matching,matching,match_left,ehrlich,,positive,brown,✲✲✲rächen✲✲✲,,negative,blue,0.4932,nonmatch,0.5053,0,0.4493,0.5851,62.908810532541494
4,873,41,16,11,valence_classification,color_matching,matching,match_left,loyal,,positive,blue,✲✲schlecht✲✲,,negative,blue,0.4932,nonmatch,0.4794,1,0.4493,0.585,62.89560982508236
4,874,42,16,11,valence_classification,color_matching,matching,match_left,leiden,,negative,blue,✲✲✲✲fair✲✲✲✲,,positive,blue,0.4932,match,0.4144,0,0.4495,0.5853,62.93515820043726
4,875,43,16,11,valence_classification,color_matching,matching,match_left,ehrlich,,positive,blue,✲✲schlecht✲✲,,negative,blue,0.4933,match,0.6015,0,0.4494,0.5852,62.921952237491055
4,876,44,16,11,valence_classification,color_matching,matching,match_left,treu,,positive,blue,✲✲✲schön✲✲✲✲,,positive,blue,0.4932,match,0.572,0,0.4493,0.5851,62.90879102037534
4,877,45,16,11,valence_classification,color_matching,matching,match_left,lasch,,negative,blue,✲✲✲loyal✲✲✲✲,,positive,blue,0.4932,match,0.4539,0,0.4493,0.585,62.89566254706947
4,878,46,16,11,valence_classification,color_matching,matching,match_left,freundlich,,positive,blue,✲✲✲loyal✲✲✲✲,,positive,blue,0.4932,match,0.5844,0,0.4492,0.5849,62.88255486792561
4,879,47,16,11,valence_classification,color_matching,matching,match_left,rächen,,negative,brown,✲✲✲schlau✲✲✲,,positive,blue,0.4932,nonmatch,0.4141,0,0.4491,0.5848,62.869456065550544
4,880,48,16,11,valence_classification,color_matching,matching,match_left,tot,,negative,blue,✲✲✲rächen✲✲✲,,negative,brown,0.4932,nonmatch,0.5838,0,0.449,0.5847,62.856354234803874
4,881,49,16,11,valence_classification,color_matching,matching,match_left,freundlich,,positive,brown,✲✲✲✲tot✲✲✲✲✲,,negative,blue,0.4932,nonmatch,0.5757,0,0.4489,0.5846,62.84323746286258
4,882,50,16,11,valence_classification,color_matching,matching,match_left,loyal,,positive,brown,✲✲✲retten✲✲✲,,positive,blue,0.4932,nonmatch,0.5254,0,0.4488,0.5845,62.830093809300806
4,883,51,16,11,valence_classification,color_matching,matching,match_left,lasch,,negative,blue,✲✲✲✲treu✲✲✲✲,,positive,blue,0.4962,match,0.4931,0,0.4487,0.5844,62.8169112861354
4,884,52,16,11,valence_classification,color_matching,matching,match_left,ehrlich,,positive,brown,✲✲✲✲treu✲✲✲✲,,positive,blue,0.4932,nonmatch,0.635,0,0.4486,0.5843,62.803677837786964
4,885,53,16,11,valence_classification,color_matching,matching,match_left,lasch,,negative,blue,✲✲schlecht✲✲,,negative,blue,0.4932,match,0.5925,0,0.4485,0.5842,62.79038132090678
4,886,54,16,11,valence_classification,color_matching,matching,match_left,schlecht,,negative,brown,✲✲✲schön✲✲✲✲,,positive,brown,0.4932,match,0.5468,0,0.4484,0.5841,62.77709967257104
4,887,55,16,11,valence_classification,color_matching,matching,match_left,strafen,,negative,brown,✲✲schroff✲✲✲,,negative,brown,0.4933,match,0.5217,0,0.4483,0.584,62.76372867119673
4,888,56,16,11,valence_classification,color_matching,matching,match_left,schroff,,negative,brown,✲✲✲lasch✲✲✲✲,,negative,blue,0.4932,nonmatch,0.5404,0,0.4482,0.5839,62.75025600187307
4,889,57,16,11,valence_classification,color_matching,matching,match_left,retten,,positive,blue,✲✲✲lasch✲✲✲✲,,negative,brown,0.4932,nonmatch,0.5253,0,0.4481,0.5838,62.73666917367323
4,890,58,16,11,valence_classification,color_matching,matching,match_left,rächen,,negative,blue,✲✲✲✲faul✲✲✲✲,,negative,blue,0.4932,match,0.4482,0,0.448,0.5837,62.72295549854615
4,891,59,16,11,valence_classification,color_matching,matching,match_left,strafen,,negative,blue,✲✲✲leiden✲✲✲,,negative,brown,0.4932,nonmatch,0.5613,0,0.4479,0.5836,62.70910206974315
4,892,60,16,11,valence_classification,color_matching,matching,match_left,rächen,,negative,blue,✲✲ehrlich✲✲✲,,positive,blue,0.4932,match,0.5253,0,0.4478,0.5835,62.69509573972622
4,893,61,16,11,valence_classification,color_matching,matching,match_left,retten,,positive,brown,✲freundlich✲,,positive,brown,0.4932,nonmatch,0.461,1,0.4477,0.5834,62.680923097503246
4,894,62,16,11,valence_classification,color_matching,matching,match_left,loyal,,positive,brown,✲✲✲leiden✲✲✲,,negative,blue,0.4932,nonmatch,0.5047,0,0.448,0.5837,62.72100552606588
4,895,63,16,11,valence_classification,color_matching,matching,match_left,treu,,positive,blue,✲✲✲rächen✲✲✲,,negative,brown,0.4932,nonmatch,0.5722,0,0.4479,0.5836,62.707194948674285
4,896,64,16,11,valence_classification,color_matching,matching,match_left,schlau,,positive,blue,✲✲✲✲fair✲✲✲✲,,positive,blue,0.4932,match,0.5362,0,0.4478,0.5835,62.693230435971515
4,897,1,17,12,valence_classification,color_matching,matching,match_left,leiden,,negative,blue,✲✲✲✲fair✲✲✲✲,,positive,brown,0.4932,nonmatch,0.5686,0,0.4477,0.5834,62.67909865423892
4,898,2,17,12,valence_classification,color_matching,matching,match_left,schlau,,positive,brown,✲freundlich✲,,positive,blue,0.4932,nonmatch,0.5183,0,0.4476,0.5833,62.664785982737435
4,899,3,17,12,valence_classification,color_matching,matching,match_left,fair,,positive,blue,✲✲✲rächen✲✲✲,,negative,brown,0.4932,nonmatch,0.5277,0,0.4475,0.5832,62.65027848994109
4,900,4,17,12,valence_classification,color_matching,matching,match_left,faul,,negative,blue,✲✲✲leiden✲✲✲,,negative,brown,0.4933,nonmatch,0.5185,0,0.4474,0.5831,62.63556190902384
4,901,5,17,12,valence_classification,color_matching,matching,match_left,strafen,,negative,blue,✲✲✲rächen✲✲✲,,negative,blue,0.4932,match,0.4776,0,0.4473,0.583,62.62062161253886
4,902,6,17,12,valence_classification,color_matching,matching,match_left,tot,,negative,brown,✲✲strafen✲✲✲,,negative,blue,0.4932,nonmatch,0.4281,0,0.4472,0.5829,62.60544258622491
4,903,7,17,12,valence_classification,color_matching,matching,match_left,freundlich,,positive,brown,✲✲✲✲tot✲✲✲✲✲,,negative,brown,0.4932,match,0.5754,0,0.4471,0.5828,62.590009401874006
4,904,8,17,12,valence_classification,color_matching,matching,match_left,schlau,,positive,blue,✲✲✲rächen✲✲✲,,negative,blue,0.4932,match,0.5367,0,0.447,0.5827,62.57430618918973
4,905,9,17,12,valence_classification,color_matching,matching,match_left,schroff,,negative,brown,✲✲ehrlich✲✲✲,,positive,brown,0.4932,match,0.5468,0,0.4468,0.5826,62.55831660656388
4,906,10,17,12,valence_classification,color_matching,matching,match_left,lasch,,negative,brown,✲✲schlecht✲✲,,negative,brown,0.4932,match,0.5644,0,0.4467,0.5824,62.54202381069595
4,907,11,17,12,valence_classification,color_matching,matching,match_left,schroff,,negative,brown,✲✲✲loyal✲✲✲✲,,positive,blue,0.4932,nonmatch,0.4681,0,0.4466,0.5823,62.52541042497564
4,908,12,17,12,valence_classification,color_matching,matching,match_left,tot,,negative,brown,✲✲✲schön✲✲✲✲,,positive,brown,0.4932,match,0.5353,0,0.4465,0.5822,62.508458506545146
4,909,13,17,12,valence_classification,color_matching,matching,match_left,schlau,,positive,brown,✲✲✲leiden✲✲✲,,negative,brown,0.4961,match,0.5347,0,0.4464,0.5821,62.49114951195544
4,910,14,17,12,valence_classification,color_matching,matching,match_left,schlecht,,negative,brown,✲✲✲✲treu✲✲✲✲,,positive,blue,0.4937,nonmatch,0.5254,0,0.4463,0.582,62.47685262386654
4,911,15,17,12,valence_classification,color_matching,matching,match_left,retten,,positive,brown,✲✲strafen✲✲✲,,negative,blue,0.4936,nonmatch,0.624,0,0.4462,0.5819,62.463063364846235
4,912,16,17,12,valence_classification,color_matching,matching,match_left,schön,,positive,brown,✲✲✲✲faul✲✲✲✲,,negative,blue,0.4932,nonmatch,0.5253,0,0.4461,0.5818,62.44946417529252
4,913,17,17,12,valence_classification,color_matching,matching,match_left,retten,,positive,blue,✲✲✲schön✲✲✲✲,,positive,brown,0.4932,nonmatch,0.5007,0,0.446,0.5817,62.43604235581335
4,914,18,17,12,valence_classification,color_matching,matching,match_left,faul,,negative,blue,✲✲✲schön✲✲✲✲,,positive,blue,0.4934,nonmatch,0.5147,1,0.4459,0.5816,62.42278549153225
4,915,19,17,12,valence_classification,color_matching,matching,match_left,strafen,,negative,brown,✲✲ehrlich✲✲✲,,positive,blue,0.4932,nonmatch,0.4113,0,0.4462,0.5819,62.46210594934336
4,916,20,17,12,valence_classification,color_matching,matching,match_left,freundlich,,positive,blue,✲✲✲retten✲✲✲,,positive,blue,0.4932,match,0.4967,0,0.4461,0.5818,62.44857894713545
4,917,21,17,12,valence_classification,color_matching,matching,match_left,fair,,positive,brown,✲✲schlecht✲✲,,negative,blue,0.4961,nonmatch,0.5038,0,0.446,0.5817,62.43522792794379
4,918,22,17,12,valence_classification,color_matching,matching,match_left,lasch,,negative,blue,✲freundlich✲,,positive,blue,0.4932,match,0.562,0,0.4459,0.5816,62.42204059630523
4,919,23,17,12,valence_classification,color_matching,matching,match_left,freundlich,,positive,blue,✲✲strafen✲✲✲,,negative,brown,0.4932,nonmatch,0.583,0,0.4458,0.5815,62.409004916506795
4,920,24,17,12,valence_classification,color_matching,matching,match_left,rächen,,negative,brown,✲✲✲✲tot✲✲✲✲✲,,negative,brown,0.4933,match,0.511,0,0.4457,0.5814,62.39610909197709
4,921,25,17,12,valence_classification,color_matching,matching,match_left,loyal,,positive,blue,✲✲✲✲treu✲✲✲✲,,positive,brown,0.4933,nonmatch,0.5611,0,0.4456,0.5813,62.38334154528978
4,922,26,17,12,valence_classification,color_matching,matching,match_left,loyal,,positive,blue,✲✲schroff✲✲✲,,negative,blue,0.4932,match,0.5468,0,0.4455,0.5812,62.37069089872616
4,923,27,17,12,valence_classification,color_matching,matching,match_left,rächen,,negative,blue,✲✲✲schlau✲✲✲,,positive,blue,0.4932,match,0.554,0,0.4454,0.5811,62.358145955346345
4,924,28,17,12,valence_classification,color_matching,matching,match_left,tot,,negative,blue,✲✲✲retten✲✲✲,,positive,brown,0.4932,nonmatch,0.5468,0,0.4453,0.581,62.34569568052035
4,925,29,17,12,valence_classification,color_matching,matching,match_left,retten,,positive,brown,✲✲✲schön✲✲✲✲,,positive,brown,0.4932,match,0.6069,0,0.4452,0.581,62.33332918387232
4,926,30,17,12,valence_classification,color_matching,matching,match_left,strafen,,negative,brown,✲freundlich✲,,positive,brown,0.4932,match,0.5269,0,0.4452,0.5809,62.321035701592194
4,927,31,17,12,valence_classification,color_matching,matching,match_left,leiden,,negative,blue,✲✲✲✲faul✲✲✲✲,,negative,blue,0.4932,match,0.5196,0,0.4451,0.5808,62.30880457907056
4,928,32,17,12,valence_classification,color_matching,matching,match_left,schön,,positive,brown,✲✲✲loyal✲✲✲✲,,positive,blue,0.4932,nonmatch,0.4696,0,0.445,0.5807,62.29662525381369
4,929,33,17,12,valence_classification,color_matching,matching,match_left,ehrlich,,positive,brown,✲✲schroff✲✲✲,,negative,blue,0.4932,nonmatch,0.8403,0,0.4449,0.5806,62.284487238597336
4,930,34,17,12,valence_classification,color_matching,matching,match_left,schlecht,,negative,blue,✲✲✲rächen✲✲✲,,negative,blue,0.4932,match,0.5207,0,0.4448,0.5805,62.272380104817145
4,931,35,17,12,valence_classification,color_matching,matching,match_left,faul,,negative,brown,✲✲✲✲tot✲✲✲✲✲,,negative,brown,0.4932,nonmatch,0.4423,1,0.4447,0.5804,62.26029346599683
4,932,36,17,12,valence_classification,color_matching,matching,match_left,rächen,,negative,blue,✲✲✲retten✲✲✲,,positive,blue,0.4932,match,0.5754,0,0.445,0.5807,62.296529449074505
4,933,37,17,12,valence_classification,color_matching,matching,match_left,ehrlich,,positive,brown,✲✲✲schlau✲✲✲,,positive,brown,0.4932,match,0.5955,0,0.4449,0.5806,62.28445359867746
4,934,38,17,12,valence_classification,color_matching,matching,match_left,leiden,,negative,blue,✲✲✲schlau✲✲✲,,positive,brown,0.4932,nonmatch,0.5989,0,0.4448,0.5805,62.272408623081084
4,935,39,17,12,valence_classification,color_matching,matching,match_left,freundlich,,positive,blue,✲✲✲retten✲✲✲,,positive,brown,0.4958,nonmatch,0.5644,0,0.4447,0.5804,62.26038423350749
4,936,40,17,12,valence_classification,color_matching,matching,match_left,faul,,negative,brown,✲✲✲✲treu✲✲✲✲,,positive,brown,0.4932,match,0.5989,0,0.4446,0.5803,62.24837016709355
4,937,41,17,12,valence_classification,color_matching,matching,match_left,loyal,,positive,brown,✲✲✲✲fair✲✲✲✲,,positive,brown,0.4936,match,0.6075,0,0.4445,0.5803,62.2363561708261
4,938,42,17,12,valence_classification,color_matching,matching,match_left,schön,,positive,blue,✲✲✲✲faul✲✲✲✲,,negative,blue,0.4932,match,0.4391,0,0.4445,0.5802,62.22433198551722
4,939,43,17,12,valence_classification,color_matching,matching,match_left,strafen,,negative,brown,✲✲✲leiden✲✲✲,,negative,blue,0.4932,nonmatch,0.5498,0,0.4444,0.5801,62.212287329782065
4,940,44,17,12,valence_classification,color_matching,matching,match_left,retten,,positive,blue,✲✲✲leiden✲✲✲,,negative,brown,0.4932,nonmatch,0.5359,0,0.4443,0.58,62.20021188398138
4,941,45,17,12,valence_classification,color_matching,matching,match_left,ehrlich,,positive,blue,✲✲✲lasch✲✲✲✲,,negative,blue,0.4933,match,0.5255,0,0.4442,0.5799,62.1880952740914
4,942,46,17,12,valence_classification,color_matching,matching,match_left,loyal,,positive,brown,✲✲schlecht✲✲,,negative,brown,0.4932,match,0.601,0,0.4441,0.5798,62.17592705546264
4,943,47,17,12,valence_classification,color_matching,matching,match_left,schroff,,negative,brown,✲✲✲lasch✲✲✲✲,,negative,blue,0.4935,nonmatch,0.4894,0,0.444,0.5797,62.16378018256927
4,944,48,17,12,valence_classification,color_matching,matching,match_left,lasch,,negative,brown,✲✲strafen✲✲✲,,negative,brown,0.4971,match,0.5182,0,0.4439,0.5797,62.151559081050706
4,945,49,17,12,valence_classification,color_matching,matching,match_left,rächen,,negative,blue,✲✲✲✲faul✲✲✲✲,,negative,blue,0.4932,match,0.4538,0,0.4439,0.5796,62.139253183604204
4,946,50,17,12,valence_classification,color_matching,matching,match_left,schlau,,positive,blue,✲✲ehrlich✲✲✲,,positive,blue,0.4936,match,0.3677,0,0.4438,0.5795,62.12685178131065
4,947,51,17,12,valence_classification,color_matching,matching,match_left,ehrlich,,positive,blue,✲✲✲schlau✲✲✲,,positive,blue,0.4932,match,0.6138,0,0.4437,0.5794,62.114344006674806
4,948,52,17,12,valence_classification,color_matching,matching,match_left,fair,,positive,blue,✲✲ehrlich✲✲✲,,positive,blue,0.4932,match,0.5682,0,0.4436,0.5793,62.1017188163053
4,949,53,17,12,valence_classification,color_matching,matching,match_left,treu,,positive,brown,✲✲✲✲fair✲✲✲✲,,positive,brown,0.4932,match,0.5935,0,0.4435,0.5792,62.08896497319373
4,950,54,17,12,valence_classification,color_matching,matching,match_left,schlecht,,negative,blue,✲✲schroff✲✲✲,,negative,brown,0.4932,nonmatch,0.4858,0,0.4434,0.5791,62.076071028550615
4,951,55,17,12,valence_classification,color_matching,matching,match_left,treu,,positive,blue,✲✲✲loyal✲✲✲✲,,positive,brown,0.4933,nonmatch,0.4609,0,0.4433,0.579,62.06302530315622
4,952,56,17,12,valence_classification,color_matching,matching,match_left,treu,,positive,blue,✲✲✲lasch✲✲✲✲,,negative,brown,0.4932,match,0.4467,1,0.4432,0.5789,62.049815868180985
4,953,57,17,12,valence_classification,color_matching,matching,match_left,fair,,positive,brown,✲✲✲✲treu✲✲✲✲,,positive,blue,0.4933,match,0.3785,1,0.4435,0.5792,62.087195966822065
4,954,58,17,12,valence_classification,color_matching,matching,match_left,tot,,negative,blue,✲✲schlecht✲✲,,negative,brown,0.4932,nonmatch,0.4968,0,0.4437,0.5795,62.12310561983803
4,955,59,17,12,valence_classification,color_matching,matching,match_left,leiden,,negative,brown,✲✲schroff✲✲✲,,negative,blue,0.4932,nonmatch,0.5468,0,0.4436,0.5794,62.110673023039084
4,956,60,17,12,valence_classification,color_matching,matching,match_left,lasch,,negative,brown,✲✲✲loyal✲✲✲✲,,positive,blue,0.4932,nonmatch,0.4753,0,0.4436,0.5793,62.098120954876016
4,957,61,17,12,valence_classification,color_matching,matching,match_left,schön,,positive,brown,✲freundlich✲,,positive,blue,0.4932,nonmatch,0.4338,0,0.4435,0.5792,62.08543830084811
4,958,62,17,12,valence_classification,color_matching,matching,match_left,schroff,,negative,blue,✲✲✲lasch✲✲✲✲,,negative,brown,0.4932,nonmatch,0.5507,0,0.4434,0.5791,62.07261373361258
4,959,63,17,12,valence_classification,color_matching,matching,match_left,schlecht,,negative,blue,✲✲✲✲fair✲✲✲✲,,positive,brown,0.4932,nonmatch,0.4896,0,0.4433,0.579,62.059635694650815
4,960,64,17,12,valence_classification,color_matching,matching,match_left,treu,,positive,brown,✲✲✲✲tot✲✲✲✲✲,,negative,brown,0.4932,nonmatch,0.4246,1,0.4432,0.5789,62.0464923754073
